{"train/global_step":5,"_timestamp":1.7189764442690806e+09,"train/grad_norm":NaN,"train/epoch":6.965825659315398e-05,"_step":0,"train/loss":2.9548,"train/learning_rate":1.999888546789451e-05,"_runtime":4.368023,"_wandb":{"runtime":13}}