"Step","optimizer_name: adamw - train_loss","optimizer_name: adamw - train_loss__MIN","optimizer_name: adamw - train_loss__MAX","optimizer_name: nadam - train_loss","optimizer_name: nadam - train_loss__MIN","optimizer_name: nadam - train_loss__MAX","optimizer_name: adam - train_loss","optimizer_name: adam - train_loss__MIN","optimizer_name: adam - train_loss__MAX","optimizer_name: sgdm - train_loss","optimizer_name: sgdm - train_loss__MIN","optimizer_name: sgdm - train_loss__MAX","optimizer_name: sgd - train_loss","optimizer_name: sgd - train_loss__MIN","optimizer_name: sgd - train_loss__MAX"
"0","17.770576000213623","17.517324447631836","18.049272537231445","17.770576000213623","17.517324447631836","18.049272537231445","17.770576000213623","17.517324447631836","18.049272537231445","17.736897786458332","17.517324447631836","18.049272537231445","17.770576000213623","17.517324447631836","18.049272537231445"
"1","3.5652617812156677","3.420285701751709","3.7262439727783203","1.0650607645511627","1.0289026498794556","1.1129124164581299","3.566626727581024","3.4243202209472656","3.727053642272949","13.50783665974935","13.23867416381836","14.00979232788086","13.611019611358643","13.23867416381836","14.00979232788086"
"2","1.128539651632309","1.0978047847747803","1.1417275667190552","0.7338846027851105","0.6938005685806274","0.7633897066116333","1.126272201538086","1.0955942869186401","1.139579176902771","3.107618808746338","2.872898817062378","3.3410444259643555","5.6960227489471436","5.316690921783447","5.924018859863281"
"3","0.8204006105661392","0.7975997924804688","0.8376328945159912","0.40291599184274673","0.3929329216480255","0.411830872297287","0.8203052878379822","0.7970849871635437","0.8368403315544128","1.75238831837972","1.7423436641693115","1.7645561695098877","2.298525631427765","2.2095608711242676","2.4409945011138916"
"4","0.6022607535123825","0.5707824230194092","0.6222524642944336","0.3246186375617981","0.30930259823799133","0.3326380252838135","0.6022818386554718","0.5703716278076172","0.6228514909744263","1.72161066532135","1.670873761177063","1.7830915451049805","1.9685507118701935","1.917035460472107","2.01297664642334"
"5","0.4685213342308998","0.46171414852142334","0.47480905055999756","0.2981231361627579","0.2913062572479248","0.3017776310443878","0.46781545877456665","0.46048837900161743","0.47826313972473145","1.876153786977132","1.779632806777954","2.0016579627990723","1.8919325470924377","1.7888085842132568","2.0154943466186523"
"6","0.41534383594989777","0.3991134762763977","0.42385607957839966","0.27337805181741714","0.27018409967422485","0.27565205097198486","0.4212217479944229","0.39847394824028015","0.45309263467788696","2.0276248852411904","1.833502173423767","2.181568145751953","1.783580720424652","1.730374813079834","1.8336175680160522"
"7","0.40595871955156326","0.387376606464386","0.4236539602279663","0.2685162052512169","0.25720906257629395","0.2818668484687805","0.4030964747071266","0.3865974545478821","0.41594958305358887","2.1574947834014893","1.977393627166748","2.334329605102539","1.7459939420223236","1.7263824939727783","1.7697627544403076"
"8","0.3737041726708412","0.3685566186904907","0.38186728954315186","0.253104068338871","0.24880990386009216","0.2566840946674347","0.3728264570236206","0.36669397354125977","0.37826400995254517","2.2036288579305015","2.119204521179199","2.2670297622680664","1.731783002614975","1.7153725624084473","1.7448766231536865"
"9","0.35485510528087616","0.33900243043899536","0.36954373121261597","0.24103474617004395","0.23437997698783875","0.2521674335002899","0.3542626053094864","0.33901292085647583","0.3660508394241333","2.1482040882110596","2.0589747428894043","2.2158305644989014","1.7049186527729034","1.6783552169799805","1.7315549850463867"
"10","0.3610567972064018","0.3521054983139038","0.3656916320323944","0.2497960738837719","0.242323637008667","0.25501811504364014","0.3612116649746895","0.3524167239665985","0.36754274368286133","2.1320759455362954","2.012852191925049","2.200960874557495","1.6737777888774872","1.6441998481750488","1.6911133527755737"
"11","0.3444194495677948","0.3323177695274353","0.34942060708999634","0.23905031755566597","0.22442597150802612","0.24780945479869843","0.34525301307439804","0.3252947926521301","0.35549408197402954","2.1042328675587973","2.029768943786621","2.236827850341797","1.6307049095630646","1.6141445636749268","1.6647416353225708"
"12","0.3356436491012573","0.32497620582580566","0.3445903956890106","0.23579029366374016","0.2293626070022583","0.24652612209320068","0.3356165438890457","0.3259521424770355","0.340016633272171","2.0826065937678018","1.9709659814834595","2.2983336448669434","1.6858761310577393","1.6523761749267578","1.7319743633270264"
"13","0.3360321968793869","0.31746357679367065","0.36085259914398193","0.2358330897986889","0.221309632062912","0.2511995732784271","0.3353567197918892","0.3184660077095032","0.3590431213378906","1.9998586575190227","1.9104697704315186","2.1586484909057617","1.6007718443870544","1.580622911453247","1.6301448345184326"
"14","0.3108745515346527","0.3053293526172638","0.3178589940071106","0.21775542572140694","0.2129727602005005","0.22028309106826782","0.3109990134835243","0.30379244685173035","0.3187505602836609","1.8266243934631348","1.6020722389221191","2.136157989501953","1.54014390707016","1.5211238861083984","1.5533360242843628"
"15","0.31511785835027695","0.3028807044029236","0.3254295885562897","0.21953559294342995","0.20825275778770447","0.2308184802532196","0.314899280667305","0.30344608426094055","0.32307836413383484","1.927469253540039","1.6742470264434814","2.238881826400757","1.5988180041313171","1.5924690961837769","1.6033090353012085"
"16","0.3170998841524124","0.30626553297042847","0.32755428552627563","0.22308433428406715","0.20964360237121582","0.23900961875915527","0.3174179792404175","0.30737191438674927","0.327949196100235","1.7123770713806152","1.5427029132843018","1.9409537315368652","1.5290937721729279","1.51004958152771","1.5471744537353516"
"17","0.30179572105407715","0.2947660982608795","0.30889856815338135","0.2139793299138546","0.2019324004650116","0.2250978946685791","0.30221467465162277","0.29453587532043457","0.309963583946228","1.6421565612157185","1.4343171119689941","1.8487828969955444","1.452688753604889","1.425548791885376","1.4839483499526978"
"18","0.29784126579761505","0.28433430194854736","0.3059682846069336","0.21247988566756248","0.19942373037338257","0.2186867594718933","0.2981374263763428","0.2839328646659851","0.3064289093017578","1.6227726538976033","1.4876283407211304","1.7625977993011475","1.4867624640464783","1.477525234222412","1.4960275888442993"
"19","0.3029181808233261","0.2935029864311218","0.31564798951148987","0.2138618640601635","0.20590031147003174","0.22748221457004547","0.3028009608387947","0.2940213680267334","0.315787672996521","1.4795790513356526","1.4531445503234863","1.5277397632598877","1.5168680250644684","1.5076370239257812","1.5291922092437744"
"20","0.28586530685424805","0.2792472541332245","0.29495322704315186","0.20043247193098068","0.19471357762813568","0.20427963137626648","0.2860794737935066","0.27979180216789246","0.29568207263946533","1.3566703796386719","1.3117274045944214","1.39475417137146","1.4612973034381866","1.4500763416290283","1.4703569412231445"
"21","0.28038541227579117","0.27740707993507385","0.28366243839263916","0.19718658179044724","0.19349916279315948","0.20392397046089172","0.2806018590927124","0.2765745222568512","0.28433382511138916","1.33086359500885","1.2787470817565918","1.3900775909423828","1.4765000641345978","1.4635471105575562","1.4854658842086792"
"22","0.2858197093009949","0.2783958911895752","0.2990778684616089","0.19796311110258102","0.19056829810142517","0.20704814791679382","0.2861451879143715","0.2767464816570282","0.3006272315979004","1.2879531780878704","1.189847707748413","1.391662836074829","1.4758552312850952","1.4619638919830322","1.4865092039108276"
"23","0.27591442316770554","0.27286458015441895","0.28140097856521606","0.19738952815532684","0.19573816657066345","0.2013777792453766","0.2756505310535431","0.27282458543777466","0.28163427114486694","1.1599555015563965","1.0495392084121704","1.223116159439087","1.3620251715183258","1.3441200256347656","1.3885161876678467"
"24","0.26864349842071533","0.2578977942466736","0.28592321276664734","0.18937547504901886","0.17818860709667206","0.206335186958313","0.2684861645102501","0.2562301754951477","0.28596290946006775","1.1117589871088664","0.9579744338989258","1.1992223262786865","1.429193377494812","1.4111746549606323","1.4595081806182861"
"25","0.27312125265598297","0.26207733154296875","0.28194040060043335","0.1995939537882805","0.18928101658821106","0.20788975059986115","0.2735038250684738","0.2625594437122345","0.2825247347354889","1.0272022883097331","0.8943420648574829","1.127748966217041","1.4198902547359467","1.4026129245758057","1.4285295009613037"
"26","0.2761935219168663","0.2579098045825958","0.28982245922088623","0.19794117286801338","0.18373365700244904","0.20733609795570374","0.2765897363424301","0.25798922777175903","0.29285845160484314","0.9761253595352173","0.8360185623168945","1.0792169570922852","1.391853153705597","1.3801194429397583","1.4140238761901855"
"27","0.2673185095191002","0.2628098130226135","0.2721904218196869","0.19533822685480118","0.1902817338705063","0.200199156999588","0.2676827386021614","0.2647632360458374","0.27048537135124207","0.9514349301656088","0.8665657043457031","0.995047926902771","1.3627984821796417","1.3529760837554932","1.379560947418213"
"28","0.25827694311738014","0.24492628872394562","0.2741802930831909","0.18894433602690697","0.17395606637001038","0.20101843774318695","0.2585444301366806","0.24291092157363892","0.27691978216171265","0.90406866868337","0.7799148559570312","0.9738786220550537","1.363604187965393","1.3164985179901123","1.3963508605957031"
"29","0.25216808915138245","0.2405448853969574","0.26678135991096497","0.1890728697180748","0.17888960242271423","0.20169450342655182","0.2519904300570488","0.24031691253185272","0.26735395193099976","0.86913001537323","0.7456331253051758","0.9502712488174438","1.434058666229248","1.414811134338379","1.4588807821273804"
"30","0.24036596715450287","0.232791006565094","0.24779465794563293","0.1853504739701748","0.17883282899856567","0.1915472149848938","0.24061957746744156","0.23153923451900482","0.24782289564609528","0.7839384277661642","0.6919614672660828","0.8484323024749756","1.3550716042518616","1.345043659210205","1.3672986030578613"
"31","0.24792300164699554","0.23309728503227234","0.2585394084453583","0.19029812514781952","0.17655624449253082","0.20066922903060913","0.24786800891160965","0.23262174427509308","0.2604864835739136","0.7429942687352499","0.6811600923538208","0.7838645577430725","1.3095378875732422","1.2981376647949219","1.3295972347259521"
"32","0.2414517141878605","0.2270979881286621","0.2543691396713257","0.1839297004044056","0.17164696753025055","0.1956947296857834","0.2413029782474041","0.22521740198135376","0.2549365758895874","0.7204272150993347","0.6424074172973633","0.7761788368225098","1.293946236371994","1.2671401500701904","1.3099879026412964"
"33","0.24644964188337326","0.22963115572929382","0.2559046447277069","0.18858371302485466","0.17678433656692505","0.19563478231430054","0.24643676728010178","0.2300896942615509","0.25412672758102417","0.7120030124982198","0.6813485622406006","0.7529375553131104","1.2956171035766602","1.2803153991699219","1.3033839464187622"
"34","0.237429428845644","0.23219385743141174","0.24366934597492218","0.18673589825630188","0.17905555665493011","0.1893787831068039","0.2375541590154171","0.23324096202850342","0.24294106662273407","0.664701779683431","0.6084774732589722","0.7002599239349365","1.273103266954422","1.2605531215667725","1.2854841947555542"
"35","0.23846358433365822","0.22985002398490906","0.24746882915496826","0.18506167083978653","0.1788674294948578","0.19374758005142212","0.23838341981172562","0.22900789976119995","0.24758438766002655","0.6438443660736084","0.6315517425537109","0.665880024433136","1.3044969737529755","1.292711615562439","1.3195204734802246"
"36","0.22655900940299034","0.21595194935798645","0.23660673201084137","0.17952818050980568","0.16831044852733612","0.18895813822746277","0.22697659954428673","0.21518078446388245","0.23603574931621552","0.6049566864967346","0.5772169232368469","0.6306437849998474","1.2445086240768433","1.2172605991363525","1.266730546951294"
"37","0.24062061309814453","0.23033688962459564","0.25253522396087646","0.19114722311496735","0.18505461513996124","0.20051945745944977","0.24044806137681007","0.23049433529376984","0.2513620853424072","0.6359426180521647","0.6189858913421631","0.6516163945198059","1.257572591304779","1.2375415563583374","1.2729151248931885"
"38","0.22838418930768967","0.2234364151954651","0.23762384057044983","0.182023324072361","0.17526006698608398","0.1920815110206604","0.22870763018727303","0.22239290177822113","0.24009115993976593","0.6002429127693176","0.5875557661056519","0.6217829585075378","1.2471952140331268","1.2363463640213013","1.2528539896011353"
"39","0.22944718971848488","0.22676753997802734","0.2310381531715393","0.18813813850283623","0.18701250851154327","0.18974938988685608","0.22933795303106308","0.22637394070625305","0.23216210305690765","0.5781548817952474","0.5620783567428589","0.5907630324363708","1.1729093194007874","1.1704760789871216","1.1764485836029053"
"40","0.21944372355937958","0.21456709504127502","0.22274969518184662","0.17996161058545113","0.17479149997234344","0.18482568860054016","0.21962381154298782","0.2134634554386139","0.22319556772708893","0.5743846495946249","0.5443899631500244","0.5937034487724304","1.1657071113586426","1.1402380466461182","1.1901851892471313"
"41","0.22285812348127365","0.2184802144765854","0.22918421030044556","0.18465698510408401","0.1793818473815918","0.19262640178203583","0.22277763485908508","0.21976783871650696","0.22954422235488892","0.5577672918637594","0.5376516580581665","0.5780007243156433","1.1613256633281708","1.1448355913162231","1.1802864074707031"
"42","0.22764619067311287","0.21451237797737122","0.2405625283718109","0.18822865933179855","0.1732574701309204","0.20376574993133545","0.22758403420448303","0.21428710222244263","0.24066901206970215","0.5743032097816467","0.5410066246986389","0.6104764342308044","1.1960984766483307","1.1780155897140503","1.2188302278518677"
"43","0.21635795384645462","0.2025221586227417","0.22463688254356384","0.18223239108920097","0.17185524106025696","0.18758508563041687","0.21612969785928726","0.20233407616615295","0.22502733767032623","0.5296785831451416","0.5029271245002747","0.551487922668457","1.1416771411895752","1.1115479469299316","1.171626091003418"
"44","0.22008266299962997","0.20937463641166687","0.24027714133262634","0.1853465884923935","0.17245511710643768","0.2046661674976349","0.21984371915459633","0.21075597405433655","0.23964601755142212","0.5486601988474528","0.5387685298919678","0.5569615364074707","1.1548425555229187","1.137252688407898","1.1717523336410522"
"45","0.20842446759343147","0.19208720326423645","0.21668800711631775","0.17431830614805222","0.15777334570884705","0.18270525336265564","0.2083420753479004","0.1915469914674759","0.21740135550498962","0.5260652502377828","0.5058271884918213","0.5378563404083252","1.1310847699642181","1.1035183668136597","1.1503489017486572"
"46","0.21249043568968773","0.20476795732975006","0.2288898527622223","0.18016568943858147","0.1743328869342804","0.19557347893714905","0.2128516286611557","0.20424240827560425","0.22910548746585846","0.5384508371353149","0.5334488749504089","0.5417014360427856","1.1708377301692963","1.1508234739303589","1.1818755865097046"
"47","0.21154993772506714","0.2046681046485901","0.2234196662902832","0.18134501576423645","0.1736166775226593","0.1934714913368225","0.2116321586072445","0.20447829365730286","0.22353515028953552","0.5038784245649973","0.4984454810619354","0.5125143527984619","1.1028288900852203","1.0804224014282227","1.1152352094650269"
"48","0.20805304870009422","0.1906524896621704","0.23273514211177826","0.17853708192706108","0.1589215248823166","0.20360153913497925","0.20827197283506393","0.19110381603240967","0.23243677616119385","0.4940403799215953","0.4831988215446472","0.512998640537262","1.0663956701755524","1.0476512908935547","1.0839407444000244"
"49","0.21188611909747124","0.20204360783100128","0.22150586545467377","0.18239348009228706","0.1745695173740387","0.191921204328537","0.21194591000676155","0.2018607258796692","0.22187648713588715","0.5020027856032053","0.4984215795993805","0.5072451829910278","1.1232170462608337","1.1186856031417847","1.1274827718734741"
"50","0.20582202821969986","0.1948840618133545","0.22093477845191956","0.17806058749556541","0.1691025048494339","0.19054420292377472","0.2060498148202896","0.1950109899044037","0.22089260816574097","0.5121865272521973","0.47753822803497314","0.5361883640289307","1.1134364902973175","1.1015961170196533","1.1241841316223145"
"51","0.21334011480212212","0.20737582445144653","0.22165337204933167","0.1857343576848507","0.18028125166893005","0.1923670619726181","0.213307935744524","0.2077925205230713","0.22140920162200928","0.4993525544802348","0.4922988712787628","0.5118515491485596","1.014155164361","0.9972108006477356","1.0288993120193481"
"52","0.20871534571051598","0.2038593590259552","0.21921034157276154","0.18112773075699806","0.17580358684062958","0.1896354854106903","0.20867829024791718","0.2039657086133957","0.21902938187122345","0.505510409673055","0.49599963426589966","0.5184148550033569","1.0466366708278656","1.0358850955963135","1.0633633136749268"
"53","0.2162427417933941","0.20130310952663422","0.23556900024414062","0.18868406116962433","0.17468781769275665","0.20570853352546692","0.21646619960665703","0.20097395777702332","0.23622070252895355","0.5214909116427103","0.509380042552948","0.5339845418930054","1.0627678632736206","1.0542596578598022","1.072195291519165"
"54","0.20792419090867043","0.20032426714897156","0.2159751057624817","0.18067768961191177","0.17574164271354675","0.18644091486930847","0.20798885077238083","0.20083457231521606","0.21548393368721008","0.49170082807540894","0.47734326124191284","0.5026708245277405","1.0268486142158508","1.0139315128326416","1.041629433631897"
"55","0.20931728929281235","0.18979670107364655","0.23725555837154388","0.1844421811401844","0.16730862855911255","0.20969213545322418","0.20911775156855583","0.19011402130126953","0.23603656888008118","0.4939633111159007","0.47503265738487244","0.5035977363586426","0.9956088662147522","0.97478187084198","1.0279181003570557"
"56","0.21190755814313889","0.19974780082702637","0.2192162573337555","0.18810361623764038","0.17389380931854248","0.19631490111351013","0.2121651992201805","0.19962772727012634","0.2202966809272766","0.5034184654553732","0.495135635137558","0.5178852677345276","0.9532225877046585","0.949884295463562","0.9565870761871338"
"57","0.20022329315543175","0.19741904735565186","0.2049652636051178","0.17704207077622414","0.1727730631828308","0.18051593005657196","0.2004135213792324","0.19783495366573334","0.20485754311084747","0.489518682161967","0.4632039964199066","0.5077850818634033","0.9775840789079666","0.9462770223617554","0.9923771619796753"
"58","0.20065540447831154","0.18941092491149902","0.2066253274679184","0.17787756398320198","0.16687235236167908","0.18493394553661346","0.2007087543606758","0.18991222977638245","0.20687797665596008","0.4776172637939453","0.4581109881401062","0.4959380626678467","0.9723165929317474","0.9522172808647156","0.992048442363739"
"59","0.20371441543102264","0.1945715695619583","0.21123690903186798","0.181368138641119","0.17139145731925964","0.18943719565868378","0.20402682572603226","0.1938813328742981","0.21131138503551483","0.48488809665044147","0.4742116332054138","0.4908650815486908","0.9503204822540283","0.9401006102561951","0.964905858039856"
"60","0.20701561495661736","0.2010863721370697","0.21277955174446106","0.1835298202931881","0.17831435799598694","0.1926671713590622","0.20722274109721184","0.20150445401668549","0.21313701570034027","0.4706730047861735","0.45181357860565186","0.4857966899871826","0.9735739082098007","0.9616090655326843","0.9911291003227234"
"61","0.20262419059872627","0.19675861299037933","0.20631000399589539","0.17920221388339996","0.17316386103630066","0.181341752409935","0.2026797980070114","0.19704724848270416","0.20601648092269897","0.4854851961135864","0.45720237493515015","0.5093565583229065","0.9709087759256363","0.9496626853942871","0.9960351586341858"
"62","0.2032952681183815","0.19510702788829803","0.22366303205490112","0.18147758394479752","0.1734088808298111","0.20103123784065247","0.2034318819642067","0.19552046060562134","0.22348295152187347","0.4610293706258138","0.4326799511909485","0.48043572902679443","0.9143790155649185","0.8893070220947266","0.9345735311508179"
"63","0.20257505401968956","0.19311046600341797","0.20883502066135406","0.1799548864364624","0.1692287027835846","0.18745370209217072","0.20276989415287971","0.19333793222904205","0.20894919335842133","0.48326871792475384","0.4626888632774353","0.5013700127601624","0.8959255963563919","0.8857163786888123","0.9063853025436401"
"64","0.20412174984812737","0.18777340650558472","0.22021320462226868","0.18197981640696526","0.16663329303264618","0.19936412572860718","0.20446356385946274","0.18795247375965118","0.22056032717227936","0.47518189748128253","0.45055973529815674","0.5038909912109375","0.9054383188486099","0.8878365755081177","0.9227397441864014"
"65","0.20447535440325737","0.18855220079421997","0.21979235112667084","0.18297405913472176","0.16631117463111877","0.196875661611557","0.2047596573829651","0.18895690143108368","0.2198084592819214","0.4794632891813914","0.43520423769950867","0.5126469135284424","0.9276964366436005","0.9069026708602905","0.9475918412208557"
"66","0.1949365995824337","0.17733626067638397","0.2049649953842163","0.17643870040774345","0.15922200679779053","0.18582965433597565","0.19493023306131363","0.17716121673583984","0.2051762193441391","0.45867106318473816","0.438268780708313","0.47003400325775146","0.8762019127607346","0.8570570945739746","0.8938168287277222"
"67","0.19282057508826256","0.18824556469917297","0.20225660502910614","0.17276545241475105","0.16894403100013733","0.18125611543655396","0.19299732893705368","0.18853606283664703","0.20246407389640808","0.4537229736646016","0.4468509256839752","0.4670060873031616","0.8479184508323669","0.8147034645080566","0.860846757888794"
"68","0.19301167502999306","0.18579639494419098","0.20420336723327637","0.17463406175374985","0.16791261732578278","0.1855219453573227","0.19311628490686417","0.1857234537601471","0.20446868240833282","0.4679860273996989","0.453229695558548","0.47803395986557007","0.8533836603164673","0.8444890379905701","0.8658268451690674"
"69","0.19807136803865433","0.18865510821342468","0.20756784081459045","0.17882750555872917","0.17087556421756744","0.18713630735874176","0.1980668120086193","0.18821756541728973","0.20765410363674164","0.4574037492275238","0.4251469373703003","0.47912150621414185","0.8332716077566147","0.8062167167663574","0.8727502226829529"
"70","0.1957385540008545","0.19135819375514984","0.2017515003681183","0.17696722969412804","0.17287005484104156","0.18075597286224365","0.19612275436520576","0.19170473515987396","0.20220838487148285","0.45794423421223956","0.4316576421260834","0.472426176071167","0.8409739881753922","0.8214845657348633","0.8587497472763062"
"71","0.19286440312862396","0.18210595846176147","0.20093244314193726","0.1741177886724472","0.16487517952919006","0.18311114609241486","0.19294654577970505","0.18192154169082642","0.20121733844280243","0.43424367904663086","0.4160314202308655","0.45304858684539795","0.8364650756120682","0.8265892267227173","0.8602101802825928"
"72","0.1937185563147068","0.18720793724060059","0.20184260606765747","0.17307815328240395","0.16622939705848694","0.18261198699474335","0.19378026574850082","0.18719914555549622","0.20253579318523407","0.4668961664040883","0.42245912551879883","0.4927106201648712","0.8351095020771027","0.8141282200813293","0.8489359021186829"
"73","0.18944085761904716","0.18080666661262512","0.19870243966579437","0.17090775817632675","0.16273733973503113","0.17896665632724762","0.1895911917090416","0.18104088306427002","0.19873860478401184","0.44186248381932575","0.41005468368530273","0.4661126732826233","0.7739054560661316","0.7495704889297485","0.7868224382400513"
"74","0.1973475180566311","0.18122075498104095","0.21288593113422394","0.17973433062434196","0.1648363620042801","0.19566507637500763","0.1975925751030445","0.1814931035041809","0.21359214186668396","0.4503260850906372","0.43660280108451843","0.475659042596817","0.8015081882476807","0.792040228843689","0.8126795291900635"
"75","0.19048688188195229","0.17937228083610535","0.20181024074554443","0.17258042469620705","0.15930457413196564","0.18332746624946594","0.19046127423644066","0.1795322149991989","0.20188216865062714","0.442822406689326","0.4042200446128845","0.46277469396591187","0.7421262860298157","0.7179034948348999","0.7610523104667664"
"76","0.19202418997883797","0.18064016103744507","0.20364689826965332","0.17455370351672173","0.16308973729610443","0.1861620992422104","0.19241885095834732","0.18065498769283295","0.20442098379135132","0.44848163922627765","0.4211992621421814","0.4730150103569031","0.7456390708684921","0.7273029685020447","0.7578538060188293"
"77","0.1944347694516182","0.18580080568790436","0.1985986828804016","0.17768483608961105","0.17136789858341217","0.18168319761753082","0.19429096207022667","0.18583637475967407","0.19814683496952057","0.44064467151959735","0.4170321226119995","0.4647196829319","0.7896147072315216","0.782185435295105","0.8002546429634094"
"78","0.18542005866765976","0.17897775769233704","0.1969822347164154","0.1680922843515873","0.1626620590686798","0.17806687951087952","0.18568038195371628","0.17903897166252136","0.19698984920978546","0.4443564812342326","0.40336182713508606","0.4732617139816284","0.7864369750022888","0.7640695571899414","0.811720609664917"
"79","0.20348155871033669","0.18737715482711792","0.21482239663600922","0.18623095378279686","0.17074880003929138","0.19698943197727203","0.20379182696342468","0.18787553906440735","0.21503448486328125","0.44584328929583233","0.4245833456516266","0.47325193881988525","0.7493551522493362","0.7260048985481262","0.7851328253746033"
"80","0.18517110124230385","0.1815350353717804","0.19141758978366852","0.1700136661529541","0.1629621535539627","0.1787659078836441","0.1852233186364174","0.18136323988437653","0.19145430624485016","0.4437265495459239","0.4180872142314911","0.45995888113975525","0.7557751685380936","0.7496297359466553","0.7639364004135132"
"81","0.1976383961737156","0.18272393941879272","0.20549333095550537","0.18025805428624153","0.16834326088428497","0.18655124306678772","0.19756928458809853","0.1828913390636444","0.20520296692848206","0.44826950629552204","0.42461657524108887","0.481425940990448","0.7678481787443161","0.7563763856887817","0.7779617309570312"
"82","0.19452206790447235","0.18384426832199097","0.20772449672222137","0.1774320751428604","0.16541625559329987","0.18966452777385712","0.19463995844125748","0.1842518448829651","0.2079089879989624","0.4328143695990245","0.42044132947921753","0.44863417744636536","0.7032071501016617","0.6897258162498474","0.7151208519935608"
"83","0.185863696038723","0.17350797355175018","0.19608555734157562","0.16985933855175972","0.15826404094696045","0.17887134850025177","0.1859600655734539","0.1732734590768814","0.19629088044166565","0.43944939970970154","0.39477336406707764","0.47198551893234253","0.7303226143121719","0.7016812562942505","0.7567481994628906"
"84","0.1927957385778427","0.18485267460346222","0.204799622297287","0.17616109177470207","0.168207585811615","0.18688815832138062","0.19303952157497406","0.18482953310012817","0.2051597386598587","0.4355950156847636","0.4282628297805786","0.4410901665687561","0.6827710568904877","0.6776213645935059","0.6892199516296387"
"85","0.18760034069418907","0.17304727435112","0.20262682437896729","0.17213166132569313","0.15686820447444916","0.1893889158964157","0.18779560551047325","0.1732661873102188","0.2029116004705429","0.4228780468304952","0.3777284324169159","0.4480048418045044","0.6856630742549896","0.658229649066925","0.7136837840080261"
"86","0.18576351925730705","0.17606370151042938","0.19128714501857758","0.17012949287891388","0.1601243019104004","0.17482547461986542","0.1860436201095581","0.17621059715747833","0.1917460560798645","0.42476096749305725","0.400017112493515","0.45295536518096924","0.6516278237104416","0.6265039443969727","0.671957790851593"
"87","0.1914844922721386","0.1750219166278839","0.207463800907135","0.18339606747031212","0.1600908488035202","0.21234911680221558","0.19168341159820557","0.17507509887218475","0.20715928077697754","0.4296455979347229","0.39410847425460815","0.4803505539894104","0.6542385518550873","0.629150927066803","0.6873809695243835"
"88","0.19880924001336098","0.1882626712322235","0.20936144888401031","0.18719473108649254","0.1731334775686264","0.21292473375797272","0.19909467920660973","0.1883494257926941","0.209628626704216","0.44297775626182556","0.40209314227104187","0.480151504278183","0.6638823449611664","0.6375252604484558","0.6887364387512207"
"89","0.1898208037018776","0.1823802888393402","0.19709500670433044","0.17910609766840935","0.16826488077640533","0.1943073868751526","0.1899559274315834","0.1825070083141327","0.19698983430862427","0.4290959934393565","0.4013257324695587","0.4544726610183716","0.678088828921318","0.6717867851257324","0.6911837458610535"
"90","0.19302260130643845","0.18608182668685913","0.2014455795288086","0.18195577710866928","0.17332032322883606","0.19127234816551208","0.19337601214647293","0.1865876168012619","0.20166271924972534","0.44722265005111694","0.407451331615448","0.4828253984451294","0.7095145434141159","0.6946091651916504","0.7436830401420593"
"91","0.1934388056397438","0.18572483956813812","0.20142127573490143","0.17973600327968597","0.1707361787557602","0.187096506357193","0.19364511966705322","0.1860850751399994","0.20164817571640015","0.4383123517036438","0.41295379400253296","0.4625067710876465","0.6390964984893799","0.6353562474250793","0.6437017917633057"
"92","0.18420085310935974","0.16951745748519897","0.19375035166740417","0.16965676844120026","0.15443342924118042","0.17821934819221497","0.18441345915198326","0.1698189377784729","0.19418811798095703","0.43273569146792096","0.41713517904281616","0.45239707827568054","0.6187819838523865","0.6055506467819214","0.6313318014144897"
"93","0.190251886844635","0.1789013296365738","0.20050925016403198","0.1754244975745678","0.16806253790855408","0.18347665667533875","0.190560944378376","0.17917165160179138","0.20111221075057983","0.4360641340414683","0.41021963953971863","0.4523788094520569","0.6337076425552368","0.62659752368927","0.6464747786521912"
"94","0.18354983255267143","0.1730479896068573","0.19066627323627472","0.1692494861781597","0.16105137765407562","0.1760193556547165","0.18373453617095947","0.17326170206069946","0.1909714788198471","0.42417896787325543","0.3777269423007965","0.46732527017593384","0.6161384582519531","0.6058885455131531","0.6319854855537415"
"95","0.18491261824965477","0.17568695545196533","0.19076700508594513","0.17071029171347618","0.16370874643325806","0.17657843232154846","0.18530335649847984","0.17577451467514038","0.19147634506225586","0.4399782419204712","0.3947840929031372","0.4708867073059082","0.6485236436128616","0.6223115921020508","0.6824417114257812"
"96","0.18572662398219109","0.17799529433250427","0.19112099707126617","0.17254208400845528","0.16408833861351013","0.17664821445941925","0.18595721200108528","0.17863088846206665","0.19121819734573364","0.41823827226956684","0.37829384207725525","0.4440520405769348","0.6367148607969284","0.6218103170394897","0.6489657163619995"
"97","0.18736647441983223","0.17645390331745148","0.2005380094051361","0.17320210114121437","0.16373857855796814","0.18491750955581665","0.18748442083597183","0.1767502874135971","0.20049481093883514","0.42163971066474915","0.3925159275531769","0.44284215569496155","0.598466083407402","0.5813127756118774","0.6084521412849426"
"98","0.1907329298555851","0.1843908578157425","0.194088414311409","0.17681116610765457","0.17034389078617096","0.1797950714826584","0.19080739095807076","0.18443229794502258","0.19423773884773254","0.4346736470858256","0.39006754755973816","0.46321773529052734","0.6201237440109253","0.6015329360961914","0.6347076892852783"
"99","0.17848988622426987","0.16794322431087494","0.18945282697677612","0.165832731872797","0.15664610266685486","0.17689940333366394","0.17869902402162552","0.1679506003856659","0.1894451230764389","0.39860085646311444","0.36323726177215576","0.41660797595977783","0.5585693866014481","0.5308284759521484","0.5927552580833435"
"100","0.1813892014324665","0.17373256385326385","0.1879580020904541","0.16762801259756088","0.15998920798301697","0.1750616729259491","0.18147611245512962","0.17392808198928833","0.18767383694648743","0.407991498708725","0.3635023236274719","0.4338191747665405","0.5807333290576935","0.5665773749351501","0.5958291888237"
"101","0.19168297201395035","0.17240959405899048","0.19965803623199463","0.17744871973991394","0.15965639054775238","0.18624530732631683","0.19183330237865448","0.17271488904953003","0.19978627562522888","0.419689546028773","0.38088956475257874","0.44777724146842957","0.5734670162200928","0.5464766025543213","0.5875228643417358"
"102","0.1867194101214409","0.17179568111896515","0.20434989035129547","0.17305408418178558","0.15756550431251526","0.1893695890903473","0.18671102449297905","0.17189158499240875","0.20453298091888428","0.4228257139523824","0.3644008934497833","0.46687108278274536","0.5644869953393936","0.5379834175109863","0.5866022706031799"
"103","0.18427054211497307","0.17411476373672485","0.18992751836776733","0.17064927518367767","0.15917059779167175","0.175941601395607","0.18466884270310402","0.1741948425769806","0.19033460319042206","0.4075683653354645","0.3665933609008789","0.4340289235115051","0.5530081987380981","0.5263125896453857","0.5647754669189453"
"104","0.18753211945295334","0.1821775734424591","0.19221439957618713","0.17278747260570526","0.16655665636062622","0.17853637039661407","0.18698851019144058","0.18179814517498016","0.19265040755271912","0.42452264825503033","0.39256665110588074","0.4526304006576538","0.5732043534517288","0.554980993270874","0.6041430830955505"
"105","0.18476157635450363","0.1819821000099182","0.18838663399219513","0.17145773768424988","0.1675509512424469","0.17439045011997223","0.18501221016049385","0.1819935441017151","0.18861576914787292","0.41287822524706524","0.3788955807685852","0.4299525022506714","0.553560733795166","0.5473462343215942","0.5582593083381653"
"106","0.18355657160282135","0.1736656129360199","0.1909027248620987","0.170059721916914","0.15802206099033356","0.17827603220939636","0.18353013321757317","0.17319606244564056","0.19057714939117432","0.40118373433748883","0.3661384880542755","0.41879701614379883","0.5456579476594925","0.5368729829788208","0.5589799880981445"
"107","0.18455322831869125","0.17041033506393433","0.19212126731872559","0.17247791215777397","0.159866064786911","0.1790769398212433","0.18462588265538216","0.1701226681470871","0.19237561523914337","0.4242187937100728","0.37841475009918213","0.4648205637931824","0.5734249800443649","0.5538627505302429","0.5915948152542114"
"108","0.18542362749576569","0.1780071258544922","0.20263221859931946","0.1723535992205143","0.16466447710990906","0.19109956920146942","0.18554886803030968","0.17803993821144104","0.2030935287475586","0.4108665883541107","0.3656744360923767","0.43736737966537476","0.5408370643854141","0.5303881168365479","0.5622228980064392"
"109","0.19035134837031364","0.18351246416568756","0.20030412077903748","0.17700421065092087","0.170126274228096","0.18636903166770935","0.190525371581316","0.18418094515800476","0.2006300538778305","0.4241403341293335","0.386120468378067","0.45174098014831543","0.552497386932373","0.5414325594902039","0.5718546509742737"
"110","0.18879137933254242","0.17944204807281494","0.19463619589805603","0.17491575330495834","0.16632014513015747","0.1799626648426056","0.18883491307497025","0.18018171191215515","0.19487036764621735","0.4187093774477641","0.35795870423316956","0.4632647633552551","0.572303906083107","0.5637025237083435","0.5879189372062683"
"111","0.19714023172855377","0.18703162670135498","0.20659512281417847","0.18426306918263435","0.172858327627182","0.19571135938167572","0.19734834879636765","0.18743710219860077","0.20646321773529053","0.4216275115807851","0.372211217880249","0.44694867730140686","0.5445254445075989","0.541614294052124","0.5486034750938416"
"112","0.18593033775687218","0.17725473642349243","0.1958460807800293","0.17338553816080093","0.16578567028045654","0.18140244483947754","0.18594026565551758","0.17725422978401184","0.19639846682548523","0.4127301474412282","0.3823627233505249","0.43832483887672424","0.5353270769119263","0.523895263671875","0.5485016703605652"
"113","0.18738886341452599","0.1853639781475067","0.1889895796775818","0.17359216883778572","0.17107529938220978","0.1763286590576172","0.18722162395715714","0.185357928276062","0.1887594759464264","0.4154310425122579","0.3810381293296814","0.4426898956298828","0.5307027846574783","0.524280846118927","0.5378022193908691"
"114","0.18835435435175896","0.1821196973323822","0.19480380415916443","0.1736866869032383","0.16845564544200897","0.17866483330726624","0.18858817964792252","0.1819697767496109","0.19553515315055847","0.40951890746752423","0.36980485916137695","0.42964431643486023","0.5284466296434402","0.5116090774536133","0.5406308174133301"
"115","0.18077968433499336","0.16887283325195312","0.19197896122932434","0.168162040412426","0.15717467665672302","0.17920100688934326","0.1810283474624157","0.16964790225028992","0.1919190138578415","0.4026016891002655","0.35885271430015564","0.4280710518360138","0.5365549027919769","0.518059253692627","0.5622177720069885"
"116","0.17827431485056877","0.1727777123451233","0.18908502161502838","0.16595426201820374","0.1603676974773407","0.17581778764724731","0.17825129628181458","0.17245492339134216","0.18953529000282288","0.4050620198249817","0.38022691011428833","0.4217545986175537","0.508627787232399","0.4974783658981323","0.5218619108200073"
"117","0.18492132797837257","0.17161473631858826","0.19590365886688232","0.172958854585886","0.16043515503406525","0.18394207954406738","0.1849324032664299","0.171176940202713","0.19624347984790802","0.4138079384962718","0.3693653643131256","0.44024258852005005","0.533561572432518","0.5241352319717407","0.5395430326461792"
"118","0.17892318591475487","0.1640385240316391","0.18560495972633362","0.1662135049700737","0.1523197591304779","0.17349833250045776","0.17899581417441368","0.1640581339597702","0.18582838773727417","0.3913574516773224","0.35630983114242554","0.4132643938064575","0.5094595849514008","0.4975684881210327","0.5239223837852478"
"119","0.18830643966794014","0.18011057376861572","0.1938408464193344","0.17546264082193375","0.1665363758802414","0.1804637610912323","0.18834393844008446","0.18013347685337067","0.19335442781448364","0.4143141210079193","0.3684238791465759","0.43932849168777466","0.5156059861183167","0.5040128231048584","0.5305854082107544"
"120","0.18623434379696846","0.1791914850473404","0.19553391635417938","0.1738009788095951","0.16607894003391266","0.18238341808319092","0.1865178868174553","0.17932257056236267","0.1955529898405075","0.407302459081014","0.3668955862522125","0.4278571605682373","0.5279373079538345","0.5159381628036499","0.5382223129272461"
"121","0.18815192952752113","0.18247443437576294","0.19652509689331055","0.1764477603137493","0.17240890860557556","0.1832769215106964","0.18839708343148232","0.18228334188461304","0.1972203403711319","0.41408875584602356","0.3663172125816345","0.4447542130947113","0.5281602591276169","0.5182288885116577","0.539954662322998"
"122","0.19353221729397774","0.18212220072746277","0.20242176949977875","0.1822834610939026","0.1724531352519989","0.19007065892219543","0.1937207728624344","0.18221479654312134","0.2026413381099701","0.4154850443204244","0.3814571797847748","0.43321841955184937","0.4880414754152298","0.47638213634490967","0.49760884046554565"
"123","0.1852353997528553","0.1747780740261078","0.20086495578289032","0.17302478849887848","0.16093118488788605","0.18895967304706573","0.18561039492487907","0.17548781633377075","0.20118150115013123","0.4042019347349803","0.3762206733226776","0.4256805181503296","0.5216703116893768","0.5171529054641724","0.5320366024971008"
"124","0.18081031367182732","0.1610078513622284","0.1916392296552658","0.16881634294986725","0.14902839064598083","0.18018192052841187","0.18086858838796616","0.16024920344352722","0.19175337255001068","0.3990289370218913","0.3653213679790497","0.43386587500572205","0.5101889297366142","0.4957179129123688","0.5191055536270142"
"125","0.188155610114336","0.17848289012908936","0.19887462258338928","0.17590656876564026","0.16614434123039246","0.18578335642814636","0.1883619800209999","0.17866823077201843","0.1990278661251068","0.40857769052187604","0.36293646693229675","0.44696304202079773","0.4751701131463051","0.45076850056648254","0.49361854791641235"
"126","0.18851373717188835","0.17515549063682556","0.20146507024765015","0.175234604626894","0.16252562403678894","0.1880638301372528","0.18857723847031593","0.1754852682352066","0.20123779773712158","0.40055765708287555","0.34974589943885803","0.42860716581344604","0.5062008425593376","0.4837127923965454","0.5389648675918579"
"127","0.18153862282633781","0.17190170288085938","0.19166451692581177","0.16885653883218765","0.16228359937667847","0.17783261835575104","0.18171244114637375","0.1715238094329834","0.19158504903316498","0.38187403480211896","0.346508651971817","0.41697072982788086","0.47587714344263077","0.4605138301849365","0.48980775475502014"
"128","0.18018438294529915","0.17311568558216095","0.18817828595638275","0.16862230747938156","0.1634044051170349","0.17479705810546875","0.18011517450213432","0.17341051995754242","0.1880219280719757","0.39009182651837665","0.3426194190979004","0.4258835017681122","0.49619316309690475","0.48370394110679626","0.510542094707489"
"129","0.18299030512571335","0.1802588254213333","0.185235396027565","0.1703835316002369","0.168622225522995","0.17258794605731964","0.18314189463853836","0.18073052167892456","0.18548355996608734","0.38123088081677753","0.33940237760543823","0.4075917899608612","0.4630047157406807","0.4529099762439728","0.46972954273223877"
"130","0.18443187698721886","0.17740178108215332","0.18951629102230072","0.1716359630227089","0.16628047823905945","0.17550942301750183","0.18437925353646278","0.17755551636219025","0.18976394832134247","0.4021342396736145","0.34919098019599915","0.43051886558532715","0.47314706444740295","0.4651361405849457","0.4865206182003021"
"131","0.18717758730053902","0.17702347040176392","0.19690391421318054","0.17465798929333687","0.16337965428829193","0.1848359853029251","0.1873205415904522","0.17686182260513306","0.19697953760623932","0.40475274125734967","0.3580995500087738","0.4404461979866028","0.4788704589009285","0.46124178171157837","0.5059880018234253"
"132","0.1830671988427639","0.1725887507200241","0.20177969336509705","0.17129215598106384","0.16126404702663422","0.19093437492847443","0.18310798704624176","0.17263877391815186","0.20150327682495117","0.380786011616389","0.3471111059188843","0.4048142731189728","0.4573123827576637","0.4463590979576111","0.48337820172309875"
"133","0.17643681913614273","0.17326873540878296","0.18062053620815277","0.16432574018836021","0.15912581980228424","0.1696428805589676","0.1764572486281395","0.1733907163143158","0.180525541305542","0.3991922438144684","0.3522316515445709","0.43484920263290405","0.4815681204199791","0.4800204634666443","0.48364922404289246"
"134","0.18819698691368103","0.17976093292236328","0.20604155957698822","0.17635871097445488","0.16687411069869995","0.19344638288021088","0.18837102875113487","0.1801581084728241","0.20657312870025635","0.40452205141385394","0.3459262251853943","0.4587988257408142","0.4670674279332161","0.4508097469806671","0.4902653694152832"
"135","0.17896613478660583","0.17129060626029968","0.18921302258968353","0.16783226281404495","0.15968547761440277","0.17811881005764008","0.1790011040866375","0.17138177156448364","0.18926866352558136","0.39649005730946857","0.35453668236732483","0.42397427558898926","0.48019395768642426","0.4712543487548828","0.49714329838752747"
"136","0.1804758831858635","0.17231090366840363","0.19111664593219757","0.16896633803844452","0.1606319695711136","0.17946460843086243","0.18086886405944824","0.1723920702934265","0.19139984250068665","0.38151873151461285","0.34317106008529663","0.4062441885471344","0.43381863832473755","0.424489289522171","0.43890929222106934"
"137","0.18134484067559242","0.1668986976146698","0.1898041069507599","0.1694551222026348","0.15509763360023499","0.17791415750980377","0.18162887543439865","0.1672213077545166","0.19010530412197113","0.3946744402249654","0.3565671443939209","0.43168145418167114","0.46489593386650085","0.4502912163734436","0.4775407314300537"
"138","0.1800367496907711","0.17441238462924957","0.1862986832857132","0.1680426485836506","0.1614523082971573","0.17366263270378113","0.18002068996429443","0.17472411692142487","0.18491525948047638","0.40003421902656555","0.348336786031723","0.4328674376010895","0.46323002129793167","0.4516293704509735","0.47308462858200073"
"139","0.1836426630616188","0.17330509424209595","0.1927029937505722","0.1720854938030243","0.16161790490150452","0.1813271939754486","0.18368612602353096","0.1734723150730133","0.19275392591953278","0.4057379762331645","0.3630291521549225","0.4306953251361847","0.4814673364162445","0.4595600664615631","0.4980013370513916"
"141","0.1846689097583294","0.17603221535682678","0.18996654450893402","0.1735512986779213","0.16478532552719116","0.18055686354637146","0.18504676967859268","0.17610162496566772","0.1901894509792328","0.40632060170173645","0.36904406547546387","0.42736104130744934","0.4723609760403633","0.4677680730819702","0.4765338897705078"
"142","0.19126468151807785","0.178488090634346","0.1986747682094574","0.18021895363926888","0.16684052348136902","0.1877000778913498","0.19153672829270363","0.17856869101524353","0.19879432022571564","0.38393330574035645","0.3485475778579712","0.41877615451812744","0.4558687284588814","0.4348330795764923","0.4666721820831299"
"143","0.1870461255311966","0.17436683177947998","0.20653653144836426","0.17564485594630241","0.16231077909469604","0.19654422998428345","0.18716876953840256","0.17400164902210236","0.20648300647735596","0.3891936242580414","0.35586825013160706","0.4138820767402649","0.4602960869669914","0.4429209232330322","0.47725608944892883"
"144","0.18431853875517845","0.17698019742965698","0.19252686202526093","0.17276252806186676","0.16468769311904907","0.18200495839118958","0.18461115658283234","0.17785122990608215","0.1924600452184677","0.3927110731601715","0.34491443634033203","0.42399588227272034","0.44714178144931793","0.44071483612060547","0.45759066939353943"
"145","0.18629778176546097","0.18116877973079681","0.19147489964962006","0.1743919588625431","0.16889497637748718","0.18019205331802368","0.18631486967206","0.18102334439754486","0.19169187545776367","0.3915135860443115","0.3514896631240845","0.4185349941253662","0.456160806119442","0.4515911936759949","0.4601280391216278"
"146","0.1711384430527687","0.16791754961013794","0.17556700110435486","0.16070779040455818","0.15709319710731506","0.16384980082511902","0.171230036765337","0.16825735569000244","0.17493337392807007","0.38949652512868244","0.33548521995544434","0.41668862104415894","0.463498018682003","0.4527653455734253","0.4746273159980774"
"147","0.17681095004081726","0.17125359177589417","0.18263211846351624","0.1656780131161213","0.15912595391273499","0.17454229295253754","0.17696671187877655","0.17129474878311157","0.18281623721122742","0.3900180260340373","0.35801902413368225","0.4164120554924011","0.4533965587615967","0.4423969089984894","0.4637526869773865"
"148","0.1771191470324993","0.1749923676252365","0.17864954471588135","0.16671230271458626","0.16504080593585968","0.16791899502277374","0.17762280628085136","0.1760895848274231","0.1789732724428177","0.38699068625768024","0.34994491934776306","0.4129965305328369","0.4521893635392189","0.44398927688598633","0.46077272295951843"
"149","0.17247076332569122","0.16023774445056915","0.1858285814523697","0.16229363158345222","0.1498144268989563","0.17512282729148865","0.17279475182294846","0.16090840101242065","0.18609705567359924","0.369251807530721","0.3135644495487213","0.39952966570854187","0.4236564412713051","0.4005051851272583","0.43941161036491394"
"150","0.18595997989177704","0.1779821217060089","0.19658388197422028","0.1744079813361168","0.1668974757194519","0.1841564178466797","0.18608088791370392","0.17864182591438293","0.19665159285068512","0.39480552077293396","0.33840030431747437","0.4298563599586487","0.45160942524671555","0.4349859654903412","0.46395695209503174"
"151","0.187654260545969","0.18266429007053375","0.19547535479068756","0.17646535113453865","0.17058774828910828","0.18435288965702057","0.18760120123624802","0.1830238252878189","0.19537869095802307","0.39057014385859173","0.34939026832580566","0.4190637469291687","0.466913677752018","0.4597845673561096","0.4750366806983948"
"152","0.18328987434506416","0.17358379065990448","0.19387921690940857","0.17385610193014145","0.16289125382900238","0.18370531499385834","0.18370221927762032","0.17380546033382416","0.19403627514839172","0.38161041339238483","0.3364429473876953","0.4133144021034241","0.4504806697368622","0.4378417730331421","0.46279817819595337"
"153","0.18395449593663216","0.17857861518859863","0.19306813180446625","0.1736491098999977","0.167493537068367","0.184105783700943","0.18377671763300896","0.17845043540000916","0.1936129629611969","0.37181249260902405","0.33404025435447693","0.4008365273475647","0.435702346265316","0.4284375011920929","0.44924822449684143"
"154","0.18256979435682297","0.17846089601516724","0.18603430688381195","0.17139844223856926","0.16666024923324585","0.17412148416042328","0.1827259585261345","0.1786859929561615","0.18585354089736938","0.3944571912288666","0.3423440158367157","0.4298103451728821","0.4522342011332512","0.4320349097251892","0.46274057030677795"
"155","0.17971602827310562","0.16516201198101044","0.18601074814796448","0.17044871672987938","0.15627872943878174","0.1775941699743271","0.18000681698322296","0.16560611128807068","0.18564915657043457","0.3788219491640727","0.3305494785308838","0.4093865156173706","0.43078404664993286","0.41849571466445923","0.44453373551368713"
"156","0.18720310181379318","0.17529094219207764","0.1945601999759674","0.17647086828947067","0.16513291001319885","0.1841106116771698","0.18737221509218216","0.17548005282878876","0.19420845806598663","0.39078155159950256","0.3464813530445099","0.4173162579536438","0.43196868896484375","0.41895806789398193","0.43942469358444214"
"157","0.18310433253645897","0.17807455360889435","0.18974488973617554","0.1734575554728508","0.1685171127319336","0.18019041419029236","0.183382336050272","0.17862501740455627","0.18981210887432098","0.3838389019171397","0.34160467982292175","0.4184534549713135","0.4505951255559921","0.4425669014453888","0.4568271040916443"
"158","0.1727260947227478","0.16830672323703766","0.17650368809700012","0.16224510222673416","0.15848620235919952","0.16638067364692688","0.17290019989013672","0.16808366775512695","0.17674824595451355","0.37555138270060223","0.32232755422592163","0.4173405170440674","0.4404308423399925","0.4382172226905823","0.4435502886772156"
"159","0.1860906220972538","0.1772700548171997","0.19139018654823303","0.17587149515748024","0.16791361570358276","0.1792251467704773","0.1864493414759636","0.17758308351039886","0.19188085198402405","0.39348069826761883","0.35249847173690796","0.4210871458053589","0.455298975110054","0.44587957859039307","0.4616042971611023"
"160","0.17951438575983047","0.17194974422454834","0.18989741802215576","0.16899379342794418","0.16216887533664703","0.17858999967575073","0.17959102988243103","0.1720399409532547","0.19017168879508972","0.38504330317179364","0.3435235023498535","0.42033496499061584","0.4356575831770897","0.4264686405658722","0.444375216960907"
"161","0.18494993448257446","0.175817608833313","0.19076061248779297","0.1728169173002243","0.1647634208202362","0.17867392301559448","0.18503423407673836","0.17573432624340057","0.1911027580499649","0.3748802642027537","0.3281310200691223","0.4112902283668518","0.43513309210538864","0.42451488971710205","0.444854736328125"
"162","0.18037895113229752","0.16666661202907562","0.18731260299682617","0.17089015245437622","0.15472471714019775","0.1784701645374298","0.1806509979069233","0.16722187399864197","0.1876148283481598","0.37478206555048627","0.31904909014701843","0.41171008348464966","0.4467570185661316","0.4341559410095215","0.4619244933128357"
"163","0.17896853387355804","0.16887077689170837","0.1886058896780014","0.1683524250984192","0.15874990820884705","0.1793581247329712","0.17909357696771622","0.1687648445367813","0.189089834690094","0.3846413890520732","0.3495674133300781","0.4045669734477997","0.44345319271087646","0.4232957363128662","0.45373108983039856"
"164","0.17686252295970917","0.17217211425304413","0.18589919805526733","0.16663679853081703","0.16155794262886047","0.1749477982521057","0.17709730938076973","0.17253676056861877","0.18599948287010193","0.3714174727598826","0.3314383924007416","0.401255339384079","0.42124316096305847","0.41625267267227173","0.43105584383010864"
"165","0.18646426498889923","0.17845851182937622","0.19831188023090363","0.17629265785217285","0.16703388094902039","0.1884148120880127","0.1865752413868904","0.17900529503822327","0.19819870591163635","0.37564678986867267","0.3284066617488861","0.40517011284828186","0.4256642237305641","0.4150993227958679","0.438006728887558"
"166","0.17761223763227463","0.16886146366596222","0.18170411884784698","0.16746245324611664","0.15750174224376678","0.17121955752372742","0.17776905745267868","0.16897663474082947","0.18204791843891144","0.3847354054450989","0.34559541940689087","0.4099862575531006","0.43001897633075714","0.4191213846206665","0.43704819679260254"
"167","0.18096410483121872","0.15575948357582092","0.20088765025138855","0.17106357216835022","0.14727436006069183","0.18996378779411316","0.18124769255518913","0.1555454134941101","0.20140443742275238","0.36947497725486755","0.35700488090515137","0.39069223403930664","0.4225070923566818","0.3879918158054352","0.4557305574417114"
"168","0.17815257981419563","0.17467907071113586","0.1827969253063202","0.16684504598379135","0.16312795877456665","0.1704123467206955","0.17830291017889977","0.17461352050304413","0.1830323189496994","0.36683019002278644","0.3304993510246277","0.39656949043273926","0.4215843603014946","0.4160565137863159","0.42678481340408325"
"169","0.1777505911886692","0.1730065941810608","0.18461117148399353","0.16746614128351212","0.16148065030574799","0.17404380440711975","0.17789074778556824","0.17270693182945251","0.1849464476108551","0.36102981368700665","0.31432443857192993","0.3978804647922516","0.4110064432024956","0.3990459740161896","0.42096030712127686"
"170","0.18363391607999802","0.18007762730121613","0.19133225083351135","0.17313720285892487","0.1685212403535843","0.1810895800590515","0.18391265347599983","0.17988352477550507","0.1917298585176468","0.3800438145796458","0.3439580798149109","0.40369951725006104","0.4281935915350914","0.418998122215271","0.4430534839630127"
"171","0.17509012296795845","0.16314789652824402","0.19230574369430542","0.16551226004958153","0.15398454666137695","0.18139061331748962","0.17540395632386208","0.1633184254169464","0.19228443503379822","0.3836682935555776","0.329197496175766","0.41676563024520874","0.43127884715795517","0.41622477769851685","0.4552972614765167"
"172","0.1778944879770279","0.15665580332279205","0.19167876243591309","0.16790414974093437","0.14668713510036469","0.18312594294548035","0.17799346521496773","0.15679267048835754","0.19161123037338257","0.37178489565849304","0.33440011739730835","0.4050844609737396","0.41334861516952515","0.4026435315608978","0.4260214567184448"
"173","0.17338670417666435","0.16414858400821686","0.1775263398885727","0.16336501389741898","0.15624603629112244","0.1670347899198532","0.17359799519181252","0.16418159008026123","0.17773792147636414","0.3666881521542867","0.33261674642562866","0.40290379524230957","0.40378696471452713","0.3951384425163269","0.41749581694602966"
"174","0.18499170988798141","0.17615550756454468","0.19317205250263214","0.17617373168468475","0.1667500138282776","0.1855248361825943","0.18519574031233788","0.17644889652729034","0.1935182511806488","0.3741311530272166","0.31976795196533203","0.4019280672073364","0.416829451918602","0.4021930694580078","0.43070775270462036"
"175","0.1732664555311203","0.16517916321754456","0.18374218046665192","0.16311804577708244","0.15501950681209564","0.17309272289276123","0.1735507771372795","0.16537989675998688","0.18394321203231812","0.37925951679547626","0.32107892632484436","0.4295402765274048","0.4318389445543289","0.41151589155197144","0.46100080013275146"
"176","0.18216094374656677","0.17343740165233612","0.19103224575519562","0.17120802775025368","0.1620275378227234","0.17913314700126648","0.18250343203544617","0.17375783622264862","0.1912337839603424","0.3895198504130046","0.34057265520095825","0.4257376790046692","0.44086822122335434","0.4265623986721039","0.46373647451400757"
"177","0.1736077480018139","0.16733337938785553","0.1832716166973114","0.16374114900827408","0.1572188138961792","0.17349520325660706","0.17375797405838966","0.1672091782093048","0.1836448460817337","0.3710813522338867","0.33117765188217163","0.40390491485595703","0.42826200276613235","0.42353636026382446","0.432198703289032"
"178","0.17375092580914497","0.16151423752307892","0.18695035576820374","0.16410095989704132","0.15220142900943756","0.17800098657608032","0.17378948256373405","0.16155561804771423","0.18696066737174988","0.35600730776786804","0.3293536901473999","0.38087910413742065","0.40356285870075226","0.3920208811759949","0.4154267907142639"
"179","0.17846425995230675","0.17282843589782715","0.18282240629196167","0.16886738315224648","0.162680983543396","0.17214684188365936","0.17862312495708466","0.17313212156295776","0.18311022222042084","0.3753799796104431","0.3408215045928955","0.3954433798789978","0.42135039716959","0.41387465596199036","0.43251320719718933"
"180","0.19166960194706917","0.1835562288761139","0.20057086646556854","0.18170171976089478","0.17306147515773773","0.19024790823459625","0.19187232851982117","0.183467835187912","0.2007068693637848","0.38052159547805786","0.3285132050514221","0.4211887717247009","0.43177269399166107","0.4216136634349823","0.4480326473712921"
"181","0.17249814420938492","0.1602918803691864","0.18814717233181","0.1632409654557705","0.15154880285263062","0.17812906205654144","0.1728036254644394","0.16078217327594757","0.18806634843349457","0.35387249787648517","0.32117748260498047","0.3860761523246765","0.40718310326337814","0.3922830820083618","0.42949730157852173"
"182","0.18004849553108215","0.17336496710777283","0.1933543086051941","0.1704779826104641","0.16520090401172638","0.18280565738677979","0.18010279536247253","0.1736844778060913","0.19357164204120636","0.36986679832140607","0.32727909088134766","0.3932117819786072","0.403205506503582","0.3930623233318329","0.4163762927055359"
"183","0.1741221658885479","0.17062178254127502","0.17756715416908264","0.16479003429412842","0.16094142198562622","0.16631658375263214","0.17434117570519447","0.1705741584300995","0.17801913619041443","0.36045145988464355","0.31137728691101074","0.3980652093887329","0.40650808066129684","0.39131686091423035","0.42186254262924194"
"184","0.18153636902570724","0.17182084918022156","0.1914840191602707","0.17074963077902794","0.16273713111877441","0.17898310720920563","0.1817573495209217","0.1720544695854187","0.191705122590065","0.38225428263346356","0.33262890577316284","0.4308406114578247","0.4125923216342926","0.3963106870651245","0.4265938997268677"
"185","0.17699484527111053","0.17267049849033356","0.181072399020195","0.16767365857958794","0.16354680061340332","0.17035570740699768","0.17721319943666458","0.17314252257347107","0.18151327967643738","0.3735341529051463","0.3226970434188843","0.41359737515449524","0.4269969314336777","0.4186986982822418","0.4376927614212036"
"186","0.17429624497890472","0.16869789361953735","0.17886188626289368","0.16553715243935585","0.1598898321390152","0.17142733931541443","0.17468101531267166","0.16911831498146057","0.17911431193351746","0.36417608459790546","0.3177322745323181","0.38898175954818726","0.41275353729724884","0.4033433198928833","0.4215462803840637"
"187","0.17977290600538254","0.168460413813591","0.19791555404663086","0.17043675109744072","0.15952414274215698","0.187087744474411","0.17997783049941063","0.1687566339969635","0.1981787383556366","0.3698267340660095","0.3233499526977539","0.41872459650039673","0.4051683396100998","0.3968033790588379","0.4227794408798218"
"188","0.1809457764029503","0.17706561088562012","0.18520335853099823","0.1706228367984295","0.16835647821426392","0.17308923602104187","0.1809626966714859","0.17732538282871246","0.18526405096054077","0.3762192626794179","0.31921279430389404","0.4089815318584442","0.4193069040775299","0.407151997089386","0.4344393014907837"
"189","0.17257427796721458","0.16277089715003967","0.17660802602767944","0.16362926363945007","0.15377068519592285","0.16765983402729034","0.17279716953635216","0.16306953132152557","0.17703917622566223","0.3628327250480652","0.2999369502067566","0.40567508339881897","0.4012814089655876","0.3870140314102173","0.40741825103759766"
"190","0.1802111603319645","0.16751137375831604","0.18836922943592072","0.17108739912509918","0.1590200811624527","0.17881116271018982","0.18063180521130562","0.1680908203125","0.18847358226776123","0.37505243221918744","0.3234471380710602","0.4250580668449402","0.41013815999031067","0.3999117612838745","0.4183811545372009"
"191","0.17561714351177216","0.16970178484916687","0.18168950080871582","0.16591037437319756","0.16055640578269958","0.1724386215209961","0.17574413493275642","0.16964495182037354","0.1822754442691803","0.37103913227717084","0.3233257532119751","0.40361714363098145","0.4115063101053238","0.3974873125553131","0.42625266313552856"
"192","0.18609800189733505","0.15946617722511292","0.21728113293647766","0.17712568491697311","0.15024714171886444","0.2087787389755249","0.18632124736905098","0.15973930060863495","0.21763035655021667","0.38042425115903217","0.37261611223220825","0.3934789299964905","0.4089842736721039","0.36945343017578125","0.4529392421245575"
"193","0.17863792181015015","0.16844676434993744","0.18753089010715485","0.16992156952619553","0.16005609929561615","0.17843349277973175","0.17898787930607796","0.16883258521556854","0.1881413757801056","0.3717469771703084","0.33096742630004883","0.41985008120536804","0.4162348583340645","0.4087631404399872","0.4332851767539978"
"194","0.17792201787233353","0.1720786839723587","0.18676024675369263","0.16896607354283333","0.16265477240085602","0.17556479573249817","0.1782972700893879","0.17267966270446777","0.18735775351524353","0.36600858966509503","0.3254498541355133","0.3980478048324585","0.39592037349939346","0.3911556899547577","0.4010019898414612"
"195","0.17921586707234383","0.16854512691497803","0.1923179030418396","0.16996747627854347","0.15990790724754333","0.18426251411437988","0.1794993355870247","0.1683366745710373","0.19251705706119537","0.35758472482363385","0.309406042098999","0.3829088509082794","0.3827401027083397","0.3672378659248352","0.40237101912498474"
"196","0.17582134902477264","0.16744732856750488","0.18561173975467682","0.1672898679971695","0.15753509104251862","0.17799213528633118","0.17597130313515663","0.16798076033592224","0.18592913448810577","0.36474576592445374","0.33549249172210693","0.38609111309051514","0.4123980179429054","0.4056304097175598","0.42095595598220825"
"197","0.1747051402926445","0.16856509447097778","0.18283511698246002","0.16593286395072937","0.15950968861579895","0.17340880632400513","0.17507270351052284","0.16935838758945465","0.18303462862968445","0.35512395699818927","0.30748844146728516","0.3809753358364105","0.398250550031662","0.38450175523757935","0.41126197576522827"
"198","0.1685424968600273","0.16499975323677063","0.1735266000032425","0.1599470116198063","0.15544556081295013","0.1659366488456726","0.16908305138349533","0.16550326347351074","0.17418642342090607","0.34323228398958844","0.3069835305213928","0.3662765622138977","0.3808983340859413","0.3792130947113037","0.3847009837627411"
"199","0.17869751527905464","0.1738746464252472","0.18395143747329712","0.16921938583254814","0.16550099849700928","0.17519916594028473","0.17911655455827713","0.174102783203125","0.18373212218284607","0.37712013721466064","0.33049100637435913","0.412523090839386","0.4129357412457466","0.3950609266757965","0.4244658052921295"
"200","0.17941251769661903","0.16676633059978485","0.1905107945203781","0.17099343612790108","0.15891912579536438","0.18128743767738342","0.17984497919678688","0.16763556003570557","0.19104166328907013","0.3615785737832387","0.33600571751594543","0.37571775913238525","0.40978479385375977","0.3909456133842468","0.4265751540660858"
"201","0.1728077530860901","0.165805846452713","0.18358422815799713","0.16421155259013176","0.15696588158607483","0.17554643750190735","0.17316419631242752","0.16624507308006287","0.18419325351715088","0.36786391337712604","0.3441520631313324","0.38653209805488586","0.40013227611780167","0.3871057629585266","0.41364747285842896"
"202","0.1768181324005127","0.167464479804039","0.1827591508626938","0.16730134934186935","0.15746454894542694","0.17423927783966064","0.17714162543416023","0.1675938218832016","0.18326646089553833","0.3711518545945485","0.33824411034584045","0.40800878405570984","0.4097892493009567","0.4014940857887268","0.4137023389339447"
"203","0.17739809304475784","0.1724635809659958","0.18333522975444794","0.1682509183883667","0.16273364424705505","0.17486265301704407","0.17770490050315857","0.1721426099538803","0.18418803811073303","0.35080255071322125","0.3073822259902954","0.38229769468307495","0.4052214100956917","0.40013301372528076","0.41299256682395935"
"204","0.17522894218564034","0.15865543484687805","0.18670831620693207","0.16685687005519867","0.15150178968906403","0.17889142036437988","0.17569496855139732","0.1585770547389984","0.18699215352535248","0.35252998272577923","0.3275647759437561","0.3834441006183624","0.3956178054213524","0.3704357147216797","0.4152756631374359"
"205","0.17754319310188293","0.16796468198299408","0.19190511107444763","0.16930339485406876","0.15995030105113983","0.18226808309555054","0.1778528355062008","0.1689310073852539","0.1920326054096222","0.3700597683588664","0.3221263885498047","0.40131306648254395","0.39098308980464935","0.3843742907047272","0.4090069532394409"
"206","0.16686851903796196","0.16243936121463776","0.1702963262796402","0.1585789918899536","0.15443073213100433","0.16258539259433746","0.16721072793006897","0.16306360065937042","0.17046262323856354","0.3613050580024719","0.31637510657310486","0.39218947291374207","0.40325986593961716","0.3980291187763214","0.4101826250553131"
"207","0.17471731826663017","0.1607646644115448","0.19272762537002563","0.1655077114701271","0.15018388628959656","0.1837986260652542","0.17526930198073387","0.16209638118743896","0.19311779737472534","0.3593307435512543","0.3277144432067871","0.37669408321380615","0.40034692734479904","0.38387709856033325","0.42241454124450684"
"208","0.17761937901377678","0.1740340143442154","0.18093086779117584","0.1689329892396927","0.16550558805465698","0.17219072580337524","0.17788788303732872","0.1744099110364914","0.18084952235221863","0.36388224363327026","0.32991403341293335","0.3879219889640808","0.3980592414736748","0.3906101882457733","0.4087129831314087"
"209","0.17433523014187813","0.15595340728759766","0.18556490540504456","0.16518374904990196","0.148005872964859","0.1748732626438141","0.17469288036227226","0.15576550364494324","0.1866268664598465","0.3565824826558431","0.32162711024284363","0.39731350541114807","0.4000198617577553","0.3833388388156891","0.4126339554786682"
"210","0.17859429493546486","0.16642166674137115","0.18860606849193573","0.17043109983205795","0.1579689383506775","0.1816302388906479","0.1791805773973465","0.16661293804645538","0.1904793381690979","0.3592464526494344","0.322477251291275","0.40295255184173584","0.4009523391723633","0.3892580270767212","0.4141601026058197"
"211","0.1812671571969986","0.1674802303314209","0.19559141993522644","0.17251025512814522","0.1591336578130722","0.18740242719650269","0.18185285478830338","0.1677296757698059","0.1960030049085617","0.3637888431549072","0.33149105310440063","0.4012269377708435","0.39147429168224335","0.3835635185241699","0.40104931592941284"
"212","0.1794157326221466","0.17138531804084778","0.18739905953407288","0.17094197496771812","0.16511335968971252","0.1792929768562317","0.17992393299937248","0.17163127660751343","0.18739622831344604","0.3696695566177368","0.3168288469314575","0.4040873050689697","0.4104425087571144","0.4069223999977112","0.4142824411392212"
"213","0.18217430636286736","0.17137016355991364","0.18850120902061462","0.1739172711968422","0.16375330090522766","0.18128974735736847","0.1824374496936798","0.17201921343803406","0.1888481080532074","0.3696072995662689","0.3174677789211273","0.40479227900505066","0.42782312631607056","0.4099215865135193","0.44518694281578064"
"214","0.17417089268565178","0.1720878630876541","0.17796140909194946","0.16595381125807762","0.16348351538181305","0.17108988761901855","0.17469128221273422","0.17225350439548492","0.17813366651535034","0.34447234869003296","0.3114951252937317","0.37591010332107544","0.3694862872362137","0.3628019094467163","0.378385990858078"
"215","0.1766439899802208","0.1697281450033188","0.1870458573102951","0.1676418073475361","0.16171075403690338","0.17573320865631104","0.17700129747390747","0.1698303520679474","0.18861016631126404","0.3516144057114919","0.31023234128952026","0.39709383249282837","0.38191069662570953","0.37111374735832214","0.39889973402023315"
"216","0.17470157518982887","0.167555034160614","0.1865265965461731","0.16596493870019913","0.1596628725528717","0.1772165298461914","0.1749943271279335","0.16772925853729248","0.1866709142923355","0.35929616292317706","0.33766549825668335","0.3817695379257202","0.4045020192861557","0.3927921652793884","0.41836071014404297"
"217","0.16840926185250282","0.1550431102514267","0.18088901042938232","0.15918207168579102","0.145369753241539","0.1707020103931427","0.16865630075335503","0.1548125147819519","0.18157079815864563","0.3570649524529775","0.30644020438194275","0.4016335606575012","0.3953165262937546","0.37737393379211426","0.41358107328414917"
"218","0.1822182983160019","0.16802459955215454","0.19496801495552063","0.17381688952445984","0.15889045596122742","0.18679505586624146","0.18276166543364525","0.16988706588745117","0.19518886506557465","0.3610769212245941","0.3161828815937042","0.3844709098339081","0.3921114206314087","0.37713783979415894","0.40516728162765503"
"219","0.17826225236058235","0.171614408493042","0.18697960674762726","0.17026719078421593","0.16324707865715027","0.18036812543869019","0.1788589060306549","0.17181268334388733","0.1874772310256958","0.3496302664279938","0.3179246783256531","0.3793048560619354","0.38182348012924194","0.37272223830223083","0.38943803310394287"
"220","0.17513050138950348","0.16569872200489044","0.18267035484313965","0.1667589209973812","0.1575499325990677","0.17375995218753815","0.17576239630579948","0.166352778673172","0.18291756510734558","0.3512425124645233","0.317573606967926","0.3836919069290161","0.38783279061317444","0.3786843717098236","0.39470046758651733"
"221","0.1806134544312954","0.1756162941455841","0.188390851020813","0.1717376410961151","0.16602373123168945","0.18039239943027496","0.1810687519609928","0.1770697981119156","0.18863579630851746","0.35067131121953327","0.3119004964828491","0.3701748251914978","0.3870605081319809","0.37834277749061584","0.4018852114677429"
"222","0.18163004890084267","0.16769328713417053","0.18865258991718292","0.17394927516579628","0.15941454470157623","0.18053452670574188","0.1823904663324356","0.168122798204422","0.19047944247722626","0.36273213227589923","0.3210233151912689","0.40364745259284973","0.3977818191051483","0.38828837871551514","0.4062288999557495"
"223","0.17536595091223717","0.17096519470214844","0.17810934782028198","0.16771813109517097","0.16392207145690918","0.17188571393489838","0.1757407858967781","0.17101146280765533","0.17825375497341156","0.3510160446166992","0.3164938688278198","0.3847583532333374","0.3847721144556999","0.3717576265335083","0.3938162326812744"
"224","0.17048246785998344","0.16242533922195435","0.18105515837669373","0.1623525321483612","0.15304285287857056","0.17279742658138275","0.17094866558909416","0.16364187002182007","0.1812964379787445","0.3394310772418976","0.3075428009033203","0.3624301850795746","0.36080964654684067","0.35583409667015076","0.3674514889717102"
"225","0.17777041718363762","0.16339516639709473","0.19028931856155396","0.16933023557066917","0.15545020997524261","0.18176445364952087","0.17844153195619583","0.1638198345899582","0.19115963578224182","0.35811888178189594","0.3230212330818176","0.38627782464027405","0.38768498599529266","0.3706483840942383","0.3939663767814636"
"226","0.17638490721583366","0.17435625195503235","0.1805482804775238","0.1679788902401924","0.1658042073249817","0.17194780707359314","0.17667818814516068","0.1750175654888153","0.18070371448993683","0.34963106115659076","0.30481934547424316","0.3790583610534668","0.38587311655282974","0.37387457489967346","0.3912852108478546"
"227","0.17452089861035347","0.1703842282295227","0.17740905284881592","0.16736625134944916","0.16284319758415222","0.1724843531847","0.17503812909126282","0.17036759853363037","0.17874833941459656","0.3556728959083557","0.30662378668785095","0.38905054330825806","0.38583070784807205","0.37606000900268555","0.39564210176467896"
"228","0.17214589938521385","0.1662103831768036","0.17815902829170227","0.1644514538347721","0.15777002274990082","0.17026501893997192","0.17265823483467102","0.16717825829982758","0.17831996083259583","0.3403787910938263","0.29846030473709106","0.3668292164802551","0.3738970309495926","0.366752028465271","0.3804625868797302"
"229","0.17448284849524498","0.16491682827472687","0.18315017223358154","0.16581357643008232","0.15612655878067017","0.17501957714557648","0.17481069639325142","0.16543278098106384","0.18324026465415955","0.3489560882250468","0.3077990412712097","0.3848920166492462","0.3921753913164139","0.38572120666503906","0.4024735987186432"
"230","0.17024043202400208","0.16937148571014404","0.17154034972190857","0.16218478977680206","0.16055941581726074","0.16458868980407715","0.17058905959129333","0.1697201281785965","0.17163774371147156","0.34695950150489807","0.3091265559196472","0.37652596831321716","0.3789554312825203","0.3751835823059082","0.38780900835990906"
"231","0.18212412670254707","0.17101578414440155","0.18784712255001068","0.17435739189386368","0.1624901443719864","0.18048161268234253","0.1823968142271042","0.17128399014472961","0.18814580142498016","0.36029767990112305","0.32214921712875366","0.3819320499897003","0.3973288759589195","0.38984084129333496","0.4011227786540985"
"232","0.175111286342144","0.17198452353477478","0.18056388199329376","0.16696013137698174","0.16337400674819946","0.17023293673992157","0.1753852292895317","0.17234304547309875","0.1805703192949295","0.34099578857421875","0.29226288199424744","0.3865169882774353","0.37865786999464035","0.3711528182029724","0.38787755370140076"
"233","0.17600853741168976","0.16063188016414642","0.19090816378593445","0.1679442599415779","0.1529078185558319","0.17977750301361084","0.17637492343783379","0.160603865981102","0.19186656177043915","0.3499625225861867","0.3163495659828186","0.39396971464157104","0.369080513715744","0.3447692394256592","0.39010679721832275"
"234","0.17488965764641762","0.15832000970840454","0.18116143345832825","0.16633182391524315","0.15008306503295898","0.1721995770931244","0.17543122172355652","0.15845544636249542","0.18267138302326202","0.3628528316815694","0.31899553537368774","0.3899896740913391","0.38887129724025726","0.365700900554657","0.40525466203689575"
"235","0.17446091026067734","0.16628685593605042","0.18641337752342224","0.16691086441278458","0.15743523836135864","0.17856267094612122","0.17466600984334946","0.16666097939014435","0.18625999987125397","0.3416643838087718","0.3079306483268738","0.36416518688201904","0.38407017290592194","0.3748139441013336","0.3963504433631897"
"236","0.17972324416041374","0.17549090087413788","0.19024167954921722","0.17249736189842224","0.16768471896648407","0.18325269222259521","0.18001722544431686","0.17573709785938263","0.19137054681777954","0.35366812348365784","0.3056638240814209","0.40467309951782227","0.383598729968071","0.3733900189399719","0.3977593779563904"
"237","0.17460164800286293","0.16834253072738647","0.17910230159759521","0.1661868914961815","0.15965184569358826","0.17107239365577698","0.17481160163879395","0.1682654321193695","0.1792490929365158","0.34317106008529663","0.3008981943130493","0.3762866258621216","0.3798256516456604","0.371002197265625","0.38679420948028564"
"238","0.17157238349318504","0.16156034171581268","0.17999392747879028","0.16418185085058212","0.15358883142471313","0.17480477690696716","0.17197183147072792","0.16162599623203278","0.18058839440345764","0.3499176800251007","0.2959998548030853","0.39030635356903076","0.388264998793602","0.37227699160575867","0.39551836252212524"
"239","0.17420415207743645","0.16213379800319672","0.18866154551506042","0.16568665206432343","0.15178681910037994","0.18046815693378448","0.17459992691874504","0.16242676973342896","0.189640074968338","0.3553493122259776","0.3035702109336853","0.3901047110557556","0.37964893877506256","0.369684100151062","0.3957246243953705"
"240","0.1745191141963005","0.16823256015777588","0.17874623835086823","0.166687473654747","0.16047637164592743","0.17085924744606018","0.1748516783118248","0.1681937575340271","0.1794838160276413","0.3457663158575694","0.30436277389526367","0.37947607040405273","0.3896557092666626","0.387280136346817","0.3912174701690674"
"241","0.17455169931054115","0.16588157415390015","0.18433788418769836","0.16697361692786217","0.15748727321624756","0.17714130878448486","0.17500779405236244","0.16642649471759796","0.18518155813217163","0.3478690981864929","0.2948513925075531","0.3970906734466553","0.3731756657361984","0.3683616518974304","0.3849804103374481"
"242","0.17232037335634232","0.16644351184368134","0.17867521941661835","0.1636791080236435","0.15743763744831085","0.1698736697435379","0.17270014807581902","0.16658172011375427","0.17896269261837006","0.34024017055829364","0.3062913417816162","0.37205296754837036","0.3682452514767647","0.35979223251342773","0.3737950623035431"
"243","0.17076540738344193","0.16083794832229614","0.1851346790790558","0.1626344472169876","0.15213842689990997","0.17757384479045868","0.17100858315825462","0.16047397255897522","0.18507400155067444","0.3442431688308716","0.299210786819458","0.36908119916915894","0.3795373737812042","0.3616052269935608","0.39789441227912903"
"244","0.17458147928118706","0.16220921277999878","0.1854272484779358","0.16714419424533844","0.1551016867160797","0.17914581298828125","0.17471005395054817","0.162549689412117","0.18550917506217957","0.3421555757522583","0.29557690024375916","0.3937830626964569","0.3732146620750427","0.35716480016708374","0.3906594514846802"
"245","0.1684774048626423","0.16383469104766846","0.17291326820850372","0.16063712909817696","0.1566215604543686","0.16525878012180328","0.1685345396399498","0.1638881117105484","0.17257769405841827","0.3375310997168223","0.29865869879722595","0.37213021516799927","0.3799136206507683","0.36963799595832825","0.3867332935333252"
"246","0.17478802055120468","0.16715994477272034","0.18376870453357697","0.16671602427959442","0.15789753198623657","0.17583274841308594","0.1751408837735653","0.1674303114414215","0.18395283818244934","0.35401348272959393","0.30376186966896057","0.3793722093105316","0.3865552172064781","0.37630215287208557","0.4007470905780792"
"247","0.16892732679843903","0.15731173753738403","0.18393239378929138","0.16162098571658134","0.15024599432945251","0.1766640841960907","0.16942954063415527","0.15801292657852173","0.18403911590576172","0.3446334997812907","0.32564669847488403","0.3709295392036438","0.3751392215490341","0.3667488992214203","0.38739657402038574"
"248","0.16930843889713287","0.16219481825828552","0.1787227839231491","0.16216803714632988","0.1563357710838318","0.17125554382801056","0.1695726290345192","0.16245797276496887","0.17869654297828674","0.3427286545435588","0.29495787620544434","0.3771645128726959","0.3774311766028404","0.36523741483688354","0.38492321968078613"
"249","0.18322861939668655","0.1661313772201538","0.19457466900348663","0.17492126300930977","0.15787313878536224","0.1860034465789795","0.18349457904696465","0.16636057198047638","0.194944828748703","0.35237054030100506","0.29258662462234497","0.39762336015701294","0.39798693358898163","0.3694886267185211","0.4195399582386017"
"250","0.16703734546899796","0.15598300099372864","0.1785343885421753","0.15941201522946358","0.14743976294994354","0.17167000472545624","0.16742173582315445","0.15662354230880737","0.1789064258337021","0.3367249270280202","0.2902584969997406","0.370524525642395","0.35599154978990555","0.3502681255340576","0.36149317026138306"
"251","0.17314710468053818","0.1556444764137268","0.18268649280071259","0.16622339561581612","0.15041089057922363","0.17579950392246246","0.17347795516252518","0.15614792704582214","0.18303239345550537","0.34519679347674054","0.28670722246170044","0.3868161141872406","0.37618958204984665","0.35560858249664307","0.3884381055831909"
"252","0.17659054696559906","0.17057771980762482","0.18380483984947205","0.1681024134159088","0.16171815991401672","0.1762053370475769","0.17708654329180717","0.17111310362815857","0.18409201502799988","0.34190959731737774","0.30166149139404297","0.3735758364200592","0.3686683848500252","0.36177343130111694","0.3740938901901245"
"253","0.1710001938045025","0.16203635931015015","0.18095651268959045","0.16348125040531158","0.15502437949180603","0.17188626527786255","0.17129383608698845","0.16274794936180115","0.18084004521369934","0.33230557044347125","0.28804075717926025","0.36387503147125244","0.35781479626893997","0.34725797176361084","0.3663806915283203"
"254","0.1768910102546215","0.1695498675107956","0.18411213159561157","0.16899394616484642","0.16183900833129883","0.17664378881454468","0.17723331972956657","0.16942982375621796","0.1839720904827118","0.35717956225077313","0.3165765106678009","0.39919933676719666","0.3786988630890846","0.3730742931365967","0.3845154643058777"
"255","0.16999958828091621","0.16813476383686066","0.17367418110370636","0.1627173237502575","0.16034354269504547","0.16533398628234863","0.1705200895667076","0.1684029996395111","0.17490047216415405","0.3399348755677541","0.29719090461730957","0.3787630796432495","0.36626607179641724","0.3604360520839691","0.37191343307495117"
"256","0.1670014150440693","0.15813711285591125","0.17714190483093262","0.15963978320360184","0.15106679499149323","0.16954544186592102","0.1672237478196621","0.15857699513435364","0.177342027425766","0.3370665907859802","0.2859269678592682","0.3894701898097992","0.3705001026391983","0.36287766695022583","0.3855791985988617"
"257","0.17772670090198517","0.17108182609081268","0.19073349237442017","0.1707523688673973","0.16360586881637573","0.18239185214042664","0.17804121226072311","0.17142397165298462","0.19090834259986877","0.3513891597588857","0.3081497848033905","0.3945304751396179","0.3786167949438095","0.3668361306190491","0.3905694782733917"
"258","0.17314456030726433","0.1657831370830536","0.18035688996315002","0.1659199818968773","0.15807491540908813","0.172342449426651","0.1732773333787918","0.16625170409679413","0.1804925501346588","0.32974132895469666","0.286724328994751","0.36784303188323975","0.3633352890610695","0.3575807809829712","0.36929094791412354"
"259","0.17706017568707466","0.16883930563926697","0.1881561279296875","0.16981377825140953","0.16005834937095642","0.18148919939994812","0.17748845741152763","0.16927143931388855","0.18846364319324493","0.33853615323702496","0.29363885521888733","0.3730495572090149","0.37012162059545517","0.3597880005836487","0.3830364942550659"
"260","0.18113045766949654","0.17507894337177277","0.18465152382850647","0.17390084266662598","0.16667716205120087","0.17781588435173035","0.1815040335059166","0.17496445775032043","0.18524953722953796","0.35094407200813293","0.3160964548587799","0.38382488489151","0.3881492614746094","0.38414037227630615","0.39303475618362427"
"261","0.17590799555182457","0.17364437878131866","0.17800389230251312","0.16962061449885368","0.16797249019145966","0.17115700244903564","0.17655496299266815","0.17419028282165527","0.17809607088565826","0.3406416376431783","0.2980918884277344","0.37887150049209595","0.3659805655479431","0.3587322533130646","0.3719066083431244"
"262","0.17449386045336723","0.15931668877601624","0.1863223910331726","0.16758794337511063","0.15071839094161987","0.17972245812416077","0.17478056997060776","0.1597166210412979","0.18667879700660706","0.3452174762884776","0.3084366023540497","0.388802707195282","0.37042833864688873","0.3518672585487366","0.38712558150291443"
"263","0.17219021171331406","0.16204404830932617","0.1870245486497879","0.1655011773109436","0.15510788559913635","0.1791808009147644","0.1723918579518795","0.16241876780986786","0.18736404180526733","0.3434129059314728","0.2927302420139313","0.39773625135421753","0.3723890706896782","0.3590555787086487","0.39343082904815674"
"264","0.16821453720331192","0.15563464164733887","0.1809939742088318","0.16108015924692154","0.1481449156999588","0.1749238669872284","0.16856945306062698","0.1562017798423767","0.18094544112682343","0.3209744493166606","0.289033442735672","0.347398579120636","0.3628198876976967","0.34832850098609924","0.38566887378692627"
"265","0.1795934997498989","0.16772675514221191","0.18822219967842102","0.17317599803209305","0.16238561272621155","0.1833975911140442","0.18018563091754913","0.16815684735774994","0.18852296471595764","0.34341298540433246","0.30199679732322693","0.37352919578552246","0.3604821637272835","0.34412047266960144","0.3746022880077362"
"266","0.17210692167282104","0.16978849470615387","0.17571398615837097","0.16442885994911194","0.16272813081741333","0.16632920503616333","0.1724087968468666","0.1701427698135376","0.17626726627349854","0.345085342725118","0.3070945143699646","0.3815545439720154","0.3786112144589424","0.3752012550830841","0.3852367103099823"
"267","0.17902621254324913","0.16774699091911316","0.18973228335380554","0.1721096634864807","0.1620597541332245","0.1816217601299286","0.17940671741962433","0.16775071620941162","0.1899489462375641","0.34453146656354267","0.2943167984485626","0.3872811198234558","0.3902510702610016","0.3749849200248718","0.3989090919494629"
"268","0.17595886066555977","0.15586647391319275","0.19527427852153778","0.16898386552929878","0.15057526528835297","0.1856185495853424","0.17634737864136696","0.15610745549201965","0.19546456634998322","0.3323993881543477","0.2817712426185608","0.38417911529541016","0.37710893154144287","0.34889575839042664","0.4005107283592224"
"269","0.16747880727052689","0.16235971450805664","0.17608509957790375","0.16046342253684998","0.15549473464488983","0.17053429782390594","0.16794191673398018","0.16259530186653137","0.17686651647090912","0.33395636081695557","0.28646790981292725","0.3630797266960144","0.36192724853754044","0.35059136152267456","0.3795348107814789"
"270","0.17273272946476936","0.1672089397907257","0.17767265439033508","0.16599254682660103","0.16016173362731934","0.17251655459403992","0.17299210280179977","0.16714760661125183","0.17793485522270203","0.33878108859062195","0.3021846413612366","0.3754139244556427","0.366975836455822","0.36292600631713867","0.37313297390937805"
"271","0.16804248094558716","0.156800776720047","0.1781688630580902","0.1606525555253029","0.14890484511852264","0.17156504094600677","0.16830597072839737","0.15746179223060608","0.17837201058864594","0.3324541350205739","0.2896694540977478","0.36404916644096375","0.366583950817585","0.3540824055671692","0.37499502301216125"
"272","0.18184372410178185","0.17788457870483398","0.18862900137901306","0.1739964373409748","0.16864369809627533","0.18104608356952667","0.18210798501968384","0.17838752269744873","0.18869005143642426","0.35000647107760113","0.31117746233940125","0.3765268921852112","0.37938108295202255","0.3753429651260376","0.3863108456134796"
"273","0.17423782125115395","0.16761547327041626","0.18901070952415466","0.16710371524095535","0.15936587750911713","0.18131116032600403","0.17450714111328125","0.16739924252033234","0.18994741141796112","0.34640027085940045","0.2950609028339386","0.3903880715370178","0.3722311183810234","0.3641679286956787","0.3836115896701813"
"274","0.16702643036842346","0.15683899819850922","0.18511512875556946","0.1602771058678627","0.15033304691314697","0.17838695645332336","0.16731146350502968","0.15725165605545044","0.18562012910842896","0.32603439688682556","0.28621476888656616","0.3742140531539917","0.3594376966357231","0.3458886742591858","0.3804978132247925"
"275","0.17059947922825813","0.15934379398822784","0.1861167848110199","0.1652052253484726","0.1534799039363861","0.18149054050445557","0.1708441600203514","0.15946811437606812","0.18667840957641602","0.32594571510950726","0.30508238077163696","0.354434072971344","0.3539836257696152","0.3377763032913208","0.3708982467651367"
"276","0.17858528718352318","0.17443490028381348","0.18117493391036987","0.17142889648675919","0.16749311983585358","0.17420847713947296","0.17895987257361412","0.17451757192611694","0.18115058541297913","0.3508564333120982","0.30915722250938416","0.3855351209640503","0.37913162261247635","0.37278491258621216","0.38266533613204956"
"277","0.16621390357613564","0.1623343974351883","0.17091137170791626","0.15809834003448486","0.15485849976539612","0.16193947196006775","0.1665336862206459","0.16243331134319305","0.1707819402217865","0.3304967482884725","0.29230135679244995","0.365963876247406","0.35135533660650253","0.3454996943473816","0.35621219873428345"
"278","0.17342690750956535","0.1603759229183197","0.19136911630630493","0.16685418039560318","0.15327337384223938","0.18508973717689514","0.17385266721248627","0.16046161949634552","0.1920173466205597","0.32857054471969604","0.29777583479881287","0.3611616790294647","0.3662497103214264","0.35551565885543823","0.3856757879257202"
"279","0.16940241679549217","0.1564325988292694","0.18426749110221863","0.16235307976603508","0.1494051218032837","0.17666001617908478","0.16990825906395912","0.1566312611103058","0.18506942689418793","0.3384292721748352","0.2934735119342804","0.3622356951236725","0.3648971766233444","0.3471986949443817","0.38463032245635986"
"280","0.16843827441334724","0.16420024633407593","0.1703358143568039","0.16132443398237228","0.15628428757190704","0.1648503541946411","0.16864951327443123","0.16430827975273132","0.17046937346458435","0.33393237988154095","0.2938326597213745","0.36476337909698486","0.3683132976293564","0.36610689759254456","0.36978644132614136"
"282","0.17178315296769142","0.16657456755638123","0.17643138766288757","0.16494768485426903","0.15980225801467896","0.17121776938438416","0.17202923074364662","0.16659899055957794","0.17703983187675476","0.33547131220499676","0.2938463091850281","0.3831888437271118","0.3505879342556","0.3409787714481354","0.3593665063381195"
"283","0.1714034453034401","0.16487473249435425","0.18461869657039642","0.16494353488087654","0.1576351523399353","0.17758908867835999","0.17156609520316124","0.1653635948896408","0.1847621649503708","0.338244487841924","0.3140769302845001","0.36333978176116943","0.36863643676042557","0.3615119755268097","0.38472825288772583"
"284","0.17334802448749542","0.16547930240631104","0.18401306867599487","0.16654088720679283","0.1584424078464508","0.17791061103343964","0.17366375029087067","0.1656615436077118","0.18404066562652588","0.329697589079539","0.2842680811882019","0.36084261536598206","0.3507746681571007","0.337882399559021","0.3607594966888428"
"285","0.17158084362745285","0.16660621762275696","0.17900216579437256","0.1641993671655655","0.15813910961151123","0.17182782292366028","0.17192992940545082","0.16714265942573547","0.17911136150360107","0.33660784363746643","0.30373769998550415","0.37067127227783203","0.3576916754245758","0.34981951117515564","0.3698313236236572"
"286","0.1717478483915329","0.16459991037845612","0.17962229251861572","0.16544455289840698","0.15901866555213928","0.17274707555770874","0.17215587198734283","0.16497980058193207","0.18064872920513153","0.33562294642130536","0.30153971910476685","0.37764260172843933","0.3594259172677994","0.3504568934440613","0.37068498134613037"
"287","0.17038430273532867","0.16383293271064758","0.17749863862991333","0.16674543917179108","0.15858814120292664","0.17295628786087036","0.17069952562451363","0.1641438901424408","0.1778184473514557","0.32780208190282184","0.29750725626945496","0.3551185429096222","0.3622535392642021","0.355396032333374","0.3665299415588379"
"288","0.1733231395483017","0.1622697412967682","0.19309446215629578","0.17228073254227638","0.15669569373130798","0.18358898162841797","0.1736278347671032","0.16228269040584564","0.19407102465629578","0.3423703908920288","0.30374887585639954","0.3910243809223175","0.37289445847272873","0.36384835839271545","0.39519673585891724"
"289","0.17180658504366875","0.16238388419151306","0.18370984494686127","0.19157683476805687","0.15633976459503174","0.2834266424179077","0.17212609946727753","0.16248103976249695","0.18387213349342346","0.3303043842315674","0.2775265872478485","0.36270439624786377","0.36296504735946655","0.3557164669036865","0.3718893527984619"
"290","0.17440342530608177","0.15914326906204224","0.19085362553596497","0.1909388042986393","0.1541500687599182","0.2737358808517456","0.17467376217246056","0.15923048555850983","0.1911119818687439","0.34386709332466125","0.29527539014816284","0.3791816830635071","0.3765564039349556","0.35792139172554016","0.39582401514053345"
"291","0.17181211337447166","0.16631357371807098","0.17945431172847748","0.17735011130571365","0.15899920463562012","0.21468232572078705","0.17202402651309967","0.16670076549053192","0.1796698421239853","0.34478573004404706","0.31247782707214355","0.38239577412605286","0.37590257823467255","0.3706413507461548","0.3784010410308838"
"292","0.1759985126554966","0.1699773073196411","0.1838068813085556","0.18020091950893402","0.16215966641902924","0.22221079468727112","0.1762673333287239","0.17016878724098206","0.18400049209594727","0.3332727650801341","0.2972857356071472","0.36115553975105286","0.36787914484739304","0.36327064037323","0.37857475876808167"
"293","0.17487449198961258","0.16116461157798767","0.18849673867225647","0.17726385593414307","0.15557163953781128","0.20243729650974274","0.17526459693908691","0.16240918636322021","0.18859073519706726","0.3365323444207509","0.31720900535583496","0.3562128245830536","0.3754759058356285","0.36009126901626587","0.3920426070690155"
"294","0.17093418166041374","0.16024333238601685","0.1747918725013733","0.17059363797307014","0.1540336310863495","0.193491131067276","0.1712101548910141","0.16041406989097595","0.17545339465141296","0.3329283595085144","0.2978164553642273","0.36943817138671875","0.35011541098356247","0.3371512293815613","0.35600927472114563"
"295","0.17569439485669136","0.16498461365699768","0.18543879687786102","0.17456455528736115","0.15865612030029297","0.20026496052742004","0.17611580714583397","0.16606825590133667","0.18558309972286224","0.33525895078976947","0.28919437527656555","0.36440083384513855","0.37199294567108154","0.36018234491348267","0.3849756419658661"
"296","0.1761324480175972","0.17421571910381317","0.1769508272409439","0.17303305491805077","0.1671484261751175","0.18392343819141388","0.1763298697769642","0.17429906129837036","0.1772747039794922","0.33012980222702026","0.29952219128608704","0.3650670051574707","0.36676815897226334","0.3596078157424927","0.3710101842880249"
"297","0.17395638674497604","0.16669154167175293","0.18064852058887482","0.16946326568722725","0.15942010283470154","0.18031103909015656","0.174361202865839","0.16753143072128296","0.18069742619991302","0.3263322114944458","0.2925519347190857","0.35757023096084595","0.3571651875972748","0.35044264793395996","0.3627120852470398"
"298","0.17538176476955414","0.17035062611103058","0.1831253618001938","0.17309079319238663","0.16363222897052765","0.18170878291130066","0.17585380747914314","0.17123381793498993","0.1835719496011734","0.32739879687627155","0.29316848516464233","0.36636441946029663","0.3535264953970909","0.3483530282974243","0.35889390110969543"
"299","0.1703532598912716","0.16282974183559418","0.18054282665252686","0.1678902544081211","0.15695525705814362","0.1871287226676941","0.1706712655723095","0.16319294273853302","0.1807195544242859","0.32734716931978863","0.2934276759624481","0.3489128053188324","0.3676828294992447","0.35982000827789307","0.3760453760623932"
"300","0.17314815521240234","0.1703551709651947","0.17784324288368225","0.17019245773553848","0.1650262326002121","0.17631520330905914","0.17332978546619415","0.17054107785224915","0.17816635966300964","0.3292340636253357","0.2936958372592926","0.3682505190372467","0.3531248867511749","0.34741586446762085","0.3569626212120056"
"301","0.17018816992640495","0.16474896669387817","0.17686162889003754","0.16665653139352798","0.1601325422525406","0.1721627116203308","0.17044692859053612","0.1651790291070938","0.17741960287094116","0.3292502462863922","0.28447771072387695","0.37597349286079407","0.3640018552541733","0.3547988831996918","0.3695695996284485"
"302","0.17301303520798683","0.15946196019649506","0.18136416375637054","0.16938623785972595","0.15349090099334717","0.18429458141326904","0.17335990443825722","0.15979520976543427","0.1815629005432129","0.3336367706457774","0.29161131381988525","0.36213716864585876","0.3575427979230881","0.34279826283454895","0.36782845854759216"
"303","0.1674574576318264","0.16184179484844208","0.17297625541687012","0.16330355405807495","0.15424421429634094","0.17694485187530518","0.16768814995884895","0.16178902983665466","0.1729876697063446","0.3284016052881877","0.28155601024627686","0.3646819591522217","0.3598758652806282","0.3495481014251709","0.37086036801338196"
"304","0.1728922426700592","0.16777341067790985","0.17679807543754578","0.18221794813871384","0.1674308478832245","0.21663667261600494","0.17314964532852173","0.16792520880699158","0.177322655916214","0.32972022891044617","0.28957247734069824","0.3627169132232666","0.3604178950190544","0.35294103622436523","0.3697861135005951"
"305","0.1705211028456688","0.1644006371498108","0.17809805274009705","0.2033756636083126","0.15740106999874115","0.3056703209877014","0.17066185548901558","0.16420620679855347","0.1779300570487976","0.32210275530815125","0.2763243317604065","0.3479447364807129","0.35633841902017593","0.343553364276886","0.3724190592765808"
"306","0.17463647946715355","0.1668500006198883","0.17980539798736572","0.4808124527335167","0.1676059067249298","1.4009220600128174","0.1749400980770588","0.16748715937137604","0.17975158989429474","0.323029766480128","0.276050329208374","0.36473116278648376","0.361399382352829","0.3503535985946655","0.3680809736251831"
"307","0.16765691339969635","0.16097842156887054","0.17508748173713684","0.3413006477057934","0.1548239290714264","0.8765848875045776","0.16796744614839554","0.16080868244171143","0.17586879432201385","0.3321969012419383","0.29594576358795166","0.3740851581096649","0.36117442697286606","0.35701584815979004","0.3669699430465698"
"308","0.17338426411151886","0.1653451770544052","0.18211281299591064","0.3256020210683346","0.1591511368751526","0.8023116588592529","0.17364948615431786","0.1656257063150406","0.18223728239536285","0.3309996724128723","0.3077835738658905","0.3710601329803467","0.3551357239484787","0.34282881021499634","0.3707430362701416"
"309","0.171079583466053","0.16013717651367188","0.18432468175888062","0.2301422618329525","0.16415101289749146","0.40501612424850464","0.1712573617696762","0.16026492416858673","0.18440356850624084","0.32441025972366333","0.27463167905807495","0.3638244569301605","0.3458099141716957","0.33208709955215454","0.35893645882606506"
"310","0.17210207134485245","0.16350960731506348","0.1797667145729065","0.216389250010252","0.15555840730667114","0.3581233322620392","0.17243044823408127","0.1643664538860321","0.1796465516090393","0.3221717079480489","0.28133833408355713","0.3488353490829468","0.3530096709728241","0.3424261212348938","0.36849841475486755"
"311","0.17657476663589478","0.17036312818527222","0.18459463119506836","0.21657674759626389","0.16434596478939056","0.34558480978012085","0.1767604760825634","0.17060013115406036","0.18426483869552612","0.3306179742018382","0.288652241230011","0.36155471205711365","0.35857900977134705","0.3479694128036499","0.36974036693573"
"312","0.17185121402144432","0.16086624562740326","0.18333986401557922","0.20710793510079384","0.15338224172592163","0.33553197979927063","0.172223512083292","0.16091609001159668","0.18365079164505005","0.32597071925799054","0.29660290479660034","0.35747796297073364","0.3553917333483696","0.3415706157684326","0.36661049723625183"
"313","0.16813170164823532","0.1615705043077469","0.17624719440937042","0.1987512968480587","0.16341403126716614","0.2931003272533417","0.16838643327355385","0.16197574138641357","0.1767723113298416","0.3218297262986501","0.28266048431396484","0.3585006296634674","0.35871919244527817","0.3524061441421509","0.37164390087127686"
"314","0.17385145276784897","0.16215360164642334","0.18483757972717285","0.20159205049276352","0.15446233749389648","0.28667688369750977","0.17402634769678116","0.16242173314094543","0.1850164532661438","0.3228224615255992","0.279377818107605","0.3446827232837677","0.3490478843450546","0.3341190814971924","0.36161303520202637"
"315","0.17136720940470695","0.15912805497646332","0.178781658411026","0.2002130150794983","0.15908128023147583","0.3054848909378052","0.1716807447373867","0.15936708450317383","0.1789163053035736","0.3343665699164073","0.3039325773715973","0.36987417936325073","0.3673532232642174","0.35712724924087524","0.3741603493690491"
"316","0.16885416582226753","0.16046494245529175","0.1787695288658142","0.19494183361530304","0.1551830917596817","0.28674983978271484","0.16938776522874832","0.16118614375591278","0.17926613986492157","0.3144766489664714","0.28622740507125854","0.33837252855300903","0.3494575321674347","0.34221094846725464","0.3562238812446594"
"317","0.16659560427069664","0.1594955176115036","0.17277826368808746","0.19233999773859978","0.15914765000343323","0.2894093990325928","0.16699644923210144","0.15978585183620453","0.17323462665081024","0.32065216700236004","0.2915787100791931","0.3525051176548004","0.3560141623020172","0.34934133291244507","0.3641252815723419"
"318","0.1713673286139965","0.16158635914325714","0.18205709755420685","0.19761482626199722","0.15346452593803406","0.28777652978897095","0.1716916561126709","0.16165629029273987","0.18219102919101715","0.3241324524084727","0.29322928190231323","0.3468013107776642","0.35448309034109116","0.34211456775665283","0.36771827936172485"
"319","0.1787865273654461","0.1737551987171173","0.1831594705581665","0.2018955983221531","0.17492690682411194","0.2777753174304962","0.17924834415316582","0.17425474524497986","0.1835431456565857","0.3279713789621989","0.2844288945198059","0.37347644567489624","0.3581594452261925","0.34947526454925537","0.36619341373443604"
"320","0.17268727347254753","0.17105482518672943","0.17569321393966675","0.19611689075827599","0.16320475935935974","0.27800124883651733","0.17310507223010063","0.17141324281692505","0.17616425454616547","0.3255152106285095","0.2956477701663971","0.3575834631919861","0.36703550070524216","0.3626328408718109","0.3706929683685303"
"321","0.16767209395766258","0.16253860294818878","0.17423884570598602","0.19010648503899574","0.16042794287204742","0.2669528126716614","0.16786249727010727","0.1627483069896698","0.17454877495765686","0.31644489367802936","0.27905160188674927","0.353245347738266","0.34831801801919937","0.34401363134384155","0.35311436653137207"
"322","0.17162753269076347","0.16470016539096832","0.17714086174964905","0.1923951469361782","0.16749122738838196","0.2612696588039398","0.17198242619633675","0.1653147041797638","0.1771584302186966","0.3229292134443919","0.2786109745502472","0.3709806799888611","0.3615920841693878","0.3490249514579773","0.36992502212524414"
"323","0.17545319348573685","0.1664479821920395","0.1860446333885193","0.19668364897370338","0.16344836354255676","0.26573747396469116","0.17555134370923042","0.16682995855808258","0.18618087470531464","0.32178953289985657","0.2770652174949646","0.3593797981739044","0.3551953285932541","0.34143149852752686","0.36596938967704773"
"324","0.1765684150159359","0.1671125739812851","0.18931108713150024","0.19816211983561516","0.16247375309467316","0.26778465509414673","0.17673537135124207","0.16749095916748047","0.18914614617824554","0.3183243175347646","0.27757707238197327","0.34992581605911255","0.35763613134622574","0.3455738127231598","0.3681948781013489"
"325","0.17754730582237244","0.1661999523639679","0.1904238760471344","0.1976303830742836","0.1593800038099289","0.27375349402427673","0.17787056043744087","0.1662786304950714","0.1912074238061905","0.34264474113782245","0.2926803231239319","0.3876700699329376","0.3646821975708008","0.3505627512931824","0.3774011731147766"
"326","0.17118633538484573","0.16420407593250275","0.17592927813529968","0.19361286982893944","0.1631283462047577","0.277092307806015","0.17148618772625923","0.16419637203216553","0.17631736397743225","0.3220670024553935","0.2939298748970032","0.3628047704696655","0.3449072986841202","0.3351798355579376","0.3548048138618469"
"327","0.1725316047668457","0.16034722328186035","0.18321572244167328","0.19146623089909554","0.15762324631214142","0.2500400245189667","0.1727849766612053","0.16073676943778992","0.18337681889533997","0.3289971748987834","0.2746277451515198","0.3588990569114685","0.35473839938640594","0.3344261050224304","0.3731619715690613"
"328","0.16565368324518204","0.15014922618865967","0.18119996786117554","0.18699782714247704","0.14297325909137726","0.2794504761695862","0.1661342941224575","0.1507578343153","0.1816045343875885","0.3171079754829407","0.30178865790367126","0.326313316822052","0.3391888290643692","0.31992262601852417","0.35491424798965454"
"329","0.17493407800793648","0.16767187416553497","0.182215616106987","0.19387134537100792","0.16128325462341309","0.269924521446228","0.17537907510995865","0.16878023743629456","0.18290576338768005","0.33291911085446674","0.308933824300766","0.3568909764289856","0.35791292786598206","0.34638819098472595","0.37110185623168945"
"330","0.17495457082986832","0.16556301712989807","0.1861824095249176","0.19398769736289978","0.1603812277317047","0.25853776931762695","0.17535048350691795","0.16563725471496582","0.18715427815914154","0.3208639621734619","0.27795034646987915","0.36130398511886597","0.35261189192533493","0.34224972128868103","0.36610865592956543"
"331","0.1741057001054287","0.16904675960540771","0.17921273410320282","0.19202540442347527","0.16495747864246368","0.25317442417144775","0.17424312978982925","0.169182687997818","0.1791386604309082","0.3173508842786153","0.28077179193496704","0.34194833040237427","0.34602003544569016","0.3375760614871979","0.35447561740875244"
"332","0.16547078639268875","0.15374448895454407","0.1778223216533661","0.18405329063534737","0.15208765864372253","0.2649422287940979","0.16601182520389557","0.15418536961078644","0.17838548123836517","0.32302845517794293","0.300314724445343","0.35952216386795044","0.35762324929237366","0.3413753807544708","0.3777678608894348"
"333","0.1746143102645874","0.16968262195587158","0.1851046085357666","0.19320083782076836","0.16356202960014343","0.26147764921188354","0.17469273507595062","0.1699693351984024","0.18505859375","0.3270251949628194","0.289316326379776","0.36287200450897217","0.3554544299840927","0.3529399037361145","0.361797571182251"
"334","0.1731029562652111","0.16877183318138123","0.18048083782196045","0.19097952544689178","0.16340430080890656","0.2535523474216461","0.17351474985480309","0.16911856830120087","0.18080297112464905","0.32342129945755005","0.283687949180603","0.35269880294799805","0.3497876226902008","0.34235137701034546","0.36134713888168335"
"335","0.17015384137630463","0.15770582854747772","0.1804424673318863","0.18824214488267899","0.1571667492389679","0.24718990921974182","0.17046545445919037","0.15793836116790771","0.18117041885852814","0.31895528237024945","0.2749183773994446","0.37310507893562317","0.3465372249484062","0.33217504620552063","0.36454540491104126"
"336","0.17681492120027542","0.1663968563079834","0.19293934106826782","0.19483565911650658","0.1668453961610794","0.2529209554195404","0.17705390974879265","0.16680799424648285","0.19257649779319763","0.32633329431215924","0.29618939757347107","0.35609474778175354","0.35881099104881287","0.3405667841434479","0.3817563056945801"
"337","0.17025971412658691","0.16123175621032715","0.18063080310821533","0.18736707419157028","0.15564706921577454","0.24897851049900055","0.17066878825426102","0.1613863706588745","0.18099063634872437","0.3329728643099467","0.2945289611816406","0.36019212007522583","0.36374878138303757","0.35134267807006836","0.37942948937416077"
"338","0.17146750167012215","0.16535797715187073","0.18222028017044067","0.18987023457884789","0.16123278439044952","0.26807114481925964","0.1718757413327694","0.16539894044399261","0.1826934665441513","0.32137874762217206","0.29976141452789307","0.350397527217865","0.34566640853881836","0.3323751389980316","0.3645908832550049"
"339","0.16998904570937157","0.15668833255767822","0.19229425489902496","0.18780013173818588","0.15130901336669922","0.256267786026001","0.17031371966004372","0.15704047679901123","0.19250817596912384","0.3163054088751475","0.2923056185245514","0.3435665965080261","0.34347275644540787","0.3254134953022003","0.369922935962677"
"340","0.16984332352876663","0.15939468145370483","0.17401771247386932","0.188689935952425","0.15681089460849762","0.2648148238658905","0.16995945945382118","0.159340500831604","0.1744241565465927","0.3114965756734212","0.2848409414291382","0.35355234146118164","0.34622253477573395","0.33271172642707825","0.35715556144714355"
"341","0.17472165822982788","0.1700691431760788","0.17765866219997406","0.18894904479384422","0.167258620262146","0.24395796656608582","0.17507992312312126","0.1704930067062378","0.17785686254501343","0.3251156111558278","0.28788429498672485","0.3611920177936554","0.3595482259988785","0.35187476873397827","0.3637256324291229"
"342","0.16915930062532425","0.1660003960132599","0.17538847029209137","0.1884211301803589","0.15956644713878632","0.2571823000907898","0.1695656068623066","0.16661854088306427","0.1756311058998108","0.3150481581687927","0.28484559059143066","0.34105539321899414","0.3441215455532074","0.33931025862693787","0.3489285111427307"
"343","0.17380312085151672","0.16728411614894867","0.1764887124300003","0.189132671803236","0.16922566294670105","0.24269874393939972","0.17402534931898117","0.16725438833236694","0.1766745001077652","0.3238334854443868","0.2822534739971161","0.36354324221611023","0.3494705334305763","0.3382920026779175","0.35489702224731445"
"344","0.1708124689757824","0.16113704442977905","0.17889536917209625","0.1892094872891903","0.15941046178340912","0.25843381881713867","0.17094794660806656","0.16106849908828735","0.17895619571208954","0.3241564730803172","0.29382550716400146","0.36890316009521484","0.35195277631282806","0.33950263261795044","0.36245110630989075"
"345","0.16717715933918953","0.15931737422943115","0.17709404230117798","0.18185698986053467","0.15467916429042816","0.25057536363601685","0.167502049356699","0.15907558798789978","0.17749065160751343","0.3135184943675995","0.292187362909317","0.34756869077682495","0.3392379358410835","0.32456016540527344","0.3505716323852539"
"346","0.1679631471633911","0.16107697784900665","0.17413051426410675","0.1831991970539093","0.1559578776359558","0.23825129866600037","0.16831669583916664","0.161325603723526","0.17504450678825378","0.3196442325909932","0.2780979573726654","0.35757192969322205","0.3428390398621559","0.334852010011673","0.3509906232357025"
"347","0.17009110748767853","0.1575692892074585","0.18347059190273285","0.1862742118537426","0.1536668986082077","0.2639307975769043","0.17052064463496208","0.15789556503295898","0.1839091032743454","0.3149869441986084","0.2981613278388977","0.3446805477142334","0.36006879806518555","0.3464397192001343","0.37492096424102783"
"348","0.16950104385614395","0.16716057062149048","0.1728360801935196","0.18346234411001205","0.15972664952278137","0.23803555965423584","0.1698940172791481","0.1678600013256073","0.17297382652759552","0.312010794878006","0.27813372015953064","0.3462625741958618","0.33529310673475266","0.3304141163825989","0.3415466547012329"
"349","0.17056652903556824","0.15468600392341614","0.1782190501689911","0.18657853454351425","0.15004825592041016","0.24918070435523987","0.17087788879871368","0.154922753572464","0.17820197343826294","0.3268166979153951","0.2865965962409973","0.35981038212776184","0.3477776348590851","0.3331395387649536","0.35868504643440247"
"350","0.17772703990340233","0.17032279074192047","0.18348771333694458","0.19429074227809906","0.164312943816185","0.25567543506622314","0.17809925228357315","0.1702893078327179","0.18453450500965118","0.32874056696891785","0.295727401971817","0.36593690514564514","0.3542548567056656","0.34002915024757385","0.36734047532081604"
"351","0.1679348237812519","0.15349002182483673","0.17796730995178223","0.18393542245030403","0.15270516276359558","0.2453523874282837","0.1683923564851284","0.15384811162948608","0.17814064025878906","0.3083062668641408","0.2819196283817291","0.3515022397041321","0.3359784185886383","0.3212723731994629","0.34248030185699463"
"352","0.17079628631472588","0.1628914624452591","0.17686523497104645","0.1857232041656971","0.15635278820991516","0.2503178119659424","0.17096202448010445","0.16306063532829285","0.1769426316022873","0.3198683261871338","0.2961084842681885","0.34093886613845825","0.3501274660229683","0.3378291726112366","0.3588853180408478"
"353","0.16644283384084702","0.1555745005607605","0.17534300684928894","0.18273047730326653","0.15593336522579193","0.2331719696521759","0.1668032892048359","0.15589606761932373","0.17587681114673615","0.303653359413147","0.26126137375831604","0.34451913833618164","0.33172623068094254","0.3221362829208374","0.3420286476612091"
"354","0.17607133090496063","0.1664993017911911","0.18408751487731934","0.18998344242572784","0.1599024385213852","0.25444138050079346","0.17643029987812042","0.16731008887290955","0.18422579765319824","0.333187997341156","0.29446637630462646","0.36109864711761475","0.3544211685657501","0.3432193696498871","0.36601653695106506"
"355","0.16800248995423317","0.15750929713249207","0.17928218841552734","0.1888459101319313","0.16139090061187744","0.24283938109874725","0.1679866537451744","0.1563481092453003","0.1798919141292572","0.3115456700325012","0.2805944085121155","0.34406593441963196","0.3593001887202263","0.342338502407074","0.3940475583076477"
"356","0.17610158026218414","0.16947418451309204","0.18432633578777313","0.2049504965543747","0.17088013887405396","0.2416139543056488","0.17639970034360886","0.1695268750190735","0.18449360132217407","0.31630946199099225","0.27210551500320435","0.3483891189098358","0.3504452481865883","0.3403179943561554","0.3605717420578003"
"357","0.16851022094488144","0.1573653221130371","0.17854100465774536","0.20332085341215134","0.15115976333618164","0.25401052832603455","0.1687563695013523","0.15756601095199585","0.17905528843402863","0.32329412301381427","0.28295040130615234","0.3682251572608948","0.34932687133550644","0.33827894926071167","0.363040953874588"
"358","0.16742395982146263","0.15559270977973938","0.18570026755332947","0.20264887064695358","0.15917882323265076","0.24517500400543213","0.1678083911538124","0.15624865889549255","0.18580865859985352","0.30868226289749146","0.2830267548561096","0.3338104486465454","0.33485058695077896","0.3194374740123749","0.35140547156333923"
"359","0.17149847745895386","0.1584874391555786","0.18206274509429932","0.19740482419729233","0.17046570777893066","0.2239639312028885","0.1716497428715229","0.1589185893535614","0.1823222041130066","0.32155942916870117","0.2741617262363434","0.3513108491897583","0.3527606278657913","0.33650049567222595","0.36605405807495117"
"360","0.17070793733000755","0.1644156128168106","0.1815141886472702","0.19727391749620438","0.16776393353939056","0.24147339165210724","0.1708541139960289","0.1650020182132721","0.18157869577407837","0.3139064908027649","0.28279244899749756","0.3407817482948303","0.34766489267349243","0.3371465802192688","0.35830602049827576"
"361","0.169686708599329","0.15772148966789246","0.18387499451637268","0.19227537885308266","0.15674668550491333","0.2298186868429184","0.16980526223778725","0.15801984071731567","0.18363280594348907","0.30986403425534564","0.26731064915657043","0.3565809726715088","0.34940486401319504","0.3289727568626404","0.3815125524997711"
"362","0.17624054104089737","0.16850677132606506","0.19732464849948883","0.19649871811270714","0.16778898239135742","0.23655544221401215","0.17635969445109367","0.16884255409240723","0.19702990353107452","0.3141719897588094","0.27689915895462036","0.3462079167366028","0.34762731194496155","0.3328779339790344","0.3661765158176422"
"363","0.1739036813378334","0.16990546882152557","0.1834099292755127","0.19441068172454834","0.16780665516853333","0.24936556816101074","0.17412467300891876","0.17008870840072632","0.18343205749988556","0.3139049708843231","0.28831052780151367","0.3383440673351288","0.3559364303946495","0.34167182445526123","0.38987231254577637"
"364","0.17057975754141808","0.16154108941555023","0.18216653168201447","0.19081280753016472","0.16093213856220245","0.255021333694458","0.17081525549292564","0.1616213470697403","0.18210051953792572","0.31764598687489826","0.29691335558891296","0.3482325077056885","0.34303492307662964","0.33605313301086426","0.3543284833431244"
"365","0.1716894544661045","0.1627541482448578","0.17824885249137878","0.19004886224865913","0.15791870653629303","0.24839505553245544","0.17200560867786407","0.16352763772010803","0.17813348770141602","0.32164180278778076","0.28583434224128723","0.36480650305747986","0.347723163664341","0.33693259954452515","0.36014696955680847"
"366","0.16367526724934578","0.15673232078552246","0.16965961456298828","0.18182359263300896","0.1601986587047577","0.24259507656097412","0.1639803722500801","0.1572798192501068","0.1697244793176651","0.31183843811353046","0.28436747193336487","0.339860737323761","0.3498522490262985","0.3421749174594879","0.35564881563186646"
"367","0.16494806483387947","0.15446171164512634","0.17265145480632782","0.1829807087779045","0.15859484672546387","0.2255367636680603","0.16529985889792442","0.15487241744995117","0.17291373014450073","0.311334768931071","0.2687928378582001","0.3586767315864563","0.34657350927591324","0.3385649025440216","0.35953429341316223"
"368","0.17238780483603477","0.1661674827337265","0.1784040331840515","0.18747105821967125","0.1594534069299698","0.23021824657917023","0.1726064272224903","0.16665565967559814","0.17854930460453033","0.325619637966156","0.27626103162765503","0.3622642755508423","0.35089050978422165","0.3374069929122925","0.36712467670440674"
"369","0.15979218110442162","0.15596643090248108","0.16168297827243805","0.17688287049531937","0.15107767283916473","0.2306170016527176","0.16003645956516266","0.15602631866931915","0.1624414026737213","0.304310401280721","0.2672719657421112","0.3397834897041321","0.3357730954885483","0.3292500972747803","0.34115681052207947"
"370","0.16462652757763863","0.16005149483680725","0.1673906147480011","0.1791282333433628","0.15588520467281342","0.22956347465515137","0.16483723744750023","0.16023173928260803","0.1678028702735901","0.30635632077852887","0.27449488639831543","0.3421861231327057","0.33834145963191986","0.3323672413825989","0.3434154689311981"
"371","0.1628660224378109","0.15504954755306244","0.17324784398078918","0.1807810328900814","0.15589793026447296","0.2526090741157532","0.16305997595191002","0.1554548144340515","0.17346026003360748","0.3021938701470693","0.28457629680633545","0.3229985535144806","0.3328099027276039","0.32323378324508667","0.3410772681236267"
"372","0.16523922234773636","0.14846275746822357","0.177129328250885","0.18292079493403435","0.14354337751865387","0.24389098584651947","0.16554055362939835","0.1490153968334198","0.17741191387176514","0.32583746314048767","0.29144325852394104","0.3638142943382263","0.3417632728815079","0.3195362091064453","0.35209518671035767"
"373","0.16729432344436646","0.155801460146904","0.17458638548851013","0.1820816583931446","0.1621989905834198","0.21800212562084198","0.167292308062315","0.15603160858154297","0.17420236766338348","0.31741587320963544","0.2695462107658386","0.35743457078933716","0.344918429851532","0.33030688762664795","0.35134339332580566"
"374","0.17374951392412186","0.16218765079975128","0.19352151453495026","0.18971189856529236","0.16571271419525146","0.23880189657211304","0.17424403876066208","0.16271282732486725","0.19405224919319153","0.31418702999750775","0.2814815044403076","0.33989742398262024","0.3551463112235069","0.3368717432022095","0.3788501024246216"
"375","0.17041831463575363","0.16898983716964722","0.17331130802631378","0.18675002083182335","0.16728496551513672","0.23937779664993286","0.17084581404924393","0.1693791151046753","0.17399773001670837","0.31653282046318054","0.28121864795684814","0.3500264286994934","0.35179512947797775","0.34686148166656494","0.35652080178260803"
"376","0.17200630903244019","0.16384026408195496","0.1798960268497467","0.1866593286395073","0.16585077345371246","0.2379215657711029","0.1722811572253704","0.16430121660232544","0.18024103343486786","0.3063984513282776","0.27587205171585083","0.3268446624279022","0.33768706768751144","0.3288958668708801","0.34526732563972473"
"377","0.1722169630229473","0.16346637904644012","0.1782570481300354","0.18819564953446388","0.15569435060024261","0.25162842869758606","0.17254897207021713","0.1641090214252472","0.17890147864818573","0.32243815064430237","0.2924117147922516","0.3550555109977722","0.35107769072055817","0.34471872448921204","0.35903313755989075"
"378","0.16288252919912338","0.14966237545013428","0.16943584382534027","0.17882196232676506","0.1633007824420929","0.22113323211669922","0.1631087101995945","0.14988282322883606","0.16987493634223938","0.30821624398231506","0.2723499536514282","0.3372165560722351","0.34778275340795517","0.334073007106781","0.35471612215042114"
"379","0.1625395454466343","0.15400977432727814","0.1664479672908783","0.17657127976417542","0.15656402707099915","0.22813493013381958","0.1627795435488224","0.15487928688526154","0.1665513515472412","0.3073755105336507","0.2744174003601074","0.33495062589645386","0.3403320908546448","0.3283434510231018","0.346805602312088"
"380","0.17142270877957344","0.16373926401138306","0.1803756058216095","0.18669017404317856","0.1595684140920639","0.24016258120536804","0.17173675447702408","0.16424483060836792","0.18035800755023956","0.30824554959932965","0.2796904146671295","0.33534330129623413","0.3301689848303795","0.32464104890823364","0.33762574195861816"
"381","0.16864018142223358","0.15504580736160278","0.17948904633522034","0.18311521783471107","0.16366057097911835","0.21627835929393768","0.168864868581295","0.15544311702251434","0.17938658595085144","0.31067152818044025","0.26653724908828735","0.3340356945991516","0.3426912724971771","0.3198162317276001","0.36061960458755493"
"382","0.16753904521465302","0.15910524129867554","0.17681163549423218","0.18287009373307228","0.1565828025341034","0.24334536492824554","0.1679505631327629","0.1595854014158249","0.17715667188167572","0.3067789673805237","0.2883003354072571","0.33628547191619873","0.32963427901268005","0.3183879554271698","0.33842727541923523"
"383","0.17137813568115234","0.16672664880752563","0.1753074824810028","0.18393013253808022","0.1639404296875","0.2269546389579773","0.1713726967573166","0.1669604778289795","0.17521676421165466","0.3101605474948883","0.26466208696365356","0.35462620854377747","0.34627313166856766","0.3369715213775635","0.3545858860015869"
"384","0.16123241558670998","0.1502685546875","0.17399141192436218","0.1774149090051651","0.14688129723072052","0.22366687655448914","0.1615235134959221","0.15039584040641785","0.1741204708814621","0.301370233297348","0.2611277997493744","0.3509315252304077","0.3319118022918701","0.32024967670440674","0.343203067779541"
"385","0.17610277608036995","0.16650475561618805","0.18470366299152374","0.19071786850690842","0.17030443251132965","0.22830508649349213","0.176420696079731","0.16668029129505157","0.1853836327791214","0.3136325577894847","0.271971195936203","0.3592362403869629","0.3450310751795769","0.33583736419677734","0.35269156098365784"
"386","0.1683172583580017","0.15806657075881958","0.18120527267456055","0.18301048502326012","0.15953180193901062","0.2226180136203766","0.16847342997789383","0.15826185047626495","0.18124821782112122","0.3090735077857971","0.2711156904697418","0.34783247113227844","0.334247350692749","0.3233833611011505","0.3496559262275696"
"387","0.16773558408021927","0.16143697500228882","0.17872366309165955","0.18180952966213226","0.15698005259037018","0.2455776333808899","0.16819198429584503","0.16233184933662415","0.1793261468410492","0.3188367187976837","0.29520681500434875","0.3430803120136261","0.34633752703666687","0.341137170791626","0.35293540358543396"
"388","0.16530996561050415","0.16076335310935974","0.173489511013031","0.18043401837348938","0.15630877017974854","0.23308634757995605","0.1653226539492607","0.16070520877838135","0.17304164171218872","0.2961200177669525","0.2656036913394928","0.3312344551086426","0.3279067352414131","0.32175925374031067","0.33407819271087646"
"389","0.17221102491021156","0.16999775171279907","0.17424890398979187","0.18456463888287544","0.16329288482666016","0.2339629828929901","0.17253462970256805","0.16994516551494598","0.17527201771736145","0.3139325479666392","0.2804918587207794","0.34833836555480957","0.34483832120895386","0.3410927653312683","0.3500097393989563"
"390","0.17087890207767487","0.1559021919965744","0.17970438301563263","0.18426011875271797","0.15195876359939575","0.23839637637138367","0.17110539600253105","0.15609093010425568","0.17971661686897278","0.3051907817522685","0.27640774846076965","0.340795636177063","0.33384309709072113","0.3177940547466278","0.3397594690322876"
"391","0.17453236877918243","0.17000146210193634","0.18192288279533386","0.18766365200281143","0.16693146526813507","0.23870497941970825","0.1749129630625248","0.16988244652748108","0.18222340941429138","0.31677428881327313","0.286297082901001","0.351797878742218","0.3427795469760895","0.33650314807891846","0.34754660725593567"
"392","0.1737014427781105","0.16807584464550018","0.18052567541599274","0.1891123503446579","0.17048393189907074","0.23562249541282654","0.1738515980541706","0.1683773547410965","0.18047155439853668","0.31325875719388324","0.27044475078582764","0.34984302520751953","0.3412623703479767","0.33257654309272766","0.3517116904258728"
"393","0.17115753889083862","0.16347721219062805","0.1794721931219101","0.1878492869436741","0.15838612616062164","0.25383466482162476","0.1713258922100067","0.16304752230644226","0.1798696517944336","0.32077714800834656","0.29204580187797546","0.3675788938999176","0.3396649733185768","0.3261104226112366","0.3498477041721344"
"394","0.16826971620321274","0.16414180397987366","0.17250412702560425","0.18228136003017426","0.15836364030838013","0.23609311878681183","0.16835448518395424","0.16430318355560303","0.17279213666915894","0.31053011616071063","0.27452343702316284","0.3388534486293793","0.34236426651477814","0.33522921800613403","0.3520093560218811"
"395","0.1711246743798256","0.16523975133895874","0.18053849041461945","0.18502193689346313","0.1619350016117096","0.24506577849388123","0.17124684527516365","0.16516396403312683","0.1809273362159729","0.30904679497083026","0.28886860609054565","0.34043845534324646","0.33711160719394684","0.33272790908813477","0.34545913338661194"
"396","0.17123065888881683","0.16442087292671204","0.1796383261680603","0.18479226529598236","0.16816914081573486","0.22747664153575897","0.17149171605706215","0.16461792588233948","0.1796766221523285","0.30092371503512066","0.2685598134994507","0.333905428647995","0.3298209607601166","0.3213280439376831","0.3350899815559387"
"397","0.16988154873251915","0.16170422732830048","0.17809754610061646","0.18328243121504784","0.15722477436065674","0.23673799633979797","0.17018302530050278","0.16164039075374603","0.1787460446357727","0.30959442257881165","0.2785860002040863","0.33749228715896606","0.34107087552547455","0.3297744393348694","0.35535481572151184"
"398","0.17049439251422882","0.16248853504657745","0.18065619468688965","0.18066154792904854","0.1620776206254959","0.23250752687454224","0.16928215697407722","0.16292330622673035","0.17495784163475037","0.3064459562301636","0.2777746319770813","0.3409196138381958","0.3338373303413391","0.33156973123550415","0.33524397015571594"
"399","0.16623293608427048","0.15929651260375977","0.1734069287776947","0.17691493034362793","0.15364283323287964","0.22654321789741516","0.16631626710295677","0.15952982008457184","0.17376503348350525","0.30862027406692505","0.27875661849975586","0.33475056290626526","0.3294117972254753","0.32472866773605347","0.33456990122795105"
"400","0.16319210827350616","0.15718135237693787","0.16809892654418945","0.17599738016724586","0.16020165383815765","0.21800941228866577","0.16321879252791405","0.15735836327075958","0.16849219799041748","0.3041774829228719","0.2689436972141266","0.3311331570148468","0.3232472911477089","0.31581005454063416","0.3325860798358917"
"401","0.16810942441225052","0.15751875936985016","0.17915409803390503","0.1796710342168808","0.15583428740501404","0.23543784022331238","0.1681838557124138","0.1574326455593109","0.17925295233726501","0.3089062174161275","0.28170478343963623","0.34907323122024536","0.3410070240497589","0.32724085450172424","0.35029470920562744"
"402","0.166328776627779","0.1583755761384964","0.1719658374786377","0.1803511679172516","0.15806375443935394","0.23155754804611206","0.1660163849592209","0.15907061100006104","0.17169195413589478","0.2992624342441559","0.27035439014434814","0.32747766375541687","0.33871953189373016","0.3330702483654022","0.3438330888748169"
"403","0.17142608389258385","0.16648899018764496","0.18226231634616852","0.18454671651124954","0.16180969774723053","0.2326548844575882","0.17129820957779884","0.16723959147930145","0.18039442598819733","0.30705902973810834","0.27354350686073303","0.33719199895858765","0.3359728008508682","0.33050736784935","0.34147727489471436"
"404","0.16922451555728912","0.15357016026973724","0.18453215062618256","0.18308070674538612","0.15250886976718903","0.23769256472587585","0.1689249984920025","0.15366625785827637","0.18247410655021667","0.30217671394348145","0.2785649299621582","0.3190951943397522","0.32745983451604843","0.3059230446815491","0.33613935112953186"
"405","0.1784532032907009","0.17011049389839172","0.19107365608215332","0.19031291082501411","0.16771772503852844","0.2407231330871582","0.17834880203008652","0.17142614722251892","0.18882040679454803","0.3112465838591258","0.28516584634780884","0.33720865845680237","0.33639711141586304","0.3303758203983307","0.34399232268333435"
"406","0.1680205836892128","0.16022348403930664","0.1762547343969345","0.17740006372332573","0.1551222801208496","0.211080402135849","0.16811224818229675","0.1607806533575058","0.17508012056350708","0.3036280870437622","0.2573249638080597","0.34801605343818665","0.32532742619514465","0.3150770664215088","0.3368834853172302"
"407","0.16627193987369537","0.16210949420928955","0.17265334725379944","0.17990437150001526","0.15686455368995667","0.2347981333732605","0.1662086509168148","0.1628122180700302","0.17283326387405396","0.2929582893848419","0.2710954546928406","0.324614942073822","0.32083970308303833","0.31235185265541077","0.33006128668785095"
"408","0.17661619931459427","0.16349193453788757","0.18867547810077667","0.18883232027292252","0.15952958166599274","0.2301119863986969","0.17707552015781403","0.16471001505851746","0.18874788284301758","0.3161158561706543","0.2839263677597046","0.3711092472076416","0.3563446179032326","0.33696800470352173","0.3736202120780945"
"409","0.17093437165021896","0.1598353087902069","0.1875549852848053","0.1832837276160717","0.15861958265304565","0.22976435720920563","0.1711345613002777","0.16029152274131775","0.18767517805099487","0.30334431926409405","0.2739013135433197","0.33772939443588257","0.3405955135822296","0.33281153440475464","0.35810500383377075"
"410","0.17231453955173492","0.164472296833992","0.17842327058315277","0.18542158231139183","0.1582951545715332","0.24262669682502747","0.1725715510547161","0.1644056886434555","0.1789768487215042","0.3089604079723358","0.289981484413147","0.3381064832210541","0.33883223682641983","0.3279619812965393","0.3466297686100006"
"411","0.16399938613176346","0.15513911843299866","0.18263515830039978","0.17664234712719917","0.15111194550991058","0.22487668693065643","0.16440534591674805","0.15573273599147797","0.18249031901359558","0.2980093757311503","0.2744055390357971","0.332534521818161","0.33314093947410583","0.3168950080871582","0.35820549726486206"
"412","0.17493988201022148","0.17160548269748688","0.1807359904050827","0.18742401525378227","0.16880588233470917","0.23445147275924683","0.17520802095532417","0.1719781458377838","0.18089067935943604","0.313473512729009","0.28223153948783875","0.33824366331100464","0.33989522606134415","0.33673566579818726","0.34475719928741455"
"413","0.17208052799105644","0.16772830486297607","0.1795772910118103","0.18451908975839615","0.16722044348716736","0.22898918390274048","0.17215555906295776","0.167833611369133","0.17972850799560547","0.306075781583786","0.27493640780448914","0.3300517499446869","0.3373582661151886","0.3324793875217438","0.3443416953086853"
"414","0.1714342087507248","0.1679857075214386","0.17746703326702118","0.1825905777513981","0.16615785658359528","0.22386878728866577","0.1717398539185524","0.16860492527484894","0.17692282795906067","0.30567119518915814","0.26960378885269165","0.341349720954895","0.33834240585565567","0.33466020226478577","0.3434421420097351"
"415","0.1676437295973301","0.16403913497924805","0.17016109824180603","0.17713916674256325","0.1611364781856537","0.2212730497121811","0.16775981709361076","0.16417251527309418","0.17021776735782623","0.3065956433614095","0.27663159370422363","0.32776686549186707","0.33861367404460907","0.3350569009780884","0.3431593179702759"
"416","0.17094431445002556","0.16316159069538116","0.17813916504383087","0.1827884539961815","0.15987884998321533","0.22327297925949097","0.17135658860206604","0.16339796781539917","0.17862838506698608","0.3069431285063426","0.2709997296333313","0.3453994393348694","0.32613594084978104","0.31448906660079956","0.3342844843864441"
"417","0.17244547605514526","0.16883409023284912","0.17659637331962585","0.18538397178053856","0.16343137621879578","0.2402149736881256","0.17256833985447884","0.16900907456874847","0.17703253030776978","0.3007874886194865","0.281543493270874","0.32342857122421265","0.33230361342430115","0.32727134227752686","0.3365010619163513"
"418","0.16750359162688255","0.16226248443126678","0.17120423913002014","0.17675764858722687","0.16093212366104126","0.21589553356170654","0.16777697578072548","0.16316133737564087","0.17112430930137634","0.30059385299682617","0.2702317237854004","0.33562952280044556","0.31884200870990753","0.31247106194496155","0.3239380717277527"
"419","0.17377637699246407","0.1634610891342163","0.18674027919769287","0.18384044617414474","0.158974751830101","0.2185034155845642","0.17410705983638763","0.1638079285621643","0.18693703413009644","0.3113185266653697","0.2652438282966614","0.35532572865486145","0.3288733437657356","0.3135669529438019","0.3420315980911255"
"420","0.16746164113283157","0.16097012162208557","0.171291321516037","0.17612040787935257","0.15546712279319763","0.21394193172454834","0.16775887832045555","0.16097944974899292","0.17115840315818787","0.30139227708180744","0.2705288231372833","0.3342639207839966","0.33745983988046646","0.32939571142196655","0.3477582633495331"
"421","0.17015667632222176","0.16007424890995026","0.17752523720264435","0.18091216310858727","0.15623193979263306","0.21941140294075012","0.169978279620409","0.1594836711883545","0.17727702856063843","0.3005573550860087","0.273759126663208","0.3396645486354828","0.33986612409353256","0.3261103630065918","0.35030749440193176"
"423","0.17123081162571907","0.16549384593963623","0.18111777305603027","0.18164290487766266","0.16017788648605347","0.2255556434392929","0.17137523740530014","0.1657579243183136","0.18124255537986755","0.3027106324831645","0.2842802405357361","0.3218473792076111","0.33388858288526535","0.32613909244537354","0.34080278873443604"
"424","0.16311273723840714","0.15088322758674622","0.16945204138755798","0.17349620535969734","0.14664247632026672","0.22044119238853455","0.16303377225995064","0.1510188728570938","0.16853278875350952","0.30572471022605896","0.2746446430683136","0.3452640771865845","0.33277488499879837","0.3176910877227783","0.33909597992897034"
"425","0.16781504452228546","0.15639269351959229","0.18098945915699005","0.179322998970747","0.15331104397773743","0.23456627130508423","0.16804740950465202","0.15629324316978455","0.18133047223091125","0.30748963356018066","0.2896156907081604","0.33758702874183655","0.336096353828907","0.3254097104072571","0.3545866012573242"
"426","0.16574627161026","0.15831458568572998","0.17554806172847748","0.17471187934279442","0.15769082307815552","0.21251638233661652","0.16596464067697525","0.15898603200912476","0.1757257729768753","0.29625160495440167","0.2683972716331482","0.3174786865711212","0.3246903121471405","0.3105688691139221","0.3462994694709778"
"427","0.17234091088175774","0.16105622053146362","0.19666466116905212","0.18313170596957207","0.16096659004688263","0.21241217851638794","0.17255409806966782","0.1616809368133545","0.19702866673469543","0.3168627619743347","0.2691653370857239","0.3782564699649811","0.34112241864204407","0.3225381374359131","0.37029215693473816"
"428","0.1642056591808796","0.15323494374752045","0.1727714240550995","0.17289001494646072","0.14821629226207733","0.20954525470733643","0.1644279919564724","0.15329155325889587","0.1727885603904724","0.30059871077537537","0.26380157470703125","0.3294072151184082","0.3268192782998085","0.30679434537887573","0.34537482261657715"
"429","0.1675984486937523","0.15564003586769104","0.17358674108982086","0.17461099848151207","0.15012957155704498","0.21404702961444855","0.16776097938418388","0.1556631624698639","0.17416279017925262","0.3011699120203654","0.2765267789363861","0.3401985764503479","0.33593785017728806","0.3240024447441101","0.34167107939720154"
"430","0.1723947785794735","0.16506586968898773","0.18032053112983704","0.18056799471378326","0.16346868872642517","0.21878400444984436","0.17246649414300919","0.16529963910579681","0.18033838272094727","0.31149383385976154","0.28175559639930725","0.34830763936042786","0.33866603672504425","0.33709484338760376","0.3422991633415222"
"431","0.16482678800821304","0.15708640217781067","0.17213128507137299","0.1726723648607731","0.1592962145805359","0.19500024616718292","0.16489717364311218","0.15715545415878296","0.17210343480110168","0.294444998105367","0.25484782457351685","0.3340442180633545","0.3285793960094452","0.31249284744262695","0.34137392044067383"
"432","0.17158788442611694","0.1675003170967102","0.1753365695476532","0.18122859671711922","0.16785810887813568","0.21492762863636017","0.17146264389157295","0.16753509640693665","0.1753290295600891","0.3019578456878662","0.26829594373703003","0.3306025266647339","0.3318941369652748","0.3265645503997803","0.33579587936401367"
"433","0.17295408993959427","0.16484123468399048","0.17690663039684296","0.17996405065059662","0.16151323914527893","0.21194128692150116","0.1730407141149044","0.16496393084526062","0.17733992636203766","0.3120972812175751","0.279720664024353","0.34166327118873596","0.340871125459671","0.3297771215438843","0.35062485933303833"
"434","0.17476193606853485","0.15701556205749512","0.1953229308128357","0.17988960072398186","0.15231603384017944","0.20551542937755585","0.17505887523293495","0.1570364087820053","0.1955106258392334","0.30057864387830097","0.2689210772514343","0.3468036949634552","0.3236176297068596","0.30569225549697876","0.34191277623176575"
"435","0.16657960042357445","0.15969893336296082","0.17420552670955658","0.17153925076127052","0.15619495511054993","0.19531649351119995","0.1666967160999775","0.15963301062583923","0.17465099692344666","0.30223896106084186","0.26546502113342285","0.3381478786468506","0.3364967852830887","0.3299962878227234","0.34374767541885376"
"436","0.1638910323381424","0.1569281667470932","0.1715356558561325","0.16841170191764832","0.15335136651992798","0.19339683651924133","0.16425487399101257","0.15691259503364563","0.1720242202281952","0.2896348138650258","0.25562551617622375","0.3312736749649048","0.3227200508117676","0.31414809823036194","0.3304119408130646"
"437","0.1721513792872429","0.16068273782730103","0.19213512539863586","0.1791365146636963","0.15931467711925507","0.19751468300819397","0.17227059975266457","0.1605871170759201","0.19255787134170532","0.30315232276916504","0.257499098777771","0.33669787645339966","0.33132223784923553","0.31928780674934387","0.3483166992664337"
"438","0.16504086554050446","0.15998795628547668","0.16914716362953186","0.16966967284679413","0.15573132038116455","0.1995043009519577","0.16498501598834991","0.15955060720443726","0.1692967712879181","0.2995055317878723","0.27250656485557556","0.3377585709095001","0.3250287249684334","0.31586578488349915","0.32873231172561646"
"439","0.1682431660592556","0.15977045893669128","0.17300453782081604","0.1737903356552124","0.15503481030464172","0.20513826608657837","0.16826191172003746","0.15943379700183868","0.173267662525177","0.29698803027470905","0.27469325065612793","0.33222657442092896","0.33204930275678635","0.3234141170978546","0.33913660049438477"
"440","0.1658218912780285","0.1580347716808319","0.1713780015707016","0.17116599529981613","0.15804030001163483","0.19717100262641907","0.16605472937226295","0.15878772735595703","0.17127904295921326","0.29245935877164203","0.2659699320793152","0.3199070990085602","0.31782273948192596","0.3123070299625397","0.32410648465156555"
"441","0.1629067100584507","0.15487372875213623","0.17685893177986145","0.1696064993739128","0.15039491653442383","0.1981252133846283","0.16291385143995285","0.15458962321281433","0.1770860254764557","0.30049918095270794","0.26994746923446655","0.3410989046096802","0.3274815082550049","0.3210373520851135","0.3406314253807068"
"442","0.16808495670557022","0.1639333814382553","0.17379334568977356","0.17480698227882385","0.16073819994926453","0.20323464274406433","0.16814247146248817","0.1638612598180771","0.1735525131225586","0.30273914337158203","0.27612170577049255","0.3316590189933777","0.3347412645816803","0.3312203586101532","0.33775392174720764"
"443","0.16808657720685005","0.16492125391960144","0.17388863861560822","0.1732085794210434","0.16189266741275787","0.19509564340114594","0.16816366091370583","0.16512900590896606","0.17370469868183136","0.31348395347595215","0.28315529227256775","0.3424215316772461","0.3412625342607498","0.3375728726387024","0.34626317024230957"
"444","0.17373771965503693","0.16624613106250763","0.17889976501464844","0.177898820489645","0.16142874956130981","0.2072451412677765","0.17388247698545456","0.16616736352443695","0.1791432797908783","0.3034672935803731","0.2752079665660858","0.3395615220069885","0.3378168195486069","0.3308221399784088","0.34435832500457764"
"445","0.1748291216790676","0.15895572304725647","0.1957528293132782","0.17805956304073334","0.15348303318023682","0.1994723230600357","0.1750592328608036","0.15893998742103577","0.19581718742847443","0.31241705020268756","0.27557462453842163","0.3321705460548401","0.342729777097702","0.3256232440471649","0.3697221279144287"
"446","0.1641610451042652","0.14872848987579346","0.1782803237438202","0.1675797700881958","0.14422370493412018","0.20471134781837463","0.1649077869951725","0.14872419834136963","0.18021546304225922","0.2914048234621684","0.26838329434394836","0.33063140511512756","0.3263998329639435","0.31094181537628174","0.33964407444000244"
"447","0.1695111207664013","0.16466110944747925","0.1768491119146347","0.17390099167823792","0.16344919800758362","0.19464805722236633","0.16956813633441925","0.16506457328796387","0.17635777592658997","0.2972316841284434","0.2653474509716034","0.3357419967651367","0.3262377455830574","0.31723934412002563","0.33362317085266113"
"448","0.17053256928920746","0.1617828905582428","0.17751526832580566","0.17497020214796066","0.1598374843597412","0.20158974826335907","0.17085816338658333","0.16276153922080994","0.17745450139045715","0.3013439079125722","0.28101247549057007","0.3228966295719147","0.3257061094045639","0.3164868950843811","0.33117884397506714"
"449","0.16148249059915543","0.14679549634456635","0.16832062602043152","0.16603640466928482","0.16014765202999115","0.17505070567131042","0.1616930402815342","0.14702588319778442","0.16867943108081818","0.30029316743214923","0.25473082065582275","0.3472191095352173","0.3267332911491394","0.3108872175216675","0.3341096043586731"
"450","0.16137770190835","0.1503540277481079","0.16998639702796936","0.16501149907708168","0.14598119258880615","0.18674997985363007","0.16145893186330795","0.15060953795909882","0.169905886054039","0.292993704477946","0.260353147983551","0.3254674971103668","0.31819362938404083","0.30607134103775024","0.3275124132633209"
"451","0.1642858348786831","0.15784040093421936","0.17268095910549164","0.16903513297438622","0.15987494587898254","0.18644024431705475","0.16438870877027512","0.15815098583698273","0.17248882353305817","0.29437320431073505","0.25846993923187256","0.32288965582847595","0.3204413577914238","0.3099917769432068","0.33144596219062805"
"452","0.168692946434021","0.1652836948633194","0.17557293176651","0.17311017215251923","0.16267278790473938","0.19183512032032013","0.168655663728714","0.16520792245864868","0.17590200901031494","0.30454867084821063","0.27142971754074097","0.33786335587501526","0.3285801261663437","0.32683804631233215","0.3318532705307007"
"453","0.17130324244499207","0.1659134179353714","0.1772039383649826","0.17630843818187714","0.16262303292751312","0.19663682579994202","0.1713905893266201","0.16569626331329346","0.1768133044242859","0.30044304331143695","0.2695527970790863","0.3336901068687439","0.3314063996076584","0.32251185178756714","0.33799314498901367"
"454","0.16533825173974037","0.14824903011322021","0.18306466937065125","0.1720840409398079","0.14431846141815186","0.19959257543087006","0.16550450026988983","0.14861023426055908","0.1832827925682068","0.30546532074610394","0.27507683634757996","0.33975788950920105","0.3403998464345932","0.32006990909576416","0.35421860218048096"
"455","0.16897741332650185","0.16328856348991394","0.1790059506893158","0.17147978767752647","0.1603155881166458","0.1898600161075592","0.16926776617765427","0.1640699952840805","0.17843858897686005","0.2875051399072011","0.26074764132499695","0.30708086490631104","0.3133992478251457","0.3055528998374939","0.322906494140625"
"456","0.17134252190589905","0.15417072176933289","0.185315802693367","0.17538588866591454","0.15108473598957062","0.18688586354255676","0.17168185114860535","0.15425299108028412","0.1858288049697876","0.3171628614266713","0.27621927857398987","0.3583754897117615","0.3375592529773712","0.31990599632263184","0.35172006487846375"
"457","0.17227869108319283","0.1637292057275772","0.18667176365852356","0.17586157470941544","0.16420768201351166","0.18823392689228058","0.17246969044208527","0.16409297287464142","0.18650126457214355","0.300954669713974","0.2635005712509155","0.32468536496162415","0.3317864239215851","0.3243427276611328","0.346504271030426"
"458","0.1619873270392418","0.15235114097595215","0.16953326761722565","0.16584916412830353","0.14953754842281342","0.19027107954025269","0.16204003989696503","0.1523035317659378","0.16964948177337646","0.29924745361010235","0.2717578411102295","0.3379766345024109","0.3231738284230232","0.3142361640930176","0.33200663328170776"
"459","0.17147033289074898","0.16034525632858276","0.17807553708553314","0.17485331371426582","0.16929344832897186","0.18669003248214722","0.1717054434120655","0.1609596461057663","0.17839843034744263","0.30075937509536743","0.26241689920425415","0.34474462270736694","0.32760655134916306","0.31582820415496826","0.3343701660633087"
"460","0.16617225110530853","0.15658962726593018","0.17883718013763428","0.17013858631253242","0.15293072164058685","0.1881212592124939","0.16636674106121063","0.1565452516078949","0.17881661653518677","0.2963822881380717","0.2678232192993164","0.3314357399940491","0.331353522837162","0.31968119740486145","0.3411789536476135"
"461","0.16700008511543274","0.16018469631671906","0.17370039224624634","0.17119431123137474","0.15955908596515656","0.1844940185546875","0.1672605723142624","0.16027720272541046","0.17402109503746033","0.2948184112707774","0.2605520784854889","0.3340931534767151","0.31888267397880554","0.3071804642677307","0.32747095823287964"
"462","0.1572994440793991","0.14830157160758972","0.16836698353290558","0.16187074035406113","0.14550885558128357","0.19668352603912354","0.15731535479426384","0.14842452108860016","0.16856321692466736","0.2959689100583394","0.2805252969264984","0.31278252601623535","0.32601049542427063","0.3143438398838043","0.33720630407333374"
"463","0.16752734407782555","0.15882977843284607","0.17728613317012787","0.17091871052980423","0.15364429354667664","0.19569078087806702","0.1676068715751171","0.1585700511932373","0.1777971088886261","0.30133845408757526","0.2801724076271057","0.3435448408126831","0.33186910301446915","0.31658005714416504","0.34472861886024475"
"464","0.1714305505156517","0.16728650033473969","0.17583605647087097","0.17392437905073166","0.16384398937225342","0.19336572289466858","0.17161934450268745","0.16756801307201385","0.17570826411247253","0.30659934878349304","0.2709122598171234","0.341016948223114","0.3305123299360275","0.32687050104141235","0.3337158262729645"
"465","0.17171669006347656","0.16355213522911072","0.18119138479232788","0.17383906990289688","0.1609189808368683","0.18241922557353973","0.1715572066605091","0.16291534900665283","0.18109078705310822","0.29616600275039673","0.26652762293815613","0.33587127923965454","0.33300482481718063","0.32398566603660583","0.34451812505722046"
"466","0.16132643446326256","0.15274548530578613","0.16575385630130768","0.16395505517721176","0.15625861287117004","0.17379936575889587","0.1615959033370018","0.15324878692626953","0.1661456674337387","0.29247230291366577","0.254558265209198","0.33349308371543884","0.3211129605770111","0.312032550573349","0.3289879858493805"
"467","0.17235146462917328","0.1653710901737213","0.18445925414562225","0.1767604537308216","0.1647259145975113","0.19430409371852875","0.17254287004470825","0.16582663357257843","0.18411992490291595","0.30235932270685834","0.27588558197021484","0.3167136311531067","0.33154501020908356","0.3226633667945862","0.34444117546081543"
"468","0.16982466354966164","0.16050304472446442","0.1813403069972992","0.17117204517126083","0.15478187799453735","0.18002812564373016","0.16986137256026268","0.1605280488729477","0.18106164038181305","0.30388720830281574","0.26258385181427","0.34314486384391785","0.3341987878084183","0.3202701210975647","0.3474332392215729"
"469","0.1617487221956253","0.15752938389778137","0.1651782989501953","0.16414687409996986","0.15341758728027344","0.18089793622493744","0.16183800250291824","0.15753856301307678","0.16515308618545532","0.2870406409104665","0.2584664225578308","0.3253251016139984","0.3206258863210678","0.3148896098136902","0.3273835778236389"
"470","0.1728481389582157","0.15809538960456848","0.18078263103961945","0.1743793711066246","0.15286467969417572","0.19391068816184998","0.17288731783628464","0.1575162708759308","0.18056261539459229","0.30358995993932086","0.27720901370048523","0.3461327850818634","0.3318594843149185","0.31484317779541016","0.3445550501346588"
"471","0.16909589245915413","0.162794291973114","0.1788250207901001","0.17087220028042793","0.1602114588022232","0.20248332619667053","0.1693395934998989","0.16316530108451843","0.17927952110767365","0.3040761848290761","0.2850463390350342","0.3227071464061737","0.33106543123722076","0.3234589993953705","0.33930379152297974"
"472","0.16528913006186485","0.15942512452602386","0.1728457808494568","0.1652241162955761","0.1558113694190979","0.1822604537010193","0.16573568806052208","0.1598605513572693","0.17341941595077515","0.3034501274426778","0.2689165771007538","0.34563931822776794","0.3211570978164673","0.31255730986595154","0.33377838134765625"
"473","0.16147269681096077","0.1487034112215042","0.166521817445755","0.16238726302981377","0.14439862966537476","0.1865534782409668","0.16159376874566078","0.14916405081748962","0.1665879189968109","0.29034491380055744","0.2654932141304016","0.3116737902164459","0.321317695081234","0.3066125512123108","0.32784706354141235"
"474","0.15856551006436348","0.1529093086719513","0.1639384627342224","0.15864389389753342","0.1476137638092041","0.1825331151485443","0.15882648900151253","0.15379437804222107","0.1639760285615921","0.29234378536542255","0.2745410203933716","0.31504949927330017","0.32330696284770966","0.312321275472641","0.33304843306541443"
"475","0.15936553105711937","0.1511462926864624","0.17076453566551208","0.1586083546280861","0.14285771548748016","0.17626544833183289","0.15992982685565948","0.1511106789112091","0.1710340678691864","0.30535246928532916","0.26839202642440796","0.337314248085022","0.32511232793331146","0.3100054860115051","0.33549919724464417"
"476","0.16256649047136307","0.15481466054916382","0.17118605971336365","0.16160867735743523","0.14641426503658295","0.18421845138072968","0.1626366339623928","0.1548611968755722","0.17156335711479187","0.3010634084542592","0.2743518352508545","0.34735211730003357","0.3298826739192009","0.3156094253063202","0.3471052348613739"
"477","0.16191457211971283","0.15431050956249237","0.1665261834859848","0.16082974895834923","0.15530116856098175","0.16937829554080963","0.16197681799530983","0.15473932027816772","0.16589485108852386","0.2917086680730184","0.2563154101371765","0.3257468342781067","0.313064306974411","0.300531804561615","0.32262587547302246"
"478","0.1640811339020729","0.15764588117599487","0.1793937385082245","0.16354390606284142","0.15048211812973022","0.17860248684883118","0.16410911083221436","0.1575537770986557","0.17921319603919983","0.3075847625732422","0.2681810259819031","0.32928401231765747","0.3277798444032669","0.31462007761001587","0.35813677310943604"
"479","0.16140326485037804","0.15486034750938416","0.16510507464408875","0.1593952476978302","0.14920727908611298","0.17448773980140686","0.16130252927541733","0.15455704927444458","0.16516654193401337","0.29431161284446716","0.26673832535743713","0.32268401980400085","0.3321124166250229","0.32621607184410095","0.34344562888145447"
"480","0.16819679364562035","0.16473427414894104","0.1727718859910965","0.16906538978219032","0.1595015674829483","0.18854397535324097","0.16843589022755623","0.16526401042938232","0.17215272784233093","0.3029218018054962","0.2739402651786804","0.3442631661891937","0.3198770433664322","0.3145672380924225","0.32337433099746704"
"481","0.16295672208070755","0.15330474078655243","0.17071673274040222","0.16086266189813614","0.14534293115139008","0.18395055830478668","0.16319726407527924","0.1529143750667572","0.17116588354110718","0.3000648816426595","0.27479618787765503","0.3307608366012573","0.32346930354833603","0.31378549337387085","0.33047279715538025"
"482","0.161190677434206","0.14391541481018066","0.18093609809875488","0.16163377836346626","0.13719427585601807","0.19968965649604797","0.1613108292222023","0.14404311776161194","0.18115350604057312","0.2875113586584727","0.26785919070243835","0.3111279606819153","0.3138357773423195","0.2944709360599518","0.3353065550327301"
"483","0.16303953155875206","0.15230633318424225","0.17169928550720215","0.16390683129429817","0.14749538898468018","0.1767774522304535","0.1633075848221779","0.15274322032928467","0.17197337746620178","0.2955355445543925","0.2678165137767792","0.3387589752674103","0.32193151116371155","0.3111633062362671","0.33144116401672363"
"484","0.15992970764636993","0.15167920291423798","0.16430525481700897","0.15951933339238167","0.14696219563484192","0.17852266132831573","0.15987366437911987","0.1516980230808258","0.16422033309936523","0.294862300157547","0.26401299238204956","0.3180716335773468","0.3227262422442436","0.31449174880981445","0.33017677068710327"
"485","0.16082308813929558","0.14158225059509277","0.17000731825828552","0.1603788360953331","0.15850192308425903","0.16304734349250793","0.16102110967040062","0.1417105346918106","0.16951629519462585","0.29427599906921387","0.2522265911102295","0.33728110790252686","0.3228709474205971","0.3016762435436249","0.3309779167175293"
"486","0.16652971506118774","0.15626868605613708","0.18519052863121033","0.1665732078254223","0.15549537539482117","0.17683203518390656","0.1665988825261593","0.15624937415122986","0.1854175627231598","0.2903364300727844","0.2625504434108734","0.3229580819606781","0.3248208537697792","0.311397910118103","0.35074174404144287"
"487","0.16474029049277306","0.15400095283985138","0.17701494693756104","0.1629301868379116","0.14766615629196167","0.1798216700553894","0.16491222381591797","0.1545296013355255","0.17690062522888184","0.29492486516634625","0.27077096700668335","0.3140717148780823","0.3203728571534157","0.3109699487686157","0.32911181449890137"
"488","0.16903001815080643","0.16190752387046814","0.17671722173690796","0.16878453269600868","0.15432585775852203","0.19636869430541992","0.16916577145457268","0.16227421164512634","0.17707708477973938","0.3015490174293518","0.2825809419155121","0.33818382024765015","0.31822187453508377","0.3068084120750427","0.3273078203201294"
"489","0.16394593566656113","0.16148985922336578","0.16670957207679749","0.16397982090711594","0.15609577298164368","0.1822262406349182","0.16413040459156036","0.1612219214439392","0.16740760207176208","0.29918073614438373","0.2672586739063263","0.34236693382263184","0.3284069299697876","0.3219318389892578","0.3411640524864197"
"490","0.16498743742704391","0.1489678919315338","0.1775113344192505","0.16555294767022133","0.14258770644664764","0.19080419838428497","0.16511502116918564","0.148874431848526","0.17752961814403534","0.3093620737393697","0.285824179649353","0.3351017236709595","0.32674186676740646","0.3058815896511078","0.3391331136226654"
"491","0.1568966619670391","0.1533845216035843","0.16144557297229767","0.1565190553665161","0.14626052975654602","0.17920568585395813","0.157132089138031","0.15361449122428894","0.16168388724327087","0.28517647584279376","0.2592976689338684","0.31001996994018555","0.3086342588067055","0.3044325113296509","0.3156110644340515"
"492","0.16258975118398666","0.15944015979766846","0.16543151438236237","0.16177543997764587","0.15356102585792542","0.17906984686851501","0.16258945688605309","0.15935271978378296","0.16538038849830627","0.2974256177743276","0.2638852596282959","0.33059385418891907","0.32269611209630966","0.3200433552265167","0.32473427057266235"
"493","0.16309956461191177","0.16022631525993347","0.16631311178207397","0.16252005100250244","0.15299567580223083","0.1839444786310196","0.16306878253817558","0.16038601100444794","0.16642047464847565","0.3011370201905568","0.2772580087184906","0.33606472611427307","0.32481393218040466","0.31822192668914795","0.3349500894546509"
"494","0.16759148985147476","0.1616392582654953","0.17705672979354858","0.1664830856025219","0.1557799130678177","0.17689149081707","0.1676083356142044","0.1613854169845581","0.17684021592140198","0.2953043778737386","0.2667109966278076","0.3215292990207672","0.3329976126551628","0.32305777072906494","0.3541516363620758"
"495","0.16433636471629143","0.1570534110069275","0.1708417534828186","0.16336704418063164","0.15010984241962433","0.17650549113750458","0.16440581157803535","0.15689653158187866","0.17083841562271118","0.29064594705899555","0.2587701976299286","0.3302879333496094","0.32416967302560806","0.318200945854187","0.3319728672504425"
"496","0.15325656533241272","0.13488397002220154","0.16289855539798737","0.15325866639614105","0.13164667785167694","0.1759033203125","0.15329143032431602","0.13488200306892395","0.16293159127235413","0.2830110887686412","0.26164761185646057","0.30406832695007324","0.30448924005031586","0.28314870595932007","0.31275710463523865"
"497","0.15919122472405434","0.14899156987667084","0.16453954577445984","0.15922291576862335","0.14228996634483337","0.18145500123500824","0.15955228358507156","0.14915817975997925","0.16492736339569092","0.29895784457524616","0.28114140033721924","0.3294416666030884","0.32346922159194946","0.3088451027870178","0.335689902305603"
"498","0.16227520629763603","0.15464207530021667","0.1735904961824417","0.16140088811516762","0.15011435747146606","0.1733066290616989","0.16273313760757446","0.15556852519512177","0.1735638678073883","0.2894652187824249","0.26078659296035767","0.31971970200538635","0.31696490198373795","0.3077237010002136","0.3256111145019531"
"499","0.1598786860704422","0.14525018632411957","0.16943758726119995","0.1581224799156189","0.15382792055606842","0.16570457816123962","0.16029655933380127","0.14539584517478943","0.17020708322525024","0.2903570979833603","0.24824155867099762","0.3354437053203583","0.3147076517343521","0.2968583106994629","0.32623761892318726"
"500","0.16207996383309364","0.1486782282590866","0.17327626049518585","0.160544715821743","0.14623986184597015","0.1852193921804428","0.16224494948983192","0.14938828349113464","0.17332059144973755","0.28775381048520404","0.27117863297462463","0.30384892225265503","0.3175681233406067","0.30983972549438477","0.3256258964538574"
"501","0.16101057454943657","0.15709519386291504","0.1677580326795578","0.16022885590791702","0.15186166763305664","0.17652973532676697","0.1611776165664196","0.15753167867660522","0.16762228310108185","0.2865175704161326","0.2592628002166748","0.3178098499774933","0.3137279972434044","0.3096960783004761","0.3155534863471985"
"502","0.162728950381279","0.15284784138202667","0.1674467921257019","0.16070421040058136","0.14616699516773224","0.1763353943824768","0.1628648117184639","0.1526256799697876","0.16756033897399902","0.2955692708492279","0.2656765878200531","0.33189982175827026","0.3206523433327675","0.31247493624687195","0.32569023966789246"
"503","0.16499550268054008","0.16220492124557495","0.16736705601215363","0.1643202230334282","0.15566377341747284","0.17682939767837524","0.16517247632145882","0.16273543238639832","0.16713866591453552","0.2903473675251007","0.25872594118118286","0.32331594824790955","0.3145610988140106","0.299254834651947","0.32434365153312683"
"504","0.16632668673992157","0.1576426774263382","0.17645132541656494","0.16563041508197784","0.15140968561172485","0.1926264613866806","0.16673479601740837","0.15842321515083313","0.17696771025657654","0.2990866204102834","0.281893253326416","0.32291898131370544","0.3217029422521591","0.3121044635772705","0.3298940062522888"
"505","0.16366947814822197","0.1553512066602707","0.1703120917081833","0.16125605255365372","0.15124106407165527","0.1688462495803833","0.16409536823630333","0.15585081279277802","0.1704283505678177","0.2975841462612152","0.25732702016830444","0.33858001232147217","0.31974174082279205","0.3097347617149353","0.32567304372787476"
"506","0.17114392668008804","0.1578754037618637","0.1766577661037445","0.17087038233876228","0.1541733741760254","0.19135481119155884","0.17157930880784988","0.15828387439250946","0.1775742918252945","0.2969607214132945","0.28122857213020325","0.3177341818809509","0.3250667303800583","0.3089028596878052","0.3319213390350342"
"507","0.1619858779013157","0.14680685102939606","0.17162883281707764","0.16153725236654282","0.1437896192073822","0.17449408769607544","0.16210996732115746","0.14731435477733612","0.1714358925819397","0.28520776828130084","0.2654426097869873","0.3014093041419983","0.3225523307919502","0.3038257956504822","0.3318137228488922"
"508","0.1648562327027321","0.15724125504493713","0.17655041813850403","0.16382313892245293","0.15097865462303162","0.17711913585662842","0.16529669985175133","0.15748560428619385","0.17714989185333252","0.29286163051923114","0.25948861241340637","0.33214402198791504","0.31470997631549835","0.307724267244339","0.32143092155456543"
"509","0.15995007008314133","0.1472809910774231","0.16441862285137177","0.1586577631533146","0.14128190279006958","0.1782856285572052","0.15981947258114815","0.1473352015018463","0.16421976685523987","0.2919466296831767","0.26855897903442383","0.320687472820282","0.3063068762421608","0.29098057746887207","0.31443172693252563"
"510","0.1690828651189804","0.15728071331977844","0.18832530081272125","0.16844956576824188","0.15210770070552826","0.1794288456439972","0.1696178875863552","0.15779417753219604","0.18854930996894836","0.2914643883705139","0.2689674496650696","0.3346126079559326","0.33531424403190613","0.3165122866630554","0.3518075942993164"
"511","0.16074832528829575","0.15487107634544373","0.17518657445907593","0.15938151627779007","0.14702151715755463","0.16994677484035492","0.1607961393892765","0.15470066666603088","0.1749359518289566","0.2848556538422902","0.25510483980178833","0.3197789788246155","0.31939686834812164","0.31204360723495483","0.3358384966850281"
"512","0.1695571057498455","0.15333814918994904","0.1783427894115448","0.1688559241592884","0.14834967255592346","0.1945173740386963","0.16963575780391693","0.1529356688261032","0.17859327793121338","0.2921946446100871","0.2856854796409607","0.3050557076931","0.3247422054409981","0.3062339127063751","0.33615395426750183"
"513","0.15811727941036224","0.14617308974266052","0.16517503559589386","0.1569855660200119","0.13952207565307617","0.17800968885421753","0.15855606272816658","0.14639967679977417","0.16550655663013458","0.29679787158966064","0.2712787091732025","0.3325282335281372","0.324218288064003","0.30997607111930847","0.3318135738372803"
"514","0.15833813697099686","0.15565431118011475","0.1616028994321823","0.15779903158545494","0.15222996473312378","0.17216546833515167","0.15851770341396332","0.1558595895767212","0.1615351140499115","0.2834380269050598","0.2602824866771698","0.31202036142349243","0.30987585335969925","0.30291059613227844","0.31381115317344666"
"515","0.16481419280171394","0.15190699696540833","0.18298019468784332","0.16401540860533714","0.14499159157276154","0.1747044026851654","0.16512589529156685","0.15214261412620544","0.1824941486120224","0.2985680898030599","0.25157880783081055","0.33832380175590515","0.3134760931134224","0.297907292842865","0.3311302065849304"
"516","0.1675351746380329","0.14940455555915833","0.1874186396598816","0.16742248460650444","0.14599868655204773","0.1840306967496872","0.167513869702816","0.14948111772537231","0.18718546628952026","0.2859890361626943","0.2658984065055847","0.30791398882865906","0.3135339468717575","0.29668912291526794","0.33170947432518005"
"517","0.163016889244318","0.15759791433811188","0.16992075741291046","0.16218795999884605","0.15142536163330078","0.1760697215795517","0.16338011249899864","0.15832114219665527","0.17000800371170044","0.2974669635295868","0.2637539207935333","0.34242916107177734","0.3215557411313057","0.3154737949371338","0.32996347546577454"
"518","0.15997861325740814","0.1552450954914093","0.16314829885959625","0.15943223237991333","0.14979900419712067","0.17752505838871002","0.1601736582815647","0.15485060214996338","0.16407477855682373","0.28880677620569867","0.25971993803977966","0.31968915462493896","0.3160487934947014","0.31332850456237793","0.3194085955619812"
"519","0.16398735344409943","0.15997937321662903","0.16806097328662872","0.16328277811408043","0.15763913094997406","0.17586788535118103","0.16391190513968468","0.1599123626947403","0.1682170033454895","0.288254310687383","0.26124924421310425","0.3132615089416504","0.3134082928299904","0.3055313229560852","0.32177722454071045"
"520","0.17311067506670952","0.15950439870357513","0.19014360010623932","0.17173081636428833","0.15561756491661072","0.2051912248134613","0.17327747121453285","0.16059307754039764","0.19015277922153473","0.2982187469800313","0.2849019765853882","0.31636929512023926","0.3271322250366211","0.3113251328468323","0.34576112031936646"
"521","0.15907136723399162","0.15045969188213348","0.17075377702713013","0.1577376201748848","0.1465626358985901","0.16392135620117188","0.1593477539718151","0.15085992217063904","0.17092929780483246","0.28027161955833435","0.2502492666244507","0.30596688389778137","0.31325871497392654","0.3032318353652954","0.32527995109558105"
"522","0.16203101724386215","0.1556270867586136","0.168676495552063","0.16121015325188637","0.14961907267570496","0.18099763989448547","0.16224629059433937","0.15571987628936768","0.1689801663160324","0.2912554939587911","0.27544039487838745","0.32158178091049194","0.3141501620411873","0.3082427382469177","0.318596214056015"
"523","0.161393653601408","0.15447404980659485","0.16651016473770142","0.16035869345068932","0.14772571623325348","0.17567294836044312","0.1617170311510563","0.15482275187969208","0.16756707429885864","0.28746268153190613","0.26063477993011475","0.32248297333717346","0.31683848053216934","0.30797433853149414","0.32117924094200134"
"524","0.15332398563623428","0.14643479883670807","0.15892291069030762","0.1517813466489315","0.13875898718833923","0.1678726077079773","0.15360168740153313","0.1466059386730194","0.15901269018650055","0.27793004115422565","0.24496296048164368","0.3124053180217743","0.2974581941962242","0.29103559255599976","0.30375540256500244"
"525","0.16819718107581139","0.15918003022670746","0.18521927297115326","0.16633565351366997","0.1526186764240265","0.19796645641326904","0.1682531200349331","0.15920892357826233","0.18542255461215973","0.2961505949497223","0.274020791053772","0.3250703811645508","0.328691802918911","0.32082441449165344","0.34837785363197327"
"526","0.17219261080026627","0.164058655500412","0.18000219762325287","0.17105455696582794","0.1580847203731537","0.18605965375900269","0.17243053019046783","0.16392181813716888","0.18049220740795135","0.309329628944397","0.2817922532558441","0.36127766966819763","0.3215467408299446","0.3102375864982605","0.3381950259208679"
"527","0.1582382321357727","0.1575351357460022","0.15945228934288025","0.1568365842103958","0.15150144696235657","0.1684562861919403","0.1583852656185627","0.15743285417556763","0.15965710580348969","0.2931719223658244","0.2711132764816284","0.3293721675872803","0.3126703351736069","0.30824944376945496","0.3180310130119324"
"528","0.15283874422311783","0.14783981442451477","0.16470801830291748","0.1521679237484932","0.14170792698860168","0.16489890217781067","0.15314972028136253","0.14800812304019928","0.16489264369010925","0.28186599413553876","0.24765872955322266","0.31245970726013184","0.31060928851366043","0.3048750162124634","0.32264208793640137"
"529","0.16078481823205948","0.1534547358751297","0.17092952132225037","0.1590009592473507","0.14804358780384064","0.1678766906261444","0.16098552942276","0.15372422337532043","0.17042630910873413","0.2908749481042226","0.26284271478652954","0.3304596543312073","0.3167673200368881","0.31021586060523987","0.3278889060020447"
"530","0.1656283289194107","0.1613527536392212","0.1715644896030426","0.16501828283071518","0.15519878268241882","0.18648692965507507","0.16575989872217178","0.16130638122558594","0.1720632165670395","0.29702675342559814","0.2752191722393036","0.3307130038738251","0.3348165526986122","0.33099618554115295","0.3428909182548523"
"531","0.1626119539141655","0.15840253233909607","0.16892769932746887","0.16036275774240494","0.15132784843444824","0.17183078825473785","0.16266098618507385","0.1574416309595108","0.1694590002298355","0.28275416294733685","0.25767064094543457","0.32179486751556396","0.30159255117177963","0.2947991192340851","0.30702152848243713"
"532","0.16253945603966713","0.15456391870975494","0.16815078258514404","0.16312914341688156","0.1493731141090393","0.18320518732070923","0.16268853470683098","0.1544492095708847","0.16834312677383423","0.29167256752649945","0.2670988440513611","0.33409109711647034","0.3160848096013069","0.3049859404563904","0.3278919458389282"
"533","0.16125208511948586","0.15107446908950806","0.1678251475095749","0.15976857393980026","0.1459347903728485","0.17835119366645813","0.16134155541658401","0.15122097730636597","0.16775807738304138","0.29441935817400616","0.2816646099090576","0.3153216540813446","0.32492105662822723","0.3109619915485382","0.3334067165851593"
"534","0.1693059615790844","0.15293769538402557","0.18877840042114258","0.1670948900282383","0.15201205015182495","0.18081839382648468","0.16965627297759056","0.15339511632919312","0.18900717794895172","0.29723148544629413","0.24822407960891724","0.3324977457523346","0.3146136701107025","0.29677870869636536","0.3455287218093872"
"535","0.16433042660355568","0.15944620966911316","0.1702958643436432","0.1635967493057251","0.1527533084154129","0.18461917340755463","0.16447201743721962","0.15962159633636475","0.17061012983322144","0.290550837914149","0.2757784128189087","0.31970036029815674","0.3095543161034584","0.3035893440246582","0.31870216131210327"
"536","0.1575760692358017","0.1538446843624115","0.16058194637298584","0.15554190054535866","0.1466815173625946","0.17305918037891388","0.15769201889634132","0.15395252406597137","0.16083094477653503","0.2890729010105133","0.2612572908401489","0.32434090971946716","0.308190181851387","0.30119892954826355","0.3144124150276184"
"537","0.1667085960507393","0.15669246017932892","0.1712796837091446","0.1646626889705658","0.16248369216918945","0.16900473833084106","0.16702864691615105","0.1569618582725525","0.17158114910125732","0.2897057334582011","0.2528946101665497","0.3289491832256317","0.3182692900300026","0.3066423833370209","0.3224875330924988"
"538","0.1620560884475708","0.141917884349823","0.1767866015434265","0.15966351330280304","0.13650938868522644","0.1867823749780655","0.162306509912014","0.14212359488010406","0.17715948820114136","0.29035980502764386","0.2832168638706207","0.30115175247192383","0.31689418107271194","0.30068066716194153","0.3309842348098755"
"539","0.1636331006884575","0.1561676561832428","0.17284125089645386","0.16233690828084946","0.15519018471240997","0.1670946180820465","0.16391054913401604","0.1566700041294098","0.17299559712409973","0.28907745083173114","0.2558320164680481","0.3335131108760834","0.32210614532232285","0.3119077682495117","0.33071959018707275"
"540","0.16987327113747597","0.16379031538963318","0.17679305374622345","0.16853594407439232","0.15726220607757568","0.18187940120697021","0.170047365128994","0.1639549285173416","0.17705626785755157","0.29752256472905475","0.266004741191864","0.32572776079177856","0.3124266341328621","0.30878108739852905","0.3229624927043915"
"541","0.15912875905632973","0.15400734543800354","0.1661723256111145","0.15891338884830475","0.1491679549217224","0.16871972382068634","0.15964645519852638","0.15453678369522095","0.16689929366111755","0.27825791637102765","0.2528093159198761","0.31662774085998535","0.3084144741296768","0.3016316294670105","0.3162006735801697"
"542","0.16608507931232452","0.16217705607414246","0.17426037788391113","0.1639779731631279","0.15617024898529053","0.18416526913642883","0.16638295352458954","0.16226153075695038","0.17452362179756165","0.29999299844106037","0.27863699197769165","0.3362616300582886","0.3227662965655327","0.3184700012207031","0.3312757909297943"
"543","0.16615771502256393","0.1577087640762329","0.16959011554718018","0.16487418860197067","0.16130441427230835","0.17370697855949402","0.16618652641773224","0.15797017514705658","0.16986633837223053","0.29107901453971863","0.26096755266189575","0.32998040318489075","0.32043642550706863","0.30732569098472595","0.3288649320602417"
"544","0.1560405008494854","0.15274590253829956","0.16190463304519653","0.15391765534877777","0.14745816588401794","0.16604286432266235","0.15616180375218391","0.15294262766838074","0.16159474849700928","0.279129425684611","0.256194531917572","0.3118126094341278","0.3048587068915367","0.29972633719444275","0.3116295039653778"
"545","0.15919343754649162","0.1544201672077179","0.16658851504325867","0.15848131105303764","0.14790935814380646","0.16530773043632507","0.1596795916557312","0.1548878401517868","0.1670648753643036","0.2854262739419937","0.2474438101053238","0.33265456557273865","0.3103410452604294","0.3025953769683838","0.3168092668056488"
"546","0.1618402786552906","0.15696117281913757","0.16635872423648834","0.16112884134054184","0.15158940851688385","0.17402154207229614","0.16177063807845116","0.1568693071603775","0.166233092546463","0.28145236770311993","0.25916343927383423","0.3061430752277374","0.31281597912311554","0.30420729517936707","0.3180798888206482"
"547","0.16719648987054825","0.1559169888496399","0.17678962647914886","0.165963277220726","0.1551954597234726","0.17373274266719818","0.1674281843006611","0.1559906005859375","0.17797333002090454","0.2858741283416748","0.2573872208595276","0.3270877003669739","0.32394200563430786","0.31282147765159607","0.3335486054420471"
"548","0.15752755850553513","0.15053828060626984","0.1621740460395813","0.1568283922970295","0.1464100033044815","0.16909100115299225","0.1575762964785099","0.15086230635643005","0.16225074231624603","0.2852699855963389","0.25601842999458313","0.31675392389297485","0.3072314038872719","0.30009573698043823","0.31157582998275757"
"549","0.1648288406431675","0.15807507932186127","0.1745433509349823","0.16299539431929588","0.15417495369911194","0.17132875323295593","0.16563255339860916","0.15965907275676727","0.17511340975761414","0.289350301027298","0.26109766960144043","0.32076510787010193","0.3160291835665703","0.30516719818115234","0.3260992467403412"
"550","0.16756414622068405","0.16358472406864166","0.17559799551963806","0.16611291840672493","0.15860165655612946","0.17555204033851624","0.1679030805826187","0.16409307718276978","0.17602774500846863","0.29057519634564716","0.25970712304115295","0.32073718309402466","0.3211319074034691","0.3175921142101288","0.3286912441253662"
"551","0.1583024375140667","0.1528424322605133","0.1708315759897232","0.15677077323198318","0.146868497133255","0.16494296491146088","0.15867921337485313","0.1531679481267929","0.17108702659606934","0.2830440004666646","0.2524697780609131","0.31846824288368225","0.3156547173857689","0.3091171681880951","0.32349684834480286"
"552","0.1592053472995758","0.15485185384750366","0.1664184331893921","0.1590699441730976","0.14989352226257324","0.17569735646247864","0.1594032309949398","0.15466465055942535","0.16666698455810547","0.2797710398832957","0.26290297508239746","0.3071241080760956","0.30522622913122177","0.2975216507911682","0.3148857653141022"
"553","0.16676831617951393","0.16066288948059082","0.17362700402736664","0.16508939117193222","0.15403258800506592","0.17290142178535461","0.16714401170611382","0.1612798273563385","0.17405837774276733","0.2945989469687144","0.26308974623680115","0.342338889837265","0.32971345633268356","0.31988662481307983","0.33898261189460754"
"554","0.16361814364790916","0.16128703951835632","0.16744837164878845","0.16315605118870735","0.15601952373981476","0.1760541945695877","0.1636674776673317","0.16092956066131592","0.16753549873828888","0.2928907076517741","0.2669699788093567","0.3330302834510803","0.31679337471723557","0.31363025307655334","0.3225962519645691"
"555","0.16479945555329323","0.16130375862121582","0.17148761451244354","0.16521940007805824","0.1584072709083557","0.17531850934028625","0.16496596112847328","0.16163155436515808","0.17150108516216278","0.2924453814824422","0.26259320974349976","0.3272014856338501","0.3172544911503792","0.30934759974479675","0.3218022584915161"
"556","0.16236348450183868","0.15475864708423615","0.17347243428230286","0.1613108068704605","0.15321052074432373","0.16584773361682892","0.16288741677999496","0.15507718920707703","0.1738349199295044","0.2801956534385681","0.2539316415786743","0.3211621940135956","0.31694576144218445","0.3064555525779724","0.3355202078819275"
"557","0.1599505990743637","0.15481793880462646","0.16535735130310059","0.15721599012613297","0.14701667428016663","0.16628322005271912","0.16010770201683044","0.15572024881839752","0.16525787115097046","0.2834874590237935","0.26306992769241333","0.30791252851486206","0.3109184056520462","0.30728840827941895","0.31327730417251587"
"558","0.15635358169674873","0.15068930387496948","0.17064307630062103","0.15504226833581924","0.1445893496274948","0.164886474609375","0.15632867440581322","0.1504480093717575","0.17114801704883575","0.2845522363980611","0.2514275908470154","0.33725956082344055","0.31116051226854324","0.30118903517723083","0.33362168073654175"
"559","0.17014459893107414","0.16641175746917725","0.17488425970077515","0.16816803812980652","0.16181261837482452","0.17581629753112793","0.17005838453769684","0.16619178652763367","0.1749405860900879","0.2955859104792277","0.26712167263031006","0.32682543992996216","0.3236275538802147","0.32049745321273804","0.32779157161712646"
"560","0.15971966087818146","0.15435144305229187","0.16250266134738922","0.15797333791851997","0.14634639024734497","0.17053671181201935","0.1596267856657505","0.15425503253936768","0.16195537149906158","0.2848465045293172","0.2563820779323578","0.3233027160167694","0.30790918320417404","0.3025181293487549","0.31258293986320496"
"561","0.1581629365682602","0.1454809308052063","0.16531851887702942","0.15765691176056862","0.1392088532447815","0.1739046573638916","0.15849652886390686","0.1457175761461258","0.1650875210762024","0.2854158282279968","0.25647619366645813","0.3224378824234009","0.3132234886288643","0.2990916967391968","0.3218289315700531"
"562","0.15840021148324013","0.14714166522026062","0.1798650175333023","0.15643265470862389","0.1426156759262085","0.18961375951766968","0.15843850746750832","0.14725838601589203","0.18041904270648956","0.2934928635756175","0.2686336636543274","0.3189466595649719","0.3225553184747696","0.30592870712280273","0.34681153297424316"
"563","0.15805461257696152","0.153244748711586","0.16424879431724548","0.15640001371502876","0.14795519411563873","0.16864116489887238","0.15775934979319572","0.152913898229599","0.1639920175075531","0.28483908375104267","0.2541692554950714","0.31596022844314575","0.32469452917575836","0.31944113969802856","0.3361385464668274"
"564","0.15736115351319313","0.1502947062253952","0.1623411774635315","0.15628722310066223","0.14623823761940002","0.1727561354637146","0.15756522119045258","0.150579035282135","0.16246242821216583","0.2779427667458852","0.26147234439849854","0.308235228061676","0.3101726770401001","0.3009502589702606","0.318945050239563"
"565","0.1634473092854023","0.16116052865982056","0.16591599583625793","0.16072000935673714","0.15660706162452698","0.17125822603702545","0.16347338259220123","0.1613813042640686","0.166222482919693","0.2859497368335724","0.2517542541027069","0.33447885513305664","0.31017066538333893","0.3034306764602661","0.32139161229133606"
"566","0.16616391763091087","0.16199661791324615","0.17321166396141052","0.1638713926076889","0.15491805970668793","0.1755819171667099","0.1664200723171234","0.1617216318845749","0.17285729944705963","0.28593072295188904","0.2608245015144348","0.32947075366973877","0.31807126104831696","0.30906933546066284","0.32670271396636963"
"567","0.1583038941025734","0.15329007804393768","0.16273315250873566","0.15694904327392578","0.1482628732919693","0.17216375470161438","0.15856527909636497","0.1535199135541916","0.16292718052864075","0.28481791416804","0.2582378387451172","0.3259761929512024","0.29983700066804886","0.2935795783996582","0.30545514822006226"
"568","0.16309111565351486","0.15460403263568878","0.16927969455718994","0.16113928332924843","0.14802515506744385","0.17340201139450073","0.16361688822507858","0.1548888087272644","0.17019957304000854","0.28802279631296795","0.2624053657054901","0.31441929936408997","0.3168806880712509","0.3067935109138489","0.3284400403499603"
"569","0.16234756261110306","0.14867345988750458","0.17140735685825348","0.16110394150018692","0.14302128553390503","0.17294257879257202","0.16276614740490913","0.14923784136772156","0.17223364114761353","0.2876306076844533","0.2563767731189728","0.3290185034275055","0.3092871606349945","0.29889535903930664","0.32070493698120117"
"570","0.15585416182875633","0.15169256925582886","0.16063165664672852","0.15304869413375854","0.14656729996204376","0.16141435503959656","0.15622927621006966","0.15275399386882782","0.1607562005519867","0.2809820969899495","0.251481831073761","0.32207703590393066","0.303953155875206","0.30147165060043335","0.3058146834373474"
"571","0.16051353886723518","0.15165051817893982","0.17078417539596558","0.15758633241057396","0.14416518807411194","0.1790764182806015","0.1608765944838524","0.15260374546051025","0.17083267867565155","0.2849987943967183","0.26945555210113525","0.3129037022590637","0.31137850135564804","0.30325382947921753","0.32099616527557373"
"572","0.16647114232182503","0.15117114782333374","0.18685010075569153","0.16608643904328346","0.1467103809118271","0.19875642657279968","0.1666322536766529","0.15129433572292328","0.18696032464504242","0.2975886066754659","0.27917221188545227","0.31196174025535583","0.3180088922381401","0.30082568526268005","0.3490428328514099"
"573","0.16527558863162994","0.15481537580490112","0.18607455492019653","0.16331983357667923","0.15426212549209595","0.17936669290065765","0.16560009866952896","0.15485428273677826","0.18661144375801086","0.29822983344395954","0.26205557584762573","0.3259615898132324","0.32381826639175415","0.31390443444252014","0.34262192249298096"
"574","0.1603919044137001","0.15714357793331146","0.16663828492164612","0.1603204682469368","0.15162025392055511","0.18240632116794586","0.16053033247590065","0.15762022137641907","0.1664431244134903","0.2895862857500712","0.27268487215042114","0.31957677006721497","0.30667614936828613","0.2987692356109619","0.32036322355270386"
"575","0.16575822234153748","0.15590432286262512","0.18894103169441223","0.16430730745196342","0.14979061484336853","0.18266108632087708","0.16602586582303047","0.1558128297328949","0.18897058069705963","0.2915442983309428","0.2612210810184479","0.31243348121643066","0.3177887946367264","0.30810415744781494","0.33958783745765686"
"576","0.16052844375371933","0.15315258502960205","0.17021098732948303","0.15944699943065643","0.14824290573596954","0.17049896717071533","0.16097808256745338","0.1540507674217224","0.17076003551483154","0.2818261384963989","0.2505543828010559","0.311193585395813","0.30768319219350815","0.3009733557701111","0.32281020283699036"
"577","0.15874981507658958","0.1513260453939438","0.1660977005958557","0.15728109329938889","0.14688612520694733","0.1735585331916809","0.1589813344180584","0.15166997909545898","0.16635221242904663","0.2795693476994832","0.2610231041908264","0.31257164478302","0.30768896639347076","0.3011970520019531","0.31621381640434265"
"578","0.1582995392382145","0.14998486638069153","0.16245442628860474","0.15681564062833786","0.15592296421527863","0.15802264213562012","0.15859630703926086","0.14983177185058594","0.16270235180854797","0.2818557818730672","0.24772429466247559","0.3215990662574768","0.30750543624162674","0.2981005311012268","0.3118770122528076"
"579","0.15890346467494965","0.1441945731639862","0.16712278127670288","0.15694547444581985","0.15201109647750854","0.1615167260169983","0.15939155593514442","0.1445414125919342","0.16765952110290527","0.277898704012235","0.24530790746212006","0.3209379315376282","0.3034094497561455","0.2886717915534973","0.31359952688217163"
"580","0.1652469038963318","0.15670549869537354","0.16909722983837128","0.16332190111279488","0.16201743483543396","0.1660042554140091","0.16560152173042297","0.1574651598930359","0.1694815754890442","0.2793102264404297","0.25250667333602905","0.31737464666366577","0.30586132407188416","0.29640981554985046","0.314002126455307"
"581","0.1646951399743557","0.15596087276935577","0.17459112405776978","0.16312496736645699","0.1478859782218933","0.1703791469335556","0.1649322211742401","0.15662020444869995","0.17472508549690247","0.2853211263815562","0.25320762395858765","0.3060729503631592","0.31055113673210144","0.2954883873462677","0.3278040885925293"
"582","0.15815867111086845","0.15543252229690552","0.1609531044960022","0.15674954652786255","0.15105250477790833","0.16885973513126373","0.15834873542189598","0.15591567754745483","0.1613805890083313","0.2778565287590027","0.24840685725212097","0.3079617917537689","0.30812399834394455","0.3036317825317383","0.31258243322372437"
"583","0.16492489725351334","0.14650309085845947","0.174610897898674","0.16340719535946846","0.14123675227165222","0.1823277473449707","0.165191862732172","0.1466476172208786","0.17478877305984497","0.28900716702143353","0.2673746943473816","0.31646114587783813","0.3025658428668976","0.28502151370048523","0.31345582008361816"
"584","0.1651475466787815","0.15505556762218475","0.1748126894235611","0.1641872636973858","0.15036161243915558","0.18036337196826935","0.16570289805531502","0.15602406859397888","0.17470403015613556","0.2951439718405406","0.2688305974006653","0.32897481322288513","0.3138573467731476","0.30229008197784424","0.3229300379753113"
"585","0.16732197627425194","0.16671651601791382","0.16818706691265106","0.16630175709724426","0.16202211380004883","0.17603188753128052","0.16765125840902328","0.16710175573825836","0.16818198561668396","0.2833002706368764","0.2596435844898224","0.31876933574676514","0.3068527653813362","0.3043277859687805","0.3090798854827881"
"586","0.16937265172600746","0.1613985151052475","0.18285588920116425","0.1686159372329712","0.1566462367773056","0.17907215654850006","0.16947609931230545","0.1612309217453003","0.18378421664237976","0.2903970579306285","0.25748926401138306","0.3368498384952545","0.31647737324237823","0.3095846176147461","0.33008086681365967"
"587","0.15890837088227272","0.15134260058403015","0.1638680398464203","0.15823930874466896","0.14657092094421387","0.17638973891735077","0.15914062783122063","0.1522749662399292","0.16376104950904846","0.27504095435142517","0.26287856698036194","0.2992666959762573","0.2966889217495918","0.28923729062080383","0.3010289669036865"
"588","0.1616310179233551","0.15240362286567688","0.16885286569595337","0.16010810434818268","0.15553297102451324","0.16355706751346588","0.16210408881306648","0.1529494971036911","0.16923369467258453","0.27479591965675354","0.24176186323165894","0.3100091814994812","0.3080826923251152","0.2857285439968109","0.3249775171279907"
"589","0.16123057156801224","0.14312246441841125","0.16889087855815887","0.15837439894676208","0.13946890830993652","0.17822134494781494","0.16148151829838753","0.14365944266319275","0.16946756839752197","0.2827019989490509","0.25274500250816345","0.3267176151275635","0.3116200119256973","0.29266679286956787","0.32249462604522705"
"590","0.1595815122127533","0.1451568454504013","0.1748116910457611","0.1581806093454361","0.1400654911994934","0.17209458351135254","0.15998993068933487","0.14545220136642456","0.17497618496418","0.2729378839333852","0.2532326877117157","0.3078744411468506","0.31127485632896423","0.2954556345939636","0.3324598968029022"
"591","0.16031533852219582","0.15038034319877625","0.17133581638336182","0.15834975987672806","0.14506833255290985","0.17963184416294098","0.16037838906049728","0.15079884231090546","0.17142784595489502","0.2803064286708832","0.26061272621154785","0.3167492747306824","0.3099910691380501","0.30145561695098877","0.31917935609817505"
"592","0.16243796795606613","0.15289156138896942","0.17198726534843445","0.16029484197497368","0.15502922236919403","0.16766658425331116","0.1625443622469902","0.15293654799461365","0.17329326272010803","0.28856849670410156","0.2491370439529419","0.34411904215812683","0.3053772523999214","0.2927510738372803","0.3195638656616211"
"593","0.15830061584711075","0.1483316719532013","0.16295166313648224","0.15804146975278854","0.15535679459571838","0.16135253012180328","0.1584249958395958","0.14853639900684357","0.16327400505542755","0.2846575677394867","0.25898388028144836","0.3192071318626404","0.30568160861730576","0.297370970249176","0.3088223338127136"
"594","0.16755282878875732","0.15994775295257568","0.17185240983963013","0.1666555292904377","0.16359210014343262","0.17016750574111938","0.16790826618671417","0.15990443527698517","0.17249803245067596","0.2843519945939382","0.24683719873428345","0.33020418882369995","0.3165246993303299","0.302541583776474","0.32776695489883423"
"595","0.15884185582399368","0.15463212132453918","0.16557559370994568","0.15821145847439766","0.15059801936149597","0.17647898197174072","0.15941492840647697","0.15546880662441254","0.16628995537757874","0.28811850150426227","0.2716304361820221","0.31940093636512756","0.3118232861161232","0.30585581064224243","0.3255629539489746"
"596","0.16244203597307205","0.15859326720237732","0.16481857001781464","0.16239691525697708","0.15376168489456177","0.17469629645347595","0.16290690749883652","0.1588999330997467","0.16507169604301453","0.28180811802546185","0.2580694854259491","0.3189345598220825","0.3029094412922859","0.29931893944740295","0.30603206157684326"
"597","0.1592131368815899","0.14793318510055542","0.17018038034439087","0.1566099226474762","0.14348268508911133","0.16597957909107208","0.15942256897687912","0.14797422289848328","0.17052501440048218","0.27703672647476196","0.25750935077667236","0.3038843870162964","0.31198641657829285","0.3037568926811218","0.32117486000061035"
"598","0.16779088973999023","0.1642737239599228","0.17133857309818268","0.16609027609229088","0.15850672125816345","0.17849484086036682","0.16844676434993744","0.16488513350486755","0.17266705632209778","0.29721130927403766","0.26688799262046814","0.34567227959632874","0.3112824186682701","0.3076111078262329","0.3187825083732605"
"599","0.16021034866571426","0.14632301032543182","0.1728370040655136","0.1591588445007801","0.14071938395500183","0.18327872455120087","0.1605633907020092","0.14636091887950897","0.17330136895179749","0.29140379031499225","0.27331221103668213","0.31736087799072266","0.31665512174367905","0.2945496439933777","0.335908442735672"
"600","0.16094398126006126","0.1582762897014618","0.16252276301383972","0.15917104110121727","0.15594521164894104","0.1656985580921173","0.16114218533039093","0.15783463418483734","0.16241787374019623","0.2728522817293803","0.24583148956298828","0.30845826864242554","0.3026384711265564","0.29739052057266235","0.30493539571762085"
"601","0.17296183481812477","0.16911515593528748","0.17721614241600037","0.17243723198771477","0.16600516438484192","0.1834930181503296","0.17334624752402306","0.1705201268196106","0.17732736468315125","0.294987420241038","0.26963940262794495","0.3297026753425598","0.32391853630542755","0.3160553276538849","0.3299471139907837"
"602","0.1699754260480404","0.15471738576889038","0.17919722199440002","0.1681220792233944","0.14941443502902985","0.18666547536849976","0.17016937211155891","0.15445822477340698","0.17925500869750977","0.2952472468217214","0.2794354259967804","0.31774425506591797","0.320904403924942","0.3045983910560608","0.3306542932987213"
"603","0.15872939303517342","0.1472841203212738","0.17160966992378235","0.15682058781385422","0.1426132172346115","0.16583077609539032","0.15891192108392715","0.14804747700691223","0.1712571084499359","0.270797739426295","0.24389499425888062","0.297078013420105","0.3029090464115143","0.28960084915161133","0.3234924077987671"
"604","0.16163170710206032","0.16032980382442474","0.16332100331783295","0.16006182506680489","0.15631674230098724","0.1706646829843521","0.16206607595086098","0.16061997413635254","0.16365556418895721","0.2784069577852885","0.25760501623153687","0.30989283323287964","0.3061375692486763","0.30201515555381775","0.3096486032009125"
"605","0.1638222374022007","0.15928243100643158","0.1742754429578781","0.16099491342902184","0.1533353179693222","0.18153025209903717","0.16385561227798462","0.15914970636367798","0.17477798461914062","0.2886909246444702","0.2721625864505768","0.321236789226532","0.3079810291528702","0.3046311140060425","0.31598997116088867"
"606","0.16792726889252663","0.16413193941116333","0.1755273938179016","0.1663769856095314","0.15781867504119873","0.18698474764823914","0.16804032400250435","0.1642579287290573","0.1752563714981079","0.2932305733362834","0.27311640977859497","0.3319302797317505","0.32052838057279587","0.3172847628593445","0.32594066858291626"
"607","0.16808968037366867","0.15759341418743134","0.1800493746995926","0.16646437719464302","0.15256093442440033","0.18893900513648987","0.16811272501945496","0.15731185674667358","0.1802213191986084","0.29073139031728107","0.27307915687561035","0.31998804211616516","0.31459423154592514","0.30535078048706055","0.3294093608856201"
"608","0.14895900338888168","0.1419840157032013","0.1561911553144455","0.1473216377198696","0.13708074390888214","0.1546367108821869","0.14928865805268288","0.14228294789791107","0.15630781650543213","0.2631369431813558","0.2389851212501526","0.3034444749355316","0.2847859114408493","0.2783300280570984","0.2955423593521118"
"609","0.15904225036501884","0.1476554572582245","0.17549529671669006","0.1577608585357666","0.14118452370166779","0.18673688173294067","0.15951250866055489","0.1473369002342224","0.17599651217460632","0.2863344649473826","0.25884777307510376","0.31843239068984985","0.3055921643972397","0.29071110486984253","0.3313576281070709"
"610","0.15750127658247948","0.14792539179325104","0.17111369967460632","0.15728111192584038","0.14638987183570862","0.16521504521369934","0.15803660079836845","0.14879563450813293","0.1714387685060501","0.27201276024182636","0.25016796588897705","0.3114060163497925","0.30178138613700867","0.2901960611343384","0.3145968019962311"
"612","0.15975217521190643","0.1472548544406891","0.16917720437049866","0.15812621638178825","0.1421906054019928","0.17773181200027466","0.15988828986883163","0.14748087525367737","0.16933855414390564","0.2781442205111186","0.25302132964134216","0.3113267123699188","0.30297165364027023","0.2905442416667938","0.31264692544937134"
"613","0.1588529571890831","0.15549486875534058","0.16220122575759888","0.15781576558947563","0.1516527235507965","0.1662299931049347","0.15913309901952744","0.15584149956703186","0.1622074842453003","0.27506065368652344","0.2486472725868225","0.31210726499557495","0.3019678294658661","0.2959641218185425","0.3057730793952942"
"614","0.16802199184894562","0.16099688410758972","0.17664723098278046","0.1664435900747776","0.1557348519563675","0.17231929302215576","0.16829051077365875","0.16176168620586395","0.17633575201034546","0.28574874997138977","0.25826722383499146","0.3202193081378937","0.3112946003675461","0.304567813873291","0.32631731033325195"
"615","0.15963326767086983","0.1514005959033966","0.16729603707790375","0.1587270349264145","0.14889243245124817","0.1692982017993927","0.15984243527054787","0.151741623878479","0.16766400635242462","0.2748271922270457","0.25194066762924194","0.30486392974853516","0.303669773042202","0.2989094853401184","0.3080657124519348"
"616","0.16178106889128685","0.14973905682563782","0.17243745923042297","0.16097062826156616","0.1455238312482834","0.1681513786315918","0.1622362695634365","0.1495184451341629","0.17313969135284424","0.2852965792020162","0.2585696578025818","0.3379104733467102","0.3186863958835602","0.3055764436721802","0.3323172628879547"
"617","0.15845156461000443","0.1533742994070053","0.16791267693042755","0.15543992072343826","0.14656680822372437","0.17486101388931274","0.15870686993002892","0.15344437956809998","0.16846218705177307","0.281485656897227","0.26693984866142273","0.3026837110519409","0.3083445727825165","0.30042147636413574","0.3276483416557312"
"618","0.158963892608881","0.1510201096534729","0.16870589554309845","0.15845029801130295","0.15101689100265503","0.1643533706665039","0.15926116332411766","0.1511380523443222","0.16877403855323792","0.27530185381571454","0.25381216406822205","0.3159293830394745","0.30993837863206863","0.3026861548423767","0.3222561180591583"
"619","0.15863413736224174","0.1557951122522354","0.1632327288389206","0.15711184963583946","0.15120014548301697","0.16891688108444214","0.15895498171448708","0.15596096217632294","0.16415540874004364","0.27826836705207825","0.25180768966674805","0.32368528842926025","0.303686261177063","0.28965580463409424","0.33236977458000183"
"620","0.15908049792051315","0.1496579349040985","0.16582584381103516","0.15804437920451164","0.15458320081233978","0.16100461781024933","0.1590263657271862","0.15001733601093292","0.16542433202266693","0.2744000603755315","0.24773602187633514","0.30805808305740356","0.29622236639261246","0.2890337407588959","0.3018726110458374"
"621","0.1604827120900154","0.1535729467868805","0.16900503635406494","0.15866976231336594","0.14574995636940002","0.17788057029247284","0.16049791127443314","0.15368683636188507","0.16914016008377075","0.2739284535249074","0.2568756639957428","0.30416053533554077","0.2992815151810646","0.29547175765037537","0.30481040477752686"
"622","0.16660697758197784","0.1612398624420166","0.17872965335845947","0.16510191932320595","0.15770846605300903","0.17245405912399292","0.16684257984161377","0.16241124272346497","0.17895230650901794","0.27969032526016235","0.25879809260368347","0.31112366914749146","0.30805201828479767","0.30279091000556946","0.3202018439769745"
"623","0.15674998611211777","0.14352667331695557","0.1665862500667572","0.15573382377624512","0.13887742161750793","0.17206496000289917","0.15692342072725296","0.14411760866641998","0.1664029210805893","0.27222047249476117","0.2596414089202881","0.29173603653907776","0.3017793148756027","0.2921507954597473","0.3123076856136322"
"624","0.16288524121046066","0.15216605365276337","0.17055489122867584","0.16033828258514404","0.14642801880836487","0.17822644114494324","0.16306953877210617","0.1519113928079605","0.1705770492553711","0.28295613328615826","0.2635992467403412","0.3099344074726105","0.3147093951702118","0.3075275421142578","0.3298512101173401"
"625","0.16018690541386604","0.15450003743171692","0.16751398146152496","0.15704785287380219","0.14938142895698547","0.17316026985645294","0.16053447499871254","0.1553322672843933","0.1678568720817566","0.28490500648816425","0.2675397992134094","0.31530576944351196","0.30713894963264465","0.3007080554962158","0.3135473430156708"
"626","0.15726613998413086","0.1519836038351059","0.16562628746032715","0.1549772471189499","0.14370787143707275","0.16254928708076477","0.15745539963245392","0.1520804762840271","0.16639631986618042","0.2771161695321401","0.2523708641529083","0.30375581979751587","0.2980697974562645","0.28954166173934937","0.3077496290206909"
"627","0.15414628386497498","0.14951977133750916","0.158036470413208","0.1527852900326252","0.14545203745365143","0.16663458943367004","0.1543728969991207","0.14986366033554077","0.1584295630455017","0.2733053167661031","0.25648146867752075","0.30624455213546753","0.30654892325401306","0.2993062138557434","0.3142092227935791"
"628","0.16335667669773102","0.1583721786737442","0.16983115673065186","0.1607251688838005","0.15203458070755005","0.16846692562103271","0.16335126757621765","0.15835164487361908","0.16945458948612213","0.286353866259257","0.25697389245033264","0.33186548948287964","0.30911073088645935","0.30449220538139343","0.3179539442062378"
"629","0.16334723681211472","0.15611498057842255","0.16759219765663147","0.16161159798502922","0.1524963527917862","0.17560867965221405","0.16369811445474625","0.15650174021720886","0.16789701581001282","0.2806769212086995","0.26502659916877747","0.30177563428878784","0.31622663885354996","0.3030325770378113","0.3213787376880646"
"630","0.1594918668270111","0.1516430377960205","0.16753070056438446","0.1580527499318123","0.14653390645980835","0.17736074328422546","0.15969156846404076","0.1515219658613205","0.16838398575782776","0.2707645098368327","0.2542545795440674","0.29812127351760864","0.29599979519844055","0.2925060987472534","0.30377447605133057"
"631","0.16014446318149567","0.15138579905033112","0.16574668884277344","0.1581750623881817","0.14669105410575867","0.16566190123558044","0.16030480712652206","0.15156999230384827","0.16548171639442444","0.28149716059366864","0.25315213203430176","0.3226396441459656","0.29637549072504044","0.2872041165828705","0.30415475368499756"
"632","0.15228189155459404","0.14572396874427795","0.16150400042533875","0.1515059433877468","0.1415885090827942","0.16002939641475677","0.1524144895374775","0.14597521722316742","0.16159771382808685","0.2739577392737071","0.24426206946372986","0.3142874240875244","0.2926997095346451","0.28442633152008057","0.2990064024925232"
"633","0.16441434621810913","0.1490338146686554","0.1744847595691681","0.16335658356547356","0.1436237096786499","0.1817501187324524","0.16470053046941757","0.14916107058525085","0.17463168501853943","0.27340079347292584","0.2398088276386261","0.31715959310531616","0.29856280982494354","0.2770623564720154","0.313571035861969"
"634","0.16760528087615967","0.1616620421409607","0.17091810703277588","0.16668761521577835","0.15808215737342834","0.18044205009937286","0.16779131442308426","0.16217531263828278","0.17111730575561523","0.2867952585220337","0.2582126259803772","0.33554214239120483","0.31150730699300766","0.3060533106327057","0.3171834945678711"
"635","0.15197991579771042","0.14738568663597107","0.15638600289821625","0.14974642917513847","0.14129771292209625","0.1646682769060135","0.15241020172834396","0.14793598651885986","0.15673300623893738","0.2742500106493632","0.25768744945526123","0.30015137791633606","0.2988324463367462","0.29555410146713257","0.30281221866607666"
"636","0.17008116468787193","0.16111060976982117","0.17708614468574524","0.16651973500847816","0.15584206581115723","0.17608150839805603","0.1701330728828907","0.161365807056427","0.17773067951202393","0.2971036434173584","0.2788619101047516","0.33303630352020264","0.31966788321733475","0.3068728446960449","0.32721495628356934"
"637","0.16716668382287025","0.14789363741874695","0.18150325119495392","0.16558481380343437","0.1448984593153","0.18846994638442993","0.16746845841407776","0.14841985702514648","0.18168286979198456","0.2951682507991791","0.28668078780174255","0.30892184376716614","0.32423125207424164","0.3037547469139099","0.33872097730636597"
"638","0.15714131295681","0.15144038200378418","0.16556647419929504","0.15454734861850739","0.1460808515548706","0.16041776537895203","0.15733227133750916","0.1512547880411148","0.16568578779697418","0.2713388999303182","0.2510012090206146","0.3097085654735565","0.3008103370666504","0.2934834361076355","0.30987393856048584"
"639","0.16408025473356247","0.15910674631595612","0.1700640618801117","0.16236990317702293","0.15349772572517395","0.17361950874328613","0.16419249400496483","0.15869633853435516","0.1701280176639557","0.2845163742701213","0.26209479570388794","0.3140869438648224","0.30727509409189224","0.2957445979118347","0.3199501633644104"
"640","0.16067763417959213","0.1465679407119751","0.17709216475486755","0.15826541557908058","0.14451441168785095","0.17278537154197693","0.16098744794726372","0.1466563194990158","0.17756494879722595","0.27644554277261096","0.244087353348732","0.30251434445381165","0.3077937960624695","0.29025840759277344","0.3293840289115906"
"641","0.16367196291685104","0.16035248339176178","0.16898539662361145","0.16025221347808838","0.15423783659934998","0.17448937892913818","0.16383497416973114","0.1599751114845276","0.16931036114692688","0.28377018372217816","0.26388615369796753","0.32237857580184937","0.3064965307712555","0.30207374691963196","0.30936336517333984"
"642","0.16276384890079498","0.15831412374973297","0.16821140050888062","0.16017960384488106","0.15146009624004364","0.1668705940246582","0.1628892533481121","0.1575886309146881","0.16818341612815857","0.2812088330586751","0.257311075925827","0.31876498460769653","0.3112383633852005","0.30326932668685913","0.3204379677772522"
"643","0.15988748893141747","0.14914023876190186","0.1732303947210312","0.15804868191480637","0.14907841384410858","0.16780629754066467","0.16008538007736206","0.14952662587165833","0.17324265837669373","0.2835037310918172","0.25416815280914307","0.31828558444976807","0.32077478617429733","0.3005470633506775","0.3494579493999481"
"644","0.1605732962489128","0.1547575294971466","0.16720055043697357","0.15752514824271202","0.14993074536323547","0.17289946973323822","0.16104422137141228","0.1549486517906189","0.16763588786125183","0.2802710334459941","0.26135486364364624","0.3166881203651428","0.30660969763994217","0.29679715633392334","0.3133871853351593"
"645","0.16668230667710304","0.15916454792022705","0.17570942640304565","0.16530848294496536","0.15911254286766052","0.16975104808807373","0.1667473018169403","0.15893544256687164","0.17588558793067932","0.2863091826438904","0.261102557182312","0.32573479413986206","0.3156062439084053","0.3050405979156494","0.3310452401638031"
"646","0.16488056629896164","0.15365272760391235","0.1783818006515503","0.16323298960924149","0.14871135354042053","0.17257191240787506","0.16520366072654724","0.15415272116661072","0.17836086452007294","0.278218815724055","0.2511132061481476","0.33014973998069763","0.30954404175281525","0.29532602429389954","0.32351386547088623"
"647","0.1656523011624813","0.15284162759780884","0.17671041190624237","0.16330108419060707","0.14844051003456116","0.17744866013526917","0.1658152900636196","0.1531834900379181","0.1767256259918213","0.2875567177931468","0.261343389749527","0.31375405192375183","0.31257210671901703","0.2980087399482727","0.32613950967788696"
"648","0.16016590222716331","0.1540306955575943","0.16458110511302948","0.1592700555920601","0.14839613437652588","0.16895073652267456","0.1603679545223713","0.15445517003536224","0.16467894613742828","0.272078533967336","0.2501421570777893","0.31080931425094604","0.2997239753603935","0.29657384753227234","0.30200472474098206"
"649","0.16135932132601738","0.15521970391273499","0.16396063566207886","0.1591857597231865","0.15092648565769196","0.16974040865898132","0.161600723862648","0.15522731840610504","0.16403551399707794","0.2781652013460795","0.25507301092147827","0.31752651929855347","0.29970356076955795","0.29002416133880615","0.30521440505981445"
"650","0.15415823459625244","0.14339184761047363","0.17080071568489075","0.15274710208177567","0.1358778029680252","0.1800973117351532","0.15444114059209824","0.14377379417419434","0.1711554229259491","0.27205262581507367","0.25577953457832336","0.2908726632595062","0.3003692403435707","0.2858762741088867","0.3210485875606537"
"651","0.16318152099847794","0.1544189304113388","0.1692766547203064","0.16054698079824448","0.15555419027805328","0.16305631399154663","0.16334352269768715","0.15486711263656616","0.1695728302001953","0.2805944283803304","0.25289401412010193","0.31701162457466125","0.30669599026441574","0.30203408002853394","0.31327614188194275"
"652","0.15970313921570778","0.15739217400550842","0.16325540840625763","0.1582011766731739","0.1522476226091385","0.16823768615722656","0.15990141779184341","0.15761223435401917","0.16361069679260254","0.2751252551873525","0.25427600741386414","0.30800026655197144","0.3052336275577545","0.30079036951065063","0.3108830451965332"
"653","0.1613617017865181","0.15474049746990204","0.17269599437713623","0.15853503346443176","0.1491016149520874","0.16676592826843262","0.16130489856004715","0.15496185421943665","0.1722264438867569","0.2835591336091359","0.25259071588516235","0.32803013920783997","0.3009023740887642","0.295606791973114","0.31248241662979126"
"654","0.1586824767291546","0.14918529987335205","0.16965150833129883","0.1573062725365162","0.14452078938484192","0.16873982548713684","0.1586003601551056","0.14937740564346313","0.16950300335884094","0.28333425521850586","0.26852214336395264","0.3035350739955902","0.3090599998831749","0.2974233627319336","0.31843695044517517"
"655","0.1660912036895752","0.15971598029136658","0.17270000278949738","0.16354975476861","0.1559591144323349","0.17027007043361664","0.166288573294878","0.15996746718883514","0.17278222739696503","0.2850159207979838","0.26856911182403564","0.305178701877594","0.3131945952773094","0.30444374680519104","0.3206499516963959"
"656","0.155928373336792","0.1510603129863739","0.16117554903030396","0.15435074269771576","0.14670422673225403","0.16778357326984406","0.15635525435209274","0.15143683552742004","0.1608855426311493","0.2717313865820567","0.250460147857666","0.31150296330451965","0.29281293600797653","0.2853681743144989","0.298953652381897"
"657","0.16381331160664558","0.15692390501499176","0.16821406781673431","0.1617661826312542","0.152174711227417","0.17112767696380615","0.16416915133595467","0.15672598779201508","0.16892072558403015","0.2859846552213033","0.26125556230545044","0.32854774594306946","0.30178897827863693","0.2944299876689911","0.30993834137916565"
"658","0.15817638114094734","0.1509895771741867","0.1636032909154892","0.15659207105636597","0.14444813132286072","0.17428910732269287","0.15833554416894913","0.15105758607387543","0.16399560868740082","0.28510411580403644","0.26692137122154236","0.32059183716773987","0.2992921620607376","0.28719985485076904","0.30582118034362793"
"659","0.15787746384739876","0.14756208658218384","0.16645601391792297","0.15631137043237686","0.15151172876358032","0.16062986850738525","0.15803171321749687","0.14753516018390656","0.16667895019054413","0.27254488070805866","0.23944804072380066","0.31078797578811646","0.2946650981903076","0.2876080274581909","0.30120015144348145"
"660","0.16142472997307777","0.15339411795139313","0.1657719761133194","0.15886792168021202","0.14783941209316254","0.17183807492256165","0.1617056466639042","0.15370552241802216","0.16616496443748474","0.28820271293322247","0.26690760254859924","0.325428307056427","0.3142130821943283","0.3090208172798157","0.3199011981487274"
"661","0.15274492278695107","0.14131805300712585","0.15937189757823944","0.1509062983095646","0.13716544210910797","0.16271081566810608","0.15277249738574028","0.14132215082645416","0.15949901938438416","0.26491085191567737","0.24678461253643036","0.2883768379688263","0.28769171237945557","0.2735011577606201","0.2946431636810303"
"662","0.1611681617796421","0.157002791762352","0.16457980871200562","0.16061464697122574","0.154999241232872","0.1725810468196869","0.16137181967496872","0.157663032412529","0.16516107320785522","0.27958886822064716","0.26247113943099976","0.3123932182788849","0.3069906458258629","0.3020494878292084","0.31251659989356995"
"663","0.15445495396852493","0.14638842642307281","0.1605384200811386","0.15270059183239937","0.1492042988538742","0.1560446321964264","0.15459535643458366","0.14677856862545013","0.16073279082775116","0.2713467478752136","0.24163511395454407","0.30812010169029236","0.2947794124484062","0.28851601481437683","0.3023926019668579"
"664","0.15790493041276932","0.14273743331432343","0.16787514090538025","0.15681419894099236","0.13793250918388367","0.1674853265285492","0.15841513127088547","0.14306548237800598","0.1687842309474945","0.2830287615458171","0.2547309398651123","0.31760042905807495","0.3034563437104225","0.28979724645614624","0.31770744919776917"
"665","0.1584523543715477","0.14955538511276245","0.16597795486450195","0.1562199741601944","0.14332471787929535","0.16649077832698822","0.15855828300118446","0.14965058863162994","0.1661141812801361","0.2729625354210536","0.24698376655578613","0.3232005536556244","0.2945389524102211","0.28514447808265686","0.3038479685783386"
"666","0.16041695699095726","0.15154589712619781","0.17503231763839722","0.15901727601885796","0.1477513313293457","0.16987498104572296","0.16077610105276108","0.15248599648475647","0.17471927404403687","0.27652430534362793","0.2489912211894989","0.3038032352924347","0.30401450395584106","0.2956729531288147","0.31388479471206665"
"667","0.16065258532762527","0.15991303324699402","0.1618669033050537","0.1584538035094738","0.1544666588306427","0.16853682696819305","0.16052620857954025","0.15921279788017273","0.16196945309638977","0.27536306778589886","0.25461241602897644","0.3051614463329315","0.30228641629219055","0.29945307970046997","0.3058773875236511"
"668","0.1587664633989334","0.15055841207504272","0.1655905693769455","0.1559295319020748","0.14538484811782837","0.162432461977005","0.15922558680176735","0.15119700133800507","0.16567489504814148","0.2697705427805583","0.23972555994987488","0.3155009150505066","0.29819995909929276","0.29271411895751953","0.3039119839668274"
"669","0.16243862733244896","0.1557997465133667","0.17905652523040771","0.1599544622004032","0.14925944805145264","0.17300957441329956","0.16286301240324974","0.15584681928157806","0.17979176342487335","0.2762422015269597","0.24395249783992767","0.3047317862510681","0.3036612421274185","0.29308179020881653","0.3228531777858734"
"670","0.1648145727813244","0.1581268161535263","0.168305441737175","0.16274801269173622","0.1532256007194519","0.17310847342014313","0.16499383747577667","0.15802635252475739","0.1685389280319214","0.28294962644577026","0.25766152143478394","0.32872772216796875","0.3084186464548111","0.30499911308288574","0.3148982524871826"
"671","0.16708996146917343","0.16651612520217896","0.1677505224943161","0.16410838812589645","0.16086214780807495","0.17094995081424713","0.1673668548464775","0.1666904091835022","0.1681753695011139","0.2866855561733246","0.2629939019680023","0.33250993490219116","0.3104119971394539","0.30399173498153687","0.31814056634902954"
"672","0.1702612116932869","0.16248658299446106","0.17514806985855103","0.16909705102443695","0.15727095305919647","0.1811857670545578","0.17035268992185593","0.16262805461883545","0.1751822531223297","0.28802404801050824","0.2662040591239929","0.3270401954650879","0.32107125222682953","0.3134317398071289","0.3292686641216278"
"673","0.15927959606051445","0.15171822905540466","0.16836433112621307","0.15688035637140274","0.14694646000862122","0.16826951503753662","0.15975850820541382","0.15203768014907837","0.1694120317697525","0.27588358521461487","0.2579439580440521","0.31175369024276733","0.2971735894680023","0.2916582524776459","0.3026823103427887"
"674","0.15765507891774178","0.15358445048332214","0.16188117861747742","0.15582804381847382","0.15047258138656616","0.1597898006439209","0.15774403512477875","0.15341459214687347","0.16183926165103912","0.26970650752385456","0.24584341049194336","0.29769885540008545","0.2966624051332474","0.2873823046684265","0.30520182847976685"
"675","0.1554822325706482","0.14911478757858276","0.15818622708320618","0.15312928333878517","0.14678460359573364","0.16349057853221893","0.15559929981827736","0.14977911114692688","0.15799443423748016","0.271959125995636","0.254032164812088","0.294686496257782","0.29552993178367615","0.2883210778236389","0.3003862500190735"
"676","0.15746143460273743","0.1504286527633667","0.16529947519302368","0.15611329674720764","0.14688800275325775","0.16446490585803986","0.15765158832073212","0.15012714266777039","0.1653522253036499","0.27208056052525836","0.250425785779953","0.3096771836280823","0.30114737898111343","0.2952057123184204","0.3079443573951721"
"677","0.1612182855606079","0.15809401869773865","0.1637243777513504","0.16022544726729393","0.1576024889945984","0.1653296947479248","0.1614585742354393","0.1584918200969696","0.1636996865272522","0.2824618915716807","0.2537359297275543","0.3274494409561157","0.29987862706184387","0.2958652675151825","0.3025619387626648"
"678","0.15989918261766434","0.1515260487794876","0.16422629356384277","0.1589151993393898","0.14777061343193054","0.17034265398979187","0.16019174084067345","0.15190674364566803","0.16482768952846527","0.27243174115816754","0.25205326080322266","0.3124238848686218","0.3077442795038223","0.3033408522605896","0.3118945360183716"
"679","0.16544197499752045","0.15454435348510742","0.17550265789031982","0.16364244744181633","0.16089525818824768","0.16918417811393738","0.16571400314569473","0.15507173538208008","0.17551270127296448","0.28074214855829877","0.2518613040447235","0.32357192039489746","0.30994516611099243","0.29965516924858093","0.3231348395347595"
"680","0.15763983875513077","0.15160056948661804","0.16458481550216675","0.15608909353613853","0.1469803750514984","0.15998275578022003","0.15766699612140656","0.15160027146339417","0.1646198332309723","0.2817164957523346","0.24626392126083374","0.31982356309890747","0.2974133566021919","0.28623268008232117","0.3090057969093323"
"681","0.16176461428403854","0.15489670634269714","0.1685052216053009","0.15931347757577896","0.14750704169273376","0.17532312870025635","0.16181012988090515","0.15440812706947327","0.1690768450498581","0.27443063259124756","0.25893664360046387","0.3029688000679016","0.30147822946310043","0.292866051197052","0.30690309405326843"
"682","0.15188131481409073","0.14612147212028503","0.15738028287887573","0.15092350542545319","0.14440594613552094","0.15583421289920807","0.1519203595817089","0.14618442952632904","0.15751296281814575","0.26910937825838727","0.24492639303207397","0.3138444423675537","0.29508770257234573","0.2879365384578705","0.30128294229507446"
"683","0.16671410202980042","0.15155446529388428","0.18980926275253296","0.16481561586260796","0.15407174825668335","0.1858803927898407","0.1670427918434143","0.15224578976631165","0.18996819853782654","0.2848896086215973","0.24644735455513","0.3173660635948181","0.3103013038635254","0.29616737365722656","0.33697307109832764"
"684","0.1582648754119873","0.15345703065395355","0.16370242834091187","0.15615864098072052","0.14940296113491058","0.1675250232219696","0.15831032022833824","0.15365594625473022","0.16333875060081482","0.27958670258522034","0.2569042146205902","0.3162645101547241","0.2987457439303398","0.2939356565475464","0.30115875601768494"
"685","0.16477563232183456","0.15963836014270782","0.17072048783302307","0.16244235634803772","0.15462909638881683","0.17033016681671143","0.16509782895445824","0.15948796272277832","0.17100246250629425","0.27600158254305523","0.25799429416656494","0.31019654870033264","0.29800451546907425","0.28835156559944153","0.30215662717819214"
"686","0.15850789099931717","0.13428649306297302","0.17025867104530334","0.15627626329660416","0.13025443255901337","0.16671232879161835","0.15860198810696602","0.13386262953281403","0.17070792615413666","0.2664145876963933","0.22630174458026886","0.3232823610305786","0.2937336191534996","0.2658263146877289","0.31025901436805725"
"687","0.16030799597501755","0.15383252501487732","0.1686302125453949","0.15957561507821083","0.1501142829656601","0.1670295000076294","0.1606675460934639","0.15376946330070496","0.1690845489501953","0.2714054584503174","0.24584808945655823","0.29898279905319214","0.30543434619903564","0.2989034950733185","0.31431129574775696"
"688","0.15611429512500763","0.14340220391750336","0.1653166115283966","0.15436235070228577","0.1471995860338211","0.15911710262298584","0.15619734674692154","0.1433766484260559","0.16567859053611755","0.2691134512424469","0.2360554337501526","0.31021514534950256","0.2926050126552582","0.28376904129981995","0.2970125675201416"
"689","0.17139749974012375","0.16111551225185394","0.1802075207233429","0.16957149654626846","0.1569296419620514","0.18589423596858978","0.1715155616402626","0.16141068935394287","0.18021264672279358","0.2855624357859294","0.26534169912338257","0.3097193241119385","0.30554378777742386","0.29154613614082336","0.3163910210132599"
"690","0.16495439410209656","0.15825222432613373","0.16956274211406708","0.16316049173474312","0.1537400782108307","0.17891556024551392","0.16511023044586182","0.1586381047964096","0.1696476936340332","0.2749191423257192","0.2513323128223419","0.3121710419654846","0.30172640085220337","0.293535053730011","0.31030145287513733"
"691","0.16754348948597908","0.15537390112876892","0.178484708070755","0.16670095175504684","0.1519526094198227","0.18772830069065094","0.16779717057943344","0.15593242645263672","0.17878179252147675","0.27627915143966675","0.2611342966556549","0.3014993369579315","0.30662938952445984","0.2931958734989166","0.3159359395503998"
"692","0.1571098528802395","0.1465861052274704","0.1685553342103958","0.1545979268848896","0.14947669208049774","0.16121742129325867","0.15708689391613007","0.1470361351966858","0.1685483455657959","0.2728583514690399","0.24587300419807434","0.31772691011428833","0.29686950892210007","0.29171574115753174","0.3016231954097748"
"693","0.15810774639248848","0.14815330505371094","0.1738685518503189","0.15682654082775116","0.14505764842033386","0.16952654719352722","0.15849417448043823","0.1490257978439331","0.1742393970489502","0.2668280452489853","0.24982063472270966","0.2944925129413605","0.2997569814324379","0.2905077338218689","0.3130027651786804"
"694","0.15875905007123947","0.14456060528755188","0.16388413310050964","0.15773054584860802","0.1415485143661499","0.172571063041687","0.1591760329902172","0.14513373374938965","0.1641242802143097","0.2794597347577413","0.25430434942245483","0.3186950385570526","0.2998086214065552","0.2838714122772217","0.3062277138233185"
"695","0.16086392104625702","0.14948904514312744","0.17944692075252533","0.1593322865664959","0.15317629277706146","0.17462748289108276","0.16110267490148544","0.14994484186172485","0.17917127907276154","0.2635189692179362","0.23496010899543762","0.30637404322624207","0.2910911664366722","0.2812420427799225","0.3115598261356354"
"696","0.16103510558605194","0.1509869396686554","0.17755912244319916","0.15837286785244942","0.1527785062789917","0.17059209942817688","0.16112170740962029","0.1512030065059662","0.17776814103126526","0.275977889696757","0.2463056743144989","0.32679662108421326","0.30630192160606384","0.29281723499298096","0.3266703486442566"
"697","0.15372681617736816","0.1501336693763733","0.15677697956562042","0.152133759111166","0.14616358280181885","0.1641276478767395","0.15396437793970108","0.14998961985111237","0.15677523612976074","0.2702114482720693","0.25035330653190613","0.30717235803604126","0.29540423303842545","0.29287993907928467","0.29973918199539185"
"698","0.1597682163119316","0.14833660423755646","0.16876018047332764","0.15740562975406647","0.14380894601345062","0.16586032509803772","0.1585962511599064","0.14807471632957458","0.16894255578517914","0.27362239360809326","0.2510448098182678","0.3183281421661377","0.3155263438820839","0.2925035357475281","0.34991151094436646"
"699","0.16412124410271645","0.155167356133461","0.17755860090255737","0.1623094491660595","0.15055111050605774","0.17307695746421814","0.16445371136069298","0.15532058477401733","0.17843939363956451","0.2829069495201111","0.2528405785560608","0.3368370831012726","0.30220184475183487","0.29275256395339966","0.31985074281692505"
"700","0.16357479616999626","0.15689274668693542","0.17195788025856018","0.16067984700202942","0.1522137075662613","0.17720401287078857","0.1636073738336563","0.1571243852376938","0.1714388132095337","0.279601126909256","0.2596781849861145","0.31112051010131836","0.3059719055891037","0.29835736751556396","0.3122621178627014"
"701","0.15369290485978127","0.14604267477989197","0.16628211736679077","0.15178737044334412","0.14264313876628876","0.16180536150932312","0.1539207398891449","0.14625316858291626","0.16616128385066986","0.2600915729999542","0.23940950632095337","0.28230518102645874","0.2809354215860367","0.27197664976119995","0.2936439514160156"
"702","0.15786907449364662","0.15026462078094482","0.16408194601535797","0.1562863625586033","0.15409353375434875","0.16156929731369019","0.15808484330773354","0.14988398551940918","0.16466815769672394","0.2731025964021683","0.23931743204593658","0.31928762793540955","0.2959500551223755","0.2873535752296448","0.3038562536239624"
"703","0.16230593249201775","0.1514085829257965","0.17322677373886108","0.1597168892621994","0.14701807498931885","0.17815609276294708","0.1625947803258896","0.15254837274551392","0.17333738505840302","0.27415374914805096","0.26483508944511414","0.2831665575504303","0.2986222133040428","0.2832976281642914","0.3122670352458954"
"704","0.16200469434261322","0.15323013067245483","0.17657789587974548","0.15946576744318008","0.15135852992534637","0.17086336016654968","0.16200364753603935","0.15287244319915771","0.1769569218158722","0.27190880477428436","0.23904122412204742","0.30148935317993164","0.3081759512424469","0.29723572731018066","0.31992214918136597"
"705","0.16211383417248726","0.15160846710205078","0.17059187591075897","0.15975483506917953","0.1468469500541687","0.16572856903076172","0.16215504333376884","0.15174394845962524","0.1703340709209442","0.2660268743832906","0.2484915554523468","0.2890334129333496","0.2960832267999649","0.2855914235115051","0.3018398880958557"
"706","0.15441370382905006","0.15105699002742767","0.15711218118667603","0.1533649079501629","0.1451442837715149","0.16488340497016907","0.15481356903910637","0.15152499079704285","0.15771521627902985","0.2648082176844279","0.24566304683685303","0.29690802097320557","0.29307693243026733","0.2911517322063446","0.2957265079021454"
"707","0.16085661947727203","0.15226659178733826","0.16954109072685242","0.15771695226430893","0.14747318625450134","0.17342382669448853","0.16068275272846222","0.15230266749858856","0.16932326555252075","0.2749730348587036","0.24807298183441162","0.317768394947052","0.2912171706557274","0.28091585636138916","0.3037293553352356"
"708","0.1611684449017048","0.15324655175209045","0.16804620623588562","0.15961559489369392","0.148121178150177","0.16612353920936584","0.16125455498695374","0.15391473472118378","0.16776852309703827","0.2743406295776367","0.25233393907546997","0.30784839391708374","0.3031678944826126","0.29667478799819946","0.3096708059310913"
"709","0.15927118435502052","0.15262474119663239","0.1665053814649582","0.15701090171933174","0.14492328464984894","0.1743568778038025","0.16069427505135536","0.1527186632156372","0.1660495400428772","0.278236319621404","0.2602865695953369","0.30843645334243774","0.30305065959692","0.2956836223602295","0.30918413400650024"
"710","0.15553206577897072","0.1508580595254898","0.15901294350624084","0.1535119116306305","0.14651384949684143","0.1641181856393814","0.15546218305826187","0.15011677145957947","0.15938451886177063","0.2678994983434677","0.24876712262630463","0.2950736880302429","0.2953474447131157","0.28629550337791443","0.30128371715545654"
"711","0.16375188156962395","0.15843234956264496","0.16916128993034363","0.16156931966543198","0.15187807381153107","0.16862918436527252","0.16370219364762306","0.1585007905960083","0.16875606775283813","0.2759825885295868","0.2553224563598633","0.30395516753196716","0.309126578271389","0.3024423122406006","0.3139604926109314"
"712","0.15953396633267403","0.15187494456768036","0.16940030455589294","0.15660932287573814","0.1454651653766632","0.1656498908996582","0.1597026027739048","0.1521669179201126","0.16926990449428558","0.2725575764973958","0.2538273334503174","0.2945043444633484","0.2930194139480591","0.2791596055030823","0.3032356798648834"
"713","0.15815754234790802","0.14674365520477295","0.1658002734184265","0.15478894487023354","0.14846783876419067","0.16101406514644623","0.15829454734921455","0.14641782641410828","0.1660258173942566","0.26807867487271625","0.23308701813220978","0.32185763120651245","0.2971826568245888","0.28394079208374023","0.30773016810417175"
"714","0.1586219109594822","0.15736687183380127","0.15998701751232147","0.1565808691084385","0.15254522860050201","0.1637352705001831","0.15905018895864487","0.15784317255020142","0.1600390374660492","0.27678970495859784","0.2517056465148926","0.32110029458999634","0.2964790388941765","0.29302817583084106","0.30222088098526"
"715","0.16742444410920143","0.15552842617034912","0.17906919121742249","0.1649642512202263","0.15987351536750793","0.1718376874923706","0.1675764098763466","0.15529438853263855","0.179490327835083","0.27847907940546673","0.23631587624549866","0.33217862248420715","0.30168215930461884","0.2856130599975586","0.3159683644771576"
"716","0.16450709104537964","0.1615942418575287","0.16675925254821777","0.1630970723927021","0.15673202276229858","0.17403849959373474","0.16495738178491592","0.16181999444961548","0.16765111684799194","0.28326138854026794","0.2623350918292999","0.3203110694885254","0.29661979526281357","0.2935500144958496","0.3000040352344513"
"717","0.16280651837587357","0.15356087684631348","0.17834505438804626","0.16223881766200066","0.15242275595664978","0.1727512627840042","0.16329481080174446","0.15370525419712067","0.17888222634792328","0.2804524799187978","0.2576257586479187","0.304949551820755","0.2990383058786392","0.2864564061164856","0.31909218430519104"
"718","0.1652919091284275","0.1608186662197113","0.17116211354732513","0.1643405817449093","0.1603410392999649","0.1674286276102066","0.16573137417435646","0.16065962612628937","0.17153429985046387","0.2755212386449178","0.2466907799243927","0.30910998582839966","0.29619215428829193","0.2891676425933838","0.3070799708366394"
"719","0.16475608199834824","0.15403923392295837","0.1753692775964737","0.16324840486049652","0.1509832739830017","0.1761370599269867","0.1650683879852295","0.15421700477600098","0.17566749453544617","0.27289169530073804","0.2485078126192093","0.31418663263320923","0.3033969774842262","0.2933884859085083","0.31160977482795715"
"720","0.15575248003005981","0.1452731490135193","0.1706838607788086","0.1535903811454773","0.14177262783050537","0.16329461336135864","0.15606212988495827","0.14534269273281097","0.17128239572048187","0.26659876108169556","0.23757851123809814","0.32404324412345886","0.29616115242242813","0.28144946694374084","0.3205797076225281"
"721","0.1627381518483162","0.14726507663726807","0.17491018772125244","0.15991463512182236","0.153260737657547","0.16944767534732819","0.16263354942202568","0.14708149433135986","0.17537444829940796","0.267978310585022","0.232062429189682","0.3131081461906433","0.30188773572444916","0.28829240798950195","0.3115729093551636"
"722","0.15603366866707802","0.15385988354682922","0.1589779406785965","0.1536586731672287","0.1494792103767395","0.16375455260276794","0.15615643933415413","0.15364380180835724","0.15920493006706238","0.2719787657260895","0.2516995668411255","0.3098198473453522","0.2990349680185318","0.29002267122268677","0.3184269964694977"
"723","0.15559802949428558","0.14757615327835083","0.1660761833190918","0.15366168692708015","0.1450566202402115","0.1609407365322113","0.15588724613189697","0.14836204051971436","0.16648659110069275","0.258934810757637","0.2408224642276764","0.2870485782623291","0.28565745800733566","0.27534133195877075","0.2978094816207886"
"724","0.1561170108616352","0.1507788896560669","0.16312631964683533","0.15347714349627495","0.14699798822402954","0.15661758184432983","0.15631473064422607","0.1508294939994812","0.16344422101974487","0.2699738045533498","0.24719956517219543","0.3136849105358124","0.29391591995954514","0.28456056118011475","0.3047986626625061"
"725","0.16171282529830933","0.1578594446182251","0.1662551909685135","0.1599033623933792","0.15287140011787415","0.17144158482551575","0.16229090467095375","0.1586478352546692","0.16732117533683777","0.2710745831330617","0.25058624148368835","0.3083140552043915","0.29323074221611023","0.286801278591156","0.2987479567527771"
"726","0.16179613396525383","0.15739493072032928","0.16564545035362244","0.16042518615722656","0.15360283851623535","0.17407062649726868","0.16211766377091408","0.1576276272535324","0.16623666882514954","0.2710169553756714","0.2530447840690613","0.30331945419311523","0.29620150476694107","0.2907019853591919","0.3015194833278656"
"727","0.15637069940567017","0.15120787918567657","0.16408446431159973","0.15605378895998","0.15075264871120453","0.1595357209444046","0.15663323551416397","0.15177710354328156","0.16393499076366425","0.26183321078618366","0.23693153262138367","0.2955973446369171","0.28882013261318207","0.2822599709033966","0.2962983250617981"
"728","0.1575942225754261","0.15038353204727173","0.16487866640090942","0.1559852659702301","0.14554572105407715","0.1722365915775299","0.15779442340135574","0.15030594170093536","0.16556617617607117","0.2744339207808177","0.25593823194503784","0.30116602778434753","0.29207132011651993","0.28063106536865234","0.30287301540374756"
"729","0.15973975881934166","0.14919474720954895","0.17501232028007507","0.15708957985043526","0.14486771821975708","0.17048972845077515","0.15987105667591095","0.14912284910678864","0.175599604845047","0.27403049170970917","0.24741749465465546","0.3207552433013916","0.2985987439751625","0.29128628969192505","0.31621265411376953"
"730","0.1626887395977974","0.14922404289245605","0.17565298080444336","0.16105324774980545","0.14511875808238983","0.16870225965976715","0.1629544198513031","0.14974075555801392","0.17586971819400787","0.26490892966588336","0.24000445008277893","0.29123860597610474","0.2848188430070877","0.2725614011287689","0.3017825484275818"
"731","0.16006949916481972","0.14876896142959595","0.17342668771743774","0.15712591633200645","0.15178275108337402","0.16791880130767822","0.16037872433662415","0.14881731569766998","0.17401045560836792","0.2696775396664937","0.23650342226028442","0.31622427701950073","0.29809609800577164","0.2840557396411896","0.309993177652359"
"732","0.156068105250597","0.14947164058685303","0.16044926643371582","0.1538461484014988","0.15249255299568176","0.15565067529678345","0.1566382348537445","0.1499795913696289","0.16154713928699493","0.2679200718800227","0.24184896051883698","0.30843111872673035","0.29430393874645233","0.2855871915817261","0.2986357808113098"
"733","0.15130463615059853","0.13746054470539093","0.1607818305492401","0.1502947434782982","0.1439218521118164","0.1571187973022461","0.15168893337249756","0.1375868022441864","0.16064311563968658","0.2660997112592061","0.22246268391609192","0.3123098611831665","0.28975819796323776","0.2735578119754791","0.3058229684829712"
"734","0.16228679195046425","0.1483488380908966","0.17831838130950928","0.16067223995923996","0.14437119662761688","0.17269381880760193","0.16242791339755058","0.1486835479736328","0.17832961678504944","0.2742517391840617","0.259107768535614","0.30041417479515076","0.3018490821123123","0.28883540630340576","0.319659024477005"
"735","0.15765540301799774","0.15049609541893005","0.16453254222869873","0.15677006170153618","0.15402141213417053","0.16045601665973663","0.15775611624121666","0.151036337018013","0.16470301151275635","0.27377073963483173","0.24831780791282654","0.30555030703544617","0.2991204410791397","0.28996536135673523","0.310172438621521"
"736","0.1590060330927372","0.15359614789485931","0.1653119921684265","0.1567940004169941","0.14885765314102173","0.16222096979618073","0.15929142385721207","0.1537449210882187","0.16579903662204742","0.26351841787497204","0.2454490214586258","0.29377222061157227","0.2900611609220505","0.2871786952018738","0.29583418369293213"
"737","0.15493576228618622","0.14882585406303406","0.16604766249656677","0.15343380719423294","0.14739230275154114","0.1605221927165985","0.15513670817017555","0.14817900955677032","0.16692623496055603","0.2690831124782562","0.24374735355377197","0.3157980144023895","0.29602205008268356","0.28528815507888794","0.30987462401390076"
"738","0.17248472943902016","0.1585940271615982","0.182902991771698","0.17050469666719437","0.16422039270401","0.17829011380672455","0.17265897244215012","0.15821819007396698","0.18304331600666046","0.28494134545326233","0.24835392832756042","0.3233646750450134","0.3182794973254204","0.299698144197464","0.32991600036621094"
"739","0.16094795987010002","0.15604735910892487","0.16479407250881195","0.15935911983251572","0.1520424485206604","0.1666690856218338","0.1612420193850994","0.15648967027664185","0.16513791680335999","0.2770119408766429","0.2575720548629761","0.31421440839767456","0.29881100356578827","0.29000627994537354","0.3041191101074219"
"740","0.16240417212247849","0.15201836824417114","0.17419326305389404","0.160366989672184","0.15076372027397156","0.1681501865386963","0.1626940630376339","0.1518750935792923","0.1750413328409195","0.27475057542324066","0.2436855286359787","0.32588931918144226","0.2978150397539139","0.285134494304657","0.3087700307369232"
"741","0.1607237309217453","0.14579057693481445","0.17163679003715515","0.1579631119966507","0.1495390236377716","0.1663380116224289","0.16087504848837852","0.14579421281814575","0.17199262976646423","0.26860539118448895","0.23417538404464722","0.32186582684516907","0.2940555736422539","0.27559199929237366","0.30969101190567017"
"742","0.16097430512309074","0.15043257176876068","0.16606083512306213","0.1596868745982647","0.14466166496276855","0.17285634577274323","0.1613261103630066","0.1506275236606598","0.16672411561012268","0.2720722109079361","0.24828468263149261","0.313052773475647","0.29395371675491333","0.2823265790939331","0.29829713702201843"
"743","0.16959212347865105","0.1672467291355133","0.17252637445926666","0.1690514050424099","0.16456766426563263","0.17832882702350616","0.16990283131599426","0.1671149730682373","0.17304682731628418","0.2852097948392232","0.26191118359565735","0.31602972745895386","0.33951250463724136","0.3000812530517578","0.43169209361076355"
"744","0.15838085860013962","0.14295917749404907","0.17454709112644196","0.15689964592456818","0.13927322626113892","0.17038492858409882","0.1585257276892662","0.14301443099975586","0.1746675819158554","0.27055270969867706","0.2411859929561615","0.32775139808654785","0.29671503603458405","0.2795270085334778","0.3146752417087555"
"745","0.16205177828669548","0.1537768840789795","0.1704506278038025","0.16108959168195724","0.15785422921180725","0.16600677371025085","0.16235309094190598","0.15351833403110504","0.17096936702728271","0.27237604558467865","0.24350281059741974","0.31264728307724","0.30226559191942215","0.2927270829677582","0.312089204788208"
"746","0.16704386472702026","0.16233402490615845","0.17270517349243164","0.16441669687628746","0.15750744938850403","0.1733420342206955","0.16718821227550507","0.16238829493522644","0.1725485920906067","0.2824488381544749","0.2585696578025818","0.3143242597579956","0.30518604069948196","0.2992592751979828","0.3108498454093933"
"747","0.1563803255558014","0.15221859514713287","0.1610918790102005","0.15468021109700203","0.1490783393383026","0.16238702833652496","0.15675880014896393","0.1527956873178482","0.16104640066623688","0.26681122680505115","0.24194149672985077","0.30672159790992737","0.2887733355164528","0.2869921922683716","0.2915090024471283"
"748","0.15928473696112633","0.144245445728302","0.16931962966918945","0.15827396139502525","0.15291740000247955","0.16366708278656006","0.15956753119826317","0.14426887035369873","0.16937099397182465","0.26879959801832837","0.23719386756420135","0.3141835927963257","0.2951974645256996","0.2824930250644684","0.3052369952201843"
"749","0.16015980765223503","0.15281538665294647","0.167448490858078","0.15753395482897758","0.1486940234899521","0.1693670004606247","0.16038835048675537","0.15291240811347961","0.16760678589344025","0.2787410616874695","0.2635166645050049","0.2966381907463074","0.3012803718447685","0.2874351441860199","0.31386372447013855"
"750","0.15809405222535133","0.14965029060840607","0.16512051224708557","0.1553426906466484","0.14478886127471924","0.1673654317855835","0.15787366405129433","0.14957600831985474","0.16482038795948029","0.2652297814687093","0.2468695342540741","0.29921388626098633","0.2837856411933899","0.2746099531650543","0.28922468423843384"
"751","0.1625097543001175","0.15225861966609955","0.17185333371162415","0.16061832755804062","0.146124005317688","0.17269909381866455","0.16289878636598587","0.15254288911819458","0.1729712039232254","0.2663491169611613","0.2447897493839264","0.3094228506088257","0.29405583441257477","0.2863866984844208","0.29937857389450073"
"753","0.15622763335704803","0.1497606784105301","0.16186365485191345","0.15365766733884811","0.14400449395179749","0.16211895644664764","0.15628143772482872","0.1492939293384552","0.16229629516601562","0.2638290176788966","0.24424250423908234","0.29178059101104736","0.2838362529873848","0.2798459827899933","0.29102516174316406"
"754","0.15918825566768646","0.15002593398094177","0.16818270087242126","0.15764965116977692","0.14748021960258484","0.16472715139389038","0.15947800874710083","0.1505267322063446","0.16848957538604736","0.2753314624230067","0.24729599058628082","0.3218975067138672","0.29856763035058975","0.29188835620880127","0.31033656001091003"
"755","0.16006878018379211","0.15369795262813568","0.16654904186725616","0.15806741639971733","0.15422597527503967","0.16143815219402313","0.1604042686522007","0.15434998273849487","0.16674920916557312","0.268412967522939","0.242302805185318","0.2962867021560669","0.29180826991796494","0.28529712557792664","0.30053621530532837"
"756","0.15676436200737953","0.14883151650428772","0.16410493850708008","0.15484508872032166","0.14474894106388092","0.16415484249591827","0.15731511637568474","0.14955396950244904","0.16488376259803772","0.26187191903591156","0.2424054890871048","0.2959091365337372","0.28301389515399933","0.27922964096069336","0.28681129217147827"
"757","0.1604640930891037","0.1559363603591919","0.16662251949310303","0.1584159955382347","0.15171462297439575","0.1673429161310196","0.16082604229450226","0.15662115812301636","0.16719502210617065","0.2695443431536357","0.25365644693374634","0.29759135842323303","0.29519277065992355","0.2865196168422699","0.3033655881881714"
"758","0.16482478380203247","0.15305544435977936","0.17741869390010834","0.1630501113831997","0.14812251925468445","0.18437132239341736","0.16516044735908508","0.15318793058395386","0.1777399182319641","0.27312734723091125","0.24494925141334534","0.30910855531692505","0.2979496419429779","0.2835245728492737","0.3113759756088257"
"759","0.15361562371253967","0.14492982625961304","0.16698017716407776","0.15102791413664818","0.13818712532520294","0.17222751677036285","0.1537751406431198","0.14503780007362366","0.1668824404478073","0.2639345775047938","0.24265103042125702","0.29397639632225037","0.2877645343542099","0.2803043723106384","0.30051958560943604"
"760","0.15842703357338905","0.14618350565433502","0.16297608613967896","0.15689681842923164","0.14325858652591705","0.16758164763450623","0.158555768430233","0.14650671184062958","0.16275060176849365","0.2741248905658722","0.25197526812553406","0.30985188484191895","0.29578687250614166","0.28937822580337524","0.2982849180698395"
"761","0.1557372733950615","0.14778390526771545","0.16205377876758575","0.15381507202982903","0.14473146200180054","0.16402976214885712","0.15582536533474922","0.14824992418289185","0.1617950201034546","0.26398320992787677","0.23545047640800476","0.3074939250946045","0.28746962547302246","0.27627092599868774","0.29657772183418274"
"762","0.15783388540148735","0.14663079380989075","0.16548562049865723","0.15591419115662575","0.14122970402240753","0.16466206312179565","0.15809329599142075","0.14711181819438934","0.1659698635339737","0.27477024992307025","0.24640020728111267","0.3166472017765045","0.29298555105924606","0.28318533301353455","0.29972749948501587"
"763","0.1590868979692459","0.14996802806854248","0.17267198860645294","0.15674306452274323","0.14550895988941193","0.17716458439826965","0.15948383882641792","0.15088149905204773","0.17266033589839935","0.27609976132710773","0.2586853802204132","0.30378252267837524","0.30008363723754883","0.28854119777679443","0.31566137075424194"
"764","0.1614193134009838","0.15051619708538055","0.16809508204460144","0.15973230078816414","0.14798536896705627","0.16916897892951965","0.1615038402378559","0.15053950250148773","0.16861368715763092","0.26257558663686115","0.24185886979103088","0.3032192885875702","0.29382146149873734","0.28002864122390747","0.30474910140037537"
"765","0.1557406187057495","0.15158772468566895","0.1591377556324005","0.15409887582063675","0.1513211727142334","0.15877309441566467","0.15593290328979492","0.1520460993051529","0.15920491516590118","0.26444532970587414","0.23127798736095428","0.30237987637519836","0.2901485785841942","0.27909520268440247","0.2967692017555237"
"766","0.1535138450562954","0.13823363184928894","0.15940822660923004","0.15211933106184006","0.13434666395187378","0.1645735502243042","0.15369102731347084","0.1386447548866272","0.15971967577934265","0.26625170310338336","0.24500122666358948","0.30123913288116455","0.2808246538043022","0.26586979627609253","0.288191556930542"
"767","0.16069116443395615","0.1487356424331665","0.17070196568965912","0.15875313058495522","0.14291861653327942","0.17164549231529236","0.16100547462701797","0.14893025159835815","0.1713355928659439","0.2820846339066823","0.2547866702079773","0.33065664768218994","0.29374389350414276","0.28195658326148987","0.306896448135376"
"768","0.16266332939267159","0.14151473343372345","0.1737220138311386","0.16165639832615852","0.13814528286457062","0.17782790958881378","0.16350579634308815","0.14420530200004578","0.17371618747711182","0.2701442639033","0.254816472530365","0.28724589943885803","0.28927890956401825","0.2666460871696472","0.2991739809513092"
"769","0.16351153701543808","0.15184050798416138","0.17115464806556702","0.16062277182936668","0.15318189561367035","0.1675136834383011","0.16381773725152016","0.15216216444969177","0.17118847370147705","0.27272335688273114","0.24113506078720093","0.31564468145370483","0.30059998482465744","0.28841549158096313","0.30870112776756287"
"770","0.15833090245723724","0.15278314054012299","0.16365253925323486","0.1560475081205368","0.14876258373260498","0.16839362680912018","0.15870441123843193","0.1531955599784851","0.1643764227628708","0.2774276336034139","0.2537916302680969","0.317280113697052","0.29383473843336105","0.2797497808933258","0.2989323139190674"
"771","0.16090120002627373","0.15552575886249542","0.16802269220352173","0.15807495638728142","0.15384981036186218","0.161326065659523","0.1608629710972309","0.15537351369857788","0.16776764392852783","0.26750341554482776","0.2475801557302475","0.2988780438899994","0.2951708808541298","0.2919181287288666","0.29834336042404175"
"772","0.16059567779302597","0.15797868371009827","0.16372478008270264","0.15950598195195198","0.15568043291568756","0.1660991609096527","0.16085920110344887","0.15852510929107666","0.1638147085905075","0.2734050353368123","0.25103819370269775","0.3083333373069763","0.29763979464769363","0.2939678728580475","0.3001731336116791"
"773","0.16246823966503143","0.1506609171628952","0.17380331456661224","0.16127460077404976","0.14813275635242462","0.18166819214820862","0.1626163274049759","0.15116511285305023","0.17366038262844086","0.2747959792613983","0.2644351124763489","0.29417186975479126","0.2926454395055771","0.27883967757225037","0.3096134066581726"
"774","0.16373658925294876","0.16083556413650513","0.16680604219436646","0.1613037995994091","0.15750333666801453","0.16720208525657654","0.16405851766467094","0.16106560826301575","0.16706633567810059","0.2718722422917684","0.2491476833820343","0.30293262004852295","0.2944827228784561","0.29010289907455444","0.3014688789844513"
"775","0.15451065450906754","0.1485680788755417","0.1612989753484726","0.15146877989172935","0.14333157241344452","0.16560226678848267","0.15464261546730995","0.14776863157749176","0.16163499653339386","0.2682966689268748","0.25241950154304504","0.2998323440551758","0.29365769028663635","0.28387150168418884","0.3057762384414673"
"776","0.16333763301372528","0.15914933383464813","0.1716003268957138","0.1611405648291111","0.15422604978084564","0.16772331297397614","0.16382398083806038","0.15956316888332367","0.17210562527179718","0.2736167112986247","0.24726492166519165","0.3186909556388855","0.29494041204452515","0.28652554750442505","0.30152714252471924"
"777","0.15813420712947845","0.15265557169914246","0.16274389624595642","0.1555664800107479","0.14762799441814423","0.16185519099235535","0.15862026810646057","0.1534959077835083","0.1633187085390091","0.2704734355211258","0.24724073708057404","0.3038041293621063","0.2959296256303787","0.29256635904312134","0.2983587086200714"
"778","0.16050473973155022","0.15694208443164825","0.16590207815170288","0.15814992412924767","0.1524457484483719","0.16794639825820923","0.16063214093446732","0.15697446465492249","0.1662491261959076","0.27376486857732135","0.24820950627326965","0.3211233615875244","0.29071301221847534","0.28599387407302856","0.2955865263938904"
"779","0.15870317444205284","0.1462855339050293","0.16840830445289612","0.1587059274315834","0.14637179672718048","0.1714772880077362","0.1587311029434204","0.14632205665111542","0.16878418624401093","0.26543604334195453","0.25020676851272583","0.2903597354888916","0.2994484156370163","0.28400832414627075","0.3124466836452484"
"780","0.16392892599105835","0.15513154864311218","0.17739100754261017","0.16174646466970444","0.15192091464996338","0.1738269180059433","0.16408460959792137","0.15527723729610443","0.1769080013036728","0.282734493414561","0.2558968961238861","0.31751155853271484","0.3005800321698189","0.2856130003929138","0.31397461891174316"
"781","0.15778744593262672","0.1539032906293869","0.1625533401966095","0.1545536071062088","0.1477721631526947","0.16055703163146973","0.15794390067458153","0.15453776717185974","0.1627696007490158","0.2686902930339177","0.244573712348938","0.3141787648200989","0.2911635637283325","0.28585463762283325","0.29721343517303467"
"782","0.16611118987202644","0.1542070508003235","0.17947784066200256","0.1640458181500435","0.14945535361766815","0.17478010058403015","0.16603759303689003","0.15403397381305695","0.1793767511844635","0.28202639023462933","0.25668033957481384","0.3083007037639618","0.3094007447361946","0.29454267024993896","0.3275853991508484"
"783","0.16205795854330063","0.15916526317596436","0.16495828330516815","0.1599697843194008","0.15549397468566895","0.16260522603988647","0.16215573623776436","0.1591499149799347","0.16534771025180817","0.2700178027153015","0.24968111515045166","0.304858535528183","0.29568804800510406","0.2912442088127136","0.30071258544921875"
"784","0.15958309173583984","0.15341395139694214","0.16694442927837372","0.15843118727207184","0.1502409279346466","0.16371238231658936","0.1601412147283554","0.15325400233268738","0.16760294139385223","0.27132704854011536","0.2378648817539215","0.3195871114730835","0.2893863841891289","0.28275513648986816","0.29702094197273254"
"785","0.15861761197447777","0.15304094552993774","0.1705687940120697","0.15743375942111015","0.1486148238182068","0.166556715965271","0.15870843827724457","0.15343855321407318","0.17013448476791382","0.27111902832984924","0.2447633445262909","0.30450159311294556","0.29406291991472244","0.2881200313568115","0.301505982875824"
"786","0.15731048956513405","0.14408443868160248","0.1663646548986435","0.15437178686261177","0.14702466130256653","0.16130518913269043","0.15787263214588165","0.1443386971950531","0.16707821190357208","0.2683812081813812","0.22685155272483826","0.3094058334827423","0.2954220324754715","0.27614906430244446","0.30777955055236816"
"787","0.1552235446870327","0.14978855848312378","0.1627490520477295","0.15355773642659187","0.14503301680088043","0.15790554881095886","0.1555757075548172","0.1497390866279602","0.16286586225032806","0.2669796794652939","0.23090286552906036","0.3130342662334442","0.28654812276363373","0.2788165509700775","0.29198694229125977"
"788","0.1562221311032772","0.14381912350654602","0.16185331344604492","0.15378766879439354","0.1392364799976349","0.16435174643993378","0.156570166349411","0.14414380490779877","0.16220815479755402","0.2624112367630005","0.23792779445648193","0.30600422620773315","0.29170437157154083","0.282133013010025","0.29792699217796326"
"789","0.16012504324316978","0.1584121137857437","0.16241584718227386","0.15849873051047325","0.15631920099258423","0.16380204260349274","0.16040216758847237","0.15751051902770996","0.1633726954460144","0.2736179083585739","0.24961970746517181","0.31185561418533325","0.29465579241514206","0.29296043515205383","0.29754436016082764"
"790","0.1638115681707859","0.16077274084091187","0.1663743555545807","0.16163844242691994","0.15498894453048706","0.17244817316532135","0.16401003301143646","0.16155780851840973","0.16689494252204895","0.27115031083424884","0.25217849016189575","0.3025657534599304","0.2936598211526871","0.285554438829422","0.30233579874038696"
"791","0.16159645095467567","0.1474573314189911","0.1704702377319336","0.1588057354092598","0.14333900809288025","0.17302276194095612","0.16105220094323158","0.14731504023075104","0.16903826594352722","0.2716551224390666","0.2588855028152466","0.2908425033092499","0.30841047316789627","0.28081244230270386","0.3485810160636902"
"792","0.15994176268577576","0.15214087069034576","0.17166189849376678","0.15794691815972328","0.14867889881134033","0.1670164316892624","0.1601029597222805","0.1521114557981491","0.17181864380836487","0.2718662718931834","0.24039578437805176","0.31836867332458496","0.28464873880147934","0.2748698890209198","0.29795506596565247"
"793","0.16147704422473907","0.15271791815757751","0.16964155435562134","0.15875870361924171","0.14881348609924316","0.16479061543941498","0.16179152205586433","0.1528710126876831","0.16976739466190338","0.2765912612279256","0.24986588954925537","0.3132062256336212","0.3010779246687889","0.29239916801452637","0.3093959093093872"
"794","0.15753468498587608","0.14975643157958984","0.172607421875","0.15569405630230904","0.14985020458698273","0.16682681441307068","0.15784893929958344","0.15015876293182373","0.17328482866287231","0.26311391095320386","0.24180392920970917","0.2988983392715454","0.3040275126695633","0.29621589183807373","0.3261692523956299"
"795","0.15522431954741478","0.15003778040409088","0.1581065058708191","0.15508564561605453","0.14824554324150085","0.16596876084804535","0.15547171607613564","0.1502159982919693","0.15851089358329773","0.2650308609008789","0.246067076921463","0.29428166151046753","0.28849875926971436","0.28162091970443726","0.29911887645721436"
"796","0.16171442344784737","0.15337404608726501","0.1680930256843567","0.16067524999380112","0.15773721039295197","0.16487999260425568","0.16208871826529503","0.1533387303352356","0.1688045859336853","0.27071667710940045","0.24186164140701294","0.30758947134017944","0.2953164204955101","0.2842600345611572","0.3034564256668091"
"797","0.15887151658535004","0.1549389362335205","0.16406230628490448","0.1569148674607277","0.14928673207759857","0.16130663454532623","0.1592334508895874","0.15542668104171753","0.1647678017616272","0.26420822242895764","0.24286578595638275","0.29781028628349304","0.28692689538002014","0.28430303931236267","0.2912728488445282"
"798","0.15657227486371994","0.14552344381809235","0.16936159133911133","0.15425238013267517","0.15017832815647125","0.1644705981016159","0.15652692690491676","0.14503537118434906","0.16947127878665924","0.25982174277305603","0.23210692405700684","0.3039074242115021","0.2892676442861557","0.2759614884853363","0.30210673809051514"
"799","0.157804723829031","0.15659211575984955","0.15860572457313538","0.15589039027690887","0.15202665328979492","0.16086378693580627","0.15804408118128777","0.15685489773750305","0.15906615555286407","0.26696743567784625","0.25081557035446167","0.29706716537475586","0.28200045228004456","0.2784947156906128","0.2851327657699585"
"800","0.16332069411873817","0.15270456671714783","0.1695031225681305","0.16150424629449844","0.15651556849479675","0.16559955477714539","0.16356298327445984","0.153155118227005","0.1696181446313858","0.2775981028874715","0.24025607109069824","0.3167226314544678","0.3070197328925133","0.28987061977386475","0.3223415017127991"
"801","0.15514162927865982","0.14814476668834686","0.16199256479740143","0.1535879708826542","0.14474277198314667","0.16646000742912292","0.15516246855258942","0.14865130186080933","0.1609143614768982","0.26299632092316944","0.24059510231018066","0.30048853158950806","0.2901456356048584","0.2795841693878174","0.30530592799186707"
"802","0.15756190940737724","0.15035630762577057","0.16321325302124023","0.15535246953368187","0.14601972699165344","0.15938571095466614","0.15782823413610458","0.15074177086353302","0.1634444296360016","0.2625931302706401","0.2373216152191162","0.2994881868362427","0.28579196333885193","0.27981138229370117","0.2911972999572754"
"803","0.16195504739880562","0.14834117889404297","0.17088517546653748","0.16023166105151176","0.14548756182193756","0.1678134948015213","0.1620258465409279","0.14874505996704102","0.1707412600517273","0.2729816933472951","0.25066015124320984","0.3100736141204834","0.3039186894893646","0.2940269112586975","0.3097758889198303"
"804","0.1567363552749157","0.14641758799552917","0.16338010132312775","0.1552312783896923","0.14362157881259918","0.16821108758449554","0.15719248354434967","0.14706718921661377","0.163701131939888","0.2598668932914734","0.24697813391685486","0.28147974610328674","0.2854725122451782","0.2738259434700012","0.29273349046707153"
"805","0.15321704372763634","0.14131927490234375","0.16826015710830688","0.15215162187814713","0.13744503259658813","0.16501975059509277","0.1534525379538536","0.141879141330719","0.16825084388256073","0.2658373514811198","0.23857438564300537","0.29217320680618286","0.28960155695676804","0.28103625774383545","0.30879729986190796"
"806","0.16043347492814064","0.15832912921905518","0.1651626080274582","0.15809455141425133","0.15268434584140778","0.16417890787124634","0.16059806942939758","0.15816235542297363","0.16538134217262268","0.2730352481206258","0.2474927306175232","0.31689023971557617","0.29379458725452423","0.2899818420410156","0.2965332269668579"
"807","0.15803486108779907","0.1479118913412094","0.16723401844501495","0.15568531304597855","0.14128969609737396","0.1628035306930542","0.15815803781151772","0.1476665586233139","0.16758207976818085","0.26345645387967426","0.2511681020259857","0.28659701347351074","0.2913897857069969","0.27476567029953003","0.30138301849365234"
"808","0.1572243571281433","0.15235105156898499","0.1662248969078064","0.15536562725901604","0.1478237509727478","0.1639317274093628","0.1572485938668251","0.1522994190454483","0.16661253571510315","0.2697979013125102","0.24289855360984802","0.32152312994003296","0.2877020761370659","0.27857062220573425","0.3048453629016876"
"809","0.16207098960876465","0.15374024212360382","0.18137305974960327","0.15990058332681656","0.14910128712654114","0.176084965467453","0.16245664283633232","0.15396781265735626","0.18170063197612762","0.2598719000816345","0.24205851554870605","0.29259639978408813","0.2917238250374794","0.2795541286468506","0.3185107111930847"
"810","0.15588383004069328","0.1456170529127121","0.1696358323097229","0.1540810987353325","0.14779475331306458","0.16706275939941406","0.15584824979305267","0.1452246606349945","0.17047889530658722","0.26627448697884876","0.23042704164981842","0.3222469985485077","0.2811086103320122","0.2669347822666168","0.30007392168045044"
"811","0.16167251020669937","0.15156322717666626","0.16936734318733215","0.15986643359065056","0.1473138928413391","0.16857148706912994","0.1618693210184574","0.15177322924137115","0.16984471678733826","0.265876700480779","0.2499690055847168","0.2950250208377838","0.2956617549061775","0.2864828407764435","0.30490821599960327"
"812","0.1545136757194996","0.1478709876537323","0.16117362678050995","0.15227200835943222","0.14461399614810944","0.16419436037540436","0.15494510531425476","0.1480339616537094","0.1618048995733261","0.26210875312487286","0.241031676530838","0.29920774698257446","0.2886415868997574","0.2832021117210388","0.294050931930542"
"813","0.1613687202334404","0.15940648317337036","0.166266068816185","0.15918207541108131","0.15483780205249786","0.1678181290626526","0.1616649217903614","0.15928784012794495","0.16683781147003174","0.26910099883874256","0.24233879148960114","0.31221169233322144","0.28941546380519867","0.28331419825553894","0.2966070771217346"
"814","0.15793562680482864","0.1502106487751007","0.16562345623970032","0.1559056080877781","0.1441391259431839","0.1711834818124771","0.1579820029437542","0.1507197767496109","0.16598518192768097","0.2695331076780955","0.2540564239025116","0.29588282108306885","0.291156142950058","0.2847277522087097","0.30118975043296814"
"815","0.1586591750383377","0.15283706784248352","0.16431599855422974","0.15505727380514145","0.15121379494667053","0.1574907749891281","0.15881531685590744","0.1528230458498001","0.16428104043006897","0.26529015103975934","0.24123671650886536","0.3084700107574463","0.2892066389322281","0.28466981649398804","0.29228514432907104"
"816","0.15948013961315155","0.14805836975574493","0.1635623425245285","0.15626951679587364","0.14334607124328613","0.16637496650218964","0.15962796285748482","0.14824314415454865","0.16361767053604126","0.2715049386024475","0.25369325280189514","0.29981839656829834","0.2955431118607521","0.27957987785339355","0.30901530385017395"
"817","0.1564514972269535","0.14880435168743134","0.1676257848739624","0.15496795997023582","0.14527380466461182","0.17290131747722626","0.15693066269159317","0.15026268362998962","0.16782495379447937","0.26733821630477905","0.24779748916625977","0.2945212423801422","0.2947317957878113","0.28848186135292053","0.30279022455215454"
"818","0.15675029903650284","0.13902181386947632","0.17185810208320618","0.15405915305018425","0.14190365374088287","0.1662583202123642","0.15694203972816467","0.13869450986385345","0.1728963553905487","0.2665486733118693","0.22958418726921082","0.3212197422981262","0.29071810096502304","0.2748446762561798","0.30613309144973755"
"819","0.16427723690867424","0.15753048658370972","0.17018865048885345","0.16218838840723038","0.15724638104438782","0.16724656522274017","0.16447650641202927","0.15731742978096008","0.17054933309555054","0.2767001688480377","0.24186265468597412","0.32337844371795654","0.2951570451259613","0.2815854549407959","0.3029192090034485"
"820","0.14696317166090012","0.1377543807029724","0.15354159474372864","0.14492043480277061","0.133745014667511","0.15026108920574188","0.1472267061471939","0.1377025842666626","0.15395128726959229","0.2540338784456253","0.23242729902267456","0.2969522178173065","0.27332574129104614","0.2661857008934021","0.2793808579444885"
"821","0.16084403172135353","0.1550590544939041","0.17018480598926544","0.15830596908926964","0.1504235863685608","0.16627828776836395","0.16128594428300858","0.15507718920707703","0.1711825728416443","0.27150766054789227","0.2418614625930786","0.3202124238014221","0.29429834336042404","0.28542560338974","0.3066977858543396"
"822","0.15552587807178497","0.14722159504890442","0.16014118492603302","0.152662955224514","0.14295098185539246","0.16126638650894165","0.15565882623195648","0.1477327197790146","0.16007791459560394","0.26774805784225464","0.2476779818534851","0.2956959009170532","0.2970441058278084","0.2915332317352295","0.30285200476646423"
"823","0.16388827189803123","0.15987041592597961","0.1696051061153412","0.16199258714914322","0.15781021118164062","0.1655329465866089","0.16402311995625496","0.15998557209968567","0.17010076344013214","0.27323755125204724","0.2480926662683487","0.3150104582309723","0.29701367765665054","0.29364505410194397","0.3029341995716095"
"824","0.15709125250577927","0.14774537086486816","0.16787004470825195","0.15593624114990234","0.14555947482585907","0.16322673857212067","0.15717143565416336","0.1484397053718567","0.16782304644584656","0.2630690038204193","0.242219939827919","0.30003565549850464","0.28853797167539597","0.2802669405937195","0.30187875032424927"
"825","0.15610597282648087","0.14537005126476288","0.17151565849781036","0.15446942672133446","0.14250943064689636","0.1673155277967453","0.1561288945376873","0.14553765952587128","0.17132043838500977","0.26381323238213855","0.23733678460121155","0.3088659644126892","0.2824489027261734","0.2694651782512665","0.29234638810157776"
"826","0.15787847712635994","0.1468428373336792","0.17146669328212738","0.15558257326483727","0.1426701694726944","0.16747140884399414","0.15799300000071526","0.14735965430736542","0.17203475534915924","0.2775626877943675","0.24774757027626038","0.33363109827041626","0.2924455776810646","0.277126669883728","0.3153044879436493"
"827","0.16802400723099709","0.15722477436065674","0.1752399504184723","0.1659855879843235","0.15204599499702454","0.17476466298103333","0.16860836371779442","0.15803030133247375","0.17562417685985565","0.2740285396575928","0.24187225103378296","0.3254324495792389","0.28863508999347687","0.2750111520290375","0.3044286370277405"
"828","0.15733713656663895","0.15272772312164307","0.15897825360298157","0.1548846699297428","0.14919671416282654","0.16060397028923035","0.15751228854060173","0.1535828709602356","0.15940174460411072","0.2659116288026174","0.24880880117416382","0.2990903854370117","0.29447080194950104","0.2882290482521057","0.2972599267959595"
"829","0.15741852670907974","0.14910757541656494","0.16524004936218262","0.15563320741057396","0.14922842383384705","0.1604069471359253","0.15785223990678787","0.14937826991081238","0.1657460331916809","0.26749282081921893","0.24326065182685852","0.2981357276439667","0.29446037113666534","0.2871129512786865","0.3037624657154083"
"830","0.15699216350913048","0.1473957598209381","0.17018702626228333","0.15441441535949707","0.14351201057434082","0.1628040373325348","0.1571851745247841","0.14727935194969177","0.17016980051994324","0.2572019000848134","0.23306003212928772","0.29931196570396423","0.28903456777334213","0.27350282669067383","0.3076156973838806"
"831","0.1615365967154503","0.15657371282577515","0.16982537508010864","0.1598489098250866","0.15170571208000183","0.17472366988658905","0.16153888404369354","0.15695229172706604","0.16938093304634094","0.2746618489424388","0.2516719698905945","0.31204989552497864","0.29967159777879715","0.29315808415412903","0.30691659450531006"
"832","0.16243469715118408","0.1597117930650711","0.1654910445213318","0.16150250285863876","0.15620531141757965","0.16706594824790955","0.16228940337896347","0.15961365401744843","0.16586902737617493","0.27063735326131183","0.2469179630279541","0.307251900434494","0.30043958127498627","0.29743289947509766","0.30480292439460754"
"833","0.15668882057070732","0.15110626816749573","0.1623401790857315","0.15547887980937958","0.1505952626466751","0.159184992313385","0.15681324154138565","0.15100859105587006","0.16252191364765167","0.26416223247845966","0.23637256026268005","0.30267593264579773","0.29043612629175186","0.284299373626709","0.2991921007633209"
"834","0.15773971006274223","0.14672502875328064","0.16459199786186218","0.15586775541305542","0.15272827446460724","0.1600973904132843","0.15813498571515083","0.14673322439193726","0.1650998294353485","0.2656867305437724","0.23346036672592163","0.30501532554626465","0.2823546454310417","0.26711732149124146","0.29239538311958313"
"835","0.1530129350721836","0.14281317591667175","0.1605200469493866","0.1508280448615551","0.13922347128391266","0.15761905908584595","0.15351755544543266","0.1438995897769928","0.1607109010219574","0.2604070802529653","0.2292722761631012","0.2934075593948364","0.27889035642147064","0.2668704390525818","0.2949315905570984"
"836","0.16026420891284943","0.15182417631149292","0.17269468307495117","0.1580655500292778","0.14666299521923065","0.16834518313407898","0.16044753417372704","0.15213921666145325","0.17268629372119904","0.26843233903249103","0.2483116090297699","0.3071259558200836","0.3008449822664261","0.2923174202442169","0.3131944537162781"
"837","0.16251280903816223","0.15662559866905212","0.16987670958042145","0.1604936495423317","0.1529165804386139","0.16969840228557587","0.1629089042544365","0.1570420265197754","0.16995930671691895","0.26932307084401447","0.24998578429222107","0.30163106322288513","0.29037977010011673","0.2860713601112366","0.29652053117752075"
"838","0.16149437054991722","0.15066123008728027","0.174048513174057","0.1592530533671379","0.1469757854938507","0.16876672208309174","0.16187641769647598","0.15091130137443542","0.1742151528596878","0.27364743252595264","0.24447564780712128","0.3083171248435974","0.29215920716524124","0.28331422805786133","0.305585652589798"
"839","0.15434708446264267","0.1469593644142151","0.1620100736618042","0.1514868289232254","0.14208360016345978","0.16476398706436157","0.15437302738428116","0.14725956320762634","0.161485493183136","0.263534814119339","0.2467881739139557","0.2915281057357788","0.2901630774140358","0.2830055356025696","0.2975584864616394"
"840","0.15716511011123657","0.15132756531238556","0.1624506711959839","0.1557983011007309","0.15163834393024445","0.1614261120557785","0.15735800564289093","0.15106149017810822","0.1624651998281479","0.267198512951533","0.2388615608215332","0.3121662437915802","0.2935393527150154","0.28189754486083984","0.29954794049263"
"841","0.15281276404857635","0.1462102234363556","0.16094917058944702","0.1527339145541191","0.14352421462535858","0.16036327183246613","0.15284383669495583","0.1455707550048828","0.1615481823682785","0.25742249687512714","0.22993935644626617","0.3063696622848511","0.28489891439676285","0.27583301067352295","0.29593151807785034"
"842","0.15841339528560638","0.15363352000713348","0.16131028532981873","0.15645809844136238","0.14849601686000824","0.1660231649875641","0.15871917456388474","0.15457987785339355","0.16205653548240662","0.2617516666650772","0.24474403262138367","0.2908657491207123","0.28549303114414215","0.27858465909957886","0.2929498553276062"
"843","0.1647697277367115","0.1618242859840393","0.16752181947231293","0.16194933652877808","0.1599220335483551","0.16375020146369934","0.16501911357045174","0.16177423298358917","0.16810479760169983","0.2719057599703471","0.2489701509475708","0.3097478747367859","0.2990093529224396","0.29238277673721313","0.3111885190010071"
"844","0.15317875519394875","0.14797905087471008","0.15878510475158691","0.151596337556839","0.1445198953151703","0.16259486973285675","0.15307262539863586","0.14815157651901245","0.15815003216266632","0.2583821515242259","0.24119019508361816","0.29058611392974854","0.282258540391922","0.2776050269603729","0.2857862710952759"
"845","0.158036757260561","0.15030282735824585","0.164682537317276","0.155977513641119","0.14625082910060883","0.16894370317459106","0.15835383906960487","0.15130749344825745","0.16439539194107056","0.27489803234736127","0.25143736600875854","0.31289899349212646","0.2997265160083771","0.2922956049442291","0.31287869811058044"
"846","0.15577274188399315","0.14763887226581573","0.1628277599811554","0.15246586129069328","0.14318311214447021","0.15920792520046234","0.15614011138677597","0.14796441793441772","0.16352064907550812","0.2660854558149974","0.23995614051818848","0.304100900888443","0.2999279126524925","0.2745213508605957","0.35068315267562866"
"847","0.1535969004034996","0.15167245268821716","0.15608491003513336","0.15137169882655144","0.14706985652446747","0.15418580174446106","0.15366757661104202","0.15114104747772217","0.15651077032089233","0.2630780339241028","0.23839092254638672","0.30306896567344666","0.2922178581357002","0.28980299830436707","0.2961134910583496"
"848","0.15829911082983017","0.1522815227508545","0.16645613312721252","0.15661687776446342","0.14928047358989716","0.16235873103141785","0.15853538364171982","0.15259018540382385","0.1664668470621109","0.2672057847181956","0.23666849732398987","0.3109712600708008","0.28471459448337555","0.2768215537071228","0.2913464903831482"
"849","0.1664513163268566","0.15416046977043152","0.17761936783790588","0.16343942284584045","0.14971569180488586","0.1710594892501831","0.16686918213963509","0.15444782376289368","0.17905877530574799","0.27527474363644916","0.2471875548362732","0.32904887199401855","0.3017065227031708","0.28497588634490967","0.3141990602016449"
"850","0.15160254016518593","0.14964257180690765","0.1561150699853897","0.15014982596039772","0.14517687261104584","0.15320608019828796","0.1519165001809597","0.1499040573835373","0.15604740381240845","0.25872832039992016","0.2384827882051468","0.29125481843948364","0.28689033538103104","0.28128886222839355","0.29344695806503296"
"851","0.15596462041139603","0.1492549180984497","0.1649934947490692","0.15338463708758354","0.14960528910160065","0.1611303985118866","0.15647858753800392","0.1499181091785431","0.165362149477005","0.2589672605196635","0.2360619306564331","0.2920224964618683","0.2909487262368202","0.28218889236450195","0.2972184121608734"
"852","0.1555839627981186","0.14733101427555084","0.15954384207725525","0.1533648818731308","0.14312954246997833","0.16012459993362427","0.15569821000099182","0.14713461697101593","0.15990737080574036","0.26528992752234143","0.24473720788955688","0.301687091588974","0.2897019311785698","0.2814270257949829","0.29475921392440796"
"853","0.15646393224596977","0.15178075432777405","0.161307230591774","0.15440179035067558","0.1478419154882431","0.1641964465379715","0.1568443328142166","0.15265144407749176","0.1619686484336853","0.2647594114144643","0.24116995930671692","0.2990272641181946","0.282399982213974","0.2763197422027588","0.28833919763565063"
"854","0.15916217491030693","0.14793625473976135","0.17058159410953522","0.15662860870361328","0.1445627212524414","0.17116588354110718","0.15941248461604118","0.1479654312133789","0.170436829328537","0.26395859320958454","0.23880502581596375","0.30157649517059326","0.28685497492551804","0.27637869119644165","0.2960289418697357"
"855","0.15743478387594223","0.15124692022800446","0.16032058000564575","0.15510299056768417","0.14756324887275696","0.163260355591774","0.15782303735613823","0.152132049202919","0.16029313206672668","0.26619664827982586","0.24676936864852905","0.3015630841255188","0.28792238235473633","0.2851567268371582","0.29339754581451416"
"856","0.16242315247654915","0.15563282370567322","0.1668550819158554","0.1604672223329544","0.15189990401268005","0.16944172978401184","0.16241953149437904","0.15555447340011597","0.1669274866580963","0.27151237924893695","0.24244892597198486","0.3177354037761688","0.2873642146587372","0.2739502191543579","0.29474812746047974"
"857","0.16101789101958275","0.15689131617546082","0.1695052832365036","0.15929162874817848","0.1532873809337616","0.1735365241765976","0.16143861785531044","0.1569799780845642","0.17008814215660095","0.2642442137002945","0.24708227813243866","0.28840577602386475","0.29283420741558075","0.28748196363449097","0.307429701089859"
"858","0.1522550992667675","0.14680492877960205","0.1558714061975479","0.1492404341697693","0.14215393364429474","0.1547030657529831","0.1525087207555771","0.14797744154930115","0.15594983100891113","0.25650913019975025","0.23910485208034515","0.28822171688079834","0.29540934413671494","0.27984511852264404","0.3290684223175049"
"859","0.15315412357449532","0.15047428011894226","0.15513375401496887","0.15128625556826591","0.14894746243953705","0.15337400138378143","0.15343135967850685","0.150650754570961","0.1557459831237793","0.2625815620024999","0.24214260280132294","0.30183643102645874","0.28644322603940964","0.28161710500717163","0.2939322590827942"
"860","0.1563122607767582","0.14903321862220764","0.1614430695772171","0.1541987806558609","0.1442318558692932","0.16043612360954285","0.1564747877418995","0.14894326031208038","0.16195900738239288","0.26141126453876495","0.2397567480802536","0.30352702736854553","0.28528983891010284","0.27707865834236145","0.2906777560710907"
"861","0.15291548892855644","0.1419757753610611","0.1632946878671646","0.15057876706123352","0.13890430331230164","0.16576971113681793","0.1533880978822708","0.14231304824352264","0.1638835370540619","0.26147706309954327","0.2424350082874298","0.29142582416534424","0.2779318615794182","0.26994743943214417","0.2899099886417389"
"862","0.15761874988675117","0.14578917622566223","0.1646493822336197","0.1561620756983757","0.14961205422878265","0.1619933396577835","0.1577751561999321","0.14603650569915771","0.164180725812912","0.2643965582052867","0.2298755943775177","0.30392977595329285","0.2969137728214264","0.2776821255683899","0.32298845052719116"
"863","0.15804056078195572","0.1525365710258484","0.16558700799942017","0.15664631500840187","0.1504170298576355","0.16986407339572906","0.15837300941348076","0.15333278477191925","0.16600672900676727","0.26600777606169385","0.24764545261859894","0.2977788746356964","0.2899848222732544","0.28370895981788635","0.29749685525894165"
"864","0.15738783404231071","0.15135477483272552","0.1622902750968933","0.15567702427506447","0.14868606626987457","0.16579192876815796","0.15713249519467354","0.15103861689567566","0.16223424673080444","0.26221104462941486","0.2486342340707779","0.2881210148334503","0.28837045282125473","0.28113672137260437","0.2931765913963318"
"865","0.16218450292944908","0.15214934945106506","0.17477063834667206","0.16004492342472076","0.1486796885728836","0.17798738181591034","0.16241560131311417","0.1528230905532837","0.17477542161941528","0.27408480644226074","0.25630873441696167","0.30893227458000183","0.28895311057567596","0.2825465202331543","0.29856741428375244"
"866","0.15839014574885368","0.14130276441574097","0.173025980591774","0.15673145279288292","0.13749073445796967","0.16998466849327087","0.15864123404026031","0.1417078673839569","0.17341628670692444","0.2813134292761485","0.24943050742149353","0.3133254647254944","0.30387570708990097","0.28464460372924805","0.32725951075553894"
"867","0.16219207271933556","0.15632495284080505","0.16646654903888702","0.1584528237581253","0.1512031853199005","0.16397978365421295","0.16265123710036278","0.15643920004367828","0.16738751530647278","0.275034894545873","0.254008024930954","0.3165566921234131","0.3020346984267235","0.29627281427383423","0.3089141249656677"
"868","0.1573701724410057","0.14759086072444916","0.16467639803886414","0.15554745495319366","0.1430884748697281","0.16292794048786163","0.1572965607047081","0.14731484651565552","0.16474765539169312","0.26725931962331134","0.24773770570755005","0.30082136392593384","0.2825855389237404","0.27558010816574097","0.28645941615104675"
"869","0.16005928441882133","0.156509131193161","0.16491767764091492","0.1567445620894432","0.15156148374080658","0.16290494799613953","0.16038138046860695","0.15653963387012482","0.16545915603637695","0.26869331300258636","0.24434946477413177","0.31078144907951355","0.29586905241012573","0.2905867397785187","0.305580198764801"
"870","0.1591293253004551","0.15315449237823486","0.1715298742055893","0.15688027068972588","0.14876964688301086","0.16877569258213043","0.15948351100087166","0.15328454971313477","0.17191419005393982","0.2681637903054555","0.24183346331119537","0.32035505771636963","0.29291414469480515","0.28637993335723877","0.3105454444885254"
"871","0.1520797796547413","0.14663736522197723","0.15761888027191162","0.1505415067076683","0.14835497736930847","0.15516909956932068","0.15205690264701843","0.14652442932128906","0.15842458605766296","0.25597402453422546","0.22999180853366852","0.3038090765476227","0.2841464877128601","0.27668729424476624","0.29492801427841187"
"872","0.1576964631676674","0.15188610553741455","0.16442683339118958","0.156022347509861","0.1501799076795578","0.15920792520046234","0.1577407270669937","0.15227282047271729","0.16452330350875854","0.25716444353262585","0.23624996840953827","0.2910662293434143","0.2812211290001869","0.27412301301956177","0.2909255027770996"
"873","0.1563573218882084","0.1497899740934372","0.16954226791858673","0.155342698097229","0.14586876332759857","0.1689649522304535","0.15626540780067444","0.14916110038757324","0.16956326365470886","0.2634237806002299","0.23616719245910645","0.3100244998931885","0.2827243208885193","0.274117112159729","0.2940768301486969"
"874","0.15430576354265213","0.1492467224597931","0.16386540234088898","0.15322133898735046","0.1444222331047058","0.1620658040046692","0.1545276679098606","0.1490652710199356","0.16441339254379272","0.2613677183787028","0.2381657063961029","0.3050077557563782","0.27550405263900757","0.26546037197113037","0.28524431586265564"
"875","0.1549706570804119","0.14780282974243164","0.16168132424354553","0.15234468132257462","0.1416783183813095","0.16373345255851746","0.154984001070261","0.1478317677974701","0.16194942593574524","0.2565280844767888","0.24160735309123993","0.28074944019317627","0.27995161712169647","0.27316707372665405","0.2855519652366638"
"876","0.16289791464805603","0.15215972065925598","0.17223285138607025","0.1613655760884285","0.14768871665000916","0.1782269924879074","0.1630900874733925","0.1519407331943512","0.17258447408676147","0.26873302459716797","0.25118058919906616","0.29872146248817444","0.2935001105070114","0.2844161093235016","0.3000602126121521"
"877","0.1598549634218216","0.15266430377960205","0.16377949714660645","0.157359030097723","0.14897853136062622","0.16207636892795563","0.15980308130383492","0.15286870300769806","0.16322046518325806","0.26889387766520184","0.24963140487670898","0.30578383803367615","0.2891092523932457","0.28132757544517517","0.2951575219631195"
"878","0.15989675372838974","0.14989995956420898","0.17364032566547394","0.15792755410075188","0.14623382687568665","0.17677779495716095","0.16032148525118828","0.14991365373134613","0.17359095811843872","0.26655075947443646","0.2400168478488922","0.30161887407302856","0.28548721969127655","0.27729570865631104","0.30162912607192993"
"879","0.1643456257879734","0.1628509759902954","0.16766971349716187","0.16244816035032272","0.16085082292556763","0.16499076783657074","0.16480422765016556","0.1632593870162964","0.16782264411449432","0.266827329993248","0.24003930389881134","0.30817094445228577","0.2851049676537514","0.27986466884613037","0.2890274226665497"
"880","0.16352811455726624","0.14599433541297913","0.17617720365524292","0.1616228073835373","0.14121654629707336","0.17777790129184723","0.16386710107326508","0.1456281840801239","0.1765977144241333","0.2607522209485372","0.24441909790039062","0.27926719188690186","0.2892826870083809","0.2702401280403137","0.3034815192222595"
"881","0.1606498658657074","0.14936071634292603","0.17282822728157043","0.15820305794477463","0.14445123076438904","0.17497307062149048","0.16125857084989548","0.1500193327665329","0.1733735203742981","0.26962076624234516","0.25425878167152405","0.2953858971595764","0.28977231681346893","0.28075432777404785","0.2988000810146332"
"882","0.15549026802182198","0.14549095928668976","0.16162069141864777","0.15294832736253738","0.14742110669612885","0.1591508686542511","0.15562941133975983","0.14586152136325836","0.16210220754146576","0.25910988946755725","0.23108816146850586","0.2989737391471863","0.2849903330206871","0.27564185857772827","0.29240715503692627"
"883","0.16245675832033157","0.14873069524765015","0.17738500237464905","0.16130641847848892","0.14959368109703064","0.1751106083393097","0.16245852783322334","0.1489497721195221","0.17726591229438782","0.2674630482991536","0.23291462659835815","0.3241816759109497","0.2867882251739502","0.2719217538833618","0.3053220808506012"
"884","0.15366016328334808","0.15156549215316772","0.15718194842338562","0.15111415460705757","0.14632613956928253","0.1610991656780243","0.15371998399496078","0.1510794311761856","0.15739911794662476","0.25818391640981037","0.2414478361606598","0.28757235407829285","0.28575559705495834","0.27717626094818115","0.2904145121574402"
"885","0.15032323077321053","0.1452372521162033","0.15616311132907867","0.14916591346263885","0.1414637565612793","0.16099826991558075","0.1504906751215458","0.1454026699066162","0.15629537403583527","0.25104209780693054","0.23057088255882263","0.2860889732837677","0.27347230166196823","0.2676132917404175","0.27887552976608276"
"886","0.15904806181788445","0.15428051352500916","0.16881614923477173","0.15860224142670631","0.15158872306346893","0.1749017983675003","0.15916352346539497","0.1543290913105011","0.16869917511940002","0.2615605592727661","0.24733594059944153","0.28644177317619324","0.28364913910627365","0.2781829535961151","0.29519981145858765"
"887","0.15958621725440025","0.15629133582115173","0.1626371145248413","0.1589035429060459","0.15485094487667084","0.1676873415708542","0.15973276272416115","0.15704724192619324","0.16275463998317719","0.2730499605337779","0.2566879093647003","0.30571484565734863","0.2931361347436905","0.289762943983078","0.2944009304046631"
"888","0.15816287323832512","0.15138396620750427","0.17369477450847626","0.15603959187865257","0.14895042777061462","0.16996949911117554","0.15830984711647034","0.15167705714702606","0.17400680482387543","0.26282761494318646","0.24170070886611938","0.3017355501651764","0.28887889534235","0.28179895877838135","0.3059386610984802"
"889","0.15703284367918968","0.14543089270591736","0.16759727895259857","0.15528112649917603","0.14905205368995667","0.16281291842460632","0.15723460912704468","0.14528992772102356","0.16784673929214478","0.2569440205891927","0.22309660911560059","0.30926892161369324","0.2753036096692085","0.26094186305999756","0.2891370356082916"
"890","0.15195289626717567","0.14601466059684753","0.15792912244796753","0.14964764192700386","0.1423218548297882","0.1549231857061386","0.15183863788843155","0.14597532153129578","0.1576232612133026","0.25282204647858936","0.2305588275194168","0.29695677757263184","0.27462874352931976","0.2662212550640106","0.27996519207954407"
"891","0.15705924853682518","0.15104006230831146","0.16693733632564545","0.15469161048531532","0.14732369780540466","0.1631321907043457","0.1570965275168419","0.15163905918598175","0.16706132888793945","0.2648704449335734","0.24636399745941162","0.29321619868278503","0.29372675716876984","0.2884747385978699","0.30436235666275024"
"892","0.16162677854299545","0.15435472130775452","0.1703578531742096","0.15902096405625343","0.15080033242702484","0.16409063339233398","0.16167815774679184","0.1544509083032608","0.1701291799545288","0.2590761532386144","0.23745638132095337","0.29701876640319824","0.287922166287899","0.2798917591571808","0.29225701093673706"
"894","0.16186146065592766","0.15821924805641174","0.16541793942451477","0.1607690528035164","0.1579480767250061","0.1630041003227234","0.16215785965323448","0.15826863050460815","0.1659579873085022","0.2732067008813222","0.24047201871871948","0.3172321021556854","0.29251690208911896","0.27972257137298584","0.3043674826622009"
"895","0.15363649651408195","0.1472667157649994","0.15988001227378845","0.15114305540919304","0.14364497363567352","0.164632648229599","0.15360068529844284","0.14717558026313782","0.15960705280303955","0.25801994403203327","0.23878011107444763","0.28381484746932983","0.285730816423893","0.2799660563468933","0.29265597462654114"
"896","0.15646667778491974","0.15051893889904022","0.1659933179616928","0.1552150622010231","0.14916646480560303","0.16191455721855164","0.15641169995069504","0.14999648928642273","0.16587120294570923","0.25869210561116535","0.23554056882858276","0.29057931900024414","0.2857552245259285","0.281303346157074","0.291134774684906"
"897","0.15476657450199127","0.14081931114196777","0.1603686660528183","0.15304841101169586","0.13736647367477417","0.16392923891544342","0.15486058220267296","0.14125573635101318","0.15999096632003784","0.2581139753262202","0.23218469321727753","0.30051398277282715","0.28170761466026306","0.2678951919078827","0.28804153203964233"
"898","0.15588044747710228","0.15421876311302185","0.15843282639980316","0.15330316498875618","0.15104876458644867","0.15619881451129913","0.15593401342630386","0.15405583381652832","0.1579114943742752","0.26104216277599335","0.23761792480945587","0.29255151748657227","0.2879483476281166","0.2832794785499573","0.2919673025608063"
"899","0.15791277214884758","0.149114727973938","0.16578710079193115","0.1553814932703972","0.1427600234746933","0.1621336042881012","0.15812212601304054","0.1493014395236969","0.16573993861675262","0.2615785201390584","0.2412412464618683","0.28782594203948975","0.2882794588804245","0.2777690589427948","0.2980300188064575"
"900","0.15047742053866386","0.14079266786575317","0.15964429080486298","0.14884227141737938","0.14473456144332886","0.15433955192565918","0.15077601745724678","0.1409444808959961","0.1600717008113861","0.24806204438209534","0.22238637506961823","0.28910213708877563","0.27529730647802353","0.2655496299266815","0.28959959745407104"
"901","0.15329241752624512","0.1489008218050003","0.16307096183300018","0.15174289792776108","0.1449144184589386","0.16799339652061462","0.15328030288219452","0.14866527915000916","0.16314780712127686","0.25827781359354657","0.24057762324810028","0.2896988093852997","0.27481018751859665","0.2690545618534088","0.2859233021736145"
"902","0.1574857458472252","0.15210339426994324","0.16239970922470093","0.1558370292186737","0.1478639543056488","0.16523775458335876","0.1574949473142624","0.15184402465820312","0.16254304349422455","0.26582255959510803","0.2503318190574646","0.29545068740844727","0.2892678827047348","0.2848384976387024","0.29489096999168396"
"903","0.15961043909192085","0.14575433731079102","0.1762876808643341","0.15720541775226593","0.1419280767440796","0.17297399044036865","0.15964311733841896","0.14592866599559784","0.17581316828727722","0.26669256885846454","0.2431056797504425","0.29533255100250244","0.2914813458919525","0.2770780920982361","0.3088240623474121"
"904","0.15678827464580536","0.14481472969055176","0.16427461802959442","0.15432250499725342","0.1407972276210785","0.16482937335968018","0.15687141939997673","0.14512039721012115","0.1640397608280182","0.2685825725396474","0.2445734441280365","0.30752867460250854","0.2919376492500305","0.28388041257858276","0.2988649606704712"
"905","0.15674026682972908","0.15169142186641693","0.16587361693382263","0.1550680361688137","0.14937187731266022","0.16090598702430725","0.15678394585847855","0.1514897644519806","0.16580051183700562","0.2725896139939626","0.24455764889717102","0.3265180289745331","0.2980224937200546","0.2934916615486145","0.30866217613220215"
"906","0.15421844646334648","0.14077486097812653","0.1700591892004013","0.1534791700541973","0.13813501596450806","0.16691024601459503","0.15431274473667145","0.14081811904907227","0.1704486459493637","0.2520235925912857","0.23247769474983215","0.2866825759410858","0.27954449504613876","0.2699621617794037","0.2938566207885742"
"907","0.15038109198212624","0.14101102948188782","0.15598873794078827","0.149545356631279","0.14706039428710938","0.152028888463974","0.1504383720457554","0.14074887335300446","0.15544655919075012","0.2524310847123464","0.2237691581249237","0.29084399342536926","0.27421531081199646","0.2670179307460785","0.28012946248054504"
"908","0.15647367388010025","0.15256142616271973","0.16376228630542755","0.15374526381492615","0.14827753603458405","0.15898509323596954","0.1566491350531578","0.15299665927886963","0.16409078240394592","0.2566010405619939","0.24152609705924988","0.285283625125885","0.28375519812107086","0.27967435121536255","0.2856912910938263"
"909","0.1608620584011078","0.15467561781406403","0.1646948903799057","0.1584179773926735","0.15085655450820923","0.16568826138973236","0.16088669374585152","0.15457704663276672","0.16448479890823364","0.2643353343009949","0.24996745586395264","0.28868091106414795","0.29411229491233826","0.2789088189601898","0.3023880422115326"
"910","0.15462945401668549","0.14130212366580963","0.16892504692077637","0.1526305265724659","0.14402782917022705","0.1631910353899002","0.15489788725972176","0.14128915965557098","0.16895508766174316","0.25568793217341107","0.2299521565437317","0.30004575848579407","0.28723323345184326","0.2736974358558655","0.3087273836135864"
"911","0.15963342413306236","0.149733766913414","0.16964249312877655","0.15767939388751984","0.14691345393657684","0.1687692105770111","0.15963349118828773","0.149754598736763","0.16927719116210938","0.26302258173624676","0.24008432030677795","0.3065107464790344","0.28150272369384766","0.27059683203697205","0.293910413980484"
"912","0.15645724907517433","0.1496918499469757","0.16716822981834412","0.15461371839046478","0.147459477186203","0.16302576661109924","0.1569587104022503","0.1495370715856552","0.16780464351177216","0.2546001027027766","0.23581314086914062","0.2918756604194641","0.2770606651902199","0.26702508330345154","0.29184213280677795"
"913","0.15873796120285988","0.15142183005809784","0.16288962960243225","0.15591951459646225","0.14730428159236908","0.16536696255207062","0.15887314081192017","0.15151122212409973","0.16364549100399017","0.26482585072517395","0.24159598350524902","0.2993948757648468","0.29552463442087173","0.2890767455101013","0.2985096573829651"
"914","0.15585478395223618","0.15091338753700256","0.15924498438835144","0.15467767044901848","0.15254929661750793","0.15665602684020996","0.1561504416167736","0.1512097418308258","0.15941742062568665","0.25723376373449963","0.22970405220985413","0.2944079637527466","0.27914391458034515","0.27217113971710205","0.2839798331260681"
"915","0.16245504468679428","0.1564711183309555","0.1719408482313156","0.160446185618639","0.15401257574558258","0.17347025871276855","0.16259101405739784","0.15659600496292114","0.1721883863210678","0.2670125762621562","0.2510449290275574","0.29175612330436707","0.29202771931886673","0.27956265211105347","0.30616867542266846"
"916","0.15265735983848572","0.14866915345191956","0.16176927089691162","0.15092149004340172","0.1445637047290802","0.1586066633462906","0.15257783606648445","0.1484999656677246","0.16127541661262512","0.2561751107374827","0.23197773098945618","0.29892784357070923","0.27423279732465744","0.2712019979953766","0.279593288898468"
"917","0.16203845292329788","0.14728093147277832","0.1722632646560669","0.1603732407093048","0.14363916218280792","0.16824877262115479","0.16215647757053375","0.1476072371006012","0.1721630096435547","0.2631085862716039","0.2483023852109909","0.2843095064163208","0.29380201548337936","0.2746657133102417","0.30265265703201294"
"918","0.15791917592287064","0.15615679323673248","0.15955504775047302","0.15654600784182549","0.15243986248970032","0.16559690237045288","0.15783358737826347","0.15617915987968445","0.15921689569950104","0.25956366459528607","0.24067282676696777","0.29516252875328064","0.2830810397863388","0.279696524143219","0.2859981060028076"
"919","0.1568690910935402","0.15378418564796448","0.16189473867416382","0.15533635765314102","0.14984750747680664","0.16021472215652466","0.1568375863134861","0.1536024957895279","0.16204281151294708","0.25773395597934723","0.23515820503234863","0.29730257391929626","0.2793987765908241","0.27574118971824646","0.2866877019405365"
"920","0.16162393987178802","0.1537168323993683","0.1695287972688675","0.15823514387011528","0.14894311130046844","0.16791445016860962","0.16193797811865807","0.1537891924381256","0.17023609578609467","0.26578153669834137","0.24270838499069214","0.31080907583236694","0.2866445779800415","0.27926313877105713","0.29468590021133423"
"921","0.15367025136947632","0.1423918902873993","0.15899378061294556","0.1521376296877861","0.1393352448940277","0.16078174114227295","0.1538623794913292","0.14288856089115143","0.15919944643974304","0.25771088898181915","0.23239338397979736","0.2958919405937195","0.28617268055677414","0.2723698616027832","0.29160410165786743"
"922","0.15338999778032303","0.14420640468597412","0.1620669811964035","0.15111107751727104","0.13986298441886902","0.1626756191253662","0.15329016745090485","0.1440315842628479","0.16198304295539856","0.2592282295227051","0.2358022928237915","0.29209956526756287","0.28201793134212494","0.2749212384223938","0.29106658697128296"
"923","0.15474408492445946","0.1439162790775299","0.1638384312391281","0.1522647589445114","0.14494597911834717","0.16049861907958984","0.1551469825208187","0.1439562886953354","0.16445738077163696","0.24992497265338898","0.21862170100212097","0.28416305780410767","0.273554302752018","0.25850966572761536","0.28253644704818726"
"924","0.15457361564040184","0.14851266145706177","0.16148316860198975","0.153066735714674","0.15075844526290894","0.15717697143554688","0.15493439882993698","0.14905855059623718","0.16178973019123077","0.2539735833803813","0.2276420146226883","0.2873287796974182","0.2770467549562454","0.2677760720252991","0.28907686471939087"
"925","0.16219106689095497","0.15657402575016022","0.17024175822734833","0.1600036285817623","0.151876762509346","0.17299248278141022","0.1622426137328148","0.1567641943693161","0.17011389136314392","0.2684183716773987","0.2495730221271515","0.3021039366722107","0.29106856137514114","0.2795102000236511","0.3000048100948334"
"926","0.15654435753822327","0.14684991538524628","0.16625535488128662","0.15568605065345764","0.144883394241333","0.16239280998706818","0.15678981691598892","0.14739802479743958","0.16605530679225922","0.255667303999265","0.23512740433216095","0.294758677482605","0.2833990827202797","0.273416131734848","0.29429757595062256"
"927","0.1566954255104065","0.14777962863445282","0.17104209959506989","0.15443598479032516","0.147792786359787","0.16719599068164825","0.15708745270967484","0.1479097306728363","0.17101217806339264","0.26611576477686566","0.2274475395679474","0.3207505941390991","0.2840787395834923","0.26938682794570923","0.3015747368335724"
"928","0.15173957124352455","0.13224759697914124","0.18085069954395294","0.14908988028764725","0.1277710199356079","0.18338525295257568","0.1520029753446579","0.13280797004699707","0.18068334460258484","0.26531632741292316","0.23843976855278015","0.2889402210712433","0.2880365774035454","0.26743417978286743","0.3162801265716553"
"929","0.16704056411981583","0.1641579419374466","0.17006945610046387","0.1653282642364502","0.1599641591310501","0.17147952318191528","0.16715385019779205","0.16432633996009827","0.16997894644737244","0.26544872919718426","0.2529008388519287","0.2861303687095642","0.2918025404214859","0.28111445903778076","0.2979861795902252"
"930","0.1554011069238186","0.14990581572055817","0.1584462821483612","0.15419897437095642","0.14847372472286224","0.16041192412376404","0.1555481068789959","0.14989390969276428","0.15850071609020233","0.25951892137527466","0.24097737669944763","0.29482316970825195","0.2844414487481117","0.2829858660697937","0.2866787016391754"
"931","0.16173022240400314","0.15388473868370056","0.171100914478302","0.15892266854643822","0.15101805329322815","0.1658516526222229","0.1618950068950653","0.15457385778427124","0.1704256683588028","0.26743388175964355","0.2465246319770813","0.3040210008621216","0.29066625237464905","0.283365398645401","0.2999531030654907"
"932","0.1571035049855709","0.15264855325222015","0.1657460331916809","0.15463820844888687","0.1482362598180771","0.1625138521194458","0.15762265399098396","0.15310662984848022","0.16677168011665344","0.2569342702627182","0.23766109347343445","0.29400157928466797","0.2801467031240463","0.277211457490921","0.286238431930542"
"933","0.1563938967883587","0.13880372047424316","0.16960695385932922","0.1548035368323326","0.13486477732658386","0.16655094921588898","0.15657361969351768","0.13896134495735168","0.16889260709285736","0.2556447833776474","0.2184169739484787","0.3071223795413971","0.2853086069226265","0.26011398434638977","0.30300408601760864"
"934","0.15629355236887932","0.1487882137298584","0.1630929410457611","0.15553316846489906","0.15117305517196655","0.1599067598581314","0.15673349425196648","0.14866217970848083","0.16353289783000946","0.26426079372564953","0.2386537343263626","0.29931870102882385","0.28188684582710266","0.2746894657611847","0.29337140917778015"
"935","0.15069570764899254","0.14201480150222778","0.15682540833950043","0.14923817291855812","0.14586825668811798","0.1533786505460739","0.1507117599248886","0.142024427652359","0.15676461160182953","0.2526645213365555","0.224519282579422","0.28851136565208435","0.2761366739869118","0.26497676968574524","0.28883445262908936"
"936","0.16496898978948593","0.15890958905220032","0.1774768978357315","0.16232086345553398","0.1541062742471695","0.1734386384487152","0.16497325152158737","0.15920491516590118","0.1777951568365097","0.26857833564281464","0.23769856989383698","0.30661746859550476","0.2847740426659584","0.2769071161746979","0.2953980267047882"
"937","0.15700894594192505","0.15248440206050873","0.16483721137046814","0.15461229905486107","0.14754129946231842","0.16778407990932465","0.15722084045410156","0.15224161744117737","0.16487210988998413","0.26855987807114917","0.24816377460956573","0.3034634590148926","0.28825554996728897","0.282819926738739","0.2968597710132599"
"938","0.16211358830332756","0.15881413221359253","0.16636642813682556","0.1604270003736019","0.15386416018009186","0.17042326927185059","0.16222497820854187","0.15876278281211853","0.1659896969795227","0.2614249140024185","0.24605874717235565","0.28826311230659485","0.28261178731918335","0.2741178870201111","0.2880106568336487"
"939","0.15533455088734627","0.14709968864917755","0.1609136164188385","0.15357030555605888","0.1460709273815155","0.1640447974205017","0.1556362695991993","0.14722351729869843","0.16138394176959991","0.2605970452229182","0.23901988565921783","0.2924830913543701","0.2803691178560257","0.27280691266059875","0.2903633117675781"
"940","0.1558014452457428","0.14925752580165863","0.16424763202667236","0.1535356156527996","0.14706796407699585","0.16696074604988098","0.15585904940962791","0.14942331612110138","0.1643144190311432","0.2567843248446782","0.23351117968559265","0.293346107006073","0.2764792740345001","0.27043917775154114","0.28208011388778687"
"941","0.15663772448897362","0.1469462513923645","0.16390547156333923","0.15461048111319542","0.15055543184280396","0.16263829171657562","0.15675459802150726","0.14677678048610687","0.16431599855422974","0.2610569894313812","0.22994676232337952","0.29837489128112793","0.2899882346391678","0.2736118733882904","0.29728108644485474"
"942","0.1498270481824875","0.14120428264141083","0.15633629262447357","0.14584850892424583","0.14387109875679016","0.1500055491924286","0.14990363270044327","0.14132967591285706","0.15646342933177948","0.2540770024061203","0.22659435868263245","0.2943491041660309","0.27375677973032","0.2667565941810608","0.279086709022522"
"943","0.1442158780992031","0.1393159031867981","0.1481778621673584","0.13877735659480095","0.13037161529064178","0.15004700422286987","0.144332867115736","0.13920682668685913","0.14828000962734222","0.25198369721571606","0.23578110337257385","0.28299131989479065","0.27649250626564026","0.273604154586792","0.27872440218925476"
"944","0.1446005366742611","0.13431845605373383","0.15078958868980408","0.13999654352664948","0.12918299436569214","0.14564968645572662","0.14532019570469856","0.13526873290538788","0.15185388922691345","0.2530752718448639","0.22395938634872437","0.30641666054725647","0.2799650952219963","0.2696836590766907","0.29362696409225464"
"945","0.15549714863300323","0.1483374834060669","0.1645934134721756","0.15165603160858154","0.14289221167564392","0.15808270871639252","0.15592622756958008","0.1489267349243164","0.1650683581829071","0.2578882823387782","0.23989921808242798","0.2862192988395691","0.2895375266671181","0.2789701521396637","0.3007774353027344"
"946","0.15155302360653877","0.1406020224094391","0.16277532279491425","0.14783110842108727","0.1361757218837738","0.15974344313144684","0.1517465077340603","0.1404726505279541","0.16304244101047516","0.25123616059621173","0.23344242572784424","0.27537697553634644","0.28084076941013336","0.2711365520954132","0.2909638583660126"
"947","0.15463749691843987","0.1502762734889984","0.15800277888774872","0.1506517454981804","0.1440030038356781","0.16346320509910583","0.15495984256267548","0.15043187141418457","0.1584067940711975","0.25648559133211773","0.23811092972755432","0.28659117221832275","0.27954307198524475","0.27218499779701233","0.2855890095233917"
"948","0.15618040040135384","0.15163351595401764","0.16169625520706177","0.15197984129190445","0.14576537907123566","0.15811486542224884","0.15650038421154022","0.15184330940246582","0.16228894889354706","0.26947252452373505","0.24617527425289154","0.31338053941726685","0.2909797802567482","0.2859155535697937","0.2980026602745056"
"949","0.15572195127606392","0.14841938018798828","0.1608867049217224","0.15111615136265755","0.14192354679107666","0.1608240008354187","0.15586621686816216","0.1485859900712967","0.16142083704471588","0.27124203244845074","0.2521779537200928","0.30639445781707764","0.29635582119226456","0.28877878189086914","0.3073195219039917"
"950","0.15166206657886505","0.1474706083536148","0.15838271379470825","0.1483185775578022","0.14455711841583252","0.15252439677715302","0.1519986391067505","0.14792338013648987","0.15858200192451477","0.25644050041834515","0.23839890956878662","0.2899089753627777","0.2848914787173271","0.2791751027107239","0.2960135340690613"
"951","0.15099092572927475","0.14578163623809814","0.16094890236854553","0.14648451656103134","0.13835635781288147","0.15352028608322144","0.1515006572008133","0.14603804051876068","0.1618805229663849","0.2634471307198207","0.24070297181606293","0.305262953042984","0.28612085431814194","0.27933597564697266","0.2991968095302582"
"952","0.15786954760551453","0.14672337472438812","0.1659804880619049","0.15424327552318573","0.1522863507270813","0.159396693110466","0.1580462083220482","0.14709334075450897","0.1663132756948471","0.270768865942955","0.23770447075366974","0.31670090556144714","0.300083763897419","0.28544044494628906","0.31265968084335327"
"953","0.15254196152091026","0.1473575234413147","0.16557317972183228","0.14840414747595787","0.14139589667320251","0.1574946641921997","0.15283915773034096","0.14722569286823273","0.16540126502513885","0.25707325836022693","0.24303047358989716","0.284372478723526","0.2819533497095108","0.2771834135055542","0.28853699564933777"
"954","0.15303386375308037","0.13014844059944153","0.17719772458076477","0.1486397311091423","0.12520669400691986","0.18050919473171234","0.1532072313129902","0.13031667470932007","0.17689761519432068","0.27348877489566803","0.24956358969211578","0.3012426495552063","0.2882196307182312","0.25600653886795044","0.3128950595855713"
"955","0.14957750216126442","0.13763058185577393","0.1549496352672577","0.14611944556236267","0.13343846797943115","0.15599662065505981","0.1500544659793377","0.13833367824554443","0.15513691306114197","0.25391294062137604","0.23922806978225708","0.2796672582626343","0.27947816997766495","0.26612406969070435","0.2898775637149811"
"956","0.14386934414505959","0.14003883302211761","0.14739392697811127","0.1406015157699585","0.13311612606048584","0.1533002257347107","0.14418210834264755","0.14019818603992462","0.14801175892353058","0.25074529151121777","0.2319561392068863","0.28012824058532715","0.28064369410276413","0.2726193964481354","0.28936049342155457"
"957","0.15375761687755585","0.13943348824977875","0.16126063466072083","0.14979879185557365","0.13283641636371613","0.1600646823644638","0.1539410836994648","0.13974443078041077","0.1617911010980606","0.2704678177833557","0.245857834815979","0.31176844239234924","0.2864571809768677","0.26605305075645447","0.29853153228759766"
"958","0.15705422312021255","0.148075133562088","0.16236302256584167","0.1521138697862625","0.1414344608783722","0.16213950514793396","0.15735835582017899","0.14859417080879211","0.16294309496879578","0.2666627715031306","0.23653018474578857","0.31393128633499146","0.29279571771621704","0.28229498863220215","0.297404021024704"
"959","0.14939961209893227","0.14533710479736328","0.1535179167985916","0.14536841586232185","0.13852933049201965","0.15333209931850433","0.14982012659311295","0.14577919244766235","0.15380439162254333","0.25728773574034375","0.23923788964748383","0.2854132652282715","0.2826883867383003","0.27496621012687683","0.2887832522392273"
"960","0.1536153294146061","0.14406943321228027","0.15845438838005066","0.14883695542812347","0.14732550084590912","0.15024131536483765","0.15392117202281952","0.14426657557487488","0.1585528701543808","0.2646590272585551","0.234499990940094","0.3070032000541687","0.2948550879955292","0.2833044230937958","0.3006695508956909"
"961","0.1561533771455288","0.14701969921588898","0.16994094848632812","0.15185841172933578","0.1411416232585907","0.1642318069934845","0.15660706534981728","0.14786109328269958","0.1704990267753601","0.26242557168006897","0.2336447834968567","0.28982245922088623","0.28598152101039886","0.2739173173904419","0.3022301197052002"
"962","0.15479470789432526","0.1507309526205063","0.1566959023475647","0.1499483436346054","0.14221826195716858","0.15849962830543518","0.15520233660936356","0.15140748023986816","0.15702971816062927","0.2671881765127182","0.2473379522562027","0.29856905341148376","0.2892497852444649","0.28231513500213623","0.2935279905796051"
"963","0.1584353931248188","0.15567046403884888","0.15998245775699615","0.15439481288194656","0.15022650361061096","0.1607653945684433","0.15884777158498764","0.156412273645401","0.16079069674015045","0.2671819031238556","0.2486647665500641","0.3014099597930908","0.29189451038837433","0.2854458689689636","0.29947227239608765"
"964","0.15660810098052025","0.15292279422283173","0.15963368117809296","0.1524164229631424","0.14531388878822327","0.1627746969461441","0.1567794345319271","0.1529105007648468","0.16001564264297485","0.26842717329661053","0.25074538588523865","0.30180394649505615","0.2899266183376312","0.2858356237411499","0.29376155138015747"
"965","0.15516599267721176","0.1462145894765854","0.16492488980293274","0.15096233412623405","0.1381838172674179","0.1640886664390564","0.15539633110165596","0.1466277837753296","0.16448920965194702","0.2683034638563792","0.2539818286895752","0.2912326455116272","0.28588075190782547","0.27509936690330505","0.29817891120910645"
"966","0.1518796607851982","0.13991138339042664","0.1666444092988968","0.1474919728934765","0.1395510584115982","0.1604960411787033","0.15207787230610847","0.1401585340499878","0.16710367798805237","0.2549838423728943","0.22290007770061493","0.297450989484787","0.27985795587301254","0.26808106899261475","0.2945495843887329"
"967","0.14581580460071564","0.1322067379951477","0.15414215624332428","0.14156274497509003","0.1273953914642334","0.15500961244106293","0.14602914452552795","0.1325053572654724","0.15394802391529083","0.256717324256897","0.24371591210365295","0.2777257263660431","0.2823997959494591","0.2665083706378937","0.2920789420604706"
"968","0.15638938918709755","0.14835050702095032","0.16087409853935242","0.15219515934586525","0.14209634065628052","0.16030800342559814","0.15640933066606522","0.14799122512340546","0.1616070568561554","0.2644868145386378","0.24011261761188507","0.3014158010482788","0.29462960362434387","0.2852048873901367","0.30216073989868164"
"969","0.1543322242796421","0.149958997964859","0.1583021879196167","0.1492709070444107","0.142553448677063","0.16038385033607483","0.15461231395602226","0.15005572140216827","0.15914618968963623","0.26859243710835773","0.2464030385017395","0.30856555700302124","0.28321319818496704","0.27478623390197754","0.288743257522583"
"970","0.15583910420536995","0.15043696761131287","0.16320320963859558","0.15198714286088943","0.14399641752243042","0.16713128983974457","0.156021136790514","0.15020856261253357","0.16337625682353973","0.26840778191884357","0.25295490026474","0.2971761226654053","0.2865082025527954","0.2791956067085266","0.2940858006477356"
"971","0.1512168012559414","0.14125002920627594","0.1656642109155655","0.14550751447677612","0.13186408579349518","0.15901203453540802","0.15134422481060028","0.14165210723876953","0.16580072045326233","0.25686002771059674","0.23987293243408203","0.2900368273258209","0.2756971940398216","0.26636865735054016","0.2886520326137543"
"972","0.16014289483428001","0.15324653685092926","0.17053750157356262","0.15429458767175674","0.1441655457019806","0.16180981695652008","0.16023830696940422","0.15273839235305786","0.17072512209415436","0.26768437027931213","0.23936450481414795","0.29550957679748535","0.28962448984384537","0.2808433473110199","0.30633917450904846"
"973","0.15143601596355438","0.14446498453617096","0.1574646234512329","0.14626789093017578","0.13582724332809448","0.16000106930732727","0.15167148783802986","0.14455556869506836","0.15802660584449768","0.24878093600273132","0.23143284022808075","0.2763020396232605","0.27678608149290085","0.26649484038352966","0.2882775068283081"
"974","0.1490536592900753","0.1465851068496704","0.15142673254013062","0.14468037337064743","0.14053186774253845","0.15053169429302216","0.14958569407463074","0.1462194174528122","0.15272675454616547","0.2549172242482503","0.231464684009552","0.29196831583976746","0.2756090611219406","0.2704941928386688","0.2811448276042938"
"975","0.14901652187108994","0.1406969428062439","0.16033817827701569","0.144764743745327","0.13663148880004883","0.15343444049358368","0.14932537451386452","0.14109885692596436","0.16046184301376343","0.2552369087934494","0.2209249883890152","0.30929112434387207","0.28159328550100327","0.2704330384731293","0.30161505937576294"
"976","0.15068704634904861","0.14155001938343048","0.15732502937316895","0.14553796127438545","0.13284356892108917","0.15878134965896606","0.15082213282585144","0.1418994814157486","0.15773805975914001","0.2597363342841466","0.24002420902252197","0.28989261388778687","0.28279416263103485","0.2774907648563385","0.2883709669113159"
"977","0.15300624445080757","0.14040124416351318","0.16902229189872742","0.1487184502184391","0.1380191147327423","0.16720318794250488","0.15290210396051407","0.14041762053966522","0.16852331161499023","0.2637265870968501","0.24865879118442535","0.2835950255393982","0.2848370596766472","0.2716422379016876","0.29586243629455566"
"978","0.14965928718447685","0.14378297328948975","0.16086676716804504","0.14486614987254143","0.13662108778953552","0.16071295738220215","0.15006311982870102","0.14426057040691376","0.1607581526041031","0.26021716992060345","0.23483720421791077","0.29799020290374756","0.2741970121860504","0.2646665871143341","0.29018354415893555"
"979","0.15259049832820892","0.14262336492538452","0.16996845602989197","0.1486857794225216","0.1351030468940735","0.16369032859802246","0.15318027138710022","0.14279255270957947","0.17054057121276855","0.26671798527240753","0.23564885556697845","0.3025410771369934","0.2835879251360893","0.26986995339393616","0.30665701627731323"
"980","0.15687113255262375","0.14372852444648743","0.17018389701843262","0.15233351290225983","0.13554775714874268","0.17336505651474","0.15726767480373383","0.14349277317523956","0.1707732379436493","0.2634568512439728","0.24036887288093567","0.29784339666366577","0.28482457995414734","0.27817970514297485","0.2947462797164917"
"981","0.14802946150302887","0.14174504578113556","0.15447905659675598","0.1432625763118267","0.13472382724285126","0.14721348881721497","0.148173488676548","0.141593798995018","0.15485253930091858","0.25452172259489697","0.24025364220142365","0.282466858625412","0.2886722758412361","0.27860984206199646","0.29758894443511963"
"982","0.14723701030015945","0.14119552075862885","0.15450674295425415","0.14268291369080544","0.13480286300182343","0.1473119556903839","0.14731227234005928","0.1412578523159027","0.15443763136863708","0.2624461054801941","0.230754554271698","0.2981473207473755","0.28337412327528","0.2713622450828552","0.2990230321884155"
"983","0.15792112424969673","0.14403903484344482","0.1693163514137268","0.15342014655470848","0.13729719817638397","0.16071513295173645","0.15790601819753647","0.14407971501350403","0.1688503921031952","0.26527585585912067","0.23386356234550476","0.30833977460861206","0.2847752273082733","0.2683092951774597","0.2966338098049164"
"984","0.14508799836039543","0.1306765079498291","0.15224336087703705","0.14123801700770855","0.12405280023813248","0.15155178308486938","0.1455886960029602","0.13148437440395355","0.15314793586730957","0.2528794010480245","0.22450509667396545","0.2966611981391907","0.27565642446279526","0.26123368740081787","0.2858662009239197"
"985","0.15477407723665237","0.15082451701164246","0.15918390452861786","0.15124251693487167","0.1446382701396942","0.15671809017658234","0.15490210056304932","0.15082406997680664","0.15967586636543274","0.25689394275347394","0.23298634588718414","0.2982001304626465","0.2794072702527046","0.27378177642822266","0.28627246618270874"
"986","0.14931100979447365","0.1423598974943161","0.1565483808517456","0.14513155445456505","0.13577386736869812","0.15847337245941162","0.14971626549959183","0.1425458788871765","0.1563766449689865","0.25369085371494293","0.23250843584537506","0.2857605814933777","0.28375984728336334","0.2754099369049072","0.2907313406467438"
"987","0.14764801040291786","0.13989704847335815","0.15353792905807495","0.1426757536828518","0.1390196830034256","0.14593015611171722","0.1478104405105114","0.13988558948040009","0.15356990694999695","0.25601417819658917","0.22675347328186035","0.29945820569992065","0.28072409331798553","0.270535945892334","0.2894970774650574"
"988","0.15292007103562355","0.14334845542907715","0.16138513386249542","0.14813458546996117","0.14451652765274048","0.15384364128112793","0.15348883718252182","0.14367762207984924","0.16154760122299194","0.26058389743169147","0.23135900497436523","0.30171990394592285","0.2892106845974922","0.27359282970428467","0.3034919500350952"
"989","0.1450124941766262","0.13715200126171112","0.1572932004928589","0.14163170009851456","0.13139963150024414","0.14985992014408112","0.14530934765934944","0.13746868073940277","0.15703055262565613","0.253885880112648","0.22686487436294556","0.30176201462745667","0.2704622521996498","0.2596992552280426","0.2840827703475952"
"990","0.14774177595973015","0.1398286521434784","0.1516427844762802","0.1422521471977234","0.1331571340560913","0.15137815475463867","0.14825566112995148","0.1407678723335266","0.15176311135292053","0.2593093266089757","0.242326021194458","0.2929702699184418","0.2789834588766098","0.268205463886261","0.28367310762405396"
"991","0.15232818946242332","0.14541250467300415","0.15536925196647644","0.14786381274461746","0.1386612355709076","0.15816032886505127","0.1524232253432274","0.1454911231994629","0.1551155000925064","0.2618110130230586","0.2443055808544159","0.29316526651382446","0.2850765511393547","0.2821632921695709","0.2888796925544739"
"992","0.14876450970768929","0.138746976852417","0.1551089882850647","0.14513199031352997","0.1439550817012787","0.1481812298297882","0.1491110362112522","0.13890954852104187","0.15587589144706726","0.253104031085968","0.22336238622665405","0.29470109939575195","0.2741142585873604","0.26163870096206665","0.2829875349998474"
"993","0.15096429362893105","0.1424625813961029","0.15638092160224915","0.14727777242660522","0.14454835653305054","0.14932255446910858","0.15137076005339622","0.14273706078529358","0.15723153948783875","0.25173970063527423","0.22672195732593536","0.2805210053920746","0.28098634630441666","0.27239373326301575","0.2886114716529846"
"994","0.1514636166393757","0.1457069367170334","0.16623246669769287","0.14722225069999695","0.1401045173406601","0.15936140716075897","0.1512576900422573","0.14525966346263885","0.1663333922624588","0.24916134277979532","0.23389261960983276","0.2783416509628296","0.2908865287899971","0.280811607837677","0.3135196566581726"
"995","0.14862420409917831","0.14523659646511078","0.15605869889259338","0.1437845304608345","0.1384236365556717","0.1500876545906067","0.14908412471413612","0.1461080014705658","0.1564757078886032","0.25911467770735425","0.23824737966060638","0.29301005601882935","0.28513573110103607","0.28200268745422363","0.2918754518032074"
"996","0.14559224992990494","0.14322960376739502","0.1502034068107605","0.140898946672678","0.13805504143238068","0.1439574956893921","0.14590446278452873","0.14381654560565948","0.15076257288455963","0.24801450967788696","0.22525911033153534","0.2858462929725647","0.27254845201969147","0.26606953144073486","0.28103286027908325"
"997","0.1532738395035267","0.14976312220096588","0.15746678411960602","0.14967647567391396","0.14392223954200745","0.16015033423900604","0.1533454693853855","0.14964354038238525","0.1575538069009781","0.2592225869496663","0.24277329444885254","0.28959715366363525","0.2871333509683609","0.28114986419677734","0.29408594965934753"
"998","0.14748762920498848","0.13943473994731903","0.15436407923698425","0.14386145398020744","0.13324680924415588","0.15012377500534058","0.14779065549373627","0.13976024091243744","0.1547749787569046","0.252374788125356","0.2288108766078949","0.29646337032318115","0.27437280863523483","0.2682832181453705","0.2806547284126282"
"999","0.1470167674124241","0.13707363605499268","0.15563581883907318","0.14284011721611023","0.1311749666929245","0.149730384349823","0.14747656881809235","0.1373152881860733","0.15632817149162292","0.25272465745608014","0.22596244513988495","0.3006384074687958","0.28095921874046326","0.26609763503074646","0.29230478405952454"
"1000","0.15749431774020195","0.1542489230632782","0.15925896167755127","0.15447985753417015","0.14854548871517181","0.16359157860279083","0.1577293612062931","0.15493012964725494","0.1595732420682907","0.26747508347034454","0.24673549830913544","0.3038454055786133","0.28916096687316895","0.2810122072696686","0.2958090901374817"
"1001","0.15201345831155777","0.13819760084152222","0.16088145971298218","0.1475890874862671","0.13304826617240906","0.1582724153995514","0.15223197638988495","0.13851849734783173","0.1609119027853012","0.2541966686646144","0.2300608605146408","0.29405272006988525","0.27727174758911133","0.26547330617904663","0.28646576404571533"
"1002","0.15493325144052505","0.1407228261232376","0.17177215218544006","0.15008308738470078","0.13412868976593018","0.17220351099967957","0.15541435778141022","0.1413520723581314","0.17218637466430664","0.2654251555601756","0.23308679461479187","0.3023267388343811","0.28570880740880966","0.2720571756362915","0.30341193079948425"
"1003","0.15056463330984116","0.1468193680047989","0.15571551024913788","0.14641248062252998","0.14458738267421722","0.14837276935577393","0.1508760005235672","0.14678065478801727","0.15619055926799774","0.2582334627707799","0.2348472625017166","0.2978229224681854","0.275569312274456","0.2717776894569397","0.27882400155067444"
"1004","0.15073324367403984","0.14956055581569672","0.15344367921352386","0.1466251164674759","0.1431923806667328","0.15094660222530365","0.1510719433426857","0.1498449444770813","0.15384437143802643","0.2557356158892314","0.23061934113502502","0.29502058029174805","0.27827510982751846","0.2736068367958069","0.28405866026878357"
"1005","0.14908477291464806","0.13908720016479492","0.15744319558143616","0.14520947635173798","0.13509953022003174","0.1504029482603073","0.14915122836828232","0.1394299566745758","0.15757054090499878","0.2516144911448161","0.22435730695724487","0.2799370288848877","0.27154411375522614","0.2597993016242981","0.2833569645881653"
"1006","0.1492004171013832","0.14555981755256653","0.15739484131336212","0.1468859240412712","0.14045879244804382","0.15968942642211914","0.14962884783744812","0.14585132896900177","0.15691673755645752","0.25985079010327655","0.23617660999298096","0.292856365442276","0.2766134664416313","0.26840460300445557","0.287391722202301"
"1007","0.1516997404396534","0.14810383319854736","0.1581076681613922","0.14871693775057793","0.14119327068328857","0.1576663702726364","0.15166852995753288","0.14809590578079224","0.1577853411436081","0.26463155448436737","0.23726896941661835","0.30248817801475525","0.2823498845100403","0.27265962958335876","0.29116979241371155"
"1008","0.1514665000140667","0.1392277479171753","0.15791375935077667","0.14696475863456726","0.13180795311927795","0.15972889959812164","0.15156953036785126","0.13949179649353027","0.15813283622264862","0.26304960747559863","0.24565204977989197","0.2961274981498718","0.28966108709573746","0.28072690963745117","0.2967362701892853"
"1009","0.15542469173669815","0.15352287888526917","0.1575549691915512","0.15099577233195305","0.1474427431821823","0.15505021810531616","0.15573793277144432","0.15384596586227417","0.15791046619415283","0.25833827753861743","0.243775874376297","0.28552958369255066","0.2831959202885628","0.2800351679325104","0.28670158982276917"
"1010","0.15337159857153893","0.1453915387392044","0.1587112843990326","0.1487850286066532","0.13977746665477753","0.16046403348445892","0.15332992002367973","0.14559467136859894","0.1585995852947235","0.2651202778021495","0.24574923515319824","0.28898653388023376","0.2897620275616646","0.27825242280960083","0.29940158128738403"
"1011","0.15398124605417252","0.15227088332176208","0.15686410665512085","0.15059036016464233","0.14713183045387268","0.1607210636138916","0.1539751999080181","0.15193867683410645","0.15665921568870544","0.2590309927860896","0.24241039156913757","0.2919195294380188","0.28651684522628784","0.28095242381095886","0.2903054356575012"
"1012","0.1655719392001629","0.15232190489768982","0.1760105937719345","0.16064725816249847","0.14390704035758972","0.1697767972946167","0.16561968252062798","0.1527477502822876","0.17628777027130127","0.26424795389175415","0.24842381477355957","0.29186493158340454","0.288691870868206","0.2724699079990387","0.3085186183452606"
"1013","0.15084774792194366","0.143427774310112","0.1563183069229126","0.14671172201633453","0.13581649959087372","0.15214915573596954","0.1511312648653984","0.14402981102466583","0.1559647023677826","0.25620071589946747","0.23940040171146393","0.283677875995636","0.28270386904478073","0.2765631079673767","0.292784184217453"
"1014","0.1566377431154251","0.14283278584480286","0.17701144516468048","0.15254633873701096","0.13575151562690735","0.1799498200416565","0.1566488929092884","0.14276422560214996","0.1773035228252411","0.2626483291387558","0.23132161796092987","0.2839723825454712","0.2888376712799072","0.2695739269256592","0.3232154846191406"
"1015","0.15048380941152573","0.14876000583171844","0.1530708521604538","0.14681365340948105","0.14036332070827484","0.15782204270362854","0.15103408694267273","0.14905062317848206","0.15370570123195648","0.25968370338280994","0.240934818983078","0.29225802421569824","0.2844606041908264","0.2798285186290741","0.28769251704216003"
"1016","0.14658869802951813","0.1343284249305725","0.15776968002319336","0.14208472147583961","0.12896037101745605","0.15796172618865967","0.1465258151292801","0.13375598192214966","0.15795570611953735","0.25420954326788586","0.23194396495819092","0.2910706698894501","0.2719844952225685","0.26302212476730347","0.2797476053237915"
"1017","0.1536467745900154","0.14739076793193817","0.15958882868289948","0.14928190410137177","0.1431894451379776","0.15526136755943298","0.154214546084404","0.14802607893943787","0.16022706031799316","0.2544972499211629","0.22662419080734253","0.2915637493133545","0.2803368642926216","0.2710157632827759","0.286795973777771"
"1018","0.14917709305882454","0.13970836997032166","0.15905171632766724","0.14602863788604736","0.13360929489135742","0.16121800243854523","0.1496141217648983","0.14008256793022156","0.1591832935810089","0.2583758582671483","0.23768968880176544","0.28873682022094727","0.27011588960886","0.26320159435272217","0.28381019830703735"
"1019","0.14800290390849113","0.1392563283443451","0.15507185459136963","0.14442764967679977","0.1352044641971588","0.15185575187206268","0.14856041967868805","0.13952019810676575","0.1557426154613495","0.25548597673575085","0.2305990755558014","0.3041876554489136","0.27571939677000046","0.26764845848083496","0.2812565565109253"
"1020","0.14912869408726692","0.1458556354045868","0.15385903418064117","0.1446540243923664","0.14086341857910156","0.14940613508224487","0.1494392193853855","0.14633582532405853","0.15377891063690186","0.254167765378952","0.2317540943622589","0.29857540130615234","0.27393973618745804","0.2697891592979431","0.2807852029800415"
"1021","0.14832404628396034","0.1432989537715912","0.15106286108493805","0.14579084143042564","0.1385054588317871","0.15201666951179504","0.14848782867193222","0.14375655353069305","0.15132735669612885","0.25376317898432416","0.22473253309726715","0.2915520966053009","0.2781943157315254","0.27237486839294434","0.285333514213562"
"1022","0.15198839083313942","0.14025065302848816","0.16690534353256226","0.14851856231689453","0.13472065329551697","0.16165748238563538","0.15219858288764954","0.14087899029254913","0.16708841919898987","0.2645108550786972","0.2338951975107193","0.30136895179748535","0.2794535756111145","0.2634391784667969","0.29931700229644775"
"1023","0.15576842799782753","0.149640291929245","0.1612890064716339","0.15274053066968918","0.14403411746025085","0.1599838137626648","0.15606795623898506","0.14992529153823853","0.16154815256595612","0.2613921066125234","0.23850655555725098","0.3052446246147156","0.29223380982875824","0.2831759750843048","0.3011607527732849"
"1024","0.14973687380552292","0.13610433042049408","0.16050685942173004","0.14641350135207176","0.1319102644920349","0.16050176322460175","0.14997221902012825","0.1364024579524994","0.16102613508701324","0.2569022923707962","0.231932133436203","0.29323941469192505","0.28274285793304443","0.2684445083141327","0.2955404222011566"
"1025","0.14990375936031342","0.14605113863945007","0.1535099297761917","0.14646175876259804","0.14370988309383392","0.14999715983867645","0.1502525433897972","0.1466614454984665","0.15417250990867615","0.25091446936130524","0.22822031378746033","0.2864797115325928","0.27389323711395264","0.27012374997138977","0.27721843123435974"
"1026","0.15430819988250732","0.1468050628900528","0.16312801837921143","0.15063462778925896","0.14246094226837158","0.15611737966537476","0.15444360673427582","0.1468229442834854","0.16372327506542206","0.254246989885966","0.2350715696811676","0.28990864753723145","0.284941129386425","0.27809303998947144","0.2962031364440918"
"1027","0.15270263329148293","0.14944599568843842","0.15431639552116394","0.148275475949049","0.14357829093933105","0.15480445325374603","0.1530594266951084","0.14970964193344116","0.15464366972446442","0.26253881057103473","0.24301591515541077","0.29864856600761414","0.2904270887374878","0.28694745898246765","0.29307517409324646"
"1028","0.15422403439879417","0.15130546689033508","0.1578698754310608","0.15002594515681267","0.14581917226314545","0.15390194952487946","0.1545637622475624","0.15121790766716003","0.15825730562210083","0.2567045638958613","0.23677587509155273","0.2952495813369751","0.28433460742235184","0.28063490986824036","0.28735387325286865"
"1029","0.15298127010464668","0.14697721600532532","0.16039574146270752","0.14954307675361633","0.1398925483226776","0.1614861637353897","0.1532086692750454","0.14742831885814667","0.16069450974464417","0.2530438055594762","0.23933662474155426","0.2799158990383148","0.28679659217596054","0.2787870764732361","0.3010852038860321"
"1030","0.1530054286122322","0.1385994702577591","0.16082540154457092","0.149301890283823","0.1315590888261795","0.163260817527771","0.15280861780047417","0.13843375444412231","0.16095422208309174","0.26454322536786395","0.23915143311023712","0.3073919415473938","0.28065671026706696","0.26396915316581726","0.29414546489715576"
"1031","0.14631259813904762","0.1346798539161682","0.153940811753273","0.14317630976438522","0.14049936830997467","0.14633885025978088","0.14660319685935974","0.13460037112236023","0.15427514910697937","0.24832488099733988","0.219772607088089","0.2913475036621094","0.269468329846859","0.26098012924194336","0.2757623791694641"
"1032","0.1519869789481163","0.15055300295352936","0.1543407142162323","0.14893284440040588","0.14529965817928314","0.15308958292007446","0.15244769304990768","0.15119248628616333","0.1552119106054306","0.2530205249786377","0.23005107045173645","0.2885720133781433","0.2848661318421364","0.2787521779537201","0.28926441073417664"
"1033","0.1545042283833027","0.14671823382377625","0.1609475016593933","0.1502397060394287","0.148311585187912","0.1538638472557068","0.1548031009733677","0.14690044522285461","0.162128746509552","0.25730955104033154","0.23132844269275665","0.29241687059402466","0.28389374166727066","0.27871716022491455","0.28939732909202576"
"1034","0.15927749872207642","0.15258827805519104","0.17191001772880554","0.15636246651411057","0.14657054841518402","0.1650775671005249","0.15957945585250854","0.1522068828344345","0.17253193259239197","0.2677999536196391","0.24156010150909424","0.3134164810180664","0.28911610692739487","0.28618553280830383","0.29597824811935425"
"1035","0.15629969909787178","0.1428314745426178","0.1658191680908203","0.1525059975683689","0.1369461864233017","0.1696464866399765","0.1566321812570095","0.14259353280067444","0.1665690839290619","0.2524184932311376","0.2242341935634613","0.28918159008026123","0.27910059690475464","0.2640748918056488","0.2872723937034607"
"1036","0.14996373280882835","0.1430608034133911","0.16120699048042297","0.145571731030941","0.13539281487464905","0.1551259607076645","0.15012692660093307","0.14342643320560455","0.1623363196849823","0.2578461865584056","0.23350952565670013","0.30608847737312317","0.28288693726062775","0.2753795087337494","0.2990332543849945"
"1037","0.1478305235505104","0.14105890691280365","0.15159106254577637","0.14479302614927292","0.1437271386384964","0.14607621729373932","0.14784538373351097","0.14094103872776031","0.15167343616485596","0.24864400923252106","0.21986158192157745","0.2923637628555298","0.27484724670648575","0.264658123254776","0.28028011322021484"
"1038","0.15284371748566628","0.14766758680343628","0.16251778602600098","0.1485457830131054","0.1407245397567749","0.15630725026130676","0.15307780355215073","0.1485706865787506","0.16254174709320068","0.2536119570334752","0.23279301822185516","0.2851150631904602","0.28469500690698624","0.2755051255226135","0.2961310148239136"
"1039","0.15861039981245995","0.15275943279266357","0.1616109162569046","0.1556260921061039","0.14548788964748383","0.1641712784767151","0.15905415266752243","0.15254344046115875","0.16324031352996826","0.2587954103946686","0.2406996339559555","0.29321980476379395","0.28208061307668686","0.27489084005355835","0.2881351709365845"
"1040","0.15688568353652954","0.15328755974769592","0.1627906858921051","0.15321514382958412","0.14827723801136017","0.15833310782909393","0.15719937905669212","0.15375392138957977","0.1630617380142212","0.2655867288510005","0.2430247664451599","0.3106819689273834","0.2922982946038246","0.28681933879852295","0.3029777407646179"
"1041","0.1478741429746151","0.14340797066688538","0.15145447850227356","0.14545553177595139","0.13983018696308136","0.15519720315933228","0.14834174141287804","0.14371611177921295","0.15170691907405853","0.25620849927266437","0.23991245031356812","0.28799280524253845","0.2773500829935074","0.27591758966445923","0.27965664863586426"
"1042","0.1520809754729271","0.14006763696670532","0.16615413129329681","0.14821448922157288","0.13933156430721283","0.1630137413740158","0.152244184166193","0.13991637527942657","0.16689032316207886","0.2617252816756566","0.23029477894306183","0.31465062499046326","0.2780969813466072","0.2670072317123413","0.296610951423645"
"1043","0.15643572062253952","0.14613214135169983","0.1674380600452423","0.15327706933021545","0.14443275332450867","0.16171303391456604","0.15662135183811188","0.14593027532100677","0.16736078262329102","0.2589772641658783","0.2320089042186737","0.30468815565109253","0.2871299609541893","0.2721199691295624","0.30737096071243286"
"1044","0.15520057082176208","0.1519838273525238","0.1612848937511444","0.1506679318845272","0.14523401856422424","0.15626931190490723","0.1557171568274498","0.15341511368751526","0.16129308938980103","0.2631308039029439","0.2385900914669037","0.30179479718208313","0.2804607227444649","0.27209532260894775","0.2848898768424988"
"1045","0.15708978101611137","0.14822138845920563","0.16601507365703583","0.15411387383937836","0.14119172096252441","0.16352181136608124","0.15741074830293655","0.14797502756118774","0.1660536229610443","0.26448022822539013","0.23493067920207977","0.304729163646698","0.2876209169626236","0.27722471952438354","0.2986719608306885"
"1046","0.14889388531446457","0.13445919752120972","0.16843175888061523","0.1451364941895008","0.12765070796012878","0.17151714861392975","0.14939196035265923","0.13503053784370422","0.16874152421951294","0.2601112474997838","0.23693321645259857","0.2892725467681885","0.27416015416383743","0.26097428798675537","0.2939397990703583"
"1047","0.14824343100190163","0.13398590683937073","0.16064375638961792","0.1448819376528263","0.1308826059103012","0.15596218407154083","0.14867079257965088","0.1351829320192337","0.16103793680667877","0.25647316376368207","0.21963512897491455","0.31740379333496094","0.26772551983594894","0.25219982862472534","0.28258857131004333"
"1048","0.15198348835110664","0.14276085793972015","0.1590048223733902","0.14763102307915688","0.13438205420970917","0.16332679986953735","0.15208154171705246","0.14308059215545654","0.15856771171092987","0.2623552729686101","0.24035699665546417","0.297306090593338","0.2881021872162819","0.27138516306877136","0.31612032651901245"
"1049","0.14879781380295753","0.13584685325622559","0.15836256742477417","0.1455189622938633","0.13084831833839417","0.16082987189292908","0.14958446472883224","0.13650546967983246","0.15857087075710297","0.24927290280659994","0.21676889061927795","0.2923559844493866","0.270791158080101","0.25125691294670105","0.28444984555244446"
"1050","0.15231624618172646","0.14199981093406677","0.16994118690490723","0.14920010045170784","0.1434040665626526","0.16408765316009521","0.15263236314058304","0.14217469096183777","0.1703568398952484","0.25445518891016644","0.224220409989357","0.30357232689857483","0.27719075977802277","0.26829132437705994","0.2937808930873871"
"1051","0.14873791113495827","0.1429414451122284","0.15215690433979034","0.14541388303041458","0.13742202520370483","0.15274061262607574","0.1489681415259838","0.1425471305847168","0.15268121659755707","0.25593655308087665","0.2314734160900116","0.29800093173980713","0.2710430324077606","0.2646854817867279","0.2761722803115845"
"1052","0.15309785306453705","0.1438344120979309","0.16423100233078003","0.1493852734565735","0.13793914020061493","0.16100198030471802","0.15299874171614647","0.14366120100021362","0.1641126275062561","0.26004157463709515","0.23233185708522797","0.3060349225997925","0.2750662788748741","0.26425570249557495","0.2853717803955078"
"1053","0.15195142105221748","0.14771604537963867","0.15483053028583527","0.14746751636266708","0.1428331434726715","0.150076225399971","0.15220538899302483","0.14744682610034943","0.1552848517894745","0.2528911332289378","0.2328343391418457","0.2881152033805847","0.27554503083229065","0.27247393131256104","0.2783925235271454"
"1054","0.15701916813850403","0.14302363991737366","0.16620881855487823","0.15309616550803185","0.13666194677352905","0.16923436522483826","0.15768473222851753","0.14381496608257294","0.16638483107089996","0.26275361080964404","0.24602358043193817","0.2842743396759033","0.28538452833890915","0.26260119676589966","0.29993700981140137"
"1055","0.15017136558890343","0.14298520982265472","0.16118542850017548","0.14659573510289192","0.1375298649072647","0.16409671306610107","0.15023234486579895","0.14304710924625397","0.16143515706062317","0.2554608682791392","0.23951226472854614","0.27675431966781616","0.2834785580635071","0.27092504501342773","0.29600048065185547"
"1056","0.15015916898846626","0.1407460868358612","0.15387322008609772","0.14735795184969902","0.1351078748703003","0.15871284902095795","0.1505005918443203","0.1414595991373062","0.15365898609161377","0.2649221469958623","0.2452264428138733","0.30129775404930115","0.2850816920399666","0.27607348561286926","0.29142487049102783"
"1057","0.15331655740737915","0.14249806106090546","0.16025741398334503","0.1486271321773529","0.13630923628807068","0.15453888475894928","0.15366151928901672","0.14301031827926636","0.1606232225894928","0.26154184838136035","0.24155600368976593","0.290568470954895","0.2824178636074066","0.27250897884368896","0.2903144955635071"
"1058","0.15234504640102386","0.14305078983306885","0.16811347007751465","0.1498764306306839","0.13982591032981873","0.17236855626106262","0.15258734673261642","0.14308011531829834","0.16843333840370178","0.25690848131974536","0.22646594047546387","0.2946208119392395","0.27942904829978943","0.26458847522735596","0.29351288080215454"
"1059","0.1560608223080635","0.14313927292823792","0.1628287434577942","0.15126992389559746","0.13733409345149994","0.1629972904920578","0.15629004314541817","0.1433762162923813","0.16247525811195374","0.25421319901943207","0.23038716614246368","0.2932150065898895","0.28007327020168304","0.2652348279953003","0.2908136546611786"
"1060","0.14507034793496132","0.13373129069805145","0.15716612339019775","0.14265242964029312","0.13017641007900238","0.16050539910793304","0.1456160880625248","0.13434264063835144","0.1572744995355606","0.2518904159466426","0.2240685522556305","0.28422269225120544","0.26971662789583206","0.25748950242996216","0.2811869978904724"
"1061","0.14789371564984322","0.1423044204711914","0.15079958736896515","0.14324461668729782","0.13527929782867432","0.14976663887500763","0.14780830219388008","0.14211183786392212","0.15037426352500916","0.2588479022185008","0.23320138454437256","0.29832354187965393","0.27762265503406525","0.2687866985797882","0.28377512097358704"
"1062","0.1511891558766365","0.1471918374300003","0.15584805607795715","0.147777259349823","0.14133621752262115","0.15999744832515717","0.15163759887218475","0.14744418859481812","0.15549370646476746","0.2601649910211563","0.23826134204864502","0.2991707921028137","0.27805952727794647","0.272001177072525","0.2834605574607849"
"1063","0.1507410667836666","0.13521939516067505","0.16379180550575256","0.14694245904684067","0.1298670470714569","0.1575961709022522","0.1510234959423542","0.13538789749145508","0.1643005609512329","0.26195182899634045","0.23495647311210632","0.30839937925338745","0.2755846083164215","0.2604149281978607","0.29179373383522034"
"1064","0.15055577084422112","0.14504355192184448","0.1574452668428421","0.1474260464310646","0.13920214772224426","0.15969404578208923","0.1504601500928402","0.14458903670310974","0.15726926922798157","0.2551697591940562","0.2336464822292328","0.2945896089076996","0.2724440172314644","0.2658829987049103","0.2775627374649048"
"1065","0.15105392783880234","0.14154958724975586","0.15883538126945496","0.14784520491957664","0.1367373913526535","0.16096970438957214","0.15127333253622055","0.14192292094230652","0.15911443531513214","0.2534196625153224","0.23629184067249298","0.28248482942581177","0.2759254276752472","0.2659817934036255","0.2827458381652832"
"1066","0.14920520037412643","0.1435912847518921","0.1552106738090515","0.1450190134346485","0.13874517381191254","0.14842301607131958","0.1497267633676529","0.14404171705245972","0.15580341219902039","0.25334325432777405","0.23120790719985962","0.296297550201416","0.2723328620195389","0.2657564580440521","0.27912044525146484"
"1067","0.1486557051539421","0.13415172696113586","0.16265025734901428","0.14454926550388336","0.12833617627620697","0.15800625085830688","0.1491793394088745","0.13375762104988098","0.16404607892036438","0.26021209359169006","0.2299794852733612","0.3111618459224701","0.2741828113794327","0.25721150636672974","0.2936422824859619"
"1068","0.15454089641571045","0.14540159702301025","0.16723766922950745","0.15068136155605316","0.13984201848506927","0.16148868203163147","0.15489714592695236","0.1448361873626709","0.16854918003082275","0.26458022991816205","0.23808911442756653","0.3175184726715088","0.28031446039676666","0.27433955669403076","0.29328107833862305"
"1069","0.15136785060167313","0.14491210877895355","0.15738701820373535","0.14863425120711327","0.13986466825008392","0.15257856249809265","0.1514383852481842","0.144894078373909","0.15765292942523956","0.25262413918972015","0.23057623207569122","0.2837800979614258","0.2737389951944351","0.2662707269191742","0.27939528226852417"
"1070","0.15010975301265717","0.14816907048225403","0.1552596390247345","0.14734093099832535","0.14288979768753052","0.15148897469043732","0.15026073157787323","0.14857791364192963","0.15514296293258667","0.25438593824704486","0.23128092288970947","0.2910487949848175","0.2773726135492325","0.2745043635368347","0.2798279821872711"
"1071","0.14911269769072533","0.14491815865039825","0.15255656838417053","0.14501411467790604","0.14138895273208618","0.1481812745332718","0.1494484469294548","0.145514115691185","0.1522619128227234","0.2488845537106196","0.22458501160144806","0.2816074788570404","0.2750452905893326","0.2687149941921234","0.28058743476867676"
"1072","0.14771100133657455","0.14093756675720215","0.15183043479919434","0.14461547136306763","0.14251697063446045","0.14793342351913452","0.14825918897986412","0.14130526781082153","0.1526433229446411","0.24664982159932455","0.21979209780693054","0.2861194908618927","0.273523785173893","0.2660945653915405","0.27888527512550354"
"1073","0.15488959103822708","0.1493944674730301","0.17059317231178284","0.15108203515410423","0.14190185070037842","0.17403681576251984","0.15515096485614777","0.14951609075069427","0.1711432933807373","0.26513104637463886","0.23841413855552673","0.29727140069007874","0.28144471347332","0.26803863048553467","0.30208802223205566"
"1074","0.15584110096096992","0.14320504665374756","0.17360879480838776","0.15220746397972107","0.14408458769321442","0.16608735918998718","0.15584607422351837","0.14308512210845947","0.17295107245445251","0.2515036811431249","0.23006995022296906","0.28487423062324524","0.28591983765363693","0.2765094041824341","0.30591946840286255"
"1075","0.15018661692738533","0.14283695816993713","0.15838384628295898","0.14617330208420753","0.13775351643562317","0.15350030362606049","0.15040812641382217","0.14354033768177032","0.15868648886680603","0.2543978939453761","0.2299637645483017","0.2847457826137543","0.2746373862028122","0.2664031386375427","0.28498420119285583"
"1076","0.1521891951560974","0.13838009536266327","0.16401875019073486","0.14967002719640732","0.13331907987594604","0.159376323223114","0.15267488732933998","0.13881716132164001","0.1645689755678177","0.26155975957711536","0.2296822965145111","0.305858314037323","0.2748853713274002","0.2587846517562866","0.28493860363960266"
"1077","0.15213927626609802","0.14797447621822357","0.15661044418811798","0.14828471094369888","0.14120429754257202","0.15108147263526917","0.15227916836738586","0.1477629542350769","0.15611490607261658","0.26026690006256104","0.23858211934566498","0.3007710576057434","0.28946104645729065","0.2833189070224762","0.2934945225715637"
"1078","0.15498317405581474","0.14813344180583954","0.16379901766777039","0.15028155222535133","0.14196865260601044","0.15987464785575867","0.15489287301898003","0.14876510202884674","0.16331377625465393","0.26291288435459137","0.24365179240703583","0.2932887077331543","0.28894342482089996","0.2814875841140747","0.295696496963501"
"1079","0.1538267731666565","0.15039893984794617","0.15656441450119019","0.15083760023117065","0.1479899287223816","0.15424460172653198","0.15398336946964264","0.15049219131469727","0.15729127824306488","0.2585827012856801","0.23392891883850098","0.3009013533592224","0.28192924708127975","0.2787286639213562","0.285124808549881"
"1080","0.1467117965221405","0.1439836025238037","0.15066465735435486","0.1424110345542431","0.139287531375885","0.14617086946964264","0.1466439887881279","0.1440015733242035","0.1512928158044815","0.2515887717405955","0.22633007168769836","0.2963836193084717","0.2800324335694313","0.27620720863342285","0.28336113691329956"
"1081","0.15554828941822052","0.14372941851615906","0.16479402780532837","0.15168851613998413","0.13874858617782593","0.15769904851913452","0.1555895246565342","0.14380121231079102","0.1646709442138672","0.25587746500968933","0.22998878359794617","0.3047616481781006","0.27647604048252106","0.26588791608810425","0.28545573353767395"
"1083","0.1593000367283821","0.14695625007152557","0.1686667501926422","0.15664971992373466","0.1433069407939911","0.17008814215660095","0.15962033718824387","0.1477087438106537","0.16863474249839783","0.2683745324611664","0.23643013834953308","0.30814510583877563","0.29448284953832626","0.2783888876438141","0.30619266629219055"
"1084","0.14917457103729248","0.14466392993927002","0.1509578973054886","0.1474231630563736","0.1398250162601471","0.15198105573654175","0.14944741874933243","0.14472690224647522","0.15149152278900146","0.2518260031938553","0.23065991699695587","0.2910270094871521","0.2631925344467163","0.25605684518814087","0.26788514852523804"
"1085","0.15399276837706566","0.14965687692165375","0.1643640398979187","0.1507994830608368","0.1428847759962082","0.15848523378372192","0.1541777402162552","0.14938394725322723","0.1638968288898468","0.2628102997938792","0.23468834161758423","0.29335901141166687","0.28606116771698","0.27400630712509155","0.3122844099998474"
"1086","0.15083150193095207","0.1411372274160385","0.15585853159427643","0.1472608670592308","0.1360672116279602","0.15274253487586975","0.15161031112074852","0.1412978619337082","0.15659499168395996","0.25330602129300434","0.22926512360572815","0.299893856048584","0.2738868370652199","0.26574331521987915","0.279532790184021"
"1087","0.15828761830925941","0.14904163777828217","0.17146152257919312","0.15389003977179527","0.1421228051185608","0.17329534888267517","0.1585930474102497","0.1493518352508545","0.17141646146774292","0.2681125005086263","0.2415337860584259","0.29553598165512085","0.2940990626811981","0.2830981910228729","0.31703031063079834"
"1088","0.15272461250424385","0.138667494058609","0.16797789931297302","0.14774173498153687","0.13819213211536407","0.16193987429141998","0.15285957232117653","0.13882049918174744","0.1679469347000122","0.24920259912808737","0.22190776467323303","0.2927827835083008","0.2834724262356758","0.268968790769577","0.2992507219314575"
"1089","0.15472111850976944","0.1432444155216217","0.16400831937789917","0.1505904197692871","0.14384868741035461","0.1575985699892044","0.1547607220709324","0.14322884380817413","0.16384461522102356","0.2576904495557149","0.22514671087265015","0.29653286933898926","0.2811587080359459","0.26791077852249146","0.29279547929763794"
"1090","0.15246480703353882","0.14737790822982788","0.16237223148345947","0.14853369072079659","0.1412137895822525","0.15474730730056763","0.15270259603857994","0.14766879379749298","0.16276679933071136","0.25270916024843854","0.23259398341178894","0.28610068559646606","0.27900226414203644","0.2676377296447754","0.2925472855567932"
"1091","0.15175991877913475","0.1371918022632599","0.16396519541740417","0.14814621955156326","0.1328609138727188","0.16470369696617126","0.15161987394094467","0.1371230036020279","0.16358047723770142","0.25532756745815277","0.22493086755275726","0.29262545704841614","0.28458743542432785","0.26822489500045776","0.297977477312088"
"1092","0.1566855125129223","0.14865705370903015","0.16948778927326202","0.1529824323952198","0.14803700149059296","0.16192543506622314","0.15710273757576942","0.1492302417755127","0.16951999068260193","0.2587435046831767","0.23074156045913696","0.2872524559497833","0.2863199859857559","0.2748272120952606","0.30539822578430176"
"1093","0.1507509909570217","0.1384752094745636","0.15872138738632202","0.14698972925543785","0.14100636541843414","0.1549692302942276","0.150933139026165","0.13900527358055115","0.15881429612636566","0.2576302687327067","0.2197125256061554","0.3002835810184479","0.27980589121580124","0.2632672190666199","0.2888161838054657"
"1094","0.15176476538181305","0.14515656232833862","0.15794673562049866","0.14732422679662704","0.13999830186367035","0.15404236316680908","0.15193845331668854","0.1455124020576477","0.1578151285648346","0.2647787928581238","0.24126264452934265","0.302531898021698","0.2764195278286934","0.26569899916648865","0.28435736894607544"
"1095","0.1522836685180664","0.13443772494792938","0.16543078422546387","0.14875902608036995","0.12959958612918854","0.1680677980184555","0.15297582373023033","0.1355884075164795","0.16583681106567383","0.2585793733596802","0.24480438232421875","0.28231674432754517","0.2831111252307892","0.26292264461517334","0.2930383086204529"
"1096","0.15304643660783768","0.14788079261779785","0.15547055006027222","0.14826283231377602","0.1407032608985901","0.15939387679100037","0.15294860675930977","0.14761386811733246","0.15523505210876465","0.2555255840222041","0.2334456592798233","0.2925834059715271","0.28185518831014633","0.27632802724838257","0.28778010606765747"
"1097","0.1540045365691185","0.14305488765239716","0.1694936901330948","0.15071842074394226","0.13819964230060577","0.16318458318710327","0.1544254906475544","0.14443418383598328","0.16940759122371674","0.25829536219437915","0.23900406062602997","0.28423285484313965","0.2798526659607887","0.2720485031604767","0.2936932444572449"
"1098","0.15323065593838692","0.1501699686050415","0.15998263657093048","0.1491859070956707","0.1447320431470871","0.1531725376844406","0.15349366515874863","0.15069082379341125","0.1610332727432251","0.2621277819077174","0.23353171348571777","0.3113882541656494","0.2819160595536232","0.277422696352005","0.2931923270225525"
"1099","0.15328197926282883","0.15034249424934387","0.15678831934928894","0.14919720962643623","0.1440703421831131","0.1574823558330536","0.1535155400633812","0.15038760006427765","0.15671029686927795","0.2552686035633087","0.23708650469779968","0.29143622517585754","0.2764522582292557","0.2724260687828064","0.28156161308288574"
"1100","0.1498257927596569","0.14612162113189697","0.15752941370010376","0.146040640771389","0.13994631171226501","0.15834885835647583","0.14998136833310127","0.14610609412193298","0.15737804770469666","0.25184576710065204","0.23063835501670837","0.28316164016723633","0.2809237390756607","0.27257782220840454","0.2876266837120056"
"1101","0.15225949883460999","0.14026322960853577","0.17369213700294495","0.14939269050955772","0.13688808679580688","0.16658568382263184","0.1525997295975685","0.14096935093402863","0.1740145981311798","0.2565096418062846","0.23471936583518982","0.2733076512813568","0.28607069700956345","0.27181223034858704","0.3108868896961212"
"1102","0.15241606160998344","0.1415299028158188","0.16149628162384033","0.1485898196697235","0.13552339375019073","0.16474516689777374","0.15253803879022598","0.14171798527240753","0.1620578169822693","0.2614227583010991","0.24549849331378937","0.29263657331466675","0.27719730138778687","0.26125791668891907","0.28862786293029785"
"1103","0.15020868554711342","0.14113985002040863","0.16391871869564056","0.14697767421603203","0.13429512083530426","0.15799009799957275","0.1500452607870102","0.1406879723072052","0.16414645314216614","0.25554213921229046","0.22619521617889404","0.31375938653945923","0.2740762010216713","0.2615792155265808","0.2951207458972931"
"1104","0.154691930860281","0.14581115543842316","0.16443321108818054","0.1520812138915062","0.14464828372001648","0.1618993729352951","0.15474194288253784","0.14545398950576782","0.16389532387256622","0.25917068620522815","0.2277560532093048","0.3026759922504425","0.27747661620378494","0.267819881439209","0.2877379357814789"
"1105","0.15679774433374405","0.1504816710948944","0.15971443057060242","0.1521957702934742","0.15044422447681427","0.15456201136112213","0.15691320598125458","0.1506500393152237","0.16042549908161163","0.2551242262125015","0.22919920086860657","0.29350611567497253","0.28037793189287186","0.27307766675949097","0.2845918834209442"
"1106","0.14758004248142242","0.14168009161949158","0.1560470312833786","0.14348486438393593","0.138004869222641","0.15144097805023193","0.14761455729603767","0.14170311391353607","0.15572533011436462","0.25688208142916363","0.22257515788078308","0.2983226180076599","0.27988559007644653","0.2653827667236328","0.2909085154533386"
"1107","0.15256192535161972","0.14482980966567993","0.15784099698066711","0.14865799993276596","0.14071252942085266","0.1524205505847931","0.1527915522456169","0.1447448581457138","0.15869784355163574","0.2558370033899943","0.22990328073501587","0.3024213910102844","0.28588835150003433","0.2805785536766052","0.2910027801990509"
"1108","0.1553310975432396","0.14547166228294373","0.16815185546875","0.1520269699394703","0.14055615663528442","0.16033470630645752","0.1557689532637596","0.14508453011512756","0.16949263215065002","0.2609538386265437","0.22898903489112854","0.3179178535938263","0.2835914045572281","0.2671048641204834","0.3074948787689209"
"1109","0.15665506944060326","0.1505965292453766","0.1600070595741272","0.15285032987594604","0.15027891099452972","0.15506383776664734","0.1567569300532341","0.15051528811454773","0.15969055891036987","0.25622035066286725","0.23110562562942505","0.29050400853157043","0.286671981215477","0.2773122191429138","0.29190683364868164"
"1110","0.15249212831258774","0.14469389617443085","0.16020244359970093","0.14947769045829773","0.1390020251274109","0.15801464021205902","0.15253553912043571","0.1455770879983902","0.1597474217414856","0.2569636255502701","0.23981636762619019","0.2908908724784851","0.2919892817735672","0.27691420912742615","0.32401686906814575"
"1111","0.15881478041410446","0.1553547978401184","0.16464349627494812","0.15644756704568863","0.15105852484703064","0.16349823772907257","0.15901080518960953","0.15651890635490417","0.16452136635780334","0.25873931248982746","0.23787355422973633","0.2981312870979309","0.2849684879183769","0.27896547317504883","0.2974582314491272"
"1112","0.14771273732185364","0.13758425414562225","0.15953262150287628","0.1441870667040348","0.1317683458328247","0.15845942497253418","0.14770818501710892","0.13703423738479614","0.15969455242156982","0.2543296863635381","0.22527262568473816","0.29565057158470154","0.27816834300756454","0.265127956867218","0.2898775637149811"
"1113","0.1534113548696041","0.13214713335037231","0.17243975400924683","0.14936573430895805","0.12912993133068085","0.16598187386989594","0.15357687324285507","0.1319451630115509","0.17266018688678741","0.24796931942303976","0.2255251705646515","0.2675777077674866","0.2676951140165329","0.24806919693946838","0.28787392377853394"
"1114","0.15011397749185562","0.14072446525096893","0.15824201703071594","0.14690731465816498","0.13477838039398193","0.15783533453941345","0.15002530440688133","0.14095884561538696","0.15798397362232208","0.25506660838921863","0.22983452677726746","0.3026767373085022","0.27303285896778107","0.26707857847213745","0.2804567813873291"
"1115","0.1492152363061905","0.14164581894874573","0.15450289845466614","0.1448109745979309","0.13370147347450256","0.1527402400970459","0.14929267019033432","0.14116805791854858","0.1546151489019394","0.25119402011235553","0.22485455870628357","0.2936326861381531","0.2769163101911545","0.26627159118652344","0.2837110459804535"
"1116","0.14646296948194504","0.13266104459762573","0.16064554452896118","0.14359958842396736","0.1286594569683075","0.16502077877521515","0.14650492370128632","0.13183124363422394","0.16102290153503418","0.24658889571825662","0.2293705940246582","0.26779812574386597","0.2708967626094818","0.25187140703201294","0.29763102531433105"
"1117","0.15087423473596573","0.1429326981306076","0.15605634450912476","0.14744291454553604","0.14020314812660217","0.1504765897989273","0.15112188458442688","0.14392927289009094","0.15573182702064514","0.2506386637687683","0.23053213953971863","0.28019267320632935","0.26955708116292953","0.2617793083190918","0.27429357171058655"
"1118","0.15294111892580986","0.1414886713027954","0.16441214084625244","0.15049494802951813","0.13896970450878143","0.1656298041343689","0.1528623029589653","0.1418178826570511","0.16401919722557068","0.25292783975601196","0.22460255026817322","0.2919045686721802","0.27800555527210236","0.2662220001220703","0.29178452491760254"
"1119","0.14664211869239807","0.14193794131278992","0.15288962423801422","0.14519313722848892","0.14200252294540405","0.14965438842773438","0.14681363850831985","0.14219282567501068","0.1530729979276657","0.2477154682079951","0.2241457849740982","0.2804662883281708","0.2780602276325226","0.2736237347126007","0.2877693772315979"
"1120","0.15266858413815498","0.1460503488779068","0.15818051993846893","0.14853699132800102","0.1384846270084381","0.15562553703784943","0.15273058786988258","0.1463754028081894","0.15778662264347076","0.2579944133758545","0.2340467870235443","0.29747480154037476","0.2887358218431473","0.2837328314781189","0.2905590832233429"
"1121","0.15197685360908508","0.14063364267349243","0.16117332875728607","0.14902614802122116","0.13792049884796143","0.1626511961221695","0.15236815810203552","0.14147084951400757","0.16149935126304626","0.2611085871855418","0.2420077621936798","0.29169636964797974","0.27741237729787827","0.26740968227386475","0.28691259026527405"
"1122","0.15588536486029625","0.14901432394981384","0.16376343369483948","0.15145261958241463","0.14213503897190094","0.16122746467590332","0.1562194973230362","0.14981858432292938","0.16394327580928802","0.26598141590754193","0.24600020051002502","0.29825669527053833","0.2944352328777313","0.2852614223957062","0.3044585585594177"
"1123","0.15184959024190903","0.14254172146320343","0.16009974479675293","0.14838512241840363","0.13608285784721375","0.15946146845817566","0.15182777121663094","0.1428920179605484","0.15989527106285095","0.25713961323102313","0.24079006910324097","0.2782258689403534","0.2793441116809845","0.2689130902290344","0.29140084981918335"
"1124","0.15036031231284142","0.140579953789711","0.16578325629234314","0.14703468978405","0.13466307520866394","0.15858790278434753","0.15053468570113182","0.1406533420085907","0.16592472791671753","0.25772179663181305","0.22697566449642181","0.3150428533554077","0.27742094546556473","0.26353392004966736","0.2956632375717163"
"1125","0.1569836623966694","0.14689487218856812","0.16719289124011993","0.15248841419816017","0.14084100723266602","0.16033978760242462","0.1570027731359005","0.14646318554878235","0.1673348993062973","0.2591398109992345","0.23129254579544067","0.3122507333755493","0.28926051408052444","0.27471956610679626","0.303810179233551"
"1126","0.15405893325805664","0.14928051829338074","0.1580345779657364","0.15128110349178314","0.14837805926799774","0.154601588845253","0.15430765599012375","0.14901667833328247","0.1584492027759552","0.25586279730002087","0.23039540648460388","0.29313889145851135","0.2774234861135483","0.2729116976261139","0.2838570475578308"
"1127","0.1549602448940277","0.1477372944355011","0.1654524803161621","0.15081336349248886","0.14583544433116913","0.15794113278388977","0.15486956760287285","0.148334339261055","0.16515076160430908","0.247396652897199","0.22629106044769287","0.2790055274963379","0.27529678493738174","0.26976287364959717","0.28326594829559326"
"1128","0.15306171029806137","0.14743667840957642","0.15925505757331848","0.1489412486553192","0.14212262630462646","0.15408074855804443","0.153706394135952","0.14797718822956085","0.1614558845758438","0.2505108465751012","0.22653289139270782","0.29047873616218567","0.27744344621896744","0.27057528495788574","0.2946764826774597"
"1129","0.14690542966127396","0.14118286967277527","0.15265212953090668","0.14500808343291283","0.13545052707195282","0.1492900848388672","0.14751698449254036","0.1416013538837433","0.15375611186027527","0.24983913699785867","0.22841161489486694","0.2912217378616333","0.27082740515470505","0.26438695192337036","0.27705955505371094"
"1130","0.15231919288635254","0.14293769001960754","0.15887820720672607","0.148763008415699","0.13848869502544403","0.1613394021987915","0.15264560282230377","0.1433524787425995","0.16013593971729279","0.25480517745018005","0.23093125224113464","0.28518354892730713","0.28745153546333313","0.27489805221557617","0.300590842962265"
"1131","0.15516706183552742","0.1504436731338501","0.16748709976673126","0.15165288373827934","0.14573119580745697","0.16192416846752167","0.15545042231678963","0.15056434273719788","0.16782493889331818","0.259701540072759","0.2383461445569992","0.29322224855422974","0.2942987531423569","0.286638468503952","0.3086354732513428"
"1132","0.15460006892681122","0.1429281085729599","0.16569054126739502","0.15121012926101685","0.13969698548316956","0.1585465669631958","0.15513310581445694","0.14292782545089722","0.165758416056633","0.25146518150965375","0.22773702442646027","0.29701370000839233","0.27658575773239136","0.26280590891838074","0.29333481192588806"
"1133","0.15363097935914993","0.14167198538780212","0.17369553446769714","0.15038824826478958","0.13807807862758636","0.1686498373746872","0.15376515313982964","0.1414596289396286","0.17377233505249023","0.26944757004578906","0.22833429276943207","0.31008896231651306","0.29402129352092743","0.2786159813404083","0.3178541958332062"
"1134","0.1459878347814083","0.14275836944580078","0.15301641821861267","0.14381874725222588","0.1390598565340042","0.14887648820877075","0.14597197249531746","0.14243385195732117","0.15307942032814026","0.24892954031626383","0.22702696919441223","0.27713871002197266","0.275210365653038","0.27158302068710327","0.28330308198928833"
"1135","0.15797680988907814","0.14893552660942078","0.16528549790382385","0.15427325293421745","0.14369875192642212","0.16573256254196167","0.1577926017343998","0.14889198541641235","0.16513511538505554","0.2674020379781723","0.23922182619571686","0.31626954674720764","0.28509606420993805","0.2670384645462036","0.3075692653656006"
"1136","0.14945156499743462","0.13964389264583588","0.16368524730205536","0.14631089195609093","0.13276360929012299","0.15875108540058136","0.14947840571403503","0.1400296986103058","0.16430744528770447","0.25345584750175476","0.22824695706367493","0.30068525671958923","0.2722647860646248","0.2636873722076416","0.2835879921913147"
"1137","0.15240463241934776","0.14721234142780304","0.16137656569480896","0.14930378645658493","0.14154663681983948","0.15402904152870178","0.15260788425803185","0.14772263169288635","0.16090235114097595","0.25607500970363617","0.23444969952106476","0.2862749695777893","0.2726728990674019","0.26662546396255493","0.2870013117790222"
"1138","0.151059590280056","0.1303352415561676","0.16301286220550537","0.14682549610733986","0.1224244236946106","0.16364167630672455","0.15109356492757797","0.1311529576778412","0.16290023922920227","0.2571023503939311","0.24463963508605957","0.276785284280777","0.27500444650650024","0.25723347067832947","0.28741398453712463"
"1139","0.1471683792769909","0.1409655511379242","0.15636979043483734","0.1419515162706375","0.13519412279129028","0.15505965054035187","0.1470332108438015","0.14056125283241272","0.15635333955287933","0.24869789679845175","0.2275208830833435","0.28511661291122437","0.2721884027123451","0.2659947872161865","0.27549660205841064"
"1140","0.1539359949529171","0.14730164408683777","0.16193199157714844","0.15159718692302704","0.1433078646659851","0.15575158596038818","0.15427913889288902","0.14767716825008392","0.1621362268924713","0.25552331407864887","0.23633421957492828","0.2825157940387726","0.28597453981637955","0.27933749556541443","0.29275068640708923"
"1141","0.15833520144224167","0.1461879014968872","0.16802124679088593","0.15456023439764977","0.14781403541564941","0.16340039670467377","0.1586405374109745","0.1460152119398117","0.1685810685157776","0.25710272789001465","0.22556720674037933","0.30086368322372437","0.2832599878311157","0.2682790160179138","0.2979649305343628"
"1142","0.1512397564947605","0.1434728056192398","0.15837430953979492","0.14896802231669426","0.13690578937530518","0.15573391318321228","0.1512916423380375","0.1439225673675537","0.1578008383512497","0.2540403405825297","0.2356748878955841","0.2829135060310364","0.2757391408085823","0.26789453625679016","0.2833166718482971"
"1143","0.15566161274909973","0.1528099775314331","0.16052702069282532","0.15288390964269638","0.14781618118286133","0.16397058963775635","0.15573901310563087","0.15391725301742554","0.16022726893424988","0.26446132858594257","0.2487664520740509","0.2946677803993225","0.28617778420448303","0.2786617875099182","0.2918688654899597"
"1144","0.15062253922224045","0.14363126456737518","0.16124595701694489","0.14708463475108147","0.1386038064956665","0.15286096930503845","0.15096168965101242","0.14417383074760437","0.16165290772914886","0.2495457778374354","0.230971559882164","0.28119146823883057","0.2762330546975136","0.2717968225479126","0.28534191846847534"
"1145","0.1560068503022194","0.15258365869522095","0.1599326878786087","0.15163757279515266","0.14770303666591644","0.15785154700279236","0.15614835172891617","0.15229679644107819","0.16001087427139282","0.2550011972586314","0.23396310210227966","0.28948983550071716","0.2786935120820999","0.2755093276500702","0.2857544720172882"
"1146","0.1483628936111927","0.14289110898971558","0.15360312163829803","0.14472945034503937","0.14208857715129852","0.14863252639770508","0.14875217527151108","0.14304296672344208","0.1533193290233612","0.25941287477811176","0.234080508351326","0.29777711629867554","0.27398502826690674","0.26529091596603394","0.2850903868675232"
"1147","0.14917142316699028","0.13949021697044373","0.15606948733329773","0.1463313326239586","0.133933424949646","0.1583254039287567","0.14938880130648613","0.13983280956745148","0.1561124622821808","0.25692403813203174","0.2361595779657364","0.2936592102050781","0.28353460133075714","0.2730541527271271","0.2889457941055298"
"1148","0.15488452091813087","0.15055535733699799","0.1634351760149002","0.15251705795526505","0.14528842270374298","0.1587405800819397","0.155210480093956","0.1502694934606552","0.16408663988113403","0.2512933909893036","0.23179584741592407","0.2846071720123291","0.27648745477199554","0.2707456648349762","0.28672248125076294"
"1149","0.1513931043446064","0.14476218819618225","0.1553487479686737","0.14838732033967972","0.14531764388084412","0.15170305967330933","0.15147081390023232","0.1447938084602356","0.15559495985507965","0.24850621819496155","0.22386297583580017","0.28793540596961975","0.27342184633016586","0.264839231967926","0.28132811188697815"
"1150","0.14607931300997734","0.1361534744501114","0.152804434299469","0.1429344303905964","0.13860757648944855","0.14629964530467987","0.14629942178726196","0.13646307587623596","0.15309172868728638","0.24561746418476105","0.2136850357055664","0.2971723675727844","0.2700357586145401","0.2586999535560608","0.28049319982528687"
"1151","0.1494538150727749","0.1462680995464325","0.15099798142910004","0.14700176566839218","0.14493125677108765","0.15011781454086304","0.14962611347436905","0.14632777869701385","0.15090206265449524","0.25144343574841815","0.22852779924869537","0.2886691987514496","0.2767879515886307","0.27043330669403076","0.2818603217601776"
"1152","0.15106170997023582","0.137798011302948","0.15710529685020447","0.14757181704044342","0.13177743554115295","0.15536829829216003","0.15121495351195335","0.13860481977462769","0.15732674300670624","0.25266537566979724","0.23008717596530914","0.29302483797073364","0.26501400023698807","0.25332075357437134","0.2740561068058014"
"1153","0.15487098693847656","0.14397254586219788","0.16290542483329773","0.15193451568484306","0.1407700777053833","0.15767380595207214","0.15527285262942314","0.1450548768043518","0.16190972924232483","0.26059582829475403","0.23781347274780273","0.29328230023384094","0.28057554364204407","0.26946043968200684","0.2927088141441345"
"1154","0.1574654020369053","0.15029679238796234","0.1683255434036255","0.1537371277809143","0.1443561315536499","0.16827180981636047","0.1576845906674862","0.15051458775997162","0.16848841309547424","0.26463758448759717","0.23895542323589325","0.30068907141685486","0.2812803313136101","0.2726307809352875","0.2941534221172333"
"1155","0.16715455055236816","0.15837791562080383","0.17447571456432343","0.16324074566364288","0.15584804117679596","0.16914181411266327","0.16744156554341316","0.15918155014514923","0.1738804429769516","0.2646300295988719","0.2373039424419403","0.30503636598587036","0.29126759618520737","0.2770487070083618","0.29962798953056335"
"1156","0.15100692212581635","0.14671726524829865","0.1552790105342865","0.14712712913751602","0.143967404961586","0.15582852065563202","0.15126854926347733","0.1467726230621338","0.15551358461380005","0.2590702027082443","0.23596850037574768","0.2994605004787445","0.27971192449331284","0.2694869339466095","0.28423118591308594"
"1157","0.1474471502006054","0.14271962642669678","0.15112967789173126","0.14374101534485817","0.13530805706977844","0.15416967868804932","0.1476242020726204","0.14299602806568146","0.15126872062683105","0.2483777105808258","0.22974872589111328","0.27975594997406006","0.2740485221147537","0.2691868841648102","0.276804119348526"
"1158","0.15380192920565605","0.14960496127605438","0.15641634166240692","0.15042973682284355","0.14682108163833618","0.1540983021259308","0.1538100428879261","0.15009565651416779","0.1567549705505371","0.2563664714495341","0.2351660430431366","0.2904573678970337","0.28360839933156967","0.27931028604507446","0.2888333797454834"
"1159","0.15121935307979584","0.14595092833042145","0.15348957479000092","0.1477508433163166","0.14655905961990356","0.14954635500907898","0.15138740092515945","0.14607006311416626","0.15417534112930298","0.25300581753253937","0.22881294786930084","0.288657009601593","0.2749377638101578","0.2716630697250366","0.28122904896736145"
"1160","0.15159821510314941","0.1387161761522293","0.15832392871379852","0.14957865700125694","0.13327841460704803","0.16141118109226227","0.15180272608995438","0.13917241990566254","0.15906299650669098","0.2600897600253423","0.23683027923107147","0.30626970529556274","0.2759052887558937","0.2612426280975342","0.2849613428115845"
"1161","0.1491582691669464","0.13926586508750916","0.16375237703323364","0.14608318358659744","0.1356123983860016","0.1572200357913971","0.14944080635905266","0.13948993384838104","0.1636860966682434","0.25736601154009503","0.23461033403873444","0.2921828031539917","0.27253562957048416","0.26318883895874023","0.28780463337898254"
"1162","0.16181787848472595","0.15214818716049194","0.17059627175331116","0.15783893689513206","0.1482740044593811","0.164747953414917","0.1619146391749382","0.15153978765010834","0.17102335393428802","0.26052265365918476","0.2344324290752411","0.30940067768096924","0.2894723638892174","0.27758151292800903","0.30487218499183655"
"1163","0.15008675307035446","0.1475038379430771","0.15293020009994507","0.14553528651595116","0.14007537066936493","0.15017883479595184","0.14997290447354317","0.14717219769954681","0.15302452445030212","0.25083938241004944","0.22528362274169922","0.2977678179740906","0.27831585705280304","0.27246928215026855","0.2834729552268982"
"1164","0.1436619870364666","0.13252750039100647","0.1510779857635498","0.1393275335431099","0.13500024378299713","0.1432117372751236","0.14397340267896652","0.1332937330007553","0.15128490328788757","0.24432355165481567","0.2161574512720108","0.2776644825935364","0.2648841068148613","0.25367119908332825","0.2736373543739319"
"1165","0.1481092944741249","0.14385324716567993","0.1572982519865036","0.1445401981472969","0.13667608797550201","0.1580234169960022","0.14822925627231598","0.14378266036510468","0.15771296620368958","0.25599294900894165","0.2308739423751831","0.29803991317749023","0.272484727203846","0.2672402858734131","0.28210413455963135"
"1166","0.15674103796482086","0.1463581919670105","0.16679877042770386","0.1526743248105049","0.14124757051467896","0.16930776834487915","0.1569214165210724","0.14672324061393738","0.16653704643249512","0.25992318491141003","0.2297227829694748","0.29945653676986694","0.2817554399371147","0.27051377296447754","0.29349449276924133"
"1167","0.15738098323345184","0.15212242305278778","0.16093693673610687","0.15398845821619034","0.15168781578540802","0.1562109738588333","0.15738852322101593","0.15212973952293396","0.16092310845851898","0.2563813676436742","0.22999213635921478","0.2984464168548584","0.29344872385263443","0.27733102440834045","0.31947439908981323"
"1168","0.1470050923526287","0.13213367760181427","0.1578379124403","0.14456304535269737","0.1339329183101654","0.15250390768051147","0.14722666889429092","0.13178066909313202","0.15843187272548676","0.245979905128479","0.21844196319580078","0.2889248728752136","0.2740587815642357","0.2598870098590851","0.28624820709228516"
"1169","0.15020184963941574","0.1341429203748703","0.16172178089618683","0.14795147627592087","0.1297709196805954","0.16351495683193207","0.15057488158345222","0.13368822634220123","0.16222158074378967","0.25185076395670575","0.22173315286636353","0.2866368293762207","0.27060095965862274","0.2562596797943115","0.2790231704711914"
"1170","0.149201188236475","0.14552325010299683","0.15467362105846405","0.14697840064764023","0.14122013747692108","0.15260931849479675","0.1496201492846012","0.14616601169109344","0.15476325154304504","0.25525758663813275","0.2380124032497406","0.28953009843826294","0.27685608714818954","0.27258315682411194","0.282074898481369"
"1171","0.1515151709318161","0.14320215582847595","0.15984468162059784","0.14698919653892517","0.13679303228855133","0.1540774703025818","0.15187204629182816","0.1433161497116089","0.16082975268363953","0.26115060846010846","0.23368799686431885","0.302508682012558","0.28489719331264496","0.2747052311897278","0.29268336296081543"
"1172","0.16072812676429749","0.15260842442512512","0.16811281442642212","0.15747426822781563","0.1472163200378418","0.17014099657535553","0.16074645891785622","0.15232115983963013","0.16794560849666595","0.26410456498463947","0.2303197979927063","0.3146120607852936","0.2830017879605293","0.2672905921936035","0.2940276265144348"
"1173","0.15088962763547897","0.1432429403066635","0.15566076338291168","0.14798500016331673","0.14451542496681213","0.1512955278158188","0.15096034854650497","0.14359337091445923","0.15625911951065063","0.2567339241504669","0.23061931133270264","0.29678797721862793","0.28076229244470596","0.2728726863861084","0.2887580096721649"
"1174","0.15675534307956696","0.14578348398208618","0.16477614641189575","0.15306634083390236","0.13884513080120087","0.16809864342212677","0.1568189077079296","0.14581622183322906","0.16473111510276794","0.2598054111003876","0.24121445417404175","0.2870692312717438","0.28298769891262054","0.2731618881225586","0.29777055978775024"
"1175","0.14679962024092674","0.14318588376045227","0.15475969016551971","0.14283763989806175","0.1382630169391632","0.1476852148771286","0.14673716947436333","0.14304451644420624","0.15413472056388855","0.25504209597905475","0.22475102543830872","0.2947445213794708","0.2800395265221596","0.2723792493343353","0.2917676270008087"
"1176","0.15082736313343048","0.13896000385284424","0.16298457980155945","0.14689283445477486","0.13488095998764038","0.15671588480472565","0.1506510227918625","0.13892844319343567","0.16250862181186676","0.2569134881099065","0.21933598816394806","0.30095839500427246","0.27923086285591125","0.26636970043182373","0.2952653169631958"
"1177","0.1489904522895813","0.1394164264202118","0.16163404285907745","0.14546166360378265","0.14074885845184326","0.1524711400270462","0.1492588259279728","0.139955535531044","0.16131794452667236","0.2549472153186798","0.22127628326416016","0.29300493001937866","0.2704120874404907","0.25964635610580444","0.283771812915802"
"1178","0.15911194682121277","0.1479586362838745","0.16741912066936493","0.15481138229370117","0.14832553267478943","0.16107097268104553","0.15917222574353218","0.14785589277744293","0.16717740893363953","0.2633252541224162","0.22873899340629578","0.309378057718277","0.287612646818161","0.27412134408950806","0.29998400807380676"
"1179","0.15535862371325493","0.1529994159936905","0.16134120523929596","0.15128250792622566","0.14632056653499603","0.15660011768341064","0.15501819923520088","0.15246765315532684","0.16084381937980652","0.2548852513233821","0.23232172429561615","0.29514479637145996","0.2837822586297989","0.27895790338516235","0.2894514799118042"
"1180","0.1546633094549179","0.14498071372509003","0.16326868534088135","0.15082086995244026","0.1467943638563156","0.1579062044620514","0.1546139158308506","0.14558462798595428","0.16346526145935059","0.25427280366420746","0.21991334855556488","0.302523672580719","0.2751491889357567","0.2607768774032593","0.28348788619041443"
"1181","0.15135156735777855","0.14872434735298157","0.15434902906417847","0.14828819409012794","0.1446443498134613","0.15362003445625305","0.1516668163239956","0.1492997705936432","0.15434381365776062","0.2507433046897252","0.22967810928821564","0.28578057885169983","0.27656160295009613","0.2757788300514221","0.2776832580566406"
"1182","0.14870020747184753","0.1326751559972763","0.16281329095363617","0.14480078220367432","0.1350429654121399","0.15307466685771942","0.14882423356175423","0.13239812850952148","0.16282087564468384","0.24622147778669992","0.20776626467704773","0.2833194434642792","0.27275144308805466","0.25064316391944885","0.29036033153533936"
"1183","0.15343109890818596","0.14506107568740845","0.1681419312953949","0.14846767112612724","0.1412392258644104","0.16140800714492798","0.15310031175613403","0.14446528255939484","0.16744458675384521","0.2585473308960597","0.22910796105861664","0.29500362277030945","0.2819718196988106","0.27646833658218384","0.2931474447250366"
"1184","0.15869992971420288","0.1520613431930542","0.16627991199493408","0.15435601398348808","0.14392468333244324","0.16057388484477997","0.1586933247745037","0.15211793780326843","0.16570532321929932","0.25931935509045917","0.2319244146347046","0.2923319637775421","0.29335954785346985","0.2827593684196472","0.30398786067962646"
"1185","0.15812935307621956","0.14640399813652039","0.1816268414258957","0.15369445085525513","0.14271554350852966","0.17423713207244873","0.15814021602272987","0.14601407945156097","0.18172186613082886","0.2486184040705363","0.221015065908432","0.29240965843200684","0.28458260744810104","0.26575541496276855","0.31260234117507935"
"1186","0.15400252118706703","0.14613643288612366","0.1659727245569229","0.1496235392987728","0.13985097408294678","0.15944364666938782","0.15418141707777977","0.1458716243505478","0.1668338030576706","0.2597001294294993","0.23265069723129272","0.3083655536174774","0.2875719293951988","0.27898505330085754","0.29941725730895996"
"1187","0.14915726706385612","0.142957866191864","0.16241541504859924","0.14639097079634666","0.14068742096424103","0.156856507062912","0.1496264412999153","0.1431824266910553","0.16247865557670593","0.2465762346982956","0.22638721764087677","0.28047671914100647","0.2766479402780533","0.26951083540916443","0.28629523515701294"
"1188","0.1510349176824093","0.13757969439029694","0.16635949909687042","0.14711743220686913","0.13757066428661346","0.16235841810703278","0.1508772112429142","0.1372307538986206","0.1663808673620224","0.24924883743127188","0.21988971531391144","0.2871134281158447","0.28258705139160156","0.26834332942962646","0.29702091217041016"
"1189","0.1490410789847374","0.13299280405044556","0.1597147136926651","0.14596005156636238","0.13497255742549896","0.15342602133750916","0.14953028038144112","0.1334983855485916","0.16080816090106964","0.2519072691599528","0.22138890624046326","0.3046051859855652","0.2814326137304306","0.2683335244655609","0.2979481816291809"
"1190","0.1503150500357151","0.13917627930641174","0.15501238405704498","0.14756029471755028","0.13434018194675446","0.1567450612783432","0.1507195420563221","0.13985952734947205","0.1562049239873886","0.24724015096823374","0.22310027480125427","0.2836681008338928","0.27201031893491745","0.252803236246109","0.3092101514339447"
"1191","0.15091229230165482","0.14588268101215363","0.1549590826034546","0.14823947101831436","0.14145603775978088","0.15637317299842834","0.151141207665205","0.14621224999427795","0.1557205468416214","0.25412578384081524","0.23029987514019012","0.30039742588996887","0.27429038286209106","0.2622508108615875","0.28340765833854675"
"1192","0.15026859566569328","0.14578065276145935","0.15931880474090576","0.14648985117673874","0.13970345258712769","0.15296663343906403","0.15046316757798195","0.1457776427268982","0.15969684720039368","0.24544442196687064","0.22699281573295593","0.28091806173324585","0.28210167586803436","0.272413969039917","0.3042515218257904"
"1193","0.15479038655757904","0.14136704802513123","0.16645017266273499","0.15060081705451012","0.14212623238563538","0.16031166911125183","0.1549534574151039","0.141524076461792","0.16657716035842896","0.24879208207130432","0.21766385436058044","0.29701775312423706","0.2792031690478325","0.2671319842338562","0.2885406017303467"
"1194","0.15080971643328667","0.14353789389133453","0.16435638070106506","0.14816659688949585","0.13717347383499146","0.16179433465003967","0.1509975641965866","0.14352694153785706","0.16501480340957642","0.2593824217716853","0.23153239488601685","0.30853763222694397","0.2796235531568527","0.26966971158981323","0.29925456643104553"
"1195","0.15798310190439224","0.1539555788040161","0.1641608029603958","0.15368828549981117","0.14751139283180237","0.16540566086769104","0.15810538083314896","0.15437674522399902","0.1646403819322586","0.2654454708099365","0.24230772256851196","0.3094276487827301","0.2817192077636719","0.27839571237564087","0.28450676798820496"
"1196","0.1543726660311222","0.1425894796848297","0.1663786768913269","0.150639109313488","0.13686026632785797","0.16032849252223969","0.1543024182319641","0.14226199686527252","0.16585706174373627","0.24827850858370462","0.22147804498672485","0.29630526900291443","0.275515653192997","0.26190972328186035","0.2877703011035919"
"1197","0.144556175917387","0.14167490601539612","0.14836269617080688","0.1423250325024128","0.1372944414615631","0.1524103581905365","0.14429597929120064","0.14199978113174438","0.14812834560871124","0.24361130595207214","0.22454804182052612","0.27553412318229675","0.2696666866540909","0.2652367055416107","0.2764463722705841"
"1198","0.14803581684827805","0.14138144254684448","0.1584869772195816","0.14623963460326195","0.1365240216255188","0.15399280190467834","0.14827626943588257","0.14103710651397705","0.15904919803142548","0.24810568491617838","0.22470563650131226","0.2921629846096039","0.27646569162607193","0.2694206237792969","0.2826615571975708"
"1199","0.1583753526210785","0.15319599211215973","0.16459092497825623","0.15456607937812805","0.14786766469478607","0.1600169539451599","0.15852737426757812","0.15280941128730774","0.16584569215774536","0.2643033266067505","0.24114441871643066","0.3051844835281372","0.28716396540403366","0.28023627400398254","0.2933273911476135"
"1200","0.15281276777386665","0.14607897400856018","0.16384559869766235","0.14943302422761917","0.14071862399578094","0.15859749913215637","0.15284109115600586","0.14631302654743195","0.16396215558052063","0.25351203978061676","0.23439684510231018","0.2835407853126526","0.2771741896867752","0.26921162009239197","0.2858749032020569"
"1201","0.14792274683713913","0.13502849638462067","0.1533612757921219","0.14648021012544632","0.14104147255420685","0.1498512625694275","0.14864381402730942","0.1353791058063507","0.15414351224899292","0.24927459160486856","0.21386463940143585","0.29491427540779114","0.27261199057102203","0.2574259638786316","0.28256887197494507"
"1202","0.14824437722563744","0.1324135661125183","0.1634979099035263","0.14505580067634583","0.12884196639060974","0.1577211320400238","0.14844314381480217","0.13189354538917542","0.16457709670066833","0.2518608421087265","0.21760199964046478","0.29855313897132874","0.2778945863246918","0.25976571440696716","0.2900732159614563"
"1203","0.14839841425418854","0.13892419636249542","0.16592521965503693","0.14450737461447716","0.1333511769771576","0.1593235433101654","0.14844337478280067","0.1388135850429535","0.16575655341148376","0.2523122827212016","0.21681462228298187","0.3084799349308014","0.2668547034263611","0.2524678707122803","0.286952406167984"
"1204","0.15537156909704208","0.15326137840747833","0.15749958157539368","0.15317349135875702","0.14876221120357513","0.15825167298316956","0.15557274222373962","0.15321537852287292","0.1582789123058319","0.25731273492177326","0.2338337004184723","0.29873794317245483","0.2789396196603775","0.27699926495552063","0.2814508378505707"
"1205","0.15971171855926514","0.15475404262542725","0.16408821940422058","0.15634065121412277","0.14734910428524017","0.16935567557811737","0.15988708660006523","0.15522551536560059","0.16443446278572083","0.2600672443707784","0.24066109955310822","0.2969212234020233","0.28313207626342773","0.2809930145740509","0.2878514230251312"
"1206","0.14655771479010582","0.1353798359632492","0.15569806098937988","0.14328991249203682","0.1378197968006134","0.14993993937969208","0.14646203443408012","0.13556638360023499","0.15441887080669403","0.24096320072809854","0.2073952555656433","0.279606431722641","0.26607269048690796","0.253531277179718","0.27450188994407654"
"1207","0.15081842616200447","0.14420472085475922","0.16158539056777954","0.1481294184923172","0.13977837562561035","0.16447500884532928","0.15096469596028328","0.14487162232398987","0.16106240451335907","0.2520817418893178","0.22653746604919434","0.28692626953125","0.27982883155345917","0.2708030045032501","0.2854706645011902"
"1208","0.1587636061012745","0.1533949077129364","0.1641225665807724","0.1552901789546013","0.15039221942424774","0.1598271131515503","0.15913806855678558","0.15428875386714935","0.16417846083641052","0.26245762904485065","0.2381814420223236","0.29917365312576294","0.2879665866494179","0.28327852487564087","0.2963765859603882"
"1209","0.15291263535618782","0.13723459839820862","0.16152437031269073","0.1502654142677784","0.13409017026424408","0.15603698790073395","0.153277225792408","0.13787543773651123","0.1619105190038681","0.2538108130296071","0.22622179985046387","0.2822633385658264","0.27938244491815567","0.25667184591293335","0.29999637603759766"
"1210","0.15313223004341125","0.144775390625","0.1639719307422638","0.14966947585344315","0.14323249459266663","0.1580829620361328","0.15367978811264038","0.14618515968322754","0.16408340632915497","0.25040700534979504","0.2244594693183899","0.28192630410194397","0.270229697227478","0.2592245042324066","0.2822175621986389"
"1211","0.1578710973262787","0.15410339832305908","0.16423927247524261","0.15487637370824814","0.14865908026695251","0.16026389598846436","0.1579175777733326","0.15438461303710938","0.16429579257965088","0.25547389686107635","0.23525719344615936","0.2934701144695282","0.28033237904310226","0.27265697717666626","0.2927202582359314"
"1212","0.15248599648475647","0.14173370599746704","0.16320042312145233","0.14860789477825165","0.13801732659339905","0.15839490294456482","0.15278885513544083","0.14243879914283752","0.1629943698644638","0.2486022412776947","0.2334727644920349","0.26891207695007324","0.2779337465763092","0.2684608995914459","0.28808075189590454"
"1213","0.14950193837285042","0.14172795414924622","0.15567547082901","0.14687484875321388","0.13703811168670654","0.15255184471607208","0.1497139409184456","0.14231562614440918","0.15602120757102966","0.25537462035814923","0.22923272848129272","0.30463171005249023","0.28179049491882324","0.27516505122184753","0.2892110049724579"
"1214","0.15399384126067162","0.1435455083847046","0.1620030254125595","0.1501830741763115","0.14455318450927734","0.1574127972126007","0.1541779600083828","0.14336280524730682","0.1626858115196228","0.2629830539226532","0.2247563600540161","0.31975334882736206","0.273768812417984","0.2602444291114807","0.28707146644592285"
"1215","0.16332636028528214","0.14790616929531097","0.1852768510580063","0.15957632288336754","0.14937713742256165","0.1795499473810196","0.16344507038593292","0.14827801287174225","0.1861082911491394","0.26537524660428363","0.22151818871498108","0.33010828495025635","0.28282715380191803","0.2653094530105591","0.3105449676513672"
"1216","0.15428776666522026","0.1448102593421936","0.1608913242816925","0.15109604224562645","0.13884712755680084","0.16302372515201569","0.15481601655483246","0.145127534866333","0.16169489920139313","0.2535555313030879","0.23517175018787384","0.2875387668609619","0.2799677848815918","0.27643412351608276","0.284451961517334"
"1217","0.1567092128098011","0.1491275578737259","0.16258272528648376","0.15316088870167732","0.1437479704618454","0.16185429692268372","0.1566755622625351","0.14868909120559692","0.1628943383693695","0.261119082570076","0.24312974512577057","0.29420214891433716","0.2852626219391823","0.2726012170314789","0.29859107732772827"
"1218","0.15485766157507896","0.14374803006649017","0.18266403675079346","0.15151314809918404","0.1405440717935562","0.17738425731658936","0.15504717081785202","0.14428725838661194","0.18287178874015808","0.26532523334026337","0.23326240479946136","0.2855221927165985","0.28336051851511","0.2691526412963867","0.31908512115478516"
"1219","0.1511777639389038","0.1423933207988739","0.16076424717903137","0.14870616048574448","0.13823701441287994","0.15697671473026276","0.1513817049562931","0.14245523512363434","0.16100753843784332","0.24831618865331015","0.2235836684703827","0.2785590589046478","0.27613549679517746","0.26511502265930176","0.2894466519355774"
"1220","0.1554500125348568","0.14813052117824554","0.16322287917137146","0.15127651393413544","0.14268293976783752","0.15818586945533752","0.15542427822947502","0.14770030975341797","0.16317975521087646","0.24997103214263916","0.22454538941383362","0.3001720905303955","0.2753249704837799","0.2666681408882141","0.28624725341796875"
"1221","0.15111549943685532","0.14343969523906708","0.1560344696044922","0.14760233089327812","0.1370946615934372","0.1571466624736786","0.15125847235321999","0.14342305064201355","0.15687544643878937","0.26418308913707733","0.23368816077709198","0.3116350769996643","0.29012301564216614","0.28203943371772766","0.29837873578071594"
"1222","0.15683479234576225","0.15127156674861908","0.16440285742282867","0.15385029092431068","0.14924117922782898","0.15983892977237701","0.1572164222598076","0.1520010530948639","0.1645047664642334","0.25350331763426465","0.22646993398666382","0.2887359857559204","0.27536576986312866","0.26952147483825684","0.286089152097702"
"1224","0.15130161866545677","0.1471925675868988","0.15468795597553253","0.1489088535308838","0.14397016167640686","0.15786322951316833","0.15117324143648148","0.14715924859046936","0.1549910306930542","0.2451688994963964","0.22779342532157898","0.27272143959999084","0.27385126799345016","0.2674659788608551","0.279498815536499"
"1225","0.15351072698831558","0.1424732506275177","0.1616324782371521","0.150605671107769","0.1368550956249237","0.1635304093360901","0.15369096398353577","0.1426120400428772","0.16189536452293396","0.25632867217063904","0.23256975412368774","0.28593847155570984","0.2781476452946663","0.2741315960884094","0.2863297760486603"
"1226","0.1557108871638775","0.15531893074512482","0.15649181604385376","0.15175609663128853","0.14771787822246552","0.15685182809829712","0.15583880618214607","0.1552361249923706","0.1568521410226822","0.25389663378397626","0.23125410079956055","0.2936198115348816","0.27921802550554276","0.2744576632976532","0.2811923027038574"
"1227","0.1515776813030243","0.15005657076835632","0.1536923348903656","0.1489221267402172","0.1448720097541809","0.15362533926963806","0.1518118716776371","0.15043142437934875","0.15358877182006836","0.2520432025194168","0.22993604838848114","0.28761428594589233","0.27246013283729553","0.269353985786438","0.2763054072856903"
"1228","0.15140601620078087","0.1432889997959137","0.16135236620903015","0.1489061340689659","0.14364272356033325","0.15568485856056213","0.15196575969457626","0.14368444681167603","0.16228701174259186","0.24842036763827005","0.22377409040927887","0.28766539692878723","0.2805728167295456","0.2707807719707489","0.29700765013694763"
"1229","0.15875453501939774","0.15367160737514496","0.16246700286865234","0.15657300874590874","0.15048828721046448","0.16484379768371582","0.15864766389131546","0.15334126353263855","0.16253326833248138","0.263527790705363","0.2398991882801056","0.30734801292419434","0.28451962023973465","0.27648109197616577","0.28842371702194214"
"1230","0.1475011520087719","0.14124172925949097","0.1540493220090866","0.1447833701968193","0.13890352845191956","0.1495252549648285","0.14764856174588203","0.14115671813488007","0.15383636951446533","0.24410915871461233","0.21410009264945984","0.2848235070705414","0.26790766417980194","0.25510403513908386","0.2770715355873108"
"1231","0.15400834754109383","0.14098140597343445","0.1689920872449875","0.1493910625576973","0.1354217678308487","0.16785180568695068","0.1538652442395687","0.1408122330904007","0.16963377594947815","0.26151535908381146","0.23448312282562256","0.29255157709121704","0.27701278775930405","0.2575324773788452","0.30386337637901306"
"1232","0.15203803777694702","0.14001315832138062","0.1579349935054779","0.14791571348905563","0.1363796442747116","0.15356487035751343","0.15200575813651085","0.1402265727519989","0.158232182264328","0.2517259915669759","0.22766321897506714","0.2916213870048523","0.278513640165329","0.26299697160720825","0.2902412414550781"
"1233","0.1557481363415718","0.1438828557729721","0.16208776831626892","0.15144627913832664","0.13726387917995453","0.15945667028427124","0.15612570568919182","0.143980011343956","0.1623450219631195","0.25608054796854657","0.22998490929603577","0.3020736873149872","0.2776850536465645","0.26768189668655396","0.2859892249107361"
"1234","0.15278414264321327","0.14136117696762085","0.16433539986610413","0.14960326254367828","0.13639220595359802","0.16763953864574432","0.15301375463604927","0.1410437971353531","0.16452977061271667","0.2543599009513855","0.22455137968063354","0.2878323793411255","0.27721410244703293","0.2634119987487793","0.29321205615997314"
"1235","0.15420795232057571","0.15242990851402283","0.15776756405830383","0.15220369026064873","0.14905191957950592","0.15614332258701324","0.15442097187042236","0.1523013710975647","0.15797841548919678","0.2509841074546178","0.22776535153388977","0.2912675738334656","0.2852080687880516","0.2773267924785614","0.30429700016975403"
"1236","0.1497344821691513","0.14004947245121002","0.15836113691329956","0.14674944803118706","0.13760803639888763","0.15343120694160461","0.149918120354414","0.14043119549751282","0.158594012260437","0.24627972642580667","0.22532892227172852","0.27426475286483765","0.27664153277873993","0.26797112822532654","0.2851806879043579"
"1237","0.15359370037913322","0.14549019932746887","0.1648341566324234","0.15031909570097923","0.14020435512065887","0.1596551388502121","0.15364889055490494","0.1459847390651703","0.16484402120113373","0.25270121296246845","0.23216038942337036","0.2918148636817932","0.2795527055859566","0.2704154849052429","0.29120221734046936"
"1238","0.15328531712293625","0.1372385025024414","0.16923856735229492","0.14880109578371048","0.1303873360157013","0.16247694194316864","0.1533195897936821","0.1375381201505661","0.16973848640918732","0.25184954206148785","0.22284597158432007","0.29749596118927","0.27366767078638077","0.2588460445404053","0.28353995084762573"
"1239","0.1521056406199932","0.14702746272087097","0.15778997540473938","0.14857129007577896","0.14360760152339935","0.15553951263427734","0.15217667818069458","0.1475844383239746","0.1582893431186676","0.25342077016830444","0.23321864008903503","0.2904515564441681","0.2769450545310974","0.27191686630249023","0.2799406051635742"
"1240","0.15247834846377373","0.1432693749666214","0.16643381118774414","0.14943478628993034","0.13767904043197632","0.1621982604265213","0.15323583781719208","0.14389735460281372","0.16784609854221344","0.2562980651855469","0.2307227998971939","0.3066106140613556","0.2728970795869827","0.262686550617218","0.2888268530368805"
"1241","0.15064579993486404","0.14248037338256836","0.16236600279808044","0.14767304062843323","0.14128521084785461","0.1631671041250229","0.15101444348692894","0.14278817176818848","0.1622857004404068","0.25217058261235553","0.22603818774223328","0.28600984811782837","0.26974785327911377","0.26322758197784424","0.27964621782302856"
"1242","0.15920144319534302","0.14976727962493896","0.16355521976947784","0.15683051943778992","0.14539754390716553","0.16460645198822021","0.159781564027071","0.15100687742233276","0.16450542211532593","0.2584572285413742","0.2423667162656784","0.2846384644508362","0.2887885123491287","0.2800711989402771","0.300258994102478"
"1243","0.16059765219688416","0.152049720287323","0.17286460101604462","0.156670480966568","0.1468578279018402","0.16692756116390228","0.16062771901488304","0.15294113755226135","0.1719449758529663","0.25727730492750805","0.2393723875284195","0.2878399193286896","0.2898000478744507","0.2772444486618042","0.31245940923690796"
"1244","0.14162104204297066","0.13743814826011658","0.14702479541301727","0.13892800360918045","0.13282164931297302","0.1491585373878479","0.14213498681783676","0.13764356076717377","0.14702746272087097","0.24093746642271677","0.21995073556900024","0.27972152829170227","0.2569543644785881","0.24890705943107605","0.26379090547561646"
"1245","0.14831313863396645","0.14201028645038605","0.15132105350494385","0.1453464850783348","0.13603375852108002","0.1548200249671936","0.14871709421277046","0.1426413357257843","0.15154294669628143","0.2490177551905314","0.23121042549610138","0.28076136112213135","0.26840393245220184","0.2612479329109192","0.2750154733657837"
"1246","0.15388799086213112","0.14663264155387878","0.1597503274679184","0.15231948718428612","0.146872416138649","0.15657293796539307","0.15392807871103287","0.14628879725933075","0.1597200483083725","0.2481312801440557","0.22212786972522736","0.29366642236709595","0.2766834497451782","0.26749324798583984","0.28594037890434265"
"1247","0.15490620210766792","0.1444901078939438","0.16867026686668396","0.15214120596647263","0.1418416053056717","0.1627351939678192","0.15514074638485909","0.1456211805343628","0.16865989565849304","0.26097196340560913","0.24049821496009827","0.2814623713493347","0.28588835150003433","0.27057963609695435","0.30714988708496094"
"1248","0.15800455585122108","0.14902947843074799","0.1654737889766693","0.15561236813664436","0.14289167523384094","0.16931623220443726","0.15836520120501518","0.14979517459869385","0.1651388555765152","0.256366565823555","0.23874199390411377","0.28567320108413696","0.2819346711039543","0.2714475989341736","0.28937774896621704"
"1249","0.14512626826763153","0.13672178983688354","0.15228378772735596","0.14359498023986816","0.14061054587364197","0.146438866853714","0.1453869789838791","0.1368035227060318","0.15233758091926575","0.24435711900393167","0.22020338475704193","0.28057539463043213","0.2672104239463806","0.2602022886276245","0.2751636505126953"
"1250","0.14976029470562935","0.14079056680202484","0.15857495367527008","0.1468995176255703","0.13757897913455963","0.15469041466712952","0.15010863170027733","0.1412823647260666","0.15926888585090637","0.2515249898036321","0.2244168370962143","0.3017914891242981","0.27506767958402634","0.2684694528579712","0.2850007712841034"
"1251","0.1504650004208088","0.14115315675735474","0.16418814659118652","0.14776017889380455","0.13517871499061584","0.16012471914291382","0.15080231800675392","0.14053183794021606","0.1647380143404007","0.24901465574900308","0.2193414568901062","0.2989339232444763","0.27607762068510056","0.2606866955757141","0.28884273767471313"
"1252","0.15006843581795692","0.13745243847370148","0.1582651138305664","0.14714806899428368","0.13298068940639496","0.15989461541175842","0.15017704293131828","0.1374521106481552","0.15801501274108887","0.2532961219549179","0.2271146923303604","0.2980331778526306","0.270632728934288","0.261089563369751","0.2777861952781677"
"1253","0.15673936158418655","0.13675585389137268","0.1684315800666809","0.15516060590744019","0.13243426382541656","0.16765949130058289","0.15693900734186172","0.1365358531475067","0.16936802864074707","0.25897397597630817","0.21678954362869263","0.3103161156177521","0.28094372153282166","0.2569863200187683","0.29517537355422974"
"1254","0.14884382113814354","0.13634207844734192","0.15931156277656555","0.14455224573612213","0.1316199153661728","0.15340843796730042","0.1490115411579609","0.13711467385292053","0.15895482897758484","0.24938134849071503","0.22029094398021698","0.2904359698295593","0.27171628177165985","0.26091766357421875","0.2835734188556671"
"1255","0.15484269335865974","0.14456893503665924","0.16325968503952026","0.1520647555589676","0.13805684447288513","0.16640059649944305","0.15514962002635002","0.1448274850845337","0.16380338370800018","0.24887157479921976","0.23052063584327698","0.275105744600296","0.2761639133095741","0.2616536021232605","0.2865022122859955"
"1256","0.14929109811782837","0.14612284302711487","0.1574675291776657","0.14733467623591423","0.1416195034980774","0.15244939923286438","0.14955053478479385","0.146316260099411","0.15768861770629883","0.2449417014916738","0.22093871235847473","0.2899307608604431","0.2731744945049286","0.2654661536216736","0.28657087683677673"
"1257","0.1506071463227272","0.1441786289215088","0.15614739060401917","0.14713597297668457","0.14494910836219788","0.15103326737880707","0.15082243084907532","0.14479996263980865","0.15617108345031738","0.24832257628440857","0.22477808594703674","0.2860599756240845","0.2784428596496582","0.27110350131988525","0.28338709473609924"
"1258","0.1562432125210762","0.14715279638767242","0.16654954850673676","0.1535721868276596","0.14375315606594086","0.16168871521949768","0.15642665699124336","0.14742133021354675","0.16634295880794525","0.2551591545343399","0.2281341701745987","0.30756691098213196","0.27798670530319214","0.27113837003707886","0.288162499666214"
"1259","0.15107762068510056","0.14134657382965088","0.15768995881080627","0.1485242396593094","0.13697341084480286","0.15844108164310455","0.15126588568091393","0.14163906872272491","0.15790216624736786","0.25171154240767163","0.2307554930448532","0.286591500043869","0.2737805023789406","0.2619025409221649","0.28813087940216064"
"1260","0.1575486920773983","0.14178207516670227","0.1647988259792328","0.15435098111629486","0.1372510939836502","0.16367816925048828","0.1577405147254467","0.14160007238388062","0.16491331160068512","0.25580018758773804","0.21596312522888184","0.30640676617622375","0.27398864179849625","0.2540878653526306","0.28499287366867065"
"1261","0.15495474636554718","0.14999352395534515","0.16607765853405","0.15114876255393028","0.1457047164440155","0.15943685173988342","0.15385371074080467","0.1495063453912735","0.16213876008987427","0.2559099346399307","0.2286001741886139","0.28986597061157227","0.2902063801884651","0.2774292230606079","0.3164185583591461"
"1262","0.1536327786743641","0.14182277023792267","0.1615791767835617","0.14918328449130058","0.13516420125961304","0.15685446560382843","0.15399080514907837","0.1419299840927124","0.16208922863006592","0.2504555284976959","0.23105520009994507","0.27189967036247253","0.2813272327184677","0.27114617824554443","0.29065027832984924"
"1263","0.15616241842508316","0.143657848238945","0.1615382432937622","0.1523643471300602","0.14258116483688354","0.1575896441936493","0.15666647255420685","0.14426091313362122","0.16285450756549835","0.2531739870707194","0.22396224737167358","0.30075469613075256","0.2711756080389023","0.2583014965057373","0.2805289924144745"
"1264","0.14794177189469337","0.14184366166591644","0.15932342410087585","0.14624293521046638","0.13980241119861603","0.1537373960018158","0.14778799191117287","0.14162977039813995","0.1589500606060028","0.25074197351932526","0.22345486283302307","0.2844025790691376","0.2660821005702019","0.2571365535259247","0.27735480666160583"
"1265","0.14825287461280823","0.14180445671081543","0.15695445239543915","0.14590495824813843","0.13875797390937805","0.15816432237625122","0.14850090071558952","0.14178705215454102","0.15699198842048645","0.25087075928846997","0.2269587367773056","0.28077784180641174","0.2727838233113289","0.26683199405670166","0.28445950150489807"
"1266","0.16046112030744553","0.1479569971561432","0.17042885720729828","0.1565089412033558","0.14209015667438507","0.16447211802005768","0.16057143732905388","0.14818648993968964","0.17082302272319794","0.2552300492922465","0.23988571763038635","0.28359127044677734","0.2802249938249588","0.2664686441421509","0.29268693923950195"
"1267","0.14983029291033745","0.14203976094722748","0.15397024154663086","0.14739475399255753","0.13762399554252625","0.15467068552970886","0.15008137002587318","0.14197108149528503","0.15493781864643097","0.2504466325044632","0.23250864446163177","0.2790386974811554","0.26991260796785355","0.2628505229949951","0.27975380420684814"
"1268","0.15532692894339561","0.15023401379585266","0.16026154160499573","0.15215590596199036","0.15002110600471497","0.156019926071167","0.15536876395344734","0.15060141682624817","0.16044215857982635","0.2575344343980153","0.2335943877696991","0.3047555685043335","0.28220905363559723","0.27863597869873047","0.286343514919281"
"1269","0.1500556506216526","0.14394932985305786","0.16489997506141663","0.14723823964595795","0.1397205889225006","0.16018445789813995","0.15015998855233192","0.14425840973854065","0.16449369490146637","0.2432458053032557","0.21684648096561432","0.2870413362979889","0.27636218070983887","0.2641768455505371","0.29673781991004944"
"1270","0.1506841592490673","0.14479736983776093","0.15871663391590118","0.14744792878627777","0.13971784710884094","0.15556848049163818","0.15124113112688065","0.14453844726085663","0.15969109535217285","0.2506439785162608","0.22938868403434753","0.2853698134422302","0.2785964235663414","0.2709397077560425","0.29216545820236206"
"1271","0.14814507216215134","0.13777220249176025","0.15875884890556335","0.14619505032896996","0.13865645229816437","0.15616030991077423","0.14831846579909325","0.13797108829021454","0.15804490447044373","0.24173007408777872","0.20722170174121857","0.2786872088909149","0.26732872426509857","0.2523117959499359","0.28212788701057434"
"1272","0.14611056447029114","0.14122216403484344","0.15716472268104553","0.14412537962198257","0.13745823502540588","0.15255147218704224","0.14636603370308876","0.14133381843566895","0.15753905475139618","0.2396139403184255","0.2174360156059265","0.28275489807128906","0.26357564330101013","0.256418377161026","0.27839580178260803"
"1273","0.1461077481508255","0.1335563212633133","0.15357114374637604","0.14174772053956985","0.12935081124305725","0.14880743622779846","0.14606259390711784","0.13388344645500183","0.15274223685264587","0.25304971635341644","0.23240968585014343","0.2922392189502716","0.2792644649744034","0.26986420154571533","0.28528422117233276"
"1274","0.15413028746843338","0.14008408784866333","0.16976383328437805","0.1506175994873047","0.13654321432113647","0.1698521077632904","0.15424860268831253","0.14002837240695953","0.16930143535137177","0.25236379106839496","0.2187751829624176","0.2932877540588379","0.27450984716415405","0.26524588465690613","0.28622114658355713"
"1275","0.1629081480205059","0.15746183693408966","0.16724418103694916","0.15910163521766663","0.1533234417438507","0.16217876970767975","0.16301917657256126","0.1574081927537918","0.16731449961662292","0.2635749081770579","0.2401265799999237","0.2907261252403259","0.2891768366098404","0.28357309103012085","0.29543495178222656"
"1276","0.1486474946141243","0.1423896998167038","0.15287469327449799","0.14555685222148895","0.13863636553287506","0.15302927792072296","0.1484386809170246","0.14178434014320374","0.15309855341911316","0.2496669888496399","0.22688522934913635","0.29256922006607056","0.270983561873436","0.26823675632476807","0.27484774589538574"
"1277","0.1576964482665062","0.14159411191940308","0.16811862587928772","0.154666256159544","0.1435714215040207","0.1646745651960373","0.15759259089827538","0.14147502183914185","0.16794338822364807","0.25908544659614563","0.2211304008960724","0.3021905720233917","0.27447497844696045","0.25731560587882996","0.28921377658843994"
"1278","0.15284011885523796","0.15041834115982056","0.15727262198925018","0.1497608907520771","0.14636608958244324","0.15352503955364227","0.1532340757548809","0.150412917137146","0.15733343362808228","0.25640422105789185","0.2388840913772583","0.29078835248947144","0.2762320190668106","0.27068614959716797","0.27975165843963623"
"1279","0.14701908081769943","0.13687604665756226","0.16144849359989166","0.14391016587615013","0.13271254301071167","0.15479880571365356","0.14712626487016678","0.13702909648418427","0.16116809844970703","0.23530261715253195","0.21830050647258759","0.26823991537094116","0.2662549242377281","0.25581568479537964","0.284171998500824"
"1280","0.1503751203417778","0.14018231630325317","0.1613934338092804","0.14695222675800323","0.13558349013328552","0.15702611207962036","0.15059683471918106","0.14083760976791382","0.16142688691616058","0.24441550175348917","0.21441134810447693","0.276177316904068","0.27388107776641846","0.26097264885902405","0.28538286685943604"
"1281","0.15040168911218643","0.14600244164466858","0.15371248126029968","0.14791590347886086","0.14061617851257324","0.15349307656288147","0.15100865438580513","0.14677193760871887","0.1542028933763504","0.24799426893393198","0.2278776317834854","0.28814932703971863","0.28341076523065567","0.27766168117523193","0.2894064784049988"
"1282","0.14995232969522476","0.13978524506092072","0.16253480315208435","0.14658497273921967","0.13527145981788635","0.15633200109004974","0.1503000110387802","0.14035946130752563","0.16305240988731384","0.24820122122764587","0.21654465794563293","0.30780962109565735","0.2689531594514847","0.25732362270355225","0.28411173820495605"
"1283","0.15339523553848267","0.1441454440355301","0.15933315455913544","0.15076308697462082","0.14068660140037537","0.15740731358528137","0.15377375483512878","0.14417320489883423","0.1594913899898529","0.257759948571523","0.23212656378746033","0.30291748046875","0.2753562703728676","0.26318299770355225","0.28296196460723877"
"1284","0.14988140761852264","0.14029203355312347","0.15880224108695984","0.14687233790755272","0.13479767739772797","0.1558677852153778","0.15002713352441788","0.1402200162410736","0.15870621800422668","0.2524374971787135","0.2268369346857071","0.29161059856414795","0.2796621024608612","0.270546555519104","0.2939068377017975"
"1285","0.15040550008416176","0.14010997116565704","0.15981131792068481","0.1469874233007431","0.13623535633087158","0.1638520509004593","0.15060082077980042","0.1399041712284088","0.16054318845272064","0.2566469560066859","0.22679956257343292","0.3009510934352875","0.27600666880607605","0.2635273337364197","0.2872771918773651"
"1286","0.15624075755476952","0.14096811413764954","0.16747009754180908","0.15298401936888695","0.1364433914422989","0.16210362315177917","0.15651487559080124","0.1410483419895172","0.16716718673706055","0.26664548615614575","0.24217821657657623","0.3054656386375427","0.2865099459886551","0.2668258845806122","0.2956242859363556"
"1287","0.14392053335905075","0.13994884490966797","0.14790207147598267","0.14107871055603027","0.1384345144033432","0.14322106540203094","0.14378805831074715","0.13997411727905273","0.1479748785495758","0.24089912076791128","0.21823370456695557","0.280375212430954","0.26501959562301636","0.26106882095336914","0.2679692804813385"
"1288","0.153060644865036","0.14596155285835266","0.1598595678806305","0.15069639682769775","0.14796623587608337","0.15500500798225403","0.15333744511008263","0.14664921164512634","0.1598328948020935","0.2517025023698807","0.22911465167999268","0.28849107027053833","0.27853332459926605","0.2724609375","0.28177520632743835"
"1289","0.14595284685492516","0.1407104879617691","0.15172746777534485","0.14269868284463882","0.13610348105430603","0.151015967130661","0.14603443816304207","0.14107047021389008","0.1514289826154709","0.24169646203517914","0.22618620097637177","0.2657940983772278","0.2704625204205513","0.26485559344291687","0.27528271079063416"
"1290","0.15866277366876602","0.15338347852230072","0.16728147864341736","0.15610624477267265","0.14940126240253448","0.16382096707820892","0.1590045727789402","0.15335959196090698","0.16806942224502563","0.2565602312485377","0.23527653515338898","0.29662710428237915","0.2806462123990059","0.2766847312450409","0.28648680448532104"
"1291","0.15055039897561073","0.1365503966808319","0.16192284226417542","0.14847039803862572","0.13323143124580383","0.15878254175186157","0.1506546102464199","0.13682276010513306","0.16175678372383118","0.255198394258817","0.2279849648475647","0.306684672832489","0.27229462563991547","0.25280165672302246","0.28966161608695984"
"1292","0.15142996981739998","0.1411067545413971","0.15591630339622498","0.14901217073202133","0.13497231900691986","0.1580609232187271","0.15170907229185104","0.14142489433288574","0.15611384809017181","0.2541323204835256","0.23264458775520325","0.29620471596717834","0.27665746957063675","0.2652326226234436","0.2849513292312622"
"1293","0.1555505022406578","0.1495439112186432","0.16248111426830292","0.1534724086523056","0.14713697135448456","0.15826255083084106","0.15598388761281967","0.150229349732399","0.16247592866420746","0.25569408635298413","0.2328135222196579","0.2970218360424042","0.28010065853595734","0.2783427834510803","0.28196221590042114"
"1294","0.1478538177907467","0.14431044459342957","0.15270604193210602","0.14457930997014046","0.13996905088424683","0.14857546985149384","0.14772901311516762","0.14435777068138123","0.15177609026432037","0.2470513383547465","0.2260158658027649","0.28092098236083984","0.26570238173007965","0.2627142071723938","0.2683398425579071"
"1295","0.1481090411543846","0.14508934319019318","0.15156468749046326","0.14530883356928825","0.1396040916442871","0.15355394780635834","0.14890488982200623","0.14535225927829742","0.15248185396194458","0.24245054523150125","0.22112639248371124","0.27777934074401855","0.2754492834210396","0.26445525884628296","0.3037346303462982"
"1296","0.15312286838889122","0.14397042989730835","0.16625748574733734","0.14928849786520004","0.13926836848258972","0.16570080816745758","0.15323591232299805","0.1441655158996582","0.165669247508049","0.2544698566198349","0.2349461019039154","0.2789514660835266","0.2747092694044113","0.26221588253974915","0.2879966199398041"
"1297","0.1489810310304165","0.1395615041255951","0.15401990711688995","0.14547772333025932","0.13935431838035583","0.14963093400001526","0.14916536957025528","0.13980533182621002","0.154183492064476","0.25067033370335895","0.22546257078647614","0.28760379552841187","0.2696921303868294","0.2601719796657562","0.27415284514427185"
"1298","0.14815841242671013","0.1427033543586731","0.15083986520767212","0.1451364904642105","0.14017821848392487","0.15244242548942566","0.14831237122416496","0.14214929938316345","0.15135908126831055","0.24680326879024506","0.2226451188325882","0.29070478677749634","0.26667527109384537","0.2616654634475708","0.27603426575660706"
"1299","0.1549781747162342","0.14156317710876465","0.16605229675769806","0.15218278393149376","0.13704520463943481","0.16113898158073425","0.15510104224085808","0.1422288715839386","0.16593879461288452","0.2535173346598943","0.23432059586048126","0.2779317796230316","0.27838047593832016","0.26533758640289307","0.2939540147781372"
"1300","0.15032576397061348","0.14360001683235168","0.15580493211746216","0.1474040523171425","0.14325791597366333","0.15090136229991913","0.15053704753518105","0.14394015073776245","0.1561504304409027","0.2492495427529017","0.22489750385284424","0.29320842027664185","0.2738623097538948","0.2636766731739044","0.27987417578697205"
"1301","0.15790190175175667","0.15212717652320862","0.16875655949115753","0.15393683686852455","0.14676789939403534","0.17039167881011963","0.15850814804434776","0.15315690636634827","0.1696576178073883","0.25985682010650635","0.24186384677886963","0.2947239875793457","0.28741375356912613","0.2816218137741089","0.2966598868370056"
"1302","0.14449064061045647","0.1403772234916687","0.14876781404018402","0.14315863326191902","0.14111626148223877","0.14676466584205627","0.1450246274471283","0.14118067920207977","0.1491197943687439","0.24164691070715585","0.21942712366580963","0.27604785561561584","0.2662626951932907","0.2645968496799469","0.2700136601924896"
"1303","0.15266601741313934","0.14286693930625916","0.16658590734004974","0.150613684207201","0.1389423906803131","0.16253378987312317","0.15316427126526833","0.14299972355365753","0.16772401332855225","0.25577324628829956","0.22996976971626282","0.28930431604385376","0.2724721431732178","0.2653008997440338","0.28301531076431274"
"1304","0.1509684920310974","0.14303845167160034","0.15796025097370148","0.14712665975093842","0.13907785713672638","0.15887759625911713","0.1509166769683361","0.14321544766426086","0.1580967903137207","0.25069766243298847","0.23828980326652527","0.27416935563087463","0.2765321582555771","0.2686053216457367","0.2825459837913513"
"1305","0.1490049660205841","0.14741696417331696","0.15007072687149048","0.14699432253837585","0.14405056834220886","0.14985333383083344","0.14901993796229362","0.14769116044044495","0.15013189613819122","0.24545190234978995","0.22321437299251556","0.2884218692779541","0.26958703994750977","0.26367759704589844","0.27432534098625183"
"1306","0.14889102429151535","0.1404690146446228","0.15769942104816437","0.145429115742445","0.1389971375465393","0.15188929438591003","0.1487581916153431","0.14054043591022491","0.15773802995681763","0.2506976475318273","0.21932703256607056","0.2881057858467102","0.2719932794570923","0.2628977596759796","0.2807817757129669"
"1307","0.15036756545305252","0.1471901684999466","0.15375320613384247","0.1479538343846798","0.1450181007385254","0.1501598358154297","0.15071895346045494","0.14806745946407318","0.15459473431110382","0.2508610983689626","0.23298904299736023","0.28487884998321533","0.27383020520210266","0.2660738229751587","0.2786251902580261"
"1308","0.1512330174446106","0.14590589702129364","0.15847259759902954","0.14867181703448296","0.14249014854431152","0.15399056673049927","0.15167391300201416","0.14661376178264618","0.1584601253271103","0.24588773647944132","0.2234717756509781","0.2762603759765625","0.2749706283211708","0.2635820508003235","0.28906723856925964"
"1309","0.15450620278716087","0.1490877866744995","0.15715225040912628","0.15175100415945053","0.15020757913589478","0.15440969169139862","0.1542707346379757","0.1494513601064682","0.15718328952789307","0.25311819712320965","0.2291686236858368","0.29480332136154175","0.2698587328195572","0.26655739545822144","0.2733965516090393"
"1310","0.15533094108104706","0.1504211276769638","0.158430278301239","0.1523994319140911","0.14933235943317413","0.15496696531772614","0.1559213325381279","0.15141212940216064","0.1586315631866455","0.2592682143052419","0.2347201704978943","0.3035787343978882","0.2790428400039673","0.2764856815338135","0.2834372818470001"
"1311","0.15748218074440956","0.14786559343338013","0.16740722954273224","0.15466510877013206","0.1443585753440857","0.1648987978696823","0.15763623639941216","0.1483871340751648","0.16775423288345337","0.2626471668481827","0.24174293875694275","0.29715031385421753","0.301818422973156","0.2904775142669678","0.3267698884010315"
"1312","0.14915212616324425","0.14203566312789917","0.15475647151470184","0.14734503254294395","0.13738563656806946","0.15875564515590668","0.14978523924946785","0.1426253765821457","0.1552627682685852","0.2507127523422241","0.22567349672317505","0.2842700183391571","0.2734704092144966","0.2662373185157776","0.28290295600891113"
"1313","0.15223392099142075","0.14683234691619873","0.15535356104373932","0.1497252695262432","0.13989710807800293","0.1595258116722107","0.15256518125534058","0.1461617797613144","0.1555650234222412","0.24936766922473907","0.22116830945014954","0.29386740922927856","0.2713136598467827","0.2635853588581085","0.2746598422527313"
"1314","0.1521858014166355","0.1454719454050064","0.16263467073440552","0.14954856410622597","0.1406276822090149","0.15804359316825867","0.15254231542348862","0.14578787982463837","0.16304998099803925","0.25260215997695923","0.23243331909179688","0.28069135546684265","0.2709645926952362","0.266675740480423","0.2819211781024933"
"1315","0.14729982614517212","0.14107860624790192","0.15833398699760437","0.14333486929535866","0.1370728611946106","0.15849065780639648","0.14733485132455826","0.14194782078266144","0.15839633345603943","0.24395413200060526","0.2229945957660675","0.2736865282058716","0.26734498143196106","0.2619182765483856","0.27891263365745544"
"1316","0.14800183847546577","0.13617482781410217","0.16794957220554352","0.14471010491251945","0.130967915058136","0.16206318140029907","0.1483219936490059","0.1363668143749237","0.16840161383152008","0.2414348175128301","0.21456696093082428","0.29159480333328247","0.27044714987277985","0.2562967836856842","0.2909233272075653"
"1317","0.1560533493757248","0.15022465586662292","0.16066448390483856","0.15318825468420982","0.1487092673778534","0.1622796356678009","0.1564682386815548","0.15055570006370544","0.16138097643852234","0.2559598882993062","0.22999615967273712","0.2882070243358612","0.27430058270692825","0.26598963141441345","0.28610116243362427"
"1318","0.15675363689661026","0.15303808450698853","0.15881496667861938","0.15425538271665573","0.15033575892448425","0.15813463926315308","0.15664313361048698","0.15340392291545868","0.15857650339603424","0.2549031178156535","0.23154431581497192","0.291623592376709","0.276956707239151","0.2695053815841675","0.28325390815734863"
"1319","0.15879549458622932","0.1450413316488266","0.16738072037696838","0.1558498851954937","0.14526641368865967","0.16256898641586304","0.15873337537050247","0.14499622583389282","0.16724562644958496","0.252132385969162","0.2217128872871399","0.2936069071292877","0.2830156981945038","0.2685370445251465","0.2946391999721527"
"1320","0.14748815074563026","0.14602960646152496","0.15121440589427948","0.1435992196202278","0.14010056853294373","0.14674639701843262","0.14746960625052452","0.14563506841659546","0.15127618610858917","0.24573715031147003","0.2238597273826599","0.283846378326416","0.2689274847507477","0.2630770206451416","0.2746114432811737"
"1321","0.14757868275046349","0.14311912655830383","0.15229056775569916","0.1456010676920414","0.1392550766468048","0.15465843677520752","0.147682037204504","0.14311201870441437","0.1524926871061325","0.2464012255271276","0.22385075688362122","0.2796681821346283","0.265015110373497","0.26101410388946533","0.271761953830719"
"1322","0.15749115869402885","0.14996010065078735","0.16571062803268433","0.15486173704266548","0.15041831135749817","0.16047288477420807","0.15792857855558395","0.15053051710128784","0.1660226732492447","0.25250298778216046","0.2274012565612793","0.29570356011390686","0.28092391043901443","0.2751747667789459","0.29187965393066406"
"1323","0.15383847430348396","0.1469237208366394","0.17154091596603394","0.15107572451233864","0.14087675511837006","0.17472776770591736","0.15387912839651108","0.14709994196891785","0.17150360345840454","0.25318923592567444","0.22639858722686768","0.28765904903411865","0.27139461040496826","0.263668954372406","0.288993239402771"
"1324","0.15125608816742897","0.1443813294172287","0.16121692955493927","0.1478584259748459","0.13937810063362122","0.1564386785030365","0.15176325291395187","0.14470474421977997","0.16179592907428741","0.2558627674976985","0.22840727865695953","0.3002733886241913","0.2766995280981064","0.2707759141921997","0.28505218029022217"
"1325","0.1498194895684719","0.14057675004005432","0.16593322157859802","0.14622356370091438","0.1351664960384369","0.16012103855609894","0.15013089776039124","0.1407768279314041","0.16652147471904755","0.2524956514437993","0.22103287279605865","0.3082725405693054","0.2788292095065117","0.26336386799812317","0.3122042417526245"
"1326","0.1456107757985592","0.1385207325220108","0.15444986522197723","0.14296026155352592","0.13495352864265442","0.1516694575548172","0.14569363743066788","0.13785918056964874","0.1545584499835968","0.24272125959396362","0.2293860912322998","0.26801598072052","0.26982884109020233","0.26227521896362305","0.2750726640224457"
"1327","0.1482202224433422","0.14256753027439117","0.15466877818107605","0.14439864829182625","0.13828271627426147","0.1495599001646042","0.14855974167585373","0.14221930503845215","0.15507586300373077","0.24516092737515768","0.21614357829093933","0.28140419721603394","0.2708284333348274","0.26214006543159485","0.28171682357788086"
"1328","0.14671041071414948","0.14129523932933807","0.1546979546546936","0.14231398329138756","0.13470499217510223","0.15609705448150635","0.14677827805280685","0.14095903933048248","0.15496554970741272","0.24161329865455627","0.2205471396446228","0.27522560954093933","0.25837620347738266","0.2556300163269043","0.2648839056491852"
"1329","0.15416891500353813","0.14760185778141022","0.15940356254577637","0.15182773768901825","0.14377419650554657","0.1612885594367981","0.15433957427740097","0.14823086559772491","0.15907323360443115","0.24942045410474142","0.2284553200006485","0.2898251414299011","0.27196750044822693","0.26724469661712646","0.2761523127555847"
"1330","0.151532094925642","0.14459972083568573","0.1567913442850113","0.14871041476726532","0.14027157425880432","0.1575336903333664","0.15156371146440506","0.14434725046157837","0.15724512934684753","0.24794193605581918","0.22889405488967896","0.27987682819366455","0.27283520996570587","0.26799359917640686","0.2767637073993683"
"1331","0.1516181230545044","0.14683830738067627","0.15819044411182404","0.14895498380064964","0.1460047960281372","0.15361768007278442","0.1521436721086502","0.1467401385307312","0.15880364179611206","0.25238529841105145","0.22604848444461823","0.28848713636398315","0.2788211703300476","0.27488771080970764","0.2851984202861786"
"1332","0.15559636801481247","0.14626996219158173","0.1673821657896042","0.15190015733242035","0.13812164962291718","0.16355443000793457","0.15579119697213173","0.14570152759552002","0.16791775822639465","0.24788784484068552","0.22623951733112335","0.2908058762550354","0.2848026156425476","0.27336233854293823","0.30596688389778137"
"1333","0.1530519276857376","0.15047484636306763","0.15888184309005737","0.15133165568113327","0.14624908566474915","0.15669792890548706","0.1535920649766922","0.15076559782028198","0.1594162881374359","0.2498650699853897","0.2304481416940689","0.2807265818119049","0.27299515157938004","0.266653835773468","0.2814839780330658"
"1334","0.14758040383458138","0.14157071709632874","0.1525658369064331","0.14438771829009056","0.13632775843143463","0.15376229584217072","0.14778056740760803","0.1417493224143982","0.15285441279411316","0.24593177934487662","0.2276487648487091","0.27968356013298035","0.2782534286379814","0.2728566527366638","0.2836145758628845"
"1335","0.15031367540359497","0.14204183220863342","0.15867039561271667","0.14706042036414146","0.13860437273979187","0.15743280947208405","0.15018195658922195","0.1421235352754593","0.15826234221458435","0.2517061581214269","0.23742255568504333","0.27328526973724365","0.27393537759780884","0.2648618221282959","0.2848297655582428"
"1336","0.15655939280986786","0.15349377691745758","0.1625116765499115","0.1540255770087242","0.14952225983142853","0.15804143249988556","0.1566469483077526","0.15314924716949463","0.16294750571250916","0.2519916395346324","0.23037974536418915","0.28987613320350647","0.2742689773440361","0.2692897617816925","0.28210872411727905"
"1337","0.1561184749007225","0.15118670463562012","0.16037914156913757","0.15346146747469902","0.14732234179973602","0.16130229830741882","0.15674309059977531","0.15180149674415588","0.15982970595359802","0.2597896158695221","0.2420693039894104","0.2932327687740326","0.28783391416072845","0.27908855676651","0.296286016702652"
"1338","0.15421535447239876","0.14251098036766052","0.16462332010269165","0.151501152664423","0.13919132947921753","0.16608566045761108","0.15408190712332726","0.14249682426452637","0.16406184434890747","0.24989670515060425","0.2286125123500824","0.27979904413223267","0.2722336873412132","0.2617685794830322","0.28129875659942627"
"1339","0.15368355065584183","0.1458970308303833","0.16668877005577087","0.15007063373923302","0.13991409540176392","0.16897572576999664","0.1536610834300518","0.14556851983070374","0.16648311913013458","0.25233501692612964","0.2197144776582718","0.2920582890510559","0.26516953110694885","0.25339147448539734","0.2821732461452484"
"1340","0.15752576291561127","0.14949077367782593","0.16647687554359436","0.15345722809433937","0.14442771673202515","0.16424256563186646","0.15777341276407242","0.1498986780643463","0.1661943644285202","0.25805701812108356","0.23244309425354004","0.2995796203613281","0.2765483856201172","0.2690070569515228","0.2844969630241394"
"1341","0.1621445193886757","0.15795540809631348","0.16821038722991943","0.16048000007867813","0.15465541183948517","0.1633923351764679","0.16291388496756554","0.1588258147239685","0.168870210647583","0.25937770307064056","0.24125178158283234","0.29361775517463684","0.2831062898039818","0.2781716585159302","0.28631800413131714"
"1342","0.15384241193532944","0.14858393371105194","0.15914471447467804","0.15094171091914177","0.14297902584075928","0.15905499458312988","0.1538039930164814","0.14848284423351288","0.15912964940071106","0.2550268918275833","0.2354116439819336","0.28691643476486206","0.2755730226635933","0.26604869961738586","0.28603196144104004"
"1343","0.1545683518052101","0.1429639607667923","0.1644582748413086","0.15120284259319305","0.1373424530029297","0.16169019043445587","0.15489629283547401","0.14287453889846802","0.1645161360502243","0.2509782711664836","0.22149179875850677","0.29350176453590393","0.2715887501835823","0.2593679130077362","0.28414079546928406"
"1344","0.15043756738305092","0.139224573969841","0.16207674145698547","0.14639441296458244","0.13478253781795502","0.15594884753227234","0.15095550566911697","0.13982848823070526","0.1618344485759735","0.2505965679883957","0.21774928271770477","0.299949586391449","0.26295097917318344","0.2518077492713928","0.277672678232193"
"1345","0.14946705102920532","0.13634027540683746","0.15909181535243988","0.14747582003474236","0.13289231061935425","0.1555391103029251","0.1498214565217495","0.13656410574913025","0.15953941643238068","0.2430411328872045","0.21466223895549774","0.291698694229126","0.2728332132101059","0.2583906948566437","0.28432923555374146"
"1346","0.14765590056777","0.13885745406150818","0.1552102416753769","0.14649611338973045","0.13481123745441437","0.1607150435447693","0.1479632817208767","0.13881553709506989","0.1555480659008026","0.2527283827463786","0.233720600605011","0.28649061918258667","0.268831230700016","0.2570202648639679","0.2811337113380432"
"1347","0.148355383425951","0.14259734749794006","0.15682768821716309","0.1463211551308632","0.13861991465091705","0.16043967008590698","0.14919009059667587","0.14318087697029114","0.1577197015285492","0.24413621922334036","0.22233164310455322","0.2731010913848877","0.2672921419143677","0.2577831447124481","0.28013864159584045"
"1348","0.14955466240644455","0.14602619409561157","0.15465866029262543","0.1465110220015049","0.14285144209861755","0.15083852410316467","0.14987576752901077","0.1461053490638733","0.15498438477516174","0.2525010009606679","0.22761549055576324","0.2921159863471985","0.2675839886069298","0.2644115686416626","0.27179187536239624"
"1349","0.1555468700826168","0.14983750879764557","0.16227072477340698","0.15288862958550453","0.14472436904907227","0.16533668339252472","0.1555938981473446","0.14963428676128387","0.1629558503627777","0.25240538517634076","0.23386043310165405","0.2799748480319977","0.27523717284202576","0.2654324471950531","0.28496265411376953"
"1350","0.14292047172784805","0.13948921859264374","0.14935430884361267","0.14075777679681778","0.13539022207260132","0.14581908285617828","0.14275095984339714","0.139178067445755","0.14902958273887634","0.2415199726819992","0.2195848673582077","0.27454760670661926","0.2681010216474533","0.26117944717407227","0.27549034357070923"
"1351","0.1545923911035061","0.14184699952602386","0.165422260761261","0.15195507556200027","0.1397605836391449","0.15963739156723022","0.15498703718185425","0.14183080196380615","0.16610214114189148","0.2501721928517024","0.23289786279201508","0.27919822931289673","0.2698473557829857","0.25497671961784363","0.28056302666664124"
"1352","0.15259802341461182","0.13730470836162567","0.15900826454162598","0.15053363889455795","0.13346442580223083","0.15896904468536377","0.15318651124835014","0.13782252371311188","0.15985998511314392","0.2455661545197169","0.21934476494789124","0.28560778498649597","0.2739580124616623","0.2586987614631653","0.282156765460968"
"1353","0.15988389775156975","0.15232498943805695","0.1704373061656952","0.156784038990736","0.14868514239788055","0.16463005542755127","0.15996181964874268","0.15182730555534363","0.17017021775245667","0.2531300683816274","0.23315182328224182","0.28134864568710327","0.2731221616268158","0.2649132013320923","0.28022584319114685"
"1354","0.15747204795479774","0.15188638865947723","0.16002824902534485","0.15290146693587303","0.1461256891489029","0.16018222272396088","0.15798510611057281","0.15188956260681152","0.16125477850437164","0.25520193576812744","0.23888537287712097","0.28650999069213867","0.27452797442674637","0.26947611570358276","0.2818390429019928"
"1355","0.14746751263737679","0.14067447185516357","0.1548440307378769","0.14516714587807655","0.13774317502975464","0.1535736620426178","0.14769911020994186","0.14062535762786865","0.1553860455751419","0.24481899042924246","0.22539342939853668","0.28231751918792725","0.2625639960169792","0.25399336218833923","0.2684934437274933"
"1356","0.14507030323147774","0.13568811118602753","0.15259133279323578","0.14228634163737297","0.13727205991744995","0.14991842210292816","0.14519444108009338","0.13566605746746063","0.1530808061361313","0.2389067510763804","0.2081785500049591","0.2773278057575226","0.26455534249544144","0.25385168194770813","0.27271535992622375"
"1357","0.1492314524948597","0.14118453860282898","0.15789970755577087","0.14582720026373863","0.1369849592447281","0.15594841539859772","0.1496899239718914","0.14179623126983643","0.1583964228630066","0.24214392403761545","0.2148270457983017","0.28492051362991333","0.26628315448760986","0.25399038195610046","0.27678096294403076"
"1358","0.14775197952985764","0.1418250948190689","0.158793106675148","0.14499440416693687","0.13966651260852814","0.15421439707279205","0.14804846793413162","0.14293424785137177","0.15864774584770203","0.244538684686025","0.22181737422943115","0.27214550971984863","0.2693486213684082","0.26398396492004395","0.2768564224243164"
"1359","0.15476834028959274","0.1377958357334137","0.16577187180519104","0.15277023240923882","0.14253035187721252","0.16177743673324585","0.1548212692141533","0.1378469467163086","0.1660313606262207","0.2522335896889369","0.20626196265220642","0.3074159026145935","0.26261474937200546","0.24152907729148865","0.2723389267921448"
"1360","0.15106704458594322","0.13794395327568054","0.1577850580215454","0.14896345511078835","0.13544808328151703","0.15621159970760345","0.15096741169691086","0.13848841190338135","0.1574346125125885","0.2435865749915441","0.22907012701034546","0.2654991149902344","0.2701718136668205","0.254210889339447","0.28031784296035767"
"1361","0.15037662535905838","0.13428841531276703","0.16778218746185303","0.1470922790467739","0.12869873642921448","0.16289454698562622","0.15048091858625412","0.13449934124946594","0.1681758165359497","0.25090311964352924","0.22441184520721436","0.30100974440574646","0.27127479761838913","0.26272568106651306","0.2863140404224396"
"1362","0.1572662852704525","0.14576473832130432","0.1678423434495926","0.15424446016550064","0.14571043848991394","0.16697512567043304","0.1571958251297474","0.14552675187587738","0.1680653691291809","0.25479764739672345","0.21670979261398315","0.3000454902648926","0.2754848599433899","0.26430463790893555","0.2877499759197235"
"1363","0.1543780378997326","0.13941465318202972","0.16613216698169708","0.1501992791891098","0.13527631759643555","0.16632458567619324","0.15435243397951126","0.13986094295978546","0.16585664451122284","0.25526956220467883","0.2219475656747818","0.2934185862541199","0.2807322144508362","0.26340198516845703","0.2967115640640259"
"1365","0.16179371252655983","0.15644825994968414","0.16948692500591278","0.15801945701241493","0.15132154524326324","0.16533263027668","0.16214323416352272","0.15711122751235962","0.169740229845047","0.2583647469679515","0.22560158371925354","0.29598772525787354","0.28755883872509","0.2685459852218628","0.2991405725479126"
"1366","0.15578431636095047","0.14755046367645264","0.1600433886051178","0.152669046074152","0.14095410704612732","0.15728914737701416","0.15611452981829643","0.14768488705158234","0.16050736606121063","0.24718242386976877","0.23174244165420532","0.27205580472946167","0.27333032339811325","0.25886258482933044","0.2805860638618469"
"1367","0.1537420190870762","0.14258085191249847","0.16202831268310547","0.15052299946546555","0.13922041654586792","0.1576930582523346","0.15401265770196915","0.14288564026355743","0.1628088802099228","0.24955756465593973","0.2380920946598053","0.27188143134117126","0.28192614763975143","0.2669493556022644","0.291958212852478"
"1368","0.14908405393362045","0.14069367945194244","0.15777842700481415","0.14450468122959137","0.1361960768699646","0.1487269103527069","0.14882947131991386","0.14032253623008728","0.1573362648487091","0.24162625769774118","0.21511772274971008","0.26835477352142334","0.2711281105875969","0.26183053851127625","0.2830045223236084"
"1369","0.14662344381213188","0.13466395437717438","0.1645902693271637","0.14418428763747215","0.13241931796073914","0.1587575376033783","0.14686459675431252","0.13511961698532104","0.16489608585834503","0.23265362779299417","0.20725947618484497","0.2736285626888275","0.2546626254916191","0.2461913824081421","0.2725391685962677"
"1370","0.15445028617978096","0.1419307142496109","0.17124703526496887","0.151382178068161","0.13740956783294678","0.1672700047492981","0.15482737869024277","0.14215010404586792","0.17178264260292053","0.2556355247894923","0.23134584724903107","0.27773475646972656","0.2736930772662163","0.25754112005233765","0.2941216826438904"
"1371","0.15730981528759003","0.15367621183395386","0.16088074445724487","0.15570303425192833","0.15113185346126556","0.16354335844516754","0.15731416270136833","0.15380752086639404","0.16072024405002594","0.2527192731698354","0.23520654439926147","0.2770335376262665","0.2854815199971199","0.276278555393219","0.29625147581100464"
"1372","0.14949015155434608","0.14307907223701477","0.15908081829547882","0.14653119072318077","0.14004667103290558","0.15356113016605377","0.1492161639034748","0.14270082116127014","0.15833167731761932","0.25505849719047546","0.22629213333129883","0.29587799310684204","0.2737923935055733","0.264727383852005","0.28549516201019287"
"1373","0.14729350805282593","0.14540039002895355","0.149425208568573","0.14459454268217087","0.140923410654068","0.14815692603588104","0.14709563180804253","0.1451500654220581","0.14884667098522186","0.24686136841773987","0.22581908106803894","0.2858855724334717","0.26725438237190247","0.26497185230255127","0.27037832140922546"
"1374","0.1475558541715145","0.13865342736244202","0.1538316011428833","0.1454971358180046","0.1396794617176056","0.1493576169013977","0.14799338206648827","0.13943427801132202","0.15430057048797607","0.24086720744768778","0.210209459066391","0.2824416160583496","0.26526904106140137","0.2537529468536377","0.2754487097263336"
"1375","0.15183862298727036","0.1455630213022232","0.16036789119243622","0.1501401886343956","0.14210519194602966","0.15555697679519653","0.1522783786058426","0.14552175998687744","0.16055548191070557","0.24899577597777048","0.2235802263021469","0.28724223375320435","0.270099438726902","0.26033341884613037","0.2795732915401459"
"1376","0.14982187002897263","0.14132310450077057","0.15494322776794434","0.14659523218870163","0.13707152009010315","0.15321630239486694","0.14987193793058395","0.14187224209308624","0.15509843826293945","0.24843866129716238","0.22638972103595734","0.29235565662384033","0.2662148028612137","0.26227569580078125","0.26953813433647156"
"1377","0.15308887884020805","0.1457768827676773","0.16312727332115173","0.15068233758211136","0.14050781726837158","0.1643059104681015","0.15298782289028168","0.145675390958786","0.16354000568389893","0.25583498179912567","0.2411608248949051","0.2844696044921875","0.2743650749325752","0.26410773396492004","0.28404054045677185"
"1378","0.14519096538424492","0.14142802357673645","0.15129081904888153","0.1431739404797554","0.13899241387844086","0.14816232025623322","0.14546184986829758","0.14197449386119843","0.15184573829174042","0.2474379539489746","0.22448666393756866","0.29285335540771484","0.2622194215655327","0.2554216980934143","0.2690044641494751"
"1379","0.15067913010716438","0.13663259148597717","0.15873372554779053","0.1484421342611313","0.1406513899564743","0.15444867312908173","0.15098267048597336","0.13689833879470825","0.15895725786685944","0.24804643789927164","0.2142966389656067","0.2909230589866638","0.27054931968450546","0.253078430891037","0.2848072052001953"
"1380","0.15371546521782875","0.14585408568382263","0.16367517411708832","0.15096352249383926","0.14280644059181213","0.1576341837644577","0.15370921418070793","0.1457350254058838","0.16371527314186096","0.24924897154172262","0.22379830479621887","0.2886904776096344","0.27589041739702225","0.2656756341457367","0.28725939989089966"
"1381","0.15562419593334198","0.15150141716003418","0.16333048045635223","0.15259194374084473","0.14831407368183136","0.15879452228546143","0.15590855851769447","0.1517730951309204","0.16331273317337036","0.2557997703552246","0.22725993394851685","0.2921299636363983","0.2807309180498123","0.27739661931991577","0.2901797294616699"
"1382","0.15192124992609024","0.1368023306131363","0.16201592981815338","0.14904719591140747","0.13323093950748444","0.1613539457321167","0.152113426476717","0.13740773499011993","0.16222773492336273","0.24206331372261047","0.22582471370697021","0.26255661249160767","0.2747909352183342","0.2591044306755066","0.2894226014614105"
"1383","0.1472483091056347","0.13617271184921265","0.15413598716259003","0.1440763846039772","0.13748890161514282","0.14830194413661957","0.14722205698490143","0.13637302815914154","0.15403848886489868","0.2499739627043406","0.21201343834400177","0.30011433362960815","0.2713744640350342","0.25732141733169556","0.27873361110687256"
"1384","0.14745982363820076","0.13776744902133942","0.1569274365901947","0.1452789343893528","0.1338130533695221","0.15182271599769592","0.1477656178176403","0.1378784328699112","0.1570008099079132","0.2468410531679789","0.22101745009422302","0.2971333861351013","0.27003760635852814","0.26318109035491943","0.28455597162246704"
"1385","0.1512286625802517","0.14754268527030945","0.15670180320739746","0.14915534108877182","0.14627614617347717","0.1532067209482193","0.15119587630033493","0.1474032700061798","0.1561908721923828","0.24937512973944345","0.22883740067481995","0.27842310070991516","0.27817146480083466","0.27242469787597656","0.28646695613861084"
"1386","0.15570087730884552","0.1437493860721588","0.1621113121509552","0.15298224985599518","0.13919425010681152","0.15894632041454315","0.15568186342716217","0.14380526542663574","0.16174747049808502","0.2464770327011744","0.22703714668750763","0.27602845430374146","0.27384161949157715","0.26099279522895813","0.28272199630737305"
"1387","0.15567025542259216","0.14368750154972076","0.1741119623184204","0.15119333937764168","0.1447151154279709","0.16551713645458221","0.15554345771670341","0.14384043216705322","0.17328360676765442","0.25482604404290515","0.2149086892604828","0.31883078813552856","0.26554276049137115","0.2511022686958313","0.28636953234672546"
"1388","0.14644738659262657","0.13904666900634766","0.15230834484100342","0.14344370365142822","0.13852420449256897","0.15053345263004303","0.14668681472539902","0.13893179595470428","0.15238480269908905","0.2393889526526133","0.2137782871723175","0.2774637043476105","0.265878863632679","0.2577059268951416","0.2700478136539459"
"1389","0.1544753573834896","0.14885643124580383","0.1578855663537979","0.15139397978782654","0.14599481225013733","0.15816916525363922","0.15446951985359192","0.1488223522901535","0.1578512340784073","0.25155748426914215","0.23710940778255463","0.27898406982421875","0.2718171030282974","0.2649664878845215","0.2767881155014038"
"1390","0.15156930685043335","0.14476807415485382","0.16058959066867828","0.14713497087359428","0.14314664900302887","0.1557704210281372","0.1517985574901104","0.14498278498649597","0.1613258272409439","0.24749767780303955","0.22105735540390015","0.288543701171875","0.2732078582048416","0.2655450999736786","0.2833099961280823"
"1391","0.1527794748544693","0.1469893455505371","0.16171571612358093","0.15050503984093666","0.14422006905078888","0.15770581364631653","0.15302028134465218","0.14746707677841187","0.1621469259262085","0.24415416022141775","0.21964727342128754","0.2806471288204193","0.2756553068757057","0.2682968080043793","0.2922859191894531"
"1392","0.15362515300512314","0.14760714769363403","0.16483910381793976","0.15087758749723434","0.1438675969839096","0.16195014119148254","0.15366937592625618","0.1477230191230774","0.16480204463005066","0.2543269594510396","0.22643736004829407","0.29500487446784973","0.26396936923265457","0.25685620307922363","0.2751581072807312"
"1393","0.154436357319355","0.14212515950202942","0.15927812457084656","0.15181660652160645","0.13679711520671844","0.15926310420036316","0.15485485643148422","0.14223158359527588","0.1592678427696228","0.24555626511573792","0.2309248298406601","0.2712428867816925","0.27436454594135284","0.2606535851955414","0.2855099141597748"
"1394","0.1515233926475048","0.14395678043365479","0.1603904664516449","0.14772780612111092","0.1434188336133957","0.15262097120285034","0.151738028973341","0.14443287253379822","0.1610051691532135","0.24993984897931418","0.2242562621831894","0.2948499321937561","0.2702747583389282","0.26309236884117126","0.2767936587333679"
"1395","0.1545008234679699","0.14828580617904663","0.1608853042125702","0.1506834663450718","0.14477793872356415","0.1542927622795105","0.1544785536825657","0.14855632185935974","0.16049312055110931","0.2519139399131139","0.2257654368877411","0.28954729437828064","0.2764834836125374","0.27067163586616516","0.28364816308021545"
"1396","0.1553044579923153","0.1501130312681198","0.1607009470462799","0.15319736301898956","0.1489693969488144","0.16133280098438263","0.15545335784554482","0.15083426237106323","0.16094380617141724","0.2489452362060547","0.22856812179088593","0.28275027871131897","0.2713437154889107","0.26497504115104675","0.27948686480522156"
"1397","0.15167584270238876","0.13599158823490143","0.16015276312828064","0.14947259798645973","0.13187986612319946","0.15708598494529724","0.15181034803390503","0.13593390583992004","0.16039317846298218","0.24220749735832214","0.21150368452072144","0.28634321689605713","0.26870474219322205","0.2519208788871765","0.27866774797439575"
"1398","0.14472125098109245","0.14114795625209808","0.14858311414718628","0.14248348027467728","0.13901187479496002","0.1469396948814392","0.1451927162706852","0.1417434960603714","0.14901329576969147","0.2348475456237793","0.22007176280021667","0.25913891196250916","0.2669106647372246","0.2593855857849121","0.2721833288669586"
"1399","0.1566462703049183","0.1415473222732544","0.16785307228565216","0.15438512712717056","0.14279522001743317","0.16714680194854736","0.1568228267133236","0.14172197878360748","0.1682116836309433","0.2552407930294673","0.22030766308307648","0.30060774087905884","0.27521784603595734","0.26129961013793945","0.28418558835983276"
"1400","0.1576671041548252","0.15161257982254028","0.16400788724422455","0.15496979653835297","0.1487133949995041","0.15958727896213531","0.1580888070166111","0.1526349037885666","0.16404801607131958","0.2524051070213318","0.23719435930252075","0.28224775195121765","0.27533017098903656","0.26961976289749146","0.2819910943508148"
"1401","0.14872438833117485","0.13813373446464539","0.1601686030626297","0.14544405788183212","0.1331981122493744","0.15546399354934692","0.14887600392103195","0.13831859827041626","0.1607082486152649","0.24264661967754364","0.2180066853761673","0.28717514872550964","0.26052917540073395","0.25385090708732605","0.2703128159046173"
"1402","0.1480560153722763","0.14092300832271576","0.1554865539073944","0.14576531574130058","0.13486403226852417","0.16059726476669312","0.14826374873518944","0.14100545644760132","0.1562667191028595","0.24196314811706543","0.2113158404827118","0.2912598252296448","0.2622944563627243","0.2551056444644928","0.27369198203086853"
"1403","0.14323586970567703","0.13489723205566406","0.15042518079280853","0.14004480838775635","0.13052743673324585","0.151700958609581","0.1437646746635437","0.13503988087177277","0.15171921253204346","0.23385492463906607","0.21398717164993286","0.2609842121601105","0.26698240637779236","0.2595624327659607","0.27473029494285583"
"1404","0.14969993755221367","0.14419442415237427","0.15363644063472748","0.14547213166952133","0.1396501213312149","0.15180343389511108","0.14975722879171371","0.14398008584976196","0.15379616618156433","0.24689271052678427","0.2256002426147461","0.2817102372646332","0.27549298852682114","0.2665797770023346","0.2829720377922058"
"1405","0.15466228500008583","0.146683469414711","0.16059325635433197","0.15123700723052025","0.1420844942331314","0.16113464534282684","0.15495813637971878","0.14631108939647675","0.16077427566051483","0.2544146329164505","0.2346399575471878","0.291611909866333","0.2709483206272125","0.2615368664264679","0.275834321975708"
"1406","0.1508682519197464","0.14654541015625","0.15517370402812958","0.14741836488246918","0.14114078879356384","0.15270325541496277","0.15116789937019348","0.14740219712257385","0.15530385076999664","0.24794262647628784","0.22008904814720154","0.290488600730896","0.2703407481312752","0.2617928087711334","0.27581021189689636"
"1407","0.14956512302160263","0.1452731490135193","0.16155803203582764","0.14771337062120438","0.14136388897895813","0.15759876370429993","0.1495368629693985","0.14507898688316345","0.1616399735212326","0.248290886481603","0.22467118501663208","0.2915683388710022","0.27175600826740265","0.2651221752166748","0.2839198112487793"
"1408","0.158338975161314","0.1516619473695755","0.16670769453048706","0.15499473735690117","0.150976300239563","0.16208302974700928","0.15871846303343773","0.15228751301765442","0.167509064078331","0.25623971223831177","0.22849559783935547","0.3066868484020233","0.28396815806627274","0.27456456422805786","0.292228102684021"
"1409","0.16049150004982948","0.1487026810646057","0.17052294313907623","0.15867851674556732","0.14557968080043793","0.17280736565589905","0.16081860661506653","0.14933975040912628","0.17131726443767548","0.26629020273685455","0.24222253262996674","0.29489853978157043","0.2838781252503395","0.27008330821990967","0.30255571007728577"
"1410","0.15153834596276283","0.14600738883018494","0.15645718574523926","0.14856795594096184","0.14202572405338287","0.15761016309261322","0.15198983624577522","0.14675591886043549","0.15681490302085876","0.24822203814983368","0.2317829579114914","0.27441731095314026","0.27092791348695755","0.264831006526947","0.2797379493713379"
"1411","0.15676109492778778","0.14004892110824585","0.17078551650047302","0.15353835001587868","0.13763050734996796","0.16563725471496582","0.15711214393377304","0.14074498414993286","0.17150065302848816","0.2521938631931941","0.22312845289707184","0.30781757831573486","0.28199630230665207","0.2683490216732025","0.2942655086517334"
"1412","0.14435908198356628","0.13297580182552338","0.1522391140460968","0.14141182973980904","0.12644436955451965","0.14975029230117798","0.14414820075035095","0.13231532275676727","0.15304066240787506","0.23453882336616516","0.2078726887702942","0.2792675495147705","0.2593454644083977","0.24610817432403564","0.26965436339378357"
"1413","0.14669324085116386","0.14213448762893677","0.1528691053390503","0.14135689288377762","0.1342027485370636","0.15466663241386414","0.14729071035981178","0.14296136796474457","0.15350234508514404","0.250329668323199","0.2334143966436386","0.2803361415863037","0.2820625603199005","0.27346667647361755","0.28854623436927795"
"1414","0.14817285165190697","0.14234885573387146","0.15747851133346558","0.14227650687098503","0.13240601122379303","0.1538563370704651","0.14839649572968483","0.1426744908094406","0.15805765986442566","0.2503337413072586","0.2296881377696991","0.2898222804069519","0.27104370296001434","0.26682424545288086","0.28058966994285583"
"1415","0.15204790607094765","0.138483464717865","0.17081700265407562","0.14577308297157288","0.13733544945716858","0.16369913518428802","0.1524905078113079","0.13903574645519257","0.1716788411140442","0.26371484994888306","0.22244253754615784","0.31832677125930786","0.28431151807308197","0.2689744830131531","0.30227404832839966"
"1416","0.15106284618377686","0.14148274064064026","0.15834598243236542","0.1457156091928482","0.13250698149204254","0.1523822844028473","0.1514343060553074","0.14202511310577393","0.15893828868865967","0.2591214378674825","0.23114895820617676","0.294882595539093","0.2819984033703804","0.27420783042907715","0.29388898611068726"
"1417","0.14370791614055634","0.14157256484031677","0.1465795934200287","0.1379871852695942","0.13403746485710144","0.14301180839538574","0.14399241283535957","0.14116151630878448","0.14718247950077057","0.2476718326409658","0.21733376383781433","0.294436514377594","0.27209755778312683","0.267263799905777","0.2759929597377777"
"1418","0.15091541782021523","0.1450268179178238","0.15700730681419373","0.14556721970438957","0.13684503734111786","0.15775087475776672","0.1510281078517437","0.14429600536823273","0.15758773684501648","0.2583893934885661","0.229629784822464","0.29872992634773254","0.2838860973715782","0.27361607551574707","0.2920815646648407"
"1419","0.14189469441771507","0.13793422281742096","0.14595410227775574","0.1358799934387207","0.12901045382022858","0.1443023681640625","0.14221690967679024","0.13811972737312317","0.14639584720134735","0.24486126999060312","0.22224177420139313","0.28177833557128906","0.2641942426562309","0.2580929398536682","0.27274274826049805"
"1420","0.14288627356290817","0.13479384779930115","0.158908873796463","0.1372508555650711","0.12817135453224182","0.15016122162342072","0.14294558390974998","0.13486254215240479","0.15866468846797943","0.24000547329584757","0.22228753566741943","0.27094316482543945","0.2738606855273247","0.2681179642677307","0.28655463457107544"
"1421","0.14601727575063705","0.13901685178279877","0.15651127696037292","0.1407434120774269","0.13585419952869415","0.15002049505710602","0.14634451642632484","0.13895638287067413","0.15630701184272766","0.246659646431605","0.21944478154182434","0.2848777770996094","0.27000200748443604","0.259074866771698","0.2796098589897156"
"1422","0.14328639581799507","0.1319914162158966","0.15590877830982208","0.13826587051153183","0.12269389629364014","0.15851008892059326","0.1432507000863552","0.13171330094337463","0.1559510976076126","0.2518114745616913","0.2328719198703766","0.28133901953697205","0.2726995572447777","0.263162225484848","0.2851165533065796"
"1423","0.14269047230482101","0.13801419734954834","0.14750835299491882","0.13717437535524368","0.13341617584228516","0.13959738612174988","0.1430657096207142","0.13897641003131866","0.14753738045692444","0.24604731301466623","0.22048327326774597","0.28160539269447327","0.2715797424316406","0.26447394490242004","0.28112635016441345"
"1424","0.1449422389268875","0.1387014389038086","0.15475021302700043","0.13874425366520882","0.13237982988357544","0.15311679244041443","0.14533276483416557","0.13969700038433075","0.15500178933143616","0.24846173326174417","0.2283324897289276","0.2845569849014282","0.2708570957183838","0.2667448818683624","0.27696937322616577"
"1425","0.14078620076179504","0.13521447777748108","0.14492303133010864","0.13582850620150566","0.1272246241569519","0.147959902882576","0.14127282425761223","0.13541361689567566","0.14611507952213287","0.23846053083737692","0.21578529477119446","0.274780809879303","0.2602642923593521","0.25503429770469666","0.2658778131008148"
"1426","0.15136828646063805","0.1462942212820053","0.15956827998161316","0.14552950859069824","0.13743995130062103","0.15085868537425995","0.15151994675397873","0.14604952931404114","0.16004320979118347","0.24832739432652792","0.22596465051174164","0.287987619638443","0.27828043699264526","0.2726246118545532","0.2843729853630066"
"1427","0.14663507044315338","0.13938629627227783","0.1530478149652481","0.14012443274259567","0.13753899931907654","0.1435888558626175","0.1472104787826538","0.1393609642982483","0.15330372750759125","0.24763838946819305","0.21992257237434387","0.2930985987186432","0.26652156561613083","0.26012110710144043","0.2711624801158905"
"1428","0.1497432067990303","0.14290599524974823","0.15889012813568115","0.1437954194843769","0.13328778743743896","0.15055038034915924","0.14979108795523643","0.14208108186721802","0.15854734182357788","0.25256966551144916","0.22605299949645996","0.30064767599105835","0.28446608036756516","0.2733820676803589","0.29691281914711"
"1429","0.1400638446211815","0.1314772665500641","0.15738287568092346","0.1345739010721445","0.12330453842878342","0.14922256767749786","0.14044329896569252","0.13140207529067993","0.15768973529338837","0.23857943713665009","0.21460482478141785","0.2846881151199341","0.2664955109357834","0.25525251030921936","0.2933449149131775"
"1430","0.14276594296097755","0.13677263259887695","0.15310895442962646","0.13807646930217743","0.1318281590938568","0.1527251899242401","0.1431257650256157","0.13759998977184296","0.15329036116600037","0.24488802750905356","0.2209198772907257","0.27688729763031006","0.2662326246500015","0.2602037191390991","0.28006452322006226"
"1431","0.13884752243757248","0.13319452106952667","0.14849840104579926","0.13190538436174393","0.12676113843917847","0.1398959904909134","0.13930118829011917","0.1335848569869995","0.14828111231327057","0.24353326360384622","0.21759483218193054","0.2790908217430115","0.26340971142053604","0.25364935398101807","0.27329567074775696"
"1432","0.1424541249871254","0.13889040052890778","0.14853638410568237","0.13727500289678574","0.13145092129707336","0.1434933990240097","0.14251264184713364","0.13880948722362518","0.14798280596733093","0.24601278702418009","0.2265687882900238","0.2783316671848297","0.26797326654195786","0.2616962790489197","0.27471181750297546"
"1433","0.15084883943200111","0.14383727312088013","0.16412149369716644","0.14418914169073105","0.13597023487091064","0.15377873182296753","0.1514710672199726","0.14519833028316498","0.16417059302330017","0.2535788118839264","0.23109659552574158","0.2815138101577759","0.2819586843252182","0.275859534740448","0.2964169383049011"
"1434","0.1467258594930172","0.1325899064540863","0.15489453077316284","0.13983416557312012","0.12488584220409393","0.15075820684432983","0.14669760316610336","0.1322731375694275","0.15560057759284973","0.24929737051328024","0.22838371992111206","0.28595608472824097","0.27003263682127","0.26467689871788025","0.27538615465164185"
"1435","0.1499107964336872","0.14401482045650482","0.1570989489555359","0.14451401308178902","0.13678376376628876","0.14750510454177856","0.15030765533447266","0.14399930834770203","0.15662506222724915","0.2544616162776947","0.2264830321073532","0.29095250368118286","0.28054170310497284","0.27302783727645874","0.2898091673851013"
"1436","0.14295301958918571","0.13045570254325867","0.1516970992088318","0.13811011239886284","0.13348796963691711","0.14197276532649994","0.14285530149936676","0.13061481714248657","0.1513092815876007","0.2458006739616394","0.2101324498653412","0.2970398962497711","0.2625151723623276","0.24764135479927063","0.2702270746231079"
"1437","0.14440907537937164","0.13802136480808258","0.149659663438797","0.13860737904906273","0.12864594161510468","0.1491628885269165","0.14473538845777512","0.13758698105812073","0.15002799034118652","0.2473429391781489","0.22325505316257477","0.2847943603992462","0.2746644467115402","0.25904369354248047","0.3020744025707245"
"1438","0.14798972755670547","0.13892154395580292","0.15356166660785675","0.14178211614489555","0.13052965700626373","0.1471773087978363","0.14823343604803085","0.13878613710403442","0.15359772741794586","0.26232776045799255","0.23452338576316833","0.2995758354663849","0.28500616550445557","0.270230770111084","0.30010202527046204"
"1439","0.13903340697288513","0.1330678015947342","0.14569316804409027","0.13454090058803558","0.12641549110412598","0.140869140625","0.13949576765298843","0.1335943043231964","0.14634640514850616","0.23602129518985748","0.21518954634666443","0.2749647796154022","0.26301439851522446","0.25342676043510437","0.2712303400039673"
"1440","0.13791066780686378","0.1318037211894989","0.14399756491184235","0.13283322751522064","0.12376430630683899","0.14552566409111023","0.13792167603969574","0.1318483203649521","0.14373070001602173","0.2407514452934265","0.2202044427394867","0.27122724056243896","0.2672276645898819","0.26060372591018677","0.27892327308654785"
"1441","0.14409558102488518","0.13400152325630188","0.1487189680337906","0.13892833143472672","0.1284496933221817","0.14935240149497986","0.1439610943198204","0.1339012086391449","0.1492132991552353","0.24398227532704672","0.23049010336399078","0.270688533782959","0.2768610417842865","0.26342740654945374","0.2835143208503723"
"1442","0.1408701278269291","0.1340445876121521","0.14636170864105225","0.13466473296284676","0.12550213932991028","0.14302948117256165","0.14100292325019836","0.1342240869998932","0.1466813087463379","0.24363294740517935","0.2239484339952469","0.28035685420036316","0.2684962898492813","0.2625807225704193","0.2709018886089325"
"1443","0.14256950467824936","0.13134509325027466","0.15920840203762054","0.1364295333623886","0.12840940058231354","0.15057756006717682","0.1428292728960514","0.1311350166797638","0.15887589752674103","0.24582708378632864","0.21440842747688293","0.27492377161979675","0.2666555717587471","0.2567635178565979","0.2874053120613098"
"1444","0.15038897097110748","0.14465585350990295","0.15591120719909668","0.14477775245904922","0.13720828294754028","0.1527625024318695","0.15078943967819214","0.1449841558933258","0.1567016839981079","0.25620608031749725","0.23326756060123444","0.29973456263542175","0.27575039118528366","0.2723024785518646","0.28225719928741455"
"1445","0.13796481862664223","0.13076433539390564","0.14706550538539886","0.13431479781866074","0.12604914605617523","0.13986295461654663","0.13799753412604332","0.13053376972675323","0.14690029621124268","0.2370494802792867","0.207098126411438","0.29169762134552","0.25665710866451263","0.24433952569961548","0.2681397795677185"
"1446","0.14140389114618301","0.13099327683448792","0.1521109938621521","0.13602551072835922","0.12373724579811096","0.14732694625854492","0.1415267065167427","0.13138779997825623","0.1522735357284546","0.2443296213944753","0.22195588052272797","0.2786672115325928","0.2637892886996269","0.25477492809295654","0.27290067076683044"
"1447","0.14535484835505486","0.13410815596580505","0.14972732961177826","0.14196091145277023","0.13783173263072968","0.14489968121051788","0.1454816460609436","0.13410107791423798","0.15033015608787537","0.2547234942515691","0.22541961073875427","0.29676157236099243","0.284562885761261","0.27504900097846985","0.2911176085472107"
"1448","0.15100549161434174","0.13262373208999634","0.16447922587394714","0.14539731666445732","0.12535913288593292","0.16253404319286346","0.15133540332317352","0.13230545818805695","0.1651533544063568","0.2495273301998774","0.21377445757389069","0.2915509343147278","0.2782600149512291","0.25955408811569214","0.29232147336006165"
"1449","0.1412230283021927","0.13813164830207825","0.1460300087928772","0.13718412443995476","0.1326267272233963","0.1492498517036438","0.14138488844037056","0.13826848566532135","0.1462121456861496","0.2464733769496282","0.2305360585451126","0.27788040041923523","0.2664989307522774","0.2633090019226074","0.26907315850257874"
"1450","0.15068840235471725","0.14597326517105103","0.1578560173511505","0.14469989761710167","0.13884256780147552","0.1508229374885559","0.1509249061346054","0.14651750028133392","0.15820692479610443","0.2500188847382863","0.22862130403518677","0.28952449560165405","0.26657478511333466","0.2632148563861847","0.2703295946121216"
"1451","0.14507890865206718","0.13962964713573456","0.1531449854373932","0.13907577842473984","0.13183364272117615","0.15089067816734314","0.14564361795783043","0.13993310928344727","0.15347996354103088","0.24529018004735312","0.21842530369758606","0.2839896082878113","0.2721889689564705","0.26256388425827026","0.27957361936569214"
"1452","0.14006246998906136","0.1314244121313095","0.1463080197572708","0.13435357064008713","0.12622986733913422","0.13834600150585175","0.13995130732655525","0.13132789731025696","0.1460699439048767","0.23924240469932556","0.21495231986045837","0.28275930881500244","0.26664726436138153","0.26193347573280334","0.27032139897346497"
"1453","0.14944588765501976","0.14553634822368622","0.15356913208961487","0.14423253014683723","0.1383834332227707","0.1535814255475998","0.1496899463236332","0.14527295529842377","0.15354713797569275","0.2514781504869461","0.22470404207706451","0.2907032370567322","0.27191105484962463","0.2655685842037201","0.2753395736217499"
"1454","0.14223594591021538","0.13356925547122955","0.14825239777565002","0.13743024691939354","0.12777477502822876","0.14958345890045166","0.14255453273653984","0.13377752900123596","0.1482049822807312","0.24521839121977487","0.21710266172885895","0.29000818729400635","0.26663313060998917","0.2569374144077301","0.27294713258743286"
"1455","0.14379320666193962","0.13028684258460999","0.15899400413036346","0.13906012661755085","0.12383248656988144","0.1509876847267151","0.14376720786094666","0.13012632727622986","0.15864890813827515","0.24246035516262054","0.22398844361305237","0.2692717909812927","0.2623773254454136","0.2481718510389328","0.2720574736595154"
"1456","0.14971015974879265","0.14373978972434998","0.15847347676753998","0.14459528028964996","0.13619109988212585","0.15199793875217438","0.15039578825235367","0.14460282027721405","0.15912337601184845","0.24957052866617838","0.22516939043998718","0.28647327423095703","0.2777825742959976","0.2684383988380432","0.29085808992385864"
"1457","0.1502053402364254","0.14513424038887024","0.15398848056793213","0.14620697498321533","0.13868895173072815","0.15103116631507874","0.15067454427480698","0.1453682780265808","0.15493249893188477","0.2519198805093765","0.223311185836792","0.30322855710983276","0.27163073420524597","0.26267650723457336","0.27649539709091187"
"1458","0.1456606164574623","0.12889723479747772","0.15455517172813416","0.14051170274615288","0.12230467796325684","0.15287427604198456","0.14561181515455246","0.1285751312971115","0.15386179089546204","0.2429215063651403","0.2307351678609848","0.25982969999313354","0.26839930564165115","0.2460947334766388","0.2810739278793335"
"1459","0.1484634131193161","0.14535069465637207","0.15428617596626282","0.14399171248078346","0.14053310453891754","0.14775356650352478","0.14876876026391983","0.14621049165725708","0.15440893173217773","0.2477055142323176","0.22446554899215698","0.28716903924942017","0.2801481857895851","0.2759040296077728","0.2840123474597931"
"1460","0.1440006084740162","0.13484390079975128","0.15973025560379028","0.13922201842069626","0.12689395248889923","0.16112414002418518","0.14456302300095558","0.13500115275382996","0.1603040099143982","0.2501196563243866","0.22592344880104065","0.27741676568984985","0.26918651163578033","0.26030319929122925","0.28561165928840637"
"1461","0.1475779041647911","0.13420309126377106","0.15748244524002075","0.14174490049481392","0.12667971849441528","0.15069305896759033","0.14765020087361336","0.13423728942871094","0.15723185241222382","0.2427220642566681","0.22977092862129211","0.25915664434432983","0.26378630101680756","0.24432584643363953","0.2760884165763855"
"1462","0.14869335293769836","0.1399112045764923","0.15416334569454193","0.1427415870130062","0.1324763298034668","0.15150126814842224","0.14906074851751328","0.1405603587627411","0.15436837077140808","0.25393226742744446","0.23090770840644836","0.290881872177124","0.27539602667093277","0.2649799585342407","0.2828209400177002"
"1463","0.15218296647071838","0.14641499519348145","0.15865224599838257","0.1476115882396698","0.1403685212135315","0.15211015939712524","0.152470875531435","0.14624321460723877","0.15952438116073608","0.25300368666648865","0.22542400658130646","0.30766111612319946","0.2720329686999321","0.2641422152519226","0.28272271156311035"
"1464","0.14511385932564735","0.13522124290466309","0.14931011199951172","0.13930657878518105","0.13708415627479553","0.14096540212631226","0.14545444771647453","0.13634102046489716","0.14923325181007385","0.24665095408757529","0.2204969823360443","0.28213050961494446","0.26890410482883453","0.2607818841934204","0.2752606272697449"
"1465","0.15037890896201134","0.14153513312339783","0.15719614923000336","0.14459465444087982","0.13611756265163422","0.15588420629501343","0.15063389390707016","0.14241746068000793","0.1570092886686325","0.2551778207222621","0.2388317734003067","0.286302775144577","0.27819932997226715","0.2667062282562256","0.288379967212677"
"1466","0.13821807503700256","0.1306399703025818","0.14667031168937683","0.13222097232937813","0.12394584715366364","0.14039763808250427","0.13849154487252235","0.13117089867591858","0.14688991010189056","0.24361558755238852","0.21411506831645966","0.29668673872947693","0.2572789490222931","0.243571937084198","0.2772371470928192"
"1467","0.1418352909386158","0.13257835805416107","0.15185070037841797","0.13680638745427132","0.12630394101142883","0.15190863609313965","0.1420382224023342","0.13396096229553223","0.15180085599422455","0.2467516561349233","0.2252681851387024","0.2817469537258148","0.2722640410065651","0.2659963369369507","0.2791411876678467"
"1468","0.1394503340125084","0.12435157597064972","0.14981673657894135","0.13384294509887695","0.1166570633649826","0.1465328335762024","0.13982423767447472","0.12490887939929962","0.15014585852622986","0.24017515778541565","0.21310783922672272","0.2842577397823334","0.25864096358418465","0.24604390561580658","0.2695205509662628"
"1469","0.14768241718411446","0.13982939720153809","0.1543535590171814","0.14241022244095802","0.1326656937599182","0.15549875795841217","0.1477959044277668","0.13924072682857513","0.15456640720367432","0.24903844793637595","0.22137582302093506","0.294570654630661","0.26369399577379227","0.25476357340812683","0.2680201530456543"
"1470","0.141842070966959","0.13852357864379883","0.14379364252090454","0.13563377037644386","0.1304067075252533","0.14043797552585602","0.1418733336031437","0.13855376839637756","0.14359062910079956","0.2430175095796585","0.22234709560871124","0.2832571268081665","0.27136459201574326","0.26807814836502075","0.2775920331478119"
"1471","0.1516776718199253","0.1466447114944458","0.15938448905944824","0.1444045752286911","0.13863196969032288","0.151436448097229","0.15212584659457207","0.14720673859119415","0.16000810265541077","0.2608765512704849","0.23324039578437805","0.3128022253513336","0.27675678580999374","0.2701343595981598","0.2860393524169922"
"1472","0.14565888047218323","0.13707762956619263","0.15423712134361267","0.13952438160777092","0.1332833468914032","0.14764471352100372","0.14590583369135857","0.13731276988983154","0.15420609712600708","0.2451030264298121","0.21831314265727997","0.29121536016464233","0.27675510942935944","0.2637234628200531","0.288948118686676"
"1473","0.13986948505043983","0.1316606104373932","0.14812071621418","0.13571170717477798","0.12624192237854004","0.1434212028980255","0.1399521566927433","0.1309511661529541","0.14849816262722015","0.24192991852760315","0.21849901974201202","0.2851414084434509","0.26533421128988266","0.2605741322040558","0.270870566368103"
"1474","0.14386362954974174","0.13713644444942474","0.15010899305343628","0.1396406777203083","0.13090816140174866","0.14570799469947815","0.14402338489890099","0.13730919361114502","0.15018288791179657","0.24720307191212973","0.22806884348392487","0.2853371202945709","0.2683336213231087","0.26382869482040405","0.2710874080657959"
"1475","0.14292725548148155","0.13719972968101501","0.15419460833072662","0.1383933462202549","0.12986822426319122","0.14881500601768494","0.14314190670847893","0.13724566996097565","0.1545611172914505","0.24591046571731567","0.22082111239433289","0.2777400612831116","0.269005224108696","0.26186588406562805","0.28202593326568604"
"1476","0.1437307521700859","0.12941314280033112","0.1494656503200531","0.13825275748968124","0.12418201565742493","0.15211129188537598","0.14383506402373314","0.13030636310577393","0.1492232084274292","0.24184049665927887","0.22560909390449524","0.27024394273757935","0.2584800235927105","0.2437840849161148","0.2676897644996643"
"1477","0.146569661796093","0.14271117746829987","0.1513604074716568","0.14065121114253998","0.13455724716186523","0.15248584747314453","0.14654399827122688","0.14301735162734985","0.15101689100265503","0.2478241523106893","0.22524762153625488","0.2882519066333771","0.26545674353837967","0.2612597644329071","0.2708473205566406"
"1478","0.14441371709108353","0.13786527514457703","0.15513770282268524","0.13857898488640785","0.13109198212623596","0.1555688977241516","0.14439741149544716","0.13732832670211792","0.15532895922660828","0.24824804564317068","0.2347225546836853","0.27516108751296997","0.2744873985648155","0.2638912796974182","0.2842176556587219"
"1479","0.1509566344320774","0.14807751774787903","0.15643267333507538","0.14571364596486092","0.1389162689447403","0.1505921632051468","0.15090801194310188","0.14791405200958252","0.1565634310245514","0.25422588487466175","0.2281516045331955","0.29898306727409363","0.2771906852722168","0.2717105746269226","0.2851054072380066"
"1480","0.15018830448389053","0.1392761468887329","0.1718733161687851","0.14532069116830826","0.13332223892211914","0.16367506980895996","0.15038176253437996","0.1392536461353302","0.17214536666870117","0.2599985748529434","0.2256919890642166","0.31700679659843445","0.2817290797829628","0.2689580023288727","0.3040398955345154"
"1481","0.150070708245039","0.13303624093532562","0.1596573293209076","0.14565275609493256","0.12703809142112732","0.1573740541934967","0.150259830057621","0.13304507732391357","0.1603001356124878","0.2483366330464681","0.238727867603302","0.26618412137031555","0.281758189201355","0.2550453841686249","0.2972065210342407"
"1482","0.14477236568927765","0.13498425483703613","0.1617124378681183","0.13861769065260887","0.12758159637451172","0.15433916449546814","0.14478937536478043","0.13477656245231628","0.16231198608875275","0.24427749713261923","0.21356499195098877","0.30179563164711","0.272610180079937","0.26116836071014404","0.2921380400657654"
"1483","0.14309647306799889","0.13406917452812195","0.15190371870994568","0.13866659998893738","0.13021400570869446","0.15200024843215942","0.14346253871917725","0.13471080362796783","0.15220637619495392","0.2478295067946116","0.2280946671962738","0.28135809302330017","0.26943349838256836","0.26140785217285156","0.27515992522239685"
"1484","0.14909277111291885","0.139089897274971","0.1578327864408493","0.14440105855464935","0.1398162841796875","0.1525961309671402","0.14904286339879036","0.13899175822734833","0.15855658054351807","0.24717388053735098","0.21824221312999725","0.2891753315925598","0.2712494656443596","0.25814130902290344","0.28551584482192993"
"1485","0.1424861066043377","0.1356976330280304","0.15126262605190277","0.13784856349229813","0.1285514086484909","0.15354318916797638","0.14265457913279533","0.13647346198558807","0.15066954493522644","0.2457642356554667","0.22827745974063873","0.27914440631866455","0.26600033044815063","0.25984156131744385","0.27107638120651245"
"1486","0.1434987299144268","0.13922612369060516","0.14536672830581665","0.1401802971959114","0.13459330797195435","0.1492515206336975","0.14411060139536858","0.13941475749015808","0.1468908041715622","0.24730680882930756","0.2185371071100235","0.2903158962726593","0.263247475028038","0.2546873092651367","0.2686062455177307"
"1487","0.14950976893305779","0.14243559539318085","0.15860512852668762","0.14281993731856346","0.13837651908397675","0.15019503235816956","0.14976288750767708","0.1426898092031479","0.158615842461586","0.2493085116147995","0.21757462620735168","0.29190999269485474","0.2698124051094055","0.2611885666847229","0.2793992757797241"
"1488","0.14084508642554283","0.12534193694591522","0.15693561732769012","0.1358313262462616","0.11796599626541138","0.15872301161289215","0.14111295714974403","0.12590306997299194","0.1562424898147583","0.23954362173875174","0.20053474605083466","0.2850819528102875","0.25692665949463844","0.23669029772281647","0.2725185751914978"
"1489","0.15182329341769218","0.1481955498456955","0.15675297379493713","0.1465539038181305","0.1432695984840393","0.14870204031467438","0.15204010158777237","0.14819246530532837","0.15713103115558624","0.2516346275806427","0.22598211467266083","0.30180251598358154","0.2687140628695488","0.26157671213150024","0.2750743627548218"
"1490","0.14322338998317719","0.13254624605178833","0.15392892062664032","0.13806632533669472","0.12402960658073425","0.14781303703784943","0.14332657307386398","0.13203208148479462","0.15384653210639954","0.24677113195260367","0.21841131150722504","0.28292471170425415","0.2686755731701851","0.25516682863235474","0.28135162591934204"
"1491","0.14369219541549683","0.14011049270629883","0.14601801335811615","0.1382766291499138","0.13390658795833588","0.1406375616788864","0.14396890252828598","0.14030489325523376","0.14651739597320557","0.23988855381806692","0.21367247402668","0.2890068590641022","0.260105662047863","0.2542797029018402","0.2645453214645386"
"1492","0.15115976706147194","0.13918869197368622","0.1593548208475113","0.14523321390151978","0.1331166923046112","0.15726406872272491","0.1516529582440853","0.13982895016670227","0.15910027921199799","0.2558423926432927","0.2363104224205017","0.2874886095523834","0.2795431762933731","0.2665732502937317","0.2942659854888916"
"1493","0.14740440249443054","0.14309179782867432","0.1542891263961792","0.14262205734848976","0.13663411140441895","0.14889729022979736","0.14787767082452774","0.1436041295528412","0.1540742963552475","0.2471611201763153","0.2171163260936737","0.3052542209625244","0.268549807369709","0.25702106952667236","0.2813025116920471"
"1494","0.14164240285754204","0.13470064103603363","0.14922823011875153","0.13769839704036713","0.1288590133190155","0.14961597323417664","0.14148062095046043","0.13460113108158112","0.14918336272239685","0.2420561114947001","0.22650346159934998","0.2731170654296875","0.2560366168618202","0.24832603335380554","0.26396632194519043"
"1495","0.1430760994553566","0.13220161199569702","0.15253420174121857","0.1397261768579483","0.12862396240234375","0.15597212314605713","0.14340649917721748","0.13269777595996857","0.1527484655380249","0.2432921181122462","0.22828564047813416","0.26948633790016174","0.2732345759868622","0.25985774397850037","0.2817143201828003"
"1496","0.14878705516457558","0.13432875275611877","0.15978626906871796","0.14393235370516777","0.1356966346502304","0.15136227011680603","0.14909889176487923","0.1347784698009491","0.15980269014835358","0.24686307708422342","0.20943012833595276","0.2849542796611786","0.27565786242485046","0.25570517778396606","0.2914275825023651"
"1497","0.1482257843017578","0.13842567801475525","0.15479996800422668","0.14393899217247963","0.14051924645900726","0.14684170484542847","0.14867060631513596","0.13900808990001678","0.15512198209762573","0.2492274840672811","0.2189895510673523","0.29132580757141113","0.27403373271226883","0.2613115608692169","0.2817598581314087"
"1498","0.14186656847596169","0.13777628540992737","0.144469752907753","0.13626199588179588","0.13119520246982574","0.1435481458902359","0.1419770009815693","0.1379539519548416","0.14469942450523376","0.2434913714726766","0.22139063477516174","0.28702181577682495","0.2694612964987755","0.26523441076278687","0.2760074734687805"
"1499","0.15093142539262772","0.14555615186691284","0.1558091938495636","0.14611449092626572","0.1402486115694046","0.14904895424842834","0.15122998878359795","0.14637033641338348","0.1562231183052063","0.2514757812023163","0.23045316338539124","0.2811349630355835","0.27417389303445816","0.2677554190158844","0.2814890742301941"
"1500","0.14483149349689484","0.1379619538784027","0.151114821434021","0.13992003351449966","0.1364094614982605","0.1460728645324707","0.14499852433800697","0.13832791149616241","0.1509968340396881","0.24132394790649414","0.21561354398727417","0.27548491954803467","0.26653749495744705","0.261759877204895","0.27165287733078003"
"1501","0.1378650926053524","0.12821324169635773","0.14948777854442596","0.13319775089621544","0.12144315242767334","0.14218652248382568","0.13799318671226501","0.12855464220046997","0.14997945725917816","0.24386297166347504","0.2169516682624817","0.2958235442638397","0.2648092210292816","0.2504962086677551","0.2802092432975769"
"1502","0.14474362507462502","0.1346636712551117","0.14982885122299194","0.139844611287117","0.12720541656017303","0.14752894639968872","0.14484579116106033","0.13475558161735535","0.14995001256465912","0.2421559989452362","0.22536805272102356","0.27568721771240234","0.2654794156551361","0.25404593348503113","0.27197179198265076"
"1503","0.14147783070802689","0.13550019264221191","0.1523045003414154","0.1359771005809307","0.1279544234275818","0.1428861767053604","0.14176027476787567","0.13564077019691467","0.15222793817520142","0.24564396341641745","0.21916139125823975","0.2813405394554138","0.2699282690882683","0.2581152319908142","0.2842180132865906"
"1504","0.14746671169996262","0.1345362365245819","0.15901127457618713","0.14335548877716064","0.12879778444766998","0.16171537339687347","0.14768659695982933","0.13435453176498413","0.15921692550182343","0.2537420888741811","0.2419462502002716","0.2724156677722931","0.2873142212629318","0.26196104288101196","0.3291946053504944"
"1505","0.15457473695278168","0.14964333176612854","0.15943099558353424","0.14881420135498047","0.142378032207489","0.15623655915260315","0.15479515120387077","0.14969304203987122","0.16006632149219513","0.2519182463486989","0.22904711961746216","0.2970139980316162","0.275899313390255","0.2692353129386902","0.2869783043861389"
"1506","0.14801784604787827","0.14632530510425568","0.1506159007549286","0.14321229979395866","0.1386546492576599","0.14706461131572723","0.14791152626276016","0.1462641954421997","0.15027710795402527","0.24909267822901407","0.22550395131111145","0.2923801839351654","0.2708071917295456","0.2635827660560608","0.28042376041412354"
"1507","0.1423608511686325","0.13403521478176117","0.150666743516922","0.13749397173523903","0.12689802050590515","0.14477473497390747","0.14258215576410294","0.13482075929641724","0.15064986050128937","0.24189798533916473","0.2119004726409912","0.29544979333877563","0.2633933946490288","0.2535147964954376","0.2753889560699463"
"1508","0.150327417999506","0.14233355224132538","0.16513469815254211","0.14555924758315086","0.1404705047607422","0.1570829600095749","0.15053686872124672","0.14264723658561707","0.16462397575378418","0.2498734841744105","0.2289627492427826","0.28844761848449707","0.2845926955342293","0.2788597345352173","0.2989467680454254"
"1509","0.14675923436880112","0.13996946811676025","0.1519082486629486","0.14124040305614471","0.1344398558139801","0.150189608335495","0.14677022397518158","0.13937729597091675","0.1521456241607666","0.24247889717419943","0.2263362556695938","0.2738732397556305","0.26107730716466904","0.25115180015563965","0.2681288719177246"
"1510","0.1465681456029415","0.1410912722349167","0.1599310040473938","0.1426408849656582","0.1340131312608719","0.163636714220047","0.14675670862197876","0.14077134430408478","0.1598096489906311","0.2502387563387553","0.2327011525630951","0.27292951941490173","0.2685946896672249","0.2589441239833832","0.28495997190475464"
"1511","0.1423710621893406","0.13107047975063324","0.15167756378650665","0.13758191652595997","0.12301193922758102","0.14885170757770538","0.14250296726822853","0.13164164125919342","0.15115350484848022","0.24056072036425272","0.2133999466896057","0.28679347038269043","0.25729235261678696","0.2510509490966797","0.2657417356967926"
"1512","0.1448061764240265","0.1351262629032135","0.15117286145687103","0.1388845257461071","0.13474567234516144","0.1416560709476471","0.14486021921038628","0.13515429198741913","0.1508869230747223","0.24732217689355215","0.2155461609363556","0.29134389758110046","0.2726125046610832","0.2647721469402313","0.27676141262054443"
"1513","0.14518559724092484","0.14189839363098145","0.14978758990764618","0.1421489492058754","0.13499216735363007","0.14654424786567688","0.14538390189409256","0.14213857054710388","0.14973966777324677","0.2434886892636617","0.2187192291021347","0.280461847782135","0.2675906866788864","0.26088619232177734","0.27487799525260925"
"1514","0.14363111183047295","0.13518108427524567","0.1551222801208496","0.139438446611166","0.12811708450317383","0.149999737739563","0.14417796581983566","0.13567441701889038","0.1559453308582306","0.2472440799077352","0.21729999780654907","0.30107274651527405","0.25968264788389206","0.25394904613494873","0.2720157504081726"
"1515","0.14742518588900566","0.1314253807067871","0.1628272980451584","0.14263328909873962","0.13335619866847992","0.1539345383644104","0.14776987954974174","0.13170155882835388","0.1634446233510971","0.2479143589735031","0.20898041129112244","0.3003273904323578","0.2728857100009918","0.2564200758934021","0.28528687357902527"
"1516","0.1567041166126728","0.14492151141166687","0.16344992816448212","0.1506621390581131","0.13839665055274963","0.16227950155735016","0.15694347769021988","0.14530600607395172","0.16382722556591034","0.2533915638923645","0.23559878766536713","0.28838950395584106","0.28444554656744003","0.2710457444190979","0.30455440282821655"
"1517","0.14788828790187836","0.1381782740354538","0.15544751286506653","0.14159143343567848","0.13042373955249786","0.1567729115486145","0.1478286348283291","0.1378013789653778","0.15606194734573364","0.2520463565985362","0.23638561367988586","0.278370201587677","0.28415561467409134","0.2708357870578766","0.302101731300354"
"1518","0.1519428789615631","0.14519701898097992","0.1629778891801834","0.1466127261519432","0.14103299379348755","0.15390817821025848","0.15203187242150307","0.1450197845697403","0.16392850875854492","0.24459218978881836","0.22191724181175232","0.28397440910339355","0.27745357900857925","0.26780927181243896","0.294917494058609"
"1519","0.14066672697663307","0.12531383335590363","0.15114231407642365","0.13573506101965904","0.1270875781774521","0.14178702235221863","0.14093054458498955","0.12556856870651245","0.15134821832180023","0.23717662195364633","0.20648233592510223","0.27107396721839905","0.2571033462882042","0.24461376667022705","0.27219220995903015"
"1520","0.1469236984848976","0.13439978659152985","0.1560286432504654","0.14326494559645653","0.12844647467136383","0.15904688835144043","0.14700398966670036","0.13516639173030853","0.15565741062164307","0.24570987621943155","0.22664768993854523","0.276895672082901","0.2696472927927971","0.25857996940612793","0.2781562805175781"
"1521","0.14039556309580803","0.13453878462314606","0.14960502088069916","0.13576317578554153","0.1312655657529831","0.1410944163799286","0.14058777317404747","0.1342369019985199","0.14975182712078094","0.2373898277680079","0.21163226664066315","0.280665785074234","0.26896682381629944","0.2566223740577698","0.28831326961517334"
"1522","0.15653904154896736","0.1450428068637848","0.17373983561992645","0.1510678268969059","0.14529083669185638","0.16581827402114868","0.15670937299728394","0.14514261484146118","0.17413665354251862","0.24870368341604868","0.22268342971801758","0.29384273290634155","0.2746572643518448","0.2638489603996277","0.29204392433166504"
"1523","0.14700490608811378","0.14009597897529602","0.15809288620948792","0.1421629823744297","0.13325752317905426","0.15200743079185486","0.14757822081446648","0.14067921042442322","0.15884241461753845","0.2481043686469396","0.21861077845096588","0.2932344675064087","0.26931270956993103","0.2608773112297058","0.2769281268119812"
"1524","0.15107861906290054","0.1389043927192688","0.16733434796333313","0.14699701219797134","0.13360728323459625","0.16104166209697723","0.15170323103666306","0.14001861214637756","0.16837050020694733","0.25531400243441266","0.22813093662261963","0.30950719118118286","0.2701900526881218","0.25694748759269714","0.28431135416030884"
"1525","0.1510550044476986","0.14210481941699982","0.15541766583919525","0.14595240727066994","0.13441608846187592","0.15689171850681305","0.15134382620453835","0.14223167300224304","0.15521107614040375","0.2519238243500392","0.22980710864067078","0.2857801914215088","0.2760971710085869","0.2676875591278076","0.2829551696777344"
"1526","0.1470022164285183","0.14011293649673462","0.1535327136516571","0.14176617935299873","0.13744717836380005","0.14692138135433197","0.14718148112297058","0.14013732969760895","0.15385614335536957","0.24621398250261942","0.22148147225379944","0.284908652305603","0.27189482003450394","0.260786235332489","0.27925699949264526"
"1527","0.13932793214917183","0.13171938061714172","0.14924076199531555","0.13522271066904068","0.12543830275535583","0.14674288034439087","0.13991068676114082","0.13272690773010254","0.14893776178359985","0.23914138972759247","0.21913282573223114","0.2709046006202698","0.2658630385994911","0.25543951988220215","0.278293251991272"
"1528","0.14087732508778572","0.1322719156742096","0.1447424590587616","0.13661182671785355","0.12793636322021484","0.14265963435173035","0.14139526709914207","0.1327342987060547","0.14559246599674225","0.2392482062180837","0.21126094460487366","0.2811623215675354","0.26612474769353867","0.25693613290786743","0.27074670791625977"
"1529","0.14522890374064445","0.14094704389572144","0.15231455862522125","0.140169445425272","0.13638955354690552","0.1448305994272232","0.14543442055583","0.1416437029838562","0.15218622982501984","0.2403616706530253","0.21886631846427917","0.2801959812641144","0.2676132172346115","0.2626904845237732","0.27489277720451355"
"1530","0.14878716319799423","0.14443573355674744","0.15203048288822174","0.14315547794103622","0.13655340671539307","0.1495703160762787","0.1486975960433483","0.14401927590370178","0.1524936705827713","0.2502482533454895","0.23156622052192688","0.2870834767818451","0.2728310599923134","0.27010345458984375","0.27809759974479675"
"1531","0.14933893457055092","0.14039839804172516","0.16311118006706238","0.14289025962352753","0.13515549898147583","0.1504964381456375","0.1497265361249447","0.1404404491186142","0.16360726952552795","0.25320296982924145","0.21609078347682953","0.31196674704551697","0.26854637265205383","0.25730597972869873","0.2841004729270935"
"1532","0.13931206986308098","0.13036416471004486","0.14754873514175415","0.134379331022501","0.12609925866127014","0.14733928442001343","0.13920429721474648","0.13018769025802612","0.14782871305942535","0.2403306613365809","0.22341881692409515","0.2718358635902405","0.2637682929635048","0.2551983892917633","0.2687338590621948"
"1533","0.13779042661190033","0.12886111438274384","0.14889474213123322","0.13324448466300964","0.12621596455574036","0.14193007349967957","0.13821034505963326","0.12922197580337524","0.14916278421878815","0.24024578432242075","0.21084710955619812","0.2881286144256592","0.2589958682656288","0.2498246133327484","0.2687980532646179"
"1534","0.14469847083091736","0.1369636505842209","0.1492455005645752","0.14006317779421806","0.13035555183887482","0.14838722348213196","0.14524447172880173","0.1368730515241623","0.15007054805755615","0.254643718401591","0.23346877098083496","0.2967967391014099","0.27310241758823395","0.26014116406440735","0.28064215183258057"
"1535","0.1491234451532364","0.1376492828130722","0.1684608906507492","0.14302122965455055","0.12759804725646973","0.15812340378761292","0.14963575080037117","0.13914474844932556","0.1682746559381485","0.252718061208725","0.22276568412780762","0.281995952129364","0.27297695726156235","0.26485776901245117","0.29478323459625244"
"1536","0.146982841193676","0.14279665052890778","0.15812620520591736","0.14184758439660072","0.13550427556037903","0.15210023522377014","0.14716437086462975","0.14278577268123627","0.1580805480480194","0.2558864653110504","0.22789397835731506","0.29205089807510376","0.27119556069374084","0.2646804451942444","0.28404176235198975"
"1537","0.15164148062467575","0.14839601516723633","0.15397800505161285","0.14609981328248978","0.14429832994937897","0.14755487442016602","0.15185946226119995","0.14837807416915894","0.15465927124023438","0.2476865897576014","0.2237299233675003","0.28524094820022583","0.27205514162778854","0.266798734664917","0.2768503427505493"
"1538","0.14245427027344704","0.1316068470478058","0.15286797285079956","0.13900797441601753","0.12752416729927063","0.14634017646312714","0.14302724227309227","0.1332637071609497","0.15316399931907654","0.2388192613919576","0.21903517842292786","0.2721266746520996","0.2618733197450638","0.25225597620010376","0.2743689715862274"
"1539","0.14465118199586868","0.1345452219247818","0.15366889536380768","0.1423925645649433","0.13307523727416992","0.14770670235157013","0.14501626417040825","0.13500598073005676","0.15398867428302765","0.2402283102273941","0.22637927532196045","0.2674543857574463","0.26624269038438797","0.2515880763530731","0.27601349353790283"
"1540","0.14807269349694252","0.13996219635009766","0.15584781765937805","0.14331192150712013","0.13386335968971252","0.14896756410598755","0.14832469448447227","0.14055123925209045","0.15535028278827667","0.24519495169321695","0.22783148288726807","0.2774254083633423","0.2702844366431236","0.26468896865844727","0.2737236022949219"
"1541","0.14211438223719597","0.13859312236309052","0.14717420935630798","0.13809965178370476","0.13305945694446564","0.14444097876548767","0.14243382588028908","0.1387656033039093","0.14776402711868286","0.24224608639876047","0.21629254519939423","0.2919340431690216","0.2628422752022743","0.25844264030456543","0.2710123360157013"
"1542","0.15180279687047005","0.14273680746555328","0.15968182682991028","0.1484455093741417","0.13640698790550232","0.1560550034046173","0.1517781801521778","0.14316189289093018","0.1603752225637436","0.24874423940976462","0.22342386841773987","0.28017932176589966","0.27468693256378174","0.2657421827316284","0.2874130606651306"
"1543","0.1493050530552864","0.14336252212524414","0.15452855825424194","0.14410756155848503","0.14058968424797058","0.1483526974916458","0.14915650710463524","0.14313988387584686","0.1544136106967926","0.2467303623755773","0.21741802990436554","0.2857195734977722","0.2707480564713478","0.26391154527664185","0.28045427799224854"
"1544","0.14505504816770554","0.1401636302471161","0.14937154948711395","0.1401793472468853","0.13757237792015076","0.1431879997253418","0.14538393542170525","0.1407756805419922","0.14898069202899933","0.24297132094701132","0.2240864634513855","0.27883249521255493","0.274110771715641","0.270763635635376","0.2757332921028137"
"1545","0.1468871720135212","0.13878127932548523","0.15873615443706512","0.14201132208108902","0.13423028588294983","0.15856140851974487","0.14662053436040878","0.1381186693906784","0.15902182459831238","0.2454645186662674","0.22424905002117157","0.28079143166542053","0.26726096123456955","0.26248201727867126","0.2760345935821533"
"1546","0.1455843411386013","0.1408698707818985","0.1482103168964386","0.14126218855381012","0.13593117892742157","0.14703702926635742","0.1457233428955078","0.14087431132793427","0.14881420135498047","0.24406796197096506","0.2278503030538559","0.27602529525756836","0.26468130201101303","0.2603527009487152","0.2695845067501068"
"1547","0.14706791192293167","0.13876448571681976","0.15333318710327148","0.1427059769630432","0.13578450679779053","0.14558129012584686","0.1471111811697483","0.13865777850151062","0.1531449407339096","0.24447856843471527","0.2251550555229187","0.2828410863876343","0.2733040452003479","0.265854150056839","0.28086769580841064"
"1548","0.14440162479877472","0.13394397497177124","0.15599828958511353","0.14036307111382484","0.12945038080215454","0.14992524683475494","0.1450440250337124","0.13418343663215637","0.15675123035907745","0.24579758942127228","0.21802392601966858","0.2863432765007019","0.2647332325577736","0.2507925033569336","0.27528703212738037"
"1549","0.14247996732592583","0.12879309058189392","0.14978128671646118","0.13836081512272358","0.12288682907819748","0.1506733000278473","0.14271413534879684","0.1288977563381195","0.1501999795436859","0.24880136052767435","0.22522516548633575","0.2927042543888092","0.26725006848573685","0.25311416387557983","0.27703675627708435"
"1550","0.14266099408268929","0.13924340903759003","0.1463596075773239","0.13845912367105484","0.13354600965976715","0.1465321183204651","0.14314133301377296","0.13995741307735443","0.1460759937763214","0.2453146974245707","0.22092792391777039","0.28883931040763855","0.2656855955719948","0.26367294788360596","0.26691654324531555"
"1551","0.1462296061217785","0.14219209551811218","0.1542838215827942","0.1398141197860241","0.13334953784942627","0.14612026512622833","0.1466253623366356","0.1427357941865921","0.1544392704963684","0.24748165408770242","0.22153612971305847","0.2952127754688263","0.27105721831321716","0.26564821600914","0.27793213725090027"
"1552","0.14613356813788414","0.14095136523246765","0.15293774008750916","0.14017175883054733","0.13365593552589417","0.14717625081539154","0.14622625336050987","0.14065945148468018","0.15332649648189545","0.2480218211809794","0.2332756519317627","0.27140679955482483","0.266953743994236","0.25906240940093994","0.2809048891067505"
"1554","0.14451442286372185","0.13589969277381897","0.1570398509502411","0.13981156423687935","0.12738434970378876","0.14890892803668976","0.14503179118037224","0.13793112337589264","0.1565321385860443","0.2422588219245275","0.2168569564819336","0.26844915747642517","0.25774773582816124","0.24608053267002106","0.2755255401134491"
"1555","0.1420826092362404","0.1384347379207611","0.1462247669696808","0.13630471378564835","0.13199582695960999","0.14535465836524963","0.14192889258265495","0.13770301640033722","0.14578336477279663","0.2447903205951055","0.22361506521701813","0.2797319293022156","0.269145168364048","0.2667370140552521","0.27461373805999756"
"1556","0.14400861039757729","0.13666409254074097","0.15104904770851135","0.13851676136255264","0.12819629907608032","0.14866876602172852","0.1442280076444149","0.13619813323020935","0.15113544464111328","0.24537738660971323","0.22893789410591125","0.2756533622741699","0.26999594271183014","0.26028966903686523","0.2784806489944458"
"1557","0.14652343839406967","0.14512914419174194","0.14760275185108185","0.14196206629276276","0.1370116025209427","0.1490291953086853","0.1472836546599865","0.1461760252714157","0.14853022992610931","0.24413999418417612","0.2262992411851883","0.2777498662471771","0.2627655491232872","0.25803595781326294","0.2683795988559723"
"1558","0.14436525106430054","0.1305585503578186","0.15296119451522827","0.13900303095579147","0.12433327734470367","0.14723774790763855","0.14429083839058876","0.13145753741264343","0.151864692568779","0.24396503468354544","0.2246282398700714","0.27052053809165955","0.27592847496271133","0.26083752512931824","0.28740328550338745"
"1559","0.15829427167773247","0.1521725058555603","0.16589535772800446","0.1536383405327797","0.1459933966398239","0.16075895726680756","0.15840933099389076","0.15243689715862274","0.16599810123443604","0.26073477665583294","0.24573612213134766","0.2854387164115906","0.28797002136707306","0.2803281545639038","0.295684278011322"
"1560","0.14387600868940353","0.142593652009964","0.14546537399291992","0.1372130922973156","0.1336965560913086","0.1437646746635437","0.14360269904136658","0.142051100730896","0.14579667150974274","0.2421578268210093","0.22000445425510406","0.2828373312950134","0.26373646408319473","0.26213333010673523","0.2644595801830292"
"1561","0.15193147957324982","0.144636332988739","0.1601635217666626","0.1460280939936638","0.13767962157726288","0.15311527252197266","0.1526254154741764","0.14675408601760864","0.1602640002965927","0.24410914381345114","0.22809341549873352","0.27497437596321106","0.2838515192270279","0.26349014043807983","0.33024460077285767"
"1562","0.1497274413704872","0.14301249384880066","0.15863648056983948","0.14524459093809128","0.13496080040931702","0.15916861593723297","0.14943749085068703","0.14270421862602234","0.1585267037153244","0.24504400789737701","0.22327007353305817","0.2703022360801697","0.271676629781723","0.2652294933795929","0.2812332510948181"
"1563","0.150548554956913","0.14429369568824768","0.15310046076774597","0.14543954655528069","0.13813577592372894","0.15279020369052887","0.15044285729527473","0.14536342024803162","0.15358993411064148","0.24545303483804068","0.22493043541908264","0.28168684244155884","0.27226152271032333","0.2702990472316742","0.2746706008911133"
"1564","0.14258387684822083","0.13733427226543427","0.15008436143398285","0.13854802399873734","0.1286887526512146","0.15049374103546143","0.14305217191576958","0.13947232067584991","0.14957384765148163","0.2442538539568583","0.22671952843666077","0.27646785974502563","0.2671791911125183","0.2616058886051178","0.27395859360694885"
"1565","0.14970694854855537","0.1393781155347824","0.15648922324180603","0.14422831311821938","0.13877052068710327","0.14859694242477417","0.1495622768998146","0.1401709020137787","0.15680132806301117","0.24720987677574158","0.21911302208900452","0.285489022731781","0.27579986304044724","0.2687273919582367","0.28381603956222534"
"1566","0.14538616314530373","0.1405266374349594","0.14822910726070404","0.14052454754710197","0.13251836597919464","0.14363637566566467","0.1453041434288025","0.139815092086792","0.14863321185112","0.25022298097610474","0.2245400846004486","0.2968013286590576","0.27311886101961136","0.2646999955177307","0.28072503209114075"
"1567","0.14612752571702003","0.13912060856819153","0.15709011256694794","0.14314870163798332","0.1343572735786438","0.15194866061210632","0.14584511891007423","0.138790562748909","0.15570002794265747","0.24899372458457947","0.21702413260936737","0.2995224595069885","0.26763565093278885","0.259968638420105","0.27607262134552"
"1568","0.14571183174848557","0.13939353823661804","0.15412002801895142","0.14047424867749214","0.1358507126569748","0.14694911241531372","0.14561563357710838","0.13940858840942383","0.15389347076416016","0.24647329250971475","0.21836164593696594","0.28214365243911743","0.2696467414498329","0.2604832053184509","0.28091496229171753"
"1569","0.15084942057728767","0.14286164939403534","0.1569794863462448","0.14449140802025795","0.1353478729724884","0.1481974869966507","0.15033650025725365","0.1405678242444992","0.15692517161369324","0.24969908595085144","0.23268046975135803","0.2798846960067749","0.2729177102446556","0.26480668783187866","0.2782503366470337"
"1570","0.1524132527410984","0.1358848512172699","0.1697588860988617","0.14874299615621567","0.13016314804553986","0.16204437613487244","0.1528676636517048","0.1371060609817505","0.16983486711978912","0.2573181788126628","0.24272531270980835","0.278387188911438","0.28392983227968216","0.2746266722679138","0.2987559735774994"
"1571","0.14735475927591324","0.14193397760391235","0.15799100697040558","0.14288373291492462","0.13686279952526093","0.1525864452123642","0.14792418852448463","0.14238670468330383","0.15859505534172058","0.24730128546555838","0.2140110582113266","0.28910982608795166","0.26687075197696686","0.255918025970459","0.2816275358200073"
"1572","0.14781702309846878","0.14372578263282776","0.15362970530986786","0.1422749124467373","0.13457632064819336","0.14807316660881042","0.14729217812418938","0.14311042428016663","0.15361198782920837","0.24729345242182413","0.2314840853214264","0.2723988890647888","0.2751438692212105","0.2674364447593689","0.2856118381023407"
"1573","0.14845505356788635","0.1320420205593109","0.15990717709064484","0.14436081424355507","0.1348254382610321","0.1556248962879181","0.14770976081490517","0.13243496417999268","0.1602458953857422","0.2443301926056544","0.21321959793567657","0.27782827615737915","0.26890038698911667","0.2503679096698761","0.2816828191280365"
"1574","0.1485942229628563","0.1415608823299408","0.15783199667930603","0.14454343542456627","0.13695815205574036","0.15348654985427856","0.14864002168178558","0.14015576243400574","0.15772515535354614","0.25089792410532635","0.2283773273229599","0.28469038009643555","0.27605076134204865","0.2654830813407898","0.28500959277153015"
"1575","0.15266750752925873","0.14714699983596802","0.16179798543453217","0.1469866782426834","0.14020884037017822","0.15510766208171844","0.1534336619079113","0.14676526188850403","0.1655566692352295","0.25598164399464923","0.22333788871765137","0.316963255405426","0.2722991779446602","0.2599696218967438","0.2870634198188782"
"1576","0.13938288763165474","0.12597127258777618","0.1577809602022171","0.1347292810678482","0.11882084608078003","0.15210692584514618","0.13942618668079376","0.1259172558784485","0.1579311192035675","0.23062544067700705","0.2116420865058899","0.2597086429595947","0.2668343335390091","0.2516891658306122","0.28931230306625366"
"1577","0.15383564680814743","0.14974483847618103","0.1618431955575943","0.14917369559407234","0.14452585577964783","0.15518218278884888","0.15406839177012444","0.15054821968078613","0.16139303147792816","0.2521076947450638","0.22763767838478088","0.2866100072860718","0.27286603301763535","0.26859354972839355","0.28242212533950806"
"1578","0.1501886323094368","0.1417044848203659","0.1595975011587143","0.14445283263921738","0.13696333765983582","0.15121684968471527","0.15052729472517967","0.14139698445796967","0.15949180722236633","0.24334975083669028","0.21832208335399628","0.27750641107559204","0.2715543508529663","0.26068350672721863","0.2861204147338867"
"1579","0.15069106593728065","0.1477365791797638","0.15476131439208984","0.14579133316874504","0.14113497734069824","0.15038511157035828","0.15099488571286201","0.1478385329246521","0.15401394665241241","0.25341541071732837","0.23544074594974518","0.2781047224998474","0.2781388536095619","0.27256280183792114","0.2874804735183716"
"1580","0.14441316202282906","0.13953761756420135","0.15626969933509827","0.13882878795266151","0.13071268796920776","0.14968180656433105","0.14507142826914787","0.1398962140083313","0.15651439130306244","0.2502714345852534","0.22090350091457367","0.2820734679698944","0.27426987886428833","0.2643916606903076","0.29560941457748413"
"1581","0.13893740251660347","0.13379113376140594","0.14730481803417206","0.13520637527108192","0.12875483930110931","0.1418885588645935","0.13955150544643402","0.13376307487487793","0.14903253316879272","0.24453404545783997","0.2111642062664032","0.2932637631893158","0.27428050339221954","0.2603219151496887","0.2853896915912628"
"1582","0.14789501950144768","0.14230561256408691","0.1532755047082901","0.14320608228445053","0.1389043927192688","0.14518073201179504","0.1477421298623085","0.1425686478614807","0.15219542384147644","0.24786085883776346","0.21766196191310883","0.2899046838283539","0.28107504546642303","0.2645963132381439","0.30435311794281006"
"1583","0.14644847810268402","0.1362219601869583","0.1540236622095108","0.14147530123591423","0.13648054003715515","0.14664919674396515","0.14612329751253128","0.13664327561855316","0.1522475630044937","0.2458465943733851","0.21719741821289062","0.2908325791358948","0.26830288022756577","0.2624691128730774","0.27683132886886597"
"1584","0.14283602684736252","0.13661614060401917","0.14675438404083252","0.13806705176830292","0.13068744540214539","0.14627400040626526","0.14263688027858734","0.1367245763540268","0.14752043783664703","0.2461013694604238","0.22972014546394348","0.2775035500526428","0.2773631885647774","0.2716766595840454","0.2838282883167267"
"1585","0.14864423125982285","0.13992296159267426","0.1603519171476364","0.14458562806248665","0.1336067020893097","0.1554786115884781","0.14874731749296188","0.13877613842487335","0.16066236793994904","0.24374257028102875","0.2228001058101654","0.27361977100372314","0.274760439991951","0.2677493989467621","0.28286129236221313"
"1586","0.14616482704877853","0.13372834026813507","0.15747679769992828","0.1409633904695511","0.12850531935691833","0.15226081013679504","0.1463252678513527","0.1338849663734436","0.15842244029045105","0.2412925511598587","0.22334206104278564","0.2701486349105835","0.27228015661239624","0.26067793369293213","0.285942018032074"
"1587","0.1484481729567051","0.14014750719070435","0.15987128019332886","0.14367466047406197","0.13422685861587524","0.15257501602172852","0.14849470928311348","0.13975533843040466","0.15992997586727142","0.2463815063238144","0.22890815138816833","0.27262943983078003","0.2647413909435272","0.2539446949958801","0.2756263017654419"
"1588","0.1458643488585949","0.1409812867641449","0.1502230018377304","0.14219936355948448","0.13543397188186646","0.1450888216495514","0.14635015279054642","0.1409614086151123","0.15186309814453125","0.23818930983543396","0.2151593565940857","0.2806091606616974","0.263876311480999","0.25907641649246216","0.27263715863227844"
"1589","0.14601151272654533","0.13722147047519684","0.16686515510082245","0.14119166135787964","0.1302344799041748","0.16617152094841003","0.14659379422664642","0.13714858889579773","0.16725260019302368","0.2453186015288035","0.21964821219444275","0.26786959171295166","0.2733863294124603","0.26123955845832825","0.2946903109550476"
"1590","0.1404680646955967","0.13759490847587585","0.14488257467746735","0.1350708305835724","0.13223762810230255","0.13823248445987701","0.1411844827234745","0.13865816593170166","0.14454616606235504","0.23820618291695914","0.21719980239868164","0.2789069414138794","0.25750529021024704","0.2546434998512268","0.2624281048774719"
"1591","0.14761711657047272","0.13434168696403503","0.1574266254901886","0.14244425296783447","0.13397201895713806","0.1532769501209259","0.14761196449398994","0.13527143001556396","0.15845422446727753","0.24623642365137735","0.21081072092056274","0.29310011863708496","0.26706089079380035","0.2536989748477936","0.2796657383441925"
"1592","0.14474517107009888","0.13156884908676147","0.15198566019535065","0.14073804765939713","0.12652058899402618","0.15191836655139923","0.14494576305150986","0.132656529545784","0.1518634855747223","0.24004760881265005","0.2275998890399933","0.2616475820541382","0.2648965120315552","0.2501664161682129","0.27716702222824097"
"1593","0.1433453932404518","0.13468648493289948","0.1542753279209137","0.13884824514389038","0.12794160842895508","0.14896327257156372","0.14358794689178467","0.13552170991897583","0.154052272439003","0.23860101401805878","0.21531455218791962","0.2651047110557556","0.2665042281150818","0.2518625855445862","0.2772369384765625"
"1594","0.15093394741415977","0.14780673384666443","0.15853838622570038","0.14712296053767204","0.14393870532512665","0.1510840356349945","0.15104291588068008","0.1475846767425537","0.15898644924163818","0.2497572104136149","0.22284139692783356","0.29715973138809204","0.2769709825515747","0.2710511386394501","0.28472986817359924"
"1595","0.1423531398177147","0.1374695599079132","0.1470847874879837","0.138620737940073","0.13557341694831848","0.13993705809116364","0.1427619718015194","0.13754838705062866","0.14799124002456665","0.23899286488691965","0.21430346369743347","0.2767229676246643","0.26262686401605606","0.2555199861526489","0.2657114267349243"
"1596","0.13569266721606255","0.12606486678123474","0.148227259516716","0.13142375275492668","0.11976723372936249","0.14198452234268188","0.1359444595873356","0.12701644003391266","0.1484190970659256","0.22640033066272736","0.20790086686611176","0.2577245533466339","0.24526312574744225","0.2314954549074173","0.2588884234428406"
"1597","0.1419660523533821","0.12964239716529846","0.15048344433307648","0.13692936673760414","0.12081511318683624","0.14835964143276215","0.14171623438596725","0.12935172021389008","0.15055343508720398","0.23887597024440765","0.21788892149925232","0.27273428440093994","0.2601817473769188","0.2464115023612976","0.2696414589881897"
"1598","0.15318145975470543","0.14702336490154266","0.1647738665342331","0.14930139482021332","0.14018166065216064","0.16032102704048157","0.15227774903178215","0.14728456735610962","0.1608702838420868","0.25356615086396533","0.2269725650548935","0.29990389943122864","0.2757224217057228","0.2655065655708313","0.2864542007446289"
"1599","0.14613768830895424","0.13832055032253265","0.15523304045200348","0.1423829421401024","0.13572624325752258","0.15396848320960999","0.14673494920134544","0.13939285278320312","0.15660713613033295","0.24588281412919363","0.232582226395607","0.27030321955680847","0.2858848050236702","0.2696722447872162","0.31926557421684265"
"1600","0.14758016169071198","0.13854753971099854","0.1541505753993988","0.14329015091061592","0.13237449526786804","0.1482582539319992","0.14751846343278885","0.1381717324256897","0.15379798412322998","0.23915411035219827","0.2211412489414215","0.26848822832107544","0.2634506821632385","0.2503568232059479","0.2743009030818939"
"1601","0.14563662558794022","0.13171258568763733","0.16013023257255554","0.1417284570634365","0.12797798216342926","0.15428879857063293","0.14567117393016815","0.13238057494163513","0.16041475534439087","0.23833028972148895","0.21636606752872467","0.2817732095718384","0.2686254531145096","0.25513964891433716","0.2884750962257385"
"1602","0.13900268450379372","0.1300373375415802","0.14984357357025146","0.1363026350736618","0.12674406170845032","0.14311879873275757","0.13939201086759567","0.13080020248889923","0.15010878443717957","0.23821856081485748","0.2097119390964508","0.2864788770675659","0.2725396603345871","0.26113051176071167","0.28460848331451416"
"1603","0.14606169238686562","0.14314979314804077","0.14916668832302094","0.14216335117816925","0.1384635716676712","0.1495266854763031","0.146326944231987","0.14415889978408813","0.14942368865013123","0.2462038646141688","0.22798879444599152","0.28154581785202026","0.2682921662926674","0.26591938734054565","0.27053284645080566"
"1604","0.14768308773636818","0.13527372479438782","0.1539609134197235","0.14312570542097092","0.13769981265068054","0.14781485497951508","0.14826718717813492","0.1364162564277649","0.1545364260673523","0.24551989138126373","0.21352680027484894","0.2896801233291626","0.28041116893291473","0.26590144634246826","0.2874949276447296"
"1605","0.1469462513923645","0.14031603932380676","0.1544647216796875","0.14177102595567703","0.1397537887096405","0.14524926245212555","0.14704495668411255","0.1409129500389099","0.15384706854820251","0.2419897516568502","0.2143763303756714","0.2828361392021179","0.2649599388241768","0.25502127408981323","0.2733815908432007"
"1606","0.13872767984867096","0.12962719798088074","0.1435060203075409","0.13535642810165882","0.12373331934213638","0.1411638706922531","0.13897576183080673","0.13046056032180786","0.14383231103420258","0.23790457844734192","0.22559678554534912","0.25743505358695984","0.26788394153118134","0.25383496284484863","0.273349404335022"
"1607","0.15376589074730873","0.1453903615474701","0.16844448447227478","0.15019118785858154","0.13945123553276062","0.16870692372322083","0.15469417721033096","0.14758919179439545","0.169292151927948","0.2604847848415375","0.23688271641731262","0.2865280508995056","0.28570567071437836","0.27498048543930054","0.30892372131347656"
"1608","0.14338254556059837","0.1345113217830658","0.1520644873380661","0.13912509009242058","0.12796379625797272","0.15088185667991638","0.14386414736509323","0.13478460907936096","0.15233662724494934","0.2402400424083074","0.2162853628396988","0.2748728096485138","0.26114386320114136","0.2532120943069458","0.2689284682273865"
"1609","0.149251077324152","0.13597171008586884","0.15823590755462646","0.14487562701106071","0.13825766742229462","0.15219862759113312","0.14927372708916664","0.13601261377334595","0.15866471827030182","0.2464776337146759","0.21570271253585815","0.28391125798225403","0.2701459527015686","0.2562979757785797","0.2800787687301636"
"1610","0.1483364813029766","0.1450718194246292","0.1501094400882721","0.14367232099175453","0.13794884085655212","0.15089009702205658","0.1485290601849556","0.14475327730178833","0.15054911375045776","0.24645133316516876","0.22718703746795654","0.28427180647850037","0.2656543329358101","0.26489022374153137","0.2667880654335022"
"1611","0.14474079385399818","0.1360897421836853","0.15462225675582886","0.14032939076423645","0.13106271624565125","0.1471678912639618","0.14456934854388237","0.13601258397102356","0.15406720340251923","0.24806328117847443","0.22131994366645813","0.29544952511787415","0.26595278829336166","0.25492560863494873","0.27615073323249817"
"1612","0.1402152106165886","0.12551847100257874","0.14707908034324646","0.13636675477027893","0.12173916399478912","0.14639176428318024","0.14033392444252968","0.12540355324745178","0.14673355221748352","0.23521745204925537","0.20714113116264343","0.2764025926589966","0.2645585387945175","0.2520672678947449","0.2704308032989502"
"1613","0.15031982213258743","0.13979674875736237","0.15990817546844482","0.14566438645124435","0.13681142032146454","0.15384075045585632","0.15088925510644913","0.1399436891078949","0.16220739483833313","0.25204689304033917","0.21163249015808105","0.305793821811676","0.26920393109321594","0.256665974855423","0.27954208850860596"
"1614","0.14916269853711128","0.14601078629493713","0.15408454835414886","0.14587551727890968","0.1398458480834961","0.1496758610010147","0.1492612548172474","0.14606961607933044","0.15417355298995972","0.2444175978501638","0.22835564613342285","0.27418825030326843","0.27545513957738876","0.27464452385902405","0.2764160931110382"
"1615","0.14423658326268196","0.13724397122859955","0.15825937688350677","0.14056574553251266","0.13178357481956482","0.15226945281028748","0.14480390399694443","0.13736826181411743","0.15803340077400208","0.23947671055793762","0.21890413761138916","0.27847492694854736","0.264597125351429","0.2576883137226105","0.27860233187675476"
"1616","0.1467546783387661","0.14148683845996857","0.15366601943969727","0.14365682378411293","0.13771101832389832","0.14673659205436707","0.14730339497327805","0.1422816962003708","0.1538085639476776","0.24187003572781882","0.22484353184700012","0.2744753360748291","0.26801519095897675","0.2606894373893738","0.27550387382507324"
"1617","0.14678003638982773","0.13686735928058624","0.15318042039871216","0.1428881399333477","0.13772478699684143","0.15008580684661865","0.14731959253549576","0.13751275837421417","0.15332120656967163","0.24204195539156595","0.21092355251312256","0.274386465549469","0.2707320973277092","0.25602230429649353","0.2882504463195801"
"1618","0.14402081444859505","0.13718602061271667","0.15182621777057648","0.14022118225693703","0.13383904099464417","0.1460133045911789","0.14437588304281235","0.13786552846431732","0.15134316682815552","0.24204320212205252","0.21476706862449646","0.28388744592666626","0.2669803872704506","0.2623145580291748","0.2694252133369446"
"1619","0.14014671370387077","0.13670030236244202","0.14350131154060364","0.13618429750204086","0.13332495093345642","0.13873045146465302","0.1397032029926777","0.13714221119880676","0.14355593919754028","0.2388821542263031","0.21730990707874298","0.28137338161468506","0.2629261538386345","0.2596711814403534","0.2649077773094177"
"1620","0.14524978026747704","0.13989003002643585","0.15143071115016937","0.13971519842743874","0.13210687041282654","0.14525888860225677","0.1449386477470398","0.13919532299041748","0.15093372762203217","0.24091926713784537","0.2138875275850296","0.29134196043014526","0.2629811391234398","0.25002846121788025","0.2825736999511719"
"1621","0.147591732442379","0.14607031643390656","0.15002429485321045","0.14335442706942558","0.13990892469882965","0.14485949277877808","0.1480657383799553","0.14600907266139984","0.15090817213058472","0.2472509741783142","0.2338501513004303","0.2733314633369446","0.2769131287932396","0.2743116617202759","0.2787496745586395"
"1622","0.13933369517326355","0.13263744115829468","0.14342378079891205","0.13455988466739655","0.1286013126373291","0.13724225759506226","0.1397363319993019","0.13290362060070038","0.14434561133384705","0.23708749810854593","0.21100609004497528","0.2747787833213806","0.25401806831359863","0.24298804998397827","0.2653051018714905"
"1623","0.14660464599728584","0.13841769099235535","0.1568678319454193","0.14241139590740204","0.1323646903038025","0.15156936645507812","0.14663561806082726","0.13862107694149017","0.15636715292930603","0.23923060297966003","0.22116632759571075","0.2728886902332306","0.26340363919734955","0.25716227293014526","0.27262747287750244"
"1624","0.1415214091539383","0.13853052258491516","0.1465979814529419","0.1375475749373436","0.13231521844863892","0.1415175348520279","0.1409299261868","0.13843917846679688","0.1446133255958557","0.23605226476987204","0.209051251411438","0.28092291951179504","0.25717978179454803","0.2500697672367096","0.26284921169281006"
"1625","0.1449384167790413","0.1412903368473053","0.1481052041053772","0.14068926870822906","0.1348980963230133","0.1495678424835205","0.14468764886260033","0.14060699939727783","0.1481962352991104","0.23906082411607107","0.21977679431438446","0.27188339829444885","0.2640454098582268","0.25588130950927734","0.2716889977455139"
"1626","0.15066123008728027","0.14321979880332947","0.1658574938774109","0.14638643711805344","0.13682711124420166","0.15766458213329315","0.15056033432483673","0.1426352560520172","0.1654994636774063","0.25628221531709033","0.23123107850551605","0.28206735849380493","0.2708081305027008","0.2580881118774414","0.2941640019416809"
"1627","0.14844289422035217","0.13798341155052185","0.15931391716003418","0.14472544193267822","0.13513118028640747","0.15271958708763123","0.14858684316277504","0.1379048079252243","0.15862518548965454","0.24473431706428528","0.21988531947135925","0.28809452056884766","0.2656370848417282","0.25922921299934387","0.2764260470867157"
"1628","0.14421332627534866","0.13800638914108276","0.15193045139312744","0.1405652053654194","0.13732464611530304","0.1451738178730011","0.1444038785994053","0.13863740861415863","0.1511695683002472","0.23817854126294455","0.21583867073059082","0.27854153513908386","0.26203788816928864","0.2570374310016632","0.2680246829986572"
"1629","0.14350007474422455","0.13942426443099976","0.147408127784729","0.13950948044657707","0.13746902346611023","0.1411375105381012","0.14360374584794044","0.13923238217830658","0.14749972522258759","0.23751515646775564","0.21932613849639893","0.2703022360801697","0.26820600777864456","0.26468169689178467","0.2734139561653137"
"1630","0.14625504612922668","0.1449507474899292","0.14751330018043518","0.14184796810150146","0.13768312335014343","0.14690342545509338","0.14636682346463203","0.1454285830259323","0.1477431356906891","0.24497462809085846","0.21478593349456787","0.2882668375968933","0.2620645835995674","0.25524836778640747","0.26897743344306946"
"1631","0.1486327350139618","0.1444571167230606","0.15823715925216675","0.14425210282206535","0.13958382606506348","0.1527414172887802","0.14922808483242989","0.14398694038391113","0.15859244763851166","0.24792151153087616","0.22303983569145203","0.2967224419116974","0.2714349702000618","0.2621815502643585","0.2863081097602844"
"1632","0.14668281748890877","0.14038705825805664","0.15170462429523468","0.1425173357129097","0.13555589318275452","0.14850446581840515","0.14702918753027916","0.14092811942100525","0.15181110799312592","0.24719715118408203","0.22550800442695618","0.2812371850013733","0.26292532682418823","0.2546430230140686","0.27113670110702515"
"1633","0.15387510508298874","0.1478114128112793","0.16235460340976715","0.14880605041980743","0.14250679314136505","0.15522636473178864","0.15499835461378098","0.15078598260879517","0.16222026944160461","0.24881727496782938","0.2316422313451767","0.27848923206329346","0.28268996626138687","0.27605244517326355","0.2950247526168823"
"1634","0.1418124958872795","0.13261377811431885","0.15386684238910675","0.13820356875658035","0.12736766040325165","0.1472538709640503","0.14164410158991814","0.1321311742067337","0.15388724207878113","0.2381206601858139","0.2107822597026825","0.28007662296295166","0.2691037356853485","0.2582985460758209","0.2833278775215149"
"1635","0.14934468641877174","0.14138008654117584","0.1586473137140274","0.14519330486655235","0.14193695783615112","0.15191251039505005","0.14920398965477943","0.14182396233081818","0.15706351399421692","0.25534090399742126","0.22018009424209595","0.2815746068954468","0.2873865142464638","0.26790881156921387","0.3326870799064636"
"1636","0.1470087692141533","0.14065217971801758","0.15292513370513916","0.14238784089684486","0.13852176070213318","0.1482488363981247","0.14684158563613892","0.14117726683616638","0.15169227123260498","0.24971752862135568","0.22249077260494232","0.297122985124588","0.2675076127052307","0.2609429359436035","0.2760932445526123"
"1637","0.1419927403330803","0.12744417786598206","0.15271249413490295","0.13755358196794987","0.12123418599367142","0.14703580737113953","0.1424781084060669","0.12769556045532227","0.15348443388938904","0.23604283233483633","0.2092893123626709","0.28315308690071106","0.26214053481817245","0.25220152735710144","0.27085793018341064"
"1638","0.15024704858660698","0.14746181666851044","0.15532082319259644","0.14729495346546173","0.14254409074783325","0.1587325930595398","0.15062358230352402","0.14792035520076752","0.15563812851905823","0.24667229255040488","0.224507138133049","0.284028023481369","0.2684546858072281","0.26566192507743835","0.27321749925613403"
"1639","0.14612407982349396","0.13930431008338928","0.1506008505821228","0.14364592730998993","0.1355132907629013","0.15518558025360107","0.14610743150115013","0.13934990763664246","0.1511097252368927","0.24801083405812582","0.22462168335914612","0.28704947233200073","0.2690197080373764","0.26177120208740234","0.2757057547569275"
"1640","0.1457972191274166","0.13422606885433197","0.15708911418914795","0.14182183519005775","0.12969040870666504","0.15112990140914917","0.14622937887907028","0.13419806957244873","0.15785518288612366","0.24168727795283","0.21062977612018585","0.29820361733436584","0.25959302857518196","0.24459965527057648","0.2713314890861511"
"1641","0.14494765549898148","0.13615459203720093","0.15461847186088562","0.14129432290792465","0.1271139532327652","0.1511130928993225","0.14565616473555565","0.13754162192344666","0.15502262115478516","0.24213973681131998","0.2257687747478485","0.2682803273200989","0.2638638988137245","0.2527569532394409","0.27611589431762695"
"1642","0.14041787758469582","0.12543679773807526","0.15169833600521088","0.13760143518447876","0.12373282015323639","0.14661794900894165","0.1405198685824871","0.12531116604804993","0.15238846838474274","0.24270138144493103","0.21249115467071533","0.28761017322540283","0.26265083253383636","0.2482818365097046","0.2747097611427307"
"1643","0.1414090320467949","0.1355503648519516","0.15082697570323944","0.13735130056738853","0.1322198361158371","0.14485788345336914","0.14183595776557922","0.13527321815490723","0.1524253487586975","0.24001869559288025","0.20510414242744446","0.2997920513153076","0.2551993317902088","0.23991967737674713","0.2736811637878418"
"1644","0.148898683488369","0.13348855078220367","0.16632843017578125","0.14537649601697922","0.129281148314476","0.15948627889156342","0.14948340877890587","0.13382911682128906","0.16661763191223145","0.23766382038593292","0.20405395328998566","0.2859448194503784","0.2621478736400604","0.24084118008613586","0.2861686646938324"
"1645","0.14770354330539703","0.1446514129638672","0.14993830025196075","0.14479853957891464","0.14260876178741455","0.14798319339752197","0.14945420622825623","0.1446545422077179","0.15204252302646637","0.2443374047676722","0.21927520632743835","0.2797397971153259","0.27737002074718475","0.2728230059146881","0.28135377168655396"
"1646","0.1466081626713276","0.1369990110397339","0.16396751999855042","0.1430031731724739","0.13293586671352386","0.1571950763463974","0.14697690680623055","0.13743603229522705","0.1643792986869812","0.2408184160788854","0.2120199203491211","0.29009366035461426","0.26926389336586","0.25268855690956116","0.2926587760448456"
"1647","0.14594687148928642","0.13952305912971497","0.15670789778232574","0.14315657317638397","0.13663329184055328","0.15252579748630524","0.14593425393104553","0.1392708718776703","0.1559237390756607","0.24580273032188416","0.21612794697284698","0.28827524185180664","0.26636016368865967","0.25924819707870483","0.27768194675445557"
"1648","0.14638759195804596","0.13682162761688232","0.161786288022995","0.143085315823555","0.13035979866981506","0.1638515293598175","0.14722691103816032","0.13642318546772003","0.16216358542442322","0.24840416014194489","0.21939212083816528","0.28567439317703247","0.2640916630625725","0.2506675720214844","0.27766352891921997"
"1649","0.14651895314455032","0.13987913727760315","0.1524951457977295","0.14192701876163483","0.13678467273712158","0.14864866435527802","0.1469181813299656","0.13923166692256927","0.15431949496269226","0.2497167189915975","0.21891018748283386","0.30037635564804077","0.26750439405441284","0.26011863350868225","0.27421584725379944"
"1650","0.14963794127106667","0.13745789229869843","0.1607760339975357","0.1454532966017723","0.13310931622982025","0.16152197122573853","0.14988414198160172","0.13793185353279114","0.16036270558834076","0.24607785046100616","0.21444499492645264","0.29009076952934265","0.270794078707695","0.2599707245826721","0.2818639874458313"
"1651","0.1471363939344883","0.14019347727298737","0.15133439004421234","0.14292966201901436","0.13660046458244324","0.14806967973709106","0.14801044762134552","0.1427476406097412","0.15140606462955475","0.24254229168097177","0.22505810856819153","0.27728766202926636","0.2695426270365715","0.2671872079372406","0.27473342418670654"
"1652","0.1478254422545433","0.14660091698169708","0.15078671276569366","0.14326661080121994","0.13948401808738708","0.1509793996810913","0.14834818243980408","0.14686164259910583","0.15081079304218292","0.24540200332800546","0.22059984505176544","0.28083139657974243","0.2708202227950096","0.26372230052948","0.2761816084384918"
"1653","0.14176662638783455","0.12987911701202393","0.1483646035194397","0.1382247358560562","0.12206505239009857","0.1490793228149414","0.14226000756025314","0.1304718405008316","0.14901021122932434","0.2370427797238032","0.22100266814231873","0.26391658186912537","0.26029543578624725","0.24393406510353088","0.26920363306999207"
"1654","0.14291025325655937","0.13040077686309814","0.15095926821231842","0.13777949288487434","0.13039641082286835","0.14397677779197693","0.14200104773044586","0.13028106093406677","0.1474536955356598","0.23788671692212424","0.2029888927936554","0.280329167842865","0.260784387588501","0.2491191327571869","0.26778876781463623"
"1655","0.14582615718245506","0.14022529125213623","0.1492345780134201","0.14096861705183983","0.13390560448169708","0.1442563533782959","0.14519355446100235","0.14060617983341217","0.1502741426229477","0.24195369084676108","0.21945461630821228","0.28289705514907837","0.2587140426039696","0.2530543804168701","0.26385796070098877"
"1656","0.1422431655228138","0.1356620043516159","0.1499786376953125","0.13921130821108818","0.13309554755687714","0.14747536182403564","0.1423613354563713","0.13508298993110657","0.15020015835762024","0.23747843503952026","0.20866674184799194","0.2769968807697296","0.25909435749053955","0.25054898858070374","0.27027469873428345"
"1657","0.1511586233973503","0.14524690806865692","0.1550215482711792","0.1477549821138382","0.14595378935337067","0.14928936958312988","0.15060782060027122","0.14616478979587555","0.15459537506103516","0.24798135459423065","0.22088013589382172","0.2925346791744232","0.2597334161400795","0.25232112407684326","0.26482725143432617"
"1658","0.1488199718296528","0.13718348741531372","0.16002103686332703","0.14422225952148438","0.13218015432357788","0.1555720865726471","0.14864816516637802","0.1376800239086151","0.15810522437095642","0.2509799251953761","0.22618593275547028","0.2979492247104645","0.27104663848876953","0.25747761130332947","0.2802499234676361"
"1659","0.14382567256689072","0.1415356993675232","0.14694081246852875","0.13988426700234413","0.1387014091014862","0.14174208045005798","0.14457829669117928","0.14207293093204498","0.14774158596992493","0.2388544281323751","0.21701458096504211","0.27383190393447876","0.26151034235954285","0.25885722041130066","0.2659726142883301"
"1660","0.14477022364735603","0.13929429650306702","0.1480364054441452","0.14060835167765617","0.13994085788726807","0.14151503145694733","0.14509624242782593","0.13867926597595215","0.14884863793849945","0.2402837723493576","0.20957419276237488","0.28742551803588867","0.2585899941623211","0.24863992631435394","0.26608914136886597"
"1661","0.1442529819905758","0.1394367665052414","0.14704366028308868","0.14107516407966614","0.13948586583137512","0.14170432090759277","0.14458803087472916","0.14032864570617676","0.14635968208312988","0.2385304073492686","0.21907100081443787","0.27398526668548584","0.2583964392542839","0.2557450830936432","0.26235586404800415"
"1662","0.14909810200333595","0.14635035395622253","0.1514807641506195","0.14463716372847557","0.1441797912120819","0.1451299786567688","0.14924289286136627","0.14621302485466003","0.15118803083896637","0.2486798713604609","0.2258249670267105","0.2902449667453766","0.2746535390615463","0.27167564630508423","0.27715563774108887"
"1663","0.15226979181170464","0.1398037075996399","0.16336658596992493","0.14785029739141464","0.14130032062530518","0.1555139124393463","0.15257371962070465","0.14016170799732208","0.16356877982616425","0.24583826462427774","0.2141140252351761","0.27700111269950867","0.27563804388046265","0.25731921195983887","0.29005956649780273"
"1664","0.14607621729373932","0.14146174490451813","0.14947398006916046","0.1426486149430275","0.13836915791034698","0.14870953559875488","0.14692891016602516","0.14118152856826782","0.15083946287631989","0.2464047372341156","0.22169363498687744","0.29536953568458557","0.2720671072602272","0.26582038402557373","0.2845813035964966"
"1665","0.14659762755036354","0.13332851231098175","0.1553841382265091","0.14204933494329453","0.12793970108032227","0.14953036606311798","0.14681873470544815","0.13393861055374146","0.1556156873703003","0.23954695463180542","0.22123947739601135","0.26663583517074585","0.27650098502635956","0.25089818239212036","0.3130388855934143"
"1666","0.1366305761039257","0.12900611758232117","0.1435232311487198","0.1324298270046711","0.12696963548660278","0.13640505075454712","0.13718000054359436","0.12956276535987854","0.1434505134820938","0.23000605404376984","0.20693142712116241","0.2751563787460327","0.25485658645629883","0.24414527416229248","0.26407894492149353"
"1667","0.14135998860001564","0.12849031388759613","0.1527470350265503","0.13848499953746796","0.12414580583572388","0.14985215663909912","0.14164838939905167","0.12990596890449524","0.153066486120224","0.24481562276681265","0.2221895009279251","0.27094170451164246","0.26630013436079025","0.24352622032165527","0.2857855260372162"
"1668","0.14906013011932373","0.14635872840881348","0.15417024493217468","0.14509640261530876","0.13911554217338562","0.15195202827453613","0.14996519312262535","0.14705923199653625","0.15474605560302734","0.24428287148475647","0.22276940941810608","0.2851770222187042","0.2688734903931618","0.264883816242218","0.27691933512687683"
"1669","0.15315766260027885","0.14194181561470032","0.1634468138217926","0.15051555633544922","0.14141584932804108","0.15953482687473297","0.15342600271105766","0.14258794486522675","0.1629812866449356","0.24797318875789642","0.22130966186523438","0.2761346697807312","0.27571769058704376","0.26239514350891113","0.2903413474559784"
"1670","0.14505043998360634","0.13259072601795197","0.15499190986156464","0.14081601798534393","0.12601593136787415","0.15047687292099","0.14500555396080017","0.13160303235054016","0.1549437940120697","0.23706104358037314","0.2187003195285797","0.2616446018218994","0.25941624864935875","0.24433095753192902","0.27153366804122925"
"1671","0.14544297754764557","0.1367175132036209","0.15545564889907837","0.14193625003099442","0.13218460977077484","0.15041609108448029","0.1453791745007038","0.13683563470840454","0.15597009658813477","0.2365961124499639","0.21136368811130524","0.2782779633998871","0.2519334815442562","0.24415573477745056","0.26427406072616577"
"1672","0.13641948252916336","0.12600383162498474","0.14781159162521362","0.1324449386447668","0.12019512802362442","0.14050409197807312","0.13633880391716957","0.12730516493320465","0.14680561423301697","0.23235891262690225","0.1990741640329361","0.28497064113616943","0.2556247003376484","0.24187730252742767","0.2643992602825165"
"1673","0.1402362734079361","0.13306890428066254","0.14469623565673828","0.13641615584492683","0.12881901860237122","0.1422511488199234","0.14045825973153114","0.1337495893239975","0.144095778465271","0.23435823122660318","0.20990115404129028","0.2791934013366699","0.253459669649601","0.24815639853477478","0.25940531492233276"
"1674","0.14418957382440567","0.137738436460495","0.1491852104663849","0.1407388262450695","0.1372583955526352","0.14574888348579407","0.14446640387177467","0.13830038905143738","0.14895114302635193","0.2407551407814026","0.21436560153961182","0.29225432872772217","0.2597411274909973","0.2539849281311035","0.26433128118515015"
"1675","0.14719612896442413","0.13738343119621277","0.15987437963485718","0.14295177906751633","0.13324131071567535","0.15232503414154053","0.14791124314069748","0.13908270001411438","0.16019192337989807","0.24126498897870383","0.2104547619819641","0.29450246691703796","0.26455526426434517","0.2494909018278122","0.28017282485961914"
"1676","0.14234349504113197","0.13507376611232758","0.15995125472545624","0.13948190584778786","0.1305254101753235","0.1548711359500885","0.1429099142551422","0.1360631138086319","0.1602735072374344","0.22625688711802164","0.20737692713737488","0.26302552223205566","0.2550513446331024","0.2460329532623291","0.27568984031677246"
"1677","0.15125448256731033","0.14866399765014648","0.15597814321517944","0.146241694688797","0.14264531433582306","0.1496281623840332","0.15133481100201607","0.14859984815120697","0.1557481288909912","0.24467891454696655","0.21836821734905243","0.28713852167129517","0.2665709927678108","0.2572591304779053","0.27493828535079956"
"1678","0.14353016763925552","0.14120638370513916","0.14607718586921692","0.13961409404873848","0.13456635177135468","0.1456502228975296","0.1441788375377655","0.14133358001708984","0.14758363366127014","0.23991688092549643","0.21596229076385498","0.2783809304237366","0.2607841342687607","0.2546149790287018","0.268466591835022"
"1679","0.14331989735364914","0.13996757566928864","0.14816763997077942","0.14055674523115158","0.13423968851566315","0.14344444870948792","0.1439550742506981","0.1404852271080017","0.14795143902301788","0.2361656775077184","0.21372093260288239","0.27766168117523193","0.26156260073184967","0.2573721706867218","0.26581674814224243"
"1680","0.14530394598841667","0.14128001034259796","0.15055549144744873","0.14062295481562614","0.1349031925201416","0.14955203235149384","0.14587266370654106","0.14120405912399292","0.1506451815366745","0.24187219142913818","0.2219768613576889","0.2791447043418884","0.2567717507481575","0.2540816366672516","0.25826171040534973"
"1681","0.1478307880461216","0.1427575647830963","0.15528860688209534","0.14372939988970757","0.13489004969596863","0.1568024754524231","0.14803830906748772","0.14236117899417877","0.1555798351764679","0.24685888489087424","0.21904173493385315","0.290871798992157","0.26470308750867844","0.26056578755378723","0.27276286482810974"
"1682","0.14858679473400116","0.14160147309303284","0.15512724220752716","0.14454061537981033","0.13588756322860718","0.14967212080955505","0.14838461205363274","0.1412462443113327","0.1551886647939682","0.24739311635494232","0.22685092687606812","0.28359782695770264","0.26354797184467316","0.2517213523387909","0.27234357595443726"
"1683","0.14045074582099915","0.12941662967205048","0.15178266167640686","0.13547207042574883","0.12850025296211243","0.14624691009521484","0.14051814004778862","0.12950590252876282","0.1509023904800415","0.23627862334251404","0.20628085732460022","0.2895147204399109","0.255207821726799","0.24145951867103577","0.26680606603622437"
"1684","0.1423671580851078","0.1267038732767105","0.15071439743041992","0.13906733319163322","0.12069028615951538","0.1493891030550003","0.14230655878782272","0.1264224648475647","0.15218451619148254","0.24917325874169668","0.22495390474796295","0.29034531116485596","0.2629462257027626","0.24654105305671692","0.2726409435272217"
"1685","0.143398717045784","0.13828983902931213","0.15164455771446228","0.13920970261096954","0.13206571340560913","0.1520470380783081","0.1430537812411785","0.1365094929933548","0.15138378739356995","0.23561773697535196","0.21531105041503906","0.2697831392288208","0.26266859471797943","0.2551618814468384","0.2690931558609009"
"1686","0.14901947230100632","0.13006827235221863","0.1675712913274765","0.1462206318974495","0.1288144588470459","0.16836564242839813","0.14948206022381783","0.1310023069381714","0.16812828183174133","0.24038293957710266","0.20434612035751343","0.27820369601249695","0.26358964294195175","0.24544915556907654","0.28068557381629944"
"1687","0.14804798364639282","0.1281898021697998","0.1600479632616043","0.14302587509155273","0.12279675900936127","0.1529460847377777","0.14898331835865974","0.12842139601707458","0.16071927547454834","0.25971487661202747","0.22638264298439026","0.3032042384147644","0.2810203433036804","0.2605013847351074","0.3002818822860718"
"1688","0.1462014652788639","0.14059343934059143","0.1568884551525116","0.14178572222590446","0.13331255316734314","0.15135979652404785","0.14689137041568756","0.14087267220020294","0.15726310014724731","0.24445928633213043","0.21941319108009338","0.271622896194458","0.26767032593488693","0.2563213109970093","0.28683677315711975"
"1689","0.14559302106499672","0.13052573800086975","0.15440544486045837","0.1438254490494728","0.12586645781993866","0.15203863382339478","0.1464763768017292","0.13129007816314697","0.15600061416625977","0.24320649604002634","0.20928004384040833","0.2893543243408203","0.2646995261311531","0.24853390455245972","0.2720978558063507"
"1690","0.14646688476204872","0.1335301548242569","0.15418598055839539","0.1422380395233631","0.1299804300069809","0.15019798278808594","0.1472691185772419","0.13432300090789795","0.1541919857263565","0.24896566569805145","0.23009169101715088","0.28613847494125366","0.2619074359536171","0.24767348170280457","0.26796063780784607"
"1691","0.14294223859906197","0.13683384656906128","0.14959613978862762","0.1400214582681656","0.1359739899635315","0.1469084471464157","0.14296222478151321","0.1369667649269104","0.14941656589508057","0.23696153859297434","0.2119084745645523","0.27553385496139526","0.26027341187000275","0.2533429265022278","0.2655453681945801"
"1692","0.14715994149446487","0.1409567892551422","0.1521572470664978","0.14445627853274345","0.13598330318927765","0.15582644939422607","0.14725454524159431","0.14096927642822266","0.15208733081817627","0.24434244136015573","0.2186458259820938","0.2829114496707916","0.2623172029852867","0.2545531094074249","0.2702946066856384"
"1693","0.1524238958954811","0.1441473811864853","0.15585897862911224","0.14780618622899055","0.13668036460876465","0.1535392701625824","0.15353896841406822","0.14468592405319214","0.15847378969192505","0.2505744993686676","0.22442492842674255","0.29472941160202026","0.27679580450057983","0.2654098868370056","0.2867930829524994"
"1695","0.14142775535583496","0.13781346380710602","0.14494837820529938","0.13733282312750816","0.13620373606681824","0.1382288932800293","0.14195015653967857","0.13839824497699738","0.1469627320766449","0.2366697589556376","0.21356800198554993","0.27501294016838074","0.25637707859277725","0.25068992376327515","0.2617972195148468"
"1696","0.14265066012740135","0.1353507786989212","0.14819860458374023","0.13799364492297173","0.1285858303308487","0.14250293374061584","0.1430661641061306","0.13604652881622314","0.14831389486789703","0.23505676289399466","0.20959965884685516","0.28144270181655884","0.2536839731037617","0.24768464267253876","0.2582373023033142"
"1697","0.14569908380508423","0.13063845038414001","0.15277978777885437","0.14236563816666603","0.12806524336338043","0.15073344111442566","0.14633693173527718","0.13239352405071259","0.15279366075992584","0.23733294506867728","0.22117330133914948","0.26470866799354553","0.2683720402419567","0.24800832569599152","0.29577314853668213"
"1698","0.1429407335817814","0.14104685187339783","0.14516225457191467","0.13899914175271988","0.13519790768623352","0.14314010739326477","0.14303500577807426","0.14123496413230896","0.1454906314611435","0.24283760289351145","0.21852847933769226","0.2819821238517761","0.269314207136631","0.26409047842025757","0.271754652261734"
"1699","0.14942578598856926","0.1386096477508545","0.15734019875526428","0.14714299887418747","0.14214307069778442","0.15135690569877625","0.15033024176955223","0.13856762647628784","0.15897734463214874","0.24570742746194205","0.21485485136508942","0.30053865909576416","0.26891089975833893","0.25777676701545715","0.27817872166633606"
"1700","0.1458759419620037","0.1401430368423462","0.15284737944602966","0.14115924760699272","0.13451872766017914","0.15079721808433533","0.14611587300896645","0.1401296705007553","0.15328799188137054","0.24665851891040802","0.21663199365139008","0.28664660453796387","0.27558767050504684","0.2649543881416321","0.2832984924316406"
"1701","0.14327522367238998","0.13555476069450378","0.15380875766277313","0.1396854631602764","0.12923915684223175","0.1510290503501892","0.14318541437387466","0.13418789207935333","0.15439903736114502","0.23919390638669333","0.20992708206176758","0.27595752477645874","0.2544492520391941","0.24474607408046722","0.26716315746307373"
"1702","0.14697881415486336","0.13814833760261536","0.15137512981891632","0.14164788648486137","0.1367844194173813","0.14470283687114716","0.1475883200764656","0.13823775947093964","0.15173563361167908","0.2393046816190084","0.21114152669906616","0.27233627438545227","0.2669529765844345","0.2569848597049713","0.27643918991088867"
"1703","0.1543400064110756","0.15074753761291504","0.15668708086013794","0.1507611684501171","0.14359886944293976","0.15840807557106018","0.1541753038764","0.1509944200515747","0.15748438239097595","0.25523067514101666","0.22958829998970032","0.29281389713287354","0.27063772827386856","0.26330262422561646","0.2823205590248108"
"1704","0.15020868927240372","0.14237025380134583","0.15921762585639954","0.14526015147566795","0.13613176345825195","0.1512063890695572","0.1501351073384285","0.14240118861198425","0.15916652977466583","0.24995198349157968","0.21815866231918335","0.28869569301605225","0.2822771370410919","0.2679719030857086","0.2977428138256073"
"1705","0.14912217110395432","0.13793769478797913","0.15729668736457825","0.14500024914741516","0.1318381428718567","0.1554143726825714","0.14906500279903412","0.13736550509929657","0.15695752203464508","0.23946321507294974","0.2207203060388565","0.2683999538421631","0.26545175164937973","0.2505577504634857","0.27766287326812744"
"1706","0.14230875298380852","0.13774116337299347","0.15170827507972717","0.13707157596945763","0.1315125674009323","0.14518135786056519","0.1426275260746479","0.13822977244853973","0.1524641215801239","0.23716901739438376","0.21615442633628845","0.27561479806900024","0.2648616209626198","0.25882014632225037","0.27849796414375305"
"1707","0.15330585837364197","0.1448698341846466","0.16182468831539154","0.14917204156517982","0.13773278892040253","0.15901124477386475","0.15330621600151062","0.14540034532546997","0.16170647740364075","0.25216205914815265","0.22749391198158264","0.29045212268829346","0.2682855650782585","0.25996124744415283","0.2768678665161133"
"1708","0.14317083731293678","0.13535639643669128","0.1502600908279419","0.14094768464565277","0.1323494017124176","0.1538115292787552","0.14423386380076408","0.1383964717388153","0.15039139986038208","0.243377556403478","0.22568821907043457","0.27323922514915466","0.2650146409869194","0.25578445196151733","0.2753761410713196"
"1709","0.1484837681055069","0.13626745343208313","0.1568220853805542","0.14402680471539497","0.1316135972738266","0.1495150923728943","0.14769718423485756","0.13714037835597992","0.15381495654582977","0.2421676218509674","0.2093636393547058","0.30279412865638733","0.2611219771206379","0.24500368535518646","0.2787991464138031"
"1710","0.1493099294602871","0.1458606719970703","0.15128858387470245","0.14559534937143326","0.14055192470550537","0.15243816375732422","0.14970194175839424","0.1462118923664093","0.1523684710264206","0.24896656473477682","0.2254939079284668","0.2946614623069763","0.2633664682507515","0.26087722182273865","0.2661288380622864"
"1711","0.15417806059122086","0.15137016773223877","0.1590578407049179","0.1489410400390625","0.14530056715011597","0.15349319577217102","0.15427323430776596","0.15183758735656738","0.15863709151744843","0.24832892417907715","0.23104874789714813","0.28024351596832275","0.2682381272315979","0.2647312581539154","0.2735685110092163"
"1712","0.14516346529126167","0.13716843724250793","0.1535428911447525","0.14109833911061287","0.1321849226951599","0.15348899364471436","0.14605281874537468","0.13769802451133728","0.1539382040500641","0.24420123298962912","0.21527299284934998","0.288069486618042","0.27368372678756714","0.2638706564903259","0.28168705105781555"
"1713","0.1396089494228363","0.13398902118206024","0.1447850614786148","0.13702749088406563","0.13073648512363434","0.1440458744764328","0.13982783257961273","0.13447484374046326","0.1452217698097229","0.23540528118610382","0.21708717942237854","0.27019569277763367","0.26278291642665863","0.25525620579719543","0.27177849411964417"
"1714","0.14354383200407028","0.1344822347164154","0.15519681572914124","0.13937652483582497","0.12782573699951172","0.1553463637828827","0.14344381168484688","0.13435643911361694","0.15549658238887787","0.23820778727531433","0.21291646361351013","0.2707521915435791","0.2594383805990219","0.2510395646095276","0.2729296088218689"
"1715","0.1500200293958187","0.14520259201526642","0.15600770711898804","0.14471973106265068","0.13721266388893127","0.150154709815979","0.1500270999968052","0.14388199150562286","0.15688708424568176","0.24128814041614532","0.22593039274215698","0.2663153111934662","0.2664783149957657","0.25738370418548584","0.2731142044067383"
"1716","0.14359508082270622","0.13445895910263062","0.14948607981204987","0.13961297646164894","0.1293361634016037","0.15081548690795898","0.1438925825059414","0.13474728167057037","0.149571031332016","0.23975645005702972","0.2241881787776947","0.26579833030700684","0.26184219121932983","0.24829739332199097","0.27683591842651367"
"1717","0.15097744762897491","0.14343023300170898","0.16060325503349304","0.1459050551056862","0.13779768347740173","0.14982272684574127","0.15147720649838448","0.14356523752212524","0.16003809869289398","0.25681957105795544","0.22472114861011505","0.30609917640686035","0.27682744711637497","0.2660788893699646","0.28695300221443176"
"1718","0.14739659056067467","0.1438423991203308","0.15213464200496674","0.14397595077753067","0.139803946018219","0.1475353091955185","0.14788233116269112","0.14442744851112366","0.15246927738189697","0.24144173165162405","0.22183600068092346","0.27780795097351074","0.2688142657279968","0.2645723223686218","0.27079951763153076"
"1719","0.1496065855026245","0.14056174457073212","0.1679944097995758","0.1468689739704132","0.1376468986272812","0.16932320594787598","0.15024586394429207","0.14172373712062836","0.16851136088371277","0.2536136955022812","0.23182658851146698","0.2767338156700134","0.28022925555706024","0.2718770503997803","0.29521697759628296"
"1720","0.14201915636658669","0.13814593851566315","0.1479814648628235","0.13838011398911476","0.13312286138534546","0.14400321245193481","0.14217745885252953","0.1380961388349533","0.14816781878471375","0.2349327653646469","0.21273057162761688","0.2732621431350708","0.2554090656340122","0.24963600933551788","0.2595282196998596"
"1721","0.14278626069426537","0.12963296473026276","0.14969010651111603","0.1388961598277092","0.13027285039424896","0.14554889500141144","0.14330366253852844","0.1308431327342987","0.15096931159496307","0.2384215990702311","0.2015053927898407","0.2915767431259155","0.2698249779641628","0.24785564839839935","0.2804352641105652"
"1722","0.14697493612766266","0.14035077393054962","0.15522900223731995","0.1445348523557186","0.1374543309211731","0.15136167407035828","0.147663164883852","0.14232701063156128","0.15569563210010529","0.24445820351441702","0.21946075558662415","0.27127164602279663","0.2677403390407562","0.2602866590023041","0.2821783721446991"
"1723","0.14668071642518044","0.13578596711158752","0.15932369232177734","0.14297285303473473","0.13100072741508484","0.1495354175567627","0.14690382406115532","0.13597364723682404","0.15953035652637482","0.2341542343298594","0.20988887548446655","0.27255484461784363","0.2599788308143616","0.25076091289520264","0.2699323892593384"
"1724","0.159139946103096","0.1432425081729889","0.1752832531929016","0.15481265634298325","0.13832497596740723","0.1692979335784912","0.15939999744296074","0.14307746291160583","0.17742224037647247","0.26102693875630695","0.21915948390960693","0.3119072914123535","0.28425849229097366","0.2638353109359741","0.2997552156448364"
"1725","0.15271427482366562","0.1480681300163269","0.16191929578781128","0.14864223450422287","0.1423686444759369","0.15757955610752106","0.15300654619932175","0.14731842279434204","0.16300375759601593","0.25257546206315357","0.23092271387577057","0.28861209750175476","0.2755737900733948","0.26830586791038513","0.2873857021331787"
"1726","0.14477207511663437","0.13081634044647217","0.1585610955953598","0.13999532163143158","0.12529732286930084","0.15261751413345337","0.14468581229448318","0.13108590245246887","0.1585736870765686","0.24090255796909332","0.21398088335990906","0.2872116267681122","0.2655850425362587","0.2573375701904297","0.27660071849823"
"1727","0.14315953105688095","0.13876119256019592","0.15187500417232513","0.13898303732275963","0.13233204185962677","0.14619360864162445","0.1431449092924595","0.13874883949756622","0.1519741714000702","0.2392031600077947","0.21480074524879456","0.27901405096054077","0.26324980705976486","0.25142720341682434","0.27863386273384094"
"1728","0.15050191059708595","0.14721721410751343","0.15489503741264343","0.14670449122786522","0.1394874006509781","0.15775951743125916","0.15065938979387283","0.1469680368900299","0.1552388072013855","0.24325119455655417","0.22620078921318054","0.2745791971683502","0.2679111063480377","0.26311296224594116","0.2713584899902344"
"1729","0.15118471160531044","0.13913613557815552","0.15896207094192505","0.14726625010371208","0.13580042123794556","0.1548301875591278","0.15214071050286293","0.13916456699371338","0.15984468162059784","0.2553705523411433","0.2322431057691574","0.29929113388061523","0.27046389877796173","0.25866395235061646","0.27890312671661377"
"1730","0.1443367600440979","0.14132222533226013","0.14934104681015015","0.1397232487797737","0.13460217416286469","0.1446637362241745","0.14401653036475182","0.14119282364845276","0.1488780379295349","0.23756868640581766","0.21875926852226257","0.2741151452064514","0.2607835531234741","0.25615978240966797","0.26432740688323975"
"1731","0.14257337525486946","0.13179300725460052","0.14925634860992432","0.13899904862046242","0.12739913165569305","0.1511508971452713","0.14274367317557335","0.13206535577774048","0.1494123339653015","0.23849260807037354","0.20522373914718628","0.2844761312007904","0.2560313604772091","0.24133546650409698","0.2625597417354584"
"1732","0.1455598846077919","0.13376975059509277","0.1634516716003418","0.14197688922286034","0.12924566864967346","0.15756285190582275","0.14672338590025902","0.1336374580860138","0.16441872715950012","0.23810445268948874","0.2145838439464569","0.2838239073753357","0.26151611655950546","0.24955976009368896","0.27821457386016846"
"1733","0.15352237224578857","0.13875246047973633","0.16609971225261688","0.1496991403400898","0.13466936349868774","0.16532358527183533","0.15274449810385704","0.13897456228733063","0.16595223546028137","0.2578631639480591","0.2160331904888153","0.31163328886032104","0.27919264137744904","0.26463356614112854","0.2934425175189972"
"1734","0.14161872491240501","0.13543711602687836","0.14647305011749268","0.1392408162355423","0.13162191212177277","0.1437658965587616","0.14231380447745323","0.13515302538871765","0.1477990597486496","0.2380062292019526","0.21287405490875244","0.2842075824737549","0.2643476277589798","0.261785089969635","0.2694111466407776"
"1735","0.1474851630628109","0.13775858283042908","0.15328407287597656","0.14313475042581558","0.1317330002784729","0.15222272276878357","0.14734098687767982","0.1387857347726822","0.1533282995223999","0.2413522352774938","0.2152458280324936","0.2806147336959839","0.2670290395617485","0.25886964797973633","0.2756415903568268"
"1736","0.1433827131986618","0.14088201522827148","0.14933273196220398","0.13858729600906372","0.13523106276988983","0.14294150471687317","0.1430516093969345","0.14059025049209595","0.14970102906227112","0.23841185371081033","0.21640004217624664","0.28006336092948914","0.25828051567077637","0.2547924816608429","0.262204647064209"
"1737","0.14685111492872238","0.13891397416591644","0.15706278383731842","0.1427873894572258","0.1332593709230423","0.15702660381793976","0.14668363705277443","0.13851162791252136","0.15716803073883057","0.24108751118183136","0.21203108131885529","0.282166063785553","0.2707716003060341","0.2594398856163025","0.2792091369628906"
"1738","0.14258796721696854","0.13709314167499542","0.14983420073986053","0.13964371383190155","0.13396137952804565","0.1502676010131836","0.1437295898795128","0.1375643014907837","0.15107227861881256","0.24306141833464304","0.2229977250099182","0.2778223156929016","0.26877255737781525","0.2634173035621643","0.2772863805294037"
"1739","0.14684391766786575","0.13080988824367523","0.16038016974925995","0.14243634417653084","0.13204336166381836","0.15398213267326355","0.14704405516386032","0.1304847151041031","0.1612674444913864","0.24179688592751822","0.20650634169578552","0.2989707291126251","0.2583586722612381","0.24306848645210266","0.2718031704425812"
"1740","0.14658133313059807","0.1363166719675064","0.1608784794807434","0.14196524769067764","0.13209836184978485","0.15272848308086395","0.14621319249272346","0.13658329844474792","0.160132497549057","0.24115395049254099","0.2101019322872162","0.3001689910888672","0.2770393565297127","0.25263604521751404","0.32048577070236206"
"1741","0.13979841768741608","0.1344277262687683","0.1537887454032898","0.13716533780097961","0.1290048360824585","0.1482698768377304","0.1404978446662426","0.1350969672203064","0.15365976095199585","0.23099113504091898","0.2058507800102234","0.2774699330329895","0.25243692100048065","0.2456093728542328","0.2687285542488098"
"1742","0.14705026894807816","0.14198121428489685","0.15983086824417114","0.14380566775798798","0.13652577996253967","0.15748733282089233","0.14742447063326836","0.14222949743270874","0.16082248091697693","0.23973098893960318","0.21907338500022888","0.27657389640808105","0.2603476420044899","0.25744709372520447","0.26620134711265564"
"1743","0.15184121578931808","0.14414876699447632","0.16299691796302795","0.14781022816896439","0.14110466837882996","0.1565254181623459","0.15153150260448456","0.14433445036411285","0.1628282219171524","0.24321928123633066","0.21670712530612946","0.2845601439476013","0.2710350677371025","0.26484814286231995","0.28373000025749207"
"1744","0.14926588535308838","0.14672985672950745","0.15254944562911987","0.14516469463706017","0.14217925071716309","0.1472403109073639","0.14966625720262527","0.14717218279838562","0.1519526243209839","0.2469742794831594","0.22517898678779602","0.2889373302459717","0.2626098170876503","0.2592068314552307","0.26496437191963196"
"1745","0.1422831304371357","0.13566815853118896","0.15215395390987396","0.13902676850557327","0.13370835781097412","0.1485821157693863","0.14242935180664062","0.1358184814453125","0.15198856592178345","0.23466138044993082","0.21481864154338837","0.27194511890411377","0.26551564037799835","0.259965181350708","0.2768520414829254"
"1746","0.14475814625620842","0.14101290702819824","0.15311947464942932","0.14006956294178963","0.13365064561367035","0.14669984579086304","0.145113293081522","0.1412781924009323","0.1534353494644165","0.23817903300126395","0.2169823944568634","0.2795650362968445","0.26908259093761444","0.2633027732372284","0.2745975852012634"
"1747","0.15264806896448135","0.13942642509937286","0.16751445829868317","0.14890022203326225","0.1342778205871582","0.1622748076915741","0.15238947048783302","0.13956184685230255","0.16807003319263458","0.2592967301607132","0.23060931265354156","0.2989843487739563","0.27751217037439346","0.26220375299453735","0.2923693060874939"
"1748","0.14452895149588585","0.1302829533815384","0.15676434338092804","0.14062640815973282","0.12466287612915039","0.1538650393486023","0.14546968787908554","0.13094094395637512","0.15965625643730164","0.24568158884843191","0.22010992467403412","0.29069554805755615","0.26999031007289886","0.2561168968677521","0.2817721962928772"
"1749","0.14495527371764183","0.13573767244815826","0.16031944751739502","0.14247121289372444","0.13210800290107727","0.15673556923866272","0.1453053317964077","0.13615328073501587","0.160578191280365","0.24215306838353476","0.21108195185661316","0.3022843599319458","0.2607486844062805","0.2530399262905121","0.2787179946899414"
"1750","0.14336922392249107","0.1310696303844452","0.1521134376525879","0.1393735520541668","0.12540625035762787","0.14979484677314758","0.14347564801573753","0.13117147982120514","0.1520097553730011","0.2440880835056305","0.22452610731124878","0.26983094215393066","0.2635267674922943","0.2492026686668396","0.27573180198669434"
"1751","0.14379702135920525","0.13814325630664825","0.15107372403144836","0.13989068195223808","0.1334013044834137","0.14812998473644257","0.14356350898742676","0.13825026154518127","0.15162500739097595","0.24043007691701254","0.21485590934753418","0.27658170461654663","0.2632748633623123","0.25602635741233826","0.27081140875816345"
"1752","0.14484916254878044","0.14232423901557922","0.1503470093011856","0.14144358783960342","0.13831579685211182","0.14523223042488098","0.1452842615544796","0.14238771796226501","0.15122756361961365","0.23355920612812042","0.21270442008972168","0.27461859583854675","0.253874771296978","0.25115400552749634","0.2604010999202728"
"1753","0.146223995834589","0.1408981829881668","0.1532631516456604","0.14174701273441315","0.13451501727104187","0.14853866398334503","0.1467023827135563","0.14096835255622864","0.15458104014396667","0.24198890725771585","0.21676452457904816","0.2825894355773926","0.2671932876110077","0.255123496055603","0.27233701944351196"
"1754","0.14264430850744247","0.13642150163650513","0.15171387791633606","0.1383070982992649","0.13321301341056824","0.1453675627708435","0.14228275418281555","0.13637897372245789","0.15135006606578827","0.23556087414423624","0.21469849348068237","0.27509805560112","0.26199498027563095","0.2588931918144226","0.2681853473186493"
"1755","0.14893626049160957","0.14179950952529907","0.16365060210227966","0.14482007548213005","0.13550427556037903","0.16192585229873657","0.14923694357275963","0.14204531908035278","0.16328412294387817","0.24562778075536093","0.22074797749519348","0.27660322189331055","0.27221541851758957","0.2636685371398926","0.28674614429473877"
"1756","0.14950022101402283","0.1417471170425415","0.16333970427513123","0.14567220211029053","0.13921968638896942","0.15649761259555817","0.15016978234052658","0.14133094251155853","0.1641901731491089","0.23261093099912009","0.21430230140686035","0.26832306385040283","0.2663717716932297","0.2588057816028595","0.281476765871048"
"1757","0.1455828808248043","0.14051617681980133","0.15020756423473358","0.1426026076078415","0.13744324445724487","0.14595329761505127","0.14534535631537437","0.13974374532699585","0.14973610639572144","0.23360318938891092","0.20998910069465637","0.27721357345581055","0.2608015835285187","0.25007137656211853","0.26909810304641724"
"1758","0.14356494322419167","0.13609598577022552","0.14738768339157104","0.14043615385890007","0.13673382997512817","0.14195837080478668","0.14444763585925102","0.13638417422771454","0.14756207168102264","0.2348221093416214","0.20872116088867188","0.27600187063217163","0.25832387059926987","0.25346076488494873","0.2629614472389221"
"1759","0.14603295177221298","0.1365499049425125","0.15283508598804474","0.14166052266955376","0.1312047243118286","0.14649520814418793","0.1462327167391777","0.13560283184051514","0.15350405871868134","0.2396892954905828","0.22028674185276031","0.27224645018577576","0.26039865612983704","0.24800047278404236","0.26850590109825134"
"1760","0.1481359861791134","0.1385958045721054","0.1588863581418991","0.14552117139101028","0.13520000874996185","0.15388044714927673","0.14845291152596474","0.13945713639259338","0.15841762721538544","0.25172536571820575","0.22280669212341309","0.3049231767654419","0.26751136779785156","0.25970590114593506","0.2776607275009155"
"1761","0.14556432142853737","0.13377954065799713","0.1512794941663742","0.14233561977744102","0.1282847821712494","0.15259861946105957","0.14536761865019798","0.13196194171905518","0.1516980081796646","0.24209366738796234","0.22565008699893951","0.27173662185668945","0.26266898959875107","0.25832733511924744","0.2653656005859375"
"1762","0.1530265100300312","0.14729315042495728","0.16042210161685944","0.14915625751018524","0.1446692943572998","0.15609025955200195","0.15344421193003654","0.14774805307388306","0.16077686846256256","0.2531232535839081","0.22402548789978027","0.2919658422470093","0.27091333270072937","0.2667035460472107","0.2804107069969177"
"1763","0.153292715549469","0.14526395499706268","0.17273379862308502","0.1491827256977558","0.14034530520439148","0.1643562614917755","0.15379083156585693","0.1465495526790619","0.17339317500591278","0.24325894316037497","0.220244899392128","0.28532084822654724","0.2723102271556854","0.2602519989013672","0.3034493625164032"
"1764","0.1473565548658371","0.1429419368505478","0.1532997190952301","0.14497476443648338","0.138014554977417","0.15580761432647705","0.14723435044288635","0.14338332414627075","0.15343649685382843","0.2408389449119568","0.21599292755126953","0.28301331400871277","0.2571839690208435","0.2521602213382721","0.26094451546669006"
"1765","0.14701417833566666","0.13811545073986053","0.1598489135503769","0.14283914491534233","0.13289153575897217","0.1541476547718048","0.14719834923744202","0.13828596472740173","0.1605052947998047","0.23608872791131338","0.21290121972560883","0.2654518187046051","0.2672847732901573","0.25707918405532837","0.2821744978427887"
"1766","0.15353214368224144","0.14268022775650024","0.16087700426578522","0.14880314469337463","0.14229796826839447","0.1547040343284607","0.15407908707857132","0.14386911690235138","0.16179579496383667","0.24160948395729065","0.21808600425720215","0.28515902161598206","0.27484045922756195","0.2636820673942566","0.2928885221481323"
"1767","0.15121173858642578","0.14224067330360413","0.15638917684555054","0.14644521474838257","0.1444852352142334","0.1505548059940338","0.1506226360797882","0.1421521157026291","0.15706714987754822","0.24140075842539468","0.21957385540008545","0.2779592275619507","0.26276715099811554","0.2522077262401581","0.27496469020843506"
"1768","0.14822280034422874","0.14578387141227722","0.1532081663608551","0.14565536379814148","0.1410747617483139","0.15461279451847076","0.1483795866370201","0.14552408456802368","0.153299480676651","0.2478570689757665","0.22584207355976105","0.28627702593803406","0.27004705369472504","0.2637752890586853","0.276141881942749"
"1769","0.14589454233646393","0.13286425173282623","0.1582505702972412","0.14292438700795174","0.1276172250509262","0.15323656797409058","0.14620725065469742","0.13338199257850647","0.1583351045846939","0.23808020850022635","0.21339181065559387","0.27865296602249146","0.26019731163978577","0.25161245465278625","0.27169519662857056"
"1770","0.1427871771156788","0.13141265511512756","0.16155722737312317","0.13894401863217354","0.12988415360450745","0.1555957943201065","0.14370513707399368","0.13183115422725677","0.162578746676445","0.23469754556814829","0.20254303514957428","0.26004523038864136","0.25674452632665634","0.24147194623947144","0.2797023355960846"
"1771","0.14041659608483315","0.12833529710769653","0.15197861194610596","0.13739900663495064","0.12440052628517151","0.15339861810207367","0.14101141691207886","0.1301160603761673","0.1525513231754303","0.23849680523077646","0.22234082221984863","0.2598111033439636","0.2588467299938202","0.2458108365535736","0.2710830867290497"
"1772","0.14877314120531082","0.14118604362010956","0.15717975795269012","0.14429298043251038","0.13562825322151184","0.15241633355617523","0.1482008546590805","0.1413610875606537","0.15771637856960297","0.2411846419175466","0.2172592282295227","0.2744114398956299","0.2697577252984047","0.2600000202655792","0.2818461060523987"
"1773","0.14382294937968254","0.13616220653057098","0.15335217118263245","0.13919823616743088","0.13486622273921967","0.14718061685562134","0.14396512508392334","0.13592642545700073","0.15352186560630798","0.24225230515003204","0.21790823340415955","0.2754554748535156","0.26420141011476517","0.2520686984062195","0.27363497018814087"
"1774","0.14123555272817612","0.13436780869960785","0.1464969515800476","0.13912899792194366","0.13109195232391357","0.14574486017227173","0.14204256236553192","0.1353985071182251","0.14673620462417603","0.2370108664035797","0.2097550332546234","0.27883219718933105","0.2543952353298664","0.24806411564350128","0.2629978060722351"
"1775","0.14822270348668098","0.1432250440120697","0.15208077430725098","0.1457170993089676","0.13985352218151093","0.15362384915351868","0.14831047505140305","0.1437203586101532","0.15251073241233826","0.25097447633743286","0.22662848234176636","0.2905728220939636","0.26989559829235077","0.26714277267456055","0.2752060294151306"
"1776","0.15408851951360703","0.1430729180574417","0.16796855628490448","0.14992839843034744","0.1365993320941925","0.16197103261947632","0.15473249554634094","0.14402692019939423","0.16845932602882385","0.25012098749478656","0.2250698208808899","0.28350284695625305","0.2709304615855217","0.2623541057109833","0.2829012870788574"
"1777","0.14475763961672783","0.13290005922317505","0.1535242199897766","0.1402175910770893","0.12438040971755981","0.14898043870925903","0.14513979479670525","0.13455526530742645","0.1531468629837036","0.23709440728028616","0.22230210900306702","0.2647239863872528","0.2670820876955986","0.25268614292144775","0.2842594087123871"
"1778","0.15361728891730309","0.1493414342403412","0.1568235456943512","0.15038181096315384","0.14637219905853271","0.15575993061065674","0.1531163938343525","0.14963911473751068","0.1567213088274002","0.2515879323085149","0.2284848541021347","0.29522645473480225","0.2702302783727646","0.2616615295410156","0.27511700987815857"
"1779","0.1420036144554615","0.13165268301963806","0.1482647806406021","0.137095857411623","0.12551291286945343","0.14576217532157898","0.14160331338644028","0.13135051727294922","0.1481212079524994","0.23845369120438895","0.21722412109375","0.2771488428115845","0.26034015417099","0.25207895040512085","0.2641097903251648"
"1780","0.14784099534153938","0.13826674222946167","0.15225836634635925","0.14456531777977943","0.13078001141548157","0.15128308534622192","0.1476886086165905","0.13713768124580383","0.1522464007139206","0.23692121108373007","0.22403982281684875","0.25987550616264343","0.2615802325308323","0.24680431187152863","0.27077367901802063"
"1781","0.14437556639313698","0.13152946531772614","0.15530157089233398","0.1405898816883564","0.13257937133312225","0.14856772124767303","0.14473263174295425","0.13214056193828583","0.15479552745819092","0.23909586668014526","0.21147137880325317","0.27794650197029114","0.26160306483507156","0.25238603353500366","0.26938238739967346"
"1782","0.1497981920838356","0.1458856165409088","0.15290194749832153","0.14510471373796463","0.13835425674915314","0.14984747767448425","0.15051636844873428","0.14596891403198242","0.154865562915802","0.24768329660097757","0.22460952401161194","0.29326197504997253","0.2676169201731682","0.2631528377532959","0.2742319703102112"
"1783","0.1445932649075985","0.13672181963920593","0.15379692614078522","0.14022688195109367","0.12973244488239288","0.1532948762178421","0.14536578580737114","0.13781920075416565","0.15387529134750366","0.23498569428920746","0.2092420756816864","0.26579684019088745","0.2601843811571598","0.247943714261055","0.2717118561267853"
"1784","0.1428678296506405","0.13818268477916718","0.1539154201745987","0.13944962248206139","0.13430432975292206","0.153611421585083","0.1427740715444088","0.13832394778728485","0.15412692725658417","0.2405018707116445","0.2175084352493286","0.27477118372917175","0.2613545209169388","0.257030189037323","0.27039557695388794"
"1785","0.1535845287144184","0.149576798081398","0.1598876416683197","0.15074042603373528","0.14437717199325562","0.15724745392799377","0.15380868688225746","0.15034687519073486","0.15920297801494598","0.2512737959623337","0.23255635797977448","0.2857367694377899","0.2781903147697449","0.27419430017471313","0.2840219736099243"
"1786","0.14322005957365036","0.1348341703414917","0.14976441860198975","0.1398726925253868","0.13255593180656433","0.14467579126358032","0.1439105123281479","0.13662421703338623","0.14997626841068268","0.23603881895542145","0.21107295155525208","0.27586808800697327","0.2513769008219242","0.24546827375888824","0.25841858983039856"
"1787","0.15005482360720634","0.1377008706331253","0.1632225662469864","0.14584602788090706","0.13734224438667297","0.15615853667259216","0.15088289976119995","0.13738298416137695","0.16480833292007446","0.24846990406513214","0.21212564408779144","0.2965214252471924","0.2701730281114578","0.2557451128959656","0.28068315982818604"
"1788","0.14546389505267143","0.14177168905735016","0.14775949716567993","0.14306454360485077","0.13938593864440918","0.14672881364822388","0.1457369662821293","0.14186576008796692","0.14847570657730103","0.23618597288926443","0.21128177642822266","0.2735705077648163","0.26138827949762344","0.2548866271972656","0.26802441477775574"
"1789","0.1466483250260353","0.13944417238235474","0.14927217364311218","0.14369339868426323","0.1353231966495514","0.14970748126506805","0.14711353927850723","0.13932982087135315","0.15052251517772675","0.24346439043680826","0.22084641456604004","0.2855856418609619","0.2639011815190315","0.25868940353393555","0.26878243684768677"
"1790","0.14302772283554077","0.13989821076393127","0.14613701403141022","0.1398359052836895","0.13281375169754028","0.1469559371471405","0.14365828037261963","0.14060857892036438","0.14636105298995972","0.2431368331114451","0.2170141041278839","0.2873358726501465","0.26447930186986923","0.2614898979663849","0.2680824398994446"
"1791","0.145236324518919","0.13982950150966644","0.14911170303821564","0.14289972186088562","0.1401785910129547","0.14678682386875153","0.14529401808977127","0.13998547196388245","0.14946582913398743","0.24170065919558206","0.21776987612247467","0.2877779006958008","0.25393281131982803","0.24904268980026245","0.25783681869506836"
"1792","0.14442849904298782","0.13063833117485046","0.15832722187042236","0.14040139131247997","0.12436484545469284","0.1535087674856186","0.14464665204286575","0.1303054541349411","0.1598428189754486","0.23328418533007303","0.2049788534641266","0.28655505180358887","0.2606339678168297","0.2448844611644745","0.27697235345840454"
"1793","0.14262576401233673","0.13687962293624878","0.15080370008945465","0.14000381529331207","0.13421663641929626","0.15312474966049194","0.14270896464586258","0.1366589367389679","0.15125533938407898","0.23857144018014273","0.2162039428949356","0.27342891693115234","0.259381040930748","0.25539255142211914","0.26462721824645996"
"1794","0.14872903749346733","0.1377974897623062","0.1573895663022995","0.14529799669981003","0.13296452164649963","0.15730755031108856","0.14865948259830475","0.13727378845214844","0.15774473547935486","0.23048425217469534","0.21834631264209747","0.24783945083618164","0.2576768547296524","0.24029073119163513","0.26731163263320923"
"1795","0.14397034794092178","0.13673512637615204","0.161781907081604","0.14020417630672455","0.13256700336933136","0.1554722636938095","0.1442774496972561","0.13750825822353363","0.16139400005340576","0.23460430403550467","0.21035900712013245","0.2771977484226227","0.26364991813898087","0.25443342328071594","0.2785280644893646"
"1796","0.14631982892751694","0.1385592669248581","0.15185850858688354","0.14217255637049675","0.13283470273017883","0.14784088730812073","0.14581676200032234","0.13864882290363312","0.14938172698020935","0.24038805067539215","0.21913586556911469","0.2785137891769409","0.2651141807436943","0.25181612372398376","0.2801613211631775"
"1797","0.1524197794497013","0.1449173390865326","0.16932746767997742","0.1486041508615017","0.13734665513038635","0.16340607404708862","0.15250467509031296","0.14477819204330444","0.16912728548049927","0.25189508001009625","0.22646008431911469","0.28119850158691406","0.276826873421669","0.2664807438850403","0.29461318254470825"
"1798","0.14431685581803322","0.13196244835853577","0.1583845168352127","0.1405947469174862","0.12583820521831512","0.1512351930141449","0.14502083137631416","0.13192029297351837","0.15910163521766663","0.23976961771647134","0.20729970932006836","0.2872038781642914","0.26092004030942917","0.24532562494277954","0.27816715836524963"
"1799","0.14271659776568413","0.13511990010738373","0.15031367540359497","0.1396125704050064","0.13033545017242432","0.14529982209205627","0.14282811433076859","0.1354207694530487","0.1509687304496765","0.2319121907154719","0.21143652498722076","0.27253925800323486","0.26092909276485443","0.25382199883461","0.27098846435546875"
"1800","0.14072870835661888","0.12878350913524628","0.15219099819660187","0.13588343560695648","0.12260304391384125","0.14582760632038116","0.1414610855281353","0.12841588258743286","0.15406011044979095","0.23618199427922568","0.20725873112678528","0.2893969416618347","0.260245718061924","0.24955394864082336","0.27898159623146057"
"1801","0.14512045681476593","0.138965904712677","0.1485002487897873","0.14141768962144852","0.13978418707847595","0.14471958577632904","0.14495721831917763","0.13898679614067078","0.1486838310956955","0.23859197894732156","0.21177050471305847","0.2796825170516968","0.261219322681427","0.2532949447631836","0.2661013603210449"
"1802","0.13951969891786575","0.13052889704704285","0.15111935138702393","0.13664544001221657","0.12828969955444336","0.14609625935554504","0.14001380279660225","0.13269992172718048","0.15167495608329773","0.2272774080435435","0.20773443579673767","0.26554039120674133","0.2478073202073574","0.2420482039451599","0.2613722085952759"
"1803","0.14893626421689987","0.13744565844535828","0.1650121957063675","0.1458912380039692","0.13125282526016235","0.16022299230098724","0.14960850775241852","0.13699108362197876","0.16409572958946228","0.25701835254828137","0.24025742709636688","0.27671027183532715","0.275159552693367","0.2573361396789551","0.29836753010749817"
"1804","0.1405765414237976","0.13320112228393555","0.14944036304950714","0.13733099773526192","0.12901349365711212","0.14582209289073944","0.14135680347681046","0.13327185809612274","0.15109461545944214","0.24065370857715607","0.2150113582611084","0.286557674407959","0.25894932448863983","0.2505868077278137","0.2721020579338074"
"1805","0.14749810844659805","0.14412786066532135","0.15136553347110748","0.1427932232618332","0.13686487078666687","0.14714650809764862","0.14754189178347588","0.1443045735359192","0.15045173466205597","0.240468700726827","0.22457194328308105","0.27068063616752625","0.2601664438843727","0.2521609365940094","0.2637009024620056"
"1806","0.143204927444458","0.13632044196128845","0.1539757251739502","0.1404065154492855","0.134384423494339","0.14998137950897217","0.1436612829566002","0.1379144787788391","0.1543586254119873","0.23709746698538461","0.21439334750175476","0.2680698335170746","0.26336607336997986","0.2560964524745941","0.2737141251564026"
"1807","0.14834969118237495","0.13370490074157715","0.1611832231283188","0.14530710875988007","0.134984090924263","0.15723101794719696","0.1488894447684288","0.13428743183612823","0.1619381308555603","0.2358317772547404","0.20425613224506378","0.2750694155693054","0.26826203614473343","0.2537233233451843","0.2844672203063965"
"1808","0.14457640051841736","0.13914081454277039","0.15000572800636292","0.14100150763988495","0.13479508459568024","0.15004141628742218","0.14565915241837502","0.14032122492790222","0.15022575855255127","0.24065308769543967","0.22302892804145813","0.27492231130599976","0.2629556879401207","0.25812816619873047","0.26569902896881104"
"1809","0.1455378197133541","0.1350594460964203","0.1563253402709961","0.14330551773309708","0.13228651881217957","0.1581314653158188","0.1467803381383419","0.1380196362733841","0.15734538435935974","0.24303829173247019","0.21965394914150238","0.2707744538784027","0.27155401557683945","0.2654784917831421","0.27978581190109253"
"1810","0.14813411980867386","0.1374804973602295","0.16480796039104462","0.14379147440195084","0.13170000910758972","0.15622541308403015","0.14854929968714714","0.13816264271736145","0.16517837345600128","0.25058780113856","0.2150702178478241","0.31086230278015137","0.2697432115674019","0.26013049483299255","0.29330751299858093"
"1811","0.1466604880988598","0.13760098814964294","0.15669146180152893","0.14169849827885628","0.13209135830402374","0.15030986070632935","0.14703788235783577","0.1376427412033081","0.1570402830839157","0.2332237164179484","0.2065160572528839","0.278201162815094","0.25847139209508896","0.2441343367099762","0.26789435744285583"
"1812","0.1481928527355194","0.13284511864185333","0.15853376686573029","0.14346489310264587","0.1351746916770935","0.15165145695209503","0.14777353405952454","0.13236090540885925","0.1587716042995453","0.24170362949371338","0.20965439081192017","0.2960748076438904","0.2576281353831291","0.24579843878746033","0.2699527144432068"
"1813","0.14543937519192696","0.13778752088546753","0.15398986637592316","0.14304305613040924","0.13344337046146393","0.15164905786514282","0.14621444419026375","0.13809652626514435","0.15390455722808838","0.2428607145945231","0.2235751748085022","0.2738652229309082","0.27250654995441437","0.26616376638412476","0.282065749168396"
"1814","0.15109551697969437","0.1416454017162323","0.16141989827156067","0.14801058918237686","0.13509699702262878","0.15831460058689117","0.15084898471832275","0.14106443524360657","0.1609143167734146","0.2531222850084305","0.21965445578098297","0.30742520093917847","0.2689886689186096","0.2535707950592041","0.28193214535713196"
"1815","0.15026326850056648","0.1393965631723404","0.16210462152957916","0.1468551903963089","0.136168971657753","0.16240844130516052","0.15086007863283157","0.13971810042858124","0.16243602335453033","0.2469248672326406","0.22743698954582214","0.2781938910484314","0.2693656086921692","0.2593156099319458","0.27934449911117554"
"1816","0.14596496149897575","0.13754582405090332","0.15857550501823425","0.1427534781396389","0.13478954136371613","0.15230117738246918","0.1456708125770092","0.1387125551700592","0.15954740345478058","0.24178839723269144","0.21027345955371857","0.2807374894618988","0.25342682376503944","0.2450789362192154","0.2682022452354431"
"1817","0.14816734194755554","0.14533759653568268","0.1502227932214737","0.1440628208220005","0.1417212039232254","0.14542603492736816","0.14808354526758194","0.14559154212474823","0.14957424998283386","0.240205908815066","0.21748760342597961","0.28003406524658203","0.273260734975338","0.2689245045185089","0.27607449889183044"
"1818","0.1453229784965515","0.1368318647146225","0.16344590485095978","0.1416197456419468","0.130001500248909","0.1617300808429718","0.14499181509017944","0.1334032565355301","0.16364739835262299","0.24308799703915915","0.2123298943042755","0.27623265981674194","0.262308694422245","0.25371456146240234","0.2855108976364136"
"1819","0.14253977686166763","0.13640771806240082","0.14574027061462402","0.13937894999980927","0.13232716917991638","0.14708998799324036","0.14337151497602463","0.13641203939914703","0.14845359325408936","0.23578819632530212","0.21158263087272644","0.27994483709335327","0.2553786374628544","0.24590162932872772","0.26306289434432983"
"1820","0.14244597405195236","0.13439114391803741","0.1468818336725235","0.13881661742925644","0.12805436551570892","0.14891140162944794","0.1422095112502575","0.13448059558868408","0.14744970202445984","0.2331308921178182","0.21117007732391357","0.26936230063438416","0.2605511397123337","0.25642263889312744","0.2638336718082428"
"1821","0.14334025233983994","0.13817033171653748","0.14938922226428986","0.1393636092543602","0.13044549524784088","0.14545491337776184","0.14352112635970116","0.1375465840101242","0.14904099702835083","0.23506087561448416","0.21439580619335175","0.2717859148979187","0.2626766487956047","0.2548036277294159","0.27432435750961304"
"1822","0.14946680516004562","0.1439610868692398","0.1589890718460083","0.1457306481897831","0.13895362615585327","0.15207608044147491","0.15032069385051727","0.1441860944032669","0.1603998988866806","0.2410200983285904","0.2154742330312729","0.2825808525085449","0.2694554552435875","0.2636575698852539","0.277058482170105"
"1823","0.15249941870570183","0.14309287071228027","0.17725098133087158","0.14828407391905785","0.13689322769641876","0.1700788140296936","0.1528409905731678","0.14214906096458435","0.17848511040210724","0.25186506907145184","0.21744266152381897","0.32057279348373413","0.2691093385219574","0.25614386796951294","0.30383098125457764"
"1824","0.14036425203084946","0.13133205473423004","0.14708581566810608","0.1357799768447876","0.1250610649585724","0.14572130143642426","0.14061149582266808","0.1313799023628235","0.1473936289548874","0.23608068625132242","0.21981310844421387","0.2677452862262726","0.25828511267900467","0.25058263540267944","0.2638550400733948"
"1825","0.14200768992304802","0.13953138887882233","0.14422333240509033","0.13711462914943695","0.13037109375","0.14468374848365784","0.14224791154265404","0.13928334414958954","0.14466863870620728","0.2339430550734202","0.21107858419418335","0.27389097213745117","0.24848423525691032","0.24191667139530182","0.25508391857147217"
"1826","0.14936430752277374","0.13912659883499146","0.1566380262374878","0.14545951038599014","0.13738173246383667","0.1502244919538498","0.14956765994429588","0.13927355408668518","0.15624825656414032","0.2425136168797811","0.2258874624967575","0.27452823519706726","0.2694404870271683","0.26291733980178833","0.27842214703559875"
"1827","0.14641152694821358","0.13294441998004913","0.15852537751197815","0.1414758637547493","0.12719282507896423","0.15397973358631134","0.1469791866838932","0.13255290687084198","0.16023477911949158","0.23960098127524057","0.20313012599945068","0.29810649156570435","0.2573338560760021","0.24139507114887238","0.27440187335014343"
"1828","0.1481139287352562","0.14148329198360443","0.15560194849967957","0.14460711553692818","0.13572506606578827","0.15069100260734558","0.14787904918193817","0.14094087481498718","0.15467028319835663","0.2397456169128418","0.21202054619789124","0.2868674695491791","0.25758635252714157","0.25017812848091125","0.262453556060791"
"1829","0.14196672290563583","0.13848643004894257","0.1440776139497757","0.13854512572288513","0.13739319145679474","0.14032860100269318","0.14192138984799385","0.13872255384922028","0.14343096315860748","0.24003803730010986","0.21518370509147644","0.28314539790153503","0.2574525773525238","0.25269815325737","0.26634255051612854"
"1830","0.14602137356996536","0.1306409388780594","0.16189724206924438","0.14158276095986366","0.12542569637298584","0.16071584820747375","0.14685028418898582","0.13139066100120544","0.16236354410648346","0.2433008849620819","0.20781466364860535","0.27482888102531433","0.26438524574041367","0.251268595457077","0.28755301237106323"
"1831","0.14885563775897026","0.13693532347679138","0.16417762637138367","0.14621147885918617","0.1374320387840271","0.15867887437343597","0.14866329729557037","0.13734495639801025","0.16378609836101532","0.24305557707945505","0.21150614321231842","0.3031913936138153","0.2665523290634155","0.25110092759132385","0.28230875730514526"
"1832","0.14487116411328316","0.13854414224624634","0.14816895127296448","0.14142745733261108","0.13953346014022827","0.14443793892860413","0.14474672824144363","0.1385970562696457","0.14867568016052246","0.23921516040960947","0.21356695890426636","0.28335392475128174","0.2648308426141739","0.2589164078235626","0.26844003796577454"
"1833","0.14851704612374306","0.14365902543067932","0.15397971868515015","0.14424743503332138","0.13723154366016388","0.15119250118732452","0.14923036098480225","0.1444472372531891","0.15370820462703705","0.25137248635292053","0.2299955040216446","0.289070188999176","0.27292121946811676","0.27035537362098694","0.2784057855606079"
"1834","0.15138041973114014","0.13446053862571716","0.1650022566318512","0.14657821133732796","0.12748116254806519","0.166355162858963","0.15142909064888954","0.13493239879608154","0.16465266048908234","0.24204690754413605","0.21037627756595612","0.2759038507938385","0.27343327552080154","0.2540103495121002","0.28739213943481445"
"1836","0.14773976430296898","0.14253540337085724","0.15112408995628357","0.1451953873038292","0.1404232680797577","0.15305185317993164","0.1483965627849102","0.14504364132881165","0.15180274844169617","0.24269387125968933","0.22093461453914642","0.2838762700557709","0.2588643729686737","0.2568266689777374","0.2611679434776306"
"1837","0.14947306737303734","0.14193464815616608","0.1633347123861313","0.14626070857048035","0.13678495585918427","0.15927933156490326","0.14932545647025108","0.14025171101093292","0.16352491080760956","0.24174473683039346","0.2149161398410797","0.28230932354927063","0.2692411094903946","0.25544849038124084","0.28677698969841003"
"1838","0.14818447455763817","0.13612990081310272","0.1617441028356552","0.14342772588133812","0.13024187088012695","0.15485639870166779","0.14799683168530464","0.1366317719221115","0.15922045707702637","0.2422386109828949","0.21048074960708618","0.2868308424949646","0.2651137039065361","0.2537928521633148","0.277115136384964"
"1839","0.14335255697369576","0.13583852350711823","0.15464994311332703","0.1394556239247322","0.13249729573726654","0.1477135419845581","0.14375019073486328","0.1358405500650406","0.15471912920475006","0.23581436276435852","0.21092313528060913","0.28223997354507446","0.2615909278392792","0.2532140910625458","0.26911231875419617"
"1840","0.15096298977732658","0.14085820317268372","0.1650930494070053","0.14687860757112503","0.1356666386127472","0.1642785221338272","0.15139266476035118","0.1407938003540039","0.16487634181976318","0.2562939574321111","0.22740890085697174","0.28918927907943726","0.276573583483696","0.26454925537109375","0.2947213649749756"
"1841","0.14705779403448105","0.1411147564649582","0.15573285520076752","0.14441438391804695","0.13790667057037354","0.15219268202781677","0.14780041947960854","0.14149129390716553","0.1557704359292984","0.24319579700628915","0.22014304995536804","0.2879211902618408","0.26687265932559967","0.25982123613357544","0.2742721438407898"
"1842","0.14394104853272438","0.1346113383769989","0.15417706966400146","0.1408741995692253","0.13254521787166595","0.14802540838718414","0.14400580152869225","0.13564996421337128","0.15259724855422974","0.24258938431739807","0.21615085005760193","0.28754252195358276","0.2595628425478935","0.2503412961959839","0.266937792301178"
"1843","0.14449211210012436","0.13527652621269226","0.15471251308918","0.14043158665299416","0.12999489903450012","0.15030449628829956","0.14494981989264488","0.1350710690021515","0.15555939078330994","0.24207680920759836","0.21173426508903503","0.28716588020324707","0.2634512409567833","0.24999481439590454","0.276492178440094"
"1844","0.14367817714810371","0.14197593927383423","0.1476203054189682","0.14191840961575508","0.13814392685890198","0.14537721872329712","0.14386260882019997","0.14207211136817932","0.147437185049057","0.23781999945640564","0.21282881498336792","0.27824506163597107","0.25915469974279404","0.256197452545166","0.26150092482566833"
"1845","0.14702729880809784","0.13972575962543488","0.15186035633087158","0.143594890832901","0.1364240199327469","0.1486029177904129","0.14715402573347092","0.1401194930076599","0.15219156444072723","0.24676353732744852","0.2256040871143341","0.2876218557357788","0.2720552608370781","0.2665751278400421","0.2764613628387451"
"1846","0.14845146983861923","0.14000464975833893","0.15519194304943085","0.14556411653757095","0.13341477513313293","0.15263664722442627","0.14760517328977585","0.1399661749601364","0.1525389552116394","0.2431278924147288","0.21771499514579773","0.28865066170692444","0.26509782671928406","0.2602185904979706","0.2712251842021942"
"1847","0.1455891877412796","0.14212559163570404","0.1489916741847992","0.1416875123977661","0.1370231807231903","0.144917294383049","0.14556771144270897","0.14184033870697021","0.14909681677818298","0.23628283540407816","0.21597349643707275","0.2713415026664734","0.25667545199394226","0.2514230012893677","0.2600666880607605"
"1848","0.14441193640232086","0.1349433809518814","0.14864373207092285","0.1419294774532318","0.13026028871536255","0.14785845577716827","0.14511199668049812","0.13663926720619202","0.14951930940151215","0.24009772638479868","0.22555239498615265","0.26734721660614014","0.2722330689430237","0.2597527503967285","0.2801964581012726"
"1849","0.14700079709291458","0.14416344463825226","0.15012690424919128","0.143958892673254","0.14030998945236206","0.14720219373703003","0.14772174507379532","0.14432662725448608","0.1513625681400299","0.2382572442293167","0.21434220671653748","0.28463053703308105","0.2628556415438652","0.2543638050556183","0.2712869346141815"
"1850","0.15317365154623985","0.14900937676429749","0.15765416622161865","0.14952698349952698","0.1427280455827713","0.1594962477684021","0.15299774706363678","0.1486964225769043","0.15769290924072266","0.24715083837509155","0.22876495122909546","0.28202497959136963","0.2634469196200371","0.2601173222064972","0.2657474875450134"
"1851","0.14529689773917198","0.14123763144016266","0.14765477180480957","0.14044932648539543","0.13695624470710754","0.14554977416992188","0.14511451497673988","0.14132913947105408","0.14684782922267914","0.23882846037546793","0.2205888330936432","0.2743909955024719","0.26443495601415634","0.2606630325317383","0.2690516710281372"
"1852","0.15245576947927475","0.14920674264431","0.1569494605064392","0.15010234713554382","0.14406508207321167","0.15671618282794952","0.15232998505234718","0.14908906817436218","0.15640103816986084","0.24736778934796652","0.22825318574905396","0.27966710925102234","0.2742081433534622","0.271163672208786","0.2802470326423645"
"1853","0.1491997390985489","0.1385899931192398","0.160381019115448","0.14513465762138367","0.1341853141784668","0.1576688587665558","0.14939870312809944","0.13946819305419922","0.16091211140155792","0.24450282255808511","0.23293781280517578","0.26632365584373474","0.25574593991041183","0.24122723937034607","0.27065548300743103"
"1854","0.1400158815085888","0.13432857394218445","0.15010853111743927","0.1374238133430481","0.13015273213386536","0.14658427238464355","0.1406480222940445","0.13408063352108002","0.15228858590126038","0.23555371165275574","0.20735213160514832","0.2793984115123749","0.26012589037418365","0.2504003047943115","0.27077701687812805"
"1855","0.1439487598836422","0.1382000744342804","0.14858654141426086","0.13888299092650414","0.13170117139816284","0.1447220742702484","0.14388525485992432","0.1383383870124817","0.14830884337425232","0.24483482042948404","0.21882480382919312","0.29389092326164246","0.2662196457386017","0.24781900644302368","0.2969706356525421"
"1856","0.14332033693790436","0.13488008081912994","0.15719501674175262","0.13859029486775398","0.13238461315631866","0.1495974063873291","0.14306342601776123","0.1350748986005783","0.15629462897777557","0.23872379958629608","0.21260307729244232","0.28976792097091675","0.26331911236047745","0.2515280246734619","0.2766702175140381"
"1857","0.1497412733733654","0.13446879386901855","0.16225098073482513","0.14519475027918816","0.13050884008407593","0.1617576628923416","0.15025322139263153","0.13584662973880768","0.16311654448509216","0.24193591872851053","0.22245639562606812","0.25939062237739563","0.2721043676137924","0.2537008821964264","0.2898000478744507"
"1858","0.14451786130666733","0.13605298101902008","0.15031415224075317","0.13931629806756973","0.1291496604681015","0.14869774878025055","0.14509135484695435","0.13663634657859802","0.15191082656383514","0.24107845624287924","0.21944057941436768","0.2822237014770508","0.2614317163825035","0.25230467319488525","0.26951634883880615"
"1859","0.15080028772354126","0.14633741974830627","0.15580609440803528","0.147496085613966","0.14049339294433594","0.15429894626140594","0.15139304846525192","0.14644019305706024","0.15567386150360107","0.24644515911738077","0.2255854308605194","0.28189074993133545","0.26845942437648773","0.2610720098018646","0.2786288857460022"
"1860","0.1578981950879097","0.14933514595031738","0.16630715131759644","0.1543586626648903","0.14284953474998474","0.16256995499134064","0.15827807039022446","0.14841876924037933","0.16761216521263123","0.2536252439022064","0.22814980149269104","0.2814858555793762","0.27950531244277954","0.27305668592453003","0.2946958541870117"
"1861","0.14533743262290955","0.1403398960828781","0.14776170253753662","0.14352073892951012","0.135530486702919","0.150506854057312","0.14607343450188637","0.1408865749835968","0.1489335596561432","0.23861782252788544","0.22111377120018005","0.27167168259620667","0.25509240478277206","0.2537188231945038","0.2565161883831024"
"1862","0.14957286044955254","0.14216609299182892","0.1545771360397339","0.14602721855044365","0.13763737678527832","0.15235596895217896","0.14981801062822342","0.14245159924030304","0.15556290745735168","0.24327824513117471","0.21944016218185425","0.2814035415649414","0.2648376002907753","0.26042357087135315","0.27059295773506165"
"1863","0.14651156216859818","0.142241969704628","0.1507754921913147","0.142107043415308","0.13659214973449707","0.14682930707931519","0.1472073271870613","0.14408136904239655","0.15063270926475525","0.24007670084635416","0.21970239281654358","0.27797776460647583","0.2645293176174164","0.26118993759155273","0.2679274082183838"
"1864","0.14591852575540543","0.1422559767961502","0.1485586166381836","0.14371144399046898","0.13942015171051025","0.14779751002788544","0.14655108749866486","0.14295628666877747","0.14871737360954285","0.23769037425518036","0.21644088625907898","0.278342068195343","0.2560276389122009","0.24998563528060913","0.26680395007133484"
"1865","0.15208087861537933","0.14535115659236908","0.159174382686615","0.1484551765024662","0.14217114448547363","0.15777461230754852","0.15275514498353004","0.14562343060970306","0.15931212902069092","0.2531930555899938","0.23286055028438568","0.28807854652404785","0.2721381038427353","0.26048940420150757","0.2787829041481018"
"1866","0.14425597339868546","0.1352764070034027","0.15042153000831604","0.14040261507034302","0.1302177757024765","0.15003255009651184","0.14476903155446053","0.1353677362203598","0.151101753115654","0.2436277468999227","0.21995164453983307","0.2866414785385132","0.25544193014502525","0.24662737548351288","0.2606169879436493"
"1867","0.15006650984287262","0.1448575109243393","0.15471604466438293","0.1465674191713333","0.14212442934513092","0.1483348160982132","0.15053679421544075","0.14559602737426758","0.1553461104631424","0.24070923030376434","0.22162142395973206","0.27534201741218567","0.2655859887599945","0.26105183362960815","0.2712908983230591"
"1868","0.14056497812271118","0.1315414160490036","0.15612947940826416","0.1369926556944847","0.13240663707256317","0.15019968152046204","0.14050940796732903","0.13215142488479614","0.15624168515205383","0.23450362185637155","0.21157988905906677","0.2746313810348511","0.26799727976322174","0.2610187232494354","0.2887967526912689"
"1869","0.14145458862185478","0.13581211864948273","0.14981019496917725","0.13701963052153587","0.1255546510219574","0.15054510533809662","0.14148397371172905","0.13483402132987976","0.15029744803905487","0.23183390498161316","0.21092616021633148","0.2631906569004059","0.2577137164771557","0.2498214989900589","0.2667200565338135"
"1870","0.1443195454776287","0.1354639083147049","0.1496874988079071","0.14040957391262054","0.131029412150383","0.14583221077919006","0.14522400870919228","0.13656353950500488","0.15220405161380768","0.23852779467900595","0.20908936858177185","0.28817033767700195","0.26478375494480133","0.2545718252658844","0.2746833264827728"
"1871","0.1497201807796955","0.13891637325286865","0.16684165596961975","0.14666342735290527","0.13302847743034363","0.15965881943702698","0.15017478540539742","0.13994483649730682","0.1675889492034912","0.24118415514628092","0.21796832978725433","0.2860761880874634","0.2667899876832962","0.25858795642852783","0.28433719277381897"
"1872","0.1524677462875843","0.13670668005943298","0.16449570655822754","0.14861881360411644","0.13339059054851532","0.16347843408584595","0.15243076533079147","0.1365513652563095","0.164311021566391","0.25411296884218854","0.2193639576435089","0.30317938327789307","0.26240577548742294","0.24208909273147583","0.27683818340301514"
"1873","0.1551978811621666","0.14034748077392578","0.16949792206287384","0.1511220932006836","0.13426539301872253","0.16295766830444336","0.15529613941907883","0.14030995965003967","0.17014898359775543","0.25828932225704193","0.22861672937870026","0.30524808168411255","0.2761335149407387","0.26239246129989624","0.2904787063598633"
"1874","0.13957663998007774","0.12750670313835144","0.14540550112724304","0.1362402942031622","0.12050843983888626","0.1436690092086792","0.1397506557404995","0.12750005722045898","0.14496365189552307","0.2405551274617513","0.21729329228401184","0.2841384708881378","0.2588709592819214","0.24664455652236938","0.2653261721134186"
"1875","0.14683671295642853","0.13394293189048767","0.1546797901391983","0.1440875567495823","0.1306353658437729","0.1597796231508255","0.14702920615673065","0.13517823815345764","0.15511956810951233","0.24548602104187012","0.22448065876960754","0.28016966581344604","0.2627640590071678","0.24702909588813782","0.27279236912727356"
"1876","0.15064289048314095","0.14549152553081512","0.15737226605415344","0.14844120293855667","0.13993771374225616","0.15415793657302856","0.15112679451704025","0.14474008977413177","0.1574154496192932","0.2504221548636754","0.22136449813842773","0.3029909133911133","0.2736522704362869","0.2688179016113281","0.28360113501548767"
"1877","0.14218353852629662","0.13565750420093536","0.1478293389081955","0.1393289789557457","0.13090267777442932","0.15018920600414276","0.14217649027705193","0.13465556502342224","0.14822691679000854","0.23483920097351074","0.2172124981880188","0.25946861505508423","0.2562390938401222","0.24512651562690735","0.26849767565727234"
"1878","0.15020473301410675","0.14399559795856476","0.1590997278690338","0.14616326615214348","0.13843119144439697","0.15338227152824402","0.150293730199337","0.14404268562793732","0.15880611538887024","0.24136988818645477","0.22100737690925598","0.2746692895889282","0.266351655125618","0.2587946951389313","0.27273982763290405"
"1879","0.1487387754023075","0.1447449028491974","0.15889520943164825","0.14643725752830505","0.14257721602916718","0.15444472432136536","0.14955750852823257","0.14522968232631683","0.15970879793167114","0.23680624862511954","0.21277190744876862","0.28253793716430664","0.25871071219444275","0.2516731917858124","0.2736731767654419"
"1880","0.14304476603865623","0.1370004117488861","0.156549334526062","0.14015669003129005","0.13149990141391754","0.15270303189754486","0.14326068758964539","0.1361173391342163","0.1567077934741974","0.23429670929908752","0.21063092350959778","0.2763133645057678","0.26017972081899643","0.25165003538131714","0.2732066214084625"
"1881","0.14789142832159996","0.14473119378089905","0.15161384642124176","0.1433437280356884","0.13549426198005676","0.15057560801506042","0.14869841560721397","0.1448352038860321","0.15388359129428864","0.24320337176322937","0.21709953248500824","0.28697314858436584","0.26691834628582","0.2609863579273224","0.2714696228504181"
"1882","0.14781232550740242","0.1364617943763733","0.15745213627815247","0.14449895173311234","0.13093990087509155","0.15544012188911438","0.14803343638777733","0.13672026991844177","0.15814374387264252","0.24744773407777151","0.2154865711927414","0.29660868644714355","0.2631765305995941","0.24724134802818298","0.2746346890926361"
"1883","0.1419338434934616","0.13845676183700562","0.1447904407978058","0.13893890008330345","0.13470733165740967","0.14287415146827698","0.14228523895144463","0.13792884349822998","0.14560584723949432","0.235855832695961","0.20970718562602997","0.2836340069770813","0.25581274926662445","0.2520832419395447","0.2621704041957855"
"1884","0.13713637366890907","0.12701159715652466","0.1469055414199829","0.12948475405573845","0.11929014325141907","0.13693609833717346","0.13709001243114471","0.1258857548236847","0.1474461853504181","0.235405961672465","0.20909930765628815","0.2649877369403839","0.2616336829960346","0.2484658807516098","0.27361342310905457"
"1885","0.13810691982507706","0.12712201476097107","0.1461969017982483","0.13350196555256844","0.12352560460567474","0.13977643847465515","0.13898393511772156","0.13005322217941284","0.14648064970970154","0.23160787920157114","0.21662993729114532","0.25768041610717773","0.26052970439195633","0.2500949203968048","0.26806575059890747"
"1886","0.14043822512030602","0.13370296359062195","0.1457173228263855","0.13351180031895638","0.12929017841815948","0.13611260056495667","0.1412532888352871","0.13478079438209534","0.14702105522155762","0.24697855611642203","0.2177826166152954","0.3004978895187378","0.2681012749671936","0.2545122504234314","0.2824414372444153"
"1887","0.13689162209630013","0.13437843322753906","0.13799522817134857","0.12981218844652176","0.1270366758108139","0.13260993361473083","0.1376231499016285","0.1349278688430786","0.1389932930469513","0.23475140829881033","0.21326346695423126","0.273957759141922","0.26232802122831345","0.2550160884857178","0.27037420868873596"
"1888","0.1351691409945488","0.12800471484661102","0.14758360385894775","0.12897404469549656","0.11947538703680038","0.13931135833263397","0.1354685313999653","0.12787488102912903","0.14804720878601074","0.24086207648118338","0.21546299755573273","0.2876177728176117","0.2602047920227051","0.25465869903564453","0.2693006694316864"
"1889","0.14154265820980072","0.13115277886390686","0.1527021825313568","0.1355133969336748","0.12386075407266617","0.14968323707580566","0.14247800409793854","0.13300533592700958","0.15240716934204102","0.23934289316336313","0.21156945824623108","0.27381640672683716","0.26693063974380493","0.2546025514602661","0.28183791041374207"
"1890","0.13780947774648666","0.1320999264717102","0.1441558450460434","0.13359754160046577","0.1277138590812683","0.13705433905124664","0.13874882459640503","0.13214515149593353","0.14481118321418762","0.242270698149999","0.21714192628860474","0.28083446621894836","0.2680303007364273","0.26351481676101685","0.27345818281173706"
"1891","0.1412341259419918","0.13622640073299408","0.14639359712600708","0.13544980436563492","0.1284857839345932","0.14262576401233673","0.1424628272652626","0.13630525767803192","0.14678379893302917","0.24022892117500305","0.21708667278289795","0.2790002226829529","0.26498524099588394","0.25780194997787476","0.2709251344203949"
"1892","0.1401471383869648","0.1368739902973175","0.14561480283737183","0.13165107928216457","0.12499291449785233","0.14469759166240692","0.14022647589445114","0.13686220347881317","0.14569884538650513","0.24190965791543326","0.224016010761261","0.27415937185287476","0.2621319591999054","0.2533925175666809","0.26718947291374207"
"1893","0.1410394199192524","0.12902766466140747","0.1504991501569748","0.13437181152403355","0.12077430635690689","0.14217668771743774","0.14139147475361824","0.12788332998752594","0.1516362875699997","0.23872472842534384","0.22190117835998535","0.2619410753250122","0.26610086113214493","0.2513999938964844","0.2790321111679077"
"1894","0.1366613768041134","0.126593217253685","0.1461276412010193","0.13122441433370113","0.1221967339515686","0.1411476582288742","0.13739581778645515","0.12743347883224487","0.1471836268901825","0.23454827070236206","0.20241203904151917","0.278991162776947","0.2536732517182827","0.24220822751522064","0.26224184036254883"
"1895","0.13861698284745216","0.13564196228981018","0.14175155758857727","0.13363029807806015","0.12731540203094482","0.13881783187389374","0.13839231804013252","0.13606098294258118","0.14077968895435333","0.24138415853182474","0.21600200235843658","0.28838011622428894","0.2562057599425316","0.24946215748786926","0.25899362564086914"
"1896","0.13823670148849487","0.13048645853996277","0.14386090636253357","0.13171735033392906","0.12831194698810577","0.13471285998821259","0.13864655792713165","0.1307573914527893","0.14371472597122192","0.23960094153881073","0.20602184534072876","0.27767154574394226","0.266076035797596","0.25186458230018616","0.2784876227378845"
"1897","0.1372370831668377","0.13148024678230286","0.14388138055801392","0.1315256878733635","0.1254984587430954","0.13552366197109222","0.13752422481775284","0.13114255666732788","0.14487171173095703","0.23082446058591208","0.20709390938282013","0.26579031348228455","0.25913282111287117","0.24909530580043793","0.2674272656440735"
"1898","0.1407131515443325","0.1347922384738922","0.14529770612716675","0.13402720913290977","0.12720073759555817","0.14098712801933289","0.14163261651992798","0.1360691338777542","0.14479130506515503","0.24550617237885794","0.21889372169971466","0.2902928590774536","0.26778943091630936","0.26140594482421875","0.274227112531662"
"1899","0.1401488594710827","0.1375318020582199","0.14221027493476868","0.13415805995464325","0.12993541359901428","0.13689634203910828","0.1411171518266201","0.13815972208976746","0.1427016407251358","0.2426518350839615","0.2180483341217041","0.2844223976135254","0.26467954367399216","0.26115214824676514","0.2675723135471344"
"1900","0.13545195385813713","0.1337687373161316","0.13843971490859985","0.12861835584044456","0.12605899572372437","0.132801353931427","0.1355273686349392","0.13315333425998688","0.1385749727487564","0.23995074133078256","0.21358658373355865","0.28298863768577576","0.26616474241018295","0.2647486925125122","0.26769205927848816"
"1901","0.1425236538052559","0.13486813008785248","0.1483675092458725","0.13671362027525902","0.12915106117725372","0.1426348239183426","0.14342493936419487","0.13493353128433228","0.15181365609169006","0.24309023221333823","0.2136194109916687","0.2943247854709625","0.2643270045518875","0.2577427625656128","0.2723459005355835"
"1902","0.1435641124844551","0.1335677206516266","0.1478150635957718","0.13565106689929962","0.13209544122219086","0.13797888159751892","0.14436883851885796","0.13362233340740204","0.1485428810119629","0.24398159980773926","0.21365585923194885","0.2892148196697235","0.26689961552619934","0.25358593463897705","0.274692177772522"
"1903","0.13799674808979034","0.1259744018316269","0.15379582345485687","0.13173777237534523","0.12335309386253357","0.14670272171497345","0.13827434554696083","0.1265028417110443","0.1549104005098343","0.24097645779450735","0.20410001277923584","0.2722557783126831","0.2600778006017208","0.24354051053524017","0.28804758191108704"
"1904","0.1365959346294403","0.12284612655639648","0.14357765018939972","0.1310724075883627","0.11692342907190323","0.14215140044689178","0.13705873489379883","0.12346576154232025","0.1430487334728241","0.2399869511524836","0.21885734796524048","0.27914953231811523","0.25209738686680794","0.24383801221847534","0.25846219062805176"
"1905","0.1403765194118023","0.1338910013437271","0.1472080647945404","0.13477163761854172","0.12735705077648163","0.13944363594055176","0.14045650511980057","0.1343667358160019","0.14658105373382568","0.24025567869345346","0.21603840589523315","0.2824713885784149","0.26829586923122406","0.2611403465270996","0.27691584825515747"
"1906","0.14381594955921173","0.14033649861812592","0.14810775220394135","0.13741887733340263","0.1300850510597229","0.14929457008838654","0.14452851563692093","0.14025476574897766","0.1492970585823059","0.2458649476369222","0.2108098268508911","0.28863418102264404","0.2632247433066368","0.25288307666778564","0.27268293499946594"
"1907","0.14038092643022537","0.13277843594551086","0.14592725038528442","0.13517887890338898","0.12644781172275543","0.14652453362941742","0.1408648043870926","0.13323242962360382","0.1464950293302536","0.2401230682929357","0.20712707936763763","0.28168004751205444","0.2556143142282963","0.24540196359157562","0.26465246081352234"
"1908","0.14421860501170158","0.1376575082540512","0.15112096071243286","0.1377415470778942","0.13019199669361115","0.1510515958070755","0.14511444047093391","0.13963757455348969","0.1522408276796341","0.2521548271179199","0.22946831583976746","0.2792888581752777","0.2728709280490875","0.2621491551399231","0.2966715097427368"
"1909","0.13648568093776703","0.13051524758338928","0.1421939730644226","0.13074274733662605","0.12085379660129547","0.14326441287994385","0.13703569769859314","0.1304301619529724","0.1419973522424698","0.23792934914429983","0.21648749709129333","0.2767455577850342","0.2537730373442173","0.24255625903606415","0.2628563642501831"
"1910","0.1359671764075756","0.1297139823436737","0.14224903285503387","0.13076680712401867","0.12173864990472794","0.14181984961032867","0.13684726506471634","0.13125741481781006","0.14339861273765564","0.24430951476097107","0.22223052382469177","0.28015729784965515","0.26367054134607315","0.2568303048610687","0.2735067307949066"
"1911","0.1348286159336567","0.13175413012504578","0.13600942492485046","0.12900913506746292","0.12487784028053284","0.1359928697347641","0.1359664537012577","0.13269424438476562","0.13802765309810638","0.23587878048419952","0.2145318239927292","0.2775063216686249","0.2509426549077034","0.2490062117576599","0.25300130248069763"
"1912","0.14199749752879143","0.1338769495487213","0.14491873979568481","0.1359613575041294","0.12697485089302063","0.14505916833877563","0.14187289401888847","0.13385328650474548","0.14474378526210785","0.24417312939961752","0.222206711769104","0.2819159924983978","0.26583120971918106","0.2588576674461365","0.2720613181591034"
"1913","0.14050789177417755","0.1319025754928589","0.14791420102119446","0.1342985462397337","0.12418004125356674","0.14451554417610168","0.14153538644313812","0.13220340013504028","0.1507185399532318","0.23446741700172424","0.20719996094703674","0.2766440808773041","0.25492310896515846","0.24754400551319122","0.2632454037666321"
"1914","0.14079559594392776","0.13223740458488464","0.14588524401187897","0.13298559561371803","0.12799489498138428","0.13562002778053284","0.14084084704518318","0.13185065984725952","0.1465703547000885","0.23561102151870728","0.20862318575382233","0.2773733139038086","0.2685854807496071","0.2552814781665802","0.2890239953994751"
"1915","0.14651518687605858","0.13628679513931274","0.15600815415382385","0.1405939757823944","0.1296486258506775","0.14651930332183838","0.14654430747032166","0.136458620429039","0.15574488043785095","0.24578827619552612","0.21355676651000977","0.291890412569046","0.26849350333213806","0.2547098994255066","0.2762955129146576"
"1916","0.13704147189855576","0.12488105893135071","0.15061022341251373","0.13177966699004173","0.1262759566307068","0.14174430072307587","0.1378972828388214","0.1258297562599182","0.1525743156671524","0.23621912797292074","0.21066990494728088","0.2823653221130371","0.26151806861162186","0.2543632686138153","0.27392226457595825"
"1917","0.1400681920349598","0.12621065974235535","0.15109911561012268","0.13503239303827286","0.1188286691904068","0.1517902910709381","0.1408074013888836","0.12678281962871552","0.15157875418663025","0.24934557576974234","0.2344190776348114","0.27586838603019714","0.25726889818906784","0.24094924330711365","0.2711196541786194"
"1918","0.14174357801675797","0.13707798719406128","0.1495985984802246","0.13451119512319565","0.1288261115550995","0.1473153680562973","0.1415879800915718","0.13707537949085236","0.14974936842918396","0.2411311020453771","0.21310777962207794","0.27884066104888916","0.2648147642612457","0.2566559314727783","0.2761455178260803"
"1919","0.14048902317881584","0.13251221179962158","0.14800235629081726","0.13415616005659103","0.1246279925107956","0.14332625269889832","0.14078843966126442","0.1335276961326599","0.14805088937282562","0.24396693209807077","0.2138243019580841","0.2858244776725769","0.26437903940677643","0.2590562701225281","0.271679162979126"
"1920","0.14481398463249207","0.13267913460731506","0.16205736994743347","0.1391943134367466","0.12467916309833527","0.15411341190338135","0.14512517675757408","0.13195839524269104","0.1628778725862503","0.24582641323407492","0.2228490561246872","0.27116984128952026","0.2695550471544266","0.2601858377456665","0.2870074510574341"
"1921","0.13937412574887276","0.13362404704093933","0.14779344201087952","0.1337861306965351","0.12960776686668396","0.1402391493320465","0.13995682820677757","0.13285362720489502","0.14849922060966492","0.23625153799851736","0.20631632208824158","0.2762874960899353","0.25866973027586937","0.24643631279468536","0.26809829473495483"
"1922","0.13757731392979622","0.13272331655025482","0.144137442111969","0.1312284804880619","0.12504982948303223","0.13971301913261414","0.13717207685112953","0.1328854113817215","0.14272838830947876","0.24282081425189972","0.21820546686649323","0.2862170934677124","0.2625771760940552","0.25789591670036316","0.2682042717933655"
"1923","0.1438978724181652","0.1398262083530426","0.14720427989959717","0.1391056813299656","0.13693547248840332","0.1416669487953186","0.1444089338183403","0.14117811620235443","0.14691585302352905","0.2414367844661077","0.21800710260868073","0.28017285466194153","0.2641294524073601","0.2566617727279663","0.26997607946395874"
"1924","0.14385892823338509","0.1313466727733612","0.1539710909128189","0.1380750611424446","0.12412753701210022","0.14540565013885498","0.14403294026851654","0.13027137517929077","0.15484470129013062","0.24581796924273172","0.2268165498971939","0.27610886096954346","0.2596672624349594","0.24468034505844116","0.27403387427330017"
"1925","0.12964168936014175","0.12046600133180618","0.14715182781219482","0.12498817406594753","0.11297906935214996","0.14052847027778625","0.1305398028343916","0.12026332318782806","0.14853999018669128","0.222964217265447","0.19978412985801697","0.2576691806316376","0.24980489164590836","0.23858726024627686","0.2717178165912628"
"1926","0.14197241887450218","0.13341481983661652","0.15745283663272858","0.13599955663084984","0.1270928978919983","0.1481410264968872","0.14237716421484947","0.13497480750083923","0.15744195878505707","0.24124775330225626","0.21748164296150208","0.26271528005599976","0.2611691281199455","0.2493276298046112","0.2816639244556427"
"1927","0.13863353803753853","0.13039852678775787","0.1446833610534668","0.13213876634836197","0.12916423380374908","0.13516968488693237","0.13924435898661613","0.13049408793449402","0.1458340883255005","0.24059669176737467","0.21115276217460632","0.2905677258968353","0.26502688229084015","0.25552818179130554","0.285539448261261"
"1928","0.1416429616510868","0.13669539988040924","0.1526758223772049","0.13568099215626717","0.1302388310432434","0.14291197061538696","0.14232563599944115","0.13751985132694244","0.15351785719394684","0.24415183067321777","0.2219027876853943","0.27971571683883667","0.2606450542807579","0.24971604347229004","0.2701184153556824"
"1929","0.1381608471274376","0.13344693183898926","0.14400799572467804","0.13291147723793983","0.12729103863239288","0.14417031407356262","0.1378834955394268","0.13303233683109283","0.14400914311408997","0.2369084656238556","0.21672125160694122","0.2734014093875885","0.2595527321100235","0.2562330663204193","0.262823224067688"
"1930","0.14478471502661705","0.13695178925991058","0.1597105860710144","0.13801153376698494","0.13031640648841858","0.1572967767715454","0.14482897520065308","0.1363452523946762","0.160849466919899","0.24955427646636963","0.2249351441860199","0.2802521288394928","0.2724051997065544","0.2622624933719635","0.29240652918815613"
"1931","0.14539606124162674","0.13493719696998596","0.15874236822128296","0.14129110425710678","0.12805664539337158","0.14904285967350006","0.14536242187023163","0.13516061007976532","0.15763817727565765","0.2442288945118586","0.2150794118642807","0.2980623245239258","0.2665160894393921","0.2565639615058899","0.28235170245170593"
"1932","0.1385716274380684","0.12983740866184235","0.14305439591407776","0.13312996551394463","0.1230146735906601","0.1383955180644989","0.13941167294979095","0.13379518687725067","0.14309175312519073","0.23419309655825296","0.21680518984794617","0.26831504702568054","0.259650856256485","0.2503865361213684","0.272910475730896"
"1933","0.1356097236275673","0.1335463523864746","0.13801074028015137","0.1285027712583542","0.12627045810222626","0.1324903964996338","0.1349364072084427","0.13397350907325745","0.13610577583312988","0.2336001992225647","0.21332493424415588","0.2628892958164215","0.2619212120771408","0.2567693889141083","0.2718336284160614"
"1934","0.13812091201543808","0.12664008140563965","0.1530492752790451","0.13362802006304264","0.12141983956098557","0.14410288631916046","0.13875268027186394","0.1280737668275833","0.15386784076690674","0.23620120187600455","0.2192053645849228","0.270188570022583","0.2634679228067398","0.25126442313194275","0.276972234249115"
"1935","0.1401907540857792","0.13587214052677155","0.14482921361923218","0.1338418573141098","0.13012894988059998","0.135316863656044","0.14072561636567116","0.13543733954429626","0.14559456706047058","0.24188993871212006","0.21504580974578857","0.27533382177352905","0.26222139596939087","0.2526037395000458","0.2730543315410614"
"1936","0.1436588317155838","0.14230068027973175","0.14614740014076233","0.1372867226600647","0.13338282704353333","0.14020146429538727","0.14357367157936096","0.14246110618114471","0.14563456177711487","0.24482649564743042","0.2208065390586853","0.2899642884731293","0.26539724320173264","0.2615065276622772","0.26869678497314453"
"1937","0.14096692204475403","0.13369965553283691","0.15094251930713654","0.1353033073246479","0.12782269716262817","0.14371244609355927","0.14117762446403503","0.13370251655578613","0.15061312913894653","0.23695759971936545","0.2125902771949768","0.2817370593547821","0.2629189044237137","0.25452691316604614","0.27225369215011597"
"1938","0.14506780728697777","0.13842658698558807","0.1558024138212204","0.1384064070880413","0.13289162516593933","0.1473701000213623","0.1451512984931469","0.13930651545524597","0.1561128944158554","0.2398309459288915","0.21269762516021729","0.2890706956386566","0.25772400200366974","0.24902886152267456","0.27391672134399414"
"1939","0.14730606228113174","0.12971746921539307","0.16460105776786804","0.14188607782125473","0.12398795783519745","0.15575455129146576","0.14726116880774498","0.1300463080406189","0.16375303268432617","0.253161092599233","0.22246578335762024","0.28399011492729187","0.2721431627869606","0.2545396089553833","0.2961357831954956"
"1940","0.13529664650559425","0.12917757034301758","0.14095531404018402","0.1305794846266508","0.12142474204301834","0.1346844732761383","0.13498584553599358","0.12798035144805908","0.14067107439041138","0.2315496802330017","0.21219204366207123","0.26780277490615845","0.25272979587316513","0.2498243749141693","0.2555539309978485"
"1941","0.14161457866430283","0.13305339217185974","0.16042277216911316","0.13564175739884377","0.12849928438663483","0.15449635684490204","0.14229385182261467","0.13436353206634521","0.1614731401205063","0.23284810781478882","0.20983730256557465","0.2723962962627411","0.26927658915519714","0.25734248757362366","0.29988595843315125"
"1942","0.14327161014080048","0.13613702356815338","0.15324878692626953","0.13704505935311317","0.12798789143562317","0.14779002964496613","0.14359673112630844","0.13588517904281616","0.15426459908485413","0.24480401476224264","0.21808099746704102","0.2920408248901367","0.2692843973636627","0.26118844747543335","0.28045064210891724"
"1943","0.14203649014234543","0.137002095580101","0.14691758155822754","0.1359333135187626","0.13234750926494598","0.13811208307743073","0.1422412171959877","0.1367199867963791","0.14803001284599304","0.24193070828914642","0.21624507009983063","0.28122806549072266","0.2694485932588577","0.2639560103416443","0.2757703959941864"
"1944","0.14223457872867584","0.13737165927886963","0.1469651311635971","0.1371557004749775","0.12937793135643005","0.14651072025299072","0.1420905962586403","0.13740625977516174","0.14682482182979584","0.2373994787534078","0.22454407811164856","0.2625865638256073","0.26123885437846184","0.24848942458629608","0.26885923743247986"
"1945","0.14527130499482155","0.1318638175725937","0.15760475397109985","0.1389828957617283","0.12333807349205017","0.14752766489982605","0.14584725350141525","0.13284814357757568","0.15820828080177307","0.24426631132761636","0.22285103797912598","0.27270060777664185","0.2650820314884186","0.25274884700775146","0.27892810106277466"
"1946","0.13674313202500343","0.13093532621860504","0.14459766447544098","0.1308414191007614","0.12398044764995575","0.1372637301683426","0.1371242143213749","0.13218533992767334","0.1447354108095169","0.23391305406888327","0.21376746892929077","0.2707058787345886","0.26216429471969604","0.25634250044822693","0.26912036538124084"
"1947","0.1336117424070835","0.12322121858596802","0.13972970843315125","0.12971405312418938","0.11828383803367615","0.13424427807331085","0.13468679040670395","0.12348227202892303","0.14192673563957214","0.2357354760169983","0.2115601897239685","0.2727905511856079","0.25381286814808846","0.24527700245380402","0.26027199625968933"
"1948","0.1397438868880272","0.13473573327064514","0.14560167491436005","0.13397960737347603","0.12909658253192902","0.14251835644245148","0.1400226280093193","0.1356227695941925","0.14522582292556763","0.2402165879805883","0.21206264197826385","0.2837933599948883","0.2517668046057224","0.24487881362438202","0.258341908454895"
"1949","0.1357034631073475","0.12907414138317108","0.13958576321601868","0.12975067645311356","0.12213627994060516","0.13803954422473907","0.13554230332374573","0.1291719675064087","0.1394750028848648","0.23613711694876352","0.21832826733589172","0.26955926418304443","0.256341602653265","0.24584509432315826","0.26231783628463745"
"1950","0.1383076272904873","0.1323222517967224","0.14105747640132904","0.1316341534256935","0.1304594874382019","0.1323547661304474","0.13820508122444153","0.13285717368125916","0.14079996943473816","0.23325030505657196","0.20666730403900146","0.2783391773700714","0.2559700608253479","0.24605000019073486","0.26445114612579346"
"1951","0.14028822258114815","0.13505706191062927","0.14817401766777039","0.13511555641889572","0.1280556619167328","0.14704924821853638","0.1409413479268551","0.1352248340845108","0.14796659350395203","0.2434738129377365","0.21958084404468536","0.28335580229759216","0.26265770196914673","0.25340282917022705","0.271281898021698"
"1952","0.13380933552980423","0.12732259929180145","0.14833474159240723","0.12773878127336502","0.12144871056079865","0.13786661624908447","0.1344887614250183","0.12926112115383148","0.14848950505256653","0.23247701426347098","0.20643194019794464","0.26291534304618835","0.247382503002882","0.23998472094535828","0.2635570466518402"
"1953","0.14639653265476227","0.13174355030059814","0.1568305492401123","0.1404255386441946","0.12126179784536362","0.15077152848243713","0.1463075391948223","0.13051757216453552","0.1572096347808838","0.24684613943099976","0.22966697812080383","0.2666301727294922","0.27222833782434464","0.25085732340812683","0.2870466709136963"
"1954","0.141068235039711","0.1325647532939911","0.15299637615680695","0.13609972596168518","0.12525807321071625","0.1481735110282898","0.14177532866597176","0.13331817090511322","0.15512321889400482","0.24158174296220145","0.214071586728096","0.2945043444633484","0.2561143860220909","0.2466723620891571","0.26905182003974915"
"1955","0.1483873389661312","0.14516164362430573","0.15615734457969666","0.14281119033694267","0.1359005719423294","0.1481359750032425","0.14889457821846008","0.14557096362113953","0.1567085087299347","0.24519076446692148","0.22610341012477875","0.28253257274627686","0.26991093903779984","0.26655882596969604","0.2772526144981384"
"1956","0.13354424387216568","0.12714585661888123","0.13893598318099976","0.12921817786991596","0.12124853581190109","0.13386261463165283","0.133369792252779","0.12659451365470886","0.13782258331775665","0.22995173434416452","0.20737572014331818","0.2749435603618622","0.25906407088041306","0.25194960832595825","0.26665905117988586"
"1957","0.14297343790531158","0.1362670660018921","0.14694301784038544","0.13751208037137985","0.1313537210226059","0.14637239277362823","0.14310074597597122","0.13626587390899658","0.1481858789920807","0.243236243724823","0.2134060561656952","0.28737735748291016","0.2624365985393524","0.25020304322242737","0.2693328261375427"
"1958","0.14221175387501717","0.13053986430168152","0.1605294942855835","0.13679960928857327","0.1240924820303917","0.15430514514446259","0.1424725092947483","0.1301882117986679","0.1610431671142578","0.23327991863091788","0.21085575222969055","0.2683617174625397","0.2573770545423031","0.2425258606672287","0.2872914671897888"
"1959","0.1353880725800991","0.12645700573921204","0.14899010956287384","0.1296796016395092","0.11937013268470764","0.13987642526626587","0.13533907011151314","0.12600253522396088","0.14966769516468048","0.2265898436307907","0.2020443081855774","0.26065826416015625","0.25470060482621193","0.24161319434642792","0.27087411284446716"
"1960","0.1399083435535431","0.1335393488407135","0.14898468554019928","0.13386110588908195","0.1270258128643036","0.14176654815673828","0.14008277282118797","0.1339980810880661","0.15022698044776917","0.24118519326051077","0.21590960025787354","0.28832781314849854","0.26185569912195206","0.2525756061077118","0.2718257009983063"
"1961","0.14140189439058304","0.1313147395849228","0.14627458155155182","0.13634224608540535","0.12665964663028717","0.14215540885925293","0.142193041741848","0.1344277560710907","0.14659251272678375","0.23848566909631094","0.219650536775589","0.2731195092201233","0.27063095569610596","0.2615202069282532","0.2798268496990204"
"1962","0.1420048400759697","0.13265839219093323","0.15471972525119781","0.1358470842242241","0.12548795342445374","0.1473398655653","0.14193158596754074","0.1326362043619156","0.15439705550670624","0.24440082410971323","0.21228018403053284","0.3074357211589813","0.26595155894756317","0.25432416796684265","0.28648075461387634"
"1963","0.14290977269411087","0.1355430781841278","0.1456156075000763","0.13624966144561768","0.13469013571739197","0.1372421383857727","0.14347831159830093","0.13608963787555695","0.14731822907924652","0.24328599870204926","0.21213629841804504","0.29361486434936523","0.2667701691389084","0.25997981429100037","0.27364581823349"
"1964","0.1452360302209854","0.13717252016067505","0.15067099034786224","0.13982608541846275","0.1343427151441574","0.14485162496566772","0.14524628967046738","0.13728493452072144","0.15122531354427338","0.2402837574481964","0.21447837352752686","0.2792969346046448","0.26589374244213104","0.25231972336769104","0.2817968428134918"
"1965","0.14194145798683167","0.1314774453639984","0.1497856229543686","0.13621601089835167","0.12274324893951416","0.1502709984779358","0.14200277626514435","0.131483256816864","0.15020307898521423","0.24396264553070068","0.21548226475715637","0.2897617816925049","0.2645651698112488","0.25292834639549255","0.2753363251686096"
"1966","0.13619358092546463","0.12122854590415955","0.14619781076908112","0.13168626837432384","0.11553897708654404","0.14818042516708374","0.13701066747307777","0.12200464308261871","0.14664271473884583","0.23101493219534555","0.1937519758939743","0.27513378858566284","0.2505182586610317","0.231595978140831","0.2608039081096649"
"1967","0.14248746633529663","0.13427138328552246","0.14596739411354065","0.13583945482969284","0.12506701052188873","0.14525984227657318","0.1425388678908348","0.1338234394788742","0.14634880423545837","0.24279507994651794","0.21413427591323853","0.28685712814331055","0.26328807324171066","0.25491490960121155","0.26724720001220703"
"1968","0.1419314444065094","0.13233324885368347","0.15206921100616455","0.1371367610991001","0.13060037791728973","0.14535608887672424","0.14238368347287178","0.13316400349140167","0.15197697281837463","0.24704864621162415","0.21625348925590515","0.2989599406719208","0.2624068781733513","0.2515708804130554","0.272371768951416"
"1969","0.1382734514772892","0.13137294352054596","0.14154385030269623","0.133839325979352","0.12393035739660263","0.14286939799785614","0.13877053186297417","0.13144323229789734","0.14342889189720154","0.23573130865891775","0.21190233528614044","0.27744942903518677","0.2554696276783943","0.24828261137008667","0.263497918844223"
"1970","0.1393703892827034","0.13507689535617828","0.14209899306297302","0.1339048594236374","0.1297319084405899","0.14145000278949738","0.13958479836583138","0.13542720675468445","0.14259757101535797","0.23694264888763428","0.21627765893936157","0.2746875286102295","0.2661237195134163","0.2613298296928406","0.2757219076156616"
"1971","0.1397637315094471","0.1316840648651123","0.14689207077026367","0.1352834329009056","0.13190984725952148","0.14190062880516052","0.13904240354895592","0.13129281997680664","0.1448996365070343","0.23769284784793854","0.21174462139606476","0.284185528755188","0.254905354231596","0.24776314198970795","0.25839459896087646"
"1972","0.14326630905270576","0.1280745416879654","0.1495835781097412","0.1374434046447277","0.12108148634433746","0.14458386600017548","0.14310967922210693","0.1275816261768341","0.1498337984085083","0.23806239664554596","0.20527946949005127","0.28105759620666504","0.26427721232175827","0.24653837084770203","0.2724824845790863"
"1973","0.14015280082821846","0.13221347332000732","0.1443832814693451","0.13504914566874504","0.12767693400382996","0.139999121427536","0.14089879021048546","0.13414670526981354","0.14488834142684937","0.23850864668687186","0.21545076370239258","0.2789980471134186","0.2548730596899986","0.24927598237991333","0.26073354482650757"
"1974","0.14159709215164185","0.13777631521224976","0.1515219360589981","0.13652610033750534","0.13156703114509583","0.14208702743053436","0.1423357054591179","0.13769564032554626","0.15044313669204712","0.23954163491725922","0.21121685206890106","0.2786194682121277","0.2551136203110218","0.24782586097717285","0.2674580216407776"
"1975","0.14723535627126694","0.1391197144985199","0.15911175310611725","0.14331385865807533","0.13165760040283203","0.15556438267230988","0.14838040620088577","0.14079275727272034","0.15961815416812897","0.2458359251419703","0.21972788870334625","0.2797259986400604","0.2742719054222107","0.2630210816860199","0.2891060411930084"
"1976","0.14149394631385803","0.13723760843276978","0.14355093240737915","0.1357044279575348","0.13027611374855042","0.1430198848247528","0.14133001863956451","0.13760022819042206","0.14340053498744965","0.24302221337954202","0.21699583530426025","0.28127068281173706","0.26389262080192566","0.2572905421257019","0.2735314965248108"
"1977","0.1415240317583084","0.13429608941078186","0.151799738407135","0.1360199935734272","0.1310577541589737","0.1452135294675827","0.14187633991241455","0.13435788452625275","0.15246626734733582","0.23539580404758453","0.21618852019309998","0.2706362009048462","0.2575672045350075","0.2552940845489502","0.2634390592575073"
"1978","0.13753104209899902","0.12411431968212128","0.14522060751914978","0.1321075800806284","0.1170598641037941","0.13816386461257935","0.13773944601416588","0.12304821610450745","0.1456228494644165","0.2330960383017858","0.1976047158241272","0.2832900881767273","0.2575966790318489","0.241522878408432","0.2656376361846924"
"1979","0.13972374610602856","0.12345985323190689","0.16168765723705292","0.13404206931591034","0.11777608096599579","0.15380463004112244","0.1396941039711237","0.12398188561201096","0.16159823536872864","0.23386071622371674","0.20836986601352692","0.27960819005966187","0.271298810839653","0.25442492961883545","0.29863792657852173"
"1980","0.13420020788908005","0.12510445713996887","0.14179986715316772","0.12930921651422977","0.12446046620607376","0.13442671298980713","0.13454390317201614","0.12589234113693237","0.1410638689994812","0.23556427657604218","0.2010144591331482","0.285774827003479","0.2603970170021057","0.2487354874610901","0.2687027156352997"
"1981","0.14129256084561348","0.13118547201156616","0.15315237641334534","0.13482782803475857","0.12418549507856369","0.14562344551086426","0.1415102295577526","0.13195227086544037","0.15349972248077393","0.2385582079490026","0.2173401564359665","0.2593615651130676","0.2732054069638252","0.2601791024208069","0.29513704776763916"
"1982","0.14332064241170883","0.13453906774520874","0.1524229347705841","0.13689641654491425","0.12795612215995789","0.14515024423599243","0.14368991553783417","0.13492414355278015","0.15278682112693787","0.2447018971045812","0.2233830988407135","0.28683966398239136","0.26489557325839996","0.2567066550254822","0.27712059020996094"
"1983","0.15040749683976173","0.1367274522781372","0.16118574142456055","0.1453547105193138","0.1286865919828415","0.16123485565185547","0.15089983493089676","0.13634352385997772","0.1621561497449875","0.249532679716746","0.2166900932788849","0.28527069091796875","0.2733190059661865","0.2609972059726715","0.2866862714290619"
"1984","0.13433322310447693","0.13168305158615112","0.13689005374908447","0.12886283732950687","0.1239992305636406","0.13083025813102722","0.13517113775014877","0.13150055706501007","0.13934239745140076","0.23160352309544882","0.2056262195110321","0.28352439403533936","0.2527431957423687","0.24638797342777252","0.26212841272354126"
"1985","0.13690033182501793","0.12817391753196716","0.1428348869085312","0.13236438110470772","0.13125738501548767","0.13434350490570068","0.13724014535546303","0.1288263201713562","0.14315690100193024","0.2274049073457718","0.2048756331205368","0.2716495394706726","0.25124211981892586","0.24248719215393066","0.25950175523757935"
"1986","0.15104572474956512","0.14038413763046265","0.15997222065925598","0.1447087787091732","0.13241687417030334","0.15241873264312744","0.15120810642838478","0.14183098077774048","0.16004736721515656","0.24980217715104422","0.2357160747051239","0.2727847397327423","0.2756097614765167","0.26123306155204773","0.28709524869918823"
"1987","0.14308108016848564","0.1343572437763214","0.15571480989456177","0.13710761815309525","0.1234184056520462","0.15640197694301605","0.1433606632053852","0.13366937637329102","0.15558680891990662","0.2363182653983434","0.2081984579563141","0.26616138219833374","0.26226697117090225","0.2502710223197937","0.2761855721473694"
"1988","0.13711194321513176","0.1301744282245636","0.14696988463401794","0.13261345028877258","0.12245340645313263","0.1456499844789505","0.1367960162460804","0.12869319319725037","0.14650869369506836","0.23354016244411469","0.21544130146503448","0.2617882490158081","0.2636348456144333","0.25676488876342773","0.2709731459617615"
"1989","0.13900365307927132","0.13393546640872955","0.14726805686950684","0.13250913470983505","0.12582457065582275","0.13985587656497955","0.13887081295251846","0.1341736912727356","0.1468154340982437","0.23743643363316855","0.21562902629375458","0.27258291840553284","0.2580561339855194","0.25300610065460205","0.2673981487751007"
"1990","0.13622471690177917","0.13156776130199432","0.14037398993968964","0.13042555190622807","0.12347095459699631","0.13902895152568817","0.13691825792193413","0.13347402215003967","0.14065271615982056","0.23554221292336783","0.2143806666135788","0.27429771423339844","0.2526024132966995","0.2505730390548706","0.2542233169078827"
"1991","0.1410663239657879","0.135104700922966","0.15160247683525085","0.13580378890037537","0.1313757300376892","0.14514070749282837","0.14164093881845474","0.13557054102420807","0.15162792801856995","0.24519520004590353","0.21730181574821472","0.27933210134506226","0.2604002356529236","0.25169146060943604","0.279499888420105"
"1992","0.14128956198692322","0.1334390789270401","0.1467098593711853","0.13704543933272362","0.12711262702941895","0.14530335366725922","0.14207085594534874","0.13445298373699188","0.14748170971870422","0.2403480460246404","0.21212759613990784","0.28586581349372864","0.26306238025426865","0.2542605698108673","0.2730105519294739"
"1993","0.14469144493341446","0.13596269488334656","0.15298695862293243","0.14070212841033936","0.13025014102458954","0.15173310041427612","0.1451413407921791","0.13695749640464783","0.15398669242858887","0.23738602797190347","0.21839039027690887","0.26171475648880005","0.270808108150959","0.2624557912349701","0.2819216847419739"
"1994","0.1382874958217144","0.13319745659828186","0.14345350861549377","0.1331213265657425","0.12752999365329742","0.13892757892608643","0.13872889429330826","0.13335736095905304","0.1438705325126648","0.22619570791721344","0.20427419245243073","0.26405683159828186","0.24678990989923477","0.24088454246520996","0.25691747665405273"
"1995","0.1335756741464138","0.12630689144134521","0.14084495604038239","0.12896964140236378","0.11955777555704117","0.14167456328868866","0.1334906481206417","0.1268540918827057","0.1410650908946991","0.231741930047671","0.20397746562957764","0.26933497190475464","0.2516796439886093","0.24373014271259308","0.26437804102897644"
"1996","0.13537529110908508","0.12893617153167725","0.14255018532276154","0.13199697621166706","0.1214577779173851","0.14121875166893005","0.13602907210588455","0.12985193729400635","0.1426917016506195","0.23245655000209808","0.20346616208553314","0.2713579535484314","0.2571239173412323","0.24760395288467407","0.26423734426498413"
"1997","0.14154698699712753","0.12899401783943176","0.1567607969045639","0.13646653294563293","0.12813395261764526","0.14918480813503265","0.1410358026623726","0.128677636384964","0.15528777241706848","0.24337202310562134","0.2056836485862732","0.3035571873188019","0.263268806040287","0.24895066022872925","0.2800179123878479"
"1998","0.13789810240268707","0.1322576105594635","0.1409986913204193","0.13289133086800575","0.12594476342201233","0.14244140684604645","0.13855749368667603","0.1324748396873474","0.1421748697757721","0.23678279419740042","0.2147517055273056","0.27714642882347107","0.2570757642388344","0.2520156502723694","0.26391029357910156"
"1999","0.1394810564815998","0.1321621686220169","0.14846563339233398","0.13486191257834435","0.12568658590316772","0.14436683058738708","0.14050208404660225","0.13279390335083008","0.1518803983926773","0.24421208600203195","0.21801970899105072","0.29531559348106384","0.2603134363889694","0.24978435039520264","0.2746487259864807"
"2000","0.13748816773295403","0.13457532227039337","0.1400163769721985","0.1328643336892128","0.12796321511268616","0.13822977244853973","0.1377585157752037","0.1342637836933136","0.14068028330802917","0.23779717087745667","0.21497829258441925","0.276210218667984","0.2539672441780567","0.24859990179538727","0.26047688722610474"
"2001","0.14084133878350258","0.13320554792881012","0.1477174162864685","0.13605228811502457","0.12966512143611908","0.13948535919189453","0.14119878038764","0.1353084295988083","0.14764165878295898","0.2363038808107376","0.2172936350107193","0.2711625099182129","0.2570190951228142","0.24994727969169617","0.2607215642929077"
"2002","0.13709914311766624","0.12795190513134003","0.14897561073303223","0.13324180617928505","0.12365846335887909","0.15061341226100922","0.1376272775232792","0.12868157029151917","0.14977669715881348","0.23159532248973846","0.2089919149875641","0.2543526291847229","0.259764913469553","0.24731005728244781","0.27517712116241455"
"2003","0.1333923451602459","0.1305074393749237","0.13835640251636505","0.12774813175201416","0.12452173233032227","0.1307435929775238","0.1334088109433651","0.13083329796791077","0.13735747337341309","0.2342833379904429","0.20497846603393555","0.2816007137298584","0.25375377014279366","0.2494494467973709","0.25758519768714905"
"2004","0.1411048211157322","0.13538384437561035","0.1453949213027954","0.13512033969163895","0.12800440192222595","0.13932576775550842","0.1411089487373829","0.1353159099817276","0.14534354209899902","0.23812561730543771","0.2136915624141693","0.2815273702144623","0.2684079259634018","0.25804346799850464","0.27911704778671265"
"2005","0.14042751863598824","0.13023477792739868","0.14768028259277344","0.13733094185590744","0.12404334545135498","0.15114806592464447","0.14114439114928246","0.12970907986164093","0.14894574880599976","0.24475630124409994","0.22707320749759674","0.2799369692802429","0.25719331204891205","0.24551260471343994","0.2668498754501343"
"2006","0.13964448496699333","0.12929698824882507","0.1480037122964859","0.13552039116621017","0.13097646832466125","0.14239560067653656","0.13971853628754616","0.1293635219335556","0.14844058454036713","0.23214164872964224","0.20198696851730347","0.2762797176837921","0.25562145560979843","0.24293220043182373","0.26449328660964966"
"2007","0.13883640244603157","0.1296645551919937","0.14301550388336182","0.13481222093105316","0.12337806820869446","0.14607089757919312","0.13894813880324364","0.12926402688026428","0.14263112843036652","0.2459927201271057","0.21749845147132874","0.2924880087375641","0.25867122039198875","0.24517546594142914","0.2672005891799927"
"2008","0.13910117745399475","0.1262720376253128","0.1530776023864746","0.1344396322965622","0.11959321796894073","0.144114151597023","0.13811755552887917","0.12574927508831024","0.14983397722244263","0.239738201101621","0.2063358873128891","0.29314088821411133","0.2566485330462456","0.24511075019836426","0.27157729864120483"
"2009","0.14445189014077187","0.13901446759700775","0.14938418567180634","0.13961253687739372","0.13244032859802246","0.14548763632774353","0.14497490972280502","0.13995486497879028","0.14966025948524475","0.24302272498607635","0.21949632465839386","0.28216105699539185","0.2651641368865967","0.2584756016731262","0.2734459936618805"
"2010","0.14396729692816734","0.13875767588615417","0.15072129666805267","0.1392623782157898","0.13429902493953705","0.14574258029460907","0.1442384384572506","0.1394197642803192","0.15144717693328857","0.24850738048553467","0.21867460012435913","0.3033541738986969","0.2617863044142723","0.25356703996658325","0.27168533205986023"
"2011","0.14398697018623352","0.13403870165348053","0.15828099846839905","0.1382734291255474","0.1302938163280487","0.15129822492599487","0.14401165023446083","0.13438573479652405","0.15805859863758087","0.24114193518956503","0.2109907865524292","0.27274027466773987","0.2698761224746704","0.2565925121307373","0.28332093358039856"
"2012","0.1364782229065895","0.1290704607963562","0.13968026638031006","0.12963524088263512","0.12193645536899567","0.13412386178970337","0.13634847477078438","0.12919050455093384","0.13942380249500275","0.23490077753861746","0.21358811855316162","0.275390088558197","0.24909095466136932","0.23516452312469482","0.25469136238098145"
"2013","0.13635366410017014","0.12952683866024017","0.14249777793884277","0.13149984925985336","0.12431013584136963","0.14363284409046173","0.13699480146169662","0.12934628129005432","0.14318205416202545","0.2362888902425766","0.20677821338176727","0.2756195068359375","0.25725553929805756","0.25127485394477844","0.26526588201522827"
"2014","0.14923429116606712","0.13567595183849335","0.16037598252296448","0.14248204976320267","0.12687841057777405","0.15244106948375702","0.14998860657215118","0.1358986794948578","0.1617664247751236","0.25397441287835437","0.22482594847679138","0.29992419481277466","0.2735101208090782","0.2622791528701782","0.28282430768013"
"2015","0.14445673301815987","0.13889005780220032","0.1596202850341797","0.13910288736224174","0.13002486526966095","0.15949155390262604","0.1448584496974945","0.13959769904613495","0.16004519164562225","0.24260733524958292","0.21637015044689178","0.2814819812774658","0.2624490112066269","0.254736989736557","0.27398741245269775"
"2016","0.13905832543969154","0.12725825607776642","0.15498702228069305","0.1340719722211361","0.125025674700737","0.15214119851589203","0.13927536457777023","0.12720216810703278","0.15531113743782043","0.2382021794716517","0.22012311220169067","0.26683712005615234","0.2561459466814995","0.2430560290813446","0.2674053907394409"
"2017","0.13695375248789787","0.129806250333786","0.1425454020500183","0.1315949149429798","0.1273844838142395","0.13643284142017365","0.1374346688389778","0.12956583499908447","0.14509330689907074","0.2342382868131002","0.2050548791885376","0.28387248516082764","0.2533273920416832","0.24241268634796143","0.2660478353500366"
"2018","0.14084497466683388","0.13287414610385895","0.15312859416007996","0.1345607303082943","0.12946437299251556","0.14460918307304382","0.1413818821310997","0.13332822918891907","0.1537708044052124","0.2410991241534551","0.20784662663936615","0.27728623151779175","0.2645965479314327","0.24900807440280914","0.28063321113586426"
"2019","0.1464330144226551","0.13262540102005005","0.17127500474452972","0.14166826754808426","0.12548059225082397","0.16464444994926453","0.14691264927387238","0.134504497051239","0.1708533763885498","0.24513529737790427","0.21532881259918213","0.2653254270553589","0.2693691626191139","0.25197362899780273","0.3003365993499756"
"2020","0.14011547341942787","0.13598299026489258","0.14344422519207","0.136288084089756","0.13220195472240448","0.13952432572841644","0.14057238027453423","0.1370818316936493","0.14351871609687805","0.23602855702241263","0.21391166746616364","0.2779576778411865","0.2673869803547859","0.26059117913246155","0.2723678946495056"
"2021","0.13832390308380127","0.13515865802764893","0.1467660516500473","0.13431119918823242","0.1286492496728897","0.13997647166252136","0.13916168734431267","0.13586048781871796","0.14795684814453125","0.24019802113374075","0.21732152998447418","0.28401970863342285","0.25570113956928253","0.24933835864067078","0.25995612144470215"
"2022","0.14322540536522865","0.14141982793807983","0.14622323215007782","0.13771988451480865","0.13369852304458618","0.1427643895149231","0.14322326704859734","0.14155040681362152","0.14620691537857056","0.24045854806900024","0.21994487941265106","0.2781299650669098","0.2637772262096405","0.2630566954612732","0.2645546793937683"
"2023","0.13856039941310883","0.132287859916687","0.14510120451450348","0.13408776000142097","0.12709707021713257","0.14622241258621216","0.13836045935750008","0.13061131536960602","0.1460283398628235","0.23345300555229187","0.2179662585258484","0.26267024874687195","0.2529004476964474","0.24379085004329681","0.25854772329330444"
"2025","0.14345424994826317","0.13804496824741364","0.1542641818523407","0.13928411155939102","0.13465233147144318","0.1464274525642395","0.14313067123293877","0.1381882280111313","0.1527314931154251","0.2465833475192388","0.21563035249710083","0.3047506511211395","0.25723252445459366","0.2512330412864685","0.2721336781978607"
"2026","0.1398897711187601","0.12404435127973557","0.14736445248126984","0.1364797241985798","0.11971575021743774","0.14944204688072205","0.1409728229045868","0.12682950496673584","0.14824892580509186","0.23731295764446259","0.21819129586219788","0.2622491121292114","0.26087406650185585","0.2445135861635208","0.27290236949920654"
"2027","0.13978442177176476","0.13061466813087463","0.1478734314441681","0.13682835921645164","0.13229432702064514","0.1413336992263794","0.14049546793103218","0.131214901804924","0.14932456612586975","0.2407713234424591","0.21710513532161713","0.2841588854789734","0.25454220175743103","0.24946272373199463","0.26007992029190063"
"2028","0.14254112541675568","0.13173246383666992","0.15664653480052948","0.1364641711115837","0.12600314617156982","0.14843273162841797","0.14188781008124352","0.1320318579673767","0.15554873645305634","0.2367662936449051","0.21044403314590454","0.27565625309944153","0.26064955070614815","0.24951575696468353","0.2768183946609497"
"2029","0.14569885656237602","0.1375003308057785","0.16402173042297363","0.14077876508235931","0.1325756460428238","0.1547139286994934","0.14505217969417572","0.13763664662837982","0.16478006541728973","0.2462040682633718","0.21647486090660095","0.2792036831378937","0.26095080375671387","0.2492155134677887","0.28421586751937866"
"2030","0.14383826777338982","0.13955029845237732","0.14980687201023102","0.13800903409719467","0.1314876675605774","0.14827968180179596","0.1427915394306183","0.13970105350017548","0.14683715999126434","0.23898611466089884","0.21897780895233154","0.2731790542602539","0.2598053738474846","0.2548176050186157","0.26167747378349304"
"2031","0.13966399058699608","0.13313695788383484","0.14306190609931946","0.1349407359957695","0.12756097316741943","0.14338350296020508","0.14049645885825157","0.13340942561626434","0.14476054906845093","0.2335764318704605","0.21046358346939087","0.2739914655685425","0.24854721501469612","0.24467284977436066","0.2509765625"
"2032","0.13918039575219154","0.12716883420944214","0.15978561341762543","0.13473127968609333","0.12154741585254669","0.158349871635437","0.1398061327636242","0.12698401510715485","0.1611589640378952","0.24742226799329123","0.20851650834083557","0.285161554813385","0.2599767930805683","0.24408157169818878","0.28786200284957886"
"2033","0.13595714792609215","0.12664082646369934","0.14593587815761566","0.13057663291692734","0.12027092278003693","0.13857312500476837","0.13554523885250092","0.12712378799915314","0.14391139149665833","0.23119956254959106","0.20988546311855316","0.27070751786231995","0.2533889375627041","0.2470882385969162","0.26076099276542664"
"2034","0.14250058308243752","0.136940136551857","0.147182434797287","0.13679440692067146","0.12921999394893646","0.1444070190191269","0.14273976162075996","0.13893218338489532","0.14733481407165527","0.24634426335493723","0.2295399010181427","0.2778453230857849","0.26082461327314377","0.2549123466014862","0.2693328261375427"
"2035","0.14799227565526962","0.1419072300195694","0.15138164162635803","0.14229119941592216","0.13989287614822388","0.14451196789741516","0.14735417440533638","0.14082764089107513","0.15105026960372925","0.24746022621790567","0.2235693335533142","0.28465279936790466","0.2658591717481613","0.2610476016998291","0.2692030072212219"
"2036","0.14248180389404297","0.1387021243572235","0.1489850878715515","0.1376812793314457","0.12981712818145752","0.15268060564994812","0.1426176279783249","0.13816258311271667","0.1508157104253769","0.24168794353803","0.22406646609306335","0.2752218246459961","0.26560307294130325","0.25808417797088623","0.27309247851371765"
"2037","0.1437898725271225","0.12999528646469116","0.15150637924671173","0.13961853832006454","0.13098213076591492","0.14518675208091736","0.14487358555197716","0.13090422749519348","0.154269739985466","0.24118213852246603","0.20404382050037384","0.2932073473930359","0.2596523016691208","0.23978957533836365","0.27372196316719055"
"2038","0.14237472414970398","0.13403503596782684","0.14784672856330872","0.13888097926974297","0.1344839334487915","0.14323392510414124","0.14198481291532516","0.13214248418807983","0.1479305922985077","0.23360006511211395","0.20121660828590393","0.2781943082809448","0.2618744671344757","0.2469227910041809","0.2691827416419983"
"2039","0.14859449863433838","0.13698789477348328","0.16604137420654297","0.1431504301726818","0.12965543568134308","0.15844574570655823","0.1488201916217804","0.13708938658237457","0.16664323210716248","0.2429734468460083","0.20853522419929504","0.30112478137016296","0.26216067373752594","0.24716812372207642","0.28570887446403503"
"2040","0.13254453986883163","0.12429536879062653","0.13947385549545288","0.12729252316057682","0.12070416659116745","0.13448680937290192","0.1324477568268776","0.12448446452617645","0.13923636078834534","0.22914031147956848","0.21134114265441895","0.26233968138694763","0.25296544656157494","0.24571828544139862","0.25977271795272827"
"2041","0.1390061043202877","0.135698139667511","0.14249111711978912","0.1340198963880539","0.12773744761943817","0.1386536955833435","0.13937926292419434","0.13618604838848114","0.1423819363117218","0.23479889333248138","0.21181122958660126","0.27872562408447266","0.2633206993341446","0.2605680227279663","0.2691310942173004"
"2042","0.14134494215250015","0.13727419078350067","0.14733590185642242","0.13583091273903847","0.1301526427268982","0.14143551886081696","0.14156991615891457","0.13769586384296417","0.14725171029567719","0.23951314886411032","0.21349956095218658","0.2799050509929657","0.2703445702791214","0.25253820419311523","0.30439943075180054"
"2043","0.14625238627195358","0.1306014358997345","0.15603160858154297","0.1420627124607563","0.12440468370914459","0.15832260251045227","0.14670534431934357","0.13075405359268188","0.1575269103050232","0.2513580918312073","0.20990809798240662","0.29914432764053345","0.271351620554924","0.2544775605201721","0.2890818119049072"
"2044","0.13939519226551056","0.13005559146404266","0.14787302911281586","0.13614153489470482","0.12706154584884644","0.1446765512228012","0.13928987458348274","0.13054268062114716","0.14839565753936768","0.24395946661631265","0.2188178151845932","0.27480900287628174","0.25822195783257484","0.24448449909687042","0.2764008045196533"
"2045","0.14094341918826103","0.1364278793334961","0.14413541555404663","0.13678305968642235","0.1325923055410385","0.1392594575881958","0.14196469634771347","0.1384900063276291","0.1451665163040161","0.2379419207572937","0.21164025366306305","0.2835809886455536","0.25937045365571976","0.2516871690750122","0.2641807794570923"
"2046","0.13589821010828018","0.13127626478672028","0.14217717945575714","0.13064260222017765","0.12496121972799301","0.1412278711795807","0.13579311594367027","0.12905237078666687","0.143903911113739","0.235700453321139","0.21417860686779022","0.266792893409729","0.26063746213912964","0.255077987909317","0.27046895027160645"
"2047","0.1362622268497944","0.1299503743648529","0.14630849659442902","0.13145708665251732","0.12488269805908203","0.13848765194416046","0.13674111664295197","0.1299666464328766","0.14699062705039978","0.2296926180521647","0.2002074122428894","0.2825123965740204","0.252787321805954","0.2440146803855896","0.26404106616973877"
"2048","0.14192625880241394","0.13415780663490295","0.14977151155471802","0.13798843324184418","0.12675699591636658","0.1522953361272812","0.1417529657483101","0.1338232010602951","0.15100227296352386","0.24071850876013437","0.2100207656621933","0.2749941647052765","0.2594267688691616","0.24813337624073029","0.27047187089920044"
"2049","0.14359187707304955","0.14110228419303894","0.1486791968345642","0.13933592662215233","0.13458269834518433","0.1499595046043396","0.1438954509794712","0.1416192650794983","0.14881624281406403","0.2432208607594172","0.21650543808937073","0.28263792395591736","0.25871650874614716","0.25122302770614624","0.26572874188423157"
"2050","0.1414698027074337","0.13232794404029846","0.15489229559898376","0.13612890616059303","0.13014960289001465","0.14811930060386658","0.14051326736807823","0.13041211664676666","0.1551167219877243","0.24033167461554208","0.2051640897989273","0.28263792395591736","0.25894373655319214","0.2491021752357483","0.2749323844909668"
"2051","0.14091379567980766","0.13674256205558777","0.14290601015090942","0.1354428306221962","0.13407137989997864","0.13695594668388367","0.14104971662163734","0.1349812000989914","0.1438142955303192","0.2420285443464915","0.21744057536125183","0.2905106842517853","0.2628897354006767","0.25920310616493225","0.2686505913734436"
"2052","0.14239368587732315","0.1367092728614807","0.14492292702198029","0.13897249847650528","0.13661324977874756","0.14267709851264954","0.1433837153017521","0.13569273054599762","0.14811810851097107","0.23962282637755075","0.21329359710216522","0.2848602831363678","0.26459886133670807","0.24959054589271545","0.28574708104133606"
"2053","0.144337996840477","0.14266057312488556","0.14875522255897522","0.13942698761820793","0.1349821388721466","0.14254820346832275","0.14482202753424644","0.14274701476097107","0.14817965030670166","0.24101346731185913","0.2202867865562439","0.2768857181072235","0.26099133491516113","0.2552439570426941","0.26868003606796265"
"2054","0.1407812274992466","0.13644573092460632","0.14492839574813843","0.13601801171898842","0.13002559542655945","0.14405831694602966","0.14003416895866394","0.13493940234184265","0.1445506513118744","0.2385760247707367","0.22037142515182495","0.27385708689689636","0.2579634189605713","0.25371378660202026","0.26084622740745544"
"2055","0.1423010304570198","0.13771331310272217","0.15230464935302734","0.1377825327217579","0.1337755173444748","0.14536923170089722","0.14178413152694702","0.1371721476316452","0.15165729820728302","0.23492860794067383","0.21246159076690674","0.2794732451438904","0.25447386503219604","0.248905748128891","0.2619176506996155"
"2056","0.14255313947796822","0.1322578340768814","0.1529892086982727","0.13743462227284908","0.124024398624897","0.14713044464588165","0.14313362538814545","0.13137072324752808","0.15380597114562988","0.23537262280782065","0.21133998036384583","0.26510974764823914","0.26270291581749916","0.24667449295520782","0.2752072811126709"
"2057","0.14188237860798836","0.13655132055282593","0.1481688916683197","0.13729547709226608","0.13189451396465302","0.14206118881702423","0.1415618434548378","0.13732120394706726","0.1475074589252472","0.2388123720884323","0.21486707031726837","0.28396621346473694","0.25258779525756836","0.24685555696487427","0.2590627074241638"
"2058","0.13574128597974777","0.1295498162508011","0.14346273243427277","0.1327146179974079","0.12635484337806702","0.13701960444450378","0.13588201999664307","0.12999886274337769","0.14262522757053375","0.23227200408776602","0.20413537323474884","0.2716904878616333","0.2545163929462433","0.24186059832572937","0.26639968156814575"
"2059","0.14421586319804192","0.13865713775157928","0.15765312314033508","0.13800978660583496","0.1319701373577118","0.15043669939041138","0.1437157690525055","0.13821649551391602","0.15655647218227386","0.24341662228107452","0.21362850069999695","0.2973402738571167","0.25542016699910164","0.24441160261631012","0.2731871008872986"
"2060","0.14194460958242416","0.13611166179180145","0.15010128915309906","0.1376250423491001","0.13070140779018402","0.1423698514699936","0.1522921547293663","0.13668662309646606","0.17801621556282043","0.2420138418674469","0.21346953511238098","0.2848266661167145","0.265619695186615","0.25845491886138916","0.27095362544059753"
"2061","0.1443130560219288","0.13535448908805847","0.15367120504379272","0.14002130925655365","0.13139887154102325","0.14638471603393555","0.14528124034404755","0.13532984256744385","0.15453657507896423","0.2410087784131368","0.21986466646194458","0.2785404324531555","0.26605772972106934","0.2576487064361572","0.2711333632469177"
"2062","0.14227619767189026","0.13072361052036285","0.15656715631484985","0.13798419013619423","0.12459135055541992","0.1571345180273056","0.14365805685520172","0.1314261108636856","0.16237829625606537","0.24076141913731894","0.2164512574672699","0.2665836811065674","0.26233145594596863","0.24845364689826965","0.2767375409603119"
"2063","0.1367962844669819","0.1355043351650238","0.13856561481952667","0.1331472285091877","0.12924420833587646","0.13873198628425598","0.14113463833928108","0.13566520810127258","0.15215015411376953","0.2341866890589396","0.2104065865278244","0.2811093330383301","0.25116806477308273","0.24703171849250793","0.25425076484680176"
"2064","0.1424400545656681","0.1364416480064392","0.15274319052696228","0.13619621098041534","0.12960512936115265","0.1442553699016571","0.14722545444965363","0.13571159541606903","0.16080109775066376","0.23821977277596793","0.21758432686328888","0.2639595568180084","0.2587321549654007","0.2514481842517853","0.2711276412010193"
"2065","0.14793578535318375","0.13044849038124084","0.1546296775341034","0.14329243823885918","0.13090674579143524","0.1483590304851532","0.15437749028205872","0.15366396307945251","0.15538303554058075","0.2437137613693873","0.2045917809009552","0.2914060354232788","0.2716991864144802","0.24985189735889435","0.2822111248970032"
"2066","0.1417132318019867","0.13557903468608856","0.1533128321170807","0.13712288439273834","0.1270529329776764","0.14730003476142883","0.14412271976470947","0.13479363918304443","0.1536617875099182","0.2311774641275406","0.212535560131073","0.2592288553714752","0.2620018497109413","0.25110507011413574","0.27657216787338257"
"2067","0.1407804675400257","0.13461560010910034","0.1586049199104309","0.1341337487101555","0.1266745775938034","0.1505444347858429","0.14160355553030968","0.1343909054994583","0.15864335000514984","0.24215976893901825","0.21149559319019318","0.3011883497238159","0.26337601244449615","0.25340721011161804","0.2835584282875061"
"2068","0.1429036185145378","0.13159310817718506","0.15431813895702362","0.13821082934737206","0.1265125572681427","0.1560271680355072","0.14392009377479553","0.13296976685523987","0.15655045211315155","0.24434288839499155","0.2270057648420334","0.27132219076156616","0.2622739337384701","0.24603624641895294","0.27997511625289917"
"2069","0.14133897423744202","0.13562069833278656","0.14825284481048584","0.13571441173553467","0.12812280654907227","0.14087846875190735","0.1420326568186283","0.13559308648109436","0.14849640429019928","0.23427052795886993","0.2122117280960083","0.27116620540618896","0.25430042669177055","0.24319060146808624","0.2675660252571106"
"2070","0.14782092347741127","0.13999761641025543","0.15718470513820648","0.14316323027014732","0.1358422189950943","0.14978104829788208","0.1478751339018345","0.13942135870456696","0.15667711198329926","0.2471348742643992","0.22439932823181152","0.2913113236427307","0.2656468227505684","0.25930356979370117","0.27340632677078247"
"2071","0.14491448551416397","0.14104357361793518","0.15014103055000305","0.14041723310947418","0.13421501219272614","0.1455163061618805","0.14561862871050835","0.14129680395126343","0.15055310726165771","0.2426380068063736","0.21444381773471832","0.2892969846725464","0.26794854551553726","0.2601945102214813","0.2721126973628998"
"2072","0.13786406069993973","0.12751224637031555","0.14350228011608124","0.1327730007469654","0.12121473252773285","0.13993743062019348","0.13919684663414955","0.12792085111141205","0.14528149366378784","0.23869126041730246","0.19812968373298645","0.2874249517917633","0.2565741091966629","0.23689472675323486","0.2712435722351074"
"2073","0.13840965926647186","0.13568785786628723","0.14144201576709747","0.1345837377011776","0.12932486832141876","0.13671788573265076","0.13997351378202438","0.13583151996135712","0.14191050827503204","0.23774454494317374","0.21616888046264648","0.27589407563209534","0.25674982368946075","0.24900269508361816","0.26268208026885986"
"2074","0.13723119720816612","0.12826715409755707","0.145717591047287","0.133384233340621","0.12364558130502701","0.1459788680076599","0.13799145072698593","0.1281706541776657","0.15278136730194092","0.23413353661696115","0.209670290350914","0.27023905515670776","0.24309571087360382","0.23069584369659424","0.2548571825027466"
"2075","0.14211681857705116","0.1418575644493103","0.14240026473999023","0.13742710277438164","0.13562753796577454","0.1410650908946991","0.1433180272579193","0.14204564690589905","0.14661948382854462","0.2419032653172811","0.21962952613830566","0.28219741582870483","0.2637813836336136","0.26021361351013184","0.2667365074157715"
"2076","0.13955125957727432","0.1318947821855545","0.14755594730377197","0.13366787508130074","0.12897305190563202","0.1387481540441513","0.1400711014866829","0.1337437927722931","0.14817100763320923","0.23061354955037436","0.20484018325805664","0.27643829584121704","0.25380397215485573","0.24527981877326965","0.26220187544822693"
"2077","0.14260635524988174","0.13329795002937317","0.14657507836818695","0.13862035423517227","0.13634134829044342","0.14094053208827972","0.1443113572895527","0.13689962029457092","0.14758214354515076","0.23905082046985626","0.21034707129001617","0.28366348147392273","0.2664203494787216","0.25417008996009827","0.2767203748226166"
"2078","0.14445031434297562","0.1413024365901947","0.1490161120891571","0.1387602984905243","0.1365090310573578","0.1406143605709076","0.14588595926761627","0.14243961870670319","0.14888915419578552","0.23933679858843485","0.22053110599517822","0.27505385875701904","0.26710109412670135","0.26483914256095886","0.27080756425857544"
"2079","0.14387064054608345","0.13507534563541412","0.15600068867206573","0.1396726742386818","0.12916065752506256","0.15189406275749207","0.1450863927602768","0.13656750321388245","0.15654121339321136","0.24658376971880594","0.22148028016090393","0.2768893837928772","0.26827844232320786","0.25419503450393677","0.2876569628715515"
"2080","0.13305695727467537","0.12729747593402863","0.1396048367023468","0.12870823591947556","0.12144285440444946","0.1348675638437271","0.13376328721642494","0.12711074948310852","0.13916544616222382","0.2213395039240519","0.20555207133293152","0.25102102756500244","0.24751732498407364","0.2410600781440735","0.2526915669441223"
"2081","0.14403291791677475","0.14048710465431213","0.149680495262146","0.13809522986412048","0.13455519080162048","0.14556995034217834","0.1449892483651638","0.14058715105056763","0.1546616405248642","0.23767700294653574","0.21557976305484772","0.2719722092151642","0.2569871246814728","0.2516535520553589","0.263725221157074"
"2082","0.13866744935512543","0.13082928955554962","0.15035876631736755","0.13355115801095963","0.12561967968940735","0.14171607792377472","0.14034173637628555","0.1357026845216751","0.15011653304100037","0.2367678036292394","0.2016514539718628","0.29867011308670044","0.24809683486819267","0.23846082389354706","0.2613752782344818"
"2083","0.14543719589710236","0.13957789540290833","0.15554150938987732","0.1399460807442665","0.1316319704055786","0.14804306626319885","0.1470021940767765","0.1400567889213562","0.15478184819221497","0.24131681521733603","0.21442371606826782","0.28092700242996216","0.2688221335411072","0.2590227723121643","0.2818446159362793"
"2084","0.13985158130526543","0.13169723749160767","0.1491810828447342","0.1340959034860134","0.12970471382141113","0.1422460824251175","0.14092658087611198","0.13363052904605865","0.15095923840999603","0.2348961035410563","0.20494204759597778","0.28378796577453613","0.26796674355864525","0.2433800846338272","0.30551987886428833"
"2085","0.1430857665836811","0.13777029514312744","0.1501924991607666","0.13929688185453415","0.13355793058872223","0.14529453217983246","0.1440519392490387","0.1386706382036209","0.15081994235515594","0.23820295433203378","0.2120722234249115","0.2871595025062561","0.2674058750271797","0.25876495242118835","0.2783293128013611"
"2086","0.13922831788659096","0.13239960372447968","0.1484486609697342","0.1351962722837925","0.1318414956331253","0.14112162590026855","0.13992244750261307","0.1359207034111023","0.14728263020515442","0.2322849134604136","0.20871520042419434","0.2744445204734802","0.2645815387368202","0.2546289265155792","0.2723557949066162"
"2087","0.1421315185725689","0.1392349898815155","0.14602820575237274","0.138178750872612","0.1364997923374176","0.14120981097221375","0.14264823123812675","0.14037196338176727","0.14631430804729462","0.23905182381471","0.21820379793643951","0.27582257986068726","0.26023807376623154","0.2549894154071808","0.26882559061050415"
"2088","0.1493309624493122","0.13892927765846252","0.1591041386127472","0.14171499013900757","0.13037709891796112","0.1513805091381073","0.1490737944841385","0.13572774827480316","0.1589842438697815","0.2416937251885732","0.2186896950006485","0.2744843661785126","0.2658409848809242","0.2586609125137329","0.27373749017715454"
"2089","0.14706624671816826","0.1437043398618698","0.15038469433784485","0.1423834040760994","0.13539433479309082","0.1496225744485855","0.1483953781425953","0.14290335774421692","0.15159176290035248","0.24297247330347696","0.22274358570575714","0.28119194507598877","0.26663174480199814","0.26255831122398376","0.26977965235710144"
"2090","0.14502441510558128","0.1365305334329605","0.15249726176261902","0.14050853997468948","0.13469603657722473","0.1460370570421219","0.14570361375808716","0.13824158906936646","0.15254594385623932","0.23530885577201843","0.2071974277496338","0.268706738948822","0.25625690072774887","0.24343594908714294","0.2664007544517517"
"2091","0.13849657215178013","0.12421650439500809","0.145836740732193","0.1350734606385231","0.11917954683303833","0.14868120849132538","0.14082424715161324","0.12417727708816528","0.15310212969779968","0.23739411433537802","0.20208758115768433","0.27740761637687683","0.258590966463089","0.2447335124015808","0.27020955085754395"
"2092","0.13957873731851578","0.13475602865219116","0.1492575705051422","0.13436482474207878","0.12814828753471375","0.1415087878704071","0.1408739686012268","0.13453176617622375","0.14943498373031616","0.2358503391345342","0.21624578535556793","0.27271345257759094","0.2644805908203125","0.25394850969314575","0.28102800250053406"
"2093","0.13849171623587608","0.13220958411693573","0.14651107788085938","0.13465124741196632","0.12460567057132721","0.14010491967201233","0.13894549757242203","0.13160014152526855","0.14626803994178772","0.23424345751603445","0.2123357057571411","0.26756200194358826","0.25923868268728256","0.2538401186466217","0.2646184265613556"
"2094","0.14083556830883026","0.13221611082553864","0.14905154705047607","0.13594485819339752","0.13124394416809082","0.1414204239845276","0.1411685161292553","0.13607259094715118","0.14886474609375","0.237884650627772","0.20839518308639526","0.28506526350975037","0.2595188319683075","0.24898883700370789","0.2651938199996948"
"2095","0.1424971967935562","0.13384011387825012","0.15589642524719238","0.13842624425888062","0.1286943554878235","0.15001125633716583","0.14353473484516144","0.13409064710140228","0.15570250153541565","0.2386374572912852","0.21645587682724","0.26187264919281006","0.2622183933854103","0.2472383677959442","0.28253117203712463"
"2096","0.13923176750540733","0.1349782943725586","0.14643245935440063","0.13551466539502144","0.13071352243423462","0.14665138721466064","0.14091628044843674","0.13468611240386963","0.15121637284755707","0.23886162539323172","0.2141674906015396","0.2690472900867462","0.26865098625421524","0.2597002387046814","0.2894164025783539"
"2097","0.14721038937568665","0.14199206233024597","0.15525536239147186","0.14388573542237282","0.1368468701839447","0.1527460217475891","0.14833193644881248","0.14242449402809143","0.15418606996536255","0.25075288613637287","0.22116871178150177","0.30196088552474976","0.26031168550252914","0.2501419186592102","0.2696862816810608"
"2098","0.14035391062498093","0.13267791271209717","0.15802742540836334","0.1350439004600048","0.12699267268180847","0.15024496614933014","0.14154093712568283","0.13277746737003326","0.15902063250541687","0.24265195926030478","0.20524811744689941","0.30941611528396606","0.2561158984899521","0.2462748885154724","0.27926328778266907"
"2099","0.14059904590249062","0.131588414311409","0.15027007460594177","0.13552766665816307","0.12708044052124023","0.15057678520679474","0.14173711836338043","0.1322299838066101","0.154038205742836","0.2356547067562739","0.20897068083286285","0.2662694752216339","0.26458480954170227","0.25547492504119873","0.2758863568305969"
"2100","0.13954459875822067","0.1327185332775116","0.14646321535110474","0.1343722827732563","0.12942929565906525","0.14057619869709015","0.1406065858900547","0.13545840978622437","0.1469798982143402","0.23655902842680612","0.21206647157669067","0.2701355218887329","0.2592800408601761","0.2530331611633301","0.2708025872707367"
"2101","0.14523620530962944","0.1354289948940277","0.15196442604064941","0.14158719778060913","0.13200679421424866","0.15032443404197693","0.14697280898690224","0.13807108998298645","0.15196473896503448","0.24035749832789102","0.224013090133667","0.2644916772842407","0.2708822265267372","0.25380438566207886","0.2808249592781067"
"2102","0.14176254719495773","0.1383756399154663","0.14524109661579132","0.1372624821960926","0.13279899954795837","0.1441677212715149","0.14214405044913292","0.13878747820854187","0.14528997242450714","0.2353778531153997","0.21069520711898804","0.2789069414138794","0.2555638626217842","0.24993732571601868","0.2584826946258545"
"2103","0.1432417444884777","0.1360543668270111","0.15499837696552277","0.13727277517318726","0.12761801481246948","0.15292803943157196","0.14393853023648262","0.13580241799354553","0.15667638182640076","0.24053173263867697","0.21643871068954468","0.27251535654067993","0.2578478679060936","0.2521209716796875","0.27294135093688965"
"2104","0.1372307687997818","0.12656214833259583","0.14510589838027954","0.13349805399775505","0.12763261795043945","0.13866710662841797","0.1380603387951851","0.1271432489156723","0.14509932696819305","0.23073536157608032","0.2043045163154602","0.27488183975219727","0.257088515907526","0.24654193222522736","0.26317039132118225"
"2105","0.14666690677404404","0.1371292918920517","0.15570448338985443","0.14220299199223518","0.1326114684343338","0.14921952784061432","0.14899065718054771","0.13747838139533997","0.15915659070014954","0.2481639583905538","0.21918444335460663","0.30506226420402527","0.26935989409685135","0.25793060660362244","0.28612542152404785"
"2106","0.1363821141421795","0.13082683086395264","0.14178457856178284","0.13218476250767708","0.12455379962921143","0.1383877992630005","0.1378219835460186","0.13232262432575226","0.14220213890075684","0.23423643906911215","0.21490639448165894","0.27287721633911133","0.2539396695792675","0.2483936995267868","0.2563822865486145"
"2107","0.13354948908090591","0.12635622918605804","0.14217960834503174","0.12881443835794926","0.12300469726324081","0.1388348937034607","0.13342777267098427","0.1266653835773468","0.1425636112689972","0.23059576253096262","0.20981718599796295","0.2624918520450592","0.24957538396120071","0.2426314651966095","0.25791579484939575"
"2108","0.14088402315974236","0.1339285522699356","0.15008682012557983","0.13576765358448029","0.12570278346538544","0.14429743587970734","0.14167994633316994","0.132491797208786","0.1502646952867508","0.23014523088932037","0.20687220990657806","0.26661622524261475","0.2595948912203312","0.2475040704011917","0.2702811658382416"
"2109","0.13918480649590492","0.136654794216156","0.14244112372398376","0.13437561318278313","0.1298823058605194","0.14037787914276123","0.14028866216540337","0.13807524740695953","0.1432320475578308","0.23472161094347635","0.21948027610778809","0.26329872012138367","0.25128061324357986","0.2432381808757782","0.26116088032722473"
"2110","0.14634807780385017","0.13235756754875183","0.15765056014060974","0.14062228053808212","0.12570437788963318","0.1564258635044098","0.14648408815264702","0.1322239339351654","0.15764901041984558","0.24561043083667755","0.2148531675338745","0.28436774015426636","0.27248450368642807","0.2609003484249115","0.2871381640434265"
"2111","0.13819805905222893","0.13044795393943787","0.14329436421394348","0.13367582112550735","0.12376825511455536","0.144278883934021","0.13885203748941422","0.13116596639156342","0.14536258578300476","0.2331865429878235","0.20544511079788208","0.2742694616317749","0.24967578426003456","0.23919136822223663","0.25610092282295227"
"2112","0.13918370380997658","0.13724273443222046","0.1411854475736618","0.1348133459687233","0.13120228052139282","0.13837046921253204","0.1389780528843403","0.13675686717033386","0.1423027217388153","0.2263555427392324","0.20579952001571655","0.26564836502075195","0.24512755870819092","0.24334746599197388","0.24763882160186768"
"2113","0.13340389728546143","0.13022519648075104","0.13799042999744415","0.1295100376009941","0.12608596682548523","0.13147090375423431","0.13379915803670883","0.13078828155994415","0.1381828486919403","0.2246253788471222","0.20141658186912537","0.2603532373905182","0.25333039090037346","0.24576713144779205","0.2613314390182495"
"2114","0.137929767370224","0.1337335705757141","0.14463196694850922","0.13354525715112686","0.12806403636932373","0.13863436877727509","0.13832907378673553","0.13344237208366394","0.14427851140499115","0.23445946971575418","0.20975971221923828","0.2674049735069275","0.25216156616806984","0.24539045989513397","0.26333367824554443"
"2115","0.14042630046606064","0.13447922468185425","0.15118308365345","0.13588415458798409","0.1293766051530838","0.14231069386005402","0.1417100615799427","0.13385549187660217","0.15072202682495117","0.2319970726966858","0.21259737014770508","0.2691793143749237","0.25355152040719986","0.24687868356704712","0.2667258083820343"
"2116","0.14458253234624863","0.13489598035812378","0.14998991787433624","0.14086833596229553","0.13122883439064026","0.1496065855026245","0.14498937875032425","0.13356232643127441","0.1509033441543579","0.2378889967997869","0.21923446655273438","0.2720862030982971","0.25576112791895866","0.24748732149600983","0.26214349269866943"
"2117","0.1432313732802868","0.14110104739665985","0.14632178843021393","0.13833189755678177","0.13368326425552368","0.14008361101150513","0.14299707859754562","0.14132919907569885","0.14493116736412048","0.23862719039122263","0.21449729800224304","0.2779296636581421","0.2867768630385399","0.25988438725471497","0.3527182340621948"
"2118","0.1407259963452816","0.1304699182510376","0.15349125862121582","0.13556069135665894","0.12405218183994293","0.15315504372119904","0.1419101059436798","0.1303035169839859","0.15610632300376892","0.24028715988000235","0.20883117616176605","0.28017306327819824","0.2550843730568886","0.2474890649318695","0.2667904496192932"
"2119","0.14071974158287048","0.13290226459503174","0.1469094455242157","0.13562378659844398","0.12750621140003204","0.14601147174835205","0.14097960293293","0.13326112926006317","0.14667892456054688","0.24169332285722098","0.21778589487075806","0.2838228940963745","0.2650948166847229","0.25912877917289734","0.27043411135673523"
"2120","0.14250025525689125","0.12989512085914612","0.15614713728427887","0.13681990653276443","0.1217258870601654","0.15511298179626465","0.14312545955181122","0.12944328784942627","0.1581605225801468","0.2282432715098063","0.20271706581115723","0.2560288906097412","0.25335993617773056","0.24032309651374817","0.2689008116722107"
"2121","0.14143742993474007","0.13433364033699036","0.1513003408908844","0.13778868690133095","0.12988495826721191","0.14566218852996826","0.1421462446451187","0.1348526030778885","0.1524694263935089","0.2421321968237559","0.21907520294189453","0.28377681970596313","0.2613053098320961","0.2503316402435303","0.2694571316242218"
"2122","0.14029626548290253","0.13789041340351105","0.1441815197467804","0.13438236340880394","0.13028833270072937","0.13900479674339294","0.1405879184603691","0.13756819069385529","0.14424552023410797","0.23001395662625632","0.21062995493412018","0.2591198980808258","0.2572775259613991","0.2469642162322998","0.27546462416648865"
"2123","0.14040398970246315","0.12612523138523102","0.1508689671754837","0.13649079762399197","0.12178515642881393","0.1426326334476471","0.14138585701584816","0.1267589032649994","0.15019096434116364","0.2444007843732834","0.22122903168201447","0.2847583293914795","0.2526828199625015","0.23979195952415466","0.2614057660102844"
"2124","0.14131558313965797","0.13811089098453522","0.14632244408130646","0.1361609473824501","0.13057897984981537","0.13929890096187592","0.14161670953035355","0.13877849280834198","0.14622415602207184","0.2343179335196813","0.2131032645702362","0.2748853862285614","0.25285667926073074","0.24989500641822815","0.2544003129005432"
"2125","0.14675477147102356","0.13433513045310974","0.16395336389541626","0.14206519722938538","0.12944015860557556","0.1646159291267395","0.14786434546113014","0.13503116369247437","0.16772186756134033","0.24625983834266663","0.21071085333824158","0.27775686979293823","0.2841533496975899","0.2523239850997925","0.32068535685539246"
"2126","0.1481257900595665","0.1427612006664276","0.15136128664016724","0.14359798654913902","0.13860861957073212","0.14874862134456635","0.1487150825560093","0.14344468712806702","0.1512151062488556","0.24873755872249603","0.22569268941879272","0.2937833070755005","0.2678031548857689","0.26282334327697754","0.271245539188385"
"2127","0.13991615176200867","0.13260236382484436","0.14688575267791748","0.13496039062738419","0.13217851519584656","0.14085964858531952","0.1393861435353756","0.13054151833057404","0.1471998393535614","0.2323760688304901","0.20336943864822388","0.28395727276802063","0.2537269629538059","0.2462485283613205","0.2591314911842346"
"2128","0.13907570019364357","0.13658200204372406","0.1439579874277115","0.1334267370402813","0.12940046191215515","0.14191238582134247","0.13948331773281097","0.13674721121788025","0.14556840062141418","0.23432724674542746","0.2109082192182541","0.2670273780822754","0.2591301053762436","0.25121644139289856","0.26922088861465454"
"2129","0.14458299800753593","0.1382448673248291","0.15706773102283478","0.13951047882437706","0.13073450326919556","0.14991013705730438","0.14466381445527077","0.13724815845489502","0.15705695748329163","0.24613661567370096","0.22373099625110626","0.2788226008415222","0.26370127871632576","0.24956507980823517","0.27929726243019104"
"2130","0.13907457143068314","0.1311456263065338","0.1472901701927185","0.13451724871993065","0.129014253616333","0.14312264323234558","0.13933056220412254","0.13378795981407166","0.14700102806091309","0.23430920640627542","0.20630840957164764","0.27077803015708923","0.2556339502334595","0.24537354707717896","0.26626408100128174"
"2131","0.13888150826096535","0.13566456735134125","0.14123696088790894","0.13483313471078873","0.12993912398815155","0.14051266014575958","0.13976432010531425","0.13613498210906982","0.14176417887210846","0.23194697995980582","0.2106112539768219","0.2672134041786194","0.2568686157464981","0.25427430868148804","0.26001086831092834"
"2132","0.1458229012787342","0.13786724209785461","0.1521066278219223","0.14077027887105942","0.13472880423069","0.14978119730949402","0.1453009396791458","0.1388825625181198","0.15222567319869995","0.2435208410024643","0.22369946539402008","0.27790820598602295","0.2586774006485939","0.25447362661361694","0.2649608552455902"
"2133","0.1399051398038864","0.1335299015045166","0.1439039707183838","0.13385827094316483","0.1274057924747467","0.1437550187110901","0.14059118181467056","0.13531412184238434","0.14564335346221924","0.23324950536092123","0.21342988312244415","0.2646617591381073","0.2596733495593071","0.25237059593200684","0.26820647716522217"
"2134","0.14299959689378738","0.12988947331905365","0.15139533579349518","0.13893070816993713","0.13030460476875305","0.14459161460399628","0.1432327702641487","0.13047575950622559","0.15178555250167847","0.2332412451505661","0.2024100124835968","0.27582281827926636","0.2575506716966629","0.24341467022895813","0.26424160599708557"
"2135","0.1391351856291294","0.13096573948860168","0.14920832216739655","0.13465433940291405","0.12440043687820435","0.14381462335586548","0.13923033326864243","0.13139185309410095","0.149311363697052","0.23753171662489572","0.2214890867471695","0.2692905366420746","0.2547670118510723","0.24344776570796967","0.26250985264778137"
"2136","0.14965246245265007","0.14212939143180847","0.16100573539733887","0.14319927245378494","0.13405048847198486","0.15274932980537415","0.14975103735923767","0.14113406836986542","0.16095496714115143","0.2417808473110199","0.2233237326145172","0.2707711160182953","0.27036216855049133","0.25579318404197693","0.2857174277305603"
"2137","0.13853268325328827","0.1332031488418579","0.14461886882781982","0.1344524621963501","0.1303519904613495","0.14034591615200043","0.1387695036828518","0.1339888870716095","0.14467400312423706","0.23449832697709402","0.21260960400104523","0.2702180743217468","0.25778016448020935","0.2524133324623108","0.2642495632171631"
"2138","0.14152759313583374","0.13558301329612732","0.1479656994342804","0.13654609397053719","0.13099516928195953","0.1448657512664795","0.14199155941605568","0.13608965277671814","0.14878077805042267","0.23240708311398825","0.21225003898143768","0.26569128036499023","0.25495022535324097","0.2500329315662384","0.2588135004043579"
"2139","0.1449994184076786","0.13940191268920898","0.15049737691879272","0.14107037335634232","0.13869255781173706","0.14291219413280487","0.14620398357510567","0.1431640237569809","0.15052950382232666","0.2423099478085836","0.21550261974334717","0.28897202014923096","0.2586236521601677","0.25244608521461487","0.2632620632648468"
"2140","0.13973332941532135","0.1352042555809021","0.1474343240261078","0.13470648601651192","0.13197019696235657","0.14033398032188416","0.1394510678946972","0.1336304247379303","0.14750666916370392","0.23321046431859335","0.20444440841674805","0.2739439010620117","0.2575172558426857","0.24764102697372437","0.26395586133003235"
"2141","0.14048981294035912","0.13397008180618286","0.1465732455253601","0.1348167061805725","0.1274823397397995","0.14056459069252014","0.14118726924061775","0.13357247412204742","0.14728210866451263","0.23360763986905417","0.2120262086391449","0.266887366771698","0.25893159955739975","0.2517511248588562","0.2703859508037567"
"2142","0.13921436294913292","0.13344939053058624","0.1454179584980011","0.13569802045822144","0.1290486603975296","0.14117130637168884","0.1397092342376709","0.13382458686828613","0.1460229605436325","0.22937735418478647","0.2054828703403473","0.2712496817111969","0.254292543977499","0.24368102848529816","0.26634401082992554"
"2143","0.14403099566698074","0.13278092443943024","0.15503092110157013","0.13947982341051102","0.12606579065322876","0.14802508056163788","0.1442650631070137","0.13378062844276428","0.15552884340286255","0.23782460888226828","0.22125081717967987","0.2701491117477417","0.2622329518198967","0.24936392903327942","0.27819952368736267"
"2144","0.14635687693953514","0.1372205913066864","0.15036152303218842","0.14091570675373077","0.13128870725631714","0.14748866856098175","0.1461322270333767","0.1368943303823471","0.15090586245059967","0.23627262810866037","0.21661098301410675","0.2707546353340149","0.2561010457575321","0.24890129268169403","0.26094162464141846"
"2145","0.1307760663330555","0.1256820559501648","0.13948014378547668","0.12582667544484138","0.11871857941150665","0.14080244302749634","0.131313506513834","0.12576957046985626","0.1421045958995819","0.22261289755503336","0.19862686097621918","0.25501254200935364","0.2448151372373104","0.2369595170021057","0.25470829010009766"
"2146","0.14593010395765305","0.13818787038326263","0.15304046869277954","0.14020223543047905","0.13721507787704468","0.143593430519104","0.14676665142178535","0.13962990045547485","0.15325385332107544","0.24035771687825522","0.21145325899124146","0.28202733397483826","0.26457981020212173","0.25282424688339233","0.27114537358283997"
"2147","0.14066019654273987","0.12703527510166168","0.1573476344347","0.13751491904258728","0.12421174347400665","0.1497785896062851","0.14210114255547523","0.1279251128435135","0.15756137669086456","0.2302968849738439","0.20142734050750732","0.2719400227069855","0.26311058551073074","0.24766793847084045","0.27750709652900696"
"2148","0.13935969024896622","0.13167478144168854","0.14500713348388672","0.13562296703457832","0.12791258096694946","0.14513236284255981","0.13997777551412582","0.13196709752082825","0.1474592536687851","0.23532796402772269","0.213719442486763","0.26974332332611084","0.2551775462925434","0.24561376869678497","0.2634711265563965"
"2149","0.1447470337152481","0.13292348384857178","0.1510106921195984","0.13969167321920395","0.12719464302062988","0.15367713570594788","0.14541123062372208","0.13301727175712585","0.1530826985836029","0.24297832945982614","0.20968663692474365","0.2890908718109131","0.26388590037822723","0.250261127948761","0.2702583372592926"
"2150","0.138088621199131","0.12803709506988525","0.14708192646503448","0.13405452854931355","0.12271537631750107","0.1436237096786499","0.13861875236034393","0.12835779786109924","0.14672617614269257","0.23118964831034342","0.19886057078838348","0.2852417230606079","0.2546832785010338","0.2399958372116089","0.2683875858783722"
"2151","0.14280492812395096","0.13184311985969543","0.15119200944900513","0.13859478011727333","0.1304209977388382","0.14487138390541077","0.14403663203120232","0.13408216834068298","0.15143965184688568","0.23144453267256418","0.20634683966636658","0.2703000605106354","0.2608412131667137","0.24834924936294556","0.2711246609687805"
"2152","0.14514384046196938","0.13820526003837585","0.15186601877212524","0.140215165913105","0.13658547401428223","0.14505769312381744","0.14575990661978722","0.13958892226219177","0.15337294340133667","0.2417900413274765","0.20885886251926422","0.3004187345504761","0.25972381606698036","0.24620135128498077","0.27247121930122375"
"2153","0.1422465555369854","0.13846832513809204","0.1450716257095337","0.1377747505903244","0.133676677942276","0.14333242177963257","0.1438288278877735","0.14094486832618713","0.14685040712356567","0.23588359355926514","0.21680280566215515","0.26511886715888977","0.2537476718425751","0.2451019287109375","0.26019325852394104"
"2154","0.1421065591275692","0.13167214393615723","0.1494576334953308","0.1368698701262474","0.1287907063961029","0.14434610307216644","0.1416877880692482","0.1302350014448166","0.14979346096515656","0.23203141490618387","0.19892436265945435","0.2899912893772125","0.2526556998491287","0.23540443181991577","0.263598769903183"
"2155","0.14171436429023743","0.13703274726867676","0.1473603993654251","0.13557857275009155","0.13065573573112488","0.1449853926897049","0.1416514702141285","0.1375657320022583","0.14645718038082123","0.2444924165805181","0.22664020955562592","0.27212098240852356","0.2657505050301552","0.25562119483947754","0.2822381258010864"
"2156","0.13637356460094452","0.124653160572052","0.15182171761989594","0.13152041472494602","0.1181621178984642","0.14758843183517456","0.13684207014739513","0.12440376728773117","0.1518878936767578","0.23271499077479044","0.207738995552063","0.26342958211898804","0.2459724359214306","0.23570559918880463","0.26459115743637085"
"2157","0.1388564556837082","0.13318753242492676","0.14315946400165558","0.13554555922746658","0.12977051734924316","0.14605000615119934","0.13997166603803635","0.13614793121814728","0.14442923665046692","0.23351517816384634","0.21440503001213074","0.26332828402519226","0.2642611339688301","0.25700822472572327","0.2711423635482788"
"2158","0.14382971823215485","0.1330854743719101","0.15812036395072937","0.1392408274114132","0.13224326074123383","0.15255264937877655","0.14389238506555557","0.13398811221122742","0.15627864003181458","0.23965662717819214","0.2103377878665924","0.29645195603370667","0.2669941857457161","0.25683897733688354","0.2823637127876282"
"2159","0.14507445320487022","0.1392710953950882","0.14863917231559753","0.14018882811069489","0.13355888426303864","0.14641264081001282","0.14490489661693573","0.13911359012126923","0.1496485471725464","0.2432660311460495","0.22250999510288239","0.2823556363582611","0.2570798099040985","0.2497703731060028","0.26398712396621704"
"2160","0.14084219932556152","0.1326889991760254","0.1506115198135376","0.13631653040647507","0.12712709605693817","0.14509044587612152","0.14124125242233276","0.13274943828582764","0.15088218450546265","0.24111106991767883","0.20865516364574432","0.27922600507736206","0.26164861768484116","0.2505028247833252","0.27682167291641235"
"2161","0.13969215378165245","0.12811139225959778","0.15052205324172974","0.13480599038302898","0.11987414211034775","0.14427858591079712","0.1390342079102993","0.12494035065174103","0.14950938522815704","0.232920174797376","0.20973531901836395","0.26717638969421387","0.2601213827729225","0.24408221244812012","0.2790645658969879"
"2162","0.13550346344709396","0.1317228078842163","0.14080822467803955","0.1309737041592598","0.12706419825553894","0.13502255082130432","0.13617243617773056","0.13210304081439972","0.140889972448349","0.22985129058361053","0.2063145637512207","0.26729047298431396","0.2510986588895321","0.24587269127368927","0.2570596933364868"
"2163","0.13638018444180489","0.13112536072731018","0.1415100395679474","0.13196802884340286","0.1253681182861328","0.14063528180122375","0.13709452375769615","0.13195711374282837","0.1413242220878601","0.23332140843073526","0.20630180835723877","0.2748897075653076","0.2512153536081314","0.24425655603408813","0.25806212425231934"
"2164","0.1453821398317814","0.1327311247587204","0.15568667650222778","0.14256581664085388","0.125969797372818","0.15389281511306763","0.14691825583577156","0.13296227157115936","0.1566714346408844","0.24874006708463034","0.2110317349433899","0.30800482630729675","0.2682313099503517","0.25456807017326355","0.2880668640136719"
"2166","0.13757528364658356","0.12753944098949432","0.14152424037456512","0.1327447835355997","0.12286924570798874","0.14023146033287048","0.13810714706778526","0.12682145833969116","0.14340277016162872","0.22949759165445963","0.21040591597557068","0.264212429523468","0.25197775289416313","0.2444915920495987","0.25877344608306885"
"2167","0.1416991800069809","0.1379767656326294","0.14961634576320648","0.1365225985646248","0.12871207296848297","0.1489473283290863","0.14226549118757248","0.1384682059288025","0.15069550275802612","0.23744421700636545","0.21079450845718384","0.27831143140792847","0.26634375751018524","0.26029300689697266","0.2719035744667053"
"2168","0.13462702929973602","0.12922638654708862","0.14412927627563477","0.1302516870200634","0.12560562789440155","0.13953745365142822","0.13533653691411018","0.1302320659160614","0.14490102231502533","0.23110649983088175","0.20091784000396729","0.2839079201221466","0.2477404810488224","0.24081018567085266","0.2632790505886078"
"2169","0.1430564932525158","0.13960768282413483","0.15040935575962067","0.13871513679623604","0.13355498015880585","0.14423424005508423","0.1441771760582924","0.14002731442451477","0.1508779525756836","0.2430985023578008","0.22311899065971375","0.2746489644050598","0.26554611325263977","0.25827908515930176","0.2740541100502014"
"2170","0.14141704514622688","0.13670535385608673","0.14555040001869202","0.13703499361872673","0.13486917316913605","0.140232652425766","0.14161383360624313","0.1369645893573761","0.1457773745059967","0.23621797561645508","0.20853212475776672","0.27800068259239197","0.261497862637043","0.25039204955101013","0.2709205746650696"
"2171","0.14008628949522972","0.13468271493911743","0.14521926641464233","0.13613422960042953","0.13399595022201538","0.13886195421218872","0.14092982932925224","0.13659526407718658","0.1450468897819519","0.2356107383966446","0.21051165461540222","0.2727407217025757","0.2592853158712387","0.2528073191642761","0.2664225697517395"
"2172","0.1423885002732277","0.1292896270751953","0.15628033876419067","0.13808274269104004","0.1257542222738266","0.1473819762468338","0.14257067441940308","0.12902790307998657","0.15611225366592407","0.23404140770435333","0.21723169088363647","0.261471688747406","0.2517966777086258","0.239449143409729","0.25750231742858887"
"2173","0.1428958736360073","0.13766473531723022","0.1495324820280075","0.13894569873809814","0.13607257604599","0.1443469375371933","0.143157958984375","0.13828644156455994","0.1494169533252716","0.23682000736395517","0.21066626906394958","0.2761242687702179","0.25842809677124023","0.24988994002342224","0.2637234330177307"
"2174","0.1463787816464901","0.14290623366832733","0.14834283292293549","0.14126059040427208","0.13719533383846283","0.1470542848110199","0.14689979329705238","0.14361615478992462","0.149101123213768","0.23980855445067087","0.22209532558918","0.2748318612575531","0.2644002065062523","0.2624543607234955","0.2682553827762604"
"2175","0.1340996567159891","0.12419161945581436","0.14559760689735413","0.12965473905205727","0.11989523470401764","0.14537110924720764","0.13531973585486412","0.12507425248622894","0.14792820811271667","0.2318266729513804","0.2012544870376587","0.27176135778427124","0.2532444857060909","0.2412031590938568","0.2692551016807556"
"2176","0.13905106112360954","0.12995946407318115","0.14387138187885284","0.13381551206111908","0.12529203295707703","0.13829028606414795","0.13955838978290558","0.13126473128795624","0.14432421326637268","0.22990416983763376","0.21033430099487305","0.2589978277683258","0.25949177518486977","0.24923966825008392","0.26849234104156494"
"2177","0.1423933207988739","0.1356920301914215","0.15596629679203033","0.1403420828282833","0.1310005486011505","0.1517275720834732","0.14364070445299149","0.13684998452663422","0.156288281083107","0.24192415177822113","0.21972616016864777","0.2786025404930115","0.25782158970832825","0.2499472200870514","0.2697751820087433"
"2178","0.13927719369530678","0.13097597658634186","0.14575088024139404","0.13461791723966599","0.12760642170906067","0.138827383518219","0.139858890324831","0.13135136663913727","0.145911306142807","0.22944308817386627","0.20401692390441895","0.2760111093521118","0.2578689679503441","0.2482142150402069","0.2715296745300293"
"2179","0.14075355231761932","0.12970051169395447","0.15038780868053436","0.1367037259042263","0.12410162389278412","0.14568714797496796","0.14151520654559135","0.1294136345386505","0.15058763325214386","0.2343875765800476","0.21105055510997772","0.2743682563304901","0.2623637244105339","0.25507616996765137","0.2701675295829773"
"2180","0.1377636343240738","0.13368262350559235","0.14037258923053741","0.13335828855633736","0.13168397545814514","0.1347472220659256","0.13872899860143661","0.13595238327980042","0.14089982211589813","0.2320825457572937","0.20913779735565186","0.26950451731681824","0.254604808986187","0.25017333030700684","0.25885286927223206"
"2181","0.13329794257879257","0.1274471879005432","0.14056305587291718","0.12836903147399426","0.12167755514383316","0.13598018884658813","0.1338253803551197","0.12797893583774567","0.14141270518302917","0.23165747026602426","0.20942173898220062","0.26921379566192627","0.2471439205110073","0.2401220202445984","0.2512055039405823"
"2182","0.13898927718400955","0.13226819038391113","0.15173043310642242","0.13472310081124306","0.12796564400196075","0.14514023065567017","0.13954361900687218","0.13378575444221497","0.15147382020950317","0.23570766548315683","0.21562492847442627","0.2634809911251068","0.26505810022354126","0.26095396280288696","0.2764241695404053"
"2183","0.13444383069872856","0.13343307375907898","0.136722132563591","0.13076181709766388","0.12688925862312317","0.13381151854991913","0.13490721955895424","0.1338341236114502","0.1365482062101364","0.2287618319193522","0.20737548172473907","0.27019309997558594","0.2474028430879116","0.24460215866565704","0.2526424527168274"
"2184","0.13619844615459442","0.1303139179944992","0.1417270451784134","0.13254159316420555","0.1247323751449585","0.13639938831329346","0.13678184524178505","0.13186973333358765","0.1416691690683365","0.23013279338677725","0.21096865832805634","0.2668311595916748","0.25299079343676567","0.24139678478240967","0.26366978883743286"
"2185","0.14134958386421204","0.1357593536376953","0.15438121557235718","0.13739053532481194","0.1295543909072876","0.15259870886802673","0.14157811552286148","0.13603690266609192","0.1551353931427002","0.2394996533791224","0.21584223210811615","0.2726684808731079","0.2611303925514221","0.2533670663833618","0.27022892236709595"
"2186","0.1384267322719097","0.13547271490097046","0.14311641454696655","0.13469627872109413","0.12908172607421875","0.1397218406200409","0.13880275189876556","0.13565529882907867","0.14328143000602722","0.2325236201286316","0.21067652106285095","0.2726237177848816","0.2572570741176605","0.25620585680007935","0.25872835516929626"
"2187","0.1307576224207878","0.1264168620109558","0.14031276106834412","0.1260836459696293","0.11830955743789673","0.13755783438682556","0.13063714653253555","0.1263803094625473","0.14023682475090027","0.22775725026925406","0.20126868784427643","0.2658438980579376","0.24844009429216385","0.2436315417289734","0.25967592000961304"
"2188","0.13561448082327843","0.12820127606391907","0.145474374294281","0.13194117695093155","0.12352542579174042","0.14217354357242584","0.13680033013224602","0.13121159374713898","0.14513985812664032","0.22675926983356476","0.2072419822216034","0.26559802889823914","0.2556401789188385","0.25194641947746277","0.26369476318359375"
"2189","0.13867532461881638","0.13019470870494843","0.14336062967777252","0.13557766750454903","0.1248350441455841","0.14457201957702637","0.13922297954559326","0.1306852400302887","0.1433674544095993","0.22961042821407318","0.2097909301519394","0.2633897066116333","0.2566694989800453","0.25255706906318665","0.2615988552570343"
"2190","0.1371048428118229","0.12415340542793274","0.14742493629455566","0.13385848701000214","0.12006859481334686","0.14905408024787903","0.13762279227375984","0.12442003190517426","0.14934977889060974","0.2360615481932958","0.20209676027297974","0.2720716595649719","0.2559380531311035","0.24316197633743286","0.27288031578063965"
"2191","0.14493311569094658","0.13436970114707947","0.15636226534843445","0.14105338230729103","0.12963780760765076","0.14958131313323975","0.14518261328339577","0.13480594754219055","0.15589284896850586","0.2374956210454305","0.21062994003295898","0.2795507311820984","0.2653235048055649","0.2539554536342621","0.2780386209487915"
"2192","0.1511637233197689","0.1482568085193634","0.156587153673172","0.14560772851109505","0.14152459800243378","0.15500037372112274","0.15185096859931946","0.1483958214521408","0.15814253687858582","0.2418250391880671","0.22096024453639984","0.2772814929485321","0.26617367565631866","0.2619669437408447","0.2719229459762573"
"2193","0.14096912741661072","0.13225428760051727","0.14745450019836426","0.13735616952180862","0.12647032737731934","0.14812791347503662","0.14184368029236794","0.1337229609489441","0.14855709671974182","0.23385947942733765","0.2093551605939865","0.2672607898712158","0.2580660358071327","0.24726244807243347","0.2660357654094696"
"2194","0.1410554051399231","0.13055792450904846","0.15187659859657288","0.13879743590950966","0.13168585300445557","0.14857396483421326","0.14172130823135376","0.13094185292720795","0.15354953706264496","0.2342028667529424","0.21239086985588074","0.2663187086582184","0.2583330124616623","0.25113341212272644","0.2661019265651703"
"2195","0.14190314710140228","0.13404227793216705","0.1543954312801361","0.13782433047890663","0.12726183235645294","0.1505652666091919","0.14213315397500992","0.1339593082666397","0.15567107498645782","0.2453559935092926","0.21222682297229767","0.30954182147979736","0.2621057257056236","0.25267452001571655","0.28471070528030396"
"2196","0.13939179852604866","0.13496872782707214","0.14562875032424927","0.13432883843779564","0.12549135088920593","0.14001968502998352","0.14047585055232048","0.13554996252059937","0.14762423932552338","0.23694625000158945","0.21080297231674194","0.2871737480163574","0.25679901242256165","0.2505568861961365","0.2643197178840637"
"2197","0.14023329690098763","0.13604989647865295","0.14550085365772247","0.13639414310455322","0.1323384940624237","0.13968099653720856","0.14065620303153992","0.13729527592658997","0.14464043080806732","0.23614773154258728","0.21485403180122375","0.27024877071380615","0.26252521574497223","0.2581932544708252","0.26654669642448425"
"2198","0.14294471219182014","0.13847920298576355","0.14873327314853668","0.1388922743499279","0.13766451179981232","0.1414845883846283","0.1427021324634552","0.13977262377738953","0.14841638505458832","0.23546202977498373","0.2075982391834259","0.27603593468666077","0.2639385908842087","0.25507497787475586","0.2729186415672302"
"2199","0.13833143189549446","0.1271965056657791","0.14855808019638062","0.13413479924201965","0.12206847965717316","0.1423736810684204","0.13879263028502464","0.12882928550243378","0.14789733290672302","0.22813889384269714","0.20375743508338928","0.2563442289829254","0.25374484434723854","0.24201591312885284","0.2651163339614868"
"2200","0.14026537537574768","0.12643224000930786","0.15256287157535553","0.1346157304942608","0.1269235610961914","0.1464400589466095","0.14062633365392685","0.127450630068779","0.15352857112884521","0.2281621446212133","0.19909444451332092","0.2717854380607605","0.25404103100299835","0.2357959747314453","0.2700461149215698"
"2201","0.14197245985269547","0.1344553828239441","0.1510310173034668","0.13594701513648033","0.1283702254295349","0.1470499038696289","0.1421697437763214","0.13463672995567322","0.152334526181221","0.2415804167588552","0.2090369164943695","0.28948912024497986","0.2597382292151451","0.25328195095062256","0.2667298913002014"
"2202","0.14038047939538956","0.13826048374176025","0.14212550222873688","0.13570939749479294","0.13147003948688507","0.14270161092281342","0.1406513750553131","0.1386965662240982","0.14327456057071686","0.23378142714500427","0.2072220742702484","0.2722918391227722","0.2546941563487053","0.24416643381118774","0.2622051537036896"
"2203","0.13851988315582275","0.1309318095445633","0.14503908157348633","0.13388825207948685","0.12640519440174103","0.13771401345729828","0.13877437636256218","0.1313253939151764","0.14508189260959625","0.2367784082889557","0.2186155915260315","0.2729455530643463","0.2577996924519539","0.2542513906955719","0.26169484853744507"
"2204","0.14516179263591766","0.13618911802768707","0.15198655426502228","0.14114786684513092","0.13642169535160065","0.14793789386749268","0.14603658765554428","0.13833403587341309","0.15223726630210876","0.23732096950213113","0.20475272834300995","0.2817871570587158","0.2571725696325302","0.2420806884765625","0.2668904960155487"
"2205","0.14709589630365372","0.1385069042444229","0.15918731689453125","0.14218169078230858","0.12923941016197205","0.1601024866104126","0.14783074334263802","0.13929283618927002","0.16185297071933746","0.24064583082993826","0.21544119715690613","0.2693480849266052","0.26359090954065323","0.25449201464653015","0.27529993653297424"
"2206","0.1512593775987625","0.13660579919815063","0.16106952726840973","0.14427773281931877","0.1359192281961441","0.1504763662815094","0.15189390629529953","0.13832789659500122","0.16215376555919647","0.25083139538764954","0.20772966742515564","0.31029272079467773","0.2627798318862915","0.24235573410987854","0.27972596883773804"
"2207","0.13790106028318405","0.1322849690914154","0.14440442621707916","0.13271956518292427","0.12354789674282074","0.14095428586006165","0.13780661299824715","0.13136176764965057","0.1442120224237442","0.23419112960497537","0.20748472213745117","0.2761811912059784","0.24858024343848228","0.24290814995765686","0.2594259977340698"
"2208","0.13931065052747726","0.13315102458000183","0.14673244953155518","0.13444967940449715","0.12811502814292908","0.13967984914779663","0.13890470191836357","0.1312624216079712","0.14780735969543457","0.23119506239891052","0.20920157432556152","0.26184192299842834","0.24786759912967682","0.2416849136352539","0.2573418617248535"
"2209","0.1405661553144455","0.12983262538909912","0.14935290813446045","0.13659034296870232","0.126561239361763","0.1477353423833847","0.14066436141729355","0.13016049563884735","0.15069526433944702","0.23768914739290872","0.2146022915840149","0.27675360441207886","0.2570975758135319","0.24863998591899872","0.26357799768447876"
"2210","0.14168854802846909","0.13750328123569489","0.14732207357883453","0.1370757780969143","0.13417895138263702","0.13949695229530334","0.1418379843235016","0.13728760182857513","0.1480759233236313","0.2361502399047216","0.2152603417634964","0.2776263952255249","0.2602612152695656","0.25517717003822327","0.2700917422771454"
"2211","0.14150838181376457","0.127216175198555","0.1525362730026245","0.13716488145291805","0.12316136807203293","0.151740163564682","0.14177583158016205","0.12747061252593994","0.15357768535614014","0.2392238328854243","0.21992354094982147","0.25997889041900635","0.2644156962633133","0.24445700645446777","0.2831692397594452"
"2212","0.13801702857017517","0.13325902819633484","0.14723698794841766","0.13311200216412544","0.12829077243804932","0.1398538500070572","0.13857847824692726","0.1346558928489685","0.14731869101524353","0.22677220900853476","0.20720124244689941","0.25171613693237305","0.24925681576132774","0.24315162003040314","0.25745266675949097"
"2213","0.14170235395431519","0.13288526237010956","0.14793069660663605","0.13684170320630074","0.12818491458892822","0.14813032746315002","0.1419019028544426","0.13235343992710114","0.1486658751964569","0.23980856438477835","0.20771446824073792","0.2915928065776825","0.2540728412568569","0.24516455829143524","0.26209354400634766"
"2214","0.1451248824596405","0.1389489769935608","0.1518288552761078","0.1408257745206356","0.13850566744804382","0.1459500938653946","0.14505989477038383","0.13828660547733307","0.15245407819747925","0.23971467713514963","0.2111615091562271","0.2820531725883484","0.25869930535554886","0.2516842484474182","0.26809149980545044"
"2215","0.14975183829665184","0.14441350102424622","0.1527564376592636","0.14430281147360802","0.1385510265827179","0.1500888466835022","0.14991134032607079","0.14405056834220886","0.15271754562854767","0.2444563259681066","0.22821946442127228","0.2753315269947052","0.27265292406082153","0.26821619272232056","0.27748697996139526"
"2216","0.1424083448946476","0.13175737857818604","0.14786092936992645","0.13678822666406631","0.12377575039863586","0.14525555074214935","0.14342597499489784","0.13110826909542084","0.14923100173473358","0.23933741450309753","0.21486499905586243","0.27612850069999695","0.25814108923077583","0.24788884818553925","0.2668670415878296"
"2217","0.14343450590968132","0.13416026532649994","0.15548264980316162","0.13911759480834007","0.12875118851661682","0.15262727439403534","0.14426030591130257","0.13514892756938934","0.1576075404882431","0.2435836543639501","0.2051258087158203","0.3022441864013672","0.257289282977581","0.24208667874336243","0.27781784534454346"
"2218","0.14190233871340752","0.13342241942882538","0.14570775628089905","0.13846254721283913","0.12893973290920258","0.14532630145549774","0.1422395519912243","0.13387657701969147","0.14618495106697083","0.23148844142754874","0.21298696100711823","0.2608380913734436","0.2542673759162426","0.24737484753131866","0.2597564160823822"
"2219","0.14161141216754913","0.13682489097118378","0.1448706090450287","0.13710765540599823","0.13205835223197937","0.14000432193279266","0.14217828586697578","0.1377999484539032","0.14492864906787872","0.23958885173002878","0.21177688241004944","0.28989192843437195","0.2535075396299362","0.2493617832660675","0.2588474154472351"
"2220","0.13896284997463226","0.13005667924880981","0.15143384039402008","0.13608406111598015","0.1267077922821045","0.14852307736873627","0.1392596885561943","0.1302734762430191","0.15209975838661194","0.22418944040934244","0.198856920003891","0.2641609013080597","0.2519109696149826","0.23861627280712128","0.2714657783508301"
"2221","0.1455179639160633","0.1396658718585968","0.1526300609111786","0.14071716368198395","0.13709747791290283","0.14431637525558472","0.1452544629573822","0.13965937495231628","0.15195965766906738","0.24436937272548676","0.21797102689743042","0.2960304915904999","0.26019593328237534","0.25057733058929443","0.26783645153045654"
"2222","0.1425604559481144","0.13754504919052124","0.14875298738479614","0.13809549063444138","0.13476300239562988","0.1417272984981537","0.14282279834151268","0.13770639896392822","0.1493627429008484","0.23930634558200836","0.21739794313907623","0.2762979567050934","0.26566872000694275","0.26123300194740295","0.2702972888946533"
"2223","0.1391548477113247","0.12819494307041168","0.14593712985515594","0.13563847541809082","0.1230446994304657","0.1425003707408905","0.1400860734283924","0.12848234176635742","0.14782461524009705","0.22695287565390268","0.19018135964870453","0.28320109844207764","0.24412452057003975","0.22455251216888428","0.2598538398742676"
"2224","0.14924168959259987","0.14505399763584137","0.15535728633403778","0.1439642384648323","0.1406938135623932","0.14834921061992645","0.14965826645493507","0.14556364715099335","0.15562626719474792","0.2509237726529439","0.2269512116909027","0.2874375581741333","0.2672858461737633","0.2622832953929901","0.2775100767612457"
"2225","0.1395932286977768","0.1337432861328125","0.14419034123420715","0.13554833456873894","0.12874549627304077","0.14130564033985138","0.1401567906141281","0.13356439769268036","0.1452307105064392","0.25312815109888714","0.21549469232559204","0.2817629277706146","0.26041896268725395","0.24294908344745636","0.2828029990196228"
"2226","0.13556017354130745","0.12946787476539612","0.14029304683208466","0.1326373852789402","0.12628799676895142","0.13530988991260529","0.13576020300388336","0.12935860455036163","0.14044129848480225","0.23198725779851279","0.20012912154197693","0.2769370675086975","0.2555342838168144","0.24431243538856506","0.26296108961105347"
"2227","0.141558226197958","0.13210918009281158","0.14713457226753235","0.13766349852085114","0.13132049143314362","0.1430010050535202","0.1419912613928318","0.1327803134918213","0.1483185589313507","0.2358245551586151","0.20189744234085083","0.2841242849826813","0.25902459025382996","0.24043214321136475","0.2709791660308838"
"2228","0.14517544955015182","0.12867973744869232","0.15958154201507568","0.14052600041031837","0.1260567158460617","0.1566503643989563","0.14521687477827072","0.1292192041873932","0.160302072763443","0.23778257767359415","0.20446345210075378","0.27128177881240845","0.2653243951499462","0.24942664802074432","0.2814996838569641"
"2229","0.14452658966183662","0.13387328386306763","0.1504480540752411","0.13947823643684387","0.1269911229610443","0.1471147984266281","0.1450239047408104","0.13380375504493713","0.1509866863489151","0.23602899412314096","0.2068110704421997","0.2745204269886017","0.2605664059519768","0.24910038709640503","0.2679043114185333"
"2230","0.16542090848088264","0.14009205996990204","0.21121102571487427","0.14171193912625313","0.12550590932369232","0.15455837547779083","0.14579711854457855","0.1317492127418518","0.15991909801959991","0.23122043907642365","0.21124351024627686","0.26527032256126404","0.2552606165409088","0.24391010403633118","0.27319443225860596"
"2231","0.14778609573841095","0.13148073852062225","0.16133157908916473","0.14181600883603096","0.12618422508239746","0.159213125705719","0.14724742621183395","0.13137099146842957","0.16300168633460999","0.23502410451571146","0.19482900202274323","0.27610793709754944","0.25330180674791336","0.23029270768165588","0.2661953568458557"
"2232","0.14685170724987984","0.129547581076622","0.1635969579219818","0.13703258335590363","0.12550005316734314","0.1527816653251648","0.1405080072581768","0.13028737902641296","0.15674938261508942","0.23684008916219076","0.21283531188964844","0.26709771156311035","0.2557104304432869","0.24484872817993164","0.27126583456993103"
"2233","0.1425267830491066","0.12578074634075165","0.1697426438331604","0.12937208265066147","0.1239078938961029","0.14058861136436462","0.1344289295375347","0.12747220695018768","0.14428189396858215","0.22340747714042664","0.2002624273300171","0.2689773440361023","0.24856317788362503","0.24010421335697174","0.2644950747489929"
"2234","0.15254102647304535","0.13153240084648132","0.18248280882835388","0.1377691589295864","0.13044914603233337","0.1453159898519516","0.14288608729839325","0.1324322521686554","0.1515568494796753","0.23330161968866983","0.20679467916488647","0.27171364426612854","0.25947318971157074","0.25180208683013916","0.2647198736667633"
"2235","0.15347396582365036","0.13860078155994415","0.1804077923297882","0.1390773206949234","0.13664275407791138","0.14285901188850403","0.1457337886095047","0.1393604874610901","0.1493666172027588","0.2392775466044744","0.21090668439865112","0.28288400173187256","0.2644249275326729","0.25439250469207764","0.2715487778186798"
"2236","0.14552413299679756","0.13075479865074158","0.16237664222717285","0.13405195996165276","0.12787775695323944","0.14714020490646362","0.13908177986741066","0.13117243349552155","0.15516863763332367","0.23456287384033203","0.20239055156707764","0.2693884074687958","0.257891446352005","0.24591344594955444","0.27820271253585815"
"2237","0.15062371641397476","0.14270290732383728","0.1636001616716385","0.14012451097369194","0.13736093044281006","0.14179985225200653","0.14546819403767586","0.14348135888576508","0.14884622395038605","0.23938767611980438","0.22021770477294922","0.2744806110858917","0.26176536828279495","0.2557202875614166","0.26524800062179565"
"2238","0.14302485063672066","0.13402438163757324","0.16297875344753265","0.13438457995653152","0.1294664591550827","0.14194664359092712","0.13929276168346405","0.13410823047161102","0.14699766039848328","0.2347518801689148","0.2076367437839508","0.28291186690330505","0.255556158721447","0.2483571469783783","0.2649247646331787"
"2239","0.142551738768816","0.13644467294216156","0.15236103534698486","0.13514036685228348","0.1315600574016571","0.1423298418521881","0.13990622758865356","0.13714972138404846","0.1430780589580536","0.23127350211143494","0.21499313414096832","0.26015809178352356","0.26013386994600296","0.25675007700920105","0.26317793130874634"
"2240","0.1486252285540104","0.13991306722164154","0.15519580245018005","0.14084011316299438","0.13596300780773163","0.1465626209974289","0.14529237523674965","0.14022095501422882","0.15374159812927246","0.2339379241069158","0.21154630184173584","0.27576372027397156","0.26316049695014954","0.2542610764503479","0.27026501297950745"
"2241","0.14671161025762558","0.1368589997291565","0.15561671555042267","0.13901693373918533","0.13264083862304688","0.1503535360097885","0.14299940317869186","0.1365584433078766","0.152820885181427","0.2400881995757421","0.2149042934179306","0.27944114804267883","0.258166067302227","0.25298911333084106","0.26626789569854736"
"2242","0.14672260731458664","0.13659179210662842","0.16377362608909607","0.13849671557545662","0.13613973557949066","0.14053669571876526","0.1431642286479473","0.1384289562702179","0.14735163748264313","0.23813508450984955","0.21212953329086304","0.2852293848991394","0.26033812016248703","0.25224339962005615","0.2655699551105499"
"2243","0.16011833399534225","0.15115071833133698","0.16668201982975006","0.15203693509101868","0.145463228225708","0.16481301188468933","0.15599241480231285","0.14948874711990356","0.1631225198507309","0.2548290987809499","0.23193074762821198","0.29065752029418945","0.26969996094703674","0.2634544372558594","0.2809430956840515"
"2244","0.1453113593161106","0.1348486989736557","0.15523046255111694","0.13822996616363525","0.13244417309761047","0.14930346608161926","0.14182525873184204","0.13495171070098877","0.15486042201519012","0.2296460916598638","0.21012264490127563","0.2615432143211365","0.259721115231514","0.2516455054283142","0.2716847062110901"
"2245","0.14609871804714203","0.14123864471912384","0.1586388200521469","0.13883407786488533","0.1361253410577774","0.14361447095870972","0.1424303762614727","0.14104802906513214","0.1433640569448471","0.2428277631600698","0.2224324494600296","0.2830469012260437","0.2671598717570305","0.26601946353912354","0.26885664463043213"
"2246","0.13854215666651726","0.1268673986196518","0.14934031665325165","0.13232692144811153","0.12371306866407394","0.14370228350162506","0.13631096482276917","0.12723538279533386","0.15004238486289978","0.22632325688997904","0.20447154343128204","0.26386523246765137","0.25772544741630554","0.2502620220184326","0.274350106716156"
"2247","0.1365194171667099","0.12490440905094147","0.14687365293502808","0.12830479070544243","0.12280948460102081","0.13803161680698395","0.13336579129099846","0.12487165629863739","0.14737704396247864","0.22812934716542563","0.1975402981042862","0.26234230399131775","0.24406364932656288","0.23512670397758484","0.2603796124458313"
"2248","0.14538943395018578","0.13577578961849213","0.15434373915195465","0.1375458836555481","0.13013935089111328","0.14456000924110413","0.1424792744219303","0.13578033447265625","0.14699852466583252","0.23869026700655618","0.22245898842811584","0.2707630395889282","0.2528250031173229","0.24024532735347748","0.2603152096271515"
"2249","0.15270830690860748","0.1377674788236618","0.17080789804458618","0.1469719111919403","0.13437727093696594","0.16446790099143982","0.1503451205790043","0.13770613074302673","0.1717492640018463","0.2330217013756434","0.20744280517101288","0.2695443630218506","0.26040416210889816","0.24457624554634094","0.28607112169265747"
"2250","0.14777494221925735","0.1337859034538269","0.16737939417362213","0.13986758887767792","0.1348666399717331","0.14814035594463348","0.1451401375234127","0.13470441102981567","0.15548564493656158","0.2373801420132319","0.20111972093582153","0.2905351519584656","0.2623780705034733","0.24438266456127167","0.2808026373386383"
"2251","0.13943450152873993","0.128336563706398","0.1488766223192215","0.13131991401314735","0.12262125313282013","0.13643422722816467","0.13736796751618385","0.128681018948555","0.1438736617565155","0.22790602842966715","0.211503803730011","0.25353169441223145","0.2526712380349636","0.2474440187215805","0.2592465877532959"
"2252","0.14534251391887665","0.14435145258903503","0.147720068693161","0.1378159187734127","0.13146421313285828","0.14171496033668518","0.1423077993094921","0.13462261855602264","0.14504030346870422","0.23311971624692282","0.21353384852409363","0.2641534209251404","0.2560822479426861","0.24808946251869202","0.2667005956172943"
"2253","0.14464673399925232","0.13511335849761963","0.15224386751651764","0.1379624828696251","0.13042165338993073","0.1453629434108734","0.14212799444794655","0.13641497492790222","0.14884734153747559","0.2333641598622004","0.20480911433696747","0.28139325976371765","0.2510467916727066","0.24312391877174377","0.2572278380393982"
"2254","0.14572341740131378","0.13142572343349457","0.16396701335906982","0.13922600075602531","0.1243942379951477","0.15099912881851196","0.14279930293560028","0.131476029753685","0.1511179655790329","0.24684828023115793","0.21137960255146027","0.2974616289138794","0.26457177102565765","0.2534048557281494","0.27685773372650146"
"2255","0.1384083554148674","0.127610445022583","0.14361847937107086","0.13223486579954624","0.12113932520151138","0.1426604688167572","0.13652988523244858","0.1272428333759308","0.14339099824428558","0.23418720066547394","0.21367129683494568","0.2688191831111908","0.24758411198854446","0.2403535097837448","0.25365084409713745"
"2256","0.14406470954418182","0.13545556366443634","0.1547887772321701","0.13806308805942535","0.12825343012809753","0.14784616231918335","0.14207417890429497","0.13546335697174072","0.15052631497383118","0.237118328611056","0.21023593842983246","0.27493754029273987","0.25858553498983383","0.25236180424690247","0.2661958634853363"
"2257","0.14632973447442055","0.14191760122776031","0.1517023742198944","0.138987734913826","0.1301952600479126","0.1462065577507019","0.14430444315075874","0.13740131258964539","0.1516573429107666","0.2393819292386373","0.21967998147010803","0.27114206552505493","0.2598464712500572","0.24702158570289612","0.26921820640563965"
"2258","0.14133207872509956","0.13846221566200256","0.14297206699848175","0.13547797873616219","0.12911903858184814","0.1393698751926422","0.1394382230937481","0.13507050275802612","0.14190275967121124","0.23061424990495047","0.20743480324745178","0.26451513171195984","0.2572946697473526","0.2504429519176483","0.2628968060016632"
"2259","0.14622073993086815","0.13959214091300964","0.15934652090072632","0.13961480930447578","0.1340026706457138","0.14388442039489746","0.1443105861544609","0.1398882269859314","0.15099258720874786","0.23956614236036936","0.2145785093307495","0.2867303490638733","0.2565149515867233","0.25084811449050903","0.26328563690185547"
"2260","0.14311569184064865","0.13724912703037262","0.1462402641773224","0.1381528079509735","0.13109071552753448","0.14654624462127686","0.14144520461559296","0.13719789683818817","0.14539214968681335","0.231708029905955","0.2116791009902954","0.2621898353099823","0.24963030219078064","0.24027705192565918","0.2572108507156372"
"2261","0.14600097760558128","0.13154934346675873","0.15267039835453033","0.13978955522179604","0.12861718237400055","0.15236374735832214","0.14390503242611885","0.13215461373329163","0.15363289415836334","0.24414952099323273","0.22866661846637726","0.2737332880496979","0.2619650736451149","0.246246337890625","0.2718542814254761"
"2262","0.13542959466576576","0.12742185592651367","0.14446985721588135","0.12952477857470512","0.1227182149887085","0.13726578652858734","0.1344325840473175","0.12736445665359497","0.1403324007987976","0.2316540777683258","0.19529788196086884","0.2893412411212921","0.24808833748102188","0.23657402396202087","0.2590785026550293"
"2263","0.14804919436573982","0.12573358416557312","0.15892280638217926","0.1420975923538208","0.1208525151014328","0.15528354048728943","0.14672353118658066","0.12664076685905457","0.15769340097904205","0.25111421446005505","0.23154668509960175","0.2902330756187439","0.27007484063506126","0.23691333830356598","0.3022878170013428"
"2264","0.1431158296763897","0.13663479685783386","0.151092529296875","0.1372770369052887","0.12795330584049225","0.1437617391347885","0.14171553403139114","0.13315580785274506","0.1520288586616516","0.2329388310511907","0.21046924591064453","0.26368066668510437","0.25733574852347374","0.24597124755382538","0.26846960186958313"
"2265","0.14560413360595703","0.13582095503807068","0.15353962779045105","0.1396363079547882","0.1355435699224472","0.14546646177768707","0.14404727518558502","0.13660429418087006","0.14999207854270935","0.23160763581593832","0.2086021453142166","0.2721326947212219","0.2584086060523987","0.25014588236808777","0.2642153203487396"
"2266","0.13974908739328384","0.1379660964012146","0.14264407753944397","0.1352473422884941","0.13117597997188568","0.1419672667980194","0.1386992260813713","0.13686560094356537","0.13976061344146729","0.23185691237449646","0.21275803446769714","0.26993250846862793","0.2463417872786522","0.2408469021320343","0.24915924668312073"
"2267","0.1445363089442253","0.13198570907115936","0.15406963229179382","0.13926585391163826","0.133664071559906","0.14763616025447845","0.14358056336641312","0.1333657056093216","0.15365923941135406","0.22863295177618662","0.20085451006889343","0.2724122703075409","0.25080806016921997","0.23524677753448486","0.26194578409194946"
"2268","0.14175577834248543","0.1323148012161255","0.1538032591342926","0.13552220910787582","0.12862864136695862","0.14662867784500122","0.13988034427165985","0.13281898200511932","0.1536545306444168","0.23018365601698557","0.20126202702522278","0.2660691738128662","0.2515205405652523","0.24184086918830872","0.2624680995941162"
"2269","0.13936296477913857","0.13480272889137268","0.1465366929769516","0.13417396880686283","0.1248323991894722","0.14601477980613708","0.13781454786658287","0.13108645379543304","0.14671260118484497","0.23555045823256174","0.2129192054271698","0.2679176926612854","0.25642506033182144","0.24584504961967468","0.2699335813522339"
"2270","0.14635058119893074","0.14008831977844238","0.1529965102672577","0.13933568820357323","0.13074184954166412","0.15394435822963715","0.1455920971930027","0.13902021944522858","0.15478892624378204","0.2405755122502645","0.20963731408119202","0.2795739769935608","0.2586643025279045","0.2521097958087921","0.26940637826919556"
"2271","0.14756789058446884","0.13788077235221863","0.1572146713733673","0.1413457691669464","0.12880945205688477","0.15261933207511902","0.14648425951600075","0.13544347882270813","0.1578952670097351","0.23867293198903403","0.21549957990646362","0.26452192664146423","0.2603014148771763","0.24351952970027924","0.27369213104248047"
"2272","0.13960415124893188","0.13053733110427856","0.14527645707130432","0.13319772109389305","0.12555047869682312","0.14123082160949707","0.13831127434968948","0.1310315728187561","0.1430087387561798","0.2310155282417933","0.21183785796165466","0.2663949131965637","0.24952257424592972","0.24560272693634033","0.2522470951080322"
"2273","0.14856623858213425","0.1253317892551422","0.1592089980840683","0.14105036668479443","0.12446189671754837","0.14993742108345032","0.14650539308786392","0.12527325749397278","0.1588687300682068","0.23185793062051138","0.19751225411891937","0.26910436153411865","0.2542760372161865","0.2348184883594513","0.2672419548034668"
"2274","0.14380967989563942","0.1369614452123642","0.1568666696548462","0.1387646310031414","0.1277027130126953","0.15147507190704346","0.1422058343887329","0.1302976757287979","0.15632154047489166","0.24045032759507498","0.22082377970218658","0.2642153203487396","0.26162736117839813","0.2471218705177307","0.28277358412742615"
"2275","0.13605306670069695","0.13063320517539978","0.14105553925037384","0.1318085826933384","0.1262674331665039","0.13804319500923157","0.1348101906478405","0.13017208874225616","0.1380322277545929","0.2304976632197698","0.21063753962516785","0.26667076349258423","0.24217195808887482","0.23596622049808502","0.24735461175441742"
"2276","0.14010415971279144","0.13469314575195312","0.14400768280029297","0.13431770354509354","0.12784285843372345","0.14375770092010498","0.13916780054569244","0.13497528433799744","0.14485269784927368","0.22858254611492157","0.2074182629585266","0.2613718807697296","0.2550487667322159","0.25124335289001465","0.2613176703453064"
"2277","0.14440691843628883","0.1401033252477646","0.14917363226413727","0.1392199732363224","0.13190889358520508","0.14792566001415253","0.14281175285577774","0.13493773341178894","0.14928850531578064","0.23456482092539468","0.21583551168441772","0.26626846194267273","0.2566811852157116","0.24842102825641632","0.2632526755332947"
"2278","0.14650095999240875","0.13774052262306213","0.15749984979629517","0.13916663825511932","0.1360446810722351","0.14296409487724304","0.14499639719724655","0.13815972208976746","0.151169553399086","0.23772206902503967","0.20972761511802673","0.2822278141975403","0.26001274585723877","0.2515670955181122","0.26480376720428467"
"2279","0.1409659944474697","0.1348019242286682","0.14675629138946533","0.13520296290516853","0.12954676151275635","0.1425553858280182","0.1393052227795124","0.1346057653427124","0.14676155149936676","0.23871890703837076","0.2144603431224823","0.2775997519493103","0.2585378810763359","0.25206050276756287","0.2659617066383362"
"2280","0.14556029811501503","0.13551807403564453","0.15271665155887604","0.13907493650913239","0.1283809244632721","0.14834411442279816","0.14434310793876648","0.13554397225379944","0.1490817368030548","0.23295675218105316","0.20632228255271912","0.2685016393661499","0.26189886033535004","0.24868863821029663","0.26859986782073975"
"2281","0.13920873031020164","0.12958486378192902","0.1483706831932068","0.13416752591729164","0.12587031722068787","0.14319193363189697","0.13837046921253204","0.130497008562088","0.14864057302474976","0.23098744451999664","0.20419703423976898","0.28308939933776855","0.25433439761400223","0.24510952830314636","0.26288315653800964"
"2282","0.1468857191503048","0.13648182153701782","0.1606544703245163","0.14043822139501572","0.12822791934013367","0.1481057107448578","0.14553121477365494","0.1358768492937088","0.15555870532989502","0.24193182090918222","0.2103734314441681","0.29062071442604065","0.25012169405817986","0.23960009217262268","0.25848639011383057"
"2283","0.13851133733987808","0.1317073553800583","0.14887049794197083","0.13432428985834122","0.12653887271881104","0.14058946073055267","0.13797444850206375","0.13169899582862854","0.14535310864448547","0.23176039258639017","0.2073594033718109","0.27497103810310364","0.25239694863557816","0.2500861883163452","0.2561170756816864"
"2284","0.14322061464190483","0.13928699493408203","0.15417912602424622","0.13795727491378784","0.1340714693069458","0.1414075493812561","0.14229915291070938","0.13903070986270905","0.14925242960453033","0.2386704981327057","0.2158629149198532","0.2837101221084595","0.26003398001194","0.25736093521118164","0.2628864347934723"
"2285","0.14494625106453896","0.14066937565803528","0.15252040326595306","0.13790442049503326","0.1333695948123932","0.14071887731552124","0.1436796858906746","0.14156247675418854","0.14633294939994812","0.2383813112974167","0.2104908972978592","0.284056156873703","0.259913370013237","0.25358811020851135","0.2657708525657654"
"2286","0.1457553207874298","0.13918493688106537","0.15038353204727173","0.14036421477794647","0.1382751166820526","0.14236821234226227","0.14463390409946442","0.13989576697349548","0.14916840195655823","0.24014628926912943","0.2159576117992401","0.28822484612464905","0.25628744810819626","0.25236833095550537","0.2593982517719269"
"2287","0.1407773345708847","0.13211709260940552","0.1520645022392273","0.13717078417539597","0.12747976183891296","0.14837175607681274","0.1401706039905548","0.13193532824516296","0.15262556076049805","0.23167173564434052","0.2011788785457611","0.2627599835395813","0.2554681822657585","0.24041974544525146","0.27611851692199707"
"2288","0.143057432025671","0.13255789875984192","0.15436400473117828","0.13798954710364342","0.12577848136425018","0.15095435082912445","0.14283572509884834","0.13189074397087097","0.15606489777565002","0.23909843464692435","0.22655771672725677","0.25524723529815674","0.25848503038287163","0.24227498471736908","0.27693596482276917"
"2289","0.14209462329745293","0.13708378374576569","0.14713037014007568","0.1360575333237648","0.1317523568868637","0.13847403228282928","0.14057336747646332","0.1363377422094345","0.14434218406677246","0.23905867834885916","0.21494188904762268","0.28332340717315674","0.2581684961915016","0.25566527247428894","0.2620014548301697"
"2290","0.1372821368277073","0.13113069534301758","0.14410166442394257","0.1328977830708027","0.1218525618314743","0.1432628631591797","0.13630641624331474","0.12754276394844055","0.1440339982509613","0.22638542453447977","0.20378798246383667","0.2580918073654175","0.24655388668179512","0.23842260241508484","0.2552865147590637"
"2291","0.131226297467947","0.12119399011135101","0.1430211067199707","0.12599783949553967","0.11929408460855484","0.13063973188400269","0.1307777240872383","0.12192143499851227","0.13959990441799164","0.2217759738365809","0.1945214420557022","0.26556816697120667","0.24527662619948387","0.2358517348766327","0.2574668526649475"
"2292","0.1385544240474701","0.13224391639232635","0.1483299285173416","0.13203473947942257","0.12450658529996872","0.1351318508386612","0.13680429756641388","0.13250601291656494","0.1414365917444229","0.22418246169885","0.20185251533985138","0.2649003267288208","0.24941104650497437","0.242975652217865","0.2567793130874634"
"2293","0.13982804119586945","0.13604523241519928","0.14926765859127045","0.1361430250108242","0.12587669491767883","0.14515963196754456","0.13905871286988258","0.13233044743537903","0.1490439921617508","0.23138719300429025","0.21048393845558167","0.25798100233078003","0.2543829120695591","0.24333129823207855","0.26758936047554016"
"2294","0.14427513629198074","0.13622617721557617","0.15798327326774597","0.13847636431455612","0.13338477909564972","0.14670906960964203","0.14322500303387642","0.13699887692928314","0.1531001478433609","0.23493405183156332","0.202543705701828","0.2853724956512451","0.25309227406978607","0.24191763997077942","0.2670879065990448"
"2295","0.13919895887374878","0.13535848259925842","0.14551685750484467","0.13406482711434364","0.12873366475105286","0.13816973567008972","0.13861661031842232","0.1310005784034729","0.14621633291244507","0.23153584698836008","0.20722411572933197","0.2705073058605194","0.2482975497841835","0.24484121799468994","0.2535543441772461"
"2296","0.1405203528702259","0.12822654843330383","0.15081967413425446","0.1345829125493765","0.11873442679643631","0.14349183440208435","0.13946446031332016","0.12432612478733063","0.1508539617061615","0.22675431271394095","0.21531914174556732","0.2481401115655899","0.25130393728613853","0.23267270624637604","0.2621442973613739"
"2297","0.14798065647482872","0.1398962140083313","0.1553851068019867","0.14332560822367668","0.1384924054145813","0.14788304269313812","0.14731653779745102","0.1397981345653534","0.1522223800420761","0.2420202394326528","0.2157972902059555","0.2849718928337097","0.2615981101989746","0.25269392132759094","0.2670370936393738"
"2298","0.14117860794067383","0.13643956184387207","0.14446407556533813","0.13575920090079308","0.13276167213916779","0.13781964778900146","0.14078452065587044","0.1371486634016037","0.14280478656291962","0.2324263056119283","0.21004432439804077","0.271544873714447","0.2547137439250946","0.25133612751960754","0.2597159445285797"
"2299","0.1472448855638504","0.14298729598522186","0.15348650515079498","0.1413276232779026","0.13604721426963806","0.1464856117963791","0.14676618948578835","0.14235374331474304","0.15409183502197266","0.24396038055419922","0.22220167517662048","0.2836780548095703","0.26149559766054153","0.2527298033237457","0.2683258056640625"
"2300","0.14776743575930595","0.14233040809631348","0.15739072859287262","0.14379239454865456","0.13504403829574585","0.15605875849723816","0.14679309353232384","0.14239507913589478","0.15763790905475616","0.22984116276105246","0.20959687232971191","0.26535409688949585","0.25536513328552246","0.24754050374031067","0.2740670442581177"
"2301","0.14357727766036987","0.1335250735282898","0.15617425739765167","0.1398630291223526","0.12757250666618347","0.1497270166873932","0.1433905027806759","0.13486628234386444","0.15292218327522278","0.23358391722043356","0.20193642377853394","0.28979507088661194","0.28189412504434586","0.246021568775177","0.36779385805130005"
"2302","0.14184069260954857","0.13045836985111237","0.15042316913604736","0.13710567727684975","0.12626893818378448","0.1508481204509735","0.1411183886229992","0.13036373257637024","0.15027281641960144","0.22813151280085245","0.20509350299835205","0.25824761390686035","0.2545974440872669","0.24595262110233307","0.26563483476638794"
"2303","0.13494259119033813","0.12607356905937195","0.14288076758384705","0.13045650348067284","0.12060268223285675","0.14340800046920776","0.1341818906366825","0.12644299864768982","0.1412266194820404","0.2352810800075531","0.2011713832616806","0.2882536053657532","0.25453587621450424","0.24450591206550598","0.2694259285926819"
"2304","0.14542341977357864","0.1383412480354309","0.15166041254997253","0.1402844823896885","0.13273192942142487","0.14427447319030762","0.14492075890302658","0.1387324184179306","0.14825667440891266","0.23189851641654968","0.2140742838382721","0.26360222697257996","0.2497190237045288","0.24109721183776855","0.25456467270851135"
"2305","0.1426539495587349","0.138427272439003","0.1497594565153122","0.13700347393751144","0.1304343044757843","0.15001216530799866","0.14216553419828415","0.13691990077495575","0.15009351074695587","0.23682539661725363","0.2189403772354126","0.27035003900527954","0.2582964152097702","0.2536908984184265","0.2628490924835205"
"2307","0.14824842289090157","0.1377233862876892","0.16303013265132904","0.14273648709058762","0.13105827569961548","0.15259070694446564","0.14711829647421837","0.13646291196346283","0.15741725265979767","0.23543732364972433","0.2074282169342041","0.2895812392234802","0.26217541843652725","0.24756282567977905","0.2762161195278168"
"2308","0.14615138992667198","0.14031560719013214","0.15137313306331635","0.14044802635908127","0.13323280215263367","0.14635898172855377","0.14529387280344963","0.140547513961792","0.15087071061134338","0.24440798163414001","0.22527840733528137","0.2805651128292084","0.26137079298496246","0.25470852851867676","0.26825928688049316"
"2309","0.14907796680927277","0.14464524388313293","0.15638935565948486","0.14431320875883102","0.14034858345985413","0.14892111718654633","0.14857231453061104","0.14482250809669495","0.1529196798801422","0.24584483106931052","0.2197721004486084","0.29086753726005554","0.2624136283993721","0.25921833515167236","0.26746654510498047"
"2310","0.14110831171274185","0.13331131637096405","0.15095870196819305","0.13677672296762466","0.1321021318435669","0.14645281434059143","0.14051780849695206","0.13325539231300354","0.15137861669063568","0.22710315386454263","0.20481263101100922","0.2703160047531128","0.25303949415683746","0.24523098766803741","0.2666820287704468"
"2311","0.1424345225095749","0.13063214719295502","0.1496511995792389","0.13758739456534386","0.12396104633808136","0.14560876786708832","0.14202355593442917","0.1313381940126419","0.146236389875412","0.23774802188078561","0.2005227506160736","0.2862323522567749","0.2582344189286232","0.24833962321281433","0.2625325620174408"
"2312","0.1489103026688099","0.13714465498924255","0.16075272858142853","0.14452232420444489","0.13759103417396545","0.15537187457084656","0.1485985741019249","0.13859307765960693","0.16093245148658752","0.23241941134134927","0.21046492457389832","0.2763172686100006","0.2651422470808029","0.25366854667663574","0.28390711545944214"
"2313","0.14050975441932678","0.13131670653820038","0.14663900434970856","0.13573796674609184","0.13211116194725037","0.13928723335266113","0.13993430510163307","0.13133475184440613","0.1465861052274704","0.23127180337905884","0.2047090232372284","0.2693888247013092","0.25274571031332016","0.24685624241828918","0.25951680541038513"
"2314","0.14381887391209602","0.13117192685604095","0.15885667502880096","0.13918595388531685","0.1260918229818344","0.1492464542388916","0.14282027631998062","0.13048438727855682","0.1547563374042511","0.23522685964902243","0.20231382548809052","0.2917669117450714","0.2579207569360733","0.2477497160434723","0.2705381214618683"
"2315","0.14136561006307602","0.13203458487987518","0.15509210526943207","0.1361578330397606","0.12634602189064026","0.15497319400310516","0.1402755156159401","0.13279198110103607","0.1558406949043274","0.233894944190979","0.20705413818359375","0.2634022831916809","0.2557576633989811","0.24781332910060883","0.2738894820213318"
"2316","0.14349544793367386","0.1270960420370102","0.15586060285568237","0.13799168542027473","0.12310841679573059","0.14782987534999847","0.14323264732956886","0.12748859822750092","0.1561955213546753","0.2420710970958074","0.21807150542736053","0.2831559181213379","0.26353511586785316","0.24878667294979095","0.27297645807266235"
"2317","0.14498436450958252","0.14229027926921844","0.1493876576423645","0.14036358147859573","0.1354922205209732","0.15113717317581177","0.14476820081472397","0.14187154173851013","0.1511644870042801","0.2412582884232203","0.2197933942079544","0.2727428674697876","0.2656531110405922","0.2620188295841217","0.2727295756340027"
"2318","0.14010675996541977","0.12929043173789978","0.15389738976955414","0.13342667371034622","0.12821683287620544","0.14622029662132263","0.13910100609064102","0.13077598810195923","0.15490244328975677","0.2289577176173528","0.1982230842113495","0.25941401720046997","0.2523639388382435","0.23853939771652222","0.2737548053264618"
"2319","0.14316687732934952","0.1350966989994049","0.15035207569599152","0.13828986510634422","0.13606221973896027","0.14048287272453308","0.1428958810865879","0.13640080392360687","0.1467316597700119","0.23177446921666464","0.2043038010597229","0.28163135051727295","0.2479991428554058","0.23957616090774536","0.2521399259567261"
"2320","0.14446232840418816","0.13403400778770447","0.1558627188205719","0.14011191949248314","0.13011135160923004","0.14702582359313965","0.14429860934615135","0.1346915066242218","0.15365400910377502","0.24021916588147482","0.20959846675395966","0.28412294387817383","0.26378342509269714","0.251743882894516","0.2739698886871338"
"2321","0.14022427424788475","0.13625860214233398","0.14457157254219055","0.13608811795711517","0.12993746995925903","0.1388458013534546","0.1405983418226242","0.13637065887451172","0.1449872851371765","0.23212796449661255","0.20638218522071838","0.2732212543487549","0.2486773021519184","0.24086064100265503","0.2565002739429474"
"2322","0.14330927282571793","0.13948717713356018","0.1505947709083557","0.1383305974304676","0.13141565024852753","0.1438964158296585","0.14211798459291458","0.13627034425735474","0.14993177354335785","0.23461312552293143","0.21506701409816742","0.2660840153694153","0.25683676451444626","0.2525879442691803","0.2645435929298401"
"2323","0.1415836624801159","0.1366426795721054","0.15308386087417603","0.13692789524793625","0.12664946913719177","0.14711230993270874","0.14125318452715874","0.1332494616508484","0.15299469232559204","0.23465860883394876","0.20752742886543274","0.2677849531173706","0.2547124922275543","0.24349629878997803","0.2692866623401642"
"2324","0.14329439401626587","0.12961728870868683","0.15495029091835022","0.13810326904058456","0.1228971779346466","0.149977445602417","0.14315998181700706","0.1298454999923706","0.1557145118713379","0.23921820521354675","0.20871901512145996","0.28675419092178345","0.251587200909853","0.2403860241174698","0.26100412011146545"
"2325","0.1357751600444317","0.12595580518245697","0.1496768593788147","0.1298167183995247","0.1196456104516983","0.13848480582237244","0.1348453350365162","0.12651512026786804","0.1446567326784134","0.2281039903561274","0.20339183509349823","0.2737712562084198","0.2407766431570053","0.23358303308486938","0.2475225031375885"
"2326","0.14522235840559006","0.14072489738464355","0.15196678042411804","0.13981880992650986","0.13283689320087433","0.14690718054771423","0.1449677161872387","0.13864825665950775","0.15209533274173737","0.23252047101656595","0.21099074184894562","0.2736237347126007","0.24958159402012825","0.2447471171617508","0.2548302114009857"
"2327","0.14770950376987457","0.1405826061964035","0.15808646380901337","0.14220573008060455","0.13364911079406738","0.15195751190185547","0.14735931903123856","0.14085829257965088","0.15793925523757935","0.23876475294431052","0.21432462334632874","0.269964337348938","0.27113188058137894","0.26330310106277466","0.28301045298576355"
"2328","0.14895687997341156","0.13672319054603577","0.16319483518600464","0.1434602029621601","0.13113266229629517","0.15289561450481415","0.1477401778101921","0.13562513887882233","0.15844272077083588","0.24202110370000204","0.20911574363708496","0.2826962172985077","0.25805868953466415","0.24597251415252686","0.2706615924835205"
"2329","0.1398453153669834","0.12528236210346222","0.1507045328617096","0.1371523141860962","0.12000147998332977","0.15704549849033356","0.13954877480864525","0.12590111792087555","0.15287628769874573","0.24143790205319723","0.21284088492393494","0.28143277764320374","0.2573944479227066","0.24054136872291565","0.2728545069694519"
"2330","0.14405925199389458","0.1353847086429596","0.15348197519779205","0.13937751576304436","0.13430550694465637","0.1496891975402832","0.1426113061606884","0.1362912356853485","0.15373648703098297","0.24073887368043265","0.20696794986724854","0.27959316968917847","0.25388128682971","0.243493914604187","0.27305111289024353"
"2331","0.14774559065699577","0.13188479840755463","0.16591162979602814","0.14219923317432404","0.12641139328479767","0.1588868945837021","0.14745176956057549","0.1319514364004135","0.16641730070114136","0.24090605477492014","0.21311409771442413","0.2889794409275055","0.26267244294285774","0.24933217465877533","0.2802034318447113"
"2332","0.14863336086273193","0.13825394213199615","0.1570426970720291","0.14463164657354355","0.13542374968528748","0.15687358379364014","0.14892178773880005","0.13844262063503265","0.15671369433403015","0.2489762157201767","0.21314555406570435","0.307279497385025","0.2674858793616295","0.25502482056617737","0.2860132157802582"
"2333","0.14816151186823845","0.1308649778366089","0.15677785873413086","0.14281979203224182","0.12584227323532104","0.15192855894565582","0.147408127784729","0.1303171068429947","0.15645354986190796","0.24433600902557373","0.22458937764167786","0.280325710773468","0.2616818770766258","0.24567893147468567","0.2709541320800781"
"2334","0.1443517953157425","0.1382608562707901","0.15369832515716553","0.1394970864057541","0.13669611513614655","0.14528551697731018","0.1444045789539814","0.13955938816070557","0.15184138715267181","0.24008344610532126","0.2138889878988266","0.2885025143623352","0.2615509480237961","0.2556564211845398","0.2707592248916626"
"2335","0.14435135200619698","0.12891893088817596","0.16363689303398132","0.14029603451490402","0.12560702860355377","0.1636544018983841","0.14428716897964478","0.12837354838848114","0.16468647122383118","0.24253895382086435","0.21142929792404175","0.2763441801071167","0.2556823752820492","0.2391195446252823","0.2790915369987488"
"2336","0.1432114578783512","0.1355864405632019","0.1480761170387268","0.13927283883094788","0.13005022704601288","0.14991672337055206","0.1433941312134266","0.13632570207118988","0.1484997570514679","0.2365341285864512","0.21155351400375366","0.27502426505088806","0.25496362894773483","0.25196826457977295","0.25727638602256775"
"2337","0.13437973707914352","0.12694519758224487","0.14149492979049683","0.13000085204839706","0.12410786747932434","0.1358286589384079","0.13348089903593063","0.12619976699352264","0.14031729102134705","0.23115083575248718","0.20570650696754456","0.2724740505218506","0.24870961904525757","0.2418626844882965","0.25635066628456116"
"2338","0.1495361588895321","0.1429784595966339","0.15496167540550232","0.14355779439210892","0.1411243975162506","0.1457078456878662","0.14897803217172623","0.1447736620903015","0.15485116839408875","0.24032958845297495","0.2164732664823532","0.2816249132156372","0.25387217104434967","0.24916735291481018","0.25746941566467285"
"2339","0.14200953394174576","0.13493451476097107","0.1500350385904312","0.13685166463255882","0.1289595365524292","0.14971260726451874","0.14177175611257553","0.13499869406223297","0.1517370045185089","0.24084634085496268","0.20733642578125","0.28589266538619995","0.254860021173954","0.24646785855293274","0.26592621207237244"
"2340","0.1434856727719307","0.13483396172523499","0.14837303757667542","0.1393088959157467","0.1353541761636734","0.1442064642906189","0.14300041273236275","0.13567203283309937","0.14903974533081055","0.23178800443808237","0.20526564121246338","0.2667720317840576","0.25453760474920273","0.2428836226463318","0.2652648389339447"
"2341","0.13544904068112373","0.12274640798568726","0.14718817174434662","0.13180294260382652","0.1168767511844635","0.1407938301563263","0.13538119196891785","0.12389950454235077","0.14516311883926392","0.2227033625046412","0.19440947473049164","0.2750702500343323","0.24474091455340385","0.23372045159339905","0.2565377354621887"
"2342","0.1442282535135746","0.13898631930351257","0.15264630317687988","0.1386517807841301","0.13514694571495056","0.1454709768295288","0.14405254647135735","0.13972795009613037","0.1529642641544342","0.2298413167397181","0.20922710001468658","0.26905572414398193","0.25202060490846634","0.2433072030544281","0.26731622219085693"
"2343","0.13895847648382187","0.13218176364898682","0.14246799051761627","0.1332567259669304","0.12580066919326782","0.13925015926361084","0.13834894821047783","0.13267570734024048","0.14227700233459473","0.22578108807404837","0.20395922660827637","0.26733720302581787","0.25049547106027603","0.24709314107894897","0.25233447551727295"
"2344","0.14760812744498253","0.14162273705005646","0.15601415932178497","0.1419541873037815","0.13674192130565643","0.14570632576942444","0.14746295660734177","0.14199873805046082","0.15306615829467773","0.24561153848965964","0.21832726895809174","0.29202330112457275","0.2615998312830925","0.25701794028282166","0.2663966715335846"
"2345","0.14047684520483017","0.13301703333854675","0.15261411666870117","0.13506757840514183","0.12624704837799072","0.14551202952861786","0.14034675061702728","0.13204999268054962","0.15346166491508484","0.23457631468772888","0.21432065963745117","0.2689529359340668","0.24815304577350616","0.23951898515224457","0.2601473331451416"
"2346","0.13732348009943962","0.12998616695404053","0.14899857342243195","0.13359736278653145","0.12510493397712708","0.15016156435012817","0.13646650686860085","0.12975798547267914","0.14930391311645508","0.2339062144358953","0.20757544040679932","0.27212876081466675","0.25371796637773514","0.24782180786132812","0.2617953419685364"
"2347","0.15275469794869423","0.14397987723350525","0.16432753205299377","0.14686591178178787","0.13964256644248962","0.15711897611618042","0.15222788229584694","0.14383041858673096","0.16238072514533997","0.24361304442087808","0.2135046124458313","0.2981410026550293","0.2618764415383339","0.25068968534469604","0.27373558282852173"
"2348","0.14522717148065567","0.13137315213680267","0.15739066898822784","0.1410180926322937","0.1324908286333084","0.15142294764518738","0.14448600262403488","0.13196057081222534","0.15677960216999054","0.23932627340157828","0.20138029754161835","0.27837732434272766","0.26222170889377594","0.24218347668647766","0.2777653932571411"
"2349","0.1414223313331604","0.13644303381443024","0.15096791088581085","0.1372760720551014","0.12786152958869934","0.144673690199852","0.1411200314760208","0.13441528379917145","0.15022531151771545","0.23311479886372885","0.21872812509536743","0.2570047974586487","0.2550688683986664","0.24387681484222412","0.26445114612579346"
"2350","0.14052623510360718","0.13218942284584045","0.14701229333877563","0.1356726996600628","0.125698983669281","0.1459445208311081","0.13978202268481255","0.13240642845630646","0.1481851041316986","0.23186667263507843","0.21040771901607513","0.2684931755065918","0.24883564561605453","0.24372079968452454","0.25781548023223877"
"2351","0.14351656287908554","0.13491740822792053","0.1517595648765564","0.13838031142950058","0.12828783690929413","0.1468828022480011","0.14322315156459808","0.1353142261505127","0.1516454517841339","0.23855351905028024","0.20680168271064758","0.28896278142929077","0.2549002505838871","0.2441144436597824","0.26306644082069397"
"2352","0.15055111423134804","0.13788652420043945","0.16630977392196655","0.14548560604453087","0.1396978795528412","0.15795773267745972","0.15045147016644478","0.13993115723133087","0.16249482333660126","0.2465252677599589","0.2100035548210144","0.31020277738571167","0.2684526965022087","0.254355251789093","0.28938528895378113"
"2353","0.14314062893390656","0.1399034559726715","0.14753016829490662","0.13928480073809624","0.13809378445148468","0.14134234189987183","0.14310923963785172","0.14061245322227478","0.14654764533042908","0.23783888419469199","0.21381348371505737","0.284512996673584","0.25332389771938324","0.2499796748161316","0.25750982761383057"
"2354","0.14430555328726768","0.1373436599969864","0.1497211754322052","0.14111989364027977","0.13326042890548706","0.14801505208015442","0.14340880140662193","0.13686570525169373","0.14956039190292358","0.23581093549728394","0.2102849781513214","0.27713096141815186","0.2569221407175064","0.24903187155723572","0.2632233202457428"