"Step","optimizer_name: adam - train_loss","optimizer_name: adam - train_loss__MIN","optimizer_name: adam - train_loss__MAX","optimizer_name: nadam - train_loss","optimizer_name: nadam - train_loss__MIN","optimizer_name: nadam - train_loss__MAX","optimizer_name: sgd - train_loss","optimizer_name: sgd - train_loss__MIN","optimizer_name: sgd - train_loss__MAX","optimizer_name: sgdm - train_loss","optimizer_name: sgdm - train_loss__MIN","optimizer_name: sgdm - train_loss__MAX","optimizer_name: adamw - train_loss","optimizer_name: adamw - train_loss__MIN","optimizer_name: adamw - train_loss__MAX"
"0","13.597322781880697","13.35804557800293","13.804753303527832","13.597322781880697","13.35804557800293","13.804753303527832","14.124663352966309","14.124663352966309","14.124663352966309","13.71696138381958","13.629169464111328","13.804753303527832","13.597322781880697","13.35804557800293","13.804753303527832"
"1","2.2552530765533447","1.5688025951385498","2.735492706298828","1.9098714590072632","1.3952200412750244","2.784802198410034","9.036428451538086","9.036428451538086","9.036428451538086","8.74954891204834","8.743423461914062","8.755674362182617","2.2418034076690674","1.5675299167633057","2.7441513538360596"
"2","0.9384473562240601","0.8993786573410034","0.9645991325378418","1.0120454629262288","0.9727485179901123","1.0336675643920898","3.094578266143799","3.094578266143799","3.094578266143799","3.3001526594161987","3.1570982933044434","3.443207025527954","0.9280955791473389","0.8942701816558838","0.9546371698379517"
"3","0.6463258862495422","0.5293325185775757","0.7173653244972229","0.6815590063730875","0.628569483757019","0.7327313423156738","2.389469861984253","2.389469861984253","2.389469861984253","2.304121971130371","2.281304359436035","2.326939582824707","0.6368346214294434","0.5259869694709778","0.7156616449356079"
"4","0.5164210398991903","0.44654226303100586","0.5607506036758423","0.430202712615331","0.40421441197395325","0.470811665058136","2.0417797565460205","2.0417797565460205","2.0417797565460205","2.038697361946106","1.929656982421875","2.147737741470337","0.5160241921742758","0.44332724809646606","0.5563766956329346"
"5","0.40674954652786255","0.37725380063056946","0.4414614737033844","0.3143255114555359","0.30985337495803833","0.3178635239601135","1.862938642501831","1.862938642501831","1.862938642501831","1.865213692188263","1.8155224323272705","1.9149049520492554","0.4039151668548584","0.36771219968795776","0.434516578912735"
"6","0.36082956194877625","0.3252946734428406","0.38985303044319153","0.2912047207355499","0.26455044746398926","0.3102368414402008","1.7992162704467773","1.7992162704467773","1.7992162704467773","1.7013723850250244","1.6870205402374268","1.715724229812622","0.35838327805201214","0.31923708319664","0.3942299485206604"
"7","0.32353901863098145","0.2954300045967102","0.3402801752090454","0.2689026991526286","0.25750261545181274","0.2767273187637329","1.7562854290008545","1.7562854290008545","1.7562854290008545","1.7546972036361694","1.7209479808807373","1.7884464263916016","0.3243051568667094","0.2983265817165375","0.33865341544151306"
"8","0.33524348338445026","0.2985919117927551","0.37237340211868286","0.27485889196395874","0.25525933504104614","0.3014258146286011","1.7680031061172485","1.7680031061172485","1.7680031061172485","1.73304283618927","1.685012936592102","1.781072735786438","0.3345243036746979","0.29976823925971985","0.3681104779243469"
"9","0.32140032450358075","0.30622434616088867","0.3381470739841461","0.25759785374005634","0.2396765649318695","0.26913362741470337","1.7465651035308838","1.7465651035308838","1.7465651035308838","1.7040383219718933","1.679722547531128","1.7283540964126587","0.31983932852745056","0.3049507439136505","0.33443740010261536"
"10","0.30340027809143066","0.2807926833629608","0.3152890205383301","0.24171398083368936","0.23401078581809998","0.25365233421325684","1.6592782735824585","1.6592782735824585","1.6592782735824585","1.6687984466552734","1.6467795372009277","1.6908173561096191","0.3041451672712962","0.2805303633213043","0.3194647431373596"
"11","0.2777956922849019","0.27100133895874023","0.28904998302459717","0.22680097818374634","0.20986488461494446","0.2407221794128418","1.652165412902832","1.652165412902832","1.652165412902832","1.6871152520179749","1.658773422241211","1.7154570817947388","0.2795565724372864","0.2720293700695038","0.2884948253631592"
"12","0.2768818140029907","0.24936792254447937","0.29907435178756714","0.222916046778361","0.21077340841293335","0.2339254915714264","1.694797158241272","1.694797158241272","1.694797158241272","1.7246147394180298","1.6948657035827637","1.754363775253296","0.2767074505488078","0.24914610385894775","0.3025819659233093"
"13","0.26918301979700726","0.23769530653953552","0.293754518032074","0.21781688431898752","0.19775071740150452","0.24516470730304718","1.6613190174102783","1.6613190174102783","1.6613190174102783","1.6642667651176453","1.6009888648986816","1.7275446653366089","0.2689209133386612","0.2378859668970108","0.29176023602485657"
"14","0.24835597972075144","0.24515357613563538","0.253786563873291","0.20015966395537058","0.18872304260730743","0.20752930641174316","1.5091911554336548","1.5091911554336548","1.5091911554336548","1.5481089353561401","1.5437545776367188","1.5524632930755615","0.2488501767317454","0.242991641163826","0.2567366361618042"
"15","0.2520085573196411","0.24125373363494873","0.2584889233112335","0.2053361584742864","0.1976255178451538","0.2166733741760254","1.6747608184814453","1.6747608184814453","1.6747608184814453","1.6731849908828735","1.672234296798706","1.674135684967041","0.2521338164806366","0.24021652340888977","0.25908854603767395"
"16","0.252221738298734","0.23725835978984833","0.2663518190383911","0.20191632211208344","0.19246762990951538","0.21937976777553558","1.5590105056762695","1.5590105056762695","1.5590105056762695","1.5573360323905945","1.5450564622879028","1.5696156024932861","0.25390000144640607","0.2389870584011078","0.2672514319419861"
"17","0.24771520992120108","0.22774986922740936","0.26191186904907227","0.20078404247760773","0.1865634173154831","0.2160162329673767","1.5218300819396973","1.5218300819396973","1.5218300819396973","1.4912025332450867","1.490601658821106","1.4918034076690674","0.2469698985417684","0.22600629925727844","0.2602095305919647"
"18","0.235498974720637","0.2315555214881897","0.23946541547775269","0.19482734302679697","0.18732944130897522","0.20200419425964355","1.5679800510406494","1.5679800510406494","1.5679800510406494","1.5295084714889526","1.529207706451416","1.5298092365264893","0.2368890792131424","0.23311355710029602","0.24151287972927094"
"19","0.22628960510094961","0.22352199256420135","0.2313949465751648","0.1875146677096685","0.17485134303569794","0.19888624548912048","1.528782606124878","1.528782606124878","1.528782606124878","1.5313612222671509","1.5202933549880981","1.5424290895462036","0.22788459062576294","0.22480924427509308","0.2325724959373474"
"20","0.2206850697596868","0.21552115678787231","0.22496505081653595","0.18367580572764078","0.1745147407054901","0.19219209253787994","1.4994533061981201","1.4994533061981201","1.4994533061981201","1.5168874859809875","1.5148643255233765","1.5189106464385986","0.22341721753279367","0.2187148779630661","0.23151278495788574"
"21","0.22076451778411865","0.21533581614494324","0.22933648526668549","0.1819238762060801","0.17131969332695007","0.19334231317043304","1.594632863998413","1.594632863998413","1.594632863998413","1.6009061336517334","1.6003276109695435","1.6014846563339233","0.22407018641630808","0.21782997250556946","0.23325666785240173"
"22","0.21698498725891113","0.19400829076766968","0.2314290702342987","0.18055047591527304","0.1675008237361908","0.19551074504852295","1.5509006977081299","1.5509006977081299","1.5509006977081299","1.5176939964294434","1.4967505931854248","1.538637399673462","0.21949656307697296","0.1976347267627716","0.2375813126564026"
"23","0.21198717256387076","0.20101520419120789","0.21796059608459473","0.1753357450167338","0.16992397606372833","0.1830241084098816","1.4342458248138428","1.4342458248138428","1.4342458248138428","1.4141004085540771","1.4131243228912354","1.415076494216919","0.21374158064524332","0.20564860105514526","0.21883442997932434"
"24","0.2126796543598175","0.20447003841400146","0.22155967354774475","0.17918347318967184","0.1777782142162323","0.18151448667049408","1.492952585220337","1.492952585220337","1.492952585220337","1.4730958938598633","1.4593472480773926","1.486844539642334","0.21575969457626343","0.20789936184883118","0.22243593633174896"
"25","0.21486073235670725","0.2054876685142517","0.22638139128684998","0.18093634645144144","0.1644469052553177","0.19333884119987488","1.4879887104034424","1.4879887104034424","1.4879887104034424","1.500830054283142","1.4971644878387451","1.504495620727539","0.2163406511147817","0.2059830278158188","0.22936879098415375"
"26","0.20768859485785165","0.20155861973762512","0.2177361398935318","0.17322113613287607","0.15938052535057068","0.18407636880874634","1.4883215427398682","1.4883215427398682","1.4883215427398682","1.4825547337532043","1.468731164932251","1.4963783025741577","0.2105805923541387","0.20154796540737152","0.22340905666351318"
"27","0.2100910246372223","0.19309014081954956","0.2380073368549347","0.17480748891830444","0.16675612330436707","0.1899404525756836","1.4775751829147339","1.4775751829147339","1.4775751829147339","1.4460261464118958","1.4346504211425781","1.4574018716812134","0.21202566723028818","0.19360853731632233","0.238777756690979"
"28","0.19041999677817026","0.1686270833015442","0.21632541716098785","0.1582037111123403","0.14514301717281342","0.17633982002735138","1.436584234237671","1.436584234237671","1.436584234237671","1.4130926728248596","1.408186912536621","1.4179984331130981","0.1927130122979482","0.1707550287246704","0.21780961751937866"
"29","0.19738447666168213","0.19023269414901733","0.20364350080490112","0.16701546808083853","0.16055703163146973","0.17644400894641876","1.581573724746704","1.581573724746704","1.581573724746704","1.5414787530899048","1.5341688394546509","1.5487886667251587","0.19822924832503","0.1922329068183899","0.20445360243320465"
"30","0.18610205252965292","0.1760169267654419","0.19836768507957458","0.15822250644365946","0.1511160284280777","0.16411025822162628","1.486129879951477","1.486129879951477","1.486129879951477","1.438186228275299","1.4267243146896362","1.449648141860962","0.18695314228534698","0.17572659254074097","0.19750936329364777"
"31","0.18970022102197012","0.1757538914680481","0.2005174160003662","0.16151646276315054","0.153889462351799","0.17240865528583527","1.401322841644287","1.401322841644287","1.401322841644287","1.3852410316467285","1.3668586015701294","1.4036234617233276","0.19138160347938538","0.17801983654499054","0.20442917943000793"
"32","0.19162087639172873","0.17672576010227203","0.21623583137989044","0.1613787959019343","0.15173229575157166","0.17577144503593445","1.3902127742767334","1.3902127742767334","1.3902127742767334","1.3888055086135864","1.3856443166732788","1.391966700553894","0.1933528035879135","0.17831704020500183","0.21429678797721863"
"33","0.193711057305336","0.1879451721906662","0.19686007499694824","0.1653540978829066","0.16072812676429749","0.17306211590766907","1.4544470310211182","1.4544470310211182","1.4544470310211182","1.4261170029640198","1.4115016460418701","1.4407323598861694","0.19630111257235208","0.190485879778862","0.20287933945655823"
"34","0.18678748607635498","0.17498281598091125","0.20083820819854736","0.15720516939957938","0.152837872505188","0.16432952880859375","1.3836474418640137","1.3836474418640137","1.3836474418640137","1.377642273902893","1.360823631286621","1.394460916519165","0.18798044820626578","0.17572930455207825","0.19847546517848969"
"35","0.18167847394943237","0.1712002158164978","0.18940269947052002","0.15468052526315054","0.13691885769367218","0.16505476832389832","1.4630087614059448","1.4630087614059448","1.4630087614059448","1.4346895813941956","1.4263943433761597","1.4429848194122314","0.1824953407049179","0.1682630181312561","0.19328151643276215"
"36","0.17828676601250967","0.16221600770950317","0.18856535851955414","0.15305957198143005","0.14377564191818237","0.1615540087223053","1.3780450820922852","1.3780450820922852","1.3780450820922852","1.3622795939445496","1.3473032712936401","1.377255916595459","0.17960322896639505","0.16531546413898468","0.18728868663311005"
"37","0.17687311271826425","0.16648878157138824","0.1883602738380432","0.14989345769087473","0.13386127352714539","0.1636936068534851","1.4253039360046387","1.4253039360046387","1.4253039360046387","1.381146788597107","1.3774176836013794","1.3848758935928345","0.1784931222597758","0.16361039876937866","0.19463446736335754"
"38","0.17829320331414542","0.15911652147769928","0.20010322332382202","0.15264077484607697","0.14022192358970642","0.17277437448501587","1.4085729122161865","1.4085729122161865","1.4085729122161865","1.3534005880355835","1.3246569633483887","1.3821442127227783","0.1804624249537786","0.16313999891281128","0.20463049411773682"
"39","0.16631498436133066","0.1512245535850525","0.1856120228767395","0.14245585600535074","0.1315833032131195","0.1606946587562561","1.33665132522583","1.33665132522583","1.33665132522583","1.2837320566177368","1.263606071472168","1.3038580417633057","0.16827425857385","0.15290161967277527","0.19210627675056458"
"40","0.1822387377421061","0.16416001319885254","0.19552963972091675","0.15954654415448508","0.14736659824848175","0.16687490046024323","1.307349681854248","1.307349681854248","1.307349681854248","1.2987957000732422","1.2949399948120117","1.3026514053344727","0.18318254252274832","0.1680622100830078","0.19348904490470886"
"41","0.17452667156855264","0.1569671928882599","0.18433478474617004","0.15362844864527384","0.1413588672876358","0.16322651505470276","1.3155540227890015","1.3155540227890015","1.3155540227890015","1.2987170219421387","1.2823100090026855","1.3151240348815918","0.17628101507822672","0.1587561070919037","0.18656358122825623"
"42","0.17293085157871246","0.16621676087379456","0.1781875640153885","0.14836132526397705","0.14415690302848816","0.15499281883239746","1.3541312217712402","1.3541312217712402","1.3541312217712402","1.325259804725647","1.3214528560638428","1.3290667533874512","0.17423696319262186","0.16607767343521118","0.1833418309688568"
"43","0.17304377754529318","0.1694575697183609","0.1800960898399353","0.14822126924991608","0.14320500195026398","0.15333369374275208","1.303920030593872","1.303920030593872","1.303920030593872","1.268790066242218","1.2561373710632324","1.2814427614212036","0.17319086690743765","0.1669473648071289","0.1820753514766693"
"44","0.1694235603014628","0.16117212176322937","0.18350547552108765","0.14939204355080923","0.14432719349861145","0.1560058891773224","1.3208951950073242","1.3208951950073242","1.3208951950073242","1.2947444319725037","1.2788231372833252","1.3106657266616821","0.17038359741369882","0.1612854152917862","0.17996975779533386"
"45","0.16640208661556244","0.15336796641349792","0.1819799542427063","0.14415246744950613","0.13446855545043945","0.15363596379756927","1.3083637952804565","1.3083637952804565","1.3083637952804565","1.2894043922424316","1.282279372215271","1.2965294122695923","0.16838841140270233","0.1550058275461197","0.17946627736091614"
"46","0.16402108470598856","0.15474119782447815","0.16937825083732605","0.14466191828250885","0.13570722937583923","0.1515296846628189","1.346259355545044","1.346259355545044","1.346259355545044","1.340160846710205","1.3278279304504395","1.3524937629699707","0.16623898843924204","0.1590740978717804","0.1730903834104538"
"47","0.16037770609060922","0.15582790970802307","0.1674129217863083","0.1412874311208725","0.13870663940906525","0.1460188627243042","1.3067485094070435","1.3067485094070435","1.3067485094070435","1.2819745540618896","1.2575677633285522","1.306381344795227","0.16074137886365256","0.1556103229522705","0.16669417917728424"
"48","0.15692010521888733","0.15256953239440918","0.1623605489730835","0.1375297357638677","0.13418616354465485","0.143568754196167","1.2398643493652344","1.2398643493652344","1.2398643493652344","1.2159046530723572","1.2121611833572388","1.2196481227874756","0.15719166894753775","0.1513868272304535","0.16557148098945618"
"49","0.161479522784551","0.15146787464618683","0.1762968748807907","0.1417466402053833","0.13113628327846527","0.15478862822055817","1.3317421674728394","1.3317421674728394","1.3317421674728394","1.2974233031272888","1.2871185541152954","1.3077280521392822","0.1623799055814743","0.15108664333820343","0.17633527517318726"
"50","0.1585858960946401","0.14462482929229736","0.16956475377082825","0.1405266970396042","0.12800148129463196","0.1544828712940216","1.3317676782608032","1.3317676782608032","1.3317676782608032","1.310398519039154","1.3075850009918213","1.3132120370864868","0.15812917053699493","0.14372502267360687","0.17048609256744385"
"51","0.17114636301994324","0.16251930594444275","0.179313063621521","0.1505488802989324","0.14067620038986206","0.16151919960975647","1.2195160388946533","1.2195160388946533","1.2195160388946533","1.1834664344787598","1.168985366821289","1.1979475021362305","0.17176113029321036","0.1608855426311493","0.1818079650402069"
"52","0.15734565258026123","0.14539426565170288","0.17490053176879883","0.14224785069624582","0.12360131740570068","0.1575639247894287","1.2138762474060059","1.2138762474060059","1.2138762474060059","1.2543827891349792","1.221958041191101","1.2868075370788574","0.1580642412106196","0.14384965598583221","0.1752510666847229"
"53","0.15759257972240448","0.13997864723205566","0.1712423861026764","0.13868978867928186","0.12470903247594833","0.14773841202259064","1.243457555770874","1.243457555770874","1.243457555770874","1.2237049341201782","1.2094004154205322","1.2380094528198242","0.15853690604368845","0.13900461792945862","0.17052620649337769"
"54","0.15467222034931183","0.14186041057109833","0.16390442848205566","0.13661477466424307","0.12722517549991608","0.14132541418075562","1.2117745876312256","1.2117745876312256","1.2117745876312256","1.1807475686073303","1.1804745197296143","1.1810206174850464","0.15506041049957275","0.14347892999649048","0.16403791308403015"
"55","0.1559691975514094","0.14312957227230072","0.16831311583518982","0.1358116070429484","0.12455980479717255","0.14721763134002686","1.181413173675537","1.181413173675537","1.181413173675537","1.1758552193641663","1.1578583717346191","1.1938520669937134","0.15619572003682455","0.14468681812286377","0.16805528104305267"
"56","0.15466374158859253","0.14621879160404205","0.1663426160812378","0.13685073455174765","0.1260017454624176","0.14709532260894775","1.1576943397521973","1.1576943397521973","1.1576943397521973","1.117554247379303","1.1145626306533813","1.1205458641052246","0.15424911677837372","0.14490415155887604","0.16455258429050446"
"57","0.15371532241503397","0.15220099687576294","0.15655186772346497","0.13644063969453177","0.13250048458576202","0.13957858085632324","1.1805166006088257","1.1805166006088257","1.1805166006088257","1.1334646344184875","1.1262328624725342","1.140696406364441","0.1540557493766149","0.15244975686073303","0.15554916858673096"
"58","0.15334659814834595","0.14507068693637848","0.16332390904426575","0.13739881912867227","0.13127043843269348","0.14469489455223083","1.1867482662200928","1.1867482662200928","1.1867482662200928","1.145215630531311","1.143186330795288","1.147244930267334","0.15368914107481638","0.14712613821029663","0.16358302533626556"
"59","0.14498616258303323","0.1358788013458252","0.15597765147686005","0.12805011371771494","0.12156134843826294","0.13507363200187683","1.150277853012085","1.150277853012085","1.150277853012085","1.1039009094238281","1.0903825759887695","1.1174192428588867","0.14542953173319498","0.1382109820842743","0.15594574809074402"
"60","0.15441355109214783","0.14749136567115784","0.15951356291770935","0.13654069105784097","0.13297799229621887","0.14061817526817322","1.1938765048980713","1.1938765048980713","1.1938765048980713","1.14436936378479","1.1316144466400146","1.1571242809295654","0.15412522355715433","0.14825253188610077","0.15815328061580658"
"61","0.15349696576595306","0.14664292335510254","0.16380590200424194","0.13649477561314902","0.12714338302612305","0.14908204972743988","1.1925952434539795","1.1925952434539795","1.1925952434539795","1.166161835193634","1.1593194007873535","1.1730042695999146","0.1534961313009262","0.14810746908187866","0.16261890530586243"
"62","0.1535829802354177","0.13676351308822632","0.17338842153549194","0.1360773742198944","0.12148283421993256","0.15698254108428955","1.1134511232376099","1.1134511232376099","1.1134511232376099","1.1129215359687805","1.0889793634414673","1.1368637084960938","0.15363222360610962","0.13660795986652374","0.17447148263454437"
"63","0.15554364025592804","0.1536744087934494","0.15892529487609863","0.1370421846707662","0.13503283262252808","0.13880637288093567","1.1108283996582031","1.1108283996582031","1.1108283996582031","1.0902389287948608","1.0812337398529053","1.0992441177368164","0.15586420893669128","0.15256240963935852","0.15891295671463013"
"64","0.13639544695615768","0.11830436438322067","0.14871908724308014","0.11820137004057567","0.10150683671236038","0.13137824833393097","1.1046310663223267","1.1046310663223267","1.1046310663223267","1.0517672896385193","1.0195331573486328","1.0840014219284058","0.13560983538627625","0.1171785295009613","0.1486438810825348"
"65","0.13942573964595795","0.11974035203456879","0.15128426253795624","0.12301040192445119","0.10611391067504883","0.13283605873584747","1.1419243812561035","1.1419243812561035","1.1419243812561035","1.0807855129241943","1.0696592330932617","1.091911792755127","0.13969992597897848","0.12225785851478577","0.1507701575756073"
"66","0.14902715384960175","0.14281558990478516","0.1552012860774994","0.13180293639500937","0.12706437706947327","0.13809633255004883","1.1331214904785156","1.1331214904785156","1.1331214904785156","1.08072030544281","1.0749666690826416","1.0864739418029785","0.1487968017657598","0.14285778999328613","0.1539098024368286"
"67","0.1428685337305069","0.13564780354499817","0.14919835329055786","0.12807411948839822","0.11918409168720245","0.1340319663286209","1.078175663948059","1.078175663948059","1.078175663948059","1.0359720587730408","1.0300806760787964","1.0418634414672852","0.1423215369383494","0.13475793600082397","0.1481090784072876"
"68","0.15789591272672018","0.14916400611400604","0.1701604425907135","0.1416086753209432","0.1329888105392456","0.15486878156661987","1.064605474472046","1.064605474472046","1.064605474472046","1.0403736233711243","1.0288437604904175","1.051903486251831","0.15861691037813822","0.1485227644443512","0.1719377040863037"
"70","0.14623540143171945","0.13620570302009583","0.15867511928081512","0.12958073864380518","0.11918175965547562","0.1394190490245819","1.15065336227417","1.15065336227417","1.15065336227417","1.049082636833191","1.0408861637115479","1.057279109954834","0.14601239562034607","0.13605955243110657","0.15888085961341858"
"71","0.14625446498394012","0.12898580729961395","0.15804439783096313","0.1304856389760971","0.1155800074338913","0.14196377992630005","1.021583914756775","1.021583914756775","1.021583914756775","0.9831226766109467","0.9708564281463623","0.995388925075531","0.14702006677786508","0.13106542825698853","0.15779905021190643"
"72","0.1442517340183258","0.13079971075057983","0.15490758419036865","0.13092133651177087","0.11723063141107559","0.14569079875946045","1.0524388551712036","1.0524388551712036","1.0524388551712036","1.016554832458496","1.0060107707977295","1.0270988941192627","0.14382997155189514","0.13284751772880554","0.15140777826309204"
"73","0.15588946640491486","0.14733514189720154","0.16084203124046326","0.14234812060991922","0.1304793804883957","0.15149317681789398","1.0420118570327759","1.0420118570327759","1.0420118570327759","1.0159453749656677","1.0005583763122559","1.0313323736190796","0.1556751032670339","0.14585866034030914","0.16133692860603333"
"74","0.14912006755669913","0.14288538694381714","0.16158591210842133","0.1354499210913976","0.1291486769914627","0.14532336592674255","1.0185579061508179","1.0185579061508179","1.0185579061508179","0.967615008354187","0.9636743068695068","0.9715557098388672","0.14940954248110452","0.14277233183383942","0.16067296266555786"
"75","0.14158666133880615","0.12700125575065613","0.15444707870483398","0.12729391704003015","0.11358387023210526","0.14033380150794983","1.0655403137207031","1.0655403137207031","1.0655403137207031","1.0340157747268677","1.0294532775878906","1.0385782718658447","0.14150308072566986","0.1270274966955185","0.1538657248020172"
"76","0.13784436881542206","0.12983913719654083","0.1434847116470337","0.12316516290108363","0.114855095744133","0.13044928014278412","1.006253957748413","1.006253957748413","1.006253957748413","0.9860286712646484","0.9843419194221497","0.9877154231071472","0.1377751330534617","0.12959453463554382","0.14325854182243347"
"77","0.1357785314321518","0.10358844697475433","0.16389746963977814","0.12114974608023961","0.09141343086957932","0.1488216072320938","1.0251615047454834","1.0251615047454834","1.0251615047454834","0.9550988674163818","0.9242252111434937","0.98597252368927","0.13534012933572134","0.10333581268787384","0.16360236704349518"
"78","0.12744074563185373","0.12454099953174591","0.13136443495750427","0.11470452447732289","0.11137629300355911","0.11882851272821426","1.0003695487976074","1.0003695487976074","1.0003695487976074","0.9389380812644958","0.9381593465805054","0.9397168159484863","0.12813925743103027","0.12494038045406342","0.13350139558315277"
"79","0.13025845835606256","0.12176772207021713","0.1408223807811737","0.11480896671613057","0.10880585014820099","0.12225368618965149","0.9635928869247437","0.9635928869247437","0.9635928869247437","0.9032085239887238","0.9022672176361084","0.9041498303413391","0.13037202755610147","0.12208212912082672","0.1411985158920288"
"80","0.13700821002324423","0.12245313823223114","0.15084679424762726","0.121823251247406","0.10734458267688751","0.13637402653694153","0.9396432638168335","0.9396432638168335","0.9396432638168335","0.9042182266712189","0.8659093379974365","0.9425271153450012","0.13690091421206793","0.12240015715360641","0.15130096673965454"
"81","0.1345724662144979","0.12702001631259918","0.13924917578697205","0.12078753610452016","0.11623239517211914","0.12499777972698212","1.0155432224273682","1.0155432224273682","1.0155432224273682","0.9549511075019836","0.9476194381713867","0.9622827768325806","0.13422704736391702","0.12628653645515442","0.13857614994049072"
"82","0.14926978945732117","0.14429472386837006","0.15837039053440094","0.13441593448321024","0.12869402766227722","0.14173418283462524","0.9974616765975952","0.9974616765975952","0.9974616765975952","0.9640741646289825","0.948879063129425","0.97926926612854","0.14973384141921997","0.14467927813529968","0.1594746708869934"
"83","0.1483034441868464","0.1411396712064743","0.15274080634117126","0.13393859068552652","0.1291341781616211","0.13708274066448212","0.9149104952812195","0.9149104952812195","0.9149104952812195","0.8848158121109009","0.8607563972473145","0.9088752269744873","0.14913944900035858","0.14252664148807526","0.1528298407793045"
"84","0.1448706736167272","0.13699200749397278","0.1511903703212738","0.1297167812784513","0.12193340808153152","0.1369507908821106","0.9205670356750488","0.9205670356750488","0.9205670356750488","0.8787348866462708","0.8784483075141907","0.8790214657783508","0.14515111347039542","0.13672953844070435","0.15244588255882263"
"85","0.13490825394789377","0.13203087449073792","0.13994938135147095","0.12087970227003098","0.11761733889579773","0.12555140256881714","0.9387124180793762","0.9387124180793762","0.9387124180793762","0.920773983001709","0.9035501480102539","0.9379978179931641","0.13507223625977835","0.1317349672317505","0.13996323943138123"
"86","0.14191671709219614","0.13890892267227173","0.14781713485717773","0.1287346730629603","0.1243860125541687","0.13540144264698029","0.9496386051177979","0.9496386051177979","0.9496386051177979","0.9041666090488434","0.8948450684547424","0.9134881496429443","0.14217529197533926","0.13832876086235046","0.14898370206356049"
"87","0.13905095557371774","0.1314029097557068","0.14917761087417603","0.12497289975484212","0.11811674386262894","0.13509601354599","0.9070828557014465","0.9070828557014465","0.9070828557014465","0.866163969039917","0.8519895076751709","0.8803384304046631","0.13946260015169779","0.131504625082016","0.15047457814216614"
"88","0.1360534280538559","0.13334053754806519","0.13824939727783203","0.12142501771450043","0.1194799542427063","0.12461115419864655","0.9237110614776611","0.9237110614776611","0.9237110614776611","0.8597068786621094","0.8541793823242188","0.865234375","0.13634451230367026","0.13443008065223694","0.13850802183151245"
"89","0.13573050498962402","0.13008104264736176","0.14645127952098846","0.12165004263321559","0.11468387395143509","0.1339660882949829","0.8668254613876343","0.8668254613876343","0.8668254613876343","0.8329387903213501","0.8286294937133789","0.8372480869293213","0.1356541613737742","0.12950032949447632","0.14682286977767944"
"90","0.1380689392487208","0.12017391622066498","0.15057373046875","0.12394252419471741","0.10743236541748047","0.13546380400657654","0.8961507678031921","0.8961507678031921","0.8961507678031921","0.8541272282600403","0.8489437103271484","0.8593107461929321","0.13855774700641632","0.12087829411029816","0.15012049674987793"
"91","0.13715811570485434","0.13269765675067902","0.14121335744857788","0.1229255422949791","0.11765700578689575","0.1289081871509552","0.9141995906829834","0.9141995906829834","0.9141995906829834","0.8493930399417877","0.8201802968978882","0.8786057829856873","0.13729456067085266","0.13283124566078186","0.14276349544525146"
"92","0.1465482066075007","0.13673143088817596","0.1568639874458313","0.130937859416008","0.12376321852207184","0.13950428366661072","0.8103258609771729","0.8103258609771729","0.8103258609771729","0.781568169593811","0.7602896690368652","0.8028466701507568","0.1460010806719462","0.13672561943531036","0.1562918722629547"
"93","0.1301662176847458","0.12746573984622955","0.13522790372371674","0.11650318900744121","0.11279290169477463","0.12135975807905197","0.8494757413864136","0.8494757413864136","0.8494757413864136","0.8331785798072815","0.8216345310211182","0.8447226285934448","0.13011854390303293","0.12617819011211395","0.13556323945522308"
"94","0.14198002219200134","0.12272235751152039","0.16023769974708557","0.12733731915553412","0.10944566875696182","0.14356613159179688","0.828450083732605","0.828450083732605","0.828450083732605","0.7929799854755402","0.7832466959953308","0.8027132749557495","0.14294368028640747","0.12367737293243408","0.16027843952178955"
"95","0.13331463436285654","0.12144675850868225","0.1497962474822998","0.1175984541575114","0.10913863033056259","0.13169804215431213","0.8105623722076416","0.8105623722076416","0.8105623722076416","0.7629493772983551","0.7526021003723145","0.7732966542243958","0.13403829435507456","0.12291030585765839","0.14956006407737732"
"96","0.13418217500050864","0.1265515387058258","0.13911981880664825","0.12181197851896286","0.11303368955850601","0.12728825211524963","0.8289833068847656","0.8289833068847656","0.8289833068847656","0.7669546008110046","0.7602185010910034","0.7736907005310059","0.13499508798122406","0.12555266916751862","0.14120188355445862"
"97","0.13242782652378082","0.12714619934558868","0.1427212506532669","0.11965840061505635","0.1136748269200325","0.13085530698299408","0.7966806888580322","0.7966806888580322","0.7966806888580322","0.7693120837211609","0.7677711248397827","0.7708530426025391","0.132861057917277","0.12681883573532104","0.14345884323120117"
"98","0.13671397666136423","0.1263684779405594","0.14640118181705475","0.12417320658763249","0.11291871964931488","0.13539355993270874","0.8195298314094543","0.8195298314094543","0.8195298314094543","0.8006292879581451","0.7814132571220398","0.8198453187942505","0.1375011752049128","0.1255677044391632","0.14817720651626587"
"99","0.14401332040627798","0.1426568180322647","0.14520853757858276","0.13036107023557028","0.12879714369773865","0.13268545269966125","0.7526537179946899","0.7526537179946899","0.7526537179946899","0.7486732304096222","0.7253068089485168","0.7720396518707275","0.14445589979489645","0.14381031692028046","0.14571213722229004"
"100","0.1352753390868505","0.13252457976341248","0.13711458444595337","0.12293222546577454","0.12131155282258987","0.12488745898008347","0.7876995801925659","0.7876995801925659","0.7876995801925659","0.7434585094451904","0.7348548173904419","0.752062201499939","0.13527471323808035","0.13281197845935822","0.1367637813091278"
"101","0.13558257122834524","0.1271388977766037","0.14365464448928833","0.12155913064877193","0.11102887988090515","0.13054853677749634","0.7851825952529907","0.7851825952529907","0.7851825952529907","0.7147937417030334","0.7007875442504883","0.7287999391555786","0.13542506595452627","0.12688961625099182","0.14343863725662231"
"102","0.13910447557767233","0.12938113510608673","0.14914833009243011","0.1268628165125847","0.12286465615034103","0.13472555577754974","0.7692315578460693","0.7692315578460693","0.7692315578460693","0.7330803573131561","0.7225408554077148","0.7436198592185974","0.1391555666923523","0.13026970624923706","0.14859487116336823"
"103","0.12915596614281336","0.12045715004205704","0.1389433890581131","0.11672098437945048","0.11000674962997437","0.12510280311107635","0.7541381120681763","0.7541381120681763","0.7541381120681763","0.6909774839878082","0.6794877648353577","0.7024672031402588","0.12911190589269003","0.12069982290267944","0.1394709050655365"
"104","0.1448851078748703","0.13733504712581635","0.15504175424575806","0.1322444627682368","0.12564265727996826","0.14260181784629822","0.7452532052993774","0.7452532052993774","0.7452532052993774","0.7300191819667816","0.7020617723464966","0.7579765915870667","0.14545186857382456","0.13808442652225494","0.15694209933280945"
"105","0.12749357521533966","0.12074017524719238","0.14070524275302887","0.11525845279296239","0.10700216144323349","0.1268964558839798","0.7954747676849365","0.7954747676849365","0.7954747676849365","0.732785165309906","0.7259998917579651","0.7395704388618469","0.12731959174076715","0.11984517425298691","0.14180588722229004"
"106","0.1369492510954539","0.12298145890235901","0.1543201208114624","0.12347659468650818","0.10983440279960632","0.13931995630264282","0.7662426829338074","0.7662426829338074","0.7662426829338074","0.7453091740608215","0.7274060249328613","0.7632123231887817","0.1366256202260653","0.12238366156816483","0.15434661507606506"
"107","0.13616510232289633","0.11961163580417633","0.1477694809436798","0.12341944128274918","0.10705062001943588","0.13297738134860992","0.704599142074585","0.704599142074585","0.704599142074585","0.6605592966079712","0.6459541320800781","0.6751644611358643","0.13577768206596375","0.1196734756231308","0.1465616375207901"
"108","0.13576716681321463","0.12960593402385712","0.14264395833015442","0.12373209744691849","0.11922603100538254","0.12974846363067627","0.7073830366134644","0.7073830366134644","0.7073830366134644","0.65936478972435","0.6475120186805725","0.6712175607681274","0.13602874179681143","0.1301121860742569","0.14328621327877045"
"109","0.13990770280361176","0.13335353136062622","0.14991620182991028","0.12718693166971207","0.12182757258415222","0.13776904344558716","0.7165425419807434","0.7165425419807434","0.7165425419807434","0.7037115395069122","0.6931291818618774","0.714293897151947","0.13999398052692413","0.13433481752872467","0.14948710799217224"
"110","0.14173736174901327","0.12349112331867218","0.15088407695293427","0.1287529617547989","0.10941149294376373","0.1388522982597351","0.6553146243095398","0.6553146243095398","0.6553146243095398","0.6539918184280396","0.6525654792785645","0.6554181575775146","0.1413926382859548","0.12299036979675293","0.15062165260314941"
"111","0.13271114230155945","0.12565702199935913","0.1391497254371643","0.12114169696966808","0.11349176615476608","0.13112705945968628","0.7061362862586975","0.7061362862586975","0.7061362862586975","0.6792040467262268","0.6729719638824463","0.6854361295700073","0.13266995549201965","0.12550875544548035","0.13911783695220947"
"112","0.13064551850159964","0.1243554949760437","0.1367444097995758","0.11954845488071442","0.11252652108669281","0.12630988657474518","0.6787989139556885","0.6787989139556885","0.6787989139556885","0.6615526974201202","0.65176922082901","0.6713361740112305","0.13161118576924005","0.12489863485097885","0.13814684748649597"
"113","0.13786084949970245","0.12407630681991577","0.15979906916618347","0.12611751755078635","0.11518213152885437","0.14495861530303955","0.6710798740386963","0.6710798740386963","0.6710798740386963","0.6345265209674835","0.6207364797592163","0.6483165621757507","0.1381189301609993","0.1243223324418068","0.15932732820510864"
"114","0.13506782054901123","0.11482104659080505","0.15399041771888733","0.12376194695631663","0.10488137602806091","0.139627605676651","0.6799899339675903","0.6799899339675903","0.6799899339675903","0.6557805836200714","0.6402266025543213","0.6713345646858215","0.13470899065335593","0.11460889875888824","0.1537857949733734"
"115","0.13155506054560342","0.1261967271566391","0.1369297206401825","0.12073981265227","0.11311611533164978","0.12574928998947144","0.6399684548377991","0.6399684548377991","0.6399684548377991","0.614190936088562","0.5984034538269043","0.6299784183502197","0.1313378463188807","0.12577863037586212","0.13645398616790771"
"116","0.1401422917842865","0.13376064598560333","0.14542421698570251","0.12833049396673837","0.12417344748973846","0.13274864852428436","0.6310338377952576","0.6310338377952576","0.6310338377952576","0.5780494213104248","0.5685818195343018","0.5875170230865479","0.1396746685107549","0.13329558074474335","0.14536741375923157"
"117","0.15951032936573029","0.12001977860927582","0.2304035723209381","0.14569835364818573","0.10975568741559982","0.21041154861450195","0.6462247967720032","0.6462247967720032","0.6462247967720032","0.5900201499462128","0.5791640281677246","0.6008762717247009","0.15064637859662375","0.12080882489681244","0.20348450541496277"
"118","0.14492981135845184","0.13888192176818848","0.15090349316596985","0.14871380229791006","0.13061240315437317","0.17656876146793365","0.5866285562515259","0.5866285562515259","0.5866285562515259","0.5995076596736908","0.5821754932403564","0.6168398261070251","0.14435099065303802","0.1362289935350418","0.15224331617355347"
"119","0.1576616739233335","0.11983034759759903","0.2281222641468048","0.18631914258003235","0.11182388663291931","0.30254966020584106","0.6005148887634277","0.6005148887634277","0.6005148887634277","0.5591533780097961","0.5401231646537781","0.5781835913658142","0.16598301380872726","0.11570672690868378","0.2579326033592224"
"120","0.13606985410054526","0.12834003567695618","0.1401422619819641","0.14046739290157953","0.11480691283941269","0.15461993217468262","0.6352545619010925","0.6352545619010925","0.6352545619010925","0.6133493185043335","0.6104640960693359","0.616234540939331","0.13392332196235657","0.12751808762550354","0.138970285654068"
"121","0.13871409992376962","0.12833449244499207","0.15529467165470123","0.1396585926413536","0.11588478833436966","0.16043204069137573","0.6256564259529114","0.6256564259529114","0.6256564259529114","0.5855568647384644","0.5677353143692017","0.603378415107727","0.13506623109181723","0.12577196955680847","0.1515624225139618"
"122","0.13822914163271585","0.12470275163650513","0.14750082790851593","0.13174956540266672","0.11197562515735626","0.14294327795505524","0.6280423998832703","0.6280423998832703","0.6280423998832703","0.5851050317287445","0.5815660953521729","0.5886439681053162","0.13325910766919455","0.12411817908287048","0.13944882154464722"
"123","0.14303704599539438","0.1380784809589386","0.149460569024086","0.13260766367117563","0.12376166880130768","0.1379295289516449","0.564479410648346","0.564479410648346","0.564479410648346","0.5496240258216858","0.5388113260269165","0.5604367256164551","0.13765170176823935","0.13654416799545288","0.13866209983825684"
"124","0.15302727619806925","0.1424393206834793","0.16025026142597198","0.1393232742945353","0.12757518887519836","0.14971163868904114","0.5784181356430054","0.5784181356430054","0.5784181356430054","0.5489591360092163","0.547595739364624","0.5503225326538086","0.14853121836980185","0.14156070351600647","0.15402525663375854"
"125","0.14139356215794882","0.1284008026123047","0.15066510438919067","0.12529908368984857","0.11516330391168594","0.134368896484375","0.6078330874443054","0.6078330874443054","0.6078330874443054","0.5837659239768982","0.5778308510780334","0.5897009968757629","0.13679945965607962","0.127590149641037","0.14231468737125397"
"126","0.1420071025689443","0.13361945748329163","0.1535419523715973","0.12774469455083212","0.12225347757339478","0.13157857954502106","0.5653090476989746","0.5653090476989746","0.5653090476989746","0.564016580581665","0.5597119331359863","0.5683212280273438","0.1378535876671473","0.13253431022167206","0.14425112307071686"
"127","0.12359600762526195","0.10938988626003265","0.13758334517478943","0.11021492381890614","0.09832336008548737","0.12943202257156372","0.5811789035797119","0.5811789035797119","0.5811789035797119","0.5477113723754883","0.5374792814254761","0.5579434633255005","0.12186106791098912","0.10838395357131958","0.13855503499507904"
"128","0.14801244934399924","0.13356734812259674","0.1614191085100174","0.13327000538508096","0.11910706758499146","0.1519826352596283","0.5456482768058777","0.5456482768058777","0.5456482768058777","0.5345855355262756","0.5181929469108582","0.5509781241416931","0.14533381164073944","0.1322380006313324","0.16111718118190765"
"129","0.13850543896357217","0.12719345092773438","0.1494491994380951","0.12417880445718765","0.11830677092075348","0.13509191572666168","0.5547816157341003","0.5547816157341003","0.5547816157341003","0.5185980796813965","0.5171130895614624","0.5200830698013306","0.1364030142625173","0.12689858675003052","0.14821839332580566"
"130","0.12851357956727347","0.12250739336013794","0.13411453366279602","0.11719010025262833","0.11047589033842087","0.128040611743927","0.5910044312477112","0.5910044312477112","0.5910044312477112","0.5535383522510529","0.5510646104812622","0.5560120940208435","0.12646950284639993","0.1209850013256073","0.1333771049976349"
"131","0.13227681318918863","0.11844810843467712","0.14119108021259308","0.12110451857248943","0.1111578643321991","0.12763386964797974","0.5485790967941284","0.5485790967941284","0.5485790967941284","0.5356688499450684","0.5275293588638306","0.5438083410263062","0.1306661715110143","0.11766169965267181","0.13888821005821228"
"132","0.13265602787335715","0.11820477247238159","0.1437911093235016","0.12266010046005249","0.10725812613964081","0.135966494679451","0.5344288349151611","0.5344288349151611","0.5344288349151611","0.5079351663589478","0.5050822496414185","0.510788083076477","0.13167969385782877","0.11694300174713135","0.14240238070487976"
"133","0.13673881193002066","0.1293945014476776","0.14443421363830566","0.12656915684541067","0.11922363936901093","0.13203561305999756","0.5190749168395996","0.5190749168395996","0.5190749168395996","0.48688212037086487","0.47803977131843567","0.49572446942329407","0.13558373848597208","0.1284487396478653","0.14306841790676117"
"134","0.12472741305828094","0.11938105523586273","0.1307818740606308","0.11380805571873982","0.10596160590648651","0.11904299259185791","0.532255232334137","0.532255232334137","0.532255232334137","0.5191704332828522","0.5082480311393738","0.5300928354263306","0.12316519021987915","0.11698104441165924","0.12994758784770966"
"135","0.1311605970064799","0.12862426042556763","0.13596440851688385","0.1209866926074028","0.11815177649259567","0.12341567128896713","0.492425799369812","0.492425799369812","0.492425799369812","0.4923431873321533","0.48086345195770264","0.503822922706604","0.12995096544424692","0.12699323892593384","0.13340245187282562"
"136","0.12288590272267659","0.11004704236984253","0.13253368437290192","0.11261547108491261","0.10010728985071182","0.1200406551361084","0.5343040227890015","0.5343040227890015","0.5343040227890015","0.49392783641815186","0.4919745922088623","0.4958810806274414","0.12140164027611415","0.10890017449855804","0.1313694417476654"
"137","0.12602320810159048","0.11775818467140198","0.13197770714759827","0.11533957968155543","0.1074439063668251","0.1236991360783577","0.541146993637085","0.541146993637085","0.541146993637085","0.5016500353813171","0.48970264196395874","0.5135974287986755","0.12448093295097351","0.11657355725765228","0.12988510727882385"
"138","0.12838746110598245","0.12480348348617554","0.13057610392570496","0.11740487317244212","0.11530347168445587","0.1187099739909172","0.5440106391906738","0.5440106391906738","0.5440106391906738","0.5176994651556015","0.4990423023700714","0.5363566279411316","0.12598363558451334","0.1220456063747406","0.12830635905265808"
"140","0.1299054225285848","0.12549695372581482","0.13331238925457","0.11816801130771637","0.1162233054637909","0.12087453901767731","0.4888690710067749","0.4888690710067749","0.4888690710067749","0.4819270372390747","0.48180824518203735","0.48204582929611206","0.12762097517649332","0.12379725277423859","0.1314062625169754"
"141","0.12175584336121877","0.11846792697906494","0.12773315608501434","0.10944461822509766","0.10585859417915344","0.11449432373046875","0.5024911165237427","0.5024911165237427","0.5024911165237427","0.4669394791126251","0.4611760377883911","0.47270292043685913","0.11849117775758107","0.11513669788837433","0.1239241510629654"
"142","0.13433274626731873","0.13091543316841125","0.14102084934711456","0.12439093242088954","0.119809091091156","0.13248921930789948","0.5087712407112122","0.5087712407112122","0.5087712407112122","0.5036605298519135","0.4953046441078186","0.5120164155960083","0.13313113152980804","0.12909473478794098","0.14042523503303528"
"143","0.11970192442337672","0.11157255619764328","0.12924785912036896","0.11032961060603459","0.10431598871946335","0.1179143637418747","0.4960220754146576","0.4960220754146576","0.4960220754146576","0.48481059074401855","0.47225719690322876","0.49736398458480835","0.11909440656503041","0.11081872880458832","0.12876521050930023"
"144","0.12122730910778046","0.11015039682388306","0.1332227885723114","0.11206158995628357","0.10304860770702362","0.12144392728805542","0.54224693775177","0.54224693775177","0.54224693775177","0.48711270093917847","0.47846511006355286","0.4957602918148041","0.12035329143206279","0.10893169045448303","0.1323484629392624"
"145","0.13454417884349823","0.1161762923002243","0.152620330452919","0.1243854562441508","0.10569779574871063","0.13977737724781036","0.4894174337387085","0.4894174337387085","0.4894174337387085","0.4727352559566498","0.4696737229824066","0.47579678893089294","0.13433651874462763","0.11841960996389389","0.14964565634727478"
"146","0.1357347071170807","0.11930631101131439","0.14610910415649414","0.12652164697647095","0.11375227570533752","0.13446193933486938","0.4873700737953186","0.4873700737953186","0.4873700737953186","0.4673190265893936","0.4444844722747803","0.49015358090400696","0.13441220422585806","0.1183108538389206","0.14448341727256775"
"147","0.1371069699525833","0.1270146518945694","0.14742211997509003","0.1273696298400561","0.11729320138692856","0.13611137866973877","0.5160599946975708","0.5160599946975708","0.5160599946975708","0.49583758413791656","0.4934351146221161","0.49824005365371704","0.13536077241102853","0.12562139332294464","0.14633509516716003"
"148","0.12277599175771077","0.11315992474555969","0.13159802556037903","0.11509586373964946","0.10809609293937683","0.12406793981790543","0.4876862168312073","0.4876862168312073","0.4876862168312073","0.4844776839017868","0.47094297409057617","0.49801239371299744","0.1227570300300916","0.11269992589950562","0.1335698962211609"
"149","0.13301132122675577","0.12310823798179626","0.13930743932724","0.12329773356517156","0.11405131965875626","0.13093113899230957","0.46678340435028076","0.46678340435028076","0.46678340435028076","0.4654650390148163","0.4556041359901428","0.47532594203948975","0.13224680970112482","0.12326753884553909","0.1384192258119583"
"150","0.12339624017477036","0.11990470439195633","0.12527014315128326","0.11427304893732071","0.11318150162696838","0.11611760407686234","0.4425727128982544","0.4425727128982544","0.4425727128982544","0.4383443295955658","0.43455296754837036","0.44213569164276123","0.12214545408884685","0.11827155947685242","0.12515808641910553"
"151","0.12321776400009792","0.11356926709413528","0.1361313760280609","0.11586945752302806","0.10701317340135574","0.1304493397474289","0.46838414669036865","0.46838414669036865","0.46838414669036865","0.45805421471595764","0.44630205631256104","0.46980637311935425","0.12285234779119492","0.11423321068286896","0.13486306369304657"
"152","0.11573261767625809","0.10935097187757492","0.1223626360297203","0.10777666171391805","0.10156673192977905","0.11661595106124878","0.4646996855735779","0.4646996855735779","0.4646996855735779","0.43546290695667267","0.4275698661804199","0.4433559477329254","0.11548587928215663","0.11053375899791718","0.12175781279802322"
"153","0.1294336641828219","0.12114817649126053","0.1435072124004364","0.12118301043907802","0.1115981936454773","0.13311021029949188","0.4609576463699341","0.4609576463699341","0.4609576463699341","0.4574076980352402","0.4464022219181061","0.46841317415237427","0.12909464538097382","0.12058094888925552","0.1435142308473587"
"154","0.12067526578903198","0.11317712068557739","0.13227194547653198","0.1128848468263944","0.1069866269826889","0.12330370396375656","0.46933379769325256","0.46933379769325256","0.46933379769325256","0.4355413615703583","0.4189146161079407","0.4521681070327759","0.12022632857163747","0.11301334202289581","0.1324596256017685"
"155","0.12555347134669623","0.11127715557813644","0.1400785893201828","0.11765653391679128","0.10549958050251007","0.1315014511346817","0.4643755853176117","0.4643755853176117","0.4643755853176117","0.4557395875453949","0.43766140937805176","0.47381776571273804","0.12546679377555847","0.11087168753147125","0.14124152064323425"
"156","0.11702021459738414","0.11398699879646301","0.12134513258934021","0.10908586531877518","0.10461387783288956","0.11571180820465088","0.465816855430603","0.465816855430603","0.465816855430603","0.4497908502817154","0.44203808903694153","0.45754361152648926","0.11667020867268245","0.11294623464345932","0.12073147296905518"
"157","0.11438850810130437","0.10779117047786713","0.12299904227256775","0.10646738608678182","0.10320128500461578","0.1129445880651474","0.4643847942352295","0.4643847942352295","0.4643847942352295","0.4325357526540756","0.42511600255966187","0.4399555027484894","0.11388809233903885","0.10677787661552429","0.12341576814651489"
"158","0.13904443383216858","0.13533765077590942","0.14097067713737488","0.12997581561406454","0.12539951503276825","0.13444285094738007","0.44285979866981506","0.44285979866981506","0.44285979866981506","0.440726101398468","0.4363250136375427","0.4451271891593933","0.13861778875192007","0.13475948572158813","0.14063464105129242"
"159","0.1270775000254313","0.11043892800807953","0.14061090350151062","0.1189839815100034","0.1032525822520256","0.13093410432338715","0.43996596336364746","0.43996596336364746","0.43996596336364746","0.4446796774864197","0.43877410888671875","0.4505852460861206","0.12720086673895517","0.10942883789539337","0.14214499294757843"
"160","0.12596076230208078","0.11480468511581421","0.1324625164270401","0.11834254364172618","0.10748551785945892","0.12590758502483368","0.47166603803634644","0.47166603803634644","0.47166603803634644","0.4627181142568588","0.46030035614967346","0.4651358723640442","0.12530732154846191","0.11534863710403442","0.13089045882225037"
"161","0.1362516830364863","0.13090279698371887","0.1407877653837204","0.12916254252195358","0.12343164533376694","0.13620369136333466","0.4393146336078644","0.4393146336078644","0.4393146336078644","0.48390528559684753","0.4716462790966034","0.4961642920970917","0.1361432522535324","0.13179020583629608","0.14037521183490753"
"162","0.13603228330612183","0.1288076639175415","0.14328789710998535","0.1281514217456182","0.12065963447093964","0.13715523481369019","0.4495546817779541","0.4495546817779541","0.4495546817779541","0.45489102602005005","0.4443855881690979","0.4653964638710022","0.13532508412996927","0.1276961863040924","0.14291620254516602"
"163","0.12313292920589447","0.10827681422233582","0.1330661028623581","0.11680050442616145","0.10400759428739548","0.12409071624279022","0.4151115417480469","0.4151115417480469","0.4151115417480469","0.4103826582431793","0.39165985584259033","0.4291054606437683","0.12299460669358571","0.10801325738430023","0.13152122497558594"
"164","0.12651631236076355","0.11455178260803223","0.13269548118114471","0.12016203006108601","0.11017997562885284","0.12554283440113068","0.43674343824386597","0.43674343824386597","0.43674343824386597","0.4348497986793518","0.4240477681159973","0.4456518292427063","0.12597625454266867","0.11366908252239227","0.13260897994041443"
"165","0.12822260210911432","0.11824271827936172","0.13459251821041107","0.1214975615342458","0.11101502180099487","0.12684926390647888","0.48351380228996277","0.48351380228996277","0.48351380228996277","0.4483796954154968","0.4481270909309387","0.44863229990005493","0.12840797007083893","0.1168372631072998","0.13660088181495667"
"166","0.1272540216644605","0.1156049519777298","0.14382588863372803","0.11960357924302419","0.10722647607326508","0.1352652907371521","0.4459662139415741","0.4459662139415741","0.4459662139415741","0.4391215890645981","0.421390175819397","0.4568530023097992","0.12692039211591086","0.11566707491874695","0.14328701794147491"
"167","0.1276001880566279","0.12055620551109314","0.13746219873428345","0.12043000012636185","0.11566580832004547","0.12901616096496582","0.4608513414859772","0.4608513414859772","0.4608513414859772","0.41224701702594757","0.40852174162864685","0.4159722924232483","0.12763222306966782","0.12112987786531448","0.1359955072402954"
"168","0.1187432532509168","0.10906369239091873","0.1306036412715912","0.11191313962141673","0.1050894558429718","0.12269052118062973","0.4369645118713379","0.4369645118713379","0.4369645118713379","0.417415514588356","0.41660523414611816","0.41822579503059387","0.1186880295475324","0.10908453911542892","0.13004620373249054"
"169","0.12034341444571812","0.11665443331003189","0.12453623116016388","0.11387184758981068","0.10979639738798141","0.12044574320316315","0.4199666976928711","0.4199666976928711","0.4199666976928711","0.42487236857414246","0.4240243434906006","0.4257203936576843","0.12055910875399907","0.11670853197574615","0.12484043836593628"
"170","0.1215101604660352","0.10500168055295944","0.13015244901180267","0.11359484990437825","0.09648378193378448","0.12379258871078491","0.44909051060676575","0.44909051060676575","0.44909051060676575","0.44527819752693176","0.44003432989120483","0.4505220651626587","0.12071741620699565","0.10393160581588745","0.12959101796150208"
"171","0.11993078887462616","0.10782019048929214","0.12855306267738342","0.1129584014415741","0.09972839057445526","0.12339906394481659","0.43172645568847656","0.43172645568847656","0.43172645568847656","0.4195869266986847","0.3999713063240051","0.43920254707336426","0.11853418995936711","0.10666050761938095","0.12686923146247864"
"172","0.11783319214979808","0.11218324303627014","0.1271619200706482","0.1130070189634959","0.10713690519332886","0.12114647775888443","0.40724968910217285","0.40724968910217285","0.40724968910217285","0.4019882082939148","0.3987756669521332","0.4052007496356964","0.11716909209887187","0.11200091242790222","0.1266249120235443"
"173","0.12426193555196126","0.1096256673336029","0.13898223638534546","0.11766626437505086","0.10227625072002411","0.13119210302829742","0.44312751293182373","0.44312751293182373","0.44312751293182373","0.43746089935302734","0.4228328764438629","0.4520889222621918","0.12349552164475124","0.10834293067455292","0.13894495368003845"
"174","0.1204878439505895","0.10640071332454681","0.12834537029266357","0.11549672732750575","0.10344523191452026","0.12208044528961182","0.4102172553539276","0.4102172553539276","0.4102172553539276","0.41022759675979614","0.3872344493865967","0.4332207441329956","0.12091515958309174","0.10710431635379791","0.12796670198440552"
"175","0.11933833360671997","0.1027647852897644","0.13955269753932953","0.11256902416547139","0.09570750594139099","0.12995192408561707","0.421944260597229","0.421944260597229","0.421944260597229","0.4188937842845917","0.4130876064300537","0.42469996213912964","0.11865064998467763","0.10165734589099884","0.13803334534168243"
"176","0.10701929281155269","0.10185710340738297","0.1158195436000824","0.10180677970250447","0.09695388376712799","0.1102602481842041","0.4462893307209015","0.4462893307209015","0.4462893307209015","0.40308311581611633","0.39698347449302673","0.40918275713920593","0.10700417806704839","0.10210206359624863","0.1161850243806839"
"177","0.12962351242701212","0.11748461425304413","0.14455677568912506","0.12207947423060735","0.11174985766410828","0.1363769769668579","0.40830084681510925","0.40830084681510925","0.40830084681510925","0.41492190957069397","0.39569616317749023","0.4341476559638977","0.12931633243958154","0.11753825098276138","0.14441727101802826"
"178","0.12708805749813715","0.11479795724153519","0.1428498923778534","0.11513109505176544","0.10667683184146881","0.12031616270542145","0.43307799100875854","0.43307799100875854","0.43307799100875854","0.41210322082042694","0.4057668149471283","0.4184396266937256","0.12323745588461558","0.11506690084934235","0.1303790658712387"
"179","0.12683646629254022","0.12030468136072159","0.13284911215305328","0.12124515076478322","0.11522932350635529","0.1252676546573639","0.40064549446105957","0.40064549446105957","0.40064549446105957","0.3955782502889633","0.3952505886554718","0.39590591192245483","0.12634707987308502","0.12097299098968506","0.13195140659809113"
"180","0.1236048365632693","0.11717254668474197","0.13294003903865814","0.11714580903450648","0.10800463706254959","0.1252867430448532","0.37889689207077026","0.37889689207077026","0.37889689207077026","0.3885946273803711","0.38016676902770996","0.3970224857330322","0.12242816140254338","0.11464399844408035","0.13203614950180054"
"181","0.12299218773841858","0.1130552664399147","0.13199050724506378","0.11647971719503403","0.10805713385343552","0.12262815237045288","0.4217934012413025","0.4217934012413025","0.4217934012413025","0.40776047110557556","0.3980867266654968","0.4174342155456543","0.12229943523804347","0.11245601624250412","0.12922199070453644"
"182","0.1258500317732493","0.1112300306558609","0.1335398256778717","0.11827274908622105","0.1015428826212883","0.12891772389411926","0.39915841817855835","0.39915841817855835","0.39915841817855835","0.4208191782236099","0.41617655754089355","0.4254617989063263","0.12425293276707332","0.10800691694021225","0.1324445903301239"
"183","0.12178665151198705","0.11377774178981781","0.12691432237625122","0.11588829259077708","0.1052120253443718","0.12291416525840759","0.38685405254364014","0.38685405254364014","0.38685405254364014","0.38975538313388824","0.38066810369491577","0.3988426625728607","0.12045883884032567","0.1098688393831253","0.12715065479278564"
"184","0.13421472907066345","0.12761875987052917","0.14662037789821625","0.12638098498185477","0.11953835189342499","0.1339533030986786","0.40987423062324524","0.40987423062324524","0.40987423062324524","0.4133557230234146","0.4127109944820404","0.4140004515647888","0.13302197058995566","0.12757179141044617","0.14312000572681427"
"185","0.13129943857590357","0.11801178008317947","0.13989868760108948","0.12415673832098643","0.11507779359817505","0.13203248381614685","0.41614827513694763","0.41614827513694763","0.41614827513694763","0.42213335633277893","0.41488564014434814","0.4293810725212097","0.13014554232358932","0.1180325374007225","0.13918457925319672"
"186","0.11429107934236526","0.10338334739208221","0.1228618174791336","0.10884922742843628","0.0997677817940712","0.1150960847735405","0.4005078971385956","0.4005078971385956","0.4005078971385956","0.40253154933452606","0.3883613049983978","0.4167017936706543","0.11376948903004329","0.10331578552722931","0.12045122683048248"
"187","0.1127869759996732","0.10073253512382507","0.127671480178833","0.10795460641384125","0.09806913137435913","0.12287949025630951","0.44204193353652954","0.44204193353652954","0.44204193353652954","0.4076538383960724","0.3910994231700897","0.42420825362205505","0.11242296795050304","0.10061553865671158","0.12843504548072815"
"188","0.12347776194413503","0.1201997697353363","0.12798750400543213","0.11784852296113968","0.11408112943172455","0.12104442715644836","0.42521145939826965","0.42521145939826965","0.42521145939826965","0.4174354374408722","0.4120159149169922","0.4228549599647522","0.12293186535437901","0.12074863910675049","0.12619268894195557"
"189","0.1766159931818644","0.12478452920913696","0.2741243541240692","0.18311626464128494","0.12079740315675735","0.305571585893631","0.40023499727249146","0.40023499727249146","0.40023499727249146","0.3970760107040405","0.39324072003364563","0.4009113013744354","0.1752946972846985","0.125058114528656","0.26907092332839966"
"190","0.12987390160560608","0.12721383571624756","0.1339210569858551","0.13679271936416626","0.12121759355068207","0.16554038226604462","0.38819649815559387","0.38819649815559387","0.38819649815559387","0.4036615341901779","0.39788755774497986","0.409435510635376","0.12970181802908579","0.12798529863357544","0.13277430832386017"
"191","0.12919141352176666","0.11977605521678925","0.13855929672718048","0.13424109915892282","0.11253012716770172","0.15535476803779602","0.4055333733558655","0.4055333733558655","0.4055333733558655","0.4083314388990402","0.39833399653434753","0.4183288812637329","0.12972863266865411","0.11910181492567062","0.1388077735900879"
"192","0.12526669849952063","0.11022157967090607","0.14320003986358643","0.12740503003199896","0.10661126673221588","0.15939201414585114","0.4030231833457947","0.4030231833457947","0.4030231833457947","0.39079615473747253","0.3814191222190857","0.4001731872558594","0.12664094318946204","0.11066266894340515","0.1473844200372696"
"193","0.12075095375378926","0.10997484624385834","0.13746604323387146","0.12160728375116985","0.10536441206932068","0.1482957899570465","0.4022058844566345","0.4022058844566345","0.4022058844566345","0.3808864504098892","0.37083059549331665","0.3909423053264618","0.12199656913677852","0.10933578014373779","0.14208874106407166"
"194","0.1271114945411682","0.12524835765361786","0.12863564491271973","0.12315007795890172","0.12125237286090851","0.1267515867948532","0.40175145864486694","0.40175145864486694","0.40175145864486694","0.414247527718544","0.41083991527557373","0.4176551401615143","0.1288970708847046","0.1249493807554245","0.13243651390075684"
"195","0.11714190244674683","0.11422163248062134","0.11954066157341003","0.11312849819660187","0.11015582084655762","0.11761343479156494","0.3994964361190796","0.3994964361190796","0.3994964361190796","0.3851592391729355","0.3801119029521942","0.39020657539367676","0.11789391438166301","0.11391855031251907","0.12378733605146408"
"196","0.11993181208769481","0.11673736572265625","0.12544023990631104","0.11726376165946324","0.11367166042327881","0.12205596268177032","0.3954824209213257","0.3954824209213257","0.3954824209213257","0.3798516094684601","0.3793480396270752","0.38035517930984497","0.12285799781481425","0.11648838222026825","0.1275951862335205"
"197","0.12654410054286322","0.11978238075971603","0.13746260106563568","0.12067022422949474","0.11562404781579971","0.12967905402183533","0.39490413665771484","0.39490413665771484","0.39490413665771484","0.4032040238380432","0.4011959433555603","0.4052121043205261","0.12652893861134848","0.1196666806936264","0.13774406909942627"
"198","0.1189521054426829","0.11830484867095947","0.11982831358909607","0.11337387313445409","0.11098017543554306","0.11510390043258667","0.40410420298576355","0.40410420298576355","0.40410420298576355","0.39373669028282166","0.3900500237941742","0.3974233567714691","0.11801033715407054","0.11606679856777191","0.11998996138572693"
"199","0.10982293138901393","0.10703282058238983","0.11271480470895767","0.10613549500703812","0.1055566668510437","0.10706952959299088","0.3559075891971588","0.3559075891971588","0.3559075891971588","0.35201746225357056","0.35187268257141113","0.35216224193573","0.1096308206518491","0.10735533386468887","0.11196477711200714"
"200","0.12286484241485596","0.11321750283241272","0.1309465765953064","0.1182403564453125","0.10951133072376251","0.12575514614582062","0.39342254400253296","0.39342254400253296","0.39342254400253296","0.3781896382570267","0.37189120054244995","0.3844880759716034","0.12285533795754115","0.11338844895362854","0.13091368973255157"
"201","0.12924938897291818","0.11202822625637054","0.140272855758667","0.12397039930025737","0.10797536373138428","0.13413652777671814","0.40898627042770386","0.40898627042770386","0.40898627042770386","0.41161805391311646","0.4090043902397156","0.41423171758651733","0.12890159090360007","0.11221729218959808","0.13907311856746674"
"202","0.11944275597731273","0.11891449987888336","0.12036141753196716","0.11616966128349304","0.11565281450748444","0.11672861129045486","0.39828333258628845","0.39828333258628845","0.39828333258628845","0.4018102139234543","0.39935585856437683","0.40426456928253174","0.11928978562355042","0.11819853633642197","0.12090626358985901"
"203","0.1185997948050499","0.10948716849088669","0.126255601644516","0.11399809767802556","0.10657300800085068","0.12075784802436829","0.3919883370399475","0.3919883370399475","0.3919883370399475","0.3753300905227661","0.3690648674964905","0.38159531354904175","0.11864504714806874","0.10974365472793579","0.1252240538597107"
"204","0.12765859067440033","0.11762550473213196","0.13614687323570251","0.12224198877811432","0.11397380381822586","0.13090871274471283","0.37193670868873596","0.37193670868873596","0.37193670868873596","0.3776854872703552","0.3673625588417053","0.3880084156990051","0.12755339095989862","0.11763819307088852","0.13604292273521423"
"205","0.12518947571516037","0.11844347417354584","0.1325492411851883","0.1205192357301712","0.11557033658027649","0.12638026475906372","0.39832770824432373","0.39832770824432373","0.39832770824432373","0.39257797598838806","0.3924136757850647","0.3927422761917114","0.12552006791035333","0.11858952790498734","0.13203489780426025"
"206","0.12356170515219371","0.12227766215801239","0.12572480738162994","0.11804121484359105","0.11705013364553452","0.11941099911928177","0.357924222946167","0.357924222946167","0.357924222946167","0.3811269700527191","0.3742491602897644","0.38800477981567383","0.12395297487576802","0.1220366358757019","0.12636935710906982"
"207","0.12549077719449997","0.10520142316818237","0.15090173482894897","0.11923096080621083","0.10209844261407852","0.14096210896968842","0.3984506130218506","0.3984506130218506","0.3984506130218506","0.40048985183238983","0.3869883418083191","0.41399136185646057","0.12578055262565613","0.10568419843912125","0.15049120783805847"
"208","0.1192739208539327","0.10939919203519821","0.12984153628349304","0.11390855411688487","0.10621513426303864","0.12305598706007004","0.3627375364303589","0.3627375364303589","0.3627375364303589","0.36875420808792114","0.35817137360572815","0.37933704257011414","0.11861097315947215","0.10934245586395264","0.12896990776062012"
"210","0.13262195885181427","0.12591233849525452","0.13640600442886353","0.12707906713088354","0.11897968500852585","0.13252562284469604","0.39595210552215576","0.39595210552215576","0.39595210552215576","0.40581199526786804","0.40218016505241394","0.40944382548332214","0.13256312410036722","0.1256691962480545","0.13646741211414337"
"211","0.12377963960170746","0.11451584100723267","0.12867385149002075","0.11864892641703288","0.10843925178050995","0.12503600120544434","0.3818100690841675","0.3818100690841675","0.3818100690841675","0.39878539741039276","0.3955097496509552","0.4020610451698303","0.12385345498720805","0.11421975493431091","0.1292479932308197"
"212","0.1193452849984169","0.11677713692188263","0.12319669872522354","0.11413747568925221","0.11146749556064606","0.11771801859140396","0.4095735549926758","0.4095735549926758","0.4095735549926758","0.38841381669044495","0.38521674275398254","0.39161089062690735","0.11906369030475616","0.11732602119445801","0.12215685844421387"
"213","0.12848754723866782","0.12107871472835541","0.13572737574577332","0.12357293566068013","0.11641854047775269","0.13341288268566132","0.39188748598098755","0.39188748598098755","0.39188748598098755","0.3972755968570709","0.3866293728351593","0.40792182087898254","0.1280528555313746","0.12132950127124786","0.1349591612815857"
"214","0.12077137331167857","0.11799304187297821","0.12528106570243835","0.1148687054713567","0.11243394762277603","0.1180025115609169","0.3713410496711731","0.3713410496711731","0.3713410496711731","0.3635660707950592","0.3608142137527466","0.3663179278373718","0.12001248449087143","0.11742676049470901","0.12356281280517578"
"215","0.11478224645058314","0.11306638270616531","0.11764790117740631","0.10931722323099773","0.10689783096313477","0.11101770401000977","0.42413660883903503","0.42413660883903503","0.42413660883903503","0.37296976149082184","0.37152600288391113","0.37441352009773254","0.11429143200318019","0.11230474710464478","0.11696000397205353"
"216","0.1324155181646347","0.12126170098781586","0.14080698788166046","0.12655855466922125","0.11529029160737991","0.1358569860458374","0.3789205849170685","0.3789205849170685","0.3789205849170685","0.395167738199234","0.3884336054325104","0.40190187096595764","0.13161374380191168","0.12116371840238571","0.13986550271511078"
"217","0.12482048074404399","0.12007114291191101","0.12974126636981964","0.12017859021822612","0.11440370976924896","0.12404364347457886","0.3857618570327759","0.3857618570327759","0.3857618570327759","0.3863469064235687","0.3848726749420166","0.38782113790512085","0.12430694450934728","0.12039951980113983","0.12861187756061554"
"218","0.1121047039826711","0.10635097324848175","0.12281975150108337","0.10755229741334915","0.10234322398900986","0.1157393604516983","0.3853816092014313","0.3853816092014313","0.3853816092014313","0.39305950701236725","0.37699174880981445","0.40912726521492004","0.11199116706848145","0.10622335225343704","0.12286432832479477"
"219","0.12588003277778625","0.12156663835048676","0.13396620750427246","0.123210775355498","0.11649835854768753","0.1267806887626648","0.37307265400886536","0.37307265400886536","0.37307265400886536","0.38150207698345184","0.3799189329147339","0.3830852210521698","0.12500605235497156","0.12113257497549057","0.13199488818645477"
"220","0.12053457647562027","0.11388789117336273","0.12838351726531982","0.11601687719424565","0.10915237665176392","0.12211714684963226","0.3773837089538574","0.3773837089538574","0.3773837089538574","0.3715526908636093","0.37000834941864014","0.3730970323085785","0.12024306505918503","0.11387776583433151","0.1278575360774994"
"221","0.11632158110539119","0.11010754853487015","0.12342584878206253","0.11234014232953389","0.10584308207035065","0.11815158277750015","0.4235573410987854","0.4235573410987854","0.4235573410987854","0.3900286704301834","0.38376545906066895","0.3962918817996979","0.11569741119941075","0.10998812317848206","0.12273603677749634"
"222","0.11392075568437576","0.10212516784667969","0.1205163523554802","0.10945861786603928","0.09646189957857132","0.11773205548524857","0.37512078881263733","0.37512078881263733","0.37512078881263733","0.3641791045665741","0.3578850030899048","0.3704732060432434","0.11324707418680191","0.10146627575159073","0.11927221715450287"
"223","0.12384629746278127","0.10860835015773773","0.13613203167915344","0.1196674754222234","0.10460682213306427","0.13293305039405823","0.3534765839576721","0.3534765839576721","0.3534765839576721","0.3767596632242203","0.3539034426212311","0.3996158838272095","0.12383695940176646","0.10891775786876678","0.1360476315021515"
"224","0.11336699624856313","0.10548378527164459","0.1195954978466034","0.10898967583974202","0.10274369269609451","0.11386767029762268","0.35304078459739685","0.35304078459739685","0.35304078459739685","0.3505919575691223","0.3458681106567383","0.35531580448150635","0.11287263284126918","0.10453109443187714","0.11990702897310257"
"225","0.12192744761705399","0.11528657376766205","0.12856584787368774","0.11723051716883977","0.11111663281917572","0.12213489413261414","0.3550157845020294","0.3550157845020294","0.3550157845020294","0.36864912509918213","0.36229994893074036","0.3749983012676239","0.12119286010662715","0.11459370702505112","0.12742921710014343"
"226","0.12392149865627289","0.1132630854845047","0.12943625450134277","0.11908135811487834","0.10811616480350494","0.12496789544820786","0.3784310817718506","0.3784310817718506","0.3784310817718506","0.38047586381435394","0.3748592138290405","0.38609251379966736","0.12299997607866923","0.11184874176979065","0.12894071638584137"
"227","0.12738312284151712","0.12204441428184509","0.1344275027513504","0.12209603438774745","0.11728209257125854","0.12985217571258545","0.3655850291252136","0.3655850291252136","0.3655850291252136","0.3761011064052582","0.36053335666656494","0.3916688561439514","0.1260031188527743","0.11976231634616852","0.1336410939693451"
"228","0.11755344271659851","0.10083506256341934","0.12728038430213928","0.11335700750350952","0.09663542360067368","0.12173842638731003","0.37011831998825073","0.37011831998825073","0.37011831998825073","0.3861492872238159","0.3829423189163208","0.38935625553131104","0.11769754439592361","0.099812813103199","0.12775254249572754"
"229","0.11457135279973348","0.09848663210868835","0.12755528092384338","0.1105280543367068","0.09786369651556015","0.12161870300769806","0.3664761781692505","0.3664761781692505","0.3664761781692505","0.36830732226371765","0.35384196043014526","0.38277268409729004","0.11425561954577763","0.09832367300987244","0.12785139679908752"
"230","0.11243649075428645","0.10334005951881409","0.11961860209703445","0.10830923914909363","0.09896669536828995","0.11523080617189407","0.3549419343471527","0.3549419343471527","0.3549419343471527","0.35728441178798676","0.3477729260921478","0.3667958974838257","0.11195803185304005","0.10243336111307144","0.11964410543441772"
"231","0.11588403085867564","0.10790491104125977","0.124953493475914","0.11158364762862523","0.106226347386837","0.11923284083604813","0.3773869574069977","0.3773869574069977","0.3773869574069977","0.3460093289613724","0.34526196122169495","0.3467566967010498","0.11538999030987422","0.10753634572029114","0.12504863739013672"
"232","0.11528457204500835","0.10061958432197571","0.13353471457958221","0.11159012218316396","0.10041466355323792","0.1269855946302414","0.377066969871521","0.377066969871521","0.377066969871521","0.3638473153114319","0.3488347828388214","0.37885984778404236","0.11460364361604054","0.09975117444992065","0.13286907970905304"
"233","0.11912303417921066","0.11428474634885788","0.12626448273658752","0.11503917227188747","0.10910031944513321","0.12427602708339691","0.36169740557670593","0.36169740557670593","0.36169740557670593","0.3660656362771988","0.35606011748313904","0.37607115507125854","0.11897218724091847","0.11359407007694244","0.12734313309192657"
"234","0.11264653503894806","0.10641689598560333","0.12190259993076324","0.10771846522887547","0.10320661216974258","0.1159323900938034","0.3776813745498657","0.3776813745498657","0.3776813745498657","0.3637833893299103","0.35250186920166016","0.3750649094581604","0.11240643759568532","0.10603047907352448","0.12212558090686798"
"235","0.11127367367347081","0.10009899735450745","0.11740502715110779","0.10692463566859563","0.0974973514676094","0.11308443546295166","0.35413065552711487","0.35413065552711487","0.35413065552711487","0.35940513014793396","0.3517551124095917","0.36705514788627625","0.1107036645213763","0.09928695112466812","0.1164652556180954"
"236","0.11975278953711192","0.11667768657207489","0.12420271337032318","0.11512141178051631","0.1117779016494751","0.12090157717466354","0.3798235058784485","0.3798235058784485","0.3798235058784485","0.3783336877822876","0.3662019670009613","0.3904654085636139","0.119175819059213","0.11581447720527649","0.12385568767786026"
"237","0.11444890995820363","0.11078040301799774","0.11986802518367767","0.10968716442584991","0.10434281080961227","0.11646024882793427","0.3722490668296814","0.3722490668296814","0.3722490668296814","0.3702232539653778","0.35140669345855713","0.3890398144721985","0.1133945311109225","0.10986125469207764","0.11903566867113113"
"238","0.11199129621187846","0.10581709444522858","0.1232835203409195","0.10748628775278728","0.10158613324165344","0.1174120381474495","0.35717976093292236","0.35717976093292236","0.35717976093292236","0.35495175421237946","0.35429444909095764","0.35560905933380127","0.11169753968715668","0.10612130165100098","0.12195941060781479"
"239","0.11426298568646114","0.10233534127473831","0.1208130270242691","0.11031842976808548","0.09803895652294159","0.1191602572798729","0.358310729265213","0.358310729265213","0.358310729265213","0.3684908151626587","0.361359179019928","0.3756224513053894","0.11375883469978969","0.10268057882785797","0.1198030561208725"
"240","0.11440029740333557","0.10922804474830627","0.1221543699502945","0.10967069367567699","0.10471614450216293","0.11674395948648453","0.3780829906463623","0.3780829906463623","0.3780829906463623","0.3701704293489456","0.3655107319355011","0.37483012676239014","0.11361947655677795","0.10870841890573502","0.12100867927074432"
"241","0.1151478538910548","0.1060975044965744","0.12278752028942108","0.1099669486284256","0.10050378739833832","0.11563463509082794","0.3790690302848816","0.3790690302848816","0.3790690302848816","0.3611302077770233","0.3568394184112549","0.36542099714279175","0.11451053122679393","0.10550753027200699","0.12165024876594543"
"242","0.1132702777783076","0.10834244638681412","0.11590348184108734","0.10986279447873433","0.1038866639137268","0.11439594626426697","0.3639218211174011","0.3639218211174011","0.3639218211174011","0.3536064475774765","0.35297685861587524","0.35423603653907776","0.11269403745730718","0.1072598546743393","0.11568861454725266"
"243","0.1148492619395256","0.10966291278600693","0.1247900128364563","0.10973818600177765","0.10327918082475662","0.11852986365556717","0.33378806710243225","0.33378806710243225","0.33378806710243225","0.3548819571733475","0.35277217626571655","0.3569917380809784","0.11394578715165456","0.10825209319591522","0.12407383322715759"
"244","0.11521877845128377","0.11185027658939362","0.12118151783943176","0.11142483601967494","0.10699950903654099","0.1170114278793335","0.36990177631378174","0.36990177631378174","0.36990177631378174","0.36461199820041656","0.3549387454986572","0.3742852509021759","0.11448652545611064","0.11055207252502441","0.12076020240783691"
"245","0.10853745539983113","0.10720376670360565","0.11019100248813629","0.10434444000323613","0.10209229588508606","0.10619404166936874","0.3388318419456482","0.3388318419456482","0.3388318419456482","0.3553798347711563","0.3515142798423767","0.3592453896999359","0.10800954699516296","0.10616077482700348","0.11008560657501221"
"246","0.109746719400088","0.09580843150615692","0.11872567236423492","0.105955275396506","0.09126751124858856","0.11726251989603043","0.36356499791145325","0.36356499791145325","0.36356499791145325","0.36965735256671906","0.36603713035583496","0.37327757477760315","0.10935798039038976","0.09464924037456512","0.1195736899971962"
"247","0.11878900229930878","0.11280208826065063","0.12748074531555176","0.11430310954650243","0.10942850261926651","0.12320680171251297","0.3539564609527588","0.3539564609527588","0.3539564609527588","0.36350134015083313","0.355434775352478","0.37156790494918823","0.11827308187882106","0.1126442402601242","0.12684366106987"
"248","0.11785224576791127","0.11338835954666138","0.12070265412330627","0.11319788545370102","0.11031172424554825","0.11639690399169922","0.3423253297805786","0.3423253297805786","0.3423253297805786","0.3620978742837906","0.353663831949234","0.37053191661834717","0.11710185060898463","0.11311555653810501","0.11959858238697052"
"249","0.11420383304357529","0.10861404985189438","0.11848185956478119","0.1098252460360527","0.10281854122877121","0.11380019783973694","0.35045695304870605","0.35045695304870605","0.35045695304870605","0.3557753264904022","0.35099107027053833","0.3605595827102661","0.11334011455376942","0.10829160362482071","0.1177198514342308"
"250","0.11196267108122508","0.10087032616138458","0.12814418971538544","0.10771992057561874","0.09915915876626968","0.12193676829338074","0.3650616407394409","0.3650616407394409","0.3650616407394409","0.34600749611854553","0.3445197343826294","0.34749525785446167","0.11192250748475392","0.10108555853366852","0.1275160163640976"
"251","0.10955461114645004","0.09501802176237106","0.11900293827056885","0.10481279840071996","0.08995897322893143","0.1147950142621994","0.35395222902297974","0.35395222902297974","0.35395222902297974","0.3527943193912506","0.346851110458374","0.3587375283241272","0.10895476986964543","0.09420500695705414","0.11891394108533859"
"252","0.11150831232468288","0.0987524464726448","0.1226654052734375","0.10759370525677998","0.09457406401634216","0.12062545120716095","0.3416908085346222","0.3416908085346222","0.3416908085346222","0.359551340341568","0.34412717819213867","0.3749755024909973","0.11165812363227208","0.09854097664356232","0.12344024330377579"
"253","0.11595582216978073","0.10916212201118469","0.12623614072799683","0.11215218404928844","0.10440395772457123","0.12128333747386932","0.3483210802078247","0.3483210802078247","0.3483210802078247","0.36855171620845795","0.35764333605766296","0.37946009635925293","0.11523384600877762","0.10861092805862427","0.12472991645336151"
"254","0.12110411127408345","0.1141112744808197","0.13217103481292725","0.11612698435783386","0.11056150496006012","0.12601825594902039","0.35259494185447693","0.35259494185447693","0.35259494185447693","0.3681859225034714","0.36663269996643066","0.3697391450405121","0.12090642253557841","0.11355829238891602","0.1320207715034485"
"255","0.11671677231788635","0.10279306024312973","0.13006673753261566","0.1135471115509669","0.10048159956932068","0.1263565719127655","0.3514430522918701","0.3514430522918701","0.3514430522918701","0.3586008548736572","0.34597617387771606","0.3712255358695984","0.11663739879926045","0.10305473953485489","0.129956915974617"
"256","0.10618855804204941","0.1022283285856247","0.11392249166965485","0.10258669157822926","0.09788377583026886","0.11123262345790863","0.35809844732284546","0.35809844732284546","0.35809844732284546","0.3747291564941406","0.3745102882385254","0.37494802474975586","0.10524983207384746","0.10150317847728729","0.11267472058534622"
"257","0.1172837217648824","0.11212652921676636","0.12008064985275269","0.11377036571502686","0.10962605476379395","0.11655405163764954","0.37458139657974243","0.37458139657974243","0.37458139657974243","0.3648166358470917","0.36028432846069336","0.36934894323349","0.11709011842807134","0.11229785531759262","0.11974851042032242"
"258","0.12541302541891733","0.12021540105342865","0.13413327932357788","0.12087814013163249","0.11503830552101135","0.12835535407066345","0.35674819350242615","0.35674819350242615","0.35674819350242615","0.3726949989795685","0.3686339259147644","0.37675607204437256","0.1250222126642863","0.11936631798744202","0.1340215504169464"
"259","0.11417597035566966","0.10058922320604324","0.12322789430618286","0.11141745001077652","0.10045115649700165","0.11877681314945221","0.33260178565979004","0.33260178565979004","0.33260178565979004","0.34698109328746796","0.3381093442440033","0.3558528423309326","0.11388751367727916","0.10045298933982849","0.12174083292484283"
"260","0.1208861768245697","0.10930407047271729","0.13475671410560608","0.11761656155188878","0.10598929226398468","0.13174788653850555","0.37414440512657166","0.37414440512657166","0.37414440512657166","0.37071068584918976","0.34753596782684326","0.39388540387153625","0.12059495846430461","0.10942003130912781","0.13380910456180573"
"261","0.11398779104153316","0.1030411496758461","0.1207602322101593","0.11029830326636632","0.09876085817813873","0.11905854940414429","0.3294881284236908","0.3294881284236908","0.3294881284236908","0.35732656717300415","0.35290834307670593","0.36174479126930237","0.11367530872424443","0.1019381508231163","0.12110863626003265"
"262","0.12457205355167389","0.10698933899402618","0.1455845683813095","0.1204644963145256","0.10498153418302536","0.14014339447021484","0.36276543140411377","0.36276543140411377","0.36276543140411377","0.361707478761673","0.3473469316959381","0.37606802582740784","0.12393258760372798","0.10641952604055405","0.14509181678295135"
"263","0.12202291438976924","0.11704124510288239","0.12735459208488464","0.11806630094846089","0.11198323220014572","0.12370052188634872","0.34893104434013367","0.34893104434013367","0.34893104434013367","0.378395676612854","0.376035213470459","0.380756139755249","0.12191639095544815","0.11613348871469498","0.12804333865642548"
"264","0.11131654431422551","0.10319242626428604","0.12134802341461182","0.10721471905708313","0.10113947838544846","0.11572142690420151","0.3487836718559265","0.3487836718559265","0.3487836718559265","0.35094980895519257","0.33721721172332764","0.3646824061870575","0.11017034947872162","0.10261236876249313","0.11886794865131378"
"265","0.1137794554233551","0.10902897268533707","0.116356760263443","0.10983421156803767","0.10726720094680786","0.11195488274097443","0.37751778960227966","0.37751778960227966","0.37751778960227966","0.349176824092865","0.3453065752983093","0.35304707288742065","0.11261813839276631","0.10735831409692764","0.11525586247444153"
"266","0.1114413986603419","0.10357166826725006","0.11562289297580719","0.10820475220680237","0.10058970749378204","0.11203902959823608","0.35224324464797974","0.35224324464797974","0.35224324464797974","0.3433840572834015","0.33522289991378784","0.35154521465301514","0.11082237710555394","0.10284587740898132","0.11508182436227798"
"267","0.11489124099413554","0.11146284639835358","0.1204579770565033","0.11088272680838902","0.10821283608675003","0.11531677842140198","0.3575168251991272","0.3575168251991272","0.3575168251991272","0.3484114110469818","0.34192797541618347","0.35489484667778015","0.11420364181200664","0.11100972443819046","0.11979774385690689"
"268","0.11121112604935963","0.10858415067195892","0.1145065575838089","0.1078678419192632","0.10461409389972687","0.1130789965391159","0.3384254574775696","0.3384254574775696","0.3384254574775696","0.34319402277469635","0.3316730856895447","0.354714959859848","0.11075437565644582","0.10717420279979706","0.11468888819217682"
"269","0.12301268925269444","0.11010921746492386","0.13069505989551544","0.1187944362560908","0.10524728894233704","0.1266764998435974","0.3260914385318756","0.3260914385318756","0.3260914385318756","0.3507116436958313","0.33448636531829834","0.36693692207336426","0.12212981780370076","0.10937154293060303","0.1302081048488617"
"270","0.1235163335998853","0.121101975440979","0.12666451930999756","0.11956123759349187","0.11686080694198608","0.12227264046669006","0.34372228384017944","0.34372228384017944","0.34372228384017944","0.3528856039047241","0.34459301829338074","0.3611781895160675","0.12280992915232976","0.1207122802734375","0.12649542093276978"
"271","0.1130184605717659","0.10351072251796722","0.1227913498878479","0.1094453160961469","0.0993589535355568","0.12150993943214417","0.32899850606918335","0.32899850606918335","0.32899850606918335","0.3447178453207016","0.32805904746055603","0.36137664318084717","0.11215062439441681","0.1021377295255661","0.12265805900096893"
"272","0.11028416454792023","0.09834109246730804","0.11691746115684509","0.10618726660807927","0.09637760370969772","0.11187677830457687","0.3389299511909485","0.3389299511909485","0.3389299511909485","0.340333953499794","0.3275182843208313","0.3531496226787567","0.1099007378021876","0.09822433441877365","0.11661999672651291"
"273","0.12042081852753957","0.1139371395111084","0.12890350818634033","0.11685568590958913","0.10980819165706635","0.12370039522647858","0.3508179485797882","0.3508179485797882","0.3508179485797882","0.3608454167842865","0.3492574989795685","0.3724333345890045","0.12004728118578593","0.11285136640071869","0.12870314717292786"
"274","0.10652615875005722","0.08894036710262299","0.12347504496574402","0.10248335699240367","0.08707000315189362","0.11715051531791687","0.33963698148727417","0.33963698148727417","0.33963698148727417","0.3298507183790207","0.3181115388870239","0.34158989787101746","0.10605462888876598","0.08917747437953949","0.1224568709731102"
"275","0.11059673130512238","0.0996050164103508","0.12406724691390991","0.106782299776872","0.09544803947210312","0.12159883975982666","0.4053458273410797","0.4053458273410797","0.4053458273410797","0.37746426463127136","0.3665415644645691","0.38838696479797363","0.11034621298313141","0.09974707663059235","0.12390902638435364"
"276","0.10750384132067363","0.10182242095470428","0.11162525415420532","0.10466574132442474","0.09782165288925171","0.10847386717796326","0.3478374779224396","0.3478374779224396","0.3478374779224396","0.3419795036315918","0.3418883681297302","0.34207063913345337","0.1078273852666219","0.1035672128200531","0.1111127957701683"
"277","0.11015431334575017","0.10030539333820343","0.1175074651837349","0.10668414582808812","0.09475691616535187","0.11457739770412445","0.3407616913318634","0.3407616913318634","0.3407616913318634","0.3485805243253708","0.3472050726413727","0.3499559760093689","0.11033592373132706","0.09963482618331909","0.11747615784406662"
"278","0.11442693322896957","0.10610774904489517","0.1264871209859848","0.11078692724307378","0.10378627479076385","0.12403266876935959","0.3459256589412689","0.3459256589412689","0.3459256589412689","0.3494266867637634","0.34082627296447754","0.3580271005630493","0.11416315038998921","0.10605990886688232","0.1258905529975891"
"279","0.11727237204710643","0.11309550702571869","0.12512828409671783","0.11368199686209361","0.10793410241603851","0.12012790143489838","0.3416084349155426","0.3416084349155426","0.3416084349155426","0.3557731658220291","0.35002949833869934","0.3615168333053589","0.11686325321594875","0.11184898018836975","0.12458524107933044"
"280","0.10713327427705129","0.10028059780597687","0.1166391670703888","0.10315872728824615","0.09484454244375229","0.11359197646379471","0.3310614824295044","0.3310614824295044","0.3310614824295044","0.3349034935235977","0.3297137916088104","0.340093195438385","0.1068032830953598","0.09999199211597443","0.11655037105083466"
"281","0.1089347576101621","0.09928759932518005","0.11594927310943604","0.1051796128352483","0.09645883738994598","0.109926238656044","0.33935225009918213","0.33935225009918213","0.33935225009918213","0.32805097103118896","0.32035693526268005","0.3357450067996979","0.10851619640986125","0.09845517575740814","0.11587844789028168"
"282","0.11076417813698451","0.1048392653465271","0.11609195172786713","0.10675501078367233","0.1024237647652626","0.11115196347236633","0.3467941880226135","0.3467941880226135","0.3467941880226135","0.3421597480773926","0.33322083950042725","0.3510986566543579","0.11017999053001404","0.10421733558177948","0.11535603553056717"
"283","0.10435360918442409","0.08986596763134003","0.11535266786813736","0.10042666892210643","0.08568190038204193","0.11174257099628448","0.3520113527774811","0.3520113527774811","0.3520113527774811","0.33691322803497314","0.3264683485031128","0.3473581075668335","0.10398821036020915","0.08934269100427628","0.11499063670635223"
"284","0.12193133930365245","0.11303271353244781","0.13286694884300232","0.11765740811824799","0.11124711483716965","0.12721094489097595","0.34315645694732666","0.34315645694732666","0.34315645694732666","0.3715907484292984","0.36026731133461","0.3829141855239868","0.12118535737196605","0.11285561323165894","0.13137689232826233"
"285","0.10911094148953755","0.10112141817808151","0.11624760180711746","0.10591041048367818","0.09787577390670776","0.1099800392985344","0.3569120168685913","0.3569120168685913","0.3569120168685913","0.35037893056869507","0.3407343029975891","0.360023558139801","0.10871775448322296","0.1014162227511406","0.11564316600561142"
"286","0.11505913237730662","0.10939416289329529","0.11804234981536865","0.11094822486241658","0.10394463688135147","0.11571874469518661","0.3514455556869507","0.3514455556869507","0.3514455556869507","0.34487900137901306","0.34459251165390015","0.345165491104126","0.11453589300314586","0.1092696338891983","0.11750146746635437"
"287","0.11217361191908519","0.10381331294775009","0.11746224761009216","0.10845247407754262","0.10118035227060318","0.11399617791175842","0.3416662812232971","0.3416662812232971","0.3416662812232971","0.3330652713775635","0.3241382837295532","0.34199225902557373","0.11154084901014964","0.10320764780044556","0.11751822382211685"
"288","0.11074762791395187","0.1048140823841095","0.11773782968521118","0.10634643584489822","0.09911565482616425","0.11227194964885712","0.34713298082351685","0.34713298082351685","0.34713298082351685","0.33114300668239594","0.33082401752471924","0.33146199584007263","0.10966695100069046","0.10368964821100235","0.11612671613693237"
"289","0.11266134679317474","0.10572312772274017","0.11895252764225006","0.10921916365623474","0.1031392365694046","0.11561490595340729","0.3262730836868286","0.3262730836868286","0.3262730836868286","0.3376966565847397","0.3361413776874542","0.33925193548202515","0.11202748616536458","0.10493861883878708","0.11897871643304825"
"290","0.11992400884628296","0.11575929075479507","0.12701481580734253","0.1160179078578949","0.1113717332482338","0.12404108047485352","0.35404831171035767","0.35404831171035767","0.35404831171035767","0.36279089748859406","0.35919612646102905","0.36638566851615906","0.11920776963233948","0.11437800526618958","0.12658928334712982"
"291","0.09894818564256032","0.0920153558254242","0.11001940816640854","0.0964099590977033","0.08855457603931427","0.10910874605178833","0.34289437532424927","0.34289437532424927","0.34289437532424927","0.3217713534832001","0.30668526887893677","0.3368574380874634","0.0986513818303744","0.09116474539041519","0.11026871204376221"
"292","0.11020660152037938","0.10677181929349899","0.11627334356307983","0.1066853404045105","0.10303261876106262","0.11145446449518204","0.32075756788253784","0.32075756788253784","0.32075756788253784","0.31538787484169006","0.3143775463104248","0.3163982033729553","0.10976127535104752","0.10639545321464539","0.11581689119338989"
"293","0.11378402262926102","0.10735005140304565","0.12081259489059448","0.10990675538778305","0.10316972434520721","0.11786185204982758","0.3497888147830963","0.3497888147830963","0.3497888147830963","0.3412432074546814","0.33261334896087646","0.34987306594848633","0.11384505281845729","0.10730370879173279","0.12077183276414871"
"294","0.12182636559009552","0.10836826264858246","0.12965726852416992","0.11817039549350739","0.10770395398139954","0.12363064289093018","0.36435917019844055","0.36435917019844055","0.36435917019844055","0.34075208008289337","0.3312965929508209","0.3502075672149658","0.12135377774635951","0.10799423605203629","0.12954354286193848"
"295","0.10766504456599553","0.10245459526777267","0.11602618545293808","0.10430926084518433","0.09807060658931732","0.11037090420722961","0.33471524715423584","0.33471524715423584","0.33471524715423584","0.3430152088403702","0.3387334644794464","0.34729695320129395","0.10767186681429546","0.10233280062675476","0.11543001979589462"
"296","0.11276112993558247","0.09996998310089111","0.1356687694787979","0.10903650522232056","0.09691868722438812","0.12953177094459534","0.33011412620544434","0.33011412620544434","0.33011412620544434","0.3198965787887573","0.3163202404975891","0.32347291707992554","0.11241871863603592","0.1002858355641365","0.134459987282753"
"297","0.11044245958328247","0.10697764158248901","0.11403951048851013","0.10674834251403809","0.10465942323207855","0.1091894581913948","0.33401787281036377","0.33401787281036377","0.33401787281036377","0.32752230763435364","0.3254093825817108","0.32963523268699646","0.11003558586041133","0.10634627193212509","0.1138506829738617"
"298","0.10974977910518646","0.10380357503890991","0.11445067077875137","0.105736310283343","0.10164826363325119","0.10965370386838913","0.3333010673522949","0.3333010673522949","0.3333010673522949","0.3303045332431793","0.3296549618244171","0.33095410466194153","0.10944373160600662","0.10327727347612381","0.11441056430339813"
"299","0.11729697386423747","0.09898753464221954","0.1355908215045929","0.11425795654455821","0.0958554595708847","0.1336221992969513","0.3378027379512787","0.3378027379512787","0.3378027379512787","0.3374618738889694","0.313277006149292","0.36164674162864685","0.11671763410170873","0.09843359887599945","0.13515174388885498"
"300","0.1163911943634351","0.11014759540557861","0.1224970668554306","0.11244826018810272","0.10891697555780411","0.11716225743293762","0.350681334733963","0.350681334733963","0.350681334733963","0.3247266560792923","0.3211120069026947","0.3283413052558899","0.11575608452161153","0.11039494723081589","0.1217309758067131"
"301","0.10859658320744832","0.09754633903503418","0.11539717763662338","0.10440721114476521","0.09190388023853302","0.11084413528442383","0.3199121057987213","0.3199121057987213","0.3199121057987213","0.31346645951271057","0.3045923411846161","0.32234057784080505","0.10781108339627583","0.09608390927314758","0.11404679715633392"
"303","0.1192137102286021","0.1165066584944725","0.12409725785255432","0.11595125248034795","0.11082001775503159","0.1229369267821312","0.32872676849365234","0.32872676849365234","0.32872676849365234","0.33874525129795074","0.32793980836868286","0.34955069422721863","0.11875341335932414","0.1160765066742897","0.12406080961227417"
"304","0.118183766802152","0.11454521119594574","0.12540602684020996","0.11348796387513478","0.10856830328702927","0.12200077623128891","0.3453719913959503","0.3453719913959503","0.3453719913959503","0.3399375230073929","0.33262917399406433","0.34724587202072144","0.1172710582613945","0.11357905715703964","0.12465138733386993"
"305","0.11561945080757141","0.11448060721158981","0.11641808599233627","0.11145123094320297","0.11126895993947983","0.11176544427871704","0.3419862985610962","0.3419862985610962","0.3419862985610962","0.3557348847389221","0.3512633442878723","0.3602064251899719","0.11527223885059357","0.11448554694652557","0.11632055789232254"
"306","0.11778702835241954","0.1095670610666275","0.12688949704170227","0.11360250413417816","0.10532766580581665","0.12279616296291351","0.328377902507782","0.328377902507782","0.328377902507782","0.3565561771392822","0.3452611565589905","0.367851197719574","0.11697921653588612","0.1084500402212143","0.12639763951301575"
"307","0.10308180501063664","0.09920026361942291","0.10973150283098221","0.10012802978356679","0.09391283988952637","0.10835608839988708","0.32808998227119446","0.32808998227119446","0.32808998227119446","0.32866770029067993","0.31970733404159546","0.3376280665397644","0.10277629892031352","0.0980507880449295","0.10966822504997253"
"308","0.10380346328020096","0.09342332929372787","0.11551836878061295","0.10043810804684956","0.0908142700791359","0.1103675439953804","0.3533167243003845","0.3533167243003845","0.3533167243003845","0.3187462389469147","0.31563800573349","0.32185447216033936","0.10257654388745625","0.09174930304288864","0.11451215296983719"
"309","0.10842147717873256","0.0971980169415474","0.12931936979293823","0.10481725881497066","0.09531961381435394","0.1237330436706543","0.34526294469833374","0.34526294469833374","0.34526294469833374","0.3121300935745239","0.3108977675437927","0.3133624196052551","0.1077734778324763","0.09735599160194397","0.12819883227348328"
"310","0.10722451657056808","0.10146129131317139","0.11830028891563416","0.10401789844036102","0.09946028888225555","0.11191108077764511","0.33657383918762207","0.33657383918762207","0.33657383918762207","0.3373030126094818","0.3235739469528198","0.3510320782661438","0.10657126704851787","0.10121040046215057","0.11686171591281891"
"311","0.11948988835016887","0.11214642971754074","0.1269756555557251","0.11554228762785594","0.10792098939418793","0.12185335159301758","0.3298974633216858","0.3298974633216858","0.3298974633216858","0.34307917952537537","0.3347528576850891","0.3514055013656616","0.11860672881205876","0.11160753667354584","0.12594887614250183"
"312","0.11711624513069789","0.10669516026973724","0.12337357550859451","0.114873006939888","0.10551756620407104","0.12049157917499542","0.3232516646385193","0.3232516646385193","0.3232516646385193","0.33853502571582794","0.3217019736766815","0.35536807775497437","0.11693644026915233","0.1061670184135437","0.12265634536743164"
"313","0.10523104667663574","0.09842373430728912","0.11529484391212463","0.10166916251182556","0.0933765321969986","0.11131727695465088","0.3410739600658417","0.3410739600658417","0.3410739600658417","0.3263627141714096","0.31758496165275574","0.3351404666900635","0.10505161434412003","0.09831959754228592","0.11453236639499664"
"314","0.11589893698692322","0.1143152117729187","0.11757928133010864","0.1119437962770462","0.10767120867967606","0.11474999040365219","0.3285287618637085","0.3285287618637085","0.3285287618637085","0.3300032913684845","0.3294583559036255","0.3305482268333435","0.11502934247255325","0.1135220006108284","0.11610771715641022"
"315","0.10883841663599014","0.1021159291267395","0.11590316891670227","0.10548484077056249","0.10029082000255585","0.11044684797525406","0.34758204221725464","0.34758204221725464","0.34758204221725464","0.3323421776294708","0.33002525568008423","0.3346590995788574","0.10875136901934941","0.10223296284675598","0.1148412823677063"
"316","0.10192672163248062","0.09440286457538605","0.11331157386302948","0.09879740824302037","0.09041320532560349","0.11009645462036133","0.32710734009742737","0.32710734009742737","0.32710734009742737","0.3139600306749344","0.3054969012737274","0.32242316007614136","0.10094905644655228","0.09318843483924866","0.11228961497545242"
"317","0.11340586096048355","0.10551857948303223","0.12345653027296066","0.11020266264677048","0.10232454538345337","0.11948002874851227","0.31018486618995667","0.31018486618995667","0.31018486618995667","0.33616162836551666","0.327668696641922","0.34465456008911133","0.11247600863377254","0.10524332523345947","0.12252949923276901"
"318","0.10918250928322475","0.10314338654279709","0.1169004812836647","0.1058778886993726","0.09925669431686401","0.1144147589802742","0.3149788975715637","0.3149788975715637","0.3149788975715637","0.3233872056007385","0.3144086003303528","0.33236581087112427","0.10848526159922282","0.10234642773866653","0.11667957901954651"
"319","0.10805650055408478","0.0995299220085144","0.11888536810874939","0.10416216899951299","0.09385883063077927","0.11445313692092896","0.32124000787734985","0.32124000787734985","0.32124000787734985","0.31843312084674835","0.30874255299568176","0.32812368869781494","0.10707986851533254","0.09838433563709259","0.11743631958961487"
"320","0.11802910268306732","0.11140619218349457","0.12622657418251038","0.11423446734746297","0.10702598094940186","0.12358107417821884","0.3235360383987427","0.3235360383987427","0.3235360383987427","0.3476107567548752","0.34035587310791016","0.3548656404018402","0.11733330289522807","0.1095874160528183","0.12656757235527039"
"321","0.10619624704122543","0.10112132132053375","0.11217889189720154","0.1028805524110794","0.09622557461261749","0.10942447185516357","0.3237101435661316","0.3237101435661316","0.3237101435661316","0.3328273594379425","0.3320203423500061","0.3336343765258789","0.1052153930068016","0.10035241395235062","0.11100885272026062"
"322","0.12125110377868016","0.11746840178966522","0.12876833975315094","0.11813466499249141","0.1124211847782135","0.12647855281829834","0.32072511315345764","0.32072511315345764","0.32072511315345764","0.35488124191761017","0.349226713180542","0.36053577065467834","0.1207733949025472","0.11684600263834","0.12804238498210907"
"323","0.11014074335495631","0.1037440150976181","0.11703995615243912","0.106439804037412","0.10120250284671783","0.11264941096305847","0.31033188104629517","0.31033188104629517","0.31033188104629517","0.30825984477996826","0.3005508482456207","0.3159688413143158","0.10957211256027222","0.10305039584636688","0.11691763997077942"
"324","0.11044667661190033","0.10473732650279999","0.11734069883823395","0.10653167714675267","0.1003165990114212","0.11281856894493103","0.34199196100234985","0.34199196100234985","0.34199196100234985","0.34743957221508026","0.33953574299812317","0.35534340143203735","0.10951920350392659","0.10346248745918274","0.11660091578960419"
"325","0.10635210573673248","0.0942409336566925","0.11475072801113129","0.10284334669510524","0.09108468145132065","0.11171023547649384","0.311330109834671","0.311330109834671","0.311330109834671","0.32208918035030365","0.3196490406990051","0.3245293200016022","0.10590541362762451","0.09348347783088684","0.11538901925086975"
"326","0.11105139305194218","0.10088552534580231","0.1239439994096756","0.10751337806383769","0.09823565185070038","0.12115776538848877","0.3404075503349304","0.3404075503349304","0.3404075503349304","0.3361821323633194","0.3207249641418457","0.3516393005847931","0.11036104957262675","0.10013308376073837","0.12284617125988007"
"327","0.1162940909465154","0.11509331315755844","0.11711788922548294","0.1125739539662997","0.11176710575819016","0.11375615745782852","0.32102346420288086","0.32102346420288086","0.32102346420288086","0.3453553169965744","0.342556357383728","0.3481542766094208","0.1149791677792867","0.11402805149555206","0.11553527414798737"
"328","0.10848099986712138","0.10198541730642319","0.11496436595916748","0.10499543944994609","0.10012201964855194","0.11004666984081268","0.3391130566596985","0.3391130566596985","0.3391130566596985","0.3177881985902786","0.3157728612422943","0.31980353593826294","0.10735313097635905","0.10132630169391632","0.11360016465187073"
"329","0.1218095247944196","0.11587502807378769","0.12849214673042297","0.11856695264577866","0.1129712238907814","0.12426349520683289","0.33859550952911377","0.33859550952911377","0.33859550952911377","0.3424186110496521","0.3407951593399048","0.3440420627593994","0.1202735851208369","0.11401744186878204","0.1275710016489029"
"330","0.10856631894906361","0.0998176634311676","0.1184004619717598","0.10556318362553914","0.09902545064687729","0.11479035764932632","0.3287195563316345","0.3287195563316345","0.3287195563316345","0.32657407224178314","0.30942869186401367","0.3437194526195526","0.1078455646832784","0.10068967193365097","0.11687730997800827"
"331","0.10986916720867157","0.09619005024433136","0.1187763661146164","0.10654608656962712","0.09447644650936127","0.11325789242982864","0.33916717767715454","0.33916717767715454","0.33916717767715454","0.3167939931154251","0.3052099049091339","0.3283780813217163","0.10884599884351094","0.09538275003433228","0.11740422248840332"
"332","0.11566241333882014","0.10764721035957336","0.1297456920146942","0.11231784522533417","0.1044086217880249","0.12719792127609253","0.3180684745311737","0.3180684745311737","0.3180684745311737","0.3318733274936676","0.32545316219329834","0.33829349279403687","0.114939679702123","0.10698990523815155","0.1295185089111328"
"333","0.10455755641063054","0.09436242282390594","0.11127182096242905","0.10154009362061818","0.09122435748577118","0.10728855431079865","0.32491758465766907","0.32491758465766907","0.32491758465766907","0.3160714656114578","0.30526959896087646","0.3268733322620392","0.10429383565982182","0.09486378729343414","0.11009325087070465"
"334","0.10615704456965129","0.09978581964969635","0.11411373317241669","0.10284358263015747","0.09626533091068268","0.11043986678123474","0.3116019368171692","0.3116019368171692","0.3116019368171692","0.32455217838287354","0.3140813112258911","0.33502304553985596","0.10563940058151881","0.09934606403112411","0.11369414627552032"
"335","0.1110537697871526","0.10496950149536133","0.1220310628414154","0.1074038843313853","0.10111134499311447","0.11641639471054077","0.32590925693511963","0.32590925693511963","0.32590925693511963","0.3195430040359497","0.3118298649787903","0.32725614309310913","0.11069077253341675","0.10460545867681503","0.12141352891921997"
"336","0.09984348217646281","0.09437243640422821","0.10679270327091217","0.09647444883982341","0.09209038317203522","0.10234102606773376","0.33709460496902466","0.33709460496902466","0.33709460496902466","0.30169060826301575","0.2978496551513672","0.3055315613746643","0.09872784713904063","0.09369343519210815","0.10519401729106903"
"337","0.10853995631138484","0.10207176208496094","0.1212945431470871","0.10475186506907146","0.0976731926202774","0.11751808226108551","0.3392602801322937","0.3392602801322937","0.3392602801322937","0.32910139858722687","0.3154604136943817","0.342742383480072","0.10752865423758824","0.10058561712503433","0.12026718258857727"
"338","0.10912463317314784","0.09790731221437454","0.1173105388879776","0.10635196169217427","0.09491369128227234","0.11416856199502945","0.33917713165283203","0.33917713165283203","0.33917713165283203","0.3354276120662689","0.3349403440952301","0.33591488003730774","0.10847732176383336","0.09721168875694275","0.11610019952058792"
"339","0.11180571466684341","0.10467803478240967","0.11773093789815903","0.10901431987682979","0.10169997811317444","0.11412232369184494","0.3140195906162262","0.3140195906162262","0.3140195906162262","0.3189675360918045","0.3095628321170807","0.3283722400665283","0.11138889193534851","0.10377363115549088","0.11631126701831818"
"340","0.11512183398008347","0.11482080817222595","0.11569470167160034","0.11197325835625331","0.11140590161085129","0.11253823339939117","0.32924309372901917","0.32924309372901917","0.32924309372901917","0.34314653277397156","0.3409154415130615","0.3453776240348816","0.11418374131123225","0.11319217085838318","0.11513683199882507"
"341","0.11693363388379414","0.10430806875228882","0.12976235151290894","0.11377105365196864","0.10165160149335861","0.1251659095287323","0.3179078996181488","0.3179078996181488","0.3179078996181488","0.32245199382305145","0.3095006048679352","0.3354033827781677","0.11685062448183696","0.10475409775972366","0.1289174109697342"
"342","0.1188686192035675","0.10060645639896393","0.13121972978115082","0.11576638370752335","0.09973333030939102","0.12552368640899658","0.3165706396102905","0.3165706396102905","0.3165706396102905","0.31340181827545166","0.2980837821960449","0.3287198543548584","0.1184589018424352","0.0999993234872818","0.13090980052947998"
"343","0.11338527003924052","0.10675182938575745","0.12193295359611511","0.10929446419080098","0.10359634459018707","0.11738580465316772","0.33456653356552124","0.33456653356552124","0.33456653356552124","0.32192976772785187","0.31437626481056213","0.3294832706451416","0.11249867081642151","0.10572801530361176","0.12125453352928162"
"344","0.11051302154858907","0.10197331011295319","0.11759355664253235","0.1074209213256836","0.10032650828361511","0.11268843710422516","0.30048978328704834","0.30048978328704834","0.30048978328704834","0.3252441883087158","0.32099413871765137","0.3294942378997803","0.11014787356058757","0.10241272300481796","0.11731194704771042"
"345","0.11801399042208989","0.11168023943901062","0.12973330914974213","0.11429823438326518","0.10850007832050323","0.12528163194656372","0.3112386465072632","0.3112386465072632","0.3112386465072632","0.33094562590122223","0.3222559690475464","0.33963528275489807","0.11705720673004787","0.1110374853014946","0.12864123284816742"
"346","0.10482525080442429","0.10160059481859207","0.10873952507972717","0.10205047577619553","0.0997091680765152","0.1061411201953888","0.31734150648117065","0.31734150648117065","0.31734150648117065","0.3165806233882904","0.3065001964569092","0.32666105031967163","0.1047783891359965","0.10189241170883179","0.10779546201229095"
"347","0.11053996781508128","0.10581311583518982","0.11482688784599304","0.10792672634124756","0.10158401727676392","0.11261994391679764","0.31118935346603394","0.31118935346603394","0.31118935346603394","0.3348229378461838","0.33163437247276306","0.3380115032196045","0.11018242438634236","0.10464455187320709","0.11411290615797043"
"348","0.10730843742688496","0.10583257675170898","0.10861894488334656","0.10449527204036713","0.101931132376194","0.10694289952516556","0.31542152166366577","0.31542152166366577","0.31542152166366577","0.30444248020648956","0.29826149344444275","0.3106234669685364","0.10701234887043636","0.10511323809623718","0.10898484289646149"
"349","0.12000332772731781","0.11886841803789139","0.12223362177610397","0.11599269509315491","0.11377429217100143","0.11760033667087555","0.3157552480697632","0.3157552480697632","0.3157552480697632","0.3366881012916565","0.335746705532074","0.337629497051239","0.11898417274157207","0.11744044721126556","0.12098738551139832"
"350","0.10827457159757614","0.10209054499864578","0.11885301023721695","0.1052392174800237","0.0985027402639389","0.11624667048454285","0.2893950641155243","0.2893950641155243","0.2893950641155243","0.3050454705953598","0.30409514904022217","0.30599579215049744","0.1080103615919749","0.10124113410711288","0.11899686604738235"
"351","0.11615926524003346","0.10326384752988815","0.12796202301979065","0.11328459034363429","0.09978587925434113","0.12472792714834213","0.3252163529396057","0.3252163529396057","0.3252163529396057","0.3435920774936676","0.33472102880477905","0.35246312618255615","0.11535122742255528","0.10220514237880707","0.12676772475242615"
"352","0.1114100565512975","0.10767809301614761","0.11666788160800934","0.10814234614372253","0.10432813316583633","0.1135307103395462","0.3389570415019989","0.3389570415019989","0.3389570415019989","0.3437938392162323","0.3369266390800476","0.350661039352417","0.11070568362871806","0.10691926628351212","0.1160149946808815"
"353","0.11656682689984639","0.10907263308763504","0.12537610530853271","0.11282419910033543","0.10619071125984192","0.12055537849664688","0.3353416919708252","0.3353416919708252","0.3353416919708252","0.32455725967884064","0.314017653465271","0.3350968658924103","0.11516200502713521","0.107967808842659","0.12441354990005493"
"354","0.11741949369510014","0.11462140083312988","0.11911040544509888","0.11367313067118327","0.1116160899400711","0.11536514759063721","0.3154410719871521","0.3154410719871521","0.3154410719871521","0.3217404782772064","0.31811052560806274","0.3253704309463501","0.11685555179913838","0.11411824822425842","0.1183992326259613"
"355","0.11319542427857716","0.09526017308235168","0.12279367446899414","0.11107399314641953","0.09173966199159622","0.12136682122945786","0.3029990792274475","0.3029990792274475","0.3029990792274475","0.334952712059021","0.33279216289520264","0.33711326122283936","0.11260382582743962","0.09438177943229675","0.12219036370515823"
"356","0.11596230417490005","0.10847695916891098","0.12068487703800201","0.112832876543204","0.1043521910905838","0.11913981288671494","0.30855369567871094","0.30855369567871094","0.30855369567871094","0.33908362686634064","0.3367280960083008","0.3414391577243805","0.11516077816486359","0.10784733295440674","0.1203179806470871"
"357","0.11738291382789612","0.10760268568992615","0.12490597367286682","0.11416990806659062","0.10652539134025574","0.12091716378927231","0.30946069955825806","0.30946069955825806","0.30946069955825806","0.3262264132499695","0.3198503255844116","0.33260250091552734","0.11708101133505504","0.10764892399311066","0.12478306889533997"
"358","0.10982353736956914","0.10755125433206558","0.11381444334983826","0.10628340641657512","0.103264220058918","0.10999137163162231","0.3206121325492859","0.3206121325492859","0.3206121325492859","0.3148619085550308","0.3120952546596527","0.31762856245040894","0.10881454249223073","0.10582607984542847","0.11300938576459885"
"359","0.09952934583028157","0.09080924838781357","0.10750330984592438","0.09550055861473083","0.08880426734685898","0.10212548077106476","0.3198241591453552","0.3198241591453552","0.3198241591453552","0.3018856644630432","0.30136969685554504","0.3024016320705414","0.09826004505157471","0.0911206305027008","0.10562799870967865"
"360","0.108748825887839","0.10057850182056427","0.11984151601791382","0.10479893038670222","0.09703245013952255","0.11411640048027039","0.31828492879867554","0.31828492879867554","0.31828492879867554","0.3224906474351883","0.31352663040161133","0.33145466446876526","0.10801080862681071","0.0994759052991867","0.11850325763225555"
"361","0.09828815112511317","0.09171491116285324","0.10192418098449707","0.09457808484633763","0.08650178462266922","0.0988774299621582","0.3139590620994568","0.3139590620994568","0.3139590620994568","0.31092964112758636","0.30899885296821594","0.3128604292869568","0.0977195252974828","0.0909697487950325","0.10152339935302734"
"362","0.11649180700381596","0.110746368765831","0.1209956482052803","0.11330669124921162","0.1094786524772644","0.11741030216217041","0.32440757751464844","0.32440757751464844","0.32440757751464844","0.32411789894104004","0.3203429579734802","0.32789283990859985","0.11605487018823624","0.1111113652586937","0.12041144073009491"
"363","0.1173280452688535","0.1038026213645935","0.1338358372449875","0.1143045425415039","0.10195557773113251","0.13038861751556396","0.3340030312538147","0.3340030312538147","0.3340030312538147","0.31887494027614594","0.3022477626800537","0.33550211787223816","0.1161743625998497","0.1035633385181427","0.1314011812210083"
"364","0.11339597155650456","0.10457507520914078","0.1257046014070511","0.10933815936247508","0.1004929170012474","0.12299469113349915","0.3206073045730591","0.3206073045730591","0.3206073045730591","0.32322418689727783","0.3061889410018921","0.3402594327926636","0.11233238379160564","0.10289549827575684","0.12577176094055176"
"365","0.1067452405889829","0.10582945495843887","0.10735200345516205","0.1046820729970932","0.10394538938999176","0.10598830878734589","0.3403731882572174","0.3403731882572174","0.3403731882572174","0.32146602869033813","0.3187716603279114","0.3241603970527649","0.10603189220031102","0.10556802153587341","0.10632610321044922"
"366","0.10627852131923039","0.0981394499540329","0.11468003690242767","0.10322204728921254","0.09466660022735596","0.11174701154232025","0.30412256717681885","0.30412256717681885","0.30412256717681885","0.30038124322891235","0.28412702679634094","0.31663545966148376","0.10585280507802963","0.09742356091737747","0.11441159248352051"
"367","0.10294189552466075","0.09709320962429047","0.10786393284797668","0.1004640410343806","0.0934135839343071","0.10484002530574799","0.32845330238342285","0.32845330238342285","0.32845330238342285","0.30326610803604126","0.29960334300994873","0.3069288730621338","0.1021685575445493","0.0967051088809967","0.10624878853559494"
"368","0.113884337246418","0.1079326644539833","0.11718866229057312","0.11004899193843205","0.10559889674186707","0.11325154453516006","0.2850123941898346","0.2850123941898346","0.2850123941898346","0.31278859078884125","0.3095599114894867","0.3160172700881958","0.11325763911008835","0.10806456208229065","0.11598515510559082"
"369","0.10336056103308995","0.09618517011404037","0.11438921838998795","0.10091973592837651","0.09562049806118011","0.11120554804801941","0.34196606278419495","0.34196606278419495","0.34196606278419495","0.3228502422571182","0.31429699063301086","0.3314034938812256","0.10258521884679794","0.09523437172174454","0.11374599486589432"
"370","0.10961119582255681","0.09693779051303864","0.12297986447811127","0.10675794879595439","0.09521468728780746","0.11982546001672745","0.3261556923389435","0.3261556923389435","0.3261556923389435","0.32463644444942474","0.30760565400123596","0.3416672348976135","0.10930602252483368","0.09736993163824081","0.1216873899102211"
"371","0.10932178050279617","0.1026388555765152","0.11878983676433563","0.10602035621802013","0.09922097623348236","0.11568789184093475","0.315158873796463","0.315158873796463","0.315158873796463","0.31239527463912964","0.3071906566619873","0.317599892616272","0.10826626420021057","0.1016942709684372","0.1175517737865448"
"373","0.12069275726874669","0.11767233908176422","0.12383715808391571","0.11829205850760142","0.11342984437942505","0.12138538062572479","0.36542707681655884","0.36542707681655884","0.36542707681655884","0.34650416672229767","0.34129148721694946","0.3517168462276459","0.11984443416198094","0.11689199507236481","0.12292511761188507"
"374","0.11099473387002945","0.09807783365249634","0.118638776242733","0.10787363102038701","0.09465080499649048","0.11674663424491882","0.30109870433807373","0.30109870433807373","0.30109870433807373","0.3003283143043518","0.28228235244750977","0.31837427616119385","0.11026140302419662","0.09716770797967911","0.11783766746520996"
"375","0.10891401022672653","0.10083366185426712","0.11576494574546814","0.10569257040818532","0.09825112670660019","0.11221326887607574","0.3075011968612671","0.3075011968612671","0.3075011968612671","0.3110520541667938","0.29432201385498047","0.3277820944786072","0.10797431568304698","0.10014615207910538","0.11484268307685852"
"376","0.10432536900043488","0.10144530236721039","0.10722920298576355","0.10092806071043015","0.0972735732793808","0.10416735708713531","0.35471218824386597","0.35471218824386597","0.35471218824386597","0.3299037367105484","0.3256409168243408","0.334166556596756","0.10353032996257146","0.10062670707702637","0.10696844756603241"
"377","0.11352538069089253","0.10233369469642639","0.1222282201051712","0.10994643966356914","0.0998479351401329","0.11636116355657578","0.32567644119262695","0.32567644119262695","0.32567644119262695","0.3064574748277664","0.30452030897140503","0.3083946406841278","0.11255745341380437","0.10172255337238312","0.12143885344266891"
"378","0.11379898587862651","0.10513783991336823","0.12210007011890411","0.10997392485539119","0.10186874866485596","0.1160481721162796","0.31360068917274475","0.31360068917274475","0.31360068917274475","0.30927345156669617","0.3018489480018616","0.31669795513153076","0.11308442801237106","0.10430724173784256","0.12138617038726807"
"379","0.10944272577762604","0.1018248051404953","0.11788254976272583","0.10642325381437938","0.1002858430147171","0.11328878998756409","0.3012312650680542","0.3012312650680542","0.3012312650680542","0.3105212152004242","0.3043842911720276","0.3166581392288208","0.10891763369242351","0.10142087936401367","0.11743031442165375"
"380","0.1126795510450999","0.10963943600654602","0.11694234609603882","0.10930263499418895","0.10786962509155273","0.1118265837430954","0.3339691758155823","0.3339691758155823","0.3339691758155823","0.31814660131931305","0.31710925698280334","0.31918394565582275","0.11212355395158131","0.10962758213281631","0.11640956252813339"
"381","0.11906479050715764","0.11290490627288818","0.12730509042739868","0.11604684839646022","0.11190222203731537","0.12386604398488998","0.2882811427116394","0.2882811427116394","0.2882811427116394","0.3313070237636566","0.3265603184700012","0.336053729057312","0.11832753817240398","0.1129646748304367","0.12658780813217163"
"382","0.11348029474417369","0.10321168601512909","0.1214447170495987","0.11026059836149216","0.10000409930944443","0.11839371919631958","0.31722503900527954","0.31722503900527954","0.31722503900527954","0.3321804404258728","0.32944804430007935","0.33491283655166626","0.11257601777712505","0.10224208235740662","0.12058242410421371"
"383","0.11103590329488118","0.10727088153362274","0.1129530817270279","0.10784009844064713","0.10611818730831146","0.1090075895190239","0.31852275133132935","0.31852275133132935","0.31852275133132935","0.3196646571159363","0.3187411427497864","0.3205881714820862","0.11024878919124603","0.10721826553344727","0.1122991293668747"
"384","0.10519032428661983","0.09819675981998444","0.11304182559251785","0.10271860907475154","0.09556463360786438","0.11066547781229019","0.321575790643692","0.321575790643692","0.321575790643692","0.3152969479560852","0.3089810907840729","0.32161280512809753","0.10446487615505855","0.09733638167381287","0.11236795783042908"
"385","0.11301152904828389","0.10672760009765625","0.1180061548948288","0.11037316421667735","0.10317469388246536","0.11663013696670532","0.31440627574920654","0.31440627574920654","0.31440627574920654","0.3217807710170746","0.3213900327682495","0.32217150926589966","0.11226118355989456","0.10588215291500092","0.11704687774181366"
"386","0.10793057332436244","0.10065323114395142","0.11915882676839828","0.10496705770492554","0.09614698588848114","0.11674083769321442","0.30738434195518494","0.30738434195518494","0.30738434195518494","0.31405314803123474","0.3066166639328003","0.3214896321296692","0.10773056000471115","0.10045453906059265","0.11901940405368805"
"387","0.1031189536054929","0.09794704616069794","0.10681000351905823","0.10026898731787999","0.09540778398513794","0.10306950658559799","0.327345609664917","0.327345609664917","0.327345609664917","0.30479952692985535","0.3018505573272705","0.3077484965324402","0.10248107711474101","0.09725278615951538","0.10594883561134338"
"388","0.11177876094977061","0.10358355194330215","0.11741351336240768","0.10893925527731578","0.10152629017829895","0.1146983802318573","0.3158251643180847","0.3158251643180847","0.3158251643180847","0.31551413238048553","0.30552467703819275","0.3255035877227783","0.11077297727266948","0.10269610583782196","0.1158478707075119"
"389","0.11095442126194636","0.10517708212137222","0.11678510159254074","0.1084864338239034","0.10124072432518005","0.11416329443454742","0.30385076999664307","0.30385076999664307","0.30385076999664307","0.31999267637729645","0.31724584102630615","0.32273951172828674","0.11090199897686641","0.10398726165294647","0.11752282828092575"
"390","0.115199809273084","0.10523256659507751","0.12067967653274536","0.11188981930414836","0.10258179903030396","0.11763620376586914","0.3117297887802124","0.3117297887802124","0.3117297887802124","0.31866978108882904","0.30960187315940857","0.3277376890182495","0.11472670982281367","0.10440350323915482","0.12012196332216263"
"391","0.11122216532627742","0.09876757860183716","0.1327524334192276","0.1085789402325948","0.09778569638729095","0.1301305890083313","0.32262513041496277","0.32262513041496277","0.32262513041496277","0.3181849271059036","0.2935068905353546","0.34286296367645264","0.11096784224112828","0.09868834167718887","0.13290727138519287"
"392","0.11662175506353378","0.10649453848600388","0.13621725142002106","0.11336779594421387","0.10415889322757721","0.13134798407554626","0.3107600212097168","0.3107600212097168","0.3107600212097168","0.30287735164165497","0.2969343066215515","0.3088203966617584","0.11598620315392812","0.10563051700592041","0.13547827303409576"
"393","0.1044071192542712","0.09166309237480164","0.1173628643155098","0.10135625799496968","0.08796194940805435","0.114313505589962","0.30492639541625977","0.30492639541625977","0.30492639541625977","0.3149828165769577","0.3004506826400757","0.3295149505138397","0.10356007516384125","0.09112217277288437","0.11635392159223557"
"394","0.12124501417080562","0.11414126306772232","0.1289222240447998","0.11891781290372212","0.11341679096221924","0.12664584815502167","0.31506943702697754","0.31506943702697754","0.31506943702697754","0.3337230235338211","0.3235764503479004","0.3438695967197418","0.121642271677653","0.11474036425352097","0.12962765991687775"
"395","0.10860874007145564","0.10567018389701843","0.11386523395776749","0.10560210545857747","0.10214351117610931","0.10994905233383179","0.32467585802078247","0.32467585802078247","0.32467585802078247","0.299005925655365","0.29641488194465637","0.3015969693660736","0.10805170983076096","0.10396866500377655","0.11389358341693878"
"396","0.11878648400306702","0.11023785918951035","0.12362910062074661","0.1157190352678299","0.1074458658695221","0.12143853306770325","0.31155073642730713","0.31155073642730713","0.31155073642730713","0.3172379732131958","0.3070754408836365","0.3274005055427551","0.1183028444647789","0.10915127396583557","0.12384301424026489"
"397","0.11620356390873592","0.10672265291213989","0.13071349263191223","0.11286312093337376","0.10122985392808914","0.1269223690032959","0.3154161274433136","0.3154161274433136","0.3154161274433136","0.3306117206811905","0.31496942043304443","0.34625402092933655","0.11513874679803848","0.1052117869257927","0.1292259395122528"
"398","0.11191972096761067","0.10615843534469604","0.12053428590297699","0.10889776547749837","0.10308537632226944","0.11591774970293045","0.30269190669059753","0.30269190669059753","0.30269190669059753","0.301547035574913","0.2949375510215759","0.3081565201282501","0.11099762469530106","0.1046435534954071","0.11934138089418411"
"399","0.11859555542469025","0.1116136759519577","0.12881742417812347","0.11602793633937836","0.10892746597528458","0.12468694150447845","0.30851179361343384","0.30851179361343384","0.30851179361343384","0.32299309968948364","0.31424644589424133","0.33173975348472595","0.11790997286637624","0.11132484674453735","0.1277485489845276"
"400","0.11367542048295338","0.1021345853805542","0.12689319252967834","0.11035835494597752","0.10032988339662552","0.12176470458507538","0.2897258698940277","0.2897258698940277","0.2897258698940277","0.30298757553100586","0.2954868972301483","0.3104882538318634","0.11302641282478969","0.10230769962072372","0.12585623562335968"
"401","0.11746279646952947","0.10460592061281204","0.13007532060146332","0.11445668588081996","0.1003621444106102","0.12760202586650848","0.2971247732639313","0.2971247732639313","0.2971247732639313","0.3285296559333801","0.3196718096733093","0.3373875021934509","0.11698635419209798","0.10407178848981857","0.13021355867385864"
"402","0.10709282259146373","0.0966612696647644","0.12309091538190842","0.10448298851648967","0.09516216814517975","0.11968904733657837","0.32253995537757874","0.32253995537757874","0.32253995537757874","0.32444679737091064","0.3120793104171753","0.336814284324646","0.10665791481733322","0.09634735435247421","0.12242526561021805"
"403","0.11022309213876724","0.1041841059923172","0.1175619438290596","0.10749819626410802","0.1025884747505188","0.1139904037117958","0.33328115940093994","0.33328115940093994","0.33328115940093994","0.30991919338703156","0.3049224317073822","0.3149159550666809","0.10945733884970348","0.1035972535610199","0.11643998324871063"
"404","0.11250080913305283","0.10320180654525757","0.12333838641643524","0.10983061542113622","0.10280501842498779","0.12014983594417572","0.2909509837627411","0.2909509837627411","0.2909509837627411","0.29731743037700653","0.2955794930458069","0.2990553677082062","0.11177470286687215","0.10305227339267731","0.1220894306898117"
"405","0.11213839799165726","0.10520852357149124","0.1228586882352829","0.10979506621758144","0.10461778938770294","0.11832728236913681","0.3250126838684082","0.3250126838684082","0.3250126838684082","0.30806857347488403","0.3023303151130676","0.31380683183670044","0.1115125094850858","0.10460016131401062","0.12214769423007965"
"406","0.11799625307321548","0.11394145339727402","0.12247501313686371","0.11490641037623088","0.10950283706188202","0.12083014845848083","0.2900688648223877","0.2900688648223877","0.2900688648223877","0.3144233375787735","0.30677464604377747","0.32207202911376953","0.11741344382365544","0.11304167658090591","0.12238460779190063"
"407","0.09991691013177235","0.08942271023988724","0.10523161292076111","0.09770989914735158","0.08918153494596481","0.10219350457191467","0.30549052357673645","0.30549052357673645","0.30549052357673645","0.2897215187549591","0.28203850984573364","0.29740452766418457","0.09953429301579793","0.08991771936416626","0.10471050441265106"
"408","0.11755260825157166","0.10992373526096344","0.13181036710739136","0.11470699310302734","0.10642215609550476","0.12946853041648865","0.3155094087123871","0.3155094087123871","0.3155094087123871","0.33045029640197754","0.3204330801963806","0.34046751260757446","0.11700289448102315","0.10909426212310791","0.13117755949497223"
"409","0.11241913338502248","0.10063915699720383","0.12012903392314911","0.11034116397301356","0.09725235402584076","0.11806269735097885","0.3258228003978729","0.3258228003978729","0.3258228003978729","0.3153648376464844","0.3099026083946228","0.32082706689834595","0.11249018708864848","0.10022292286157608","0.12074807286262512"
"410","0.09866361816724141","0.0865509957075119","0.1070326566696167","0.09599257012208302","0.08430380374193192","0.10458231717348099","0.30808162689208984","0.30808162689208984","0.30808162689208984","0.2877548336982727","0.27745145559310913","0.2980582118034363","0.09782041609287262","0.0857202559709549","0.10608235001564026"
"411","0.10958969593048096","0.10531330853700638","0.11388184130191803","0.10667634507020314","0.10261798650026321","0.11245191097259521","0.30137181282043457","0.30137181282043457","0.30137181282043457","0.3147221654653549","0.3060431480407715","0.32340118288993835","0.10880521436532338","0.10407930612564087","0.11405785381793976"
"412","0.11054714769124985","0.10204214602708817","0.119875468313694","0.10784619301557541","0.1010112464427948","0.11608145385980606","0.2577968239784241","0.2577968239784241","0.2577968239784241","0.2833264321088791","0.27916523814201355","0.28748762607574463","0.10936527947584788","0.10160207003355026","0.11844784766435623"
"413","0.10746864477793376","0.09900647401809692","0.11999909579753876","0.10421678920586903","0.09509635716676712","0.11660495400428772","0.3079381585121155","0.3079381585121155","0.3079381585121155","0.3155454695224762","0.3089289665222168","0.3221619725227356","0.1070286159714063","0.0984359085559845","0.11879616975784302"
"414","0.10855243355035782","0.09926226735115051","0.11744149774312973","0.10632217427094777","0.09767892956733704","0.1143844798207283","0.2968366742134094","0.2968366742134094","0.2968366742134094","0.2995242029428482","0.2922627031803131","0.3067857027053833","0.1077996517221133","0.09839478135108948","0.11677718162536621"
"415","0.1061721791823705","0.10432560741901398","0.10765598714351654","0.10372092078129451","0.10045962780714035","0.10698449611663818","0.32633107900619507","0.32633107900619507","0.32633107900619507","0.29814600944519043","0.29571205377578735","0.3005799651145935","0.10574109603961308","0.10333847999572754","0.10729677230119705"
"416","0.10889569918314616","0.09973626583814621","0.11735277622938156","0.10594965517520905","0.0980638712644577","0.11235683411359787","0.3021746873855591","0.3021746873855591","0.3021746873855591","0.3021661192178726","0.2910556197166443","0.31327661871910095","0.10883452494939168","0.0998610183596611","0.11664231866598129"
"417","0.11191666622956593","0.10767877846956253","0.11774497479200363","0.10891607155402501","0.10564802587032318","0.11356426030397415","0.31557488441467285","0.31557488441467285","0.31557488441467285","0.31371358036994934","0.31369197368621826","0.3137351870536804","0.11100914080937703","0.10679423809051514","0.11694827675819397"
"418","0.12485634038845699","0.11426259577274323","0.13885390758514404","0.12080005307992299","0.1097416877746582","0.13286717236042023","0.3142818212509155","0.3142818212509155","0.3142818212509155","0.3099934309720993","0.30953094363212585","0.31045591831207275","0.12366514652967453","0.11215274035930634","0.1377621442079544"
"419","0.11690676957368851","0.10353034734725952","0.1325506716966629","0.11298668136199315","0.0989055335521698","0.12693901360034943","0.300385057926178","0.300385057926178","0.300385057926178","0.3043922036886215","0.29947391152381897","0.3093104958534241","0.11655726532141368","0.10327008366584778","0.1317635476589203"
"420","0.10101579129695892","0.0935126394033432","0.10589663684368134","0.09868983427683513","0.09180168062448502","0.10423323512077332","0.32261866331100464","0.32261866331100464","0.32261866331100464","0.29497218132019043","0.2949625253677368","0.29498183727264404","0.10054115702708562","0.09298557043075562","0.10523401200771332"
"421","0.10755976537863414","0.09546457231044769","0.12047284096479416","0.10431045790513356","0.0932677686214447","0.11584010720252991","0.3313526213169098","0.3313526213169098","0.3313526213169098","0.3035910874605179","0.29819148778915405","0.3089906871318817","0.10688734551270802","0.094582200050354","0.11971260607242584"
"422","0.10134398937225342","0.0971226841211319","0.10680748522281647","0.0984004537264506","0.09509022533893585","0.10279551148414612","0.2985684275627136","0.2985684275627136","0.2985684275627136","0.2931663244962692","0.2913651168346405","0.29496753215789795","0.10025872041781743","0.09611664712429047","0.1059737354516983"
"423","0.11306331058343251","0.09943902492523193","0.1257948875427246","0.11036149909098943","0.0962429940700531","0.1229829415678978","0.3198901414871216","0.3198901414871216","0.3198901414871216","0.3235112279653549","0.3146485984325409","0.33237385749816895","0.11267380168040593","0.0989343672990799","0.1252727210521698"
"424","0.11226757615804672","0.10856536030769348","0.11530730128288269","0.10810098548730214","0.10400635004043579","0.11230888962745667","0.30896711349487305","0.30896711349487305","0.30896711349487305","0.3131283074617386","0.30767822265625","0.3185783922672272","0.11128392815589905","0.10761215537786484","0.11420365422964096"
"425","0.10584468394517899","0.09694904088973999","0.11074794828891754","0.10282273838917415","0.09404601156711578","0.10819975286722183","0.2798677086830139","0.2798677086830139","0.2798677086830139","0.2991519421339035","0.2960515022277832","0.3022523820400238","0.10522382706403732","0.09613906592130661","0.1099797934293747"
"426","0.11692726115385692","0.10785235464572906","0.13189098238945007","0.11345265557368596","0.10578852891921997","0.12711882591247559","0.3218417763710022","0.3218417763710022","0.3218417763710022","0.30439257621765137","0.30134379863739014","0.3074413537979126","0.11628020058075587","0.1076885387301445","0.1309606283903122"
"427","0.11656518528858821","0.11293958127498627","0.12267602980136871","0.11367885271708171","0.10937614738941193","0.12016100436449051","0.321835994720459","0.321835994720459","0.321835994720459","0.32478223741054535","0.319485068321228","0.33007940649986267","0.11586771657069524","0.11204531043767929","0.12207840383052826"
"428","0.1119342769185702","0.10597823560237885","0.11654141545295715","0.10946888228257497","0.10465347021818161","0.11434868723154068","0.29464536905288696","0.29464536905288696","0.29464536905288696","0.30764126777648926","0.3045346736907959","0.3107478618621826","0.11184192945559819","0.10638990253210068","0.11633598804473877"
"429","0.11348712941010793","0.11079907417297363","0.11816038191318512","0.1100191945830981","0.10684914886951447","0.11594536900520325","0.2987903356552124","0.2987903356552124","0.2987903356552124","0.31069254875183105","0.30982375144958496","0.31156134605407715","0.11262098451455434","0.10867121815681458","0.1180366724729538"
"430","0.10447577387094498","0.09310472756624222","0.1151399165391922","0.10139274845520656","0.0914260521531105","0.11080015450716019","0.30310654640197754","0.30310654640197754","0.30310654640197754","0.2925921827554703","0.27992451190948486","0.3052598536014557","0.10401688267787297","0.0931505337357521","0.11437538266181946"
"431","0.10883285601933797","0.09667883813381195","0.11730148643255234","0.10636725276708603","0.09525830298662186","0.1150999665260315","0.30256834626197815","0.30256834626197815","0.30256834626197815","0.3011350780725479","0.2806051969528198","0.321664959192276","0.1085926964879036","0.09707636386156082","0.11681989580392838"
"432","0.10559886445601781","0.10412847250699997","0.10684363543987274","0.10229446490605672","0.10075493156909943","0.10497651994228363","0.3047124743461609","0.3047124743461609","0.3047124743461609","0.31333979964256287","0.3114171624183655","0.31526243686676025","0.10469681521256764","0.10267606377601624","0.10613320767879486"
"433","0.11336462448040645","0.10816385596990585","0.12001392245292664","0.10962137083212535","0.10575859248638153","0.11483027040958405","0.28270089626312256","0.28270089626312256","0.28270089626312256","0.295677974820137","0.29505354166030884","0.2963024079799652","0.11257994920015335","0.10824104398488998","0.11898237466812134"
"434","0.11599270502726237","0.10295503586530685","0.13124817609786987","0.11322793116172154","0.1003352478146553","0.1278560757637024","0.3015257716178894","0.3015257716178894","0.3015257716178894","0.32501688599586487","0.31760019063949585","0.3324335813522339","0.11534153670072556","0.1024043932557106","0.12986214458942413"
"435","0.10676421970129013","0.09415104240179062","0.1157328188419342","0.10447479784488678","0.09202438592910767","0.11241644620895386","0.3218226432800293","0.3218226432800293","0.3218226432800293","0.29325444996356964","0.2827303111553192","0.30377858877182007","0.10621550182501475","0.09306661784648895","0.1156473159790039"
"436","0.1081010103225708","0.10575413703918457","0.1118694394826889","0.10496532668670018","0.1025276705622673","0.10863877832889557","0.2841683030128479","0.2841683030128479","0.2841683030128479","0.3006737679243088","0.2967020571231842","0.30464547872543335","0.1076190173625946","0.10483145713806152","0.11133400350809097"
"437","0.10825634996096294","0.10219589620828629","0.1162787452340126","0.10531345009803772","0.09871290624141693","0.11267382651567459","0.2792784571647644","0.2792784571647644","0.2792784571647644","0.29388269782066345","0.28732460737228394","0.30044078826904297","0.10783280928929646","0.101727694272995","0.11544869840145111"
"438","0.11327730864286423","0.10787960141897202","0.11632870137691498","0.11094670991102855","0.10674913227558136","0.11435601115226746","0.3164691925048828","0.3164691925048828","0.3164691925048828","0.3128083199262619","0.30536070466041565","0.32025593519210815","0.11364648739496867","0.10833491384983063","0.11652450263500214"
"439","0.1091673622528712","0.10836528241634369","0.1106148436665535","0.10625757277011871","0.10402614623308182","0.10869095474481583","0.31449952721595764","0.31449952721595764","0.31449952721595764","0.3002876341342926","0.298431932926178","0.3021433353424072","0.10831737518310547","0.10683949291706085","0.10996447503566742"
"440","0.1154684176047643","0.11039410531520844","0.11871834844350815","0.11210252344608307","0.10644152760505676","0.11644169688224792","0.2857850193977356","0.2857850193977356","0.2857850193977356","0.3161846697330475","0.3088115155696869","0.3235578238964081","0.1146360735098521","0.1088184118270874","0.11837199330329895"
"441","0.10197449227174123","0.0968252494931221","0.11046232283115387","0.0993862251440684","0.09417536109685898","0.10717500746250153","0.3034436106681824","0.3034436106681824","0.3034436106681824","0.2949051856994629","0.2830936312675476","0.3067167401313782","0.10119890669981639","0.09572069346904755","0.10976503044366837"
"443","0.1051192507147789","0.09830838441848755","0.11496967077255249","0.10281401375929515","0.09719682484865189","0.11125683039426804","0.30523669719696045","0.30523669719696045","0.30523669719696045","0.29358647763729095","0.276617169380188","0.3105557858943939","0.1046696628133456","0.09818534553050995","0.11436238884925842"
"444","0.10794695715109508","0.10136574506759644","0.11526694893836975","0.10526612649361293","0.09738136827945709","0.11272343248128891","0.2905810475349426","0.2905810475349426","0.2905810475349426","0.2870789170265198","0.2813325524330139","0.29282528162002563","0.1072385956843694","0.10047025233507156","0.1146324947476387"
"445","0.11079561710357666","0.09960483014583588","0.12218296527862549","0.1081892599662145","0.09855231642723083","0.11813965439796448","0.3220614492893219","0.3220614492893219","0.3220614492893219","0.296882763504982","0.28723853826522827","0.3065269887447357","0.11016619205474854","0.09916801750659943","0.12094669044017792"
"446","0.10080953935782115","0.09468172490596771","0.10707062482833862","0.0985385999083519","0.09265057742595673","0.10312768816947937","0.31924790143966675","0.31924790143966675","0.31924790143966675","0.294691801071167","0.29239514470100403","0.29698845744132996","0.10059505204359691","0.09451686590909958","0.10559011995792389"
"447","0.10975588361422221","0.10307188332080841","0.11490829288959503","0.10666446636120479","0.10007991641759872","0.11081553995609283","0.3059651851654053","0.3059651851654053","0.3059651851654053","0.2988649159669876","0.2976638972759247","0.30006593465805054","0.10909667114416759","0.10190550982952118","0.11439697444438934"
"448","0.10603696356217067","0.10430744290351868","0.10748997330665588","0.1037520095705986","0.10090326517820358","0.10588198155164719","0.3013255000114441","0.3013255000114441","0.3013255000114441","0.3110365569591522","0.3052516579627991","0.31682145595550537","0.10552972555160522","0.10403656959533691","0.1072278618812561"
"449","0.10624744494756062","0.10182878375053406","0.11475822329521179","0.1028995265563329","0.09813344478607178","0.11016090214252472","0.28506261110305786","0.28506261110305786","0.28506261110305786","0.298722580075264","0.2910797595977783","0.30636540055274963","0.10514827320973079","0.10136137902736664","0.11211180686950684"
"450","0.11897382885217667","0.11487414687871933","0.12330348789691925","0.1153819461663564","0.11275209486484528","0.11750967055559158","0.27722153067588806","0.27722153067588806","0.27722153067588806","0.31072084605693817","0.3063616454601288","0.31508004665374756","0.11851305266221364","0.11532413214445114","0.12296005338430405"
"451","0.11101133128007253","0.10596063733100891","0.12046483159065247","0.10781705627838771","0.10146962851285934","0.11754897236824036","0.3123409152030945","0.3123409152030945","0.3123409152030945","0.3120591640472412","0.2918536067008972","0.3322647213935852","0.11007638275623322","0.10517534613609314","0.11889827996492386"
"452","0.11988420287768047","0.10126340389251709","0.13550876080989838","0.11635432889064153","0.0979338139295578","0.1313282698392868","0.3069639801979065","0.3069639801979065","0.3069639801979065","0.3242204487323761","0.31584423780441284","0.33259665966033936","0.11856495589017868","0.10073605179786682","0.13336554169654846"
"453","0.1104321430126826","0.10649345070123672","0.11522867530584335","0.10766613235076268","0.1043744832277298","0.1107465848326683","0.3079204261302948","0.3079204261302948","0.3079204261302948","0.2912983000278473","0.289451003074646","0.2931455969810486","0.1104692816734314","0.10654464364051819","0.11520185321569443"
"454","0.10419156402349472","0.09003393352031708","0.11676152050495148","0.10192669679721196","0.08853306621313095","0.11373773217201233","0.30750560760498047","0.30750560760498047","0.30750560760498047","0.2814463973045349","0.2609964907169342","0.3018963038921356","0.10401668151219685","0.0901707336306572","0.11663638800382614"
"455","0.10663023591041565","0.09919974207878113","0.1117408275604248","0.10314895212650299","0.09544018656015396","0.10806769877672195","0.30954182147979736","0.30954182147979736","0.30954182147979736","0.3057038187980652","0.30000314116477966","0.3114044964313507","0.10611321280399959","0.09887029230594635","0.11119171231985092"
"456","0.10628203054269154","0.10211589932441711","0.11226509511470795","0.10380091021458308","0.09889782220125198","0.11037199199199677","0.29805120825767517","0.29805120825767517","0.29805120825767517","0.2887173146009445","0.2775743901729584","0.29986023902893066","0.10593337068955104","0.10174307972192764","0.11250164359807968"
"457","0.10499416788419087","0.09323933720588684","0.11741271615028381","0.10247078289588292","0.0908086821436882","0.11508359014987946","0.3060920238494873","0.3060920238494873","0.3060920238494873","0.29002632200717926","0.2816220223903656","0.2984306216239929","0.10456648220618565","0.09276196360588074","0.11667995154857635"
"458","0.11267118652661641","0.10405179858207703","0.12070676684379578","0.11037598053614299","0.10077452659606934","0.11901548504829407","0.29878708720207214","0.29878708720207214","0.29878708720207214","0.3070794641971588","0.3042895197868347","0.3098694086074829","0.11242834230264027","0.1039394959807396","0.12076062709093094"
"459","0.11194458355506261","0.10484220832586288","0.11871886998414993","0.10881684720516205","0.10257326811552048","0.11497119814157486","0.27358365058898926","0.27358365058898926","0.27358365058898926","0.29337628185749054","0.2885526120662689","0.29819995164871216","0.11101676523685455","0.10357148200273514","0.11812993139028549"
"460","0.11239479233821233","0.11044366657733917","0.11348661035299301","0.10942594210306804","0.10604411363601685","0.11273439228534698","0.3202984929084778","0.3202984929084778","0.3202984929084778","0.30362357199192047","0.29840293526649475","0.3088442087173462","0.11147040377060573","0.10901029407978058","0.11317295581102371"
"461","0.110683873295784","0.09667611122131348","0.12302741408348083","0.10824489841858546","0.09431412816047668","0.1200539693236351","0.2864281237125397","0.2864281237125397","0.2864281237125397","0.2855141907930374","0.27992478013038635","0.2911036014556885","0.109896386663119","0.09522679448127747","0.12257316708564758"
"462","0.11279488106568654","0.10434124618768692","0.12086744606494904","0.11012220879395802","0.10059255361557007","0.1182616800069809","0.30023646354675293","0.30023646354675293","0.30023646354675293","0.31198328733444214","0.2983907163143158","0.3255758583545685","0.11219222843647003","0.104103222489357","0.1205328106880188"
"463","0.10352348039547603","0.09473560750484467","0.11324533075094223","0.10106890151898067","0.09353020042181015","0.1099790707230568","0.2858670651912689","0.2858670651912689","0.2858670651912689","0.2818458080291748","0.2797074317932129","0.2839841842651367","0.10300005972385406","0.09415221959352493","0.11291012912988663"
"464","0.10848907132943471","0.10413402318954468","0.1118273138999939","0.10613879561424255","0.10131314396858215","0.11066924780607224","0.2974591553211212","0.2974591553211212","0.2974591553211212","0.29048630595207214","0.2864973545074463","0.294475257396698","0.10783910751342773","0.10427132248878479","0.11149194836616516"
"465","0.1088932678103447","0.09771457314491272","0.1181759163737297","0.10636004557212193","0.09514503180980682","0.11597892642021179","0.3119410276412964","0.3119410276412964","0.3119410276412964","0.300211638212204","0.2944580316543579","0.30596524477005005","0.10832631587982178","0.09735984355211258","0.1181701198220253"
"466","0.0990923394759496","0.09682247042655945","0.10330410301685333","0.09604095170895259","0.0943896621465683","0.09867130219936371","0.29257720708847046","0.29257720708847046","0.29257720708847046","0.2817791849374771","0.2811252772808075","0.28243309259414673","0.09838253011306126","0.09550104290246964","0.10288289934396744"
"467","0.1039394165078799","0.09759140014648438","0.1083979532122612","0.10052667061487834","0.09345347434282303","0.1055699959397316","0.287445068359375","0.287445068359375","0.287445068359375","0.2886449247598648","0.28488820791244507","0.29240164160728455","0.10344607134660085","0.09756682813167572","0.10764434933662415"
"468","0.11334788302580516","0.11031503975391388","0.1169796884059906","0.11044030388196309","0.106377512216568","0.11471612751483917","0.29935741424560547","0.29935741424560547","0.29935741424560547","0.3133809119462967","0.313140332698822","0.31362149119377136","0.11263999094565709","0.1096278503537178","0.11595015227794647"
"469","0.09912501523892085","0.09285217523574829","0.10456250607967377","0.09653955946365993","0.09086696803569794","0.1037556529045105","0.3091028332710266","0.3091028332710266","0.3091028332710266","0.2867211848497391","0.26816216111183167","0.3052802085876465","0.0987681249777476","0.09234815835952759","0.10422830283641815"
"470","0.10591533780097961","0.10545755922794342","0.10622349381446838","0.10261277854442596","0.10085437446832657","0.10453835129737854","0.2750811278820038","0.2750811278820038","0.2750811278820038","0.293240487575531","0.29282698035240173","0.2936539947986603","0.10534827411174774","0.10464281588792801","0.10611221939325333"
"471","0.11277833332618077","0.10528263449668884","0.12241391837596893","0.10977509121100108","0.10184067487716675","0.11892774701118469","0.2986418306827545","0.2986418306827545","0.2986418306827545","0.2998916059732437","0.2866542339324951","0.3131289780139923","0.11233051369587581","0.10513515025377274","0.12150111794471741"
"472","0.09895973900953929","0.09636884927749634","0.1021871268749237","0.09605792164802551","0.09236028790473938","0.09932421147823334","0.33748894929885864","0.33748894929885864","0.33748894929885864","0.29668422043323517","0.2870253920555115","0.30634304881095886","0.09816446900367737","0.0954730212688446","0.10132957249879837"
"473","0.10942097008228302","0.0987868383526802","0.11656306684017181","0.1068401758869489","0.09659796953201294","0.11254198849201202","0.299119770526886","0.299119770526886","0.299119770526886","0.29654623568058014","0.2791967988014221","0.31389567255973816","0.10945317149162292","0.09945033490657806","0.11555010080337524"
"474","0.09453275303045909","0.09297019988298416","0.09765080362558365","0.09153642008701961","0.08947320282459259","0.09389159828424454","0.3132915496826172","0.3132915496826172","0.3132915496826172","0.2812071889638901","0.27660661935806274","0.2858077585697174","0.09405975292126338","0.09207174181938171","0.09732167422771454"
"475","0.10323559989531834","0.0959683358669281","0.10914640128612518","0.10043766597906749","0.09250306338071823","0.10645531117916107","0.2985771596431732","0.2985771596431732","0.2985771596431732","0.2993198484182358","0.2919902205467224","0.30664947628974915","0.1024543767174085","0.09524165838956833","0.10859961807727814"
"476","0.101433460911115","0.08757594227790833","0.11376301944255829","0.09818028658628464","0.08452405035495758","0.11115814745426178","0.303046852350235","0.303046852350235","0.303046852350235","0.2900863587856293","0.2677066922187805","0.312466025352478","0.10091274976730347","0.08714915812015533","0.11349934339523315"
"477","0.11003518601258595","0.10618464648723602","0.1121617928147316","0.10715748618046443","0.10387592017650604","0.10987330228090286","0.303631991147995","0.303631991147995","0.303631991147995","0.3074433207511902","0.30540865659713745","0.3094779849052429","0.1095891793568929","0.10627149045467377","0.11158570647239685"
"478","0.09937623888254166","0.08985818922519684","0.10428556054830551","0.09606025864680608","0.08607237786054611","0.10125219821929932","0.2912680506706238","0.2912680506706238","0.2912680506706238","0.29410962760448456","0.29155686497688293","0.2966623902320862","0.09922335545221965","0.0899154394865036","0.10395671427249908"
"479","0.11101363102595012","0.09988394379615784","0.1222340315580368","0.10851177821556728","0.09865826368331909","0.11919338256120682","0.2741102874279022","0.2741102874279022","0.2741102874279022","0.30767373740673065","0.29460155963897705","0.32074591517448425","0.1103402425845464","0.09957809001207352","0.1215251088142395"
"480","0.10277489324410756","0.09564453363418579","0.10899527370929718","0.09977393349011739","0.09401846677064896","0.1049148291349411","0.2897198796272278","0.2897198796272278","0.2897198796272278","0.28488941490650177","0.28246623277664185","0.2873125970363617","0.10188078631957372","0.09550605714321136","0.10703524947166443"
"481","0.10970114419857661","0.09785915911197662","0.12193631380796432","0.10674365609884262","0.09356807172298431","0.1188916340470314","0.27637606859207153","0.27637606859207153","0.27637606859207153","0.308187872171402","0.29717570543289185","0.3192000389099121","0.10901852697134018","0.09696312248706818","0.1208145022392273"
"482","0.10458792746067047","0.10135520994663239","0.10778693854808807","0.10210464894771576","0.10035206377506256","0.10442377626895905","0.27536049485206604","0.27536049485206604","0.27536049485206604","0.29250070452690125","0.28219330310821533","0.30280810594558716","0.10416182378927867","0.10221493244171143","0.10685586929321289"
"483","0.1102200523018837","0.10328318923711777","0.12019509077072144","0.10658390323321025","0.10000210255384445","0.1173941120505333","0.2953084111213684","0.2953084111213684","0.2953084111213684","0.30283690989017487","0.29239997267723083","0.3132738471031189","0.10958098371823628","0.10229741781949997","0.11974094063043594"
"484","0.11186713476975758","0.10699820518493652","0.11506479978561401","0.11029596875111262","0.10509811341762543","0.11464003473520279","0.3028571605682373","0.3028571605682373","0.3028571605682373","0.30916061997413635","0.3031330704689026","0.3151881694793701","0.11109279841184616","0.1067439466714859","0.1144067570567131"
"485","0.10159169634183247","0.09712126106023788","0.10522572696208954","0.09843094398578008","0.09384813159704208","0.10080140829086304","0.27268391847610474","0.27268391847610474","0.27268391847610474","0.28982222080230713","0.2816084921360016","0.29803594946861267","0.10073453933000565","0.09581045061349869","0.10476240515708923"
"486","0.11130159844954808","0.09453219920396805","0.1286565661430359","0.1073513925075531","0.09205519407987595","0.12288898229598999","0.3066156804561615","0.3066156804561615","0.3066156804561615","0.29658079147338867","0.28850436210632324","0.3046572208404541","0.11026357114315033","0.09374670684337616","0.12809324264526367"
"487","0.10141659031311671","0.09881995618343353","0.10306797921657562","0.09889662265777588","0.09778201580047607","0.10089269280433655","0.30305469036102295","0.30305469036102295","0.30305469036102295","0.288543701171875","0.2857709527015686","0.2913164496421814","0.10080485294262569","0.09862395375967026","0.10225814580917358"
"488","0.10716562221447627","0.10385437309741974","0.11017080396413803","0.1044481098651886","0.09963726252317429","0.10778152197599411","0.3091024160385132","0.3091024160385132","0.3091024160385132","0.3028387278318405","0.2995147109031677","0.3061627447605133","0.10683831572532654","0.10326216369867325","0.10933380573987961"
"489","0.09707249204317729","0.09203696995973587","0.1032630205154419","0.09406449149052303","0.08880814164876938","0.09935543686151505","0.31032150983810425","0.31032150983810425","0.31032150983810425","0.282234326004982","0.27692440152168274","0.28754425048828125","0.0962130402525266","0.09068313241004944","0.10256805270910263"
"490","0.091044748822848","0.08627238124608994","0.09763982892036438","0.0886758342385292","0.08356673270463943","0.09423967450857162","0.30474111437797546","0.30474111437797546","0.30474111437797546","0.2728940397500992","0.27023667097091675","0.2755514085292816","0.09077067424853642","0.08590158820152283","0.09700082242488861"
"491","0.10412471493085225","0.0984690934419632","0.1119641363620758","0.10126447677612305","0.09617219865322113","0.10819557309150696","0.3018040657043457","0.3018040657043457","0.3018040657043457","0.283793106675148","0.28322678804397583","0.2843594253063202","0.10343535989522934","0.09849140793085098","0.11144034564495087"
"492","0.10616314162810643","0.10171010345220566","0.1133800595998764","0.10428666075070699","0.09828008711338043","0.11293637752532959","0.31836843490600586","0.31836843490600586","0.31836843490600586","0.30283859372138977","0.2969064712524414","0.30877071619033813","0.1056296502550443","0.10140949487686157","0.11287352442741394"
"493","0.09653093169132869","0.09034322947263718","0.10591994225978851","0.09458141028881073","0.08965614438056946","0.10252010822296143","0.27897799015045166","0.27897799015045166","0.27897799015045166","0.2680477797985077","0.2642863988876343","0.2718091607093811","0.09612532953421275","0.09008380025625229","0.10607902705669403"
"494","0.10789179056882858","0.0961785838007927","0.122921422123909","0.10551916559537251","0.09394142031669617","0.11971415579319","0.2935018539428711","0.2935018539428711","0.2935018539428711","0.2862592041492462","0.28055596351623535","0.2919624447822571","0.10796286165714264","0.09629463404417038","0.12322887033224106"
"495","0.10463635871807735","0.09359435737133026","0.11485417932271957","0.10248870402574539","0.09219150245189667","0.11112900078296661","0.2884923815727234","0.2884923815727234","0.2884923815727234","0.2895606458187103","0.2796742618083954","0.29944702982902527","0.10398923108975093","0.09301789104938507","0.11365945637226105"
"496","0.10861434290806453","0.10339097678661346","0.11607212573289871","0.10525583227475484","0.09890556335449219","0.11359885334968567","0.28013357520103455","0.28013357520103455","0.28013357520103455","0.30693577229976654","0.2955326437950134","0.31833890080451965","0.10822245230277379","0.10335873067378998","0.11554750800132751"
"497","0.09466870129108429","0.08840329945087433","0.1041133925318718","0.09211887419223785","0.08669494837522507","0.09986919164657593","0.27805295586586","0.27805295586586","0.27805295586586","0.2768935412168503","0.2754325866699219","0.2783544957637787","0.09403558572133382","0.08726949989795685","0.10390401631593704"
"498","0.10094866901636124","0.09029719233512878","0.11553752422332764","0.09920027107000351","0.08946039527654648","0.1140553206205368","0.2603846788406372","0.2603846788406372","0.2603846788406372","0.2850075513124466","0.2712464928627014","0.2987686097621918","0.10115518420934677","0.0912957713007927","0.11578352749347687"
"499","0.0968834434946378","0.09061595052480698","0.10540328919887543","0.094856691857179","0.08793433755636215","0.10305405408143997","0.2975727617740631","0.2975727617740631","0.2975727617740631","0.28727395832538605","0.27962231636047363","0.29492560029029846","0.09625639766454697","0.08992136269807816","0.10454009473323822"
"500","0.09476569046576817","0.08638544380664825","0.10085694491863251","0.09250221649805705","0.08348003029823303","0.09760993719100952","0.3045978844165802","0.3045978844165802","0.3045978844165802","0.3008324205875397","0.2997012138366699","0.3019636273384094","0.09417253235975902","0.08618403971195221","0.0998377650976181"
"501","0.10976814726988475","0.10549141466617584","0.11592414230108261","0.10735917339722316","0.10364751517772675","0.11408775299787521","0.2899448275566101","0.2899448275566101","0.2899448275566101","0.29178762435913086","0.28036779165267944","0.3032074570655823","0.1093101054430008","0.10488134622573853","0.11566844582557678"
"502","0.10803248484929402","0.10219186544418335","0.11453863978385925","0.10549231866995494","0.1011819988489151","0.11013509333133698","0.2840542197227478","0.2840542197227478","0.2840542197227478","0.29976755380630493","0.2952234745025635","0.3043116331100464","0.10718169808387756","0.10144992172718048","0.11358552426099777"
"503","0.09873417764902115","0.09676658362150192","0.10243016481399536","0.09700840959946315","0.09363078325986862","0.1008082777261734","0.27185165882110596","0.27185165882110596","0.27185165882110596","0.2926858365535736","0.27920210361480713","0.3061695694923401","0.09885258972644806","0.09701419621706009","0.10186579078435898"
"504","0.1054547131061554","0.09029080718755722","0.1298198699951172","0.10241097956895828","0.08932390809059143","0.1248108372092247","0.28315144777297974","0.28315144777297974","0.28315144777297974","0.30151963233947754","0.26882243156433105","0.334216833114624","0.10473062594731648","0.08992175757884979","0.12812405824661255"
"505","0.09996703018744786","0.0968196764588356","0.1061021238565445","0.09729522218306859","0.09312799572944641","0.10349389165639877","0.2825356423854828","0.2825356423854828","0.2825356423854828","0.2950437664985657","0.2904551029205322","0.2996324300765991","0.09924156715472539","0.09613611549139023","0.10523617267608643"
"506","0.10479990144570668","0.09623774141073227","0.11069709062576294","0.10257431616385777","0.09293964505195618","0.1097404733300209","0.27146878838539124","0.27146878838539124","0.27146878838539124","0.29765379428863525","0.2870108187198639","0.3082967698574066","0.10437908520301183","0.09575369954109192","0.11046723276376724"
"507","0.10561037560304005","0.0926051139831543","0.12214145064353943","0.10384139915307362","0.09323422610759735","0.11817611753940582","0.30899694561958313","0.30899694561958313","0.30899694561958313","0.2819750905036926","0.2792612910270691","0.28468888998031616","0.10502634445826213","0.09284873306751251","0.12098032236099243"
"508","0.10593477139870326","0.09762829542160034","0.11911221593618393","0.10365652292966843","0.09588205814361572","0.1178077757358551","0.289956271648407","0.289956271648407","0.289956271648407","0.30269190669059753","0.2862461507320404","0.31913766264915466","0.10573593775431316","0.09758272767066956","0.119193896651268"
"509","0.11107252289851506","0.10659723728895187","0.118490070104599","0.10885446270306905","0.10500296205282211","0.11472928524017334","0.2974904775619507","0.2974904775619507","0.2974904775619507","0.2906917929649353","0.2826349139213562","0.2987486720085144","0.11034172276655833","0.10631559789180756","0.11828386783599854"
"510","0.10319650669892629","0.10158888250589371","0.10625088959932327","0.10072095692157745","0.09858942031860352","0.10370545089244843","0.3158921003341675","0.3158921003341675","0.3158921003341675","0.2873948812484741","0.287089079618454","0.28770068287849426","0.10306596507628758","0.10161203891038895","0.10579901933670044"
"511","0.09795931229988734","0.08938416838645935","0.10245621204376221","0.09540272255738576","0.08690766990184784","0.1000397652387619","0.2856101989746094","0.2856101989746094","0.2856101989746094","0.27874040603637695","0.27203691005706787","0.28544390201568604","0.0973613088329633","0.08827479183673859","0.1020437628030777"
"512","0.10939339299996693","0.10200425982475281","0.11858629435300827","0.10692056516806285","0.10050533711910248","0.11519826948642731","0.31579476594924927","0.31579476594924927","0.31579476594924927","0.301357164978981","0.2986980080604553","0.3040163218975067","0.10881723711887996","0.10163138806819916","0.11741364002227783"
"513","0.09769786894321442","0.0899559035897255","0.10222646594047546","0.0952824056148529","0.08828824758529663","0.09953951835632324","0.2893622815608978","0.2893622815608978","0.2893622815608978","0.27644769847393036","0.2697915732860565","0.2831038236618042","0.09713204701741536","0.08967122435569763","0.10154784470796585"
"514","0.09744785477717717","0.09188143908977509","0.10023926943540573","0.09493877242008845","0.08998985588550568","0.09833016246557236","0.2874835133552551","0.2874835133552551","0.2874835133552551","0.2722223550081253","0.27014532685279846","0.27429938316345215","0.0967898741364479","0.09140181541442871","0.0996314063668251"
"515","0.08725338925917943","0.08089729398488998","0.09074005484580994","0.08522719144821167","0.07928084582090378","0.08925744146108627","0.28447359800338745","0.28447359800338745","0.28447359800338745","0.25725197046995163","0.2459515482187271","0.26855239272117615","0.08702910443147023","0.08048270642757416","0.09083832800388336"
"516","0.09923489391803741","0.08478619903326035","0.10980522632598877","0.09683412810166676","0.08494293689727783","0.10610037297010422","0.2788424789905548","0.2788424789905548","0.2788424789905548","0.2682168334722519","0.25098636746406555","0.28544729948043823","0.09860687454541524","0.0845390111207962","0.10938052833080292"
"517","0.11533487836519878","0.1095292866230011","0.12276339530944824","0.11194718380769093","0.10814320296049118","0.11757761985063553","0.3188364505767822","0.3188364505767822","0.3188364505767822","0.30225250124931335","0.2936517000198364","0.3108533024787903","0.11437679330507915","0.10959355533123016","0.12052898108959198"
"518","0.10864462455113728","0.10781313478946686","0.10963083803653717","0.10540090004603068","0.10276452451944351","0.10762466490268707","0.24110795557498932","0.24110795557498932","0.24110795557498932","0.28662677109241486","0.2724314033985138","0.3008221387863159","0.10812804102897644","0.10711780190467834","0.10979900509119034"
"519","0.10066262632608414","0.09288391470909119","0.11150531470775604","0.09786761303742726","0.09037700295448303","0.10743937641382217","0.295334130525589","0.295334130525589","0.295334130525589","0.27620165050029755","0.2670597732067108","0.2853435277938843","0.1001804048816363","0.09255749732255936","0.11079627275466919"
"520","0.10415059079726537","0.10185281187295914","0.1080554723739624","0.10192586481571198","0.09979937225580215","0.10585423558950424","0.2721978724002838","0.2721978724002838","0.2721978724002838","0.2791409343481064","0.2772887945175171","0.2809930741786957","0.103934812049071","0.10157462954521179","0.10824167728424072"
"521","0.11007031301657359","0.09798315912485123","0.12220361828804016","0.10812616844971974","0.09642517566680908","0.12148772180080414","0.2682422697544098","0.2682422697544098","0.2682422697544098","0.29454055428504944","0.27464935183525085","0.314431756734848","0.1097179005543391","0.09829337149858475","0.12109995633363724"
"522","0.10689716786146164","0.09183266758918762","0.12630866467952728","0.10398465146621068","0.08931282162666321","0.12275129556655884","0.28054118156433105","0.28054118156433105","0.28054118156433105","0.2759096175432205","0.2716617286205292","0.28015750646591187","0.10627942780653636","0.09125120937824249","0.12552416324615479"
"523","0.1013078863422076","0.09738517552614212","0.10702376812696457","0.09882128735383351","0.0951041728258133","0.10320617258548737","0.30091017484664917","0.30091017484664917","0.30091017484664917","0.28627578914165497","0.28572893142700195","0.286822646856308","0.10063034296035767","0.09711358696222305","0.10546983033418655"
"524","0.09810517728328705","0.09637707471847534","0.09910484403371811","0.0961251085003217","0.09505315870046616","0.09796073287725449","0.29212358593940735","0.29212358593940735","0.29212358593940735","0.2844688445329666","0.28443512320518494","0.2845025658607483","0.09795251488685608","0.09634523838758469","0.0989677906036377"
"525","0.10210352391004562","0.09699499607086182","0.10807780176401138","0.09978034098943074","0.09562744945287704","0.10462960600852966","0.29674047231674194","0.29674047231674194","0.29674047231674194","0.2803608924150467","0.2797180414199829","0.2810037434101105","0.1014874999721845","0.09649772942066193","0.10697807371616364"
"526","0.10251798729101817","0.0967540591955185","0.10959653556346893","0.09998361517985661","0.09283962100744247","0.1074782982468605","0.2780226767063141","0.2780226767063141","0.2780226767063141","0.2919641584157944","0.270408570766449","0.31351974606513977","0.10217376550038655","0.09617123007774353","0.10967594385147095"
"527","0.10269875824451447","0.09842079877853394","0.10695141553878784","0.10039101541042328","0.09663615375757217","0.1033184677362442","0.29051172733306885","0.29051172733306885","0.29051172733306885","0.28761088848114014","0.278009831905365","0.2972119450569153","0.10264342278242111","0.09853239357471466","0.10658181458711624"
"528","0.10916212449471156","0.10362635552883148","0.11457381397485733","0.10693899045387904","0.10175181925296783","0.11327840387821198","0.28379008173942566","0.28379008173942566","0.28379008173942566","0.2881518602371216","0.2841349244117737","0.2921687960624695","0.1086174671848615","0.10280492156744003","0.11418303847312927"
"529","0.09557396918535233","0.08807401359081268","0.10404051840305328","0.09292784581581752","0.08671312034130096","0.10047904402017593","0.2905190885066986","0.2905190885066986","0.2905190885066986","0.27536921203136444","0.2714736759662628","0.27926474809646606","0.09544329593578975","0.0881635844707489","0.10389602184295654"
"530","0.10398018856843312","0.10141303390264511","0.10689173638820648","0.10175248732169469","0.0999593585729599","0.10439956188201904","0.2697667181491852","0.2697667181491852","0.2697667181491852","0.28878992795944214","0.28738725185394287","0.2901926040649414","0.10375228524208069","0.10156747698783875","0.10619568824768066"
"531","0.1006407340367635","0.09582165628671646","0.1040654182434082","0.09787264962991078","0.09218645095825195","0.10196603089570999","0.31258925795555115","0.31258925795555115","0.31258925795555115","0.2843789756298065","0.2820751667022705","0.28668278455734253","0.10010864337285359","0.09529387950897217","0.10411101579666138"
"532","0.104124054312706","0.09684107452630997","0.10848475992679596","0.10115212202072144","0.0954986959695816","0.10551606118679047","0.3016875684261322","0.3016875684261322","0.3016875684261322","0.2915840297937393","0.2912565767765045","0.2919114828109741","0.10369555155436198","0.09689651429653168","0.10765831172466278"
"533","0.10334732383489609","0.09807224571704865","0.11342090368270874","0.10164981583754222","0.09581683576107025","0.11189132928848267","0.2923423945903778","0.2923423945903778","0.2923423945903778","0.2977856397628784","0.2863292694091797","0.30924201011657715","0.10358090202013652","0.09778746217489243","0.1144380122423172"
"534","0.10422277202208836","0.09617400169372559","0.11771711707115173","0.10160709917545319","0.09404294937849045","0.11567655950784683","0.2810518443584442","0.2810518443584442","0.2810518443584442","0.2833617180585861","0.2764352560043335","0.29028818011283875","0.10403541227181752","0.0963054746389389","0.11715780198574066"
"536","0.10073153177897136","0.09420645236968994","0.10590106248855591","0.09907410542170207","0.09238241612911224","0.10474080592393875","0.30464616417884827","0.30464616417884827","0.30464616417884827","0.27862879633903503","0.26647841930389404","0.290779173374176","0.10071938981612523","0.09441493451595306","0.1056792289018631"
"537","0.11051379392544429","0.10275706648826599","0.1224834993481636","0.10782748460769653","0.10101291537284851","0.11843909323215485","0.2898881435394287","0.2898881435394287","0.2898881435394287","0.28970660269260406","0.2837408185005188","0.29567238688468933","0.10952432950337727","0.10191980004310608","0.12158085405826569"
"538","0.09871357431014378","0.08815997838973999","0.11188594251871109","0.09614616135756175","0.08501841127872467","0.10887819528579712","0.25803232192993164","0.25803232192993164","0.25803232192993164","0.2803347259759903","0.2712832987308502","0.28938615322113037","0.09835368643204372","0.08791571110486984","0.1105118989944458"
"539","0.10753598312536876","0.1021827757358551","0.11460146307945251","0.10568313548962276","0.09981830418109894","0.1130695790052414","0.29816934466362","0.29816934466362","0.29816934466362","0.30204635858535767","0.2922881245613098","0.3118045926094055","0.10704933851957321","0.10170824825763702","0.11404900997877121"
"540","0.10997605323791504","0.09699185192584991","0.1228804886341095","0.10717167208592097","0.09378412365913391","0.1209276020526886","0.2918022871017456","0.2918022871017456","0.2918022871017456","0.301184743642807","0.29107993841171265","0.31128954887390137","0.1094670221209526","0.09661796689033508","0.12281513959169388"
"541","0.10781383762756984","0.09610459953546524","0.11382444202899933","0.1047445038954417","0.09380649030208588","0.11132731288671494","0.2747441530227661","0.2747441530227661","0.2747441530227661","0.29563285410404205","0.28465500473976135","0.30661070346832275","0.10670112818479538","0.0943928062915802","0.11295774579048157"
"542","0.1024839108188947","0.09480342268943787","0.11232207715511322","0.10065402587254842","0.09327161312103271","0.11108408868312836","0.2712442874908447","0.2712442874908447","0.2712442874908447","0.2878490686416626","0.28325361013412476","0.29244452714920044","0.10174078494310379","0.09418492019176483","0.11104687303304672"
"543","0.10899392267068227","0.10020279139280319","0.11929710954427719","0.10714445263147354","0.09881778061389923","0.11559467762708664","0.2341170608997345","0.2341170608997345","0.2341170608997345","0.28276582062244415","0.26445287466049194","0.30107876658439636","0.10891301681598027","0.10013759136199951","0.11893244832754135"
"544","0.1049216091632843","0.0936540961265564","0.12207116186618805","0.1024324893951416","0.09261717647314072","0.11896643042564392","0.2566637396812439","0.2566637396812439","0.2566637396812439","0.29335789382457733","0.28405138850212097","0.3026643991470337","0.10469648987054825","0.09384544938802719","0.12162329256534576"
"545","0.10311087469259898","0.09615380316972733","0.10966572910547256","0.10074612746636073","0.09483686834573746","0.10788648575544357","0.3110061287879944","0.3110061287879944","0.3110061287879944","0.28390777111053467","0.28132081031799316","0.28649473190307617","0.10239522159099579","0.09506910294294357","0.10903024673461914"
"546","0.09940020740032196","0.09762637317180634","0.10106457769870758","0.09683270007371902","0.09604345262050629","0.0974397212266922","0.2937733829021454","0.2937733829021454","0.2937733829021454","0.28198398649692535","0.2797611355781555","0.2842068374156952","0.0986126239101092","0.09711384028196335","0.09979835897684097"
"547","0.10562666257222493","0.10098052024841309","0.1114409938454628","0.10330966860055923","0.09904680401086807","0.10798607766628265","0.29437553882598877","0.29437553882598877","0.29437553882598877","0.28257933259010315","0.2825218141078949","0.2826368510723114","0.10477606952190399","0.0997835025191307","0.11074157059192657"
"548","0.11052320152521133","0.10484194755554199","0.11350974440574646","0.10807864864667256","0.10316234827041626","0.11116310954093933","0.2663963735103607","0.2663963735103607","0.2663963735103607","0.28689056634902954","0.28493455052375793","0.28884658217430115","0.11048242449760437","0.10511407256126404","0.11331954598426819"
"549","0.10663746545712154","0.09993631392717361","0.11661511659622192","0.10421065986156464","0.09821857511997223","0.1141948327422142","0.2899356186389923","0.2899356186389923","0.2899356186389923","0.2952505648136139","0.28125011920928955","0.30925101041793823","0.10604728509982426","0.09950820356607437","0.11572585999965668"
"550","0.11500471085309982","0.10499478876590729","0.13058435916900635","0.11261586099863052","0.10257020592689514","0.12828046083450317","0.2819749712944031","0.2819749712944031","0.2819749712944031","0.2973852753639221","0.28152990341186523","0.313240647315979","0.1145710547765096","0.10430201888084412","0.12982270121574402"
"551","0.09728750834862392","0.09363745898008347","0.10259319841861725","0.09603800624608994","0.0926196426153183","0.10195615887641907","0.28692033886909485","0.28692033886909485","0.28692033886909485","0.2819548100233078","0.2662132680416107","0.2976963520050049","0.09717266013224919","0.09338054805994034","0.10277942568063736"
"552","0.1083541785677274","0.09359406679868698","0.12350022792816162","0.10641964773337047","0.09142225980758667","0.12223797291517258","0.28853946924209595","0.28853946924209595","0.28853946924209595","0.29534709453582764","0.2872319221496582","0.30346226692199707","0.10779597858587901","0.09293907880783081","0.12269791960716248"
"553","0.10340317090352376","0.09747258573770523","0.11309570074081421","0.10076036552588145","0.09530104696750641","0.11027352511882782","0.2821364402770996","0.2821364402770996","0.2821364402770996","0.2778106927871704","0.27019262313842773","0.2854287624359131","0.10304865737756093","0.09681284427642822","0.112979456782341"
"554","0.10186758637428284","0.09560741484165192","0.10527202486991882","0.10029345502456029","0.09369154274463654","0.10454680025577545","0.2837963104248047","0.2837963104248047","0.2837963104248047","0.2804756164550781","0.2731955647468567","0.28775566816329956","0.10161896049976349","0.09457074850797653","0.10525450110435486"
"555","0.1061434621612231","0.10372354090213776","0.10798003524541855","0.10376660029093425","0.10207951068878174","0.10461430996656418","0.29776039719581604","0.29776039719581604","0.29776039719581604","0.2920231223106384","0.29161059856414795","0.2924356460571289","0.10593189547459285","0.10373090207576752","0.10773766785860062"
"556","0.1135463019212087","0.11041110754013062","0.11537707597017288","0.1106771503885587","0.10705678164958954","0.11364490538835526","0.27187487483024597","0.27187487483024597","0.27187487483024597","0.29530470073223114","0.2916075885295868","0.2990018129348755","0.11304946740468343","0.1093139797449112","0.11501717567443848"
"557","0.11233459413051605","0.10587717592716217","0.11584769934415817","0.10979381700356801","0.10394743829965591","0.11329993605613708","0.29047366976737976","0.29047366976737976","0.29047366976737976","0.28997841477394104","0.288655161857605","0.2913016676902771","0.11221971114476521","0.10604403913021088","0.11564676463603973"
"558","0.10566436499357224","0.09220179915428162","0.11905783414840698","0.10355789214372635","0.09036391973495483","0.11871550977230072","0.295551061630249","0.295551061630249","0.295551061630249","0.2911558002233505","0.2779918611049652","0.30431973934173584","0.10549260924259822","0.09260101616382599","0.11894337832927704"
"559","0.10977134356896083","0.0945788323879242","0.13235536217689514","0.10635592291752498","0.09303619712591171","0.1279338151216507","0.30113619565963745","0.30113619565963745","0.30113619565963745","0.2944588214159012","0.27492839097976685","0.3139892518520355","0.1092076450586319","0.09499049186706543","0.13055074214935303"
"560","0.09346577525138855","0.08801223337650299","0.09870344400405884","0.09144167353709538","0.0867091715335846","0.09632541984319687","0.2670241892337799","0.2670241892337799","0.2670241892337799","0.2623508721590042","0.25879645347595215","0.2659052908420563","0.09283792227506638","0.08785273134708405","0.09826473146677017"
"561","0.10997706900040309","0.10667326301336288","0.1142711490392685","0.10740921646356583","0.1033669039607048","0.11133810877799988","0.26792800426483154","0.26792800426483154","0.26792800426483154","0.29179956018924713","0.28196290135383606","0.3016362190246582","0.1097463071346283","0.10664646327495575","0.11338573694229126"
"562","0.10492618133624394","0.0909416526556015","0.1123482882976532","0.10263916850090027","0.08981756120920181","0.10925712436437607","0.27791929244995117","0.27791929244995117","0.27791929244995117","0.278975248336792","0.2669150233268738","0.2910354733467102","0.10425068934758504","0.0908244252204895","0.1114707812666893"
"563","0.10660579303900401","0.09846973419189453","0.11981755495071411","0.10410438477993011","0.0958193838596344","0.11675114184617996","0.2589758336544037","0.2589758336544037","0.2589758336544037","0.28441374003887177","0.2796735465526581","0.28915393352508545","0.10567102332909901","0.09711779654026031","0.1190984696149826"
"564","0.10274991889794667","0.09573514759540558","0.11407214403152466","0.10046473642190297","0.09227435290813446","0.1115020141005516","0.289052814245224","0.289052814245224","0.289052814245224","0.2867271304130554","0.2713690400123596","0.3020852208137512","0.10190606862306595","0.09480007737874985","0.11266231536865234"
"565","0.09694324682156245","0.08592778444290161","0.10267598181962967","0.09442748377720515","0.08511216938495636","0.0995974913239479","0.266368567943573","0.266368567943573","0.266368567943573","0.2692826837301254","0.25208815932273865","0.2864772081375122","0.09659696618715923","0.08578801155090332","0.10269579291343689"
"566","0.10216383635997772","0.09378363937139511","0.10863184928894043","0.09906455377737682","0.09214334189891815","0.1043832004070282","0.2841453552246094","0.2841453552246094","0.2841453552246094","0.27387936413288116","0.26384201645851135","0.283916711807251","0.10163515309492747","0.09362249076366425","0.10709075629711151"
"567","0.10619904845952988","0.10050608962774277","0.11383692920207977","0.10334994395573933","0.0975743904709816","0.11152595281600952","0.2524567246437073","0.2524567246437073","0.2524567246437073","0.2899077832698822","0.27545082569122314","0.30436474084854126","0.10522366066773732","0.0998665988445282","0.11299176514148712"
"568","0.10294812421003978","0.09873073548078537","0.10568537563085556","0.10087340325117111","0.09683610498905182","0.10319770127534866","0.27791255712509155","0.27791255712509155","0.27791255712509155","0.28803959488868713","0.28787124156951904","0.2882079482078552","0.10270414998133977","0.09878726303577423","0.10523571074008942"
"569","0.0954986388484637","0.09227075427770615","0.09727460145950317","0.09388553599516551","0.09099478274583817","0.09562946856021881","0.2941949963569641","0.2941949963569641","0.2941949963569641","0.2780843675136566","0.27406927943229675","0.2820994555950165","0.09520190457503001","0.09225469082593918","0.09673621505498886"
"570","0.10785350700219472","0.10168058425188065","0.1128377690911293","0.10584395627180736","0.0982649028301239","0.11150933802127838","0.27345892786979675","0.27345892786979675","0.27345892786979675","0.2908875346183777","0.2894700765609741","0.29230499267578125","0.10721499721209209","0.10107238590717316","0.11195950210094452"
"571","0.10506636401017506","0.09765405207872391","0.11935225129127502","0.102936290204525","0.09609060734510422","0.11629871279001236","0.2845323383808136","0.2845323383808136","0.2845323383808136","0.2882210463285446","0.28187692165374756","0.2945651710033417","0.10476407905419667","0.09738539159297943","0.11840274930000305"
"572","0.11269509047269821","0.10650620609521866","0.1210504025220871","0.11061026155948639","0.10271826386451721","0.11936694383621216","0.30097150802612305","0.30097150802612305","0.30097150802612305","0.3009161949157715","0.28998467326164246","0.3118477165699005","0.11268723507722218","0.10667415708303452","0.1207677498459816"
"573","0.09995741148789723","0.08876998722553253","0.11263816058635712","0.09777148564656575","0.08668061345815659","0.10997448116540909","0.2581338584423065","0.2581338584423065","0.2581338584423065","0.2768220603466034","0.2604641318321228","0.293179988861084","0.09975460916757584","0.08926760405302048","0.11192037165164948"
"574","0.10773737728595734","0.10014784336090088","0.11905451118946075","0.1061277911067009","0.09909573197364807","0.11657027900218964","0.29599517583847046","0.29599517583847046","0.29599517583847046","0.2678946554660797","0.26362448930740356","0.27216482162475586","0.10819472372531891","0.10076429694890976","0.1192517951130867"
"575","0.10132696479558945","0.10041427612304688","0.10223032534122467","0.09908833851416905","0.09887528419494629","0.09950166940689087","0.30326777696609497","0.30326777696609497","0.30326777696609497","0.2743562161922455","0.2734937071800232","0.2752187252044678","0.10031565527121226","0.09956707805395126","0.10136918723583221"
"576","0.10392461468776067","0.09816018491983414","0.10805033147335052","0.1021399274468422","0.09761816263198853","0.10683805495500565","0.2655485272407532","0.2655485272407532","0.2655485272407532","0.27049174904823303","0.2669796645641327","0.2740038335323334","0.10352216412623723","0.09834155440330505","0.10767389833927155"
"577","0.10459836572408676","0.09736184775829315","0.11153708398342133","0.10190065453449886","0.09526409208774567","0.10732761770486832","0.29264116287231445","0.29264116287231445","0.29264116287231445","0.2745591104030609","0.2698281407356262","0.2792900800704956","0.10391371448834737","0.09639552980661392","0.11151545494794846"
"578","0.09859607368707657","0.09519422054290771","0.10189325362443924","0.0969956045349439","0.09452304989099503","0.10035884380340576","0.27637791633605957","0.27637791633605957","0.27637791633605957","0.276655837893486","0.2737247943878174","0.27958688139915466","0.09877264748016994","0.09525838494300842","0.10195966064929962"
"579","0.10793634007374446","0.09797193855047226","0.11436452716588974","0.10452925662199657","0.09546065330505371","0.11155231297016144","0.2920973002910614","0.2920973002910614","0.2920973002910614","0.29095830023288727","0.27705100178718567","0.30486559867858887","0.10733359803756078","0.09703318774700165","0.11375269293785095"
"580","0.1040375828742981","0.09543398022651672","0.11077101528644562","0.10144084692001343","0.09448804706335068","0.10724051296710968","0.27204427123069763","0.27204427123069763","0.27204427123069763","0.2798983007669449","0.2670058608055115","0.2927907407283783","0.10300234456857045","0.09534856677055359","0.10855895280838013"
"581","0.10645057012637456","0.09458520263433456","0.11897311359643936","0.1037736435731252","0.09161008894443512","0.11741934716701508","0.291730135679245","0.291730135679245","0.291730135679245","0.29259443283081055","0.29028844833374023","0.29490041732788086","0.10608134418725967","0.09391123056411743","0.11909819394350052"
"582","0.0999945377310117","0.08853651583194733","0.10659653693437576","0.09774206827084224","0.08684515953063965","0.10348979383707047","0.2545597553253174","0.2545597553253174","0.2545597553253174","0.26743337512016296","0.25535064935684204","0.2795161008834839","0.09956158697605133","0.08837835490703583","0.10608075559139252"
"583","0.10655161986748378","0.09635259956121445","0.11711601912975311","0.10499420513709386","0.09327466785907745","0.11652480810880661","0.26484978199005127","0.26484978199005127","0.26484978199005127","0.2876015156507492","0.2738921642303467","0.30131086707115173","0.10662303616603215","0.09601625800132751","0.11804109066724777"
"584","0.10387685894966125","0.09996607154607773","0.10865520685911179","0.1022516389687856","0.09690592437982559","0.10783914476633072","0.2801479399204254","0.2801479399204254","0.2801479399204254","0.28357306122779846","0.2797060012817383","0.28744012117385864","0.10390256593624751","0.09934666752815247","0.10977337509393692"
"585","0.10827102015415828","0.09305043518543243","0.12023153901100159","0.10606853415568669","0.0922621637582779","0.11714031547307968","0.2771722674369812","0.2771722674369812","0.2771722674369812","0.28431767225265503","0.276902973651886","0.2917323708534241","0.10780815531810124","0.09343108534812927","0.11864066123962402"
"586","0.11054579168558121","0.0988498330116272","0.11811807006597519","0.10781209667523702","0.09438404440879822","0.11514376103878021","0.27742186188697815","0.27742186188697815","0.27742186188697815","0.3010062575340271","0.29974234104156494","0.30227017402648926","0.10969080279270808","0.09832314401865005","0.116409532725811"
"587","0.0982871229449908","0.09715230762958527","0.09984159469604492","0.09655629098415375","0.09549270570278168","0.09793125838041306","0.29964911937713623","0.29964911937713623","0.29964911937713623","0.27914969623088837","0.2723318040370941","0.2859675884246826","0.09794151286284129","0.09697099030017853","0.0994473397731781"
"588","0.10815739880005519","0.096535325050354","0.12556177377700806","0.10607798894246419","0.09642788767814636","0.12133002281188965","0.298110693693161","0.298110693693161","0.298110693693161","0.2875225096940994","0.28694093227386475","0.2881040871143341","0.10803707440694173","0.09726476669311523","0.12464988231658936"
"589","0.1102515955766042","0.1016826257109642","0.12043965607881546","0.10808306435743968","0.09949388355016708","0.11900169402360916","0.307833731174469","0.307833731174469","0.307833731174469","0.29036426544189453","0.2774176597595215","0.3033108711242676","0.10978427280982335","0.10153363645076752","0.11971769481897354"
"590","0.09993563344081242","0.09204677492380142","0.10486538708209991","0.09750901162624359","0.09072764962911606","0.10227838903665543","0.27021491527557373","0.27021491527557373","0.27021491527557373","0.2796386480331421","0.2721032202243805","0.2871740758419037","0.09933542460203171","0.09189201891422272","0.10322308540344238"
"591","0.1052671621243159","0.0962374210357666","0.11096358299255371","0.10238028069337209","0.09400595724582672","0.10784736275672913","0.30064916610717773","0.30064916610717773","0.30064916610717773","0.27438321709632874","0.27170583605766296","0.2770605981349945","0.10461459060509999","0.09638260304927826","0.11058531701564789"
"592","0.09983329226573308","0.09031564742326736","0.11464408040046692","0.09790111084779103","0.0899423137307167","0.11094515770673752","0.2988383173942566","0.2988383173942566","0.2988383173942566","0.27475830912590027","0.2678290903568268","0.28168752789497375","0.09966872135798137","0.09088236838579178","0.11421258747577667"
"593","0.10282590488592784","0.09905301034450531","0.1070738360285759","0.10051468511422475","0.09582412987947464","0.1045188158750534","0.27158015966415405","0.27158015966415405","0.27158015966415405","0.28286388516426086","0.28118976950645447","0.28453800082206726","0.10244846840699513","0.09845234453678131","0.10736800730228424"
"594","0.10320411622524261","0.09663083404302597","0.10707715898752213","0.10038869082927704","0.09224243462085724","0.10552403330802917","0.27176088094711304","0.27176088094711304","0.27176088094711304","0.28149792551994324","0.27517610788345337","0.2878197431564331","0.10261642187833786","0.09618421643972397","0.10671672224998474"
"595","0.10165320585171382","0.09977547824382782","0.10437832772731781","0.10049376140038173","0.09972551465034485","0.10171037167310715","0.2677971124649048","0.2677971124649048","0.2677971124649048","0.27689029276371","0.27429893612861633","0.2794816493988037","0.10153718541065852","0.10053029656410217","0.1033816933631897"
"596","0.11092278609673183","0.10043312609195709","0.12127657979726791","0.1085586945215861","0.09887044876813889","0.11878693103790283","0.27991223335266113","0.27991223335266113","0.27991223335266113","0.2863716185092926","0.2713727056980133","0.3013705313205719","0.11054718494415283","0.10021139681339264","0.12054896354675293"
"597","0.0952774037917455","0.08447051048278809","0.11625778675079346","0.09295560916264851","0.08248627930879593","0.11310235410928726","0.26848018169403076","0.26848018169403076","0.26848018169403076","0.2823159694671631","0.2742723822593689","0.2903595566749573","0.09464828173319499","0.08425217866897583","0.11464075744152069"
"598","0.09954369068145752","0.09532065689563751","0.10268630087375641","0.09659953912099202","0.09232115000486374","0.10117439180612564","0.2890186309814453","0.2890186309814453","0.2890186309814453","0.27564412355422974","0.2701394557952881","0.2811487913131714","0.09902763366699219","0.09433567523956299","0.10306072980165482"
"599","0.10559764256079991","0.09507863968610764","0.11905169486999512","0.10380277285973231","0.09480150043964386","0.11512582749128342","0.2985612154006958","0.2985612154006958","0.2985612154006958","0.27910609543323517","0.2776762545108795","0.2805359363555908","0.10550294568141301","0.09483528137207031","0.11903009563684464"
"600","0.10283480336268742","0.09877770394086838","0.1056227833032608","0.10085116575161616","0.09481632709503174","0.10436824709177017","0.2872880697250366","0.2872880697250366","0.2872880697250366","0.2813938558101654","0.27436506748199463","0.2884226441383362","0.10276559243599574","0.098338283598423","0.10606452822685242"
"601","0.10535077253977458","0.096023790538311","0.11400482803583145","0.10322425017754237","0.09369067847728729","0.11196668446063995","0.2893519401550293","0.2893519401550293","0.2893519401550293","0.28327493369579315","0.27595221996307373","0.2905976474285126","0.10501539210478465","0.09592549502849579","0.11354970932006836"
"602","0.10659150034189224","0.09531296044588089","0.11314775049686432","0.10419193158547084","0.09456712752580643","0.11066120862960815","0.2887527048587799","0.2887527048587799","0.2887527048587799","0.27877867221832275","0.26583343744277954","0.29172390699386597","0.10613437990347545","0.09539490938186646","0.11157826334238052"
"603","0.106786514321963","0.09389954805374146","0.11821315437555313","0.10485442976156871","0.09361135214567184","0.11612139642238617","0.27209413051605225","0.27209413051605225","0.27209413051605225","0.2775064706802368","0.2567099630832672","0.2983029782772064","0.10598325232664745","0.09332306683063507","0.11728924512863159"
"604","0.11346202840407689","0.10508128255605698","0.1182505190372467","0.11112784097592036","0.10298493504524231","0.1168971136212349","0.2892642319202423","0.2892642319202423","0.2892642319202423","0.2888663560152054","0.27596867084503174","0.30176404118537903","0.11319876710573833","0.10507956147193909","0.11761607229709625"
"606","0.11034800112247467","0.10080373287200928","0.11690644919872284","0.10825469841559728","0.09963139146566391","0.11352129280567169","0.25619232654571533","0.25619232654571533","0.25619232654571533","0.28057222068309784","0.2658807635307312","0.2952636778354645","0.10992949952681859","0.10020788013935089","0.1166197881102562"
"607","0.11420953273773193","0.10797329246997833","0.12560367584228516","0.11145503322283427","0.10525314509868622","0.1226232647895813","0.2729718089103699","0.2729718089103699","0.2729718089103699","0.2941440939903259","0.290155827999115","0.29813235998153687","0.1137014701962471","0.1077098473906517","0.12432774901390076"
"608","0.10169920076926549","0.09208545088768005","0.10894379764795303","0.09918302794297536","0.09057489037513733","0.10620637983083725","0.28467848896980286","0.28467848896980286","0.28467848896980286","0.2727835476398468","0.2584892511367798","0.2870778441429138","0.10092858225107193","0.09120869636535645","0.10796774923801422"
"609","0.10134175171454747","0.09814921766519547","0.10609380900859833","0.09920260558525722","0.096963070333004","0.10310031473636627","0.27239638566970825","0.27239638566970825","0.27239638566970825","0.27128979563713074","0.26700031757354736","0.2755792737007141","0.10139895230531693","0.09912519156932831","0.10567951202392578"
"610","0.10778553287188213","0.0935925841331482","0.1192193552851677","0.10483664522568385","0.09177698940038681","0.11560733616352081","0.2753019630908966","0.2753019630908966","0.2753019630908966","0.28100523352622986","0.2623254060745239","0.2996850609779358","0.10729771852493286","0.0932130441069603","0.11886662244796753"
"611","0.0968475416302681","0.09171883016824722","0.1010894924402237","0.09503399084011714","0.09048908948898315","0.10044972598552704","0.2814696133136749","0.2814696133136749","0.2814696133136749","0.27199941873550415","0.2656248211860657","0.2783740162849426","0.09663920104503632","0.0919172614812851","0.10073456168174744"
"612","0.10530320554971695","0.09700977057218552","0.11471472680568695","0.10345334311326344","0.09420787543058395","0.11435699462890625","0.2700766324996948","0.2700766324996948","0.2700766324996948","0.2889802008867264","0.27575066685676575","0.302209734916687","0.10450695703426997","0.09636382758617401","0.11451348662376404"
"613","0.10804948955774307","0.09276290237903595","0.12117967754602432","0.10638345281283061","0.08946786820888519","0.12116959691047668","0.27891212701797485","0.27891212701797485","0.27891212701797485","0.29509101808071136","0.2823999226093292","0.3077821135520935","0.10789944976568222","0.09250199049711227","0.12166119366884232"
"614","0.09876143932342529","0.08426766842603683","0.11192771792411804","0.09643564869960149","0.08130940049886703","0.1102418452501297","0.2657832205295563","0.2657832205295563","0.2657832205295563","0.2748348265886307","0.27373647689819336","0.275933176279068","0.09835274517536163","0.08404317498207092","0.11156962811946869"
"615","0.10830966631571452","0.09781520813703537","0.11962290108203888","0.10642426709334056","0.09492051601409912","0.11854960024356842","0.27780190110206604","0.27780190110206604","0.27780190110206604","0.2907836586236954","0.2751346230506897","0.30643269419670105","0.10793844858805339","0.09778513014316559","0.11906984448432922"
"616","0.10106889406840007","0.09738987684249878","0.1081223338842392","0.0984579399228096","0.09507032483816147","0.10472729057073593","0.2695505619049072","0.2695505619049072","0.2695505619049072","0.2739334851503372","0.26792287826538086","0.2799440920352936","0.09990038971106212","0.0950460135936737","0.10767105221748352"
"617","0.10208177318175633","0.09607410430908203","0.11366814374923706","0.10016442835330963","0.0940280482172966","0.11181759834289551","0.26168420910835266","0.26168420910835266","0.26168420910835266","0.2740061432123184","0.26425719261169434","0.2837550938129425","0.10197326789299647","0.09568028897047043","0.11365915089845657"
"618","0.10043375939130783","0.09273729473352432","0.11427590250968933","0.09832227230072021","0.09126006066799164","0.11190706491470337","0.2602861523628235","0.2602861523628235","0.2602861523628235","0.2784179300069809","0.27502813935279846","0.28180772066116333","0.09953414400418599","0.09222722053527832","0.1130695715546608"
"619","0.11103145529826482","0.10239285230636597","0.12180881202220917","0.10835311810175578","0.10052716732025146","0.11780855059623718","0.2887958884239197","0.2887958884239197","0.2887958884239197","0.2834359258413315","0.27677682042121887","0.2900950312614441","0.1104465052485466","0.10194720327854156","0.12176188081502914"
"620","0.1017139529188474","0.09615939110517502","0.10792440176010132","0.09955697258313496","0.09294235706329346","0.10614442080259323","0.2834734618663788","0.2834734618663788","0.2834734618663788","0.2841455489397049","0.2825626730918884","0.28572842478752136","0.10143473247687022","0.0959494560956955","0.107728511095047"
"621","0.09621829042832057","0.0902208685874939","0.10715878754854202","0.09347567707300186","0.08790821582078934","0.10388445854187012","0.29094788432121277","0.29094788432121277","0.29094788432121277","0.26068679988384247","0.25986337661743164","0.2615102231502533","0.09538486848274867","0.08949867635965347","0.10687542706727982"
"622","0.10437868038813274","0.09853560477495193","0.1076892763376236","0.10186410695314407","0.096965491771698","0.10524114966392517","0.28700733184814453","0.28700733184814453","0.28700733184814453","0.2758272886276245","0.26883548498153687","0.28281909227371216","0.10375415037075679","0.09789048135280609","0.1068243682384491"
"623","0.10385499397913615","0.10071248561143875","0.10755184292793274","0.10077137251694997","0.09612476825714111","0.10612459480762482","0.25867581367492676","0.25867581367492676","0.25867581367492676","0.2775200605392456","0.26803499460220337","0.28700512647628784","0.10313152770201366","0.10015705972909927","0.10691991448402405"
"624","0.11210846155881882","0.09965568780899048","0.13112837076187134","0.10949307183424632","0.09767261147499084","0.12779368460178375","0.28806984424591064","0.28806984424591064","0.28806984424591064","0.2968403100967407","0.27259308099746704","0.3210875391960144","0.11158144225676854","0.09935203194618225","0.1300414502620697"
"625","0.09237817923227946","0.08405160903930664","0.10204797983169556","0.09095601737499237","0.08395519852638245","0.09945361316204071","0.27933555841445923","0.27933555841445923","0.27933555841445923","0.2523052990436554","0.24495133757591248","0.2596592605113983","0.09222600609064102","0.08450357615947723","0.10224238783121109"
"626","0.10136377811431885","0.09779927134513855","0.10834141075611115","0.09999896834294002","0.09566499292850494","0.10791075974702835","0.25561004877090454","0.25561004877090454","0.25561004877090454","0.27065861225128174","0.2582542300224304","0.28306299448013306","0.10126469781001408","0.09722816199064255","0.10881307721138"
"627","0.10593556364377339","0.09955918788909912","0.11116741597652435","0.10277579973141353","0.09783722460269928","0.10661184042692184","0.27420181035995483","0.27420181035995483","0.27420181035995483","0.2774970680475235","0.26931750774383545","0.28567662835121155","0.10493589689334233","0.09859207272529602","0.11063317954540253"
"628","0.10532452166080475","0.09488289058208466","0.11443344503641129","0.10313968857129414","0.09257173538208008","0.11136489361524582","0.2717994749546051","0.2717994749546051","0.2717994749546051","0.28409498929977417","0.2790589928627014","0.2891309857368469","0.10421291490395863","0.09444234520196915","0.11254964023828506"
"629","0.10901770740747452","0.10239336639642715","0.11667799949645996","0.10727245857318242","0.10068490356206894","0.11468591541051865","0.23038040101528168","0.23038040101528168","0.23038040101528168","0.2690197676420212","0.26754230260849","0.27049723267555237","0.108858918150266","0.10231272876262665","0.11619256436824799"
"630","0.10745690266291301","0.10329931974411011","0.1119849756360054","0.10415438810984294","0.10019552707672119","0.10872748494148254","0.2465791255235672","0.2465791255235672","0.2465791255235672","0.27840371429920197","0.27397552132606506","0.28283190727233887","0.10677905132373174","0.10285498946905136","0.11191456019878387"
"631","0.10772555321455002","0.10577079653739929","0.10943567007780075","0.10488258798917134","0.10273665934801102","0.10747911781072617","0.26562121510505676","0.26562121510505676","0.26562121510505676","0.2809995859861374","0.2771701216697693","0.2848290503025055","0.10707853237787883","0.10477974265813828","0.10950826108455658"
"632","0.10284087310234706","0.09923256188631058","0.10697426646947861","0.10079822192589442","0.0966765284538269","0.1050058975815773","0.295772522687912","0.295772522687912","0.295772522687912","0.28125011920928955","0.27627795934677124","0.28622227907180786","0.10240122427543004","0.09842940419912338","0.1067996546626091"
"633","0.10697329789400101","0.10442748665809631","0.10950829088687897","0.10516062130530675","0.10358010232448578","0.10808344930410385","0.28514814376831055","0.28514814376831055","0.28514814376831055","0.282591313123703","0.27795836329460144","0.28722426295280457","0.1061841423312823","0.1034235954284668","0.10844778269529343"
"634","0.10025500506162643","0.08535793423652649","0.1220061406493187","0.09823555747667949","0.08256293833255768","0.1199178695678711","0.26847195625305176","0.26847195625305176","0.26847195625305176","0.27826184034347534","0.2599390745162964","0.2965846061706543","0.09984324127435684","0.08501559495925903","0.12120625376701355"
"635","0.10669030497471492","0.10161937773227692","0.1142893135547638","0.1042008101940155","0.09859521687030792","0.11148902773857117","0.27274996042251587","0.27274996042251587","0.27274996042251587","0.2801936864852905","0.27164989709854126","0.2887374758720398","0.1063489317893982","0.10148628056049347","0.11335234344005585"
"636","0.09373981008927028","0.08861289173364639","0.10168987512588501","0.09171123802661896","0.08584018796682358","0.10064525157213211","0.2558159828186035","0.2558159828186035","0.2558159828186035","0.27049896121025085","0.2543938159942627","0.286604106426239","0.09282480428616206","0.08779571950435638","0.10064776986837387"
"637","0.10502077639102936","0.09992346167564392","0.10819470882415771","0.10249680777390797","0.0981367751955986","0.10601472854614258","0.26726028323173523","0.26726028323173523","0.26726028323173523","0.2707407921552658","0.2597978711128235","0.28168371319770813","0.10458232959111531","0.09855807572603226","0.10826114565134048"
"638","0.10070151338974635","0.09595342725515366","0.10744155943393707","0.0987464611728986","0.09566701948642731","0.10403338074684143","0.28193795680999756","0.28193795680999756","0.28193795680999756","0.2804531902074814","0.27658984065055847","0.2843165397644043","0.09977394839127858","0.09539535641670227","0.10573916137218475"
"639","0.10389841099580129","0.09510312229394913","0.110224649310112","0.10204898317654927","0.0931653305888176","0.10889914631843567","0.28592395782470703","0.28592395782470703","0.28592395782470703","0.2801378071308136","0.27558019757270813","0.28469541668891907","0.10382630427678426","0.09477168321609497","0.10978946089744568"
"640","0.1124762420852979","0.09857139736413956","0.12624987959861755","0.11032140006621678","0.09577707201242447","0.12483048439025879","0.2700265645980835","0.2700265645980835","0.2700265645980835","0.2982966899871826","0.28672924637794495","0.3098641335964203","0.11222253243128459","0.09819721430540085","0.12641984224319458"
"641","0.10873957723379135","0.0978759229183197","0.11725737154483795","0.10601804405450821","0.09587942063808441","0.11402253806591034","0.2789304256439209","0.2789304256439209","0.2789304256439209","0.2737565189599991","0.260929137468338","0.28658390045166016","0.10820104678471883","0.09751178324222565","0.11651021987199783"
"642","0.10239325215419133","0.09308759868144989","0.10753961652517319","0.10035557299852371","0.09010465443134308","0.10550494492053986","0.2568298280239105","0.2568298280239105","0.2568298280239105","0.2788607329130173","0.27298715710639954","0.284734308719635","0.10165887822707494","0.09232020378112793","0.10675627738237381"
"643","0.09311901777982712","0.08746249973773956","0.10378850251436234","0.09101405988136928","0.08633522689342499","0.10019141435623169","0.2840120792388916","0.2840120792388916","0.2840120792388916","0.25474582612514496","0.25107312202453613","0.2584185302257538","0.09241367876529694","0.08659760653972626","0.10347151756286621"
"644","0.10804333041111629","0.10405862331390381","0.11419367045164108","0.10562397539615631","0.10113122314214706","0.11229842156171799","0.2621437609195709","0.2621437609195709","0.2621437609195709","0.28330351412296295","0.27877864241600037","0.28782838582992554","0.10767902185519536","0.10383299738168716","0.11395805329084396"
"645","0.1076510523756345","0.10658426582813263","0.1097373217344284","0.10558916628360748","0.10376334935426712","0.10865247249603271","0.26590627431869507","0.26590627431869507","0.26590627431869507","0.27836212515830994","0.277459979057312","0.27926427125930786","0.10705349346001942","0.10452964901924133","0.11031938344240189"
"646","0.09735043346881866","0.08730627596378326","0.10372824966907501","0.09531266738971074","0.08421476185321808","0.10177329927682877","0.2587311863899231","0.2587311863899231","0.2587311863899231","0.2735908329486847","0.26958227157592773","0.27759939432144165","0.09713089962800343","0.08743336796760559","0.10342536866664886"
"647","0.1115448921918869","0.1018204540014267","0.1252225935459137","0.10969356447458267","0.09905199706554413","0.12449413537979126","0.27433156967163086","0.27433156967163086","0.27433156967163086","0.2772243320941925","0.25525081157684326","0.29919785261154175","0.11106830090284348","0.10060195624828339","0.12531805038452148"
"648","0.11145787686109543","0.10367890447378159","0.11589762568473816","0.10860014955202739","0.10100756585597992","0.11293802410364151","0.282539963722229","0.282539963722229","0.282539963722229","0.276810958981514","0.26302558183670044","0.2905963361263275","0.11096590757369995","0.10322775691747665","0.1155024990439415"
"649","0.11159565796454747","0.10352735966444016","0.12527385354042053","0.10907939821481705","0.10216174274682999","0.1225118413567543","0.24476706981658936","0.24476706981658936","0.24476706981658936","0.284657821059227","0.2748868465423584","0.2944287955760956","0.1109882394472758","0.10309350490570068","0.12420631945133209"
"650","0.09712174783150355","0.08780895173549652","0.10908383131027222","0.09471709032853444","0.0861823707818985","0.10447630286216736","0.2503544092178345","0.2503544092178345","0.2503544092178345","0.2568137049674988","0.24538305401802063","0.26824435591697693","0.0964454635977745","0.08685984462499619","0.10812719166278839"
"651","0.0963228444258372","0.09169655293226242","0.09943355619907379","0.09412914017836253","0.08983880281448364","0.09815381467342377","0.27237021923065186","0.27237021923065186","0.27237021923065186","0.26725704967975616","0.2666631042957306","0.26785099506378174","0.09620620558659236","0.0920734852552414","0.09921533614397049"
"652","0.10384804010391235","0.09100659191608429","0.1159871518611908","0.10259298235177994","0.08907458186149597","0.11490802466869354","0.26059943437576294","0.26059943437576294","0.26059943437576294","0.2770029604434967","0.26402586698532104","0.28998005390167236","0.10373364637295406","0.09059375524520874","0.11657582223415375"
"653","0.10345269739627838","0.09864385426044464","0.10949493944644928","0.10175526887178421","0.09762954711914062","0.1062648668885231","0.2607998251914978","0.2607998251914978","0.2607998251914978","0.2666766494512558","0.2561442255973816","0.27720907330513","0.10310306896766026","0.09813812375068665","0.10927126556634903"
"654","0.1054985448718071","0.10046042501926422","0.11123715341091156","0.10268211116393407","0.09765109419822693","0.1077253520488739","0.2742488980293274","0.2742488980293274","0.2742488980293274","0.275905504822731","0.26983538269996643","0.2819756269454956","0.1041156326731046","0.09860757738351822","0.11035725474357605"
"655","0.10735011100769043","0.1052236258983612","0.11098480224609375","0.10541735589504242","0.10407496988773346","0.10805325210094452","0.3122609257698059","0.3122609257698059","0.3122609257698059","0.2777572125196457","0.2675132155418396","0.2880012094974518","0.10701186458269756","0.10464423894882202","0.11078213155269623"
"656","0.10175475974877675","0.09669449925422668","0.10772915929555893","0.09979504595200221","0.09465455263853073","0.10721233487129211","0.25793519616127014","0.25793519616127014","0.25793519616127014","0.27186065912246704","0.2710300087928772","0.2726913094520569","0.1009355957309405","0.09544960409402847","0.10773304849863052"
"657","0.09846329192320506","0.09025710076093674","0.10366237163543701","0.09593516836563747","0.08677031099796295","0.10188493132591248","0.32347434759140015","0.32347434759140015","0.32347434759140015","0.27063459157943726","0.2630655765533447","0.2782036066055298","0.09763041138648987","0.08929650485515594","0.10336004197597504"
"658","0.10107845067977905","0.09288537502288818","0.1162940040230751","0.09918251136938731","0.09092267602682114","0.11442512273788452","0.2566922903060913","0.2566922903060913","0.2566922903060913","0.27522575855255127","0.2636694312095642","0.28678208589553833","0.10078774640957515","0.09311053156852722","0.1159726083278656"
"659","0.09590868403514226","0.08779780566692352","0.10650620609521866","0.0936681901415189","0.0847083181142807","0.1050766184926033","0.2521386742591858","0.2521386742591858","0.2521386742591858","0.2706132233142853","0.26045241951942444","0.2807740271091461","0.09510522584120433","0.08735997974872589","0.10619442164897919"
"660","0.10552112261454265","0.09943082183599472","0.11495425552129745","0.10278280824422836","0.09598347544670105","0.11248419433832169","0.2589895725250244","0.2589895725250244","0.2589895725250244","0.27688872814178467","0.27021563053131104","0.2835618257522583","0.10507270942131679","0.09876061230897903","0.11431939899921417"
"661","0.10653352240721385","0.10410603135824203","0.10861805826425552","0.1040069709221522","0.09969273954629898","0.10616578161716461","0.25130075216293335","0.25130075216293335","0.25130075216293335","0.27764472365379333","0.27333343029022217","0.2819560170173645","0.10621078064044316","0.10329747945070267","0.1082543432712555"
"662","0.10204154253005981","0.09190786629915237","0.10999438166618347","0.09984702616930008","0.09126916527748108","0.10612831264734268","0.2661812901496887","0.2661812901496887","0.2661812901496887","0.2611912339925766","0.2572246491909027","0.2651578187942505","0.10144467900196712","0.0909436047077179","0.10986270755529404"
"663","0.10580109804868698","0.09798230975866318","0.11643774807453156","0.10387090096871059","0.09593276679515839","0.11471296101808548","0.26140546798706055","0.26140546798706055","0.26140546798706055","0.2755393087863922","0.26071590185165405","0.29036271572113037","0.10523778448502223","0.09760452806949615","0.1158769279718399"
"664","0.09663212299346924","0.09090334177017212","0.1055116057395935","0.09474482138951619","0.08959470689296722","0.10311885178089142","0.2759159803390503","0.2759159803390503","0.2759159803390503","0.2550983130931854","0.2541694641113281","0.2560271620750427","0.09641163796186447","0.0913386419415474","0.10511927306652069"
"665","0.10320257147153218","0.09743311256170273","0.10872156172990799","0.10222273568312328","0.09564946591854095","0.1072494238615036","0.3217337131500244","0.3217337131500244","0.3217337131500244","0.27087314426898956","0.2639673054218292","0.2777789831161499","0.10331006348133087","0.09759927541017532","0.10854703933000565"
"666","0.09990152716636658","0.0939951166510582","0.11112888157367706","0.09784347812334697","0.09272335469722748","0.10778248310089111","0.2847096025943756","0.2847096025943756","0.2847096025943756","0.2521522343158722","0.24916613101959229","0.2551383376121521","0.09930085639158885","0.09377937018871307","0.11031796783208847"
"667","0.1019852136572202","0.08855992555618286","0.11626384407281876","0.09977187712987264","0.08669006079435349","0.1134248599410057","0.29021602869033813","0.29021602869033813","0.29021602869033813","0.25607144832611084","0.25343671441078186","0.2587061822414398","0.10154264668623607","0.08908779174089432","0.11610794067382812"
"668","0.09895082314809163","0.09501014649868011","0.1031641811132431","0.09755098323027293","0.09321336448192596","0.10080698132514954","0.27681609988212585","0.27681609988212585","0.27681609988212585","0.25971366465091705","0.2544901371002197","0.2649371922016144","0.09896703312794368","0.09420332312583923","0.10320405662059784"
"669","0.10594763110081355","0.09697814285755157","0.11412763595581055","0.10335356493790944","0.09503784775733948","0.11184041202068329","0.2614017128944397","0.2614017128944397","0.2614017128944397","0.2689333111047745","0.25088319182395935","0.2869834303855896","0.1053323745727539","0.09541617333889008","0.11457410454750061"
"670","0.09550716479619344","0.09313425421714783","0.10018573701381683","0.09403167416652043","0.09055439382791519","0.09982797503471375","0.26720303297042847","0.26720303297042847","0.26720303297042847","0.25507470965385437","0.25248998403549194","0.2576594352722168","0.09522631764411926","0.09270095825195312","0.10016096383333206"
"671","0.10029714306195577","0.09579543769359589","0.10381706058979034","0.09824177374442418","0.09299515187740326","0.10175918787717819","0.29329442977905273","0.29329442977905273","0.29329442977905273","0.26775436103343964","0.26684996485710144","0.26865875720977783","0.09982629617055257","0.09507982432842255","0.10347047448158264"
"672","0.11284918586413066","0.10482308268547058","0.12078027427196503","0.11028784513473511","0.1032082661986351","0.11707571148872375","0.25872036814689636","0.25872036814689636","0.25872036814689636","0.2748170346021652","0.26378104090690613","0.2858530282974243","0.1120666762193044","0.10378842055797577","0.12004952132701874"
"673","0.10451465845108032","0.09975923597812653","0.10894801467657089","0.10274146993954976","0.09688680619001389","0.10788637399673462","0.2597167491912842","0.2597167491912842","0.2597167491912842","0.27494849264621735","0.2670353353023529","0.2828616499900818","0.10407005498806636","0.09936005622148514","0.10825656354427338"
"674","0.10353904217481613","0.10298861563205719","0.10414353758096695","0.10217493772506714","0.10118138045072556","0.1027948334813118","0.26558592915534973","0.26558592915534973","0.26558592915534973","0.27980975806713104","0.27238699793815613","0.28723251819610596","0.10348889480034511","0.10295681655406952","0.10401066392660141"
"676","0.1050055871407191","0.09453016519546509","0.12131379544734955","0.10377693424622218","0.09387949109077454","0.12028586864471436","0.27305862307548523","0.27305862307548523","0.27305862307548523","0.2792237102985382","0.2575352191925049","0.30091220140457153","0.10458983977635701","0.09472008049488068","0.12071038782596588"
"677","0.103553906083107","0.09383392333984375","0.10886277258396149","0.10149680078029633","0.09170928597450256","0.10693112015724182","0.29509443044662476","0.29509443044662476","0.29509443044662476","0.28113630414009094","0.27623623609542847","0.2860363721847534","0.10246189683675766","0.09252855181694031","0.10751368850469589"
"678","0.10394846647977829","0.09443086385726929","0.111798956990242","0.10208165645599365","0.09436246752738953","0.1088019609451294","0.28133535385131836","0.28133535385131836","0.28133535385131836","0.27993515133857727","0.2736034691333771","0.28626683354377747","0.10380917539199193","0.09423324465751648","0.11204805970191956"
"679","0.1024993434548378","0.09112009406089783","0.11455447971820831","0.10074043273925781","0.08936396986246109","0.11329877376556396","0.2738792896270752","0.2738792896270752","0.2738792896270752","0.28049783408641815","0.26095807552337646","0.30003759264945984","0.10307301580905914","0.09155724197626114","0.11540953069925308"
"680","0.1083747148513794","0.10280845314264297","0.11233523488044739","0.10566896448532741","0.10037392377853394","0.10921557247638702","0.24736258387565613","0.24736258387565613","0.24736258387565613","0.2629026174545288","0.25430750846862793","0.2714977264404297","0.10771306604146957","0.10274156183004379","0.11099205166101456"
"681","0.1073757807413737","0.098363496363163","0.12094830721616745","0.10504625737667084","0.09633516520261765","0.11826635897159576","0.2565225660800934","0.2565225660800934","0.2565225660800934","0.2806832939386368","0.27219143509864807","0.2891751527786255","0.10696514199177425","0.09839034080505371","0.119806207716465"
"682","0.09879639993111293","0.08860485255718231","0.10886914283037186","0.09683159242073695","0.08642914146184921","0.10623615980148315","0.28580790758132935","0.28580790758132935","0.28580790758132935","0.2724326401948929","0.26336780190467834","0.2814974784851074","0.09847644964853923","0.08837080001831055","0.10855311155319214"
"683","0.10052942236264546","0.08857083320617676","0.1075458824634552","0.09858751545349757","0.0871221274137497","0.10507980734109879","0.2670327425003052","0.2670327425003052","0.2670327425003052","0.27109138667583466","0.26726457476615906","0.27491819858551025","0.10024490704139073","0.08835522085428238","0.10754464566707611"
"684","0.0946059450507164","0.08999323099851608","0.10180754959583282","0.09318416317303975","0.08951912820339203","0.09917257726192474","0.2651433050632477","0.2651433050632477","0.2651433050632477","0.2594437003135681","0.25763601064682007","0.26125138998031616","0.0939221978187561","0.08977742493152618","0.101364865899086"
"685","0.1016532505551974","0.09344237297773361","0.10726173222064972","0.09908095250527064","0.09087403863668442","0.10514301061630249","0.25880712270736694","0.25880712270736694","0.25880712270736694","0.2686220109462738","0.25587859749794006","0.28136542439460754","0.10102563848098119","0.09327000379562378","0.10654176771640778"
"686","0.09819440295298894","0.09034180641174316","0.10768546164035797","0.09665955106417339","0.0885087177157402","0.10645687580108643","0.2566087543964386","0.2566087543964386","0.2566087543964386","0.27673156559467316","0.2746179699897766","0.2788451611995697","0.09820231795310974","0.09074155241250992","0.10755456984043121"
"687","0.10858387003342311","0.08549514412879944","0.12117529660463333","0.10627874235312144","0.08382287621498108","0.11895495653152466","0.28819671273231506","0.28819671273231506","0.28819671273231506","0.2634313702583313","0.23802191019058228","0.2888408303260803","0.1084440400203069","0.08563697338104248","0.12116183340549469"
"688","0.10782456398010254","0.10010972619056702","0.11925500631332397","0.10555985321601231","0.09830367565155029","0.11583201587200165","0.2658800184726715","0.2658800184726715","0.2658800184726715","0.26942428946495056","0.2689659893512726","0.26988258957862854","0.10756299644708633","0.09959414601325989","0.11873268336057663"
"689","0.09850943585236867","0.08703584223985672","0.10839017480611801","0.09689496954282124","0.08619889616966248","0.10565625876188278","0.284929096698761","0.284929096698761","0.284929096698761","0.25524014234542847","0.23684030771255493","0.273639976978302","0.09835999955733617","0.08685235679149628","0.10806901007890701"
"690","0.10146160920461018","0.09572573006153107","0.11173329502344131","0.09978645543257396","0.09446270763874054","0.10885678231716156","0.28305479884147644","0.28305479884147644","0.28305479884147644","0.2617807537317276","0.2613614499568939","0.2622000575065613","0.1012064516544342","0.0951656922698021","0.11095505952835083"
"691","0.09919656564791997","0.08578286319971085","0.11006278544664383","0.09729565928379695","0.08459821343421936","0.10815335810184479","0.2573865056037903","0.2573865056037903","0.2573865056037903","0.2646622136235237","0.2450588494539261","0.28426557779312134","0.09885053833325703","0.08533494174480438","0.10953041166067123"
"692","0.10976077616214752","0.10259874910116196","0.11913486570119858","0.10721536229054134","0.10033832490444183","0.11699851602315903","0.2742542624473572","0.2742542624473572","0.2742542624473572","0.28009188175201416","0.27411019802093506","0.28607356548309326","0.10916050275166829","0.10201120376586914","0.11871650815010071"
"693","0.10174188017845154","0.09629937261343002","0.10859256237745285","0.09954409301280975","0.09432138502597809","0.10558529198169708","0.2565331757068634","0.2565331757068634","0.2565331757068634","0.2544386684894562","0.25007784366607666","0.2587994933128357","0.10139569143454234","0.09613911807537079","0.1080671101808548"
"694","0.10165591289599736","0.09425586462020874","0.11237069964408875","0.10060632973909378","0.09377969801425934","0.11076231300830841","0.25134411454200745","0.25134411454200745","0.25134411454200745","0.2639361396431923","0.249797984957695","0.2780742943286896","0.10163362075885136","0.09471862018108368","0.11199741810560226"
"695","0.10672976324955623","0.10651977360248566","0.106987364590168","0.10567158460617065","0.10470004379749298","0.10654622316360474","0.2672944664955139","0.2672944664955139","0.2672944664955139","0.2765210419893265","0.27290937304496765","0.2801327109336853","0.10695189734299977","0.10680711269378662","0.10706811398267746"
"696","0.10518726706504822","0.09770876169204712","0.11371317505836487","0.10346745451291402","0.09765958786010742","0.11122039705514908","0.2591780126094818","0.2591780126094818","0.2591780126094818","0.25893859565258026","0.25796329975128174","0.2599138915538788","0.10533552368481953","0.09892475605010986","0.11347183585166931"
"697","0.10363808522621791","0.09995828568935394","0.10836877673864365","0.10185828308264415","0.09843705594539642","0.10596910119056702","0.25664418935775757","0.25664418935775757","0.25664418935775757","0.264638751745224","0.2630698084831238","0.2662076950073242","0.1034478172659874","0.0998392105102539","0.10774342715740204"
"698","0.10705377658208211","0.10562407225370407","0.1078430712223053","0.1051698848605156","0.1032320186495781","0.10620175302028656","0.2652856409549713","0.2652856409549713","0.2652856409549713","0.28468288481235504","0.28409284353256226","0.2852729260921478","0.10644203921159108","0.1050654724240303","0.10720112919807434"
"699","0.10129832724730174","0.08521305024623871","0.11001966148614883","0.09941179553667705","0.08320876955986023","0.10787123441696167","0.24544940888881683","0.24544940888881683","0.24544940888881683","0.27967701852321625","0.2724798619747162","0.2868741750717163","0.10018628338972728","0.08471079915761948","0.10861388593912125"
"700","0.09416029353936513","0.08802006393671036","0.10392729192972183","0.09263343115647633","0.0872345119714737","0.10112395137548447","0.26824814081192017","0.26824814081192017","0.26824814081192017","0.25509850680828094","0.2533606290817261","0.2568363845348358","0.09341658403476079","0.08757282793521881","0.1032988652586937"
"701","0.09508063147465388","0.0927463173866272","0.09636014699935913","0.09342813491821289","0.09044938534498215","0.0951865017414093","0.28267374634742737","0.28267374634742737","0.28267374634742737","0.27878639101982117","0.2763596773147583","0.28121310472488403","0.09452645232280095","0.09220586717128754","0.09626144915819168"
"702","0.09520454208056132","0.09026850759983063","0.10254563391208649","0.0934387097756068","0.0892934501171112","0.09979652613401413","0.2724904417991638","0.2724904417991638","0.2724904417991638","0.26948559284210205","0.2650352120399475","0.2739359736442566","0.09501963108778","0.09017299115657806","0.10218317061662674"
"703","0.09266381959120433","0.08458226174116135","0.10186945647001266","0.09077226618925731","0.08268119394779205","0.09991195052862167","0.2576223313808441","0.2576223313808441","0.2576223313808441","0.27340640127658844","0.26088717579841614","0.28592562675476074","0.0921134427189827","0.0841011255979538","0.1014498621225357"
"704","0.08670411755641301","0.07726682722568512","0.09491551667451859","0.08485389252503713","0.07481588423252106","0.09328418970108032","0.2962571978569031","0.2962571978569031","0.2962571978569031","0.26200078427791595","0.25199204683303833","0.2720095217227936","0.08620437482992808","0.07648620754480362","0.09448721259832382"
"705","0.11060462892055511","0.10083651542663574","0.12133155763149261","0.1080063705643018","0.0988822877407074","0.11644792556762695","0.2754698395729065","0.2754698395729065","0.2754698395729065","0.2749587893486023","0.25785139203071594","0.29206618666648865","0.10988687723875046","0.10007888078689575","0.12018822878599167"
"706","0.09439654648303986","0.08953316509723663","0.09774630516767502","0.09227139751116435","0.08815225958824158","0.09451071918010712","0.2571794390678406","0.2571794390678406","0.2571794390678406","0.25675585865974426","0.2561280131340027","0.25738370418548584","0.09401998668909073","0.08973428606987","0.09691830724477768"
"707","0.09741014987230301","0.08961790800094604","0.10465270280838013","0.09511457135279973","0.08854126930236816","0.10083601623773575","0.2723516523838043","0.2723516523838043","0.2723516523838043","0.25717806816101074","0.2533835172653198","0.26097261905670166","0.09674004465341568","0.08826014399528503","0.1039716824889183"
"708","0.09333934634923935","0.08982138335704803","0.10036053508520126","0.09158990035454433","0.08740821480751038","0.09838379919528961","0.2534785866737366","0.2534785866737366","0.2534785866737366","0.260263130068779","0.2501969039440155","0.2703293561935425","0.09311176588137944","0.0892634391784668","0.10040334612131119"
"709","0.1008006011446317","0.09914250671863556","0.10256132483482361","0.09861502051353455","0.09616106748580933","0.1010841503739357","0.27332669496536255","0.27332669496536255","0.27332669496536255","0.2665305882692337","0.26536667346954346","0.26769450306892395","0.10045600185791652","0.09863387048244476","0.10276544839143753"
"710","0.10505914936463039","0.10013701021671295","0.1140311136841774","0.10314670453468959","0.09765355288982391","0.11191168427467346","0.2548920214176178","0.2548920214176178","0.2548920214176178","0.2720978111028671","0.2681543827056885","0.2760412395000458","0.10418272763490677","0.09867588430643082","0.11311737447977066"
"711","0.09982076783974965","0.09449345618486404","0.1099853366613388","0.0978374183177948","0.09121681749820709","0.10779453068971634","0.2792181074619293","0.2792181074619293","0.2792181074619293","0.27332499623298645","0.2704513370990753","0.2761986553668976","0.09982623408238094","0.0943729355931282","0.10948915034532547"
"712","0.10310938706000645","0.09370464086532593","0.11178132891654968","0.10172410557667415","0.09275481104850769","0.11120442301034927","0.2938133478164673","0.2938133478164673","0.2938133478164673","0.27689120173454285","0.26072460412979126","0.29305779933929443","0.10321756949027379","0.09375409036874771","0.11211003363132477"
"713","0.09071443478266399","0.08242449909448624","0.095106340944767","0.08923967182636261","0.08183305710554123","0.09421969205141068","0.2572442293167114","0.2572442293167114","0.2572442293167114","0.2589714974164963","0.2471260130405426","0.27081698179244995","0.09054327011108398","0.0818992331624031","0.09496303647756577"
"714","0.09304668505986531","0.08100808411836624","0.09963527321815491","0.0912653257449468","0.07937890291213989","0.09829902648925781","0.27156245708465576","0.27156245708465576","0.27156245708465576","0.2571416348218918","0.24506568908691406","0.2692175805568695","0.09205845991770427","0.0805015042424202","0.09786193817853928"
"715","0.09155053645372391","0.0775337666273117","0.10230840742588043","0.08980220307906468","0.0756496712565422","0.10018651187419891","0.27548739314079285","0.27548739314079285","0.27548739314079285","0.27176734805107117","0.2711738646030426","0.27236083149909973","0.09199221680561702","0.07794199883937836","0.10268523544073105"
"716","0.09807508687178294","0.09295083582401276","0.10312764346599579","0.09649173418680827","0.09162382781505585","0.1035010814666748","0.2680109143257141","0.2680109143257141","0.2680109143257141","0.2809346318244934","0.28017348051071167","0.28169578313827515","0.09767329692840576","0.0926947146654129","0.10275377333164215"
"717","0.09606118996938069","0.08631689846515656","0.10567212104797363","0.09403117994467418","0.08508886396884918","0.1020108163356781","0.26431962847709656","0.26431962847709656","0.26431962847709656","0.25641365349292755","0.24944478273391724","0.26338252425193787","0.09580040226380031","0.08551204949617386","0.10545601695775986"
"718","0.10844337195158005","0.10190276801586151","0.11793931573629379","0.10615635414918263","0.10059720277786255","0.11333245038986206","0.2532486617565155","0.2532486617565155","0.2532486617565155","0.27570173144340515","0.2753809094429016","0.2760225534439087","0.10782319555679958","0.10199940204620361","0.11648222804069519"
"719","0.09448472658793132","0.08950051665306091","0.10083392262458801","0.0925031453371048","0.0867689698934555","0.09996896982192993","0.27299830317497253","0.27299830317497253","0.27299830317497253","0.2640361487865448","0.25787317752838135","0.27019912004470825","0.09397814919551213","0.08924989402294159","0.101302370429039"
"720","0.09604785839716594","0.09509099274873734","0.09663721174001694","0.09420769661664963","0.0931963175535202","0.09521882236003876","0.26212427020072937","0.26212427020072937","0.26212427020072937","0.2734469026327133","0.26494836807250977","0.28194543719291687","0.09594674656788509","0.09476372599601746","0.09672834724187851"
"721","0.09785297761360805","0.09247247874736786","0.10481398552656174","0.09634963671366374","0.09047076851129532","0.10327816009521484","0.27909189462661743","0.27909189462661743","0.27909189462661743","0.26890432834625244","0.26209986209869385","0.27570879459381104","0.09756458053986232","0.09215544909238815","0.10439290851354599"
"722","0.09343978514273961","0.08855591714382172","0.10262365639209747","0.09190970659255981","0.08793509006500244","0.09890279918909073","0.27414870262145996","0.27414870262145996","0.27414870262145996","0.24645133316516876","0.24536481499671936","0.24753785133361816","0.09297041594982147","0.08831290155649185","0.10179249942302704"
"723","0.09254197776317596","0.08565580099821091","0.10296503454446793","0.09124236305554707","0.08543619513511658","0.10083282738924026","0.27345219254493713","0.27345219254493713","0.27345219254493713","0.25171080231666565","0.2504534125328064","0.2529681921005249","0.09217480818430583","0.08543764054775238","0.10262604057788849"
"724","0.09572930882374446","0.0882171168923378","0.10457475483417511","0.0941088820497195","0.08785173296928406","0.10330530256032944","0.27071624994277954","0.27071624994277954","0.27071624994277954","0.26289452612400055","0.2537841796875","0.2720048725605011","0.09470251947641373","0.08692442625761032","0.10298412293195724"
"725","0.10336935768524806","0.09411219507455826","0.11092408001422882","0.10167161126931508","0.09358005970716476","0.10910707712173462","0.27103757858276367","0.27103757858276367","0.27103757858276367","0.2764824330806732","0.26499655842781067","0.28796830773353577","0.10334355135758717","0.09414950013160706","0.11105120182037354"
"726","0.10244045654932658","0.09536769986152649","0.11071548610925674","0.10064543535312016","0.0937701165676117","0.10873189568519592","0.27285510301589966","0.27285510301589966","0.27285510301589966","0.27496708929538727","0.26521241664886475","0.2847217619419098","0.10220387826363246","0.09534071385860443","0.11022330075502396"
"727","0.09388022124767303","0.09278440475463867","0.09487223625183105","0.09215601285298665","0.08971627056598663","0.0942535400390625","0.2584325969219208","0.2584325969219208","0.2584325969219208","0.26077936589717865","0.2569628953933716","0.2645958364009857","0.09333153069019318","0.09227228164672852","0.09482608735561371"
"728","0.09073365231355031","0.08898040652275085","0.09347089380025864","0.08924454202254613","0.08749216794967651","0.09272222220897675","0.27065807580947876","0.27065807580947876","0.27065807580947876","0.2569226622581482","0.256879597902298","0.2569657266139984","0.0906725029150645","0.0889645665884018","0.09354974329471588"
"729","0.09375399102767308","0.09074094891548157","0.09680411964654922","0.09217345466216405","0.08994725346565247","0.09556879103183746","0.2538714110851288","0.2538714110851288","0.2538714110851288","0.2641751170158386","0.25577014684677124","0.272580087184906","0.09380048016707103","0.09077063202857971","0.09668481349945068"
"730","0.09573551764090855","0.09051518142223358","0.1039305105805397","0.09396951893965404","0.08956129848957062","0.10216738283634186","0.2536064684391022","0.2536064684391022","0.2536064684391022","0.2745460867881775","0.26026496291160583","0.28882721066474915","0.09568909307320912","0.09049838036298752","0.10389447957277298"
"731","0.09016568958759308","0.08798860758543015","0.09238172322511673","0.08927011986573537","0.0875047817826271","0.0907091498374939","0.2744126319885254","0.2744126319885254","0.2744126319885254","0.2506749853491783","0.249869242310524","0.25148072838783264","0.08988520503044128","0.08820630609989166","0.09215988963842392"
"732","0.09611899157365163","0.08221118152141571","0.11303197592496872","0.09377361585696538","0.08104465901851654","0.10804703086614609","0.2789407968521118","0.2789407968521118","0.2789407968521118","0.2570849880576134","0.2492731362581253","0.26489683985710144","0.09563233455022176","0.08120864629745483","0.11235412955284119"
"733","0.10519977410634358","0.10309786349534988","0.10714640468358994","0.10343990723292033","0.10308562219142914","0.1041053831577301","0.27364617586135864","0.27364617586135864","0.27364617586135864","0.27181197702884674","0.2695498466491699","0.27407410740852356","0.10468557725350063","0.10351071506738663","0.10631433874368668"
"734","0.10013717412948608","0.09377886354923248","0.10625835508108139","0.09835807234048843","0.09128668904304504","0.10550153255462646","0.27633020281791687","0.27633020281791687","0.27633020281791687","0.27543404698371887","0.26572489738464355","0.2851431965827942","0.09998961041371028","0.09398654848337173","0.10567393898963928"
"735","0.10262790322303772","0.09349298477172852","0.11334136128425598","0.1006633664170901","0.09145665168762207","0.11084052920341492","0.26567673683166504","0.26567673683166504","0.26567673683166504","0.2589481770992279","0.2525635361671448","0.26533281803131104","0.10178302476803462","0.09161528944969177","0.11286267638206482"
"736","0.10324988017479579","0.0991792306303978","0.10786006599664688","0.1012338971098264","0.09736078977584839","0.10660728812217712","0.249070405960083","0.249070405960083","0.249070405960083","0.28080178797245026","0.2725397050380707","0.28906387090682983","0.10245552410682042","0.09836332499980927","0.10704193264245987"
"737","0.10315028081337611","0.08991151303052902","0.11043225228786469","0.10121352970600128","0.08862464129924774","0.11016277968883514","0.2798917293548584","0.2798917293548584","0.2798917293548584","0.26821117103099823","0.24947693943977356","0.2869454026222229","0.10282635440429051","0.08986014127731323","0.11005912721157074"
"738","0.099443885187308","0.09362603724002838","0.10584936290979385","0.0982034554084142","0.09159120917320251","0.10495705902576447","0.2719826102256775","0.2719826102256775","0.2719826102256775","0.27520374953746796","0.26737040281295776","0.28303709626197815","0.09903094669183095","0.09281456470489502","0.10579349100589752"
"739","0.09849609434604645","0.09349970519542694","0.10313135385513306","0.09630950540304184","0.09103832393884659","0.10228268802165985","0.2778472304344177","0.2778472304344177","0.2778472304344177","0.2709109038114548","0.26299914717674255","0.278822660446167","0.09797230859597524","0.09267272800207138","0.10284323245286942"
"740","0.10077669471502304","0.08593911677598953","0.11225010454654694","0.09894520044326782","0.08482599258422852","0.11080218851566315","0.24845363199710846","0.24845363199710846","0.24845363199710846","0.257659450173378","0.24103274941444397","0.274286150932312","0.10018727680047353","0.08521860092878342","0.11163139343261719"
"741","0.0958062360684077","0.08922441303730011","0.10486449301242828","0.09428754448890686","0.08782593905925751","0.10148079693317413","0.24024662375450134","0.24024662375450134","0.24024662375450134","0.2554997652769089","0.25261208415031433","0.2583874464035034","0.09581689288218816","0.08885896950960159","0.10490137338638306"
"742","0.09980202466249466","0.09593167901039124","0.10243214666843414","0.09806323796510696","0.09550698846578598","0.10081145167350769","0.2664889097213745","0.2664889097213745","0.2664889097213745","0.2666505426168442","0.261653870344162","0.27164721488952637","0.09958752244710922","0.09613613784313202","0.10184239596128464"
"743","0.09660778939723969","0.0910026803612709","0.09981861710548401","0.09396293014287949","0.08710562437772751","0.09858288615942001","0.2512058913707733","0.2512058913707733","0.2512058913707733","0.2566201388835907","0.25455984473228455","0.25868043303489685","0.09574410319328308","0.09070110321044922","0.09924717247486115"
"744","0.0866742879152298","0.08014389127492905","0.09048174321651459","0.08519997944434483","0.07952320575714111","0.08843394368886948","0.22738298773765564","0.22738298773765564","0.22738298773765564","0.23712220042943954","0.22949881851673126","0.24474558234214783","0.08637628704309464","0.08046557009220123","0.08998731523752213"
"745","0.09721380720535915","0.09188669174909592","0.10751769691705704","0.09478193024794261","0.0891411155462265","0.10493102669715881","0.2629099488258362","0.2629099488258362","0.2629099488258362","0.2627863734960556","0.2495649755001068","0.2760077714920044","0.09632499516010284","0.09118812531232834","0.1061825379729271"
"746","0.10060868908961614","0.09112484753131866","0.11187898367643356","0.09832639247179031","0.09043512493371964","0.10756337642669678","0.26101553440093994","0.26101553440093994","0.26101553440093994","0.2600308209657669","0.2539016902446747","0.26615995168685913","0.09999412546555202","0.09102491289377213","0.11124134808778763"
"747","0.10135581344366074","0.09906865656375885","0.10364794731140137","0.09939769407113393","0.09775970876216888","0.10239885747432709","0.27643170952796936","0.27643170952796936","0.27643170952796936","0.26906758546829224","0.26590466499328613","0.27223050594329834","0.10070659220218658","0.09798309952020645","0.10333599150180817"
"748","0.09824452300866444","0.09566684067249298","0.10127726197242737","0.09613730261723201","0.09364484250545502","0.09786134958267212","0.275618314743042","0.275618314743042","0.275618314743042","0.2610987275838852","0.25848403573036194","0.26371341943740845","0.0976809710264206","0.09463462233543396","0.10078006982803345"
"749","0.09739456077416737","0.09614861011505127","0.09973249584436417","0.0952594851454099","0.09370201826095581","0.0968611016869545","0.24782773852348328","0.24782773852348328","0.24782773852348328","0.2661912590265274","0.2609635293483734","0.2714189887046814","0.09677466750144958","0.09519394487142563","0.09944901615381241"
"750","0.09802506864070892","0.09205035120248795","0.10382717847824097","0.0960226058959961","0.09093107283115387","0.10141324996948242","0.25741976499557495","0.25741976499557495","0.25741976499557495","0.2648693174123764","0.2629868686199188","0.266751766204834","0.09756441166003545","0.09204655885696411","0.10313135385513306"
"751","0.09732056905825932","0.09691247344017029","0.09769048541784286","0.0953451618552208","0.09385405480861664","0.09619660675525665","0.2835155725479126","0.2835155725479126","0.2835155725479126","0.27246199548244476","0.26785990595817566","0.27706408500671387","0.09741194546222687","0.09711417555809021","0.09769425541162491"
"752","0.09210394322872162","0.08566045761108398","0.0974382683634758","0.08994670708974202","0.08242929726839066","0.09561813622713089","0.2533259391784668","0.2533259391784668","0.2533259391784668","0.2626994103193283","0.2541901469230652","0.27120867371559143","0.09149640053510666","0.08475303649902344","0.09659422188997269"
"753","0.10121530046065648","0.08731892704963684","0.12110533565282822","0.09906453390916188","0.08420872688293457","0.11867429316043854","0.2833605706691742","0.2833605706691742","0.2833605706691742","0.274420827627182","0.2552588880062103","0.2935827672481537","0.10023804257313411","0.08656645566225052","0.11953167617321014"
"754","0.09526958813269933","0.09135980904102325","0.0993606299161911","0.09313437094291051","0.08831283450126648","0.09789393842220306","0.2557750940322876","0.2557750940322876","0.2557750940322876","0.2736901640892029","0.26657313108444214","0.2808071970939636","0.09417556722958882","0.08994068205356598","0.09831884503364563"
"755","0.10698365916808446","0.09908919781446457","0.11677031964063644","0.10455441226561864","0.09715721756219864","0.11268217861652374","0.27517035603523254","0.27517035603523254","0.27517035603523254","0.2736499607563019","0.2674446702003479","0.27985525131225586","0.10618964085976283","0.09832757711410522","0.1158408671617508"
"756","0.10481153925259908","0.09810981899499893","0.10972301661968231","0.10280267645915349","0.09663917124271393","0.10657252371311188","0.25942179560661316","0.25942179560661316","0.25942179560661316","0.27338118851184845","0.2729324996471405","0.2738298773765564","0.10411203155914943","0.09739197045564651","0.10903158783912659"
"757","0.09230308731396993","0.08406002819538116","0.1039571464061737","0.09023681282997131","0.08170408010482788","0.10167340934276581","0.26281750202178955","0.26281750202178955","0.26281750202178955","0.25859953463077545","0.24487358331680298","0.2723254859447479","0.09180792172749837","0.08398976922035217","0.10326652228832245"
"758","0.09868303189675014","0.0951487123966217","0.10240480303764343","0.09649170935153961","0.09351231157779694","0.10046654939651489","0.26017969846725464","0.26017969846725464","0.26017969846725464","0.26903969049453735","0.2623460292816162","0.2757333517074585","0.09787195672591527","0.09396491944789886","0.10150789469480515"
"759","0.10585333903630574","0.1001366376876831","0.11328531801700592","0.10354039321343105","0.09807506203651428","0.11127904802560806","0.2922251224517822","0.2922251224517822","0.2922251224517822","0.27994753420352936","0.26850223541259766","0.29139283299446106","0.10512281705935796","0.09993710368871689","0.11321911960840225"
"760","0.09378031392892201","0.08629609644412994","0.0988023653626442","0.09196208665768306","0.08347559720277786","0.09814535081386566","0.247124582529068","0.247124582529068","0.247124582529068","0.26556940376758575","0.2593771815299988","0.27176162600517273","0.09310249984264374","0.08564823865890503","0.09868784248828888"
"761","0.09469544639190038","0.0888260155916214","0.10549493134021759","0.09296472370624542","0.08627702295780182","0.10462740063667297","0.26658889651298523","0.26658889651298523","0.26658889651298523","0.2582649812102318","0.23992182314395905","0.2766081392765045","0.09404080112775166","0.08822783082723618","0.10473522543907166"
"762","0.09472385048866272","0.09168107062578201","0.09656193852424622","0.09267602364222209","0.0891733169555664","0.09528234601020813","0.27768585085868835","0.27768585085868835","0.27768585085868835","0.2533173933625221","0.24914465844631195","0.2574901282787323","0.09397147347529729","0.09065621346235275","0.09563328325748444"
"763","0.0985271508495013","0.09083151072263718","0.10613785684108734","0.09693725158770879","0.0897563025355339","0.10553520917892456","0.24381686747074127","0.24381686747074127","0.24381686747074127","0.26138749718666077","0.24630680680274963","0.2764681875705719","0.09799233824014664","0.0909193754196167","0.10580191016197205"
"764","0.09883296738068263","0.0903141126036644","0.10742336511611938","0.09670464197794597","0.08890800923109055","0.10411432385444641","0.2558927834033966","0.2558927834033966","0.2558927834033966","0.2511058747768402","0.24752706289291382","0.2546846866607666","0.09850504000981648","0.09074398875236511","0.10675014555454254"
"765","0.10450811435778935","0.09691259264945984","0.1195543110370636","0.10235792895158131","0.09529022872447968","0.11638826131820679","0.24197615683078766","0.24197615683078766","0.24197615683078766","0.260670468211174","0.25683555006980896","0.26450538635253906","0.10346439480781555","0.09578972309827805","0.11816267669200897"
"766","0.09107456356287003","0.08863639831542969","0.09511914104223251","0.08939190457264583","0.08697368204593658","0.09325486421585083","0.2694832682609558","0.2694832682609558","0.2694832682609558","0.25299134850502014","0.2482973337173462","0.2576853632926941","0.0904281164209048","0.08830595761537552","0.09428189694881439"
"767","0.09821133812268575","0.09382390975952148","0.10335775464773178","0.09563564012447993","0.09176747500896454","0.10067689418792725","0.2509622871875763","0.2509622871875763","0.2509622871875763","0.25614458322525024","0.25526612997055054","0.25702303647994995","0.0975446750720342","0.09289772808551788","0.10312484204769135"
"769","0.09236524254083633","0.08595213294029236","0.09632189571857452","0.09047215680281322","0.08394236862659454","0.0956355556845665","0.25455066561698914","0.25455066561698914","0.25455066561698914","0.2528679519891739","0.23889979720115662","0.26683610677719116","0.09184911598761876","0.08537732064723969","0.09580264985561371"
"770","0.09832759201526642","0.08846922218799591","0.10840961337089539","0.09652220954497655","0.08679267019033432","0.10528112947940826","0.27877408266067505","0.27877408266067505","0.27877408266067505","0.2617868334054947","0.26059919595718384","0.26297447085380554","0.09744327267011006","0.08769863843917847","0.10780426859855652"
"771","0.10418116798003514","0.10078946501016617","0.1078043207526207","0.10217167188723882","0.09764143824577332","0.10746704787015915","0.2653704881668091","0.2653704881668091","0.2653704881668091","0.2711966633796692","0.2655373811721802","0.2768559455871582","0.10306852559248607","0.09940320253372192","0.1064910739660263"
"772","0.09696052471796672","0.0942593514919281","0.10177462548017502","0.09541598955790202","0.09234665334224701","0.10127633064985275","0.2763518989086151","0.2763518989086151","0.2763518989086151","0.25584472715854645","0.2526525855064392","0.2590368688106537","0.09714644153912862","0.09457333385944366","0.10195548832416534"
"773","0.09336540351311366","0.08942259848117828","0.09680303931236267","0.09134338796138763","0.08872900903224945","0.09466683864593506","0.266493558883667","0.266493558883667","0.266493558883667","0.25180506706237793","0.25127917528152466","0.2523309588432312","0.09298585851987202","0.0898260623216629","0.09533610939979553"
"774","0.09000190595785777","0.08546743541955948","0.095919169485569","0.08850959936777751","0.0832228809595108","0.09583979099988937","0.24645468592643738","0.24645468592643738","0.24645468592643738","0.2548953592777252","0.24584230780601501","0.2639484107494354","0.08946410318215688","0.08512166142463684","0.09564420580863953"
"775","0.09953134755293529","0.09742243587970734","0.10247568786144257","0.0975271537899971","0.0937669426202774","0.10097788274288177","0.2598748207092285","0.2598748207092285","0.2598748207092285","0.27127739787101746","0.2673170566558838","0.2752377390861511","0.09895953287680943","0.09678459912538528","0.10210804641246796"
"776","0.10299009829759598","0.09926225990056992","0.10695193707942963","0.10192330181598663","0.09818290174007416","0.10627475380897522","0.2575491666793823","0.2575491666793823","0.2575491666793823","0.2799312323331833","0.2710588276386261","0.2888036370277405","0.10313648482163747","0.09920664131641388","0.10740219801664352"
"777","0.0984356701374054","0.09431322664022446","0.10637427866458893","0.09694228818019231","0.09310690313577652","0.10296492278575897","0.2618110775947571","0.2618110775947571","0.2618110775947571","0.26446619629859924","0.2630693316459656","0.2658630609512329","0.097839651008447","0.09405358135700226","0.10532263666391373"
"778","0.09660417834917705","0.09516260027885437","0.09819702804088593","0.09457427511612575","0.09244351834058762","0.09696577489376068","0.2528786361217499","0.2528786361217499","0.2528786361217499","0.2590584307909012","0.2537914514541626","0.26432541012763977","0.09582770864168803","0.09439844638109207","0.09728031605482101"
"779","0.0971275841196378","0.09007064253091812","0.10562141239643097","0.09538466731707256","0.08893147855997086","0.10313651710748672","0.25024890899658203","0.25024890899658203","0.25024890899658203","0.2537512257695198","0.2441379874944687","0.2633644640445709","0.09662453333536784","0.08969655632972717","0.10537923872470856"
"780","0.10138959934314092","0.09912221133708954","0.10339712351560593","0.0983331302801768","0.0947471484541893","0.10026296228170395","0.24728095531463623","0.24728095531463623","0.24728095531463623","0.26565802097320557","0.26428210735321045","0.2670339345932007","0.10003205140431722","0.09795133024454117","0.10172395408153534"
"781","0.10443475842475891","0.10067173093557358","0.10824477672576904","0.10248780747254689","0.09868887066841125","0.10667059570550919","0.26127898693084717","0.26127898693084717","0.26127898693084717","0.2638128995895386","0.262224018573761","0.26540178060531616","0.1033843606710434","0.09919843077659607","0.1069021224975586"
"782","0.0916944295167923","0.08687205612659454","0.09415882080793381","0.0899030069510142","0.08320682495832443","0.09372592717409134","0.26824215054512024","0.26824215054512024","0.26824215054512024","0.2617461234331131","0.25797078013420105","0.26552146673202515","0.09173449377218883","0.08626164495944977","0.09448316693305969"
"783","0.09854637334744136","0.09259337186813354","0.10854106396436691","0.09657044957081477","0.09212182462215424","0.10444825887680054","0.287060409784317","0.287060409784317","0.287060409784317","0.2538256049156189","0.25150835514068604","0.25614285469055176","0.09791672478119533","0.09230929613113403","0.1078019067645073"
"784","0.10881796479225159","0.10044678300619125","0.11954057961702347","0.10582815855741501","0.09728074073791504","0.11629170924425125","0.2509112060070038","0.2509112060070038","0.2509112060070038","0.28241997957229614","0.27131757140159607","0.2935223877429962","0.1081952378153801","0.09983567148447037","0.11907877027988434"
"785","0.09328566988309224","0.08384709805250168","0.10076803714036942","0.09078603486220042","0.08152895420789719","0.09880826622247696","0.24925662577152252","0.24925662577152252","0.24925662577152252","0.24644072353839874","0.23936507105827332","0.25351637601852417","0.09249759465456009","0.08300384879112244","0.09967043995857239"
"786","0.10362582902113597","0.0970342680811882","0.11128056049346924","0.1016343707839648","0.09436669200658798","0.10935512185096741","0.2608543038368225","0.2608543038368225","0.2608543038368225","0.2651344835758209","0.2582637667655945","0.27200520038604736","0.10343567033608754","0.0968882143497467","0.11070360988378525"
"787","0.09651328374942143","0.08851267397403717","0.10465939342975616","0.09456486751635869","0.08550936728715897","0.10255128145217896","0.2474656105041504","0.2474656105041504","0.2474656105041504","0.26701614260673523","0.2633816599845886","0.27065062522888184","0.09614431858062744","0.08813171088695526","0.10424798727035522"
"788","0.09946927179892857","0.09799915552139282","0.10161237418651581","0.09780935446421306","0.09452010691165924","0.10048170387744904","0.26266980171203613","0.26266980171203613","0.26266980171203613","0.2676197439432144","0.2673034369945526","0.2679360508918762","0.09916965911785762","0.09763716906309128","0.10143622756004333"
"789","0.08189657827218373","0.07519665360450745","0.08940501511096954","0.08037891983985901","0.07518046349287033","0.08698324114084244","0.27559906244277954","0.27559906244277954","0.27559906244277954","0.2361133024096489","0.23011401295661926","0.24211259186267853","0.08128645767768224","0.07444210350513458","0.08886905759572983"
"790","0.09806191921234131","0.0830853283405304","0.11125554144382477","0.09607002884149551","0.08220694959163666","0.10840286314487457","0.2503805458545685","0.2503805458545685","0.2503805458545685","0.2424258291721344","0.2303968071937561","0.2544548511505127","0.09775642057259877","0.08323657512664795","0.11088301241397858"
"791","0.10366009175777435","0.08140943199396133","0.1223040372133255","0.10178035000960033","0.0797903835773468","0.12033070623874664","0.2856923043727875","0.2856923043727875","0.2856923043727875","0.2892002463340759","0.27410027384757996","0.3043002188205719","0.10287671784559886","0.08114489912986755","0.12101436406373978"
"792","0.0986829623579979","0.09238991886377335","0.10187728703022003","0.0973166823387146","0.08977475762367249","0.10115717351436615","0.24762319028377533","0.24762319028377533","0.24762319028377533","0.27042874693870544","0.2667044401168823","0.27415305376052856","0.09813127170006435","0.09169033914804459","0.10188622772693634"
"793","0.0997536579767863","0.08975617587566376","0.11355666816234589","0.0981324886282285","0.0892275795340538","0.11166397482156754","0.2521011531352997","0.2521011531352997","0.2521011531352997","0.2621048390865326","0.24729153513908386","0.2769181430339813","0.09962387134631474","0.08990097790956497","0.11272402852773666"
"794","0.1024673084417979","0.09349119663238525","0.11564765870571136","0.10071134815613429","0.09168942272663116","0.11365219950675964","0.264443039894104","0.264443039894104","0.264443039894104","0.2557098716497421","0.2549028694629669","0.25651687383651733","0.10184604674577713","0.0925770103931427","0.11558547616004944"
"795","0.10494669526815414","0.09813566505908966","0.10882753133773804","0.1034006451567014","0.09584686160087585","0.10848280787467957","0.2574951946735382","0.2574951946735382","0.2574951946735382","0.2737307697534561","0.26431211829185486","0.2831494212150574","0.10505060851573944","0.09835751354694366","0.10941968858242035"
"796","0.09820660948753357","0.08675436675548553","0.10771741718053818","0.0956578900416692","0.08401456475257874","0.10508142411708832","0.26325899362564087","0.26325899362564087","0.26325899362564087","0.2663772851228714","0.2638467252254486","0.2689078450202942","0.09784708668788274","0.08656398952007294","0.10724416375160217"
"797","0.10953029245138168","0.10605601221323013","0.11250372231006622","0.10731159895658493","0.10453621298074722","0.11056749522686005","0.26003944873809814","0.26003944873809814","0.26003944873809814","0.2825603038072586","0.27100205421447754","0.2941185534000397","0.10896076261997223","0.10563115030527115","0.11204180121421814"
"798","0.09561178584893544","0.08811923861503601","0.1004612147808075","0.09369849661986034","0.08585956692695618","0.09978970885276794","0.27466094493865967","0.27466094493865967","0.27466094493865967","0.26103879511356354","0.2552226185798645","0.2668549716472626","0.09521574527025223","0.0875794067978859","0.1006542220711708"
"799","0.09768447776635487","0.09397099912166595","0.10154646635055542","0.09580731391906738","0.0908345952630043","0.09991046786308289","0.23126718401908875","0.23126718401908875","0.23126718401908875","0.2537623643875122","0.25004005432128906","0.25748467445373535","0.09723600248495738","0.09330399334430695","0.10158581286668777"
"800","0.10197979211807251","0.0882592722773552","0.10886713117361069","0.10051058232784271","0.0877833217382431","0.10732098668813705","0.2557429373264313","0.2557429373264313","0.2557429373264313","0.26112036406993866","0.2535278797149658","0.2687128484249115","0.10155583669741948","0.08833684772253036","0.10817170143127441"
"801","0.10030582298835118","0.09939997643232346","0.10125614702701569","0.09836038947105408","0.09640662372112274","0.10006529092788696","0.2518191337585449","0.2518191337585449","0.2518191337585449","0.30535490810871124","0.2619445025920868","0.3487653136253357","0.0997585157553355","0.0983869880437851","0.10074368119239807"
"802","0.1011246566971143","0.09425652772188187","0.10782121121883392","0.09918111562728882","0.09246376156806946","0.10518960654735565","0.24558284878730774","0.24558284878730774","0.24558284878730774","0.2693394720554352","0.2679867148399353","0.27069222927093506","0.10099787016709645","0.09434185177087784","0.10718335211277008"
"803","0.10211982081333797","0.09065111726522446","0.1154060959815979","0.09960599491993587","0.08766874670982361","0.11350235342979431","0.24055922031402588","0.24055922031402588","0.24055922031402588","0.2679227739572525","0.2632792890071869","0.2725662589073181","0.1014906217654546","0.09002342075109482","0.11540690064430237"
"804","0.11163173864285152","0.10305169969797134","0.11626720428466797","0.10956363628307979","0.10018131136894226","0.11497393250465393","0.22515445947647095","0.22515445947647095","0.22515445947647095","0.2785355895757675","0.27113640308380127","0.28593477606773376","0.11093899607658386","0.10294607281684875","0.11497964709997177"
"805","0.0996442586183548","0.08614766597747803","0.10795818269252777","0.09721333036820094","0.08517865091562271","0.10455459356307983","0.2577129006385803","0.2577129006385803","0.2577129006385803","0.2498185932636261","0.23864716291427612","0.2609900236129761","0.098871149122715","0.08526778221130371","0.10735972970724106"
"806","0.09824330111344655","0.0890914797782898","0.10528291761875153","0.09601098299026489","0.08720409870147705","0.10281986743211746","0.25324657559394836","0.25324657559394836","0.25324657559394836","0.24524101614952087","0.23644092679023743","0.2540411055088043","0.09734753270943959","0.0877937376499176","0.10479627549648285"
"807","0.09073517719904582","0.08679796755313873","0.09377357363700867","0.08837693929672241","0.08487937599420547","0.09034126251935959","0.25160619616508484","0.25160619616508484","0.25160619616508484","0.25772589445114136","0.24600470066070557","0.26944708824157715","0.08999241143465042","0.08539954572916031","0.09348216652870178"
"808","0.09620700528224309","0.08731967210769653","0.10250978916883469","0.09425905098517735","0.08685287833213806","0.09985829889774323","0.2550901770591736","0.2550901770591736","0.2550901770591736","0.2441982552409172","0.24218513071537018","0.24621137976646423","0.09508261332909267","0.0870780199766159","0.10125402361154556"
"809","0.0932355672121048","0.07866151630878448","0.1005488708615303","0.09151763717333476","0.07765094190835953","0.09875126928091049","0.26729708909988403","0.26729708909988403","0.26729708909988403","0.25148628652095795","0.23748686909675598","0.2654857039451599","0.09302866955598195","0.07886828482151031","0.10064588487148285"
"810","0.10217916717131932","0.09531547874212265","0.10999779403209686","0.10114709287881851","0.0940609872341156","0.10893352329730988","0.2549936771392822","0.2549936771392822","0.2549936771392822","0.2672659754753113","0.25879228115081787","0.2757396697998047","0.10166257868210475","0.09588251262903214","0.1091008260846138"
"811","0.09874441723028819","0.09243662655353546","0.1079205870628357","0.0971230020125707","0.09198197722434998","0.1058628112077713","0.252605140209198","0.252605140209198","0.252605140209198","0.26121659576892853","0.25095683336257935","0.2714763581752777","0.09771085282166798","0.09137386083602905","0.10687749087810516"
"812","0.10048664857943852","0.08509679138660431","0.11099332571029663","0.09825372695922852","0.08410164713859558","0.10846921056509018","0.26341894268989563","0.26341894268989563","0.26341894268989563","0.2537262886762619","0.2419256865978241","0.2655268907546997","0.10006974637508392","0.08517080545425415","0.11034943163394928"
"813","0.0959514652689298","0.09008793532848358","0.09908722341060638","0.09412600100040436","0.08893239498138428","0.09699391573667526","0.27576950192451477","0.27576950192451477","0.27576950192451477","0.24887999147176743","0.23300163447856903","0.2647583484649658","0.09535353630781174","0.08937609195709229","0.09855835139751434"
"814","0.10444194078445435","0.0918331891298294","0.11631952971220016","0.10241327186425526","0.09018439799547195","0.1141696572303772","0.23905755579471588","0.23905755579471588","0.23905755579471588","0.2650371640920639","0.2505490481853485","0.2795252799987793","0.10412998497486115","0.09143931418657303","0.11663838475942612"
"815","0.10171751429637273","0.09798437356948853","0.10584960132837296","0.09943245848019917","0.09628323465585709","0.10351045429706573","0.24311909079551697","0.24311909079551697","0.24311909079551697","0.2652956396341324","0.26439839601516724","0.26619288325309753","0.10045496374368668","0.09669631719589233","0.10396113991737366"
"816","0.09548701842625935","0.09160944074392319","0.09966091811656952","0.09381150950988133","0.09032469987869263","0.09795635938644409","0.2685508131980896","0.2685508131980896","0.2685508131980896","0.2504934221506119","0.24675863981246948","0.2542282044887543","0.09486161669095357","0.09164167940616608","0.09877163171768188"
"817","0.1064353163043658","0.09806498885154724","0.12226251512765884","0.10458970069885254","0.09612887352705002","0.11933670192956924","0.24377766251564026","0.24377766251564026","0.24377766251564026","0.2637028694152832","0.2478327453136444","0.279572993516922","0.10565633078416188","0.09740395098924637","0.12060212343931198"
"818","0.09080822517474492","0.08898098021745682","0.09191892296075821","0.08844443658987682","0.08568927645683289","0.09003999829292297","0.2581965923309326","0.2581965923309326","0.2581965923309326","0.25445569306612015","0.24645380675792694","0.26245757937431335","0.09042449792226155","0.08878803253173828","0.09127946197986603"
"819","0.08832604189713796","0.08270494639873505","0.09678496420383453","0.08729828645785649","0.0823516845703125","0.09597352892160416","0.2600730061531067","0.2600730061531067","0.2600730061531067","0.2500253766775131","0.23312413692474365","0.2669266164302826","0.08772075176239014","0.08199278265237808","0.09579211473464966"
"820","0.09868585566679637","0.08621900528669357","0.11179947853088379","0.09740247080723445","0.08382326364517212","0.11230715364217758","0.25076889991760254","0.25076889991760254","0.25076889991760254","0.2710147947072983","0.2562200725078583","0.2858095169067383","0.0984571451942126","0.0857870876789093","0.11143530905246735"
"821","0.09899896134932835","0.09841020405292511","0.09934543818235397","0.09719491998354594","0.09654568135738373","0.09797154366970062","0.2653511166572571","0.2653511166572571","0.2653511166572571","0.2671482414007187","0.263682097196579","0.2706143856048584","0.09828356405099233","0.09815102815628052","0.09842384606599808"
"822","0.09485676884651184","0.09056350588798523","0.09715592861175537","0.09303975850343704","0.08918417245149612","0.09557709097862244","0.2717372477054596","0.2717372477054596","0.2717372477054596","0.2473507598042488","0.2426815778017044","0.2520199418067932","0.09472086032231648","0.09035135805606842","0.09719513356685638"
"823","0.09696496774752934","0.09406459331512451","0.09995057433843613","0.09531656901041667","0.09215117245912552","0.0978885218501091","0.2556734085083008","0.2556734085083008","0.2556734085083008","0.26334722340106964","0.2565162181854248","0.2701782286167145","0.09638476371765137","0.09400598704814911","0.09872916340827942"
"824","0.09392852336168289","0.09263600409030914","0.09565971046686172","0.09187579403320949","0.09054843336343765","0.09432202577590942","0.2693963348865509","0.2693963348865509","0.2693963348865509","0.2518584728240967","0.25082311034202576","0.2528938353061676","0.09305055191119511","0.09120865166187286","0.09503140300512314"
"825","0.09213775396347046","0.08695601671934128","0.09557593613862991","0.09026516725619634","0.08463513851165771","0.09476689249277115","0.2705649733543396","0.2705649733543396","0.2705649733543396","0.25192539393901825","0.24351900815963745","0.26033177971839905","0.09181678295135498","0.08688659220933914","0.0958840399980545"
"826","0.0984638308485349","0.08609475940465927","0.11126533150672913","0.09681079785029094","0.08453614264726639","0.11093055456876755","0.2402968406677246","0.2402968406677246","0.2402968406677246","0.25281083583831787","0.23588135838508606","0.2697403132915497","0.09785804400841396","0.08561407774686813","0.1106288954615593"
"827","0.09901950011650722","0.09611495584249496","0.1041998416185379","0.09658627460400264","0.09405835717916489","0.1011490747332573","0.24426820874214172","0.24426820874214172","0.24426820874214172","0.264100581407547","0.2512347400188446","0.2769664227962494","0.09886350234349568","0.09639350324869156","0.10372912138700485"
"828","0.10683714350064595","0.10015890002250671","0.11797969043254852","0.10575283815463384","0.09848096966743469","0.11618371307849884","0.2547382414340973","0.2547382414340973","0.2547382414340973","0.2555355429649353","0.252535879611969","0.2585352063179016","0.1064516951640447","0.09879788756370544","0.1175961047410965"
"829","0.10059063136577606","0.09583855420351028","0.10639484226703644","0.09882732729117076","0.09408940374851227","0.1052389144897461","0.25924909114837646","0.25924909114837646","0.25924909114837646","0.2608743757009506","0.2589234709739685","0.26282528042793274","0.10036504765351613","0.09582045674324036","0.10636511445045471"
"830","0.08795034885406494","0.0869382843375206","0.08960013091564178","0.08624713867902756","0.08556066453456879","0.08671435713768005","0.24408210813999176","0.24408210813999176","0.24408210813999176","0.2415379211306572","0.23688019812107086","0.24619564414024353","0.08719742546478908","0.08569281548261642","0.08893612027168274"
"831","0.09953974187374115","0.09624931216239929","0.10383832454681396","0.0974420855442683","0.09548631310462952","0.09991293400526047","0.23743528127670288","0.23743528127670288","0.23743528127670288","0.2511403560638428","0.24902692437171936","0.2532537877559662","0.09881591796875","0.09581303596496582","0.10263533890247345"
"832","0.09288709113995235","0.08526355028152466","0.10776454955339432","0.0911233052611351","0.08427529782056808","0.1043681651353836","0.2755327820777893","0.2755327820777893","0.2755327820777893","0.24624662846326828","0.24462099373340607","0.2478722631931305","0.09244824697573979","0.08465366065502167","0.10709207504987717"
"833","0.09715672334035237","0.08546179533004761","0.10715058445930481","0.09536118557055791","0.08458865433931351","0.10526836663484573","0.2467607855796814","0.2467607855796814","0.2467607855796814","0.2529294714331627","0.24059627950191498","0.2652626633644104","0.096813569466273","0.08531900495290756","0.10648013651371002"
"834","0.09970704466104507","0.09321118891239166","0.11224108934402466","0.09798754503329594","0.08988449722528458","0.11076796054840088","0.2533140778541565","0.2533140778541565","0.2533140778541565","0.26455358415842056","0.24803952872753143","0.2810676395893097","0.09930245826641719","0.09300916641950607","0.11180505156517029"
"835","0.10052172094583511","0.09914951026439667","0.10177268087863922","0.09883444259564082","0.09737557917833328","0.09982406347990036","0.25127509236335754","0.25127509236335754","0.25127509236335754","0.2550205886363983","0.25223201513290405","0.2578091621398926","0.10016006728013356","0.09922906011343002","0.10167758911848068"
"836","0.10020298262437184","0.09233586490154266","0.10816933214664459","0.09832269201676051","0.08979199826717377","0.10596556216478348","0.25890296697616577","0.25890296697616577","0.25890296697616577","0.2715841680765152","0.271566778421402","0.2716015577316284","0.1000091756383578","0.09185658395290375","0.10821619629859924"
"837","0.09873100618521373","0.08961276710033417","0.10822093486785889","0.09740512321392696","0.08695033937692642","0.10734591633081436","0.27563321590423584","0.27563321590423584","0.27563321590423584","0.2653753161430359","0.2561158239841461","0.27463480830192566","0.09823071459929149","0.08917630463838577","0.10741956532001495"
"839","0.10040877511103947","0.09291484951972961","0.11418117582798004","0.09795116136471431","0.09168832749128342","0.10973769426345825","0.2473096251487732","0.2473096251487732","0.2473096251487732","0.2544265612959862","0.238057479262352","0.27079564332962036","0.09968450913826625","0.09274369478225708","0.11264237761497498"
"840","0.09753669798374176","0.08371900022029877","0.11493208259344101","0.09733787924051285","0.08596377074718475","0.11451482027769089","0.24349182844161987","0.24349182844161987","0.24349182844161987","0.25995567440986633","0.23791393637657166","0.281997412443161","0.09667936712503433","0.08256259560585022","0.11400038748979568"
"841","0.09814683596293132","0.08641462028026581","0.10786432027816772","0.09712053835391998","0.08735579252243042","0.10606566071510315","0.2614547312259674","0.2614547312259674","0.2614547312259674","0.25745469331741333","0.2501615881919861","0.2647477984428406","0.09791277845700581","0.08638597279787064","0.10736747086048126"
"842","0.09687770158052444","0.09159727394580841","0.10064298659563065","0.09609497586886089","0.09029340744018555","0.09902976453304291","0.27032235264778137","0.27032235264778137","0.27032235264778137","0.24355915188789368","0.23149138689041138","0.255626916885376","0.09681930392980576","0.0921933650970459","0.1000249832868576"
"843","0.10011911640564601","0.09829999506473541","0.1021922156214714","0.09769306580225627","0.09579353034496307","0.09886372834444046","0.2469138503074646","0.2469138503074646","0.2469138503074646","0.2516050189733505","0.25100505352020264","0.2522049844264984","0.09888288378715515","0.09729353338479996","0.10103528946638107"
"844","0.08920532713333766","0.07446198910474777","0.09680849313735962","0.08896013100941975","0.07618159800767899","0.09739192575216293","0.22280099987983704","0.22280099987983704","0.22280099987983704","0.23566924035549164","0.23459893465042114","0.23673954606056213","0.0886191005508105","0.07434176653623581","0.09635001420974731"
"845","0.09558671464522679","0.09360304474830627","0.09912510216236115","0.09406436483065288","0.09094458818435669","0.09979964792728424","0.26118969917297363","0.26118969917297363","0.26118969917297363","0.250167116522789","0.24585235118865967","0.25448188185691833","0.09568898379802704","0.09288784861564636","0.10041545331478119"
"846","0.096634474893411","0.08772093802690506","0.10595538467168808","0.09546732157468796","0.08670379966497421","0.10531957447528839","0.2393207848072052","0.2393207848072052","0.2393207848072052","0.2597544938325882","0.25939586758613586","0.2601131200790405","0.0962697962919871","0.0874691754579544","0.10554029047489166"
"847","0.10017892718315125","0.08057741820812225","0.12218426167964935","0.09786469986041386","0.07864673435688019","0.11845739930868149","0.24692323803901672","0.24692323803901672","0.24692323803901672","0.2405722737312317","0.22464853525161743","0.25649601221084595","0.09957898656527202","0.0788593590259552","0.1222454309463501"
"848","0.09377688417832057","0.07586967945098877","0.11671648174524307","0.09170479824145635","0.07407655566930771","0.11481595784425735","0.2466554045677185","0.2466554045677185","0.2466554045677185","0.25001274794340134","0.21800874173641205","0.2820167541503906","0.09348290661970775","0.07600405812263489","0.1164088249206543"
"849","0.09441838413476944","0.07921861857175827","0.10295554995536804","0.09248894453048706","0.07728920876979828","0.10055936872959137","0.2724146842956543","0.2724146842956543","0.2724146842956543","0.24943828582763672","0.23638319969177246","0.262493371963501","0.09414487828811009","0.07917498797178268","0.10292712599039078"
"850","0.10066092262665431","0.09933502972126007","0.10268225520849228","0.09857112169265747","0.09739916026592255","0.10072444379329681","0.2594209313392639","0.2594209313392639","0.2594209313392639","0.25561414659023285","0.25282022356987","0.2584080696105957","0.10002502053976059","0.09903086721897125","0.10191157460212708"
"851","0.09658319006363551","0.08723414689302444","0.10638399422168732","0.09475576629241307","0.08695483207702637","0.10376883298158646","0.2627684473991394","0.2627684473991394","0.2627684473991394","0.25085002183914185","0.23706263303756714","0.26463741064071655","0.09616532425085704","0.08642761409282684","0.10599863529205322"
"852","0.08788412312666576","0.08226679265499115","0.09290339052677155","0.08616846799850464","0.07918312400579453","0.09049957245588303","0.252158522605896","0.252158522605896","0.252158522605896","0.24739228934049606","0.23857413232326508","0.25621044635772705","0.08774924526611964","0.08202020078897476","0.0930720791220665"
"853","0.10115425537029903","0.09415479004383087","0.10621340572834015","0.09895131488641103","0.09194111078977585","0.10270567983388901","0.2863468527793884","0.2863468527793884","0.2863468527793884","0.25552964210510254","0.24951866269111633","0.26154062151908875","0.10083294659852982","0.09330213069915771","0.10660957545042038"
"854","0.0968534102042516","0.0874193012714386","0.10776814818382263","0.09448132912317912","0.0877303034067154","0.10399159789085388","0.26052600145339966","0.26052600145339966","0.26052600145339966","0.253401517868042","0.24172228574752808","0.2650807499885559","0.09644056856632233","0.08739114552736282","0.10651303827762604"
"855","0.09818995743989944","0.08873473107814789","0.10952488332986832","0.09714978684981664","0.08782083541154861","0.10586698353290558","0.2558763027191162","0.2558763027191162","0.2558763027191162","0.24324670433998108","0.2362925410270691","0.25020086765289307","0.09762399892012279","0.08770761638879776","0.109257772564888"
"856","0.1019040693839391","0.1000291034579277","0.10454224795103073","0.09941373268763225","0.0973331406712532","0.1027870625257492","0.2430214285850525","0.2430214285850525","0.2430214285850525","0.26093603670597076","0.25491562485694885","0.2669564485549927","0.10138849417368571","0.10000494867563248","0.10380498319864273"
"857","0.09609488894542058","0.08181066066026688","0.10502324998378754","0.09411076456308365","0.08160439878702164","0.1016288697719574","0.26926153898239136","0.26926153898239136","0.26926153898239136","0.25429660081863403","0.24085503816604614","0.2677381634712219","0.09603797147671382","0.08255763351917267","0.10466324537992477"
"858","0.09976005305846532","0.09623928368091583","0.10434412956237793","0.0987372597058614","0.09640402346849442","0.10113280266523361","0.2603375017642975","0.2603375017642975","0.2603375017642975","0.2518319934606552","0.250039279460907","0.25362470746040344","0.09936061004797618","0.09579017013311386","0.10420927405357361"
"859","0.10244567940632503","0.08827201277017593","0.11505916714668274","0.10122707734505336","0.0897849053144455","0.11086627840995789","0.28161147236824036","0.28161147236824036","0.28161147236824036","0.25326797366142273","0.2410825490951538","0.26545339822769165","0.10204085459311803","0.08773714303970337","0.11535695195198059"
"860","0.09039307137330373","0.08540777117013931","0.09839194267988205","0.08943885564804077","0.08429308980703354","0.09739726781845093","0.25452134013175964","0.25452134013175964","0.25452134013175964","0.24981249123811722","0.2419709414243698","0.2576540410518646","0.08996378382047017","0.0850466936826706","0.09769511222839355"
"861","0.10424802203973134","0.09627855569124222","0.1142527163028717","0.10162950307130814","0.09106601029634476","0.11358018219470978","0.25756850838661194","0.25756850838661194","0.25756850838661194","0.2671164572238922","0.2522018253803253","0.2820310890674591","0.10375457753737767","0.09519940614700317","0.1139574944972992"
"862","0.09897384295860927","0.09318439662456512","0.10341658443212509","0.09680451452732086","0.09079833328723907","0.10159376263618469","0.2460229992866516","0.2460229992866516","0.2460229992866516","0.2542344927787781","0.2533859610557556","0.25508302450180054","0.09853172302246094","0.09295620769262314","0.10257895290851593"
"863","0.09314052512248357","0.08827545493841171","0.10078485310077667","0.09094114849964778","0.08519679307937622","0.09969931840896606","0.24521468579769135","0.24521468579769135","0.24521468579769135","0.2549404054880142","0.24968746304512024","0.2601933479309082","0.09254027406374614","0.08786725997924805","0.10023440420627594"
"864","0.09084174036979675","0.08632869273424149","0.097636379301548","0.09030356009801228","0.0863269567489624","0.09625931829214096","0.25493714213371277","0.25493714213371277","0.25493714213371277","0.24447393417358398","0.2314487099647522","0.25749915838241577","0.0904550055662791","0.08627244830131531","0.09723709523677826"
"865","0.10318951060374577","0.10020624101161957","0.10806042701005936","0.10266248385111491","0.09766127914190292","0.11013196408748627","0.24207253754138947","0.24207253754138947","0.24207253754138947","0.2642296850681305","0.2596241533756256","0.2688352167606354","0.10313991705576579","0.10002432763576508","0.1080261766910553"
"866","0.09427930911382039","0.08640560507774353","0.1011057198047638","0.09281338006258011","0.08666133135557175","0.09836359322071075","0.24959993362426758","0.24959993362426758","0.24959993362426758","0.23549377173185349","0.23389722406864166","0.2370903193950653","0.09390247364838918","0.08639562129974365","0.10126310586929321"
"867","0.0958839903275172","0.09075886756181717","0.10402562469244003","0.09423363208770752","0.09075407683849335","0.10102742910385132","0.29659396409988403","0.29659396409988403","0.29659396409988403","0.2514352351427078","0.24620041251182556","0.2566700577735901","0.09526533881823222","0.08989439904689789","0.10312115401029587"
"868","0.09048336992661159","0.08874276280403137","0.09287983179092407","0.08966437230507533","0.08931022882461548","0.09010253846645355","0.24834179878234863","0.24834179878234863","0.24834179878234863","0.2448275089263916","0.24330104887485504","0.24635396897792816","0.08949985851844151","0.08756659179925919","0.09245559573173523"
"869","0.10009313623110454","0.09189505130052567","0.10715221613645554","0.09848430256048839","0.08956750482320786","0.10439759492874146","0.2802942991256714","0.2802942991256714","0.2802942991256714","0.27057604491710663","0.256159245967865","0.28499284386634827","0.0995921790599823","0.09117935597896576","0.1064101904630661"
"870","0.09764307240645091","0.09009267389774323","0.10479852557182312","0.09484648704528809","0.08742961287498474","0.10195928812026978","0.25981032848358154","0.25981032848358154","0.25981032848358154","0.2600565254688263","0.2545466423034668","0.2655664086341858","0.09728390475114186","0.08977067470550537","0.10414981096982956"
"871","0.09695519010225932","0.08975047618150711","0.10171222686767578","0.09497217585643132","0.08700741082429886","0.100889652967453","0.27474749088287354","0.27474749088287354","0.27474749088287354","0.2530549541115761","0.24585221707820892","0.26025769114494324","0.0965614343682925","0.09018842875957489","0.10108038038015366"
"872","0.10482705632845561","0.09827537089586258","0.11342209577560425","0.10237496097882588","0.09543640166521072","0.1144697442650795","0.2511734962463379","0.2511734962463379","0.2511734962463379","0.2714497148990631","0.26305487751960754","0.2798445522785187","0.10440308352311452","0.09741814434528351","0.1133853867650032"
"873","0.09999867777029674","0.09085096418857574","0.10866062343120575","0.0977568452556928","0.08896796405315399","0.1058228611946106","0.2488604187965393","0.2488604187965393","0.2488604187965393","0.2547826021909714","0.24865427613258362","0.26091092824935913","0.09942803531885147","0.090196393430233","0.1082599088549614"
"874","0.10075133045514424","0.08829523622989655","0.11193061619997025","0.0995929812391599","0.08786772191524506","0.10861556231975555","0.263560950756073","0.263560950756073","0.263560950756073","0.25215481221675873","0.24677994847297668","0.25752967596054077","0.1003105640411377","0.08878381550312042","0.1113162487745285"
"875","0.10370400796333949","0.09651856869459152","0.11729470640420914","0.10286137461662292","0.09473425149917603","0.11645345389842987","0.25316518545150757","0.25316518545150757","0.25316518545150757","0.2675137221813202","0.25094741582870483","0.28408002853393555","0.10307099670171738","0.09614485502243042","0.11619868129491806"
"876","0.10381629069646199","0.10103017091751099","0.10585980117321014","0.10185833275318146","0.10059580951929092","0.10285544395446777","0.2579658627510071","0.2579658627510071","0.2579658627510071","0.25513435900211334","0.2529328763484955","0.2573358416557312","0.10348449647426605","0.10071322321891785","0.10514813661575317"
"877","0.10481441517670949","0.09862230718135834","0.11400210857391357","0.10298725217580795","0.09575530886650085","0.11250477284193039","0.217681884765625","0.217681884765625","0.217681884765625","0.26147107779979706","0.2579520344734192","0.2649901211261749","0.1045329620440801","0.09828610718250275","0.11374308168888092"
"878","0.10577461868524551","0.09762392938137054","0.11526118218898773","0.10276147723197937","0.09311117231845856","0.11212121695280075","0.25406181812286377","0.25406181812286377","0.25406181812286377","0.26397621631622314","0.2584475874900818","0.2695048451423645","0.10520931581656139","0.09630195796489716","0.11473123729228973"
"879","0.09765435010194778","0.09080219268798828","0.10871453583240509","0.09539249291022618","0.08697094768285751","0.10634975880384445","0.26116862893104553","0.26116862893104553","0.26116862893104553","0.24192070960998535","0.24103400111198425","0.24280741810798645","0.09666842470566432","0.08987648785114288","0.10764021426439285"
"880","0.09742111464341481","0.0886111855506897","0.10773485898971558","0.09644944469134013","0.0865192711353302","0.10690075904130936","0.24528634548187256","0.24528634548187256","0.24528634548187256","0.2631315141916275","0.2557898759841919","0.2704731523990631","0.0974371110399564","0.08817848563194275","0.10725703090429306"
"881","0.09974621733029683","0.0921984314918518","0.1053934395313263","0.09826929867267609","0.09117710590362549","0.10473167896270752","0.22613471746444702","0.22613471746444702","0.22613471746444702","0.2535771355032921","0.24570001661777496","0.2614542543888092","0.09965075055758159","0.09190845489501953","0.10597514361143112"
"882","0.0961838886141777","0.08292649686336517","0.11025456339120865","0.09538700183232625","0.0847492590546608","0.10865283012390137","0.26006531715393066","0.26006531715393066","0.26006531715393066","0.24457045644521713","0.2286423295736313","0.260498583316803","0.09615454574426015","0.08302755653858185","0.10999591648578644"
"883","0.10111335416634877","0.09207431972026825","0.1083674281835556","0.09986659636100133","0.08916694670915604","0.10839243233203888","0.25840896368026733","0.25840896368026733","0.25840896368026733","0.2725696265697479","0.26779115200042725","0.2773481011390686","0.10099373757839203","0.092272087931633","0.10811732709407806"
"884","0.10150047888358434","0.09183699637651443","0.10995657742023468","0.09997109820445378","0.09077185392379761","0.10859666019678116","0.26696741580963135","0.26696741580963135","0.26696741580963135","0.25550657510757446","0.24185717105865479","0.26915597915649414","0.10130457580089569","0.09164111316204071","0.10935936868190765"
"885","0.09614296505848567","0.0867542028427124","0.1044159084558487","0.09411205848058064","0.08623147755861282","0.10155480355024338","0.2446841150522232","0.2446841150522232","0.2446841150522232","0.24767948687076569","0.23743373155593872","0.25792524218559265","0.09539392342170079","0.0864119604229927","0.10366441309452057"
"886","0.09474860628445943","0.08451250195503235","0.10156349837779999","0.09417902678251266","0.0849287360906601","0.0998624786734581","0.26068365573883057","0.26068365573883057","0.26068365573883057","0.24934346973896027","0.23952707648277283","0.2591598629951477","0.09384679545958836","0.08392716199159622","0.10055670887231827"
"887","0.10809848954280217","0.10258588194847107","0.11233608424663544","0.10593368858098984","0.10095050930976868","0.11047133058309555","0.2473333179950714","0.2473333179950714","0.2473333179950714","0.2636685371398926","0.24631226062774658","0.2810248136520386","0.10698885718981425","0.10183903574943542","0.1101943850517273"
"888","0.10552860299746196","0.09954811632633209","0.10936558246612549","0.10340109715859096","0.09674804657697678","0.10986003279685974","0.24098175764083862","0.24098175764083862","0.24098175764083862","0.27225998044013977","0.26538604497909546","0.2791339159011841","0.10484467695156734","0.09875262528657913","0.10846884548664093"
"889","0.0981236274043719","0.08576899021863937","0.11237746477127075","0.09615403910477956","0.08358834683895111","0.11026231944561005","0.24442599713802338","0.24442599713802338","0.24442599713802338","0.24398891627788544","0.23099258542060852","0.25698524713516235","0.09792305529117584","0.08545110374689102","0.11220017075538635"
"890","0.11096873879432678","0.099673330783844","0.12461231648921967","0.10890169441699982","0.09730187803506851","0.12179012596607208","0.2761703133583069","0.2761703133583069","0.2761703133583069","0.2693622261285782","0.25897565484046936","0.279748797416687","0.11062149951855342","0.09867014735937119","0.1244233250617981"
"891","0.09735830624898274","0.08787879347801208","0.10281427204608917","0.09680221726497014","0.08719479292631149","0.10283003002405167","0.2590968906879425","0.2590968906879425","0.2590968906879425","0.25494811683893204","0.24989502131938934","0.26000121235847473","0.09751716752847035","0.08844893425703049","0.10242468118667603"
"892","0.09799097726742427","0.0917951688170433","0.11017223447561264","0.09634419033924739","0.08936288952827454","0.10794110596179962","0.2689741551876068","0.2689741551876068","0.2689741551876068","0.26549041271209717","0.260231077671051","0.2707497477531433","0.09750025222698848","0.09120724350214005","0.11005482077598572"
"893","0.10732134679953258","0.10070036351680756","0.11872382462024689","0.10526509086290996","0.09791338443756104","0.11762474477291107","0.2533413767814636","0.2533413767814636","0.2533413767814636","0.27129223942756653","0.261303186416626","0.2812812924385071","0.10694263130426407","0.10030680149793625","0.11844994127750397"
"894","0.0956722969810168","0.09188008308410645","0.09912048280239105","0.09459332128365834","0.08886875212192535","0.09947647154331207","0.2519409656524658","0.2519409656524658","0.2519409656524658","0.2658289670944214","0.2646939158439636","0.26696401834487915","0.09476194034020106","0.09118534624576569","0.0984712615609169"
"895","0.10445596774419148","0.09234167635440826","0.11656546592712402","0.10147697726885478","0.09036849439144135","0.11307218670845032","0.24156799912452698","0.24156799912452698","0.24156799912452698","0.24678193032741547","0.23506182432174683","0.2585020363330841","0.10400283584992091","0.09184534102678299","0.11533986032009125"
"896","0.09334654361009598","0.08143709599971771","0.10453232377767563","0.0916682556271553","0.07882340997457504","0.10392092168331146","0.26488959789276123","0.26488959789276123","0.26488959789276123","0.25607162714004517","0.24797815084457397","0.26416510343551636","0.09311000506083171","0.08156520873308182","0.10386735945940018"
"897","0.10339065144459407","0.09602475166320801","0.10717607289552689","0.10213572531938553","0.09664685279130936","0.10492593795061111","0.26205626130104065","0.26205626130104065","0.26205626130104065","0.2622673809528351","0.2522483468055725","0.27228641510009766","0.10304637501637141","0.09574412554502487","0.10688488930463791"
"898","0.10048291335503261","0.09883342683315277","0.10204438120126724","0.09846461067597072","0.09584066271781921","0.10074153542518616","0.25860875844955444","0.25860875844955444","0.25860875844955444","0.25714071094989777","0.2492317259311676","0.26504969596862793","0.10012616713841756","0.09787344932556152","0.10202285647392273"
"899","0.09350823362668355","0.08872951567173004","0.10048100352287292","0.09250225375096004","0.08861138671636581","0.09801429510116577","0.23863011598587036","0.23863011598587036","0.23863011598587036","0.2402477040886879","0.23961065709590912","0.24088475108146667","0.09277524302403133","0.08754253387451172","0.1001182273030281"
"900","0.09712344904740651","0.09054476767778397","0.1012120395898819","0.09468779216210048","0.08796833455562592","0.09870825707912445","0.24110320210456848","0.24110320210456848","0.24110320210456848","0.24472668766975403","0.23232081532478333","0.25713256001472473","0.09661278625329335","0.08938981592655182","0.1004435271024704"
"901","0.09726236512263615","0.09330954402685165","0.10310468077659607","0.09463157753149669","0.08987751603126526","0.10135799646377563","0.24456140398979187","0.24456140398979187","0.24456140398979187","0.2547339051961899","0.2506445348262787","0.2588232755661011","0.09736574689547221","0.09299591183662415","0.10337240248918533"
"902","0.10516570756832759","0.09512969851493835","0.11557929962873459","0.10256862143675487","0.09203560650348663","0.11147257685661316","0.24536433815956116","0.24536433815956116","0.24536433815956116","0.25607767701148987","0.25287067890167236","0.2592846751213074","0.10472188641627629","0.09532982110977173","0.11429212987422943"
"903","0.09574484328428905","0.08987773209810257","0.10387993603944778","0.09347621599833171","0.08949916809797287","0.10053376853466034","0.2464343011379242","0.2464343011379242","0.2464343011379242","0.248389333486557","0.24346408247947693","0.2533145844936371","0.0952394629518191","0.08895167708396912","0.10353491455316544"
"904","0.10112375517686208","0.08604998886585236","0.11993405222892761","0.09870391090710957","0.08397702127695084","0.1172519326210022","0.23829331994056702","0.23829331994056702","0.23829331994056702","0.2559381201863289","0.23772303760051727","0.2741532027721405","0.10069202135006587","0.08526569604873657","0.11975863575935364"
"905","0.09775940825541814","0.09212572872638702","0.10621917247772217","0.09650479257106781","0.08930221199989319","0.10611924529075623","0.2551708519458771","0.2551708519458771","0.2551708519458771","0.25534655153751373","0.25312232971191406","0.2575707733631134","0.09732230256001155","0.0915728360414505","0.10671213269233704"
"906","0.10282522936662038","0.09401214867830276","0.10890274494886398","0.10021248708168666","0.09022881835699081","0.10532991588115692","0.2503568232059479","0.2503568232059479","0.2503568232059479","0.24662164598703384","0.23719538748264313","0.25604790449142456","0.10237732529640198","0.09316089749336243","0.10818588733673096"
"907","0.09876623004674911","0.08275602012872696","0.1105569377541542","0.0969414512316386","0.08082777261734009","0.10862313210964203","0.24511843919754028","0.24511843919754028","0.24511843919754028","0.265755370259285","0.26449620723724365","0.2670145332813263","0.09831018249193828","0.08244115114212036","0.10981220006942749"
"909","0.11256166050831477","0.10477601736783981","0.11740057170391083","0.11176215360562007","0.10660342872142792","0.1159810796380043","0.2511836588382721","0.2511836588382721","0.2511836588382721","0.26751717925071716","0.2596414089202881","0.27539294958114624","0.11165634791056316","0.10427090525627136","0.11595548689365387"
"910","0.08935593565305074","0.08545428514480591","0.09458251297473907","0.08824493239323299","0.0852988138794899","0.09185464680194855","0.2603093683719635","0.2603093683719635","0.2603093683719635","0.2345799058675766","0.2331540584564209","0.2360057532787323","0.08917166541020076","0.08542376011610031","0.09410779178142548"
"911","0.09320639570554097","0.0727505087852478","0.11169422417879105","0.09161931773026784","0.07060352712869644","0.10950268805027008","0.25140613317489624","0.25140613317489624","0.25140613317489624","0.2629889026284218","0.24595113098621368","0.2800266742706299","0.09232970327138901","0.0725971981883049","0.10992401838302612"
"912","0.10300933569669724","0.10199427604675293","0.1048147901892662","0.10087775687376659","0.09936896711587906","0.1020616814494133","0.25249138474464417","0.25249138474464417","0.25249138474464417","0.25200144201517105","0.2453809529542923","0.2586219310760498","0.10255621125300725","0.10161659121513367","0.10395601391792297"
"913","0.09135688841342926","0.08608680963516235","0.09692700952291489","0.09002761046091716","0.08449377119541168","0.09662224352359772","0.25190332531929016","0.25190332531929016","0.25190332531929016","0.24678920209407806","0.2438385784626007","0.24973982572555542","0.09109658499558766","0.08594583719968796","0.09679189324378967"
"914","0.10497838258743286","0.09341035783290863","0.11589524894952774","0.10198659698168437","0.088246650993824","0.11433548480272293","0.24933822453022003","0.24933822453022003","0.24933822453022003","0.2674120217561722","0.24841293692588806","0.2864111065864563","0.10439602782328923","0.09232871234416962","0.11570040136575699"
"915","0.0965979943672816","0.09320563077926636","0.0987911969423294","0.09387882053852081","0.09001506865024567","0.09749149531126022","0.2543099522590637","0.2543099522590637","0.2543099522590637","0.25384676456451416","0.24741575121879578","0.26027777791023254","0.0962482566634814","0.09308857470750809","0.0986214429140091"
"916","0.09085215379794438","0.08484795689582825","0.10196616500616074","0.08888354400793712","0.08244103193283081","0.1003912091255188","0.24202042818069458","0.24202042818069458","0.24202042818069458","0.25091657042503357","0.23669880628585815","0.265134334564209","0.090352068344752","0.08449199795722961","0.10142607986927032"
"917","0.0964182789127032","0.09575291723012924","0.09687847644090652","0.09444630891084671","0.09310950338840485","0.09526877105236053","0.2551816403865814","0.2551816403865814","0.2551816403865814","0.2516975551843643","0.25049710273742676","0.2528980076313019","0.0962704469760259","0.09533905982971191","0.09741979837417603"
"918","0.10823921859264374","0.09876763820648193","0.12276902794837952","0.10638267795244853","0.09931211918592453","0.11997299641370773","0.24324578046798706","0.24324578046798706","0.24324578046798706","0.265013188123703","0.2533518671989441","0.2766745090484619","0.10759592801332474","0.09796923398971558","0.12218615412712097"
"919","0.09471102307240169","0.08886012434959412","0.10375683009624481","0.09446758528550465","0.08959458768367767","0.10351815819740295","0.2525767683982849","0.2525767683982849","0.2525767683982849","0.23645873367786407","0.2364533543586731","0.23646411299705505","0.09422883639732997","0.08890445530414581","0.1029544547200203"
"920","0.08920509616533916","0.07969079911708832","0.09784700721502304","0.08863830069700877","0.07994040846824646","0.09538969397544861","0.24539057910442352","0.24539057910442352","0.24539057910442352","0.2413058876991272","0.23707035183906555","0.24554142355918884","0.0891268973549207","0.07964057475328445","0.09763435274362564"
"921","0.11296973874171574","0.1085469201207161","0.12113237380981445","0.11153084288040797","0.10797193646430969","0.1174127608537674","0.2624962329864502","0.2624962329864502","0.2624962329864502","0.2697974890470505","0.2612621784210205","0.27833279967308044","0.11258616795142491","0.10825474560260773","0.12058375030755997"
"922","0.10367177923520406","0.10265055298805237","0.10497066378593445","0.10301598658164342","0.10002224147319794","0.10537294298410416","0.23035024106502533","0.23035024106502533","0.23035024106502533","0.25958988070487976","0.25926172733306885","0.2599180340766907","0.10339113821585973","0.1013999879360199","0.10567527264356613"
"923","0.09644397596518199","0.09237994998693466","0.10244002938270569","0.0941505382458369","0.09121328592300415","0.09915828704833984","0.25153017044067383","0.25153017044067383","0.25153017044067383","0.264706127345562","0.2474004477262497","0.28201180696487427","0.09619620690743129","0.09262196719646454","0.10148616880178452"
"924","0.10025389244159062","0.087872214615345","0.10955490171909332","0.09820111840963364","0.08674786984920502","0.10695239901542664","0.2338874340057373","0.2338874340057373","0.2338874340057373","0.2523351162672043","0.23672181367874146","0.2679484188556671","0.09981648872296016","0.08680161833763123","0.10934463888406754"
"925","0.10155493766069412","0.09503497183322906","0.1085350513458252","0.0995048259695371","0.09351188689470291","0.10701623558998108","0.2709411680698395","0.2709411680698395","0.2709411680698395","0.2527128905057907","0.2431318461894989","0.2622939348220825","0.1008164534966151","0.0944770872592926","0.10770536214113235"
"926","0.09659293293952942","0.08750542253255844","0.10590893775224686","0.09622715910275777","0.08562208712100983","0.10697662830352783","0.24089670181274414","0.24089670181274414","0.24089670181274414","0.25573737919330597","0.24712952971458435","0.2643452286720276","0.09620503584543864","0.08728969842195511","0.1050150915980339"
"927","0.0997387891014417","0.0982314944267273","0.10176122933626175","0.09838102509578069","0.0968891903758049","0.09923049807548523","0.2500855326652527","0.2500855326652527","0.2500855326652527","0.253778874874115","0.2500111758708954","0.2575465738773346","0.09963249911864598","0.0984029546380043","0.10126085579395294"
"928","0.10324386010567348","0.09515909850597382","0.10869528353214264","0.10211283961931865","0.09451210498809814","0.10636067390441895","0.24328312277793884","0.24328312277793884","0.24328312277793884","0.2666061967611313","0.25868937373161316","0.2745230197906494","0.1025807186961174","0.09516546875238419","0.10745514929294586"
"929","0.10276470581690471","0.09910765290260315","0.11001034080982208","0.10194186866283417","0.09814111143350601","0.10761717706918716","0.24347321689128876","0.24347321689128876","0.24347321689128876","0.2519492283463478","0.24799098074436188","0.25590747594833374","0.10245995471874873","0.09903773665428162","0.10923433303833008"
"930","0.10151174664497375","0.09123165905475616","0.11156386137008667","0.10080835471550624","0.08952194452285767","0.11277332901954651","0.23348958790302277","0.23348958790302277","0.23348958790302277","0.2708170413970947","0.26272881031036377","0.2789052724838257","0.10075204571088155","0.09058153629302979","0.11071021854877472"
"931","0.10029534498850505","0.08853307366371155","0.1134335994720459","0.09834448248147964","0.08692596852779388","0.1109485998749733","0.2594064772129059","0.2594064772129059","0.2594064772129059","0.2534218281507492","0.23726540803909302","0.2695782482624054","0.09957535564899445","0.08772125840187073","0.11239130795001984"
"932","0.0988308812181155","0.08444975316524506","0.11054477095603943","0.09674536685148875","0.08251301944255829","0.10681610554456711","0.26670196652412415","0.26670196652412415","0.26670196652412415","0.24659565091133118","0.23898530006408691","0.25420600175857544","0.09826934585968654","0.0831260159611702","0.10923907160758972"
"933","0.09278840571641922","0.08262742310762405","0.10246402770280838","0.09151279926300049","0.08022978901863098","0.10178642719984055","0.2583375871181488","0.2583375871181488","0.2583375871181488","0.2595395892858505","0.25749674439430237","0.2615824341773987","0.09199429055054982","0.08203433454036713","0.10216787457466125"
"934","0.0915397231777509","0.08865369856357574","0.09469141066074371","0.08957164982954662","0.08647967875003815","0.09162361919879913","0.24400192499160767","0.24400192499160767","0.24400192499160767","0.24663511663675308","0.24176104366779327","0.2515091896057129","0.0910462811589241","0.08833969384431839","0.09427955746650696"
"935","0.09418496737877528","0.08813107758760452","0.10007838904857635","0.09265020489692688","0.08721937239170074","0.096697598695755","0.2387557476758957","0.2387557476758957","0.2387557476758957","0.24979159981012344","0.24746401607990265","0.25211918354034424","0.09345960368712743","0.08742909878492355","0.09965691715478897"
"936","0.08920937031507492","0.08310011029243469","0.09971082210540771","0.08696965128183365","0.08147811889648438","0.09610597789287567","0.251361608505249","0.251361608505249","0.251361608505249","0.2418997511267662","0.2381485402584076","0.24565096199512482","0.08869569500287373","0.08224288374185562","0.09917354583740234"
"937","0.09923485418160756","0.09489867091178894","0.10288013517856598","0.09714379658301671","0.09186440706253052","0.10224840044975281","0.2508172392845154","0.2508172392845154","0.2508172392845154","0.26679088175296783","0.2639342248439789","0.2696475386619568","0.09947678446769714","0.09407532215118408","0.1030859500169754"
"938","0.09668635825316112","0.08933297544717789","0.10288506001234055","0.09499217073122661","0.08831383287906647","0.10226953029632568","0.24345538020133972","0.24345538020133972","0.24345538020133972","0.25991594046354294","0.24645386636257172","0.27337801456451416","0.09619055688381195","0.08878346532583237","0.10256458818912506"
"939","0.09558710704247157","0.09452347457408905","0.09632549434900284","0.0931752547621727","0.09203572571277618","0.09467938542366028","0.25519493222236633","0.25519493222236633","0.25519493222236633","0.2526736408472061","0.25217780470848083","0.2531694769859314","0.09479076166947682","0.09400738030672073","0.09528107196092606"
"940","0.09764869014422099","0.09514976292848587","0.0989169329404831","0.09642661859591801","0.09222786873579025","0.09975206851959229","0.23667111992835999","0.23667111992835999","0.23667111992835999","0.2605496048927307","0.2557815909385681","0.2653176188468933","0.09706251074870427","0.09495338797569275","0.09890718758106232"
"941","0.10524477064609528","0.09725187718868256","0.11312227696180344","0.10235637178023656","0.0947721004486084","0.10848364979028702","0.2460862100124359","0.2460862100124359","0.2460862100124359","0.27272409200668335","0.2676253318786621","0.2778228521347046","0.10489168266455333","0.09698031097650528","0.11246167868375778"
"942","0.0944116438428561","0.09081222116947174","0.09897973388433456","0.09324902296066284","0.09105461835861206","0.09757895767688751","0.2259216606616974","0.2259216606616974","0.2259216606616974","0.24733621627092361","0.2427612990140915","0.25191113352775574","0.09399232516686122","0.08969856053590775","0.09985978901386261"
"943","0.08589355150858562","0.07590153813362122","0.0974302738904953","0.08458517243464787","0.07675281167030334","0.09458456188440323","0.24691933393478394","0.24691933393478394","0.24691933393478394","0.2302582561969757","0.22599861025810242","0.234517902135849","0.08539845546086629","0.07587731629610062","0.09636946767568588"
"944","0.09064385046561559","0.083609938621521","0.09906408935785294","0.0894091824690501","0.08161750435829163","0.0992584079504013","0.2630581855773926","0.2630581855773926","0.2630581855773926","0.24230170249938965","0.2320922315120697","0.2525111734867096","0.09046455224355061","0.08341217786073685","0.09884417057037354"
"945","0.10319497684637706","0.09678014367818832","0.11242927610874176","0.1016032521923383","0.0964445248246193","0.1097237765789032","0.2535885274410248","0.2535885274410248","0.2535885274410248","0.25518976897001266","0.24940018355846405","0.2609793543815613","0.10209338118632634","0.09554342180490494","0.1112418994307518"
"946","0.09717529267072678","0.08950033783912659","0.10538863390684128","0.09440308312575023","0.08948884904384613","0.10141624510288239","0.24931928515434265","0.24931928515434265","0.24931928515434265","0.24882883578538895","0.24622438848018646","0.25143328309059143","0.09654618799686432","0.08992110192775726","0.10450198501348495"
"947","0.09390514343976974","0.09132979065179825","0.09791304171085358","0.0927417054772377","0.09161687642335892","0.09417985379695892","0.24033482372760773","0.24033482372760773","0.24033482372760773","0.26551470160484314","0.2523588538169861","0.2786705493927002","0.09335572024186452","0.09093554317951202","0.09689094126224518"
"948","0.09417412181695302","0.08636339008808136","0.10033506900072098","0.09324865291515987","0.08957623690366745","0.09675639867782593","0.2531576156616211","0.2531576156616211","0.2531576156616211","0.24720779061317444","0.24039578437805176","0.2540197968482971","0.09382304549217224","0.08639172464609146","0.09921536594629288"
"949","0.09328847378492355","0.08947758376598358","0.09884004294872284","0.09072750558455785","0.08828172832727432","0.09533272683620453","0.2722927927970886","0.2722927927970886","0.2722927927970886","0.2596469298005104","0.24886323511600494","0.27043062448501587","0.09291100005308787","0.08987080305814743","0.09826335310935974"
"950","0.09873755772908528","0.08572018891572952","0.107497438788414","0.0967314566175143","0.08325273543596268","0.10637781769037247","0.24288392066955566","0.24288392066955566","0.24288392066955566","0.26494038105010986","0.25741976499557495","0.2724609971046448","0.09838842352231343","0.0846940129995346","0.10758648067712784"
"951","0.09383079409599304","0.07854416966438293","0.1171770989894867","0.09367253383000691","0.08102501183748245","0.1172913983464241","0.23232708871364594","0.23232708871364594","0.23232708871364594","0.26240719109773636","0.23151995241641998","0.29329442977905273","0.09330299993356068","0.07812896370887756","0.1163029745221138"
"952","0.08596273760000865","0.07940711826086044","0.09053056687116623","0.08453970402479172","0.07790037244558334","0.08940116316080093","0.24559777975082397","0.24559777975082397","0.24559777975082397","0.23998459428548813","0.22272972762584686","0.2572394609451294","0.08571838587522507","0.07915746420621872","0.09043408930301666"
"953","0.09476505716641744","0.08905228972434998","0.10054513812065125","0.09249730159838994","0.08609015494585037","0.09929253160953522","0.26250046491622925","0.26250046491622925","0.26250046491622925","0.2554510533809662","0.23392093181610107","0.2769811749458313","0.09386303772528966","0.08741457015275955","0.09990720450878143"
"954","0.09109820673863094","0.08171822875738144","0.10128653049468994","0.08997750530640285","0.07933040708303452","0.10129469633102417","0.2745106518268585","0.2745106518268585","0.2745106518268585","0.2642740458250046","0.2575712203979492","0.27097687125205994","0.09113798538843791","0.08100750297307968","0.10155702382326126"
"955","0.10012003282705943","0.09122112393379211","0.1095796525478363","0.09831002354621887","0.08862023055553436","0.10864977538585663","0.26964396238327026","0.26964396238327026","0.26964396238327026","0.2636837959289551","0.25308704376220703","0.2742805480957031","0.10013211766878764","0.09146988391876221","0.10873791575431824"
"956","0.0940021922190984","0.08990217000246048","0.10055460780858994","0.09369071573019028","0.09109048545360565","0.09820007532835007","0.2378503680229187","0.2378503680229187","0.2378503680229187","0.24246426671743393","0.2417333871126175","0.24319514632225037","0.09361730764309566","0.0894467830657959","0.10007832199335098"
"957","0.09891679137945175","0.09149464219808578","0.1078798919916153","0.09738053878148396","0.08705024421215057","0.10478506982326508","0.2421913743019104","0.2421913743019104","0.2421913743019104","0.25908756256103516","0.24897634983062744","0.26919877529144287","0.0981622909506162","0.09103041887283325","0.10620763152837753"
"958","0.08678696552912395","0.07991056144237518","0.09951642900705338","0.08595548818508784","0.07916636019945145","0.098902627825737","0.2556455135345459","0.2556455135345459","0.2556455135345459","0.24803251028060913","0.2346535325050354","0.26141148805618286","0.08642619103193283","0.07948748767375946","0.09895245730876923"
"959","0.09617750346660614","0.08669363707304001","0.10229561477899551","0.09380560865004857","0.08519170433282852","0.09857819974422455","0.24199527502059937","0.24199527502059937","0.24199527502059937","0.2658253312110901","0.2587791085243225","0.27287155389785767","0.0959367702404658","0.08718241751194","0.1019531637430191"
"960","0.08953135460615158","0.08197826147079468","0.09478336572647095","0.0884693016608556","0.08034861087799072","0.09584279358386993","0.25097528100013733","0.25097528100013733","0.25097528100013733","0.24340341985225677","0.22598248720169067","0.2608243525028229","0.08899918695290883","0.08092200011014938","0.09441088885068893"
"961","0.09784250458081563","0.09257377684116364","0.10769055783748627","0.09626494348049164","0.0890055000782013","0.10654859989881516","0.2363514006137848","0.2363514006137848","0.2363514006137848","0.263173907995224","0.2521791458129883","0.2741686701774597","0.09780384848515193","0.09175550937652588","0.10735735297203064"
"962","0.09358786046504974","0.08847400546073914","0.10123342275619507","0.0912058874964714","0.08538073301315308","0.09909122437238693","0.24097567796707153","0.24097567796707153","0.24097567796707153","0.24878455698490143","0.24221569299697876","0.2553534209728241","0.09300349156061809","0.08787808567285538","0.09986060112714767"
"963","0.09029799948136012","0.08538856357336044","0.09433643519878387","0.08830536901950836","0.08294699341058731","0.0938957929611206","0.24594466388225555","0.24594466388225555","0.24594466388225555","0.23980724811553955","0.22515586018562317","0.25445863604545593","0.08989298343658447","0.08530113846063614","0.0942063108086586"
"964","0.09126078834136327","0.08011432737112045","0.10225534439086914","0.0908956949909528","0.08053545653820038","0.10216556489467621","0.2595333755016327","0.2595333755016327","0.2595333755016327","0.2450733408331871","0.22884343564510345","0.26130324602127075","0.09053003787994385","0.07935824990272522","0.10192377120256424"
"965","0.08863660196463267","0.08407441526651382","0.09518437832593918","0.08723749220371246","0.0841098502278328","0.09254663437604904","0.24022303521633148","0.24022303521633148","0.24022303521633148","0.24349767714738846","0.23617015779018402","0.2508251965045929","0.08784610281387965","0.08335864543914795","0.09450989216566086"
"966","0.09933968385060628","0.09703478962182999","0.10362743586301804","0.09654114892085393","0.09417636692523956","0.10043077915906906","0.26712673902511597","0.26712673902511597","0.26712673902511597","0.24455539882183075","0.24071946740150452","0.24839133024215698","0.09854726493358612","0.09628497064113617","0.1027657687664032"
"967","0.10246830433607101","0.0910424292087555","0.10975231230258942","0.10193638503551483","0.09038272500038147","0.10828252136707306","0.24474632740020752","0.24474632740020752","0.24474632740020752","0.27233976125717163","0.2649739384651184","0.27970558404922485","0.10241357982158661","0.0915101021528244","0.10960179567337036"
"968","0.09671862175067265","0.08965769410133362","0.1027984544634819","0.09441872934500377","0.08888772875070572","0.09953894466161728","0.24834570288658142","0.24834570288658142","0.24834570288658142","0.24740878492593765","0.23396094143390656","0.26085662841796875","0.0963006541132927","0.08977483958005905","0.10142567753791809"
"969","0.091185229520003","0.07557785511016846","0.1072680875658989","0.09005291263262431","0.07479895651340485","0.10713708400726318","0.25004565715789795","0.25004565715789795","0.25004565715789795","0.25763358920812607","0.2495095580816269","0.26575762033462524","0.09083884209394455","0.0759640634059906","0.10662977397441864"
"970","0.09955546259880066","0.09152854979038239","0.11017446219921112","0.0973118469119072","0.08920006453990936","0.10667673498392105","0.2278142273426056","0.2278142273426056","0.2278142273426056","0.25269873440265656","0.2508375346660614","0.2545599341392517","0.09868519753217697","0.09046051651239395","0.10916633158922195"
"971","0.09155649691820145","0.08276689797639847","0.0987633615732193","0.08973916123310725","0.08123443275690079","0.0983060970902443","0.22584396600723267","0.22584396600723267","0.22584396600723267","0.23904840648174286","0.2263486087322235","0.2517482042312622","0.090863602856795","0.08245109766721725","0.09758991003036499"
"972","0.08985396971305211","0.08100665360689163","0.10322970151901245","0.08747758467992146","0.07885134965181351","0.10107894241809845","0.24883776903152466","0.24883776903152466","0.24883776903152466","0.24450784921646118","0.23251938819885254","0.2564963102340698","0.08899316688378651","0.08000661432743073","0.10235181450843811"
"973","0.09727192670106888","0.0932287871837616","0.10259778797626495","0.09547724823156993","0.0894312709569931","0.1008797138929367","0.2600448727607727","0.2600448727607727","0.2600448727607727","0.25680892169475555","0.2565698027610779","0.2570480406284332","0.09684273352225621","0.09254822880029678","0.10245197266340256"
"974","0.1005796566605568","0.0986994206905365","0.10188739746809006","0.09872642904520035","0.09529727697372437","0.10265078395605087","0.249245285987854","0.249245285987854","0.249245285987854","0.26332738995552063","0.25781747698783875","0.2688373029232025","0.09978140890598297","0.0975833386182785","0.10138896107673645"
"975","0.08919527878363927","0.08397845178842545","0.0925833135843277","0.08702392379442851","0.08227521181106567","0.09057904779911041","0.2567180097103119","0.2567180097103119","0.2567180097103119","0.2443641647696495","0.240725576877594","0.24800275266170502","0.08845304697751999","0.08354208618402481","0.09215718507766724"
"976","0.08675694465637207","0.08254468441009521","0.08957299590110779","0.08479918291171391","0.08072690665721893","0.08845141530036926","0.26213449239730835","0.26213449239730835","0.26213449239730835","0.24058763682842255","0.23230430483818054","0.24887096881866455","0.08615274727344513","0.08264117687940598","0.0884576216340065"
"977","0.09648710737625758","0.08413639664649963","0.10519760102033615","0.09491122514009476","0.08084829151630402","0.10513065755367279","0.24333825707435608","0.24333825707435608","0.24333825707435608","0.2640414535999298","0.2605558931827545","0.2675270140171051","0.0958172803123792","0.08331023901700974","0.10396169126033783"
"978","0.08915942410628001","0.07768511027097702","0.10394439101219177","0.08757270624240239","0.07719048857688904","0.1003735214471817","0.2641264796257019","0.2641264796257019","0.2641264796257019","0.22965241223573685","0.21831963956356049","0.2409851849079132","0.08849868178367615","0.07742693275213242","0.10323633253574371"
"979","0.09209185341993968","0.08821702748537064","0.09605264663696289","0.09042587379614513","0.08596910536289215","0.09472537040710449","0.23214396834373474","0.23214396834373474","0.23214396834373474","0.2557257115840912","0.2525363266468048","0.25891509652137756","0.09153261284033458","0.08719420433044434","0.09611776471138"
"980","0.09458610167105992","0.07761562615633011","0.10946710407733917","0.09308331459760666","0.07755818963050842","0.10749130696058273","0.2533555328845978","0.2533555328845978","0.2533555328845978","0.2548218443989754","0.2264855057001114","0.28315818309783936","0.09354873249928157","0.0779612809419632","0.10729856789112091"
"981","0.0927273357907931","0.08905092626810074","0.09969350695610046","0.09210833658774693","0.08778198808431625","0.09939591586589813","0.24632081389427185","0.24632081389427185","0.24632081389427185","0.24490731954574585","0.2385566234588623","0.2512580156326294","0.09236053377389908","0.08896302431821823","0.09887123852968216"
"982","0.09586181739966075","0.09095319360494614","0.0998855009675026","0.09484579414129257","0.09021630883216858","0.09757921099662781","0.23446126282215118","0.23446126282215118","0.23446126282215118","0.24745307862758636","0.24287745356559753","0.2520287036895752","0.09556027501821518","0.08987890183925629","0.09924274682998657"
"983","0.10134870807329814","0.09495217353105545","0.11104236543178558","0.09831575552622478","0.09117446839809418","0.10840432345867157","0.2849341630935669","0.2849341630935669","0.2849341630935669","0.2576717436313629","0.24633407592773438","0.26900941133499146","0.10076935589313507","0.09421229362487793","0.11048707365989685"
"984","0.1040928065776825","0.09882615506649017","0.11356373131275177","0.10236737628777821","0.09743983298540115","0.11085905879735947","0.24400176107883453","0.24400176107883453","0.24400176107883453","0.2620074450969696","0.2599034905433655","0.26411139965057373","0.10339986284573872","0.09796251356601715","0.11328288912773132"
"985","0.09199083099762599","0.08875181525945663","0.09804455935955048","0.08923476934432983","0.08542832732200623","0.09533388912677765","0.23141831159591675","0.23141831159591675","0.23141831159591675","0.24448071420192719","0.23338767886161804","0.25557374954223633","0.09068396935860316","0.08791718631982803","0.09603479504585266"
"986","0.09411246577898662","0.09026747941970825","0.09846252202987671","0.09142296761274338","0.08707233518362045","0.09651046991348267","0.24349819123744965","0.24349819123744965","0.24349819123744965","0.2583335041999817","0.2515779137611389","0.26508909463882446","0.0934897909561793","0.08943695574998856","0.09871415048837662"
"987","0.09285683184862137","0.08602332323789597","0.09791620820760727","0.09173357983430226","0.08513156324625015","0.09731610864400864","0.22492454946041107","0.22492454946041107","0.22492454946041107","0.2567956820130348","0.24922241270542145","0.2643689513206482","0.09239731977383296","0.08575080335140228","0.09784946590662003"
"988","0.09304258475701015","0.08491327613592148","0.10057665407657623","0.09176728377739589","0.08334027975797653","0.10119086503982544","0.2391848862171173","0.2391848862171173","0.2391848862171173","0.2550380378961563","0.2535468339920044","0.2565292418003082","0.09271950274705887","0.08511167019605637","0.09922082722187042"
"989","0.09927612046400706","0.09834864735603333","0.1011042445898056","0.09628807504971822","0.09343747794628143","0.09895243495702744","0.2357134073972702","0.2357134073972702","0.2357134073972702","0.2536188215017319","0.25303739309310913","0.2542002499103546","0.09855290005604427","0.09690826386213303","0.10050643980503082"
"990","0.08689371744791667","0.08207762241363525","0.09268060326576233","0.08595851560433705","0.08030905574560165","0.09160564839839935","0.234380304813385","0.234380304813385","0.234380304813385","0.2453479766845703","0.23367229104042053","0.2570236623287201","0.0861938049395879","0.08139346539974213","0.09236986935138702"
"991","0.09412202487389247","0.08665339648723602","0.09870272129774094","0.09305077294508617","0.08601275831460953","0.09682264178991318","0.24923956394195557","0.24923956394195557","0.24923956394195557","0.25255316495895386","0.2429834008216858","0.2621229290962219","0.09328719973564148","0.08622342348098755","0.09792523086071014"
"992","0.09631922592719395","0.09017544984817505","0.10222045332193375","0.09505654126405716","0.08763737976551056","0.1012006402015686","0.27497437596321106","0.27497437596321106","0.27497437596321106","0.2694522887468338","0.2661747634410858","0.2727298140525818","0.09594129025936127","0.08921059966087341","0.1024090051651001"
"993","0.09350510189930598","0.08313360065221786","0.10371612012386322","0.09124066432317098","0.0811610296368599","0.10258147120475769","0.2449454665184021","0.2449454665184021","0.2449454665184021","0.2530817538499832","0.2283780574798584","0.27778545022010803","0.09264496962229411","0.08226043730974197","0.1031298041343689"
"994","0.09352468450864156","0.09005898237228394","0.09531042724847794","0.09279228995243709","0.09108680486679077","0.09441736340522766","0.2517310380935669","0.2517310380935669","0.2517310380935669","0.2451324462890625","0.2420312911272049","0.2482336014509201","0.09337023893992107","0.08997909724712372","0.09531557559967041"
"995","0.09410771975914638","0.07570508122444153","0.1088503897190094","0.0916662613550822","0.07336512207984924","0.1059042438864708","0.24311146140098572","0.24311146140098572","0.24311146140098572","0.2563859522342682","0.24746614694595337","0.265305757522583","0.0934904192884763","0.0757470577955246","0.10785838961601257"
"996","0.08673650026321411","0.08231307566165924","0.092018261551857","0.0843021422624588","0.07897695899009705","0.08968889713287354","0.2374161034822464","0.2374161034822464","0.2374161034822464","0.23863953351974487","0.2299318015575409","0.24734726548194885","0.08625303953886032","0.08207377046346664","0.09117385745048523"
"997","0.09353835880756378","0.08080447465181351","0.10549192130565643","0.09149898340304692","0.07848328351974487","0.10397747159004211","0.26463285088539124","0.26463285088539124","0.26463285088539124","0.23987922072410583","0.22544622421264648","0.2543122172355652","0.0927040974299113","0.08050305396318436","0.10384588688611984"
"998","0.09706644465525945","0.08482620120048523","0.10403178632259369","0.09637270371119182","0.08436651527881622","0.10544857382774353","0.24356338381767273","0.24356338381767273","0.24356338381767273","0.24627689272165298","0.22454960644245148","0.2680041790008545","0.09645793338616689","0.08468281477689743","0.10304462164640427"
"999","0.09295699000358582","0.08571195602416992","0.09933391213417053","0.09054353833198547","0.08333852887153625","0.09865298867225647","0.24495519697666168","0.24495519697666168","0.24495519697666168","0.24531027674674988","0.23338869214057922","0.25723186135292053","0.09227220962444942","0.08511687815189362","0.09910877048969269"
"1000","0.08670179297526677","0.07697262614965439","0.09305822849273682","0.08567466338475545","0.07619435340166092","0.09278784692287445","0.2580711841583252","0.2580711841583252","0.2580711841583252","0.24063365161418915","0.23426014184951782","0.24700716137886047","0.08602444330851237","0.0759507343173027","0.09283220767974854"
"1002","0.08677494029204051","0.0831449031829834","0.09187053889036179","0.08610753963390987","0.08368536829948425","0.08873840421438217","0.2544499933719635","0.2544499933719635","0.2544499933719635","0.2334112823009491","0.2275160253047943","0.23930653929710388","0.08651804427305858","0.08225936442613602","0.09174356609582901"
"1003","0.0944013570745786","0.09230853617191315","0.09565568715333939","0.09301609794298808","0.09190290421247482","0.09399215877056122","0.2577546536922455","0.2577546536922455","0.2577546536922455","0.24830211699008942","0.24306336045265198","0.25354087352752686","0.09392949690421422","0.09237261116504669","0.09480804949998856"
"1004","0.09566477686166763","0.09056485444307327","0.10374055802822113","0.09451439728339513","0.09054113924503326","0.10138144344091415","0.23894794285297394","0.23894794285297394","0.23894794285297394","0.2523434907197952","0.25032344460487366","0.2543635368347168","0.09524779518445332","0.09066988527774811","0.1029701977968216"
"1005","0.09826842447121938","0.08830159157514572","0.10626354813575745","0.09714335948228836","0.08805204182863235","0.10267222672700882","0.26718294620513916","0.26718294620513916","0.26718294620513916","0.2552107721567154","0.23751375079154968","0.2729077935218811","0.09788564344247182","0.08773836493492126","0.10621947050094604"
"1006","0.09937862555185954","0.08591742813587189","0.10969492793083191","0.09747927635908127","0.08501555025577545","0.10692150145769119","0.24748310446739197","0.24748310446739197","0.24748310446739197","0.2557775527238846","0.2415957748889923","0.26995933055877686","0.09871786832809448","0.0853656753897667","0.10913656651973724"
"1007","0.08921435972054799","0.07969041168689728","0.09480178356170654","0.08812156816323598","0.07984291017055511","0.09372049570083618","0.23892921209335327","0.23892921209335327","0.23892921209335327","0.24579883366823196","0.23090974986553192","0.260687917470932","0.08919261644283931","0.08029158413410187","0.09452567994594574"
"1008","0.08948361128568649","0.08598849922418594","0.09516511857509613","0.08745432148377101","0.08352317661046982","0.09302785992622375","0.22200489044189453","0.22200489044189453","0.22200489044189453","0.2410573661327362","0.2331591546535492","0.24895557761192322","0.08904261390368144","0.08491059392690659","0.09488511085510254"
"1009","0.09484716753164928","0.09286568313837051","0.09880619496107101","0.09224263081947963","0.09037567675113678","0.09562204033136368","0.22087833285331726","0.22087833285331726","0.22087833285331726","0.24533619731664658","0.2384997457265854","0.25217264890670776","0.09442366411288579","0.09261877834796906","0.09764754772186279"
"1010","0.09062168498833974","0.08134807646274567","0.10377705097198486","0.08920399347941081","0.07865045219659805","0.10124422609806061","0.2501143515110016","0.2501143515110016","0.2501143515110016","0.24487483501434326","0.23647841811180115","0.2532712519168854","0.09018590301275253","0.08123870939016342","0.10256403684616089"
"1011","0.08774097263813019","0.08356659859418869","0.09331998974084854","0.08563444018363953","0.08105585724115372","0.09085962921380997","0.2511516213417053","0.2511516213417053","0.2511516213417053","0.24386228621006012","0.23842257261276245","0.2493019998073578","0.0877597803870837","0.08326298743486404","0.0934985876083374"
"1012","0.08467922111352284","0.08136279881000519","0.09006887674331665","0.08293176939090093","0.08120954036712646","0.08564651757478714","0.25623005628585815","0.25623005628585815","0.25623005628585815","0.2329433336853981","0.23066593706607819","0.23522073030471802","0.0846997673312823","0.0809786468744278","0.08968938142061234"
"1013","0.09608541180690129","0.08723828941583633","0.10364954173564911","0.09502074867486954","0.08453504741191864","0.10204099118709564","0.25259172916412354","0.25259172916412354","0.25259172916412354","0.2620178312063217","0.2603795528411865","0.2636561095714569","0.09522440036137898","0.08609642088413239","0.1036350429058075"
"1014","0.08816593885421753","0.08652710169553757","0.0890454351902008","0.08756802727778752","0.08640312403440475","0.08877392113208771","0.24308128654956818","0.24308128654956818","0.24308128654956818","0.24268703907728195","0.23506636917591095","0.25030770897865295","0.087687648832798","0.08545131981372833","0.08905579894781113"
"1015","0.09608714034159978","0.09221658110618591","0.09883230179548264","0.09508885194857915","0.0905187800526619","0.09895573556423187","0.22366292774677277","0.22366292774677277","0.22366292774677277","0.2576209753751755","0.25569841265678406","0.2595435380935669","0.09571358064810435","0.09165173768997192","0.0982406735420227"
"1016","0.08822755018870036","0.07823975384235382","0.09469270706176758","0.08791484187046687","0.07583848387002945","0.0943807065486908","0.26042479276657104","0.26042479276657104","0.26042479276657104","0.24342665076255798","0.24304240942001343","0.24381089210510254","0.08732977757851283","0.07745469361543655","0.09372560679912567"
"1017","0.09522651632626851","0.09237727522850037","0.10011230409145355","0.09354364623626073","0.0899263396859169","0.09761270880699158","0.24628356099128723","0.24628356099128723","0.24628356099128723","0.24595466256141663","0.24273298680782318","0.24917633831501007","0.09477318574984868","0.09178909659385681","0.09938663244247437"
"1018","0.09489439179499944","0.08730411529541016","0.09934352338314056","0.09232753266890843","0.08322088420391083","0.09823779761791229","0.24038881063461304","0.24038881063461304","0.24038881063461304","0.24862690269947052","0.2336900234222412","0.26356378197669983","0.0945466806491216","0.08756710588932037","0.09860332310199738"
"1019","0.09476141879955928","0.09240701049566269","0.09672392904758453","0.09321143726507823","0.08929164707660675","0.09687908738851547","0.24036574363708496","0.24036574363708496","0.24036574363708496","0.25221262872219086","0.24836865067481995","0.25605660676956177","0.09411515295505524","0.09099715948104858","0.09665250033140182"
"1020","0.09300473084052403","0.09096433967351913","0.09521263837814331","0.0913016547759374","0.08899038285017014","0.09253174066543579","0.26978230476379395","0.26978230476379395","0.26978230476379395","0.25274214893579483","0.24732239544391632","0.25816190242767334","0.09186361978451411","0.08995597064495087","0.09419883787631989"
"1021","0.09058802823225658","0.08339817821979523","0.09767618775367737","0.08904733260472615","0.08298339694738388","0.0939890667796135","0.2537887394428253","0.2537887394428253","0.2537887394428253","0.23720069974660873","0.23227082192897797","0.2421305775642395","0.08988427370786667","0.08257940411567688","0.09721868485212326"
"1022","0.09143462777137756","0.08740990608930588","0.09529411792755127","0.08981131513913472","0.08476021140813828","0.0951404720544815","0.22602160274982452","0.22602160274982452","0.22602160274982452","0.2484501376748085","0.24614255130290985","0.25075772404670715","0.09146850804487865","0.08660166710615158","0.09559560567140579"
"1023","0.09891222417354584","0.0925542414188385","0.10654743760824203","0.09803871810436249","0.09245530515909195","0.10646264255046844","0.25273826718330383","0.25273826718330383","0.25273826718330383","0.2447734698653221","0.23344402015209198","0.25610291957855225","0.09787515550851822","0.09135963767766953","0.10552992671728134"
"1024","0.09046430885791779","0.08239437639713287","0.10159264504909515","0.08907931049664815","0.08026745915412903","0.09922178089618683","0.2591177821159363","0.2591177821159363","0.2591177821159363","0.23709917068481445","0.2302301526069641","0.2439681887626648","0.0898513396581014","0.08193571120500565","0.10056114941835403"
"1025","0.09525058666865031","0.08573757112026215","0.10254347324371338","0.09366098294655482","0.08347421884536743","0.09928435832262039","0.2412198781967163","0.2412198781967163","0.2412198781967163","0.24415767192840576","0.23157864809036255","0.256736695766449","0.09433197478453319","0.08482687920331955","0.10188400000333786"
"1026","0.09217498203118642","0.08702002465724945","0.09785807132720947","0.08977022022008896","0.0839516893029213","0.09648115932941437","0.23465591669082642","0.23465591669082642","0.23465591669082642","0.2443946748971939","0.24296826124191284","0.24582108855247498","0.09124883512655894","0.08631281554698944","0.09678225219249725"
"1027","0.0933879887064298","0.09086989611387253","0.09583161771297455","0.09236674755811691","0.09027250111103058","0.09462226927280426","0.26595890522003174","0.26595890522003174","0.26595890522003174","0.24703329801559448","0.23819974064826965","0.2558668553829193","0.09339594592650731","0.0913291722536087","0.09548944234848022"
"1028","0.09734755754470825","0.07666222751140594","0.112158864736557","0.09400191903114319","0.07460696995258331","0.10907648503780365","0.22910645604133606","0.22910645604133606","0.22910645604133606","0.24325911700725555","0.2278086245059967","0.2587096095085144","0.09633930772542953","0.07482939958572388","0.11196476221084595"
"1029","0.09527750809987386","0.07386133074760437","0.10749833285808563","0.09510986010233562","0.07344679534435272","0.10740344226360321","0.24532665312290192","0.24532665312290192","0.24532665312290192","0.23997684568166733","0.21902455389499664","0.260929137468338","0.09447408219178517","0.0727091133594513","0.10682527720928192"
"1030","0.1003915121157964","0.0960974246263504","0.10827615112066269","0.09964318573474884","0.0935976654291153","0.10880014300346375","0.27060800790786743","0.27060800790786743","0.27060800790786743","0.2573874741792679","0.25707972049713135","0.2576952278614044","0.09971200426419576","0.09524833410978317","0.10803399980068207"
"1031","0.09300842136144638","0.09250836819410324","0.09331227838993073","0.09222821394602458","0.09120099246501923","0.09389534592628479","0.23844492435455322","0.23844492435455322","0.23844492435455322","0.24130946397781372","0.23735453188419342","0.24526439607143402","0.09270501881837845","0.09253064543008804","0.09296628832817078"
"1032","0.09514503180980682","0.09200469404459","0.09925408661365509","0.09329635898272197","0.0904950201511383","0.09784091264009476","0.25117987394332886","0.25117987394332886","0.25117987394332886","0.24841764569282532","0.23584908246994019","0.26098620891571045","0.09469539175430934","0.09094743430614471","0.09895627200603485"
"1033","0.09871519356966019","0.09350282698869705","0.10556285083293915","0.09721258531014125","0.09065904468297958","0.10269732773303986","0.2585218846797943","0.2585218846797943","0.2585218846797943","0.2527053877711296","0.2435728758573532","0.261837899684906","0.098300206164519","0.09275655448436737","0.10513561218976974"
"1034","0.09112889568010966","0.08139696717262268","0.09624984115362167","0.08931842694679896","0.08239331096410751","0.09331594407558441","0.23343122005462646","0.23343122005462646","0.23343122005462646","0.24124783277511597","0.2279670238494873","0.25452864170074463","0.09059973309437434","0.08097893744707108","0.09585875272750854"
"1035","0.0930977463722229","0.09046073257923126","0.0971999317407608","0.09141543010870616","0.0898599848151207","0.0944633036851883","0.275614857673645","0.275614857673645","0.275614857673645","0.2502792701125145","0.2473084181547165","0.2532501220703125","0.09301573038101196","0.09104106575250626","0.09665188938379288"
"1036","0.09012645483016968","0.08281759917736053","0.09642899036407471","0.08649262289206187","0.08078218251466751","0.09090594202280045","0.23842638731002808","0.23842638731002808","0.23842638731002808","0.24280178546905518","0.24009396135807037","0.24550960958003998","0.08969750006993611","0.08255574107170105","0.09535007178783417"
"1037","0.09142949680487315","0.08834108710289001","0.09636551886796951","0.09115852663914363","0.08832047879695892","0.0949697345495224","0.23545421659946442","0.23545421659946442","0.23545421659946442","0.24271699786186218","0.23607271909713745","0.24936127662658691","0.09098918984333675","0.08745326846837997","0.09643405675888062"
"1038","0.08985911806424458","0.08437688648700714","0.09331834316253662","0.08805630107720692","0.08219492435455322","0.091877281665802","0.25369274616241455","0.25369274616241455","0.25369274616241455","0.24491716176271439","0.24170942604541779","0.248124897480011","0.08923085530598958","0.08383782207965851","0.0928158238530159"
"1039","0.10099479804436366","0.09402476251125336","0.11038098484277725","0.09843647480010986","0.09316612780094147","0.10639205574989319","0.26105210185050964","0.26105210185050964","0.26105210185050964","0.2480708658695221","0.24470803141593933","0.25143370032310486","0.10081381102403005","0.09378177672624588","0.11008361726999283"
"1040","0.10328032076358795","0.09448868036270142","0.11536329984664917","0.10089061409235","0.09436511248350143","0.11126711964607239","0.24402114748954773","0.24402114748954773","0.24402114748954773","0.25609612464904785","0.24299350380897522","0.2691987454891205","0.10260497530301411","0.0940767228603363","0.11378277838230133"
"1041","0.10331535836060841","0.09634193778038025","0.1091725155711174","0.10226786881685257","0.09657231718301773","0.10602714121341705","0.27166876196861267","0.27166876196861267","0.27166876196861267","0.25874239206314087","0.25317123532295227","0.26431354880332947","0.10253059367338817","0.09550367295742035","0.10800866037607193"
"1042","0.09349992622931798","0.08867283165454865","0.10182652622461319","0.09088784704605739","0.08672851324081421","0.09820854663848877","0.22944876551628113","0.22944876551628113","0.22944876551628113","0.23819297552108765","0.23572513461112976","0.24066081643104553","0.092881145576636","0.0880771204829216","0.10090711712837219"
"1043","0.09065164128939311","0.08730721473693848","0.09388574957847595","0.08850043267011642","0.08554857969284058","0.09125626087188721","0.25183260440826416","0.25183260440826416","0.25183260440826416","0.2349385842680931","0.23218198120594025","0.23769518733024597","0.09050436317920685","0.08782429993152618","0.0938335508108139"
"1044","0.09616784751415253","0.09494832903146744","0.09750556200742722","0.09239666412274043","0.09061221778392792","0.09362372756004333","0.22655467689037323","0.22655467689037323","0.22655467689037323","0.24534571170806885","0.24149148166179657","0.24919994175434113","0.0950723687807719","0.09375765919685364","0.09637657552957535"
"1045","0.08761310329039891","0.08060180395841599","0.09258002042770386","0.08632987489302953","0.08013571053743362","0.09053438901901245","0.2492961287498474","0.2492961287498474","0.2492961287498474","0.24001625925302505","0.23859566450119019","0.24143685400485992","0.08740209539731343","0.08074236661195755","0.09238976240158081"
"1046","0.10239294419686","0.09572235494852066","0.10646569728851318","0.10132817427317302","0.09459717571735382","0.10548608005046844","0.26553502678871155","0.26553502678871155","0.26553502678871155","0.25601786375045776","0.24905383586883545","0.2629818916320801","0.10185550898313522","0.09491895884275436","0.10549520701169968"
"1047","0.09368583063284557","0.08800423890352249","0.09848570823669434","0.09187364826599757","0.08642352372407913","0.09547115862369537","0.25517508387565613","0.25517508387565613","0.25517508387565613","0.2478688731789589","0.23348747193813324","0.26225027441978455","0.09308981150388718","0.08769743144512177","0.09776090830564499"
"1048","0.09704996645450592","0.0898171067237854","0.10560832917690277","0.09618903944889705","0.08852185308933258","0.10319776833057404","0.2521800994873047","0.2521800994873047","0.2521800994873047","0.24752967059612274","0.24268770217895508","0.2523716390132904","0.09701543052991231","0.0903170257806778","0.10484002530574799"
"1049","0.09521286686261494","0.08399111032485962","0.10124415159225464","0.09456482032934825","0.08265639841556549","0.1011558473110199","0.2591971755027771","0.2591971755027771","0.2591971755027771","0.24809974431991577","0.22989895939826965","0.2663005292415619","0.09479662279287975","0.08321668207645416","0.10085085034370422"
"1050","0.09965937832991283","0.09136028587818146","0.10389742255210876","0.09857714672883351","0.09040917456150055","0.10425363481044769","0.23082944750785828","0.23082944750785828","0.23082944750785828","0.2401529848575592","0.23092758655548096","0.24937838315963745","0.09917444984118144","0.09091994911432266","0.10340362787246704"
"1051","0.09352343032757442","0.08969703316688538","0.10045570135116577","0.093159186343352","0.08762962371110916","0.10152697563171387","0.23861759901046753","0.23861759901046753","0.23861759901046753","0.252917543053627","0.24765947461128235","0.2581756114959717","0.09362866977850597","0.08926358819007874","0.10109645873308182"
"1052","0.10339449097712834","0.09920793771743774","0.10755278915166855","0.10268360128005345","0.0975303202867508","0.10780627280473709","0.2348916232585907","0.2348916232585907","0.2348916232585907","0.2670698016881943","0.265912264585495","0.26822733879089355","0.10232946773370107","0.09837263822555542","0.10623900592327118"
"1053","0.09705951809883118","0.09371040761470795","0.09996151179075241","0.09548249840736389","0.09154995530843735","0.09944993257522583","0.24044710397720337","0.24044710397720337","0.24044710397720337","0.25665880739688873","0.25586017966270447","0.257457435131073","0.09652261932690938","0.09342092275619507","0.09976702928543091"
"1054","0.09367409100135167","0.08903921395540237","0.09680472314357758","0.09137475490570068","0.08774702250957489","0.09476161003112793","0.25963708758354187","0.25963708758354187","0.25963708758354187","0.24703191965818405","0.2462991178035736","0.2477647215127945","0.09345954656600952","0.0877552181482315","0.09786611795425415"
"1055","0.09481438746054967","0.09447282552719116","0.09526122361421585","0.09306459625562032","0.09093987196683884","0.09428912401199341","0.25255152583122253","0.25255152583122253","0.25255152583122253","0.2552100643515587","0.24681128561496735","0.26360884308815","0.09406917293866475","0.093686044216156","0.09456302225589752"
"1056","0.08614843835433324","0.08468437194824219","0.08748236298561096","0.08391490330298741","0.0834357887506485","0.08419398963451385","0.2406558096408844","0.2406558096408844","0.2406558096408844","0.23673680424690247","0.23579911887645721","0.23767448961734772","0.08540552606185277","0.08450094610452652","0.08636214584112167"
"1057","0.09342575321594875","0.08825478702783585","0.096568763256073","0.09178280333677928","0.08639497309923172","0.09504736959934235","0.22516074776649475","0.22516074776649475","0.22516074776649475","0.24864688515663147","0.247685045003891","0.24960872530937195","0.09234434366226196","0.08708509802818298","0.09605143964290619"
"1058","0.09568404654661815","0.08098171651363373","0.1061200201511383","0.09347202877203624","0.07898753881454468","0.10503402352333069","0.24558885395526886","0.24558885395526886","0.24558885395526886","0.23964263498783112","0.21262198686599731","0.2666632831096649","0.09501674026250839","0.0800616592168808","0.10633140057325363"
"1059","0.09357766807079315","0.08566533029079437","0.10204464197158813","0.092534139752388","0.08609246462583542","0.10117752850055695","0.23176974058151245","0.23176974058151245","0.23176974058151245","0.2398647889494896","0.2302371710538864","0.24949240684509277","0.0928205947081248","0.08495806157588959","0.10150441527366638"
"1060","0.09009719640016556","0.0799885094165802","0.09892421960830688","0.08885622024536133","0.07881549000740051","0.09608452022075653","0.2579270899295807","0.2579270899295807","0.2579270899295807","0.24086429923772812","0.2315811961889267","0.25014740228652954","0.08969585349162419","0.07941745966672897","0.09819991886615753"
"1061","0.0906367301940918","0.08713536709547043","0.09319911897182465","0.08846626182397206","0.08492158353328705","0.09141603112220764","0.23858553171157837","0.23858553171157837","0.23858553171157837","0.25066670775413513","0.23916655778884888","0.2621668577194214","0.09027950714031856","0.086834616959095","0.09207910299301147"
"1062","0.09169728060563405","0.07709915935993195","0.10117936134338379","0.09013946106036504","0.07704246789216995","0.09825369715690613","0.2539329528808594","0.2539329528808594","0.2539329528808594","0.23820330947637558","0.21967314183712006","0.2567334771156311","0.09078997373580933","0.07655740529298782","0.10038020461797714"
"1063","0.09406080096960068","0.09036265313625336","0.09793000668287277","0.09202432384093602","0.08933450281620026","0.09499730169773102","0.25692662596702576","0.25692662596702576","0.25692662596702576","0.2535620480775833","0.24065712094306946","0.26646697521209717","0.09357864409685135","0.08994246274232864","0.09783205389976501"
"1064","0.0998324602842331","0.09202727675437927","0.10736420750617981","0.0976895069082578","0.09168727695941925","0.10311751067638397","0.25581228733062744","0.25581228733062744","0.25581228733062744","0.25432850420475006","0.24601471424102783","0.2626422941684723","0.09888759752114613","0.09191004931926727","0.10506225377321243"
"1065","0.09412854413191478","0.08377455919981003","0.10522017627954483","0.09247128913799922","0.08468347787857056","0.10192796587944031","0.24830541014671326","0.24830541014671326","0.24830541014671326","0.2483237162232399","0.23622335493564606","0.26042407751083374","0.09310621271530788","0.08285531401634216","0.1034049391746521"
"1066","0.09163621813058853","0.08679401129484177","0.09856018424034119","0.09174753973881404","0.0879768505692482","0.09612713754177094","0.23901870846748352","0.23901870846748352","0.23901870846748352","0.24222002178430557","0.2397274672985077","0.24471257627010345","0.0911589687069257","0.08642631024122238","0.0979631319642067"
"1067","0.09220775216817856","0.09059711545705795","0.09499557316303253","0.09156953543424606","0.08861804008483887","0.09530742466449738","0.22090522944927216","0.22090522944927216","0.22090522944927216","0.24429461359977722","0.23883631825447083","0.24975290894508362","0.0921240250269572","0.09014136344194412","0.09567583352327347"
"1068","0.10164925207694371","0.09991102665662766","0.10273903608322144","0.09954532980918884","0.09805700182914734","0.10125844180583954","0.25032639503479004","0.25032639503479004","0.25032639503479004","0.2639354467391968","0.25840693712234497","0.2694639563560486","0.10106352965037028","0.09948290884494781","0.10268844664096832"
"1069","0.08718408892552058","0.08329443633556366","0.09050734341144562","0.08575939883788426","0.0812751054763794","0.09060568362474442","0.24333317577838898","0.24333317577838898","0.24333317577838898","0.23533719778060913","0.2270888239145279","0.24358557164669037","0.0869214137395223","0.08313959836959839","0.09051693975925446"
"1070","0.09897084037462871","0.09192706644535065","0.10420779883861542","0.09765217453241348","0.09202909469604492","0.10360565036535263","0.24312716722488403","0.24312716722488403","0.24312716722488403","0.25224217772483826","0.24545881152153015","0.25902554392814636","0.0989340419570605","0.09187215566635132","0.10490085184574127"
"1072","0.0951450268427531","0.08995499461889267","0.10388138145208359","0.09362346678972244","0.0885109007358551","0.10216284543275833","0.24861319363117218","0.24861319363117218","0.24861319363117218","0.24994222819805145","0.24025973677635193","0.259624719619751","0.09499776860078175","0.0895863026380539","0.10341571271419525"
"1073","0.09589650233586629","0.083662249147892","0.10261792689561844","0.09374945362408955","0.08302371948957443","0.09961343556642532","0.2190905064344406","0.2190905064344406","0.2190905064344406","0.2413177490234375","0.22660791873931885","0.25602757930755615","0.09551700204610825","0.08376412093639374","0.10207559913396835"
"1074","0.0914603720108668","0.08481144160032272","0.10421117395162582","0.0883509988586108","0.08182771503925323","0.10134392231702805","0.26015204191207886","0.26015204191207886","0.26015204191207886","0.24769790470600128","0.23100429773330688","0.2643915116786957","0.09149799247582753","0.0843789204955101","0.10439274460077286"
"1075","0.09000585973262787","0.08501683175563812","0.09522106498479843","0.08893202990293503","0.08266004920005798","0.09410586953163147","0.23919528722763062","0.23919528722763062","0.23919528722763062","0.24365146458148956","0.2428087294101715","0.24449419975280762","0.08922628810008366","0.08460266888141632","0.0928008109331131"
"1076","0.08540630588928859","0.07490181922912598","0.09782025963068008","0.08321244517962138","0.07285026460886002","0.09423790127038956","0.268014520406723","0.268014520406723","0.268014520406723","0.22356273233890533","0.2203984558582306","0.22672700881958008","0.08519355704387029","0.07449553906917572","0.09739784896373749"
"1077","0.0888574297229449","0.07733563333749771","0.09861034154891968","0.08724425733089447","0.07628825306892395","0.09618285298347473","0.2456834763288498","0.2456834763288498","0.2456834763288498","0.23365388810634613","0.2247515767812729","0.24255619943141937","0.08906777948141098","0.07809486985206604","0.09866051375865936"
"1078","0.10265721132357915","0.09430275112390518","0.11021004617214203","0.10242317616939545","0.09591273963451385","0.10854196548461914","0.24932272732257843","0.24932272732257843","0.24932272732257843","0.25206705182790756","0.2446630448102951","0.25947105884552","0.10225030034780502","0.09389866888523102","0.10972323268651962"
"1079","0.09212249020735423","0.08600351214408875","0.09843776375055313","0.08997826029856999","0.08496886491775513","0.09537932276725769","0.21596747636795044","0.21596747636795044","0.21596747636795044","0.2371164932847023","0.23445841670036316","0.23977456986904144","0.09137604137261708","0.08545733988285065","0.09785810858011246"
"1080","0.09016888837019603","0.08630350232124329","0.09526288509368896","0.0889036034544309","0.08496321737766266","0.09518056362867355","0.2587728500366211","0.2587728500366211","0.2587728500366211","0.24053842574357986","0.2323031723499298","0.24877367913722992","0.08953788379828136","0.08557833731174469","0.0947093591094017"
"1081","0.1000283236304919","0.0956670492887497","0.10434884577989578","0.09712868680556615","0.09310391545295715","0.10164450854063034","0.24790413677692413","0.24790413677692413","0.24790413677692413","0.2507227659225464","0.24802270531654358","0.2534228265285492","0.09966851274172465","0.09554193168878555","0.10401805490255356"
"1082","0.08909627050161362","0.08854132890701294","0.08982080966234207","0.08778286973635356","0.08582913875579834","0.08984751999378204","0.24792861938476562","0.24792861938476562","0.24792861938476562","0.23962487280368805","0.2392204850912094","0.2400292605161667","0.08894943445920944","0.08788294345140457","0.09080033004283905"
"1083","0.09270655115445454","0.09131183475255966","0.09354649484157562","0.09276867906252544","0.09179677069187164","0.09463819116353989","0.25206005573272705","0.25206005573272705","0.25206005573272705","0.24253620952367783","0.2358427345752716","0.24922968447208405","0.0926517869035403","0.09082167595624924","0.0938175618648529"
"1084","0.09407025575637817","0.08649952709674835","0.10287265479564667","0.09267776707808177","0.08419950306415558","0.10089173913002014","0.2537878751754761","0.2537878751754761","0.2537878751754761","0.23870161175727844","0.23481032252311707","0.24259290099143982","0.09344965467850368","0.08564682304859161","0.10287163406610489"
"1085","0.08863426248232524","0.07860006392002106","0.09703829884529114","0.08805166929960251","0.07704522460699081","0.0976807028055191","0.2502603530883789","0.2502603530883789","0.2502603530883789","0.24281083047389984","0.23887382447719574","0.24674783647060394","0.08891334384679794","0.0790412649512291","0.09754800796508789"
"1086","0.09068716565767924","0.0784158855676651","0.09702863544225693","0.08984427650769551","0.07670565694570541","0.09730496257543564","0.240651935338974","0.240651935338974","0.240651935338974","0.24959337711334229","0.24479061365127563","0.25439614057540894","0.09050155927737553","0.07812408357858658","0.0972735732793808"
"1087","0.09026246269543965","0.08306792378425598","0.09769085049629211","0.08882007002830505","0.08315170556306839","0.09412715584039688","0.2396472692489624","0.2396472692489624","0.2396472692489624","0.23655550181865692","0.23350781202316284","0.239603191614151","0.08934645851453145","0.08210036158561707","0.0968656837940216"
"1088","0.09394048154354095","0.0887526422739029","0.10169185698032379","0.09194449335336685","0.08692946285009384","0.09855149686336517","0.23194292187690735","0.23194292187690735","0.23194292187690735","0.2407882660627365","0.24003982543945312","0.2415367066860199","0.09353268146514893","0.08845409750938416","0.1013822853565216"
"1089","0.09301916758219402","0.08848878741264343","0.09923137724399567","0.09311802685260773","0.09003518521785736","0.09612828493118286","0.24330300092697144","0.24330300092697144","0.24330300092697144","0.2404770851135254","0.23376840353012085","0.24718576669692993","0.09223370005687077","0.08777755498886108","0.09789761900901794"
"1090","0.09434826423724492","0.08161569386720657","0.10260182619094849","0.09233032663663228","0.07905642688274384","0.10086724162101746","0.23236417770385742","0.23236417770385742","0.23236417770385742","0.24082638323307037","0.2308448851108551","0.25080788135528564","0.0940245861808459","0.08154711872339249","0.10218164324760437"
"1091","0.09018198649088542","0.08461946249008179","0.09554637968540192","0.08709442367156346","0.08287207782268524","0.09026646614074707","0.2518827021121979","0.2518827021121979","0.2518827021121979","0.24181914329528809","0.23599538207054138","0.2476429045200348","0.08961529284715652","0.08501435071229935","0.09489748626947403"
"1092","0.08892318606376648","0.07474356889724731","0.09736453741788864","0.08641663938760757","0.0724145770072937","0.09583285450935364","0.2449888437986374","0.2449888437986374","0.2449888437986374","0.23356392979621887","0.22546255588531494","0.2416653037071228","0.0885371391971906","0.07439069449901581","0.09702703356742859"
"1093","0.090639332930247","0.08862319588661194","0.09384307265281677","0.09199039141337077","0.08681957423686981","0.09727010875940323","0.2560775578022003","0.2560775578022003","0.2560775578022003","0.2504071816802025","0.2484668642282486","0.25234749913215637","0.0906239499648412","0.0884830430150032","0.09407717734575272"
"1094","0.10011724382638931","0.09119337797164917","0.10894943028688431","0.09894973039627075","0.0925673395395279","0.10594606399536133","0.24819451570510864","0.24819451570510864","0.24819451570510864","0.25499817728996277","0.2527569532394409","0.2572394013404846","0.09977032740910848","0.09090596437454224","0.10889816284179688"
"1095","0.09149545182784398","0.08880490809679031","0.09650088846683502","0.09087491780519485","0.08700674772262573","0.09699124842882156","0.23252195119857788","0.23252195119857788","0.23252195119857788","0.23503167182207108","0.22518271207809448","0.24488063156604767","0.09115984539190929","0.08849401772022247","0.09599500894546509"
"1096","0.10413770129283269","0.08882124722003937","0.11743593961000443","0.10159717003504436","0.08732150495052338","0.1150655671954155","0.25503432750701904","0.25503432750701904","0.25503432750701904","0.24526414275169373","0.2329171895980835","0.25761109590530396","0.1035907616217931","0.08837196975946426","0.11705853790044785"
"1097","0.08941310892502467","0.08494648337364197","0.09196095913648605","0.08781159420808156","0.08277595788240433","0.09107934683561325","0.24408051371574402","0.24408051371574402","0.24408051371574402","0.24332860857248306","0.2379739135503769","0.24868330359458923","0.0890191172560056","0.08398869633674622","0.09169020503759384"
"1098","0.09374608347813289","0.08763590455055237","0.10360049456357956","0.09065358837445577","0.08476483076810837","0.09948840737342834","0.24144867062568665","0.24144867062568665","0.24144867062568665","0.2449236586689949","0.23845340311527252","0.2513939142227173","0.0931003987789154","0.08648016303777695","0.10310246795415878"
"1099","0.0914008766412735","0.08609679341316223","0.09922836720943451","0.09106260289748509","0.0856408029794693","0.0967724472284317","0.22820600867271423","0.22820600867271423","0.22820600867271423","0.24128125607967377","0.2397570013999939","0.24280551075935364","0.09084196140368779","0.08563405275344849","0.09899918735027313"
"1100","0.09151224792003632","0.08414886146783829","0.09909167885780334","0.09032180656989415","0.08238144218921661","0.10003671795129776","0.22867251932621002","0.22867251932621002","0.22867251932621002","0.240418940782547","0.23443830013275146","0.24639958143234253","0.09128692746162415","0.08330419659614563","0.09866908937692642"
"1101","0.08610261976718903","0.07382019609212875","0.09372440725564957","0.08523594836393993","0.07281982898712158","0.09505341947078705","0.22204430401325226","0.22204430401325226","0.22204430401325226","0.24497085809707642","0.2434217929840088","0.24651992321014404","0.08565632005532582","0.07309950888156891","0.0946345329284668"
"1102","0.08982785046100616","0.08592888712882996","0.09384986013174057","0.08749427894751231","0.08451575040817261","0.09017065912485123","0.21860213577747345","0.21860213577747345","0.21860213577747345","0.23200184851884842","0.23091110587120056","0.23309259116649628","0.08954055358966191","0.08506909012794495","0.09424155950546265"
"1103","0.09531796971956889","0.09103518724441528","0.09784141182899475","0.09403791775306065","0.09178329259157181","0.09675286710262299","0.2580413222312927","0.2580413222312927","0.2580413222312927","0.244173064827919","0.23603734374046326","0.25230878591537476","0.09478209912776947","0.09003815054893494","0.09781453013420105"
"1104","0.09184093276659648","0.08428901433944702","0.09698550403118134","0.09097895274559657","0.0840604305267334","0.09700202196836472","0.25368532538414","0.25368532538414","0.25368532538414","0.24418668448925018","0.23417004942893982","0.25420331954956055","0.09159338722626369","0.08392366021871567","0.09708374738693237"
"1105","0.09064354499181111","0.08038409054279327","0.09986089169979095","0.0892133687933286","0.07938012480735779","0.09745403379201889","0.24610362946987152","0.24610362946987152","0.24610362946987152","0.253613606095314","0.24933946132659912","0.25788775086402893","0.09012043724457423","0.08003939688205719","0.09877575933933258"
"1106","0.10252255946397781","0.09957866370677948","0.10581407696008682","0.10103768855333328","0.0991966724395752","0.10374313592910767","0.24259242415428162","0.24259242415428162","0.24259242415428162","0.2541179209947586","0.2512502074241638","0.2569856345653534","0.10239123056332271","0.10013416409492493","0.1052575334906578"
"1107","0.1048741489648819","0.09876493364572525","0.10866092890501022","0.10241624712944031","0.09413132071495056","0.10767564177513123","0.2456171214580536","0.2456171214580536","0.2456171214580536","0.25585266947746277","0.2508642077445984","0.26084113121032715","0.10494521260261536","0.09834001958370209","0.10869915783405304"
"1108","0.09374364465475082","0.08235611766576767","0.10138614475727081","0.09291966756184895","0.08263470232486725","0.10154010355472565","0.25926777720451355","0.25926777720451355","0.25926777720451355","0.24069717526435852","0.231265127658844","0.25012922286987305","0.09327070663372676","0.08201135694980621","0.10159868001937866"
"1109","0.09390151500701904","0.08903022110462189","0.10061606764793396","0.09204769382874171","0.08766455948352814","0.09907279908657074","0.22481611371040344","0.22481611371040344","0.22481611371040344","0.24514396488666534","0.23736342787742615","0.25292450189590454","0.09376582006613414","0.08925535529851913","0.10062208771705627"
"1110","0.09318318217992783","0.0848386213183403","0.09976273775100708","0.09258791307608287","0.08574055135250092","0.10021317005157471","0.24938717484474182","0.24938717484474182","0.24938717484474182","0.2430146262049675","0.22704260051250458","0.2589866518974304","0.092802661160628","0.08511929214000702","0.09935778379440308"
"1111","0.0994538019100825","0.098142609000206","0.10122941434383392","0.09908065696557362","0.09849272668361664","0.09953874349594116","0.24013659358024597","0.24013659358024597","0.24013659358024597","0.24255389720201492","0.2400762140750885","0.24503158032894135","0.09985073159138362","0.09884559363126755","0.10093137621879578"
"1112","0.0878609965244929","0.08372335135936737","0.09339027851819992","0.08689933518568675","0.08392184972763062","0.09163075685501099","0.24255630373954773","0.24255630373954773","0.24255630373954773","0.23220206052064896","0.2252165675163269","0.239187553524971","0.08769775927066803","0.08384305238723755","0.0930706113576889"
"1113","0.09494402507940929","0.09043809771537781","0.09917393326759338","0.09263061980406444","0.087844118475914","0.09642140567302704","0.23798277974128723","0.23798277974128723","0.23798277974128723","0.2383231371641159","0.23443348705768585","0.24221278727054596","0.09467494984467824","0.08940829336643219","0.0993301123380661"
"1114","0.08946178605159123","0.08750484138727188","0.09062628448009491","0.08761070917050044","0.08585844188928604","0.089145228266716","0.2542893588542938","0.2542893588542938","0.2542893588542938","0.23514334112405777","0.23390378057956696","0.23638290166854858","0.0893062228957812","0.08689949661493301","0.09067979454994202"
"1115","0.0895344689488411","0.08240050077438354","0.1009615808725357","0.08715065568685532","0.08027034252882004","0.09819254279136658","0.22882908582687378","0.22882908582687378","0.22882908582687378","0.25020910799503326","0.24186384677886963","0.2585543692111969","0.08908873548110326","0.08263552933931351","0.10047605633735657"
"1116","0.10066245496273041","0.09471303224563599","0.10589735209941864","0.09971252083778381","0.09442373365163803","0.10315955430269241","0.2406599074602127","0.2406599074602127","0.2406599074602127","0.2534675598144531","0.25197386741638184","0.2549612522125244","0.09968337416648865","0.09456560015678406","0.10457496345043182"
"1117","0.10449635982513428","0.09909742325544357","0.10786081105470657","0.10217418521642685","0.09559334814548492","0.10611386597156525","0.23283451795578003","0.23283451795578003","0.23283451795578003","0.25663600862026215","0.2542804479598999","0.2589915692806244","0.10420699169238408","0.09888746589422226","0.10707987844944"
"1118","0.08772474527359009","0.07638297230005264","0.0978361964225769","0.08612790455420812","0.07477633655071259","0.09357353299856186","0.2469492256641388","0.2469492256641388","0.2469492256641388","0.22722315043210983","0.21518881618976593","0.23925748467445374","0.08708591014146805","0.07643703371286392","0.09677505493164062"
"1119","0.09382116297880809","0.08951710164546967","0.09663541615009308","0.09361791362365086","0.09228384494781494","0.09597992151975632","0.2449268400669098","0.2449268400669098","0.2449268400669098","0.24959350377321243","0.24881772696971893","0.25036928057670593","0.0931609074274699","0.08925393223762512","0.09596805274486542"
"1120","0.09447929014762242","0.08539734035730362","0.10876056551933289","0.09215400119622548","0.08332200348377228","0.10812409222126007","0.25750795006752014","0.25750795006752014","0.25750795006752014","0.2479703724384308","0.23858678340911865","0.2573539614677429","0.09378699213266373","0.08489043265581131","0.10824732482433319"
"1121","0.09184783945480983","0.081290602684021","0.0990947037935257","0.0902554119626681","0.0803009644150734","0.09759948402643204","0.2626410722732544","0.2626410722732544","0.2626410722732544","0.236050546169281","0.22338709235191345","0.24871399998664856","0.09159351636966069","0.0813135951757431","0.09918365627527237"
"1122","0.09565981229146321","0.09146729856729507","0.0993100181221962","0.09429946293433507","0.09101592749357224","0.09649774432182312","0.2526761293411255","0.2526761293411255","0.2526761293411255","0.24499327689409256","0.24264656007289886","0.24733999371528625","0.09536493321259816","0.09129633009433746","0.09857025742530823"
"1123","0.09230369329452515","0.08104237169027328","0.10131844878196716","0.08973328272501628","0.07797715067863464","0.09926094114780426","0.23383456468582153","0.23383456468582153","0.23383456468582153","0.24061861634254456","0.22643303871154785","0.25480419397354126","0.09149544934431712","0.07930855453014374","0.10097579658031464"
"1124","0.09476849685112636","0.08893653750419617","0.09958434104919434","0.0936049794157346","0.08989030122756958","0.09814804792404175","0.2535809278488159","0.2535809278488159","0.2535809278488159","0.2415713369846344","0.2373233139514923","0.2458193600177765","0.09404621769984563","0.08838235586881638","0.09875192493200302"
"1125","0.09586111704508464","0.08066397160291672","0.11125031858682632","0.09432731320460637","0.08074340969324112","0.1087019294500351","0.21398235857486725","0.21398235857486725","0.21398235857486725","0.22840411961078644","0.21846497058868408","0.2383432686328888","0.09567728638648987","0.08090192079544067","0.11050605773925781"
"1126","0.10286588966846466","0.08465997874736786","0.12024170160293579","0.10035490741332372","0.08241068571805954","0.1188153401017189","0.21537049114704132","0.21537049114704132","0.21537049114704132","0.270387202501297","0.25864511728286743","0.28212928771972656","0.1020919680595398","0.08457811921834946","0.1194017305970192"
"1127","0.089105986058712","0.08740171045064926","0.09071703255176544","0.08795141180356343","0.08648378401994705","0.09007877111434937","0.2602071762084961","0.2602071762084961","0.2602071762084961","0.24410837143659592","0.2428535521030426","0.24536319077014923","0.08884140849113464","0.08742550015449524","0.09013590216636658"
"1128","0.08769578238328297","0.08461569249629974","0.09331198036670685","0.08636384457349777","0.08308327198028564","0.0906672552227974","0.24783945083618164","0.24783945083618164","0.24783945083618164","0.22981546819210052","0.22078073024749756","0.2388502061367035","0.087478868663311","0.08459146320819855","0.09281022101640701"
"1129","0.09344033896923065","0.08762474358081818","0.10452274978160858","0.09199926257133484","0.08651797473430634","0.10209178924560547","0.23742330074310303","0.23742330074310303","0.23742330074310303","0.25264234840869904","0.2378118932247162","0.2674728035926819","0.0933047557870547","0.08708694577217102","0.10480864346027374"
"1130","0.09144777804613113","0.08312907069921494","0.09752092510461807","0.08988308906555176","0.08036728948354721","0.09664424508810043","0.2540290057659149","0.2540290057659149","0.2540290057659149","0.24274811148643494","0.2376583218574524","0.24783790111541748","0.0907072201371193","0.08213537186384201","0.09705784916877747"
"1131","0.08512883385022481","0.08294422924518585","0.08864341676235199","0.08296197404464085","0.08102326095104218","0.08672504872083664","0.23500841856002808","0.23500841856002808","0.23500841856002808","0.22590173035860062","0.2205032855272293","0.23130017518997192","0.08521981040636699","0.08281709253787994","0.08940162509679794"
"1132","0.09546841184298198","0.09327219426631927","0.09805165976285934","0.09307100127140681","0.09034814685583115","0.09728392213582993","0.25242161750793457","0.25242161750793457","0.25242161750793457","0.24390674382448196","0.2435261756181717","0.24428731203079224","0.09430791934331258","0.09185061603784561","0.09774915874004364"
"1133","0.08785081158081691","0.08167330920696259","0.09543391317129135","0.08627746502558391","0.07882677763700485","0.09389591962099075","0.241431325674057","0.241431325674057","0.241431325674057","0.23684827238321304","0.23679526150226593","0.23690128326416016","0.08707678318023682","0.08004079759120941","0.09537264704704285"
"1134","0.09810088823239009","0.09452131390571594","0.10129061341285706","0.09587808450063069","0.09380976855754852","0.09770368039608002","0.22211116552352905","0.22211116552352905","0.22211116552352905","0.247087262570858","0.23315010964870453","0.2610244154930115","0.09701562176148097","0.09386811405420303","0.10042990744113922"
"1135","0.09058673431475957","0.08455125242471695","0.09710671007633209","0.08946279684702556","0.08501984924077988","0.09620803594589233","0.2587127983570099","0.2587127983570099","0.2587127983570099","0.2417183294892311","0.23511403799057007","0.24832262098789215","0.09053792804479599","0.08481240272521973","0.09717284142971039"
"1136","0.10195668290058772","0.09308771789073944","0.11086060106754303","0.10057511428991954","0.09053627401590347","0.11015181988477707","0.2566085457801819","0.2566085457801819","0.2566085457801819","0.2578997313976288","0.2558470070362091","0.25995245575904846","0.10178299744923909","0.0926683321595192","0.11059726029634476"
"1137","0.0922624518473943","0.08677256107330322","0.10309575498104095","0.09044880419969559","0.08507291972637177","0.1001243069767952","0.2452121078968048","0.2452121078968048","0.2452121078968048","0.2314615100622177","0.2271481454372406","0.23577487468719482","0.092047318816185","0.08670765906572342","0.1023840606212616"
"1138","0.09424911191066106","0.0869019627571106","0.09864712506532669","0.09102862824996312","0.08429849147796631","0.09527750313282013","0.25735801458358765","0.25735801458358765","0.25735801458358765","0.2361934408545494","0.2361876368522644","0.2361992448568344","0.09322949002186458","0.08612753450870514","0.09700905531644821"
"1139","0.09414436916510265","0.08953777700662613","0.0972161814570427","0.0928508664170901","0.08694510161876678","0.09639456868171692","0.22380855679512024","0.22380855679512024","0.22380855679512024","0.24553558230400085","0.2330949306488037","0.257976233959198","0.09354033321142197","0.08903419971466064","0.09684482216835022"
"1140","0.09750647594531377","0.09141229093074799","0.10442212224006653","0.09677535792191823","0.08885601162910461","0.10705403238534927","0.24839255213737488","0.24839255213737488","0.24839255213737488","0.24940212070941925","0.23539882898330688","0.2634054124355316","0.09685682505369186","0.09015960246324539","0.10407309234142303"
"1142","0.09516108532746632","0.08820819854736328","0.09900674968957901","0.093668798605601","0.0885077491402626","0.09698079526424408","0.24487315118312836","0.24487315118312836","0.24487315118312836","0.23990817368030548","0.22320803999900818","0.2566083073616028","0.09462214012940724","0.08835307508707047","0.09805652499198914"
"1143","0.08900019278128941","0.07878232002258301","0.10345453023910522","0.08741847425699234","0.07742755115032196","0.10213278234004974","0.2286880910396576","0.2286880910396576","0.2286880910396576","0.2411930412054062","0.22106647491455078","0.2613196074962616","0.08845532933870952","0.07805728912353516","0.10257870703935623"
"1144","0.09849605212608974","0.0957862138748169","0.10166273266077042","0.09650443991025288","0.09474311769008636","0.09940802305936813","0.2759224772453308","0.2759224772453308","0.2759224772453308","0.2540106475353241","0.24072140455245972","0.2672998905181885","0.09829261898994446","0.09573350846767426","0.10151270776987076"
"1145","0.09138939529657364","0.07790571451187134","0.09815497696399689","0.08749357610940933","0.07347065210342407","0.09455540031194687","0.24107500910758972","0.24107500910758972","0.24107500910758972","0.24419300258159637","0.24139636754989624","0.2469896376132965","0.09090792387723923","0.07757090032100677","0.09780038148164749"
"1146","0.08988642444213231","0.08174397796392441","0.09569470584392548","0.08912572016318639","0.08168917149305344","0.09339755028486252","0.2554003894329071","0.2554003894329071","0.2554003894329071","0.23792728036642075","0.22718365490436554","0.24867090582847595","0.08931615948677063","0.0808783769607544","0.09467614442110062"
"1147","0.09219547857840855","0.08900698274374008","0.09823328256607056","0.09082439293464024","0.08670061826705933","0.09661541134119034","0.24964293837547302","0.24964293837547302","0.24964293837547302","0.2477262169122696","0.24249812960624695","0.25295430421829224","0.09173996249834697","0.08868801593780518","0.09775172173976898"
"1148","0.10572451104720433","0.09354230016469955","0.11637802422046661","0.10357273121674855","0.09189960360527039","0.11416580528020859","0.23613384366035461","0.23613384366035461","0.23613384366035461","0.24853647500276566","0.23797740042209625","0.25909554958343506","0.10530928770701091","0.09274734556674957","0.11619938164949417"
"1149","0.09501797209183376","0.09228034317493439","0.09803789108991623","0.09273350983858109","0.09179475903511047","0.09338334947824478","0.2667565941810608","0.2667565941810608","0.2667565941810608","0.241155706346035","0.23748789727687836","0.24482351541519165","0.09424849102894466","0.09173988550901413","0.0964154452085495"
"1150","0.084954634308815","0.0816497951745987","0.09075035154819489","0.08462050308783849","0.08243271708488464","0.08870486915111542","0.22852066159248352","0.22852066159248352","0.22852066159248352","0.24149642139673233","0.23988062143325806","0.2431122213602066","0.08418975273768108","0.08085250854492188","0.09027674049139023"
"1151","0.08719766139984131","0.08001978695392609","0.09311291575431824","0.0852735663453738","0.07779186964035034","0.08904175460338593","0.2052733600139618","0.2052733600139618","0.2052733600139618","0.23717150837183","0.22766128182411194","0.24668173491954803","0.08686346560716629","0.07949699461460114","0.09313039481639862"
"1152","0.10019645591576894","0.09509746730327606","0.10343120992183685","0.097128431002299","0.09219011664390564","0.09987663477659225","0.23705831170082092","0.23705831170082092","0.23705831170082092","0.25365984439849854","0.2532374858856201","0.25408220291137695","0.09998780488967896","0.09590282291173935","0.10271628201007843"
"1153","0.0980778659383456","0.09354276210069656","0.1051298975944519","0.09819761663675308","0.0903613343834877","0.10915718227624893","0.24610155820846558","0.24610155820846558","0.24610155820846558","0.24587854743003845","0.23957684636116028","0.2521802484989166","0.09833385050296783","0.09451457858085632","0.10530588030815125"
"1154","0.10127310703198115","0.09255176037549973","0.10645637661218643","0.09841210395097733","0.09116174280643463","0.10231315344572067","0.22457054257392883","0.22457054257392883","0.22457054257392883","0.25429998338222504","0.24526861310005188","0.2633313536643982","0.10038119554519653","0.09223325550556183","0.10562542080879211"
"1155","0.0892821674545606","0.08465877920389175","0.0970568135380745","0.08914528538783391","0.08236289024353027","0.09857168048620224","0.2617052495479584","0.2617052495479584","0.2617052495479584","0.2449280321598053","0.23578768968582153","0.25406837463378906","0.08918240666389465","0.0840090736746788","0.09695357084274292"
"1156","0.0897910346587499","0.07462605088949203","0.10256168246269226","0.08884570002555847","0.07481487095355988","0.10026046633720398","0.24306973814964294","0.24306973814964294","0.24306973814964294","0.23779511451721191","0.21955877542495728","0.25603145360946655","0.08921015510956447","0.07438495755195618","0.10213929414749146"
"1157","0.0935605193177859","0.08764395862817764","0.10092291980981827","0.09367915242910385","0.0863138735294342","0.10006188601255417","0.21750366687774658","0.21750366687774658","0.21750366687774658","0.24496612697839737","0.23402602970600128","0.25590622425079346","0.09353017061948776","0.08698476850986481","0.10093753784894943"
"1158","0.09699415912230809","0.09189588576555252","0.10179069638252258","0.09589526802301407","0.08734352141618729","0.1030067652463913","0.2679041028022766","0.2679041028022766","0.2679041028022766","0.25556348264217377","0.24991273880004883","0.2612142264842987","0.09615242729584376","0.09102080017328262","0.10076170414686203"
"1159","0.09379104524850845","0.08715624362230301","0.09829672425985336","0.0926689902941386","0.0876418948173523","0.09632592648267746","0.2578578293323517","0.2578578293323517","0.2578578293323517","0.24599245190620422","0.2458432912826538","0.24614161252975464","0.09338492651780446","0.08722419291734695","0.09748545289039612"
"1160","0.0915467341740926","0.08826470375061035","0.09420688450336456","0.08994946132103603","0.08719181269407272","0.0940144956111908","0.23911353945732117","0.23911353945732117","0.23911353945732117","0.23692155629396439","0.23077303171157837","0.2430700808763504","0.09076415747404099","0.0871489867568016","0.09395591914653778"
"1161","0.09367401897907257","0.08178277313709259","0.11311588436365128","0.09323425094286601","0.08167058229446411","0.11236456036567688","0.2223747968673706","0.2223747968673706","0.2223747968673706","0.23222659528255463","0.23122113943099976","0.2332320511341095","0.09319217006365459","0.08121094852685928","0.11260296404361725"
"1162","0.09243480861186981","0.0868762880563736","0.09737812727689743","0.09123839686314265","0.08547229319810867","0.09528084099292755","0.25049954652786255","0.25049954652786255","0.25049954652786255","0.23878823220729828","0.23626422882080078","0.24131223559379578","0.09214518964290619","0.08667910844087601","0.09652732312679291"
"1163","0.09974454343318939","0.09059501439332962","0.11470866203308105","0.09700705111026764","0.08576028048992157","0.11207308620214462","0.22355934977531433","0.22355934977531433","0.22355934977531433","0.2492360770702362","0.23303818702697754","0.2654339671134949","0.09861019005378087","0.08895011246204376","0.11327261477708817"
"1164","0.08814806739489238","0.08131624013185501","0.10094835609197617","0.08687488238016765","0.07880169153213501","0.09848988056182861","0.24521319568157196","0.24521319568157196","0.24521319568157196","0.23407985270023346","0.21379804611206055","0.25436165928840637","0.0878451739748319","0.08066464960575104","0.10149533301591873"