"Step","optimizer_name: sgd - train_loss","optimizer_name: sgd - train_loss__MIN","optimizer_name: sgd - train_loss__MAX","optimizer_name: sgdm - train_loss","optimizer_name: sgdm - train_loss__MIN","optimizer_name: sgdm - train_loss__MAX"
"0","13.7291579246521","13.35804557800293","14.124663352966309","13.7291579246521","13.35804557800293","14.124663352966309"
"1","8.935421705245972","8.699782371520996","9.214288711547852","8.898615837097168","8.743423461914062","9.086433410644531"
"2","3.447436511516571","3.094578266143799","4.016210556030273","3.3533406853675842","3.1048245429992676","3.708232879638672"
"3","2.2791841626167297","2.0927560329437256","2.389469861984253","2.267061412334442","2.052349090576172","2.4076526165008545"
"4","2.0354918837547302","1.9320886135101318","2.1365480422973633","2.031068831682205","1.929656982421875","2.147737741470337"
"5","1.860984355211258","1.8088526725769043","1.9174039363861084","1.8555694222450256","1.8155224323272705","1.9149049520492554"
"6","1.73837149143219","1.6888264417648315","1.7992162704467773","1.7343897223472595","1.6870205402374268","1.8029389381408691"
"7","1.747111976146698","1.7103902101516724","1.7967358827590942","1.7445210814476013","1.7139098644256592","1.7884464263916016"
"8","1.7664279341697693","1.6875181198120117","1.8266459703445435","1.7615635991096497","1.685012936592102","1.8144502639770508"
"9","1.7390565276145935","1.6816608905792236","1.7953417301177979","1.7335003018379211","1.679722547531128","1.777974247932434"
"10","1.6656554639339447","1.6511297225952148","1.6883924007415771","1.66310715675354","1.6467795372009277","1.6908173561096191"
"11","1.6881957650184631","1.652165412902832","1.719954490661621","1.6804577708244324","1.6529943943023682","1.7154570817947388"
"12","1.7211430072784424","1.694797158241272","1.7573355436325073","1.7182143330574036","1.694767951965332","1.754363775253296"
"13","1.6764600574970245","1.6042394638061523","1.7224351167678833","1.675532728433609","1.6009888648986816","1.7275446653366089"
"14","1.5395233631134033","1.5091911554336548","1.5551661252975464","1.536663293838501","1.5088565349578857","1.5524632930755615"
"15","1.6644776165485382","1.6324036121368408","1.6763900518417358","1.6614919304847717","1.6240737438201904","1.6755239963531494"
"16","1.5657856464385986","1.5469434261322021","1.5867841243743896","1.5625230073928833","1.5450564622879028","1.5755141973495483"
"17","1.5063667297363281","1.4888863563537598","1.5218300819396973","1.5037724077701569","1.490601658821106","1.5223424434661865"
"18","1.5485017001628876","1.5273525714874268","1.5679800510406494","1.5448232889175415","1.529207706451416","1.5683083534240723"
"19","1.536484807729721","1.521529197692871","1.549784779548645","1.532084584236145","1.5202933549880981","1.5424290895462036"
"20","1.5128884315490723","1.4994533061981201","1.5191210508346558","1.5109191238880157","1.500258207321167","1.5189106464385986"
"21","1.5924453139305115","1.5709855556488037","1.6022279262542725","1.5896521210670471","1.5614535808563232","1.6014846563339233"
"22","1.5399875044822693","1.4989938735961914","1.570358395576477","1.5361537635326385","1.4967505931854248","1.5571194887161255"
"23","1.4247781038284302","1.4149415493011475","1.4342458248138428","1.421890914440155","1.4131243228912354","1.4353232383728027"
"24","1.4878888428211212","1.4553232192993164","1.515032172203064","1.4851192831993103","1.4593472480773926","1.500728964805603"
"25","1.5003552734851837","1.4879887104034424","1.5125329494476318","1.4953364133834839","1.4888131618499756","1.504495620727539"
"26","1.4784448146820068","1.4693294763565063","1.4883215427398682","1.4771539866924286","1.454528570175171","1.4963783025741577"
"27","1.4588946402072906","1.4367069005966187","1.4775751829147339","1.4561606347560883","1.4346504211425781","1.4791759252548218"
"28","1.4317234456539154","1.4043912887573242","1.4649463891983032","1.4291561543941498","1.408186912536621","1.4529924392700195"
"29","1.5559428334236145","1.5334014892578125","1.581573724746704","1.5526064932346344","1.5341688394546509","1.583121657371521"
"30","1.4579146802425385","1.4208316802978516","1.486129879951477","1.4554110765457153","1.4267243146896362","1.4885270595550537"
"31","1.3922083377838135","1.3706135749816895","1.401322841644287","1.3890015482902527","1.3668586015701294","1.4036234617233276"
"32","1.3940796554088593","1.3842520713806152","1.4122873544692993","1.3917474150657654","1.3856443166732788","1.3977415561676025"
"33","1.4399235844612122","1.4087159633636475","1.4544470310211182","1.4357374608516693","1.4115016460418701","1.4560621976852417"
"34","1.3881533443927765","1.3649675846099854","1.4138379096984863","1.384974092245102","1.360823631286621","1.3990943431854248"
"35","1.4454335570335388","1.4306553602218628","1.4630087614059448","1.4402255713939667","1.4263943433761597","1.46458101272583"
"36","1.3751827478408813","1.3508751392364502","1.402424693107605","1.3728915750980377","1.3473032712936401","1.387404441833496"
"37","1.4010895788669586","1.379096508026123","1.4253039360046387","1.3971118330955505","1.3774176836013794","1.4273889064788818"
"38","1.3754082322120667","1.3285186290740967","1.4085729122161865","1.3720270991325378","1.3246569633483887","1.410935401916504"
"39","1.3019515573978424","1.269675850868225","1.33665132522583","1.2974611520767212","1.263606071472168","1.3392674922943115"
"40","1.3062763512134552","1.2886912822723389","1.3223375082015991","1.3024837374687195","1.2949399948120117","1.3093197345733643"
"41","1.3103673160076141","1.2857425212860107","1.3353843688964844","1.3079699277877808","1.2823100090026855","1.3179645538330078"
"42","1.3373847007751465","1.3190193176269531","1.3541312217712402","1.3345533907413483","1.3214528560638428","1.3560409545898438"
"43","1.285838097333908","1.2620733976364136","1.303920030593872","1.2798899710178375","1.2561373710632324","1.3065078258514404"
"44","1.3073838651180267","1.2836836576461792","1.323699951171875","1.3046163022518158","1.2788231372833252","1.323319911956787"
"45","1.3039149641990662","1.2734549045562744","1.3323274850845337","1.299497663974762","1.282279372215271","1.3100261688232422"
"46","1.3452292084693909","1.3337252140045166","1.3561275005340576","1.3412018418312073","1.3278279304504395","1.3524937629699707"
"47","1.2907084226608276","1.2627830505371094","1.3067485094070435","1.284840613603592","1.2575677633285522","1.3088487386703491"
"48","1.2298870980739594","1.20932137966156","1.2526092529296875","1.225353866815567","1.2121611833572388","1.242002010345459"
"49","1.3099252581596375","1.2788455486297607","1.3317421674728394","1.3052477538585663","1.2871185541152954","1.3337886333465576"
"50","1.3229443728923798","1.3045761585235596","1.3424136638641357","1.3176773190498352","1.3075850009918213","1.3341038227081299"
"51","1.1951341331005096","1.1737384796142578","1.2195160388946533","1.1914352178573608","1.168985366821289","1.2220797538757324"
"52","1.2168172001838684","1.203605055809021","1.2279263734817505","1.2300580441951752","1.1946330070495605","1.2868075370788574"
"53","1.2389618754386902","1.215759038925171","1.2708985805511475","1.2343669533729553","1.2094004154205322","1.2452681064605713"
"54","1.1972034871578217","1.1722301244735718","1.218705415725708","1.191685527563095","1.1804745197296143","1.2141666412353516"
"55","1.1811545193195343","1.1469844579696655","1.1990349292755127","1.176718831062317","1.1578583717346191","1.1938520669937134"
"56","1.1315974593162537","1.1076490879058838","1.1576943397521973","1.127060890197754","1.1127561330795288","1.1603789329528809"
"57","1.1546425819396973","1.130247712135315","1.1805166006088257","1.148330420255661","1.1262328624725342","1.1825357675552368"
"58","1.1688723266124725","1.1342942714691162","1.2032527923583984","1.1641576886177063","1.143186330795288","1.1900193691253662"
"59","1.1236912310123444","1.0978293418884277","1.150277853012085","1.1167377531528473","1.0903825759887695","1.153173804283142"
"60","1.167692095041275","1.1237943172454834","1.1938765048980713","1.1607212126255035","1.1316144466400146","1.1966352462768555"
"61","1.1790618896484375","1.1608386039733887","1.1945741176605225","1.1728896796703339","1.1593194007873535","1.1959576606750488"
"62","1.1174485981464386","1.095630168914795","1.1366685628890991","1.1118161082267761","1.0889793634414673","1.1368637084960938"
"63","1.1049847304821014","1.0706596374511719","1.1311520338058472","1.0979832112789154","1.0812337398529053","1.1133081912994385"
"64","1.0761833190917969","1.0278542041778564","1.1046310663223267","1.0714875161647797","1.0195331573486328","1.108055591583252"
"65","1.111464023590088","1.0621190071105957","1.1419243812561035","1.1041592359542847","1.0696592330932617","1.1452429294586182"
"66","1.1030148267745972","1.0628976821899414","1.1331214904785156","1.0963613092899323","1.0749666690826416","1.137166142463684"
"67","1.0646299719810486","1.0309447050094604","1.1118009090423584","1.0578346252441406","1.0300806760787964","1.0821137428283691"
"68","1.052471548318863","1.0387736558914185","1.0655014514923096","1.0460448265075684","1.0288437604904175","1.0706223249435425"
"70","1.0952569842338562","1.045426607131958","1.15065336227417","1.087557852268219","1.0408861637115479","1.1551389694213867"
"71","1.0116970390081406","0.9603306651115417","1.0632390975952148","1.0040578693151474","0.9708564281463623","1.0251379013061523"
"72","1.0375033020973206","1.0123082399368286","1.0717178583145142","1.0311351418495178","1.0060107707977295","1.0568255186080933"
"73","1.0355983078479767","1.0046391487121582","1.0745384693145752","1.0286199450492859","1.0005583763122559","1.0457326173782349"
"74","0.9889140129089355","0.9508527517318726","1.0185579061508179","0.9816431105136871","0.9636743068695068","1.0224419832229614"
"75","1.0435929000377655","1.0150785446166992","1.0655403137207031","1.0353963077068329","1.0053375959396362","1.06821608543396"
"76","0.9926011115312576","0.9735181331634521","1.006253957748413","0.9847817420959473","0.9603121280670166","1.0067574977874756"
"77","0.9833593517541885","0.9286733865737915","1.0251615047454834","0.9772612452507019","0.9242252111434937","1.028229832649231"
"78","0.9640685766935349","0.9241113662719727","1.0003695487976074","0.9554546177387238","0.9381593465805054","1.0034271478652954"
"79","0.9337373375892639","0.8866215944290161","0.975508987903595","0.9278075695037842","0.9022672176361084","0.9698351621627808"
"80","0.9290524423122406","0.8759121894836426","0.9701150059700012","0.9204868972301483","0.8659093379974365","0.9438945055007935"
"81","0.98410864174366","0.9513015151023865","1.0155432224273682","0.9751255810260773","0.9476194381713867","1.0218172073364258"
"82","0.9882183969020844","0.9580110311508179","1.0325454473495483","0.9787714034318924","0.948879063129425","0.9998219609260559"
"83","0.90364970266819","0.870671808719635","0.937654435634613","0.8962153047323227","0.8607563972473145","0.9181891679763794"
"84","0.8993360251188278","0.8639827966690063","0.9259761571884155","0.8915344178676605","0.8784483075141907","0.9247071743011475"
"85","0.9354894608259201","0.9132837057113647","0.9712271690368652","0.9269034713506699","0.9035501480102539","0.9425122737884521"
"86","0.9283383339643478","0.898007869720459","0.9628774523735046","0.9181699305772781","0.8948450684547424","0.9534138441085815"
"87","0.887571781873703","0.858521044254303","0.9203517436981201","0.8783539235591888","0.8519895076751709","0.9106128215789795"
"88","0.8872951716184616","0.8453626036643982","0.9237110614776611","0.8788924515247345","0.8541793823242188","0.9302254915237427"
"89","0.8554028868675232","0.8217843770980835","0.8971363306045532","0.8451962769031525","0.8286294937133789","0.8717783689498901"
"90","0.8881038427352905","0.8451535701751709","0.952735960483551","0.8786954283714294","0.8489437103271484","0.905186653137207"
"91","0.8883915692567825","0.8310266733169556","0.9490180611610413","0.8775069266557693","0.8201802968978882","0.9178896546363831"
"92","0.8008902221918106","0.7686775922775269","0.8353627920150757","0.791797935962677","0.7602896690368652","0.8152883052825928"
"93","0.8493230938911438","0.8301939964294434","0.887407660484314","0.8390298336744308","0.8216345310211182","0.8533697128295898"
"94","0.8167197555303574","0.783378005027771","0.8622210025787354","0.8074191510677338","0.7832466959953308","0.8320403695106506"
"95","0.8030792623758316","0.7597766518592834","0.8803145289421082","0.792446106672287","0.7526021003723145","0.8305770754814148"
"96","0.7960816323757172","0.7586424350738525","0.8289833068847656","0.7856517732143402","0.7602185010910034","0.8332613706588745"
"97","0.786629930138588","0.7518774271011353","0.8233625888824463","0.7785171717405319","0.7677711248397827","0.8013595342636108"
"98","0.8187171220779419","0.7914872169494629","0.8638976812362671","0.8085287064313889","0.7814132571220398","0.8232635259628296"
"99","0.7602540254592896","0.7334953546524048","0.7991495728492737","0.7515455335378647","0.7253068089485168","0.7720396518707275"
"100","0.7611804008483887","0.7325394153594971","0.7876995801925659","0.751480221748352","0.7265312671661377","0.7924726009368896"
"101","0.7456967979669571","0.7077985405921936","0.7851825952529907","0.7363696247339249","0.7007875442504883","0.7886743545532227"
"102","0.7543223798274994","0.7267045974731445","0.7912147045135498","0.7457919120788574","0.7225408554077148","0.7727546095848083"
"103","0.7264086455106735","0.6877709031105042","0.7740626335144043","0.7155434489250183","0.6794877648353577","0.7549101114273071"
"104","0.7493104636669159","0.7110643982887268","0.7998110055923462","0.7389558106660843","0.7020617723464966","0.7579765915870667"
"105","0.755129262804985","0.7237961292266846","0.7954747676849365","0.7448448836803436","0.7135037183761597","0.8003054857254028"
"106","0.7615503966808319","0.7350852489471436","0.7955823540687561","0.7511090636253357","0.7274060249328613","0.7723251581192017"
"107","0.6828891187906265","0.6557002067565918","0.7121515870094299","0.6732567548751831","0.6459541320800781","0.7078802585601807"
"108","0.689796969294548","0.6557803750038147","0.7397269010543823","0.6779986172914505","0.6475120186805725","0.7075228691101074"
"109","0.7203450947999954","0.6717758178710938","0.7705532312393188","0.7114956974983215","0.6931291818618774","0.7212178707122803"
"110","0.6573260128498077","0.6386744976043701","0.6761816740036011","0.6480564475059509","0.6265500783920288","0.6576920747756958"
"111","0.6965275704860687","0.6572970151901245","0.7310053110122681","0.6858171075582504","0.6729719638824463","0.7071213722229004"
"112","0.6764041483402252","0.6579431295394897","0.710007905960083","0.6660704165697098","0.65176922082901","0.6806446313858032"
"113","0.6649034172296524","0.6299061179161072","0.7227787971496582","0.6547122150659561","0.6207364797592163","0.675177812576294"
"114","0.6832428723573685","0.6277629733085632","0.7466381192207336","0.6713375747203827","0.6402266025543213","0.6943926215171814"
"115","0.6290431767702103","0.6043002009391785","0.6542791724205017","0.6203841418027878","0.5984034538269043","0.643048107624054"
"116","0.6070959717035294","0.5753310918807983","0.6460397243499756","0.5978628545999527","0.5685818195343018","0.6329176425933838"
"117","0.6206217557191849","0.5869671106338501","0.661392092704773","0.6106092780828476","0.5791640281677246","0.6495345830917358"
"118","0.6157509088516235","0.5866285562515259","0.6817994117736816","0.6054907143115997","0.5821754932403564","0.6350976824760437"
"119","0.5828746557235718","0.5458730459213257","0.615074634552002","0.5729314088821411","0.5401231646537781","0.6037570238113403"
"120","0.6300967335700989","0.5959480404853821","0.6669164896011353","0.6209082305431366","0.6104640960693359","0.6376197934150696"
"121","0.6121553629636765","0.5737621188163757","0.6531572341918945","0.6003420650959015","0.5677353143692017","0.6267945766448975"
"122","0.6022290140390396","0.5754842758178711","0.6280423998832703","0.5942957848310471","0.574508786201477","0.6324642896652222"
"123","0.5639289766550064","0.5407766103744507","0.6061461567878723","0.5581895709037781","0.5388113260269165","0.5668521523475647"
"124","0.5701725035905838","0.5393294095993042","0.6121655106544495","0.5619864463806152","0.547595739364624","0.5788079500198364"
"125","0.5960080623626709","0.5794445872306824","0.6146347522735596","0.5883419513702393","0.571936845779419","0.6138991117477417"
"126","0.5701914727687836","0.557624876499176","0.5962949395179749","0.5629966408014297","0.5554550290107727","0.5684983730316162"
"127","0.559275895357132","0.5240931510925293","0.5811789035797119","0.5509494990110397","0.5245321989059448","0.5838430523872375"
"128","0.5464472323656082","0.5098411440849304","0.5735406875610352","0.5380257219076157","0.5181929469108582","0.5509781241416931"
"129","0.5503996312618256","0.5091032981872559","0.6174919605255127","0.5431727766990662","0.5171130895614624","0.576988697052002"
"130","0.5719582885503769","0.5424530506134033","0.59306401014328","0.5642251074314117","0.5510646104812622","0.5934682488441467"
"131","0.5535559207201004","0.5331054925918579","0.5977687239646912","0.5458491295576096","0.5275293588638306","0.5598057508468628"
"132","0.5199254304170609","0.49699896574020386","0.5344288349151611","0.5135998725891113","0.501583456993103","0.5369457006454468"
"133","0.5061253905296326","0.47124558687210083","0.5353195667266846","0.5005518347024918","0.47803977131843567","0.5241698622703552"
"134","0.5376951992511749","0.5132461190223694","0.5845077633857727","0.5298410654067993","0.5082480311393738","0.5437961220741272"
"135","0.5018685907125473","0.4840811491012573","0.5354556441307068","0.4959772750735283","0.48086345195770264","0.504271388053894"
"136","0.5181129798293114","0.48508813977241516","0.5527686476707458","0.5116565525531769","0.4919745922088623","0.5368769764900208"
"137","0.5174436345696449","0.4926513731479645","0.541146993637085","0.5124368369579315","0.48970264196395874","0.5464617013931274"
"138","0.5327307730913162","0.5032886266708374","0.5559073090553284","0.5267052426934242","0.4990423023700714","0.5473858714103699"
"140","0.4960387349128723","0.47486329078674316","0.5332940816879272","0.49017827957868576","0.48180824518203735","0.505595326423645"
"141","0.48329780250787735","0.46479707956314087","0.5024911165237427","0.4779621586203575","0.4611760377883911","0.5058905482292175"
"142","0.5117161870002747","0.48764151334762573","0.5345456600189209","0.5062268823385239","0.4953046441078186","0.5120164155960083"
"143","0.495516799390316","0.47808903455734253","0.5182673335075378","0.48889393359422684","0.47225719690322876","0.4982370138168335"
"144","0.513165682554245","0.4813418984413147","0.54224693775177","0.50751893222332","0.47846511006355286","0.5439340472221375"
"145","0.4947787895798683","0.4654558300971985","0.546999454498291","0.4902774542570114","0.4696737229824066","0.5208393335342407"
"146","0.4897769093513489","0.4466668963432312","0.540839672088623","0.4846455156803131","0.4444844722747803","0.5143387913703918"
"147","0.5141955241560936","0.49275845289230347","0.5512617826461792","0.5082014873623848","0.4934351146221161","0.5247244834899902"
"148","0.48957160860300064","0.47335195541381836","0.5042436718940735","0.4846590757369995","0.47094297409057617","0.49801239371299744"
"149","0.4758313223719597","0.4498308598995209","0.5080273151397705","0.47084853053092957","0.4556041359901428","0.4846111536026001"
"150","0.4533417597413063","0.43609070777893066","0.4963173568248749","0.4481912851333618","0.43455296754837036","0.4705291986465454"
"151","0.4679958298802376","0.4426252841949463","0.4886709749698639","0.46319641172885895","0.44630205631256104","0.4713996648788452"
"152","0.44808684289455414","0.4216068685054779","0.4646996855735779","0.4446312114596367","0.4275698661804199","0.46722209453582764"
"153","0.46574466675519943","0.45075663924217224","0.4864869713783264","0.46125905215740204","0.4464022219181061","0.46841317415237427"
"154","0.446623332798481","0.4206339120864868","0.46933379769325256","0.4434147924184799","0.4189146161079407","0.4721018075942993"
"155","0.4633745700120926","0.4399368166923523","0.4814819395542145","0.45966414362192154","0.43766140937805176","0.47381776571273804"
"156","0.45205163955688477","0.4426388144493103","0.465816855430603","0.44832418113946915","0.4265410900115967","0.4671739339828491"
"157","0.4410584568977356","0.42704105377197266","0.4643847942352295","0.43761687725782394","0.4190516471862793","0.46634435653686523"
"158","0.44208621233701706","0.4323156774044037","0.44735509157180786","0.4397127404808998","0.43216830492019653","0.4452304542064667"
"159","0.437934085726738","0.42437195777893066","0.44709694385528564","0.4343007504940033","0.40571165084838867","0.4505852460861206"
"160","0.47386278212070465","0.4610862731933594","0.5006804466247559","0.4702986851334572","0.46030035614967346","0.48198655247688293"
"161","0.47586414963006973","0.4393146336078644","0.4981665313243866","0.4723634421825409","0.4410901665687561","0.4961642920970917"
"162","0.45743952691555023","0.44050276279449463","0.4725803732872009","0.4547415152192116","0.4443855881690979","0.4653964638710022"
"163","0.4244232624769211","0.4043673872947693","0.45293086767196655","0.41853682696819305","0.39165985584259033","0.4365726411342621"
"164","0.4401746392250061","0.4264232814311981","0.45830103754997253","0.43734223395586014","0.4240477681159973","0.4456518292427063"
"165","0.45708049833774567","0.44276463985443115","0.48351380228996277","0.4524148553609848","0.43396544456481934","0.4789345860481262"
"166","0.44338757544755936","0.42100149393081665","0.45332032442092896","0.44071999192237854","0.421390175819397","0.4568530023097992"
"167","0.43440280854701996","0.40680280327796936","0.4608513414859772","0.43092669546604156","0.40852174162864685","0.462571382522583"
"168","0.43233057856559753","0.4132288694381714","0.45823413133621216","0.4289263188838959","0.41660523414611816","0.4419545829296112"
"169","0.4225694611668587","0.4199666976928711","0.42576953768730164","0.4200710952281952","0.4076244831085205","0.4257203936576843"
"170","0.44148849695920944","0.42894336581230164","0.45225629210472107","0.4396413192152977","0.4154432713985443","0.45256561040878296"
"171","0.4225739389657974","0.39701610803604126","0.4414403438568115","0.41990941017866135","0.3999713063240051","0.43920254707336426"
"172","0.4095148369669914","0.3999900817871094","0.43078094720840454","0.407563216984272","0.3987756669521332","0.41732728481292725"
"173","0.4348105415701866","0.42277881503105164","0.4492042064666748","0.43315352499485016","0.4118255376815796","0.4520889222621918"
"174","0.42637962102890015","0.38785192370414734","0.47738030552864075","0.4216858446598053","0.3872344493865967","0.4538075625896454"
"175","0.4142858684062958","0.39834830164909363","0.42210301756858826","0.411688931286335","0.3851742446422577","0.42469996213912964"
"176","0.41483841091394424","0.39750292897224426","0.4462893307209015","0.4128770977258682","0.39698347449302673","0.44749927520751953"
"177","0.4181964173913002","0.3960139751434326","0.43611645698547363","0.41574884206056595","0.39569616317749023","0.4341476559638977"
"178","0.423712357878685","0.4035494923591614","0.43860965967178345","0.42102593183517456","0.4057668149471283","0.4343695640563965"
"179","0.4015520215034485","0.3925284445285797","0.41684070229530334","0.4000152572989464","0.3952505886554718","0.4063813388347626"
"180","0.3853077366948128","0.37889689207077026","0.3907766342163086","0.3838825449347496","0.3781411349773407","0.3970224857330322"
"181","0.41754572093486786","0.3985932469367981","0.43539905548095703","0.4150794595479965","0.3980867266654968","0.4232169985771179"
"182","0.41175126284360886","0.39915841817855835","0.4271372854709625","0.40849024802446365","0.3907102644443512","0.4254617989063263"
"183","0.38868092745542526","0.3771325647830963","0.40084558725357056","0.3868015557527542","0.38066810369491577","0.3988426625728607"
"184","0.4191365987062454","0.40987423062324524","0.44281256198883057","0.4172661677002907","0.4106665253639221","0.4316866993904114"
"185","0.427651584148407","0.4156796932220459","0.4518006443977356","0.42559999227523804","0.41488564014434814","0.4401094913482666"
"186","0.4075305163860321","0.39057043194770813","0.42305415868759155","0.4042680636048317","0.3883613049983978","0.4167017936706543"
"187","0.4192393198609352","0.3915928602218628","0.44204193353652954","0.41696521639823914","0.3910994231700897","0.4438408613204956"
"188","0.42700064182281494","0.4080013930797577","0.4507884383201599","0.42516230046749115","0.4120159149169922","0.4388483166694641"
"189","0.3999963104724884","0.3944883644580841","0.40604496002197266","0.39797504246234894","0.39324072003364563","0.4015936851501465"
"190","0.4021347090601921","0.38819649815559387","0.41298604011535645","0.4003237560391426","0.39041227102279663","0.409435510635376"
"191","0.4156516492366791","0.3969034254550934","0.44116511940956116","0.41379743069410324","0.39833399653434753","0.43153631687164307"
"192","0.40519677847623825","0.3824126720428467","0.43835726380348206","0.4038178622722626","0.3814191222190857","0.42769700288772583"
"193","0.3913186937570572","0.3694967031478882","0.4022058844566345","0.38949570804834366","0.37083059549331665","0.40435856580734253"
"194","0.409161813557148","0.40175145864486694","0.4175431728363037","0.40701084583997726","0.39597418904304504","0.4176551401615143"
"195","0.3890417441725731","0.37907177209854126","0.3994964361190796","0.38716886192560196","0.37677204608917236","0.4015849232673645"
"196","0.38672132045030594","0.3792683184146881","0.3954824209213257","0.38488826900720596","0.3793480396270752","0.3973408639431"
"197","0.40547166019678116","0.39490413665771484","0.42143961787223816","0.40317152440547943","0.3956299424171448","0.4106481075286865"
"198","0.39722060412168503","0.3908989429473877","0.40410420298576355","0.39576155692338943","0.3899237811565399","0.4056490659713745"
"199","0.35734114050865173","0.3506369888782501","0.36978358030319214","0.3555288314819336","0.35187268257141113","0.3610416650772095"
"200","0.3878786265850067","0.3731008768081665","0.40121686458587646","0.38599028438329697","0.37189120054244995","0.3950643539428711"
"201","0.4150043651461601","0.40898627042770386","0.4283633530139923","0.4135485887527466","0.4090043902397156","0.4205288290977478"
"202","0.40110253542661667","0.39828333258628845","0.40414243936538696","0.3992115929722786","0.3947809934616089","0.40426456928253174"
"203","0.38430456817150116","0.3692779541015625","0.39615440368652344","0.3831614479422569","0.3690648674964905","0.3933647871017456"
"204","0.38305845856666565","0.36709317564964294","0.40673214197158813","0.3817603439092636","0.3673625588417053","0.3982405662536621"
"205","0.39728207141160965","0.3912980854511261","0.40607744455337524","0.3953588604927063","0.3924136757850647","0.3994748592376709"
"206","0.3792949840426445","0.357924222946167","0.3965390920639038","0.3782949149608612","0.36221468448638916","0.38871103525161743"
"207","0.40151775628328323","0.3914965093135834","0.41147318482398987","0.3986288979649544","0.3869883418083191","0.41399136185646057"
"208","0.3737773969769478","0.358768492937088","0.3955599069595337","0.37277379631996155","0.35817137360572815","0.3885313868522644"
"210","0.4034416228532791","0.39595210552215576","0.41211962699890137","0.4030829966068268","0.39779725670814514","0.40944382548332214"
"211","0.38924550265073776","0.377737820148468","0.4015069603919983","0.38764023035764694","0.3698127269744873","0.4020610451698303"
"212","0.3938431292772293","0.38241010904312134","0.4095735549926758","0.39251065254211426","0.381766140460968","0.4114488363265991"
"213","0.3961208462715149","0.3858221471309662","0.4081692695617676","0.39465124160051346","0.3866293728351593","0.40792182087898254"
"214","0.36893177032470703","0.3605051040649414","0.37907636165618896","0.3677797168493271","0.3608142137527466","0.3730248808860779"
"215","0.3868563771247864","0.3712702989578247","0.42413660883903503","0.3858438655734062","0.37105053663253784","0.42638540267944336"
"216","0.3915151432156563","0.3789205849170685","0.40239644050598145","0.39005032926797867","0.38032016158103943","0.40190187096595764"
"217","0.3920050710439682","0.3857618570327759","0.4065752625465393","0.389653816819191","0.3848726749420166","0.39858731627464294"
"218","0.38385988771915436","0.36259597539901733","0.4117225110530853","0.3815137520432472","0.3539890646934509","0.40912726521492004"
"219","0.38363203406333923","0.37307265400886536","0.40207362174987793","0.38279227167367935","0.37379732728004456","0.39436760544776917"
"220","0.38150136917829514","0.3729091286659241","0.39290913939476013","0.37549015134572983","0.37000834941864014","0.38600003719329834"
"221","0.39637863636016846","0.38389140367507935","0.4235573410987854","0.3944863826036453","0.37678080797195435","0.42110738158226013"
"222","0.3669699355959892","0.3571223020553589","0.37512078881263733","0.36526840180158615","0.35557475686073303","0.3771406412124634"
"223","0.37705525755882263","0.3534765839576721","0.4007301330566406","0.37549564242362976","0.3539034426212311","0.3996158838272095"
"224","0.35174474865198135","0.34669584035873413","0.35447967052459717","0.35037678480148315","0.3454113006591797","0.35531580448150635"
"225","0.37771322578191757","0.3550157845020294","0.41899290680885315","0.3760812431573868","0.3571099638938904","0.4099167585372925"
"226","0.37715334445238113","0.37061941623687744","0.38400569558143616","0.37592192739248276","0.3634793162345886","0.38609251379966736"
"227","0.377037912607193","0.35909199714660645","0.3925745487213135","0.3758126571774483","0.36053335666656494","0.3916688561439514"
"228","0.3752990886569023","0.3591286838054657","0.38831305503845215","0.3732319250702858","0.35088643431663513","0.38935625553131104"
"229","0.36986205726861954","0.3543274402618408","0.3816256523132324","0.3687107786536217","0.35384196043014526","0.38277268409729004"
"230","0.3514484465122223","0.33635371923446655","0.3664666414260864","0.35013096779584885","0.3299452066421509","0.3667958974838257"
"231","0.36006947606801987","0.3430876135826111","0.3773869574069977","0.3593027964234352","0.34526196122169495","0.37921759486198425"
"232","0.36680714040994644","0.3490416407585144","0.37768882513046265","0.3659636154770851","0.3488347828388214","0.37891513109207153"
"233","0.36402081698179245","0.35580241680145264","0.3760837912559509","0.36296599358320236","0.35606011748313904","0.37607115507125854"
"234","0.36518995463848114","0.3533449172973633","0.3776813745498657","0.3639119416475296","0.3488377332687378","0.37924325466156006"
"235","0.3641057759523392","0.3521721363067627","0.38470152020454407","0.36249104887247086","0.3517551124095917","0.3761390447616577"
"236","0.38336583226919174","0.36577093601226807","0.3969592750072479","0.38126447796821594","0.3662019670009613","0.3904654085636139"
"237","0.36870965361595154","0.35153937339782715","0.3900858759880066","0.36724071204662323","0.35140669345855713","0.3890398144721985"
"238","0.3636753410100937","0.3538099527359009","0.37940365076065063","0.3604170009493828","0.35429444909095764","0.3733510971069336"
"239","0.36778736859560013","0.358310729265213","0.376301109790802","0.36640723049640656","0.35977667570114136","0.3756224513053894"
"240","0.37880703806877136","0.3664358854293823","0.3974369764328003","0.37799858301877975","0.3655107319355011","0.39240992069244385"
"241","0.37110386043787","0.355807900428772","0.38368985056877136","0.37024711817502975","0.3568394184112549","0.381210595369339"
"242","0.3556588739156723","0.3518160581588745","0.3639218211174011","0.35450533777475357","0.34475547075271606","0.3660529851913452"
"243","0.3477746695280075","0.33378806710243225","0.3554752469062805","0.3465863838791847","0.33406996726989746","0.3569917380809784"
"244","0.3633713349699974","0.35536476969718933","0.3724385201931","0.3625091090798378","0.34971117973327637","0.3742852509021759"
"245","0.351411409676075","0.3388318419456482","0.357784628868103","0.3506508767604828","0.3403998911380768","0.3592453896999359"
"246","0.3626532405614853","0.3488438129425049","0.3733525276184082","0.361451618373394","0.34111642837524414","0.37327757477760315"
"247","0.3618631064891815","0.3539564609527588","0.3708903193473816","0.3606923669576645","0.3550005257129669","0.37156790494918823"
"248","0.3594343587756157","0.3423253297805786","0.37164580821990967","0.3585587814450264","0.3439174294471741","0.37053191661834717"
"249","0.3524126335978508","0.3477909564971924","0.35976070165634155","0.35164158046245575","0.342033714056015","0.3605595827102661"
"250","0.3615783527493477","0.3450193405151367","0.38976046442985535","0.3605160415172577","0.3445197343826294","0.3836619555950165"
"251","0.3468563184142113","0.3280613422393799","0.3594561517238617","0.34586086869239807","0.32233721017837524","0.3587375283241272"
"252","0.35661105066537857","0.3416908085346222","0.3755403161048889","0.35531705617904663","0.34353017807006836","0.3749755024909973"
"253","0.36285366117954254","0.3483210802078247","0.3778146803379059","0.36186033487319946","0.3495953381061554","0.37946009635925293"
"254","0.37254293262958527","0.35259494185447693","0.4022734761238098","0.3714422136545181","0.3540942966938019","0.3953027129173279"
"255","0.35688067972660065","0.3462471067905426","0.3702124059200287","0.35601265728473663","0.34597617387771606","0.3712255358695984"
"256","0.3672412931919098","0.35809844732284546","0.37565720081329346","0.36598773300647736","0.35486268997192383","0.37494802474975586"
"257","0.3709539994597435","0.3590664267539978","0.3803287446498871","0.3699278235435486","0.36028432846069336","0.3759568929672241"
"258","0.36416060477495193","0.35569655895233154","0.37507808208465576","0.3633297458291054","0.3497732877731323","0.37675607204437256"
"259","0.351131908595562","0.33260178565979004","0.378515362739563","0.3500772565603256","0.33419767022132874","0.37214916944503784"
"260","0.37003981322050095","0.3483014702796936","0.3915613293647766","0.3695558235049248","0.34753596782684326","0.39388540387153625"
"261","0.3480702042579651","0.3294881284236908","0.3628484904766083","0.3468047305941582","0.32994964718818665","0.36174479126930237"
"262","0.372760571539402","0.3480689823627472","0.404957115650177","0.3716932013630867","0.3473469316959381","0.3990020155906677"
"263","0.36907876282930374","0.34893104434013367","0.3816184997558594","0.3683409094810486","0.350665807723999","0.380756139755249"
"264","0.3522183373570442","0.33788686990737915","0.3634239435195923","0.35116182267665863","0.33721721172332764","0.3646824061870575"
"265","0.35982582718133926","0.3458102345466614","0.37751778960227966","0.3588510900735855","0.3453065752983093","0.3786346912384033"
"266","0.3501052036881447","0.3395127058029175","0.35648754239082336","0.34778863191604614","0.33522289991378784","0.3536410331726074"
"267","0.3544984981417656","0.34225451946258545","0.3644386827945709","0.3535601571202278","0.34192797541618347","0.3587300479412079"
"268","0.3410450220108032","0.3310491442680359","0.3551666736602783","0.3401380032300949","0.3316730856895447","0.354714959859848"
"269","0.3470133990049362","0.3260914385318756","0.3671456575393677","0.34632132947444916","0.3275142014026642","0.36693692207336426"
"270","0.35428957641124725","0.34372228384017944","0.36731278896331787","0.35328948497772217","0.34459301829338074","0.36240285634994507"
"271","0.34211138635873795","0.3269606828689575","0.3619808852672577","0.34127355366945267","0.32805904746055603","0.36137664318084717"
"272","0.34521232545375824","0.32765984535217285","0.36107805371284485","0.344043605029583","0.3275182843208313","0.3553313612937927"
"273","0.3633778616786003","0.34903576970100403","0.3807370960712433","0.3620735704898834","0.3492574989795685","0.3746223449707031"
"274","0.34181152284145355","0.3184588551521301","0.3685917854309082","0.3407053127884865","0.3181115388870239","0.3631250858306885"
"275","0.38191571831703186","0.3643644154071808","0.4053458273410797","0.3815505802631378","0.3643019497394562","0.40697184205055237"
"276","0.3412640169262886","0.3340685963630676","0.3478374779224396","0.34061963856220245","0.32888615131378174","0.3496333956718445"
"277","0.34207290410995483","0.3328085243701935","0.34787774085998535","0.341542512178421","0.3269909918308258","0.3499559760093689"
"278","0.3462420850992203","0.3397718369960785","0.3584918975830078","0.3456774204969406","0.33622562885284424","0.3580271005630493"
"279","0.3550286740064621","0.3416084349155426","0.36685317754745483","0.3540797010064125","0.3430427014827728","0.36172977089881897"
"280","0.3304373696446419","0.32122206687927246","0.339609295129776","0.32971108704805374","0.31716448068618774","0.340093195438385"
"281","0.33450649678707123","0.3208668828010559","0.34295499324798584","0.3337566554546356","0.32035693526268005","0.3399749994277954"
"282","0.3436167985200882","0.3336673378944397","0.3503085672855377","0.34275589883327484","0.33322083950042725","0.3510986566543579"
"283","0.3347027897834778","0.3135853707790375","0.3520113527774811","0.3338215723633766","0.3077116906642914","0.3537481427192688"
"284","0.363339826464653","0.34315645694732666","0.38167446851730347","0.3624219670891762","0.3446156978607178","0.3829141855239868"
"285","0.3607385531067848","0.3392091393470764","0.38627561926841736","0.359452560544014","0.3407343029975891","0.3790993094444275"
"286","0.3437531590461731","0.3339468836784363","0.3514455556869507","0.34291068464517593","0.32939648628234863","0.352488249540329"
"287","0.34064386785030365","0.3247649669647217","0.35471969842910767","0.33978869020938873","0.3241382837295532","0.35002848505973816"
"288","0.3325403779745102","0.3215627670288086","0.34713298082351685","0.3321855515241623","0.3174267113208771","0.3490294814109802"
"289","0.3409534841775894","0.3262730836868286","0.3623552918434143","0.3401736095547676","0.32781195640563965","0.3574891686439514"
"290","0.3618091195821762","0.35404831171035767","0.3679119944572449","0.36080022156238556","0.3552704155445099","0.36638566851615906"
"291","0.32621996849775314","0.3061630427837372","0.34289437532424927","0.3254319652915001","0.30668526887893677","0.34425708651542664"
"292","0.323529951274395","0.31382519006729126","0.34247246384620667","0.32283634692430496","0.3143775463104248","0.3384925127029419"
"293","0.3382023870944977","0.3200569748878479","0.3506178855895996","0.3372192904353142","0.3157574236392975","0.35063332319259644"
"294","0.35485244542360306","0.33183106780052185","0.3739525377750397","0.3540426641702652","0.3312965929508209","0.36885493993759155"
"295","0.34125399589538574","0.33471524715423584","0.3459968566894531","0.3403751775622368","0.3363426625728607","0.34729695320129395"
"296","0.3309018388390541","0.3168400228023529","0.3549257516860962","0.33045269548892975","0.3163202404975891","0.3506491780281067"
"297","0.3322466239333153","0.32577383518218994","0.34041067957878113","0.3316376879811287","0.3254093825817108","0.3361021876335144"
"298","0.33416034281253815","0.32850518822669983","0.3435908257961273","0.33346039801836014","0.3296549618244171","0.33878281712532043"
"299","0.33734332025051117","0.31312674283981323","0.3617951571941376","0.33656369149684906","0.313277006149292","0.36164674162864685"
"300","0.33411771059036255","0.3215429186820984","0.350681334733963","0.3335126265883446","0.3211120069026947","0.3519747257232666"
"301","0.3213142305612564","0.30394691228866577","0.33871495723724365","0.3205111101269722","0.3045923411846161","0.33405619859695435"
"303","0.3346465826034546","0.32750871777534485","0.3502748906612396","0.33366940170526505","0.3275268077850342","0.34955069422721863"
"304","0.3420049697160721","0.33199307322502136","0.3475602865219116","0.3411805033683777","0.33262917399406433","0.34724587202072144"
"305","0.3497735783457756","0.3419862985610962","0.35783612728118896","0.34944283217191696","0.34307438135147095","0.3602064251899719"
"306","0.3434227406978607","0.328377902507782","0.3683432638645172","0.3428732231259346","0.32868391275405884","0.367851197719574"
"307","0.3252957686781883","0.31629928946495056","0.33818551898002625","0.32435254752635956","0.31071192026138306","0.3376280665397644"
"308","0.3344816267490387","0.3147537112236023","0.3533167243003845","0.33388542383909225","0.31563800573349","0.35489505529403687"
"309","0.3330431655049324","0.3111339807510376","0.36322635412216187","0.3324909582734108","0.3108977675437927","0.35931703448295593"
"310","0.34212982654571533","0.3228028118610382","0.35718488693237305","0.34127816557884216","0.3235739469528198","0.3529355227947235"
"311","0.3450638949871063","0.3298974633216858","0.3642180263996124","0.34434977918863297","0.3306311070919037","0.36060965061187744"
"312","0.3381355255842209","0.3222354054450989","0.356461763381958","0.33705466985702515","0.3217019736766815","0.35536807775497437"
"313","0.3275078684091568","0.31632769107818604","0.3410739600658417","0.327176533639431","0.31374651193618774","0.34223419427871704"
"314","0.3300979360938072","0.3285287618637085","0.3321259319782257","0.32941872626543045","0.32825708389282227","0.3305482268333435"
"315","0.34111690521240234","0.3301240801811218","0.3526783585548401","0.34045378863811493","0.33002525568008423","0.34902727603912354"
"316","0.3135248124599457","0.2988373041152954","0.32710734009742737","0.31274473667144775","0.29487407207489014","0.3281848132610321"
"317","0.32613006979227066","0.31018486618995667","0.34419405460357666","0.325451023876667","0.31092405319213867","0.34465456008911133"
"318","0.3187977820634842","0.3135888874530792","0.3325914144515991","0.3181462362408638","0.3097226619720459","0.33236581087112427"
"319","0.31365860998630524","0.2971044182777405","0.3272651433944702","0.31337636709213257","0.294344425201416","0.32812368869781494"
"320","0.3402676433324814","0.3235360383987427","0.3551522493362427","0.3397561386227608","0.3244022727012634","0.3548656404018402"
"321","0.32664769142866135","0.3176635503768921","0.33392730355262756","0.32593216747045517","0.31334298849105835","0.3336343765258789"
"322","0.3449868932366371","0.32072511315345764","0.3604114055633545","0.34424886852502823","0.3220520615577698","0.36053577065467834"
"323","0.31039394438266754","0.3009040951728821","0.3157314956188202","0.30987879633903503","0.3005508482456207","0.3159688413143158"
"324","0.3398187533020973","0.3208717703819275","0.356187105178833","0.33862026035785675","0.31676313281059265","0.35534340143203735"
"325","0.3155253380537033","0.30647990107536316","0.3247218430042267","0.3146743029356003","0.3022221624851227","0.3245293200016022"
"326","0.3382239192724228","0.3201584815979004","0.3520200252532959","0.33749983459711075","0.3207249641418457","0.3516393005847931"
"327","0.33887995034456253","0.32102346420288086","0.3479284644126892","0.3382082134485245","0.3221530318260193","0.3481542766094208"
"328","0.3277928978204727","0.3164699673652649","0.3391130566596985","0.3269241005182266","0.3157728612422943","0.3402452766895294"
"329","0.3449869528412819","0.33859550952911377","0.35656580328941345","0.34422674030065536","0.33963742852211","0.3524323105812073"
"330","0.32633834332227707","0.3097003698348999","0.34373021125793457","0.3255344480276108","0.30942869186401367","0.3437194526195526"
"331","0.328820139169693","0.3051573932170868","0.3426254987716675","0.32831335067749023","0.3052099049091339","0.3404039442539215"
"332","0.32434365153312683","0.3159685432910919","0.338508665561676","0.32381654530763626","0.31225037574768066","0.33829349279403687"
"333","0.32600245624780655","0.3052104711532593","0.3469184935092926","0.3252772316336632","0.30526959896087646","0.3428550958633423"
"334","0.31958384811878204","0.3116019368171692","0.3344969153404236","0.3190109133720398","0.3129001259803772","0.33502304553985596"
"335","0.32501886039972305","0.31117725372314453","0.33569929003715515","0.3246106281876564","0.3118298649787903","0.33236411213874817"
"336","0.314128153026104","0.2980377674102783","0.33709460496902466","0.31349216401576996","0.2978496551513672","0.33834153413772583"
"337","0.32796182483434677","0.3145347237586975","0.3422539234161377","0.3273492902517319","0.3108077347278595","0.342742383480072"
"338","0.32859469950199127","0.30486106872558594","0.33917713165283203","0.3281733840703964","0.30116522312164307","0.3406730890274048"
"339","0.3210216388106346","0.30911189317703247","0.33216071128845215","0.3204593360424042","0.3095628321170807","0.32861950993537903"
"340","0.339055098593235","0.32924309372901917","0.3448357582092285","0.3383611887693405","0.33038341999053955","0.3453776240348816"
"341","0.32795868813991547","0.30871573090553284","0.34919223189353943","0.32735152542591095","0.3095006048679352","0.34543463587760925"
"342","0.32221323996782303","0.2982606589794159","0.3457033634185791","0.3214380741119385","0.2980837821960449","0.34127551317214966"
"343","0.3262684494256973","0.31486976146698","0.33456653356552124","0.32548409700393677","0.31437626481056213","0.3354959487915039"
"344","0.3242153748869896","0.30048978328704834","0.3456692099571228","0.3234687075018883","0.30169740319252014","0.3416890501976013"
"345","0.3275168761610985","0.3112386465072632","0.33916735649108887","0.32714030891656876","0.31258052587509155","0.33963528275489807"
"346","0.31584446132183075","0.30699795484542847","0.3255889415740967","0.3153746724128723","0.3065001964569092","0.32666105031967163"
"347","0.32410718500614166","0.31118935346603394","0.3376196622848511","0.3235303908586502","0.3119605481624603","0.3380115032196045"
"348","0.3077544495463371","0.2985089123249054","0.31542152166366577","0.3070874586701393","0.29826149344444275","0.3164949119091034"
"349","0.331580713391304","0.3157552480697632","0.33776265382766724","0.33108264207839966","0.3171355724334717","0.337629497051239"
"350","0.3077947497367859","0.2893950641155243","0.33190804719924927","0.30717308819293976","0.29021593928337097","0.32838547229766846"
"351","0.3349691107869148","0.3252163529396057","0.35198119282722473","0.3342166841030121","0.3233717083930969","0.35246312618255615"
"352","0.3444841280579567","0.33727189898490906","0.3517514765262604","0.3438648656010628","0.3369266390800476","0.350661039352417"
"353","0.3311355337500572","0.31441229581832886","0.34056809544563293","0.3307187035679817","0.314017653465271","0.33722031116485596"
"354","0.32118038833141327","0.3154410719871521","0.3257014751434326","0.3204494118690491","0.31637316942214966","0.3253704309463501"
"355","0.3190710321068764","0.3029990792274475","0.3377760648727417","0.31841861456632614","0.29958802461624146","0.33711326122283936"
"356","0.33282420784235","0.30855369567871094","0.34423232078552246","0.33212973922491074","0.3097842335700989","0.3414391577243805"
"357","0.3264593482017517","0.30946069955825806","0.34415608644485474","0.32588861882686615","0.31065118312835693","0.3404504656791687"
"358","0.3202507793903351","0.3115520179271698","0.33103618025779724","0.31970251351594925","0.3120952546596527","0.32755354046821594"
"359","0.3109469339251518","0.3017869293689728","0.32025957107543945","0.3105571120977402","0.30136969685554504","0.32121479511260986"
"360","0.32777973264455795","0.31299129128456116","0.34798771142959595","0.3270248547196388","0.31352663040161133","0.343777060508728"
"361","0.30784177780151367","0.2959843575954437","0.3139590620994568","0.3073139116168022","0.2923412322998047","0.31505513191223145"
"362","0.32260310649871826","0.31822511553764343","0.3271286189556122","0.32211490720510483","0.3146626055240631","0.32789283990859985"
"363","0.3224187418818474","0.3025509715080261","0.3355525732040405","0.3218511715531349","0.3022477626800537","0.3355359435081482"
"364","0.32307858765125275","0.30568188428878784","0.3399648070335388","0.32267147302627563","0.3061889410018921","0.3402594327926636"
"365","0.3239040970802307","0.3126310706138611","0.3403731882572174","0.3235211744904518","0.3094068765640259","0.3417457640171051"
"366","0.3048820272088051","0.2838018238544464","0.31703826785087585","0.30397234857082367","0.28412702679634094","0.31663545966148376"
"367","0.31018223613500595","0.2997037172317505","0.32845330238342285","0.309664748609066","0.29960334300994873","0.3292497396469116"
"368","0.3078624755144119","0.2850123941898346","0.32061606645584106","0.3069912940263748","0.28541678190231323","0.31697121262550354"
"369","0.3265079855918884","0.314676433801651","0.34196606278419495","0.32594046741724014","0.31429699063301086","0.34315383434295654"
"370","0.3244272768497467","0.30807021260261536","0.3409426808357239","0.32390284538269043","0.30760565400123596","0.3416672348976135"
"371","0.31819039583206177","0.30681008100509644","0.3330039978027344","0.31759917736053467","0.3071906566619873","0.32959920167922974"
"373","0.3482932224869728","0.33270710706710815","0.36542707681655884","0.3470631614327431","0.3288639187812805","0.36638039350509644"
"374","0.3049658089876175","0.281607449054718","0.3189140558242798","0.3044632226228714","0.28228235244750977","0.31837427616119385"
"375","0.31301018595695496","0.29412421584129333","0.3281868100166321","0.3122335970401764","0.29432201385498047","0.3277820944786072"
"376","0.334785096347332","0.32088807225227356","0.35471218824386597","0.33326542377471924","0.317762166261673","0.3554920554161072"
"377","0.31377772241830826","0.30501145124435425","0.32567644119262695","0.3131275027990341","0.30452030897140503","0.32692745327949524"
"378","0.3184044361114502","0.30119919776916504","0.3415042757987976","0.3177814483642578","0.3018489480018616","0.3378066420555115"
"379","0.3125995025038719","0.3012312650680542","0.3289189040660858","0.3120969235897064","0.30211421847343445","0.32523104548454285"
"380","0.3263172283768654","0.3165528178215027","0.33521994948387146","0.32592279464006424","0.31710925698280334","0.3352636396884918"
"381","0.31773366034030914","0.2882811427116394","0.3348817527294159","0.31750011444091797","0.28941118717193604","0.336053729057312"
"382","0.3241729885339737","0.31573575735092163","0.3352687358856201","0.3237740993499756","0.31248724460601807","0.33491283655166626"
"383","0.32061316072940826","0.31852275133132935","0.32550048828125","0.32027439028024673","0.3187411427497864","0.3220725655555725"
"384","0.3227502852678299","0.3089919090270996","0.33839622139930725","0.3220413848757744","0.3089810907840729","0.3350289762020111"
"385","0.3193883076310158","0.31440627574920654","0.3228014409542084","0.3186642453074455","0.3154267370700836","0.32217150926589966"
"386","0.3089504614472389","0.30003464221954346","0.32146868109703064","0.3083421587944031","0.2967628836631775","0.3214896321296692"
"387","0.3130277991294861","0.30133628845214844","0.327345609664917","0.3124181851744652","0.3018505573272705","0.328362375497818"
"388","0.31705477833747864","0.3061714768409729","0.32608577609062195","0.31617802381515503","0.30552467703819275","0.3255035877227783"
"389","0.31493260711431503","0.30385076999664307","0.3224537968635559","0.31433195620775223","0.3046926259994507","0.32273951172828674"
"390","0.3194843828678131","0.3080149292945862","0.3301054835319519","0.3191368654370308","0.30960187315940857","0.3277376890182495"
"391","0.31526944041252136","0.2939673364162445","0.34109875559806824","0.31500737369060516","0.2935068905353546","0.34286296367645264"
"392","0.3134581968188286","0.2960951328277588","0.33767300844192505","0.31299637258052826","0.2969343066215515","0.3345123827457428"
"393","0.3063090965151787","0.28999829292297363","0.3292613923549652","0.305987223982811","0.28700363636016846","0.3295149505138397"
"394","0.3296345993876457","0.31506943702697754","0.34276747703552246","0.33059287816286087","0.3216738700866699","0.3438695967197418"
"395","0.307337261736393","0.2956292927265167","0.32467585802078247","0.30751869082450867","0.29641488194465637","0.3280223608016968"
"396","0.31943950802087784","0.3064766526222229","0.33193084597587585","0.3196667432785034","0.3070754408836365","0.32888340950012207"
"397","0.3234717845916748","0.3154161274433136","0.3466738760471344","0.3231259733438492","0.3127712607383728","0.34625402092933655"
"398","0.30800702422857285","0.2944202125072479","0.32632845640182495","0.30806414037942886","0.2949375510215759","0.3232043385505676"
"399","0.31671908497810364","0.30851179361343384","0.3307444751262665","0.3167622238397598","0.31001853942871094","0.33173975348472595"
"400","0.3055131435394287","0.2897258698940277","0.3264349699020386","0.3057240769267082","0.2932002544403076","0.32372090220451355"
"401","0.31400348991155624","0.2971247732639313","0.33666056394577026","0.31404729187488556","0.2989690601825714","0.3373875021934509"
"402","0.31939396262168884","0.30603790283203125","0.336361289024353","0.31904420256614685","0.3026421070098877","0.336814284324646"
"403","0.3200138881802559","0.3053900897502899","0.33328115940093994","0.3199506103992462","0.3049224317073822","0.33613771200180054"
"404","0.30345015972852707","0.2909509837627411","0.32836252450942993","0.3031884431838989","0.2932640612125397","0.32485485076904297"
"405","0.3184529021382332","0.30195823311805725","0.3328620195388794","0.31814682483673096","0.3023303151130676","0.32888954877853394"
"406","0.30872245132923126","0.2900688648223877","0.3224616050720215","0.308273509144783","0.2915641665458679","0.32207202911376953"
"407","0.2983511611819267","0.2824605107307434","0.3084825873374939","0.29883700609207153","0.28203850984573364","0.31053197383880615"
"408","0.3230090066790581","0.31482595205307007","0.3408129811286926","0.3226049095392227","0.3114377558231354","0.34046751260757446"
"409","0.3144605681300163","0.3014475107192993","0.3258228003978729","0.31445011496543884","0.2983497977256775","0.32872098684310913"
"410","0.29549674689769745","0.2778642773628235","0.30808162689208984","0.2950688600540161","0.27745145559310913","0.30934906005859375"
"411","0.31316176801919937","0.30137181282043457","0.3238216042518616","0.31296128034591675","0.304034024477005","0.32340118288993835"
"412","0.28244588524103165","0.2577968239784241","0.30568236112594604","0.28241899609565735","0.2598588466644287","0.3031642735004425"
"413","0.309677429497242","0.29999467730522156","0.32128894329071045","0.30892883241176605","0.29609227180480957","0.3221619725227356"
"414","0.3026486858725548","0.291847288608551","0.31473952531814575","0.3025034889578819","0.2922627031803131","0.31160885095596313"
"415","0.30456195771694183","0.2949756383895874","0.32633107900619507","0.30530041456222534","0.29375094175338745","0.33115869760513306"
"416","0.3073107451200485","0.2913530468940735","0.3229684829711914","0.3072247728705406","0.2910556197166443","0.32001006603240967"
"417","0.316590391099453","0.31309330463409424","0.324031800031662","0.31670792400836945","0.31369197368621826","0.32095959782600403"
"418","0.3175380453467369","0.3086709678173065","0.33634406328201294","0.3175077959895134","0.30953094363212585","0.33311498165130615"
"419","0.31498226523399353","0.2991029620170593","0.3508756756782532","0.3148214966058731","0.29947391152381897","0.3475247621536255"
"420","0.3052090033888817","0.29458051919937134","0.32261866331100464","0.3074478283524513","0.2949625253677368","0.33472782373428345"
"421","0.3165457248687744","0.2987414002418518","0.3313526213169098","0.31632641702890396","0.29819148778915405","0.3332984447479248"
"422","0.2994241937994957","0.2919301688671112","0.312879741191864","0.2989574298262596","0.2913651168346405","0.3100243806838989"
"423","0.31649159640073776","0.2993854582309723","0.3317714333534241","0.316025011241436","0.2963651418685913","0.33237385749816895"
"424","0.3144507184624672","0.3068019151687622","0.32311058044433594","0.3145129308104515","0.30767822265625","0.3203016519546509"
"425","0.29015492647886276","0.2798677086830139","0.3027345538139343","0.28971901535987854","0.2798090875148773","0.3022523820400238"
"426","0.3161325305700302","0.30169790983200073","0.3336617648601532","0.3158508390188217","0.30134379863739014","0.33005502820014954"
"427","0.3218509927392006","0.31626904010772705","0.33046865463256836","0.321829155087471","0.31332647800445557","0.33007940649986267"
"428","0.3067086637020111","0.29464536905288696","0.31677359342575073","0.3065667301416397","0.29710835218429565","0.31387603282928467"
"429","0.3070981726050377","0.2987903356552124","0.3109399974346161","0.3066144809126854","0.3000781536102295","0.31156134605407715"
"430","0.2949182540178299","0.2805347442626953","0.3045957684516907","0.29443591833114624","0.27992451190948486","0.3052598536014557"
"431","0.3042781427502632","0.28012192249298096","0.3224201202392578","0.30395861715078354","0.2806051969528198","0.321664959192276"
"432","0.3143085837364197","0.3047124743461609","0.3259025812149048","0.31412234902381897","0.3068944215774536","0.32291537523269653"
"433","0.2970511391758919","0.28270089626312256","0.3138282299041748","0.2966477498412132","0.284374475479126","0.3108605742454529"
"434","0.3144781142473221","0.3015257716178894","0.3319172263145447","0.3143210634589195","0.3032868504524231","0.3324335813522339"
"435","0.30774329602718353","0.2825191617012024","0.3223789930343628","0.30733540654182434","0.2827303111553192","0.3232499659061432"
"436","0.29866359382867813","0.2841683030128479","0.3094147741794586","0.2982705309987068","0.2854209542274475","0.3063136339187622"
"437","0.2907032072544098","0.2792784571647644","0.2999086380004883","0.29054398834705353","0.2813078463077545","0.30044078826904297"
"438","0.3145279660820961","0.3056606650352478","0.31966814398765564","0.3134006932377815","0.30536070466041565","0.32025593519210815"
"439","0.3024529665708542","0.2952853739261627","0.31449952721595764","0.3026178404688835","0.2923576831817627","0.31753841042518616"
"440","0.30951107293367386","0.2857850193977356","0.3240254521369934","0.30933334678411484","0.28813445568084717","0.3235578238964081"
"441","0.3010886013507843","0.2826076149940491","0.31107109785079956","0.3012244179844856","0.2830936312675476","0.3081299066543579"
"443","0.29819586873054504","0.2895585894584656","0.30523669719696045","0.29885879904031754","0.276617169380188","0.3105557858943939"
"444","0.2877587527036667","0.284030020236969","0.2905810475349426","0.286984384059906","0.2811369299888611","0.29282528162002563"
"445","0.3104448840022087","0.29257863759994507","0.3220614492893219","0.30860643088817596","0.28723853826522827","0.324352890253067"
"446","0.314079113304615","0.28913313150405884","0.34487390518188477","0.30255381017923355","0.29239514470100403","0.3210451304912567"
"447","0.3040449097752571","0.29527193307876587","0.31198540329933167","0.303811177611351","0.2976638972759247","0.309016615152359"
"448","0.31058599799871445","0.3007989823818207","0.3274480104446411","0.30881909281015396","0.30339813232421875","0.31682145595550537"
"449","0.29099874198436737","0.2779272198677063","0.3093217611312866","0.2899744138121605","0.27555590867996216","0.30636540055274963"
"450","0.2989768087863922","0.27722153067588806","0.31475377082824707","0.29950687289237976","0.27629372477531433","0.31508004665374756"
"451","0.3074982017278671","0.29135867953300476","0.3150981068611145","0.3124885708093643","0.2918536067008972","0.3322647213935852"
"452","0.3107011988759041","0.29143011569976807","0.3246476352214813","0.31165681779384613","0.2887519598007202","0.33259665966033936"
"453","0.3023289740085602","0.28186535835266113","0.3156959116458893","0.3013840317726135","0.289451003074646","0.31315046548843384"
"454","0.29518233239650726","0.2774733304977417","0.30750560760498047","0.29371844232082367","0.2609964907169342","0.31051868200302124"
"455","0.3018101304769516","0.2911525368690491","0.30954182147979736","0.30284998565912247","0.2886633276939392","0.3114044964313507"
"456","0.2883746847510338","0.2732154428958893","0.30258285999298096","0.29189328104257584","0.2766560912132263","0.313482403755188"
"457","0.299852654337883","0.287337988615036","0.30808308720588684","0.29321063309907913","0.2816220223903656","0.30835700035095215"
"458","0.30414195358753204","0.2925693392753601","0.32500147819519043","0.30112771689891815","0.289975106716156","0.3098694086074829"
"459","0.29105931520462036","0.27358365058898926","0.30504173040390015","0.2911015599966049","0.2752121388912201","0.3024415373802185"
"460","0.3097384572029114","0.2966555058956146","0.3202984929084778","0.3087332770228386","0.29840293526649475","0.3230823874473572"
"461","0.2930765226483345","0.26890504360198975","0.32204490900039673","0.2946578338742256","0.27992478013038635","0.31921637058258057"
"462","0.3049575164914131","0.2930203676223755","0.31911227107048035","0.3037894666194916","0.29001355171203613","0.3255758583545685"
"463","0.2866549715399742","0.2784552574157715","0.30014699697494507","0.2873108685016632","0.2797074317932129","0.29715490341186523"
"464","0.2925911098718643","0.288010835647583","0.2974591553211212","0.29231851547956467","0.2864973545074463","0.2993202805519104"
"465","0.30087609589099884","0.28381216526031494","0.31551116704940796","0.3008444383740425","0.2897033989429474","0.3132510781288147"
"466","0.28779861330986023","0.2696765065193176","0.29487356543540955","0.28736990690231323","0.2811252772808075","0.29451918601989746"
"467","0.28346046060323715","0.2809206545352936","0.287445068359375","0.2861662432551384","0.278262197971344","0.29240164160728455"
"468","0.3075612783432007","0.29935741424560547","0.3212848901748657","0.30792973935604095","0.30146798491477966","0.31362149119377136"
"469","0.29416414350271225","0.276371568441391","0.3091028332710266","0.2928774654865265","0.26816216111183167","0.3074755072593689"
"470","0.29264847934246063","0.2750811278820038","0.3019098937511444","0.2904854565858841","0.27635902166366577","0.2991018295288086"
"471","0.30559229105710983","0.2986418306827545","0.3202308416366577","0.3044762685894966","0.2866542339324951","0.31766268610954285"
"472","0.3053293153643608","0.28847476840019226","0.33748894929885864","0.30693526566028595","0.2870253920555115","0.3389795422554016"
"473","0.30378181487321854","0.2967887222766876","0.3209454417228699","0.3030679300427437","0.2791967988014221","0.3181629180908203"
"474","0.2935200184583664","0.27768924832344055","0.3132915496826172","0.29381825029850006","0.27660661935806274","0.315516859292984"
"475","0.29868951439857483","0.29107293486595154","0.30754396319389343","0.2980426847934723","0.2919902205467224","0.30664947628974915"
"476","0.29543178528547287","0.27987128496170044","0.303046852350235","0.2952291965484619","0.2677066922187805","0.312466025352478"
"477","0.3067466840147972","0.30270975828170776","0.3167840838432312","0.30843938887119293","0.30530107021331787","0.3135698437690735"
"478","0.2870660498738289","0.2760573923587799","0.29281073808670044","0.28854900598526","0.27345502376556396","0.2966623902320862"
"479","0.30165937542915344","0.2741102874279022","0.3277667164802551","0.3017848804593086","0.27521318197250366","0.32074591517448425"
"480","0.28816643357276917","0.2775864899158478","0.29313310980796814","0.28757572919130325","0.28246623277664185","0.2912600040435791"
"481","0.29266877472400665","0.27637606859207153","0.30905115604400635","0.29343051463365555","0.27819591760635376","0.3192000389099121"
"482","0.2886747494339943","0.27536049485206604","0.2981431782245636","0.28945300728082657","0.2773725092411041","0.30280810594558716"
"483","0.3023398071527481","0.285550594329834","0.32350143790245056","0.3013540580868721","0.29239997267723083","0.3132738471031189"
"484","0.3072734698653221","0.3028571605682373","0.31445884704589844","0.3089088723063469","0.3031330704689026","0.3151881694793701"
"485","0.2819831445813179","0.27268391847610474","0.28901079297065735","0.2830416262149811","0.2742460370063782","0.29803594946861267"
"486","0.3073703274130821","0.2790791392326355","0.33349159359931946","0.3077034428715706","0.28850436210632324","0.32992610335350037"
"487","0.2939903661608696","0.2877316474914551","0.30305469036102295","0.29271845519542694","0.2857709527015686","0.3047865331172943"
"488","0.3037763684988022","0.2946532070636749","0.3091024160385132","0.30243468284606934","0.2916823625564575","0.3123789131641388"
"489","0.28766991943120956","0.27328285574913025","0.31032150983810425","0.2893141731619835","0.27692440152168274","0.3117445111274719"
"490","0.2868688553571701","0.27354076504707336","0.30474111437797546","0.2861076146364212","0.27023667097091675","0.30709683895111084"
"491","0.2924705147743225","0.2794274687767029","0.3022378385066986","0.2925990894436836","0.28322678804397583","0.3035578429698944"
"492","0.30463292449712753","0.29380717873573303","0.31836843490600586","0.304316483438015","0.2907078266143799","0.3208809196949005"
"493","0.27472468465566635","0.26776883006095886","0.2821558117866516","0.2743282616138458","0.2642863988876343","0.2813459038734436"
"494","0.29038310050964355","0.2757593095302582","0.3024345934391022","0.2918698117136955","0.28055596351623535","0.30009305477142334"
"495","0.28828271478414536","0.27332431077957153","0.3082912862300873","0.2937975078821182","0.2796742618083954","0.30553799867630005"
"496","0.29636381566524506","0.28013357520103455","0.31528156995773315","0.295563280582428","0.2814844846725464","0.31833890080451965"
"497","0.2813902273774147","0.27119702100753784","0.2993393838405609","0.28269343078136444","0.2754325866699219","0.2967143654823303"
"498","0.27772441506385803","0.2603846788406372","0.3146039545536041","0.2758025825023651","0.261958509683609","0.2987686097621918"
"499","0.28354600816965103","0.26961007714271545","0.2975727617740631","0.2851158007979393","0.2665325999259949","0.29938268661499023"
"500","0.2935889810323715","0.27754098176956177","0.3045978844165802","0.2955368608236313","0.27486610412597656","0.30561649799346924"
"501","0.29387879371643066","0.2803833782672882","0.30950090289115906","0.29178694635629654","0.28036779165267944","0.3032074570655823"
"502","0.2954341322183609","0.2840542197227478","0.30565518140792847","0.2968418747186661","0.2854137420654297","0.3043116331100464"
"503","0.27838777750730515","0.27185165882110596","0.2870972156524658","0.28224988281726837","0.27105987071990967","0.3061695694923401"
"504","0.29324042797088623","0.27826040983200073","0.32451218366622925","0.292978398501873","0.26882243156433105","0.334216833114624"
"505","0.2894357219338417","0.2825356423854828","0.3012602925300598","0.29015325009822845","0.28425294160842896","0.2996324300765991"
"506","0.2871044799685478","0.27146878838539124","0.3046872019767761","0.2866797149181366","0.2729457914829254","0.3082967698574066"
"507","0.29415028542280197","0.27353715896606445","0.30899694561958313","0.2941904440522194","0.2792612910270691","0.3109794557094574"
"508","0.2969527021050453","0.2799198031425476","0.32349663972854614","0.29726967215538025","0.2862461507320404","0.31913766264915466"
"509","0.2989629656076431","0.28785067796707153","0.31470203399658203","0.29747969657182693","0.2826349139213562","0.31175389885902405"
"510","0.30078551918268204","0.2811812460422516","0.3158921003341675","0.2991235852241516","0.287089079618454","0.3175612688064575"
"511","0.28676916658878326","0.26836636662483215","0.2987543046474457","0.285054050385952","0.27203691005706787","0.2959691286087036"
"512","0.303379088640213","0.29626187682151794","0.31579476594924927","0.3066547065973282","0.2984476089477539","0.3254568874835968"
"513","0.28451238572597504","0.2609516382217407","0.2999071776866913","0.28505489975214005","0.2697915732860565","0.2969072461128235"
"514","0.28017181903123856","0.2651556730270386","0.2893214821815491","0.2773359939455986","0.27014532685279846","0.2888873815536499"
"515","0.2686104252934456","0.25554758310317993","0.28447359800338745","0.2680629529058933","0.2459515482187271","0.28541234135627747"
"516","0.27594736963510513","0.25866949558258057","0.28809529542922974","0.2753313258290291","0.25098636746406555","0.28544729948043823"
"517","0.3076690658926964","0.29925164580345154","0.3188364505767822","0.30843887478113174","0.2936517000198364","0.32013869285583496"
"518","0.2749803550541401","0.24110795557498932","0.28922128677368164","0.27336467429995537","0.2419290691614151","0.3008221387863159"
"519","0.281990110874176","0.2724306881427765","0.295334130525589","0.2834537625312805","0.2670597732067108","0.29688870906829834"
"520","0.2780158817768097","0.2721978724002838","0.281949520111084","0.2777371481060982","0.2743174433708191","0.2809930741786957"
"521","0.29303230345249176","0.2682422697544098","0.31279823184013367","0.29199160635471344","0.2692696452140808","0.314431756734848"
"522","0.28971250355243683","0.28054118156433105","0.3044319748878479","0.28382472693920135","0.2716617286205292","0.3018016815185547"
"523","0.2885485589504242","0.278105229139328","0.30091017484664917","0.2876778766512871","0.27539730072021484","0.30276262760162354"
"524","0.2887564077973366","0.2709546387195587","0.3002711534500122","0.28776516020298004","0.28443512320518494","0.29337912797927856"
"525","0.28561463952064514","0.26399388909339905","0.29674047231674194","0.2874998673796654","0.2797180414199829","0.298125684261322"
"526","0.28400177508592606","0.27436476945877075","0.2923826575279236","0.28378594666719437","0.270408570766449","0.31351974606513977"
"527","0.2904403805732727","0.28516432642936707","0.3002171218395233","0.29117290675640106","0.278009831905365","0.29755404591560364"
"528","0.29684557020664215","0.28379008173942566","0.3093280792236328","0.29223034530878067","0.2841349244117737","0.3066793978214264"
"529","0.28442294895648956","0.2731323838233948","0.2935880720615387","0.28334541618824005","0.2714736759662628","0.291666716337204"
"530","0.2857802286744118","0.2697667181491852","0.30117616057395935","0.28552450984716415","0.2714643180370331","0.29305386543273926"
"531","0.29703042656183243","0.27796244621276855","0.31258925795555115","0.29690829664468765","0.2820751667022705","0.3139394223690033"
"532","0.29429636895656586","0.2861752510070801","0.3016875684261322","0.2947933226823807","0.28914394974708557","0.3068612813949585"
"533","0.2928629443049431","0.2855324149131775","0.30229562520980835","0.2930249720811844","0.2828543186187744","0.30924201011657715"
"534","0.2811715677380562","0.2710331380367279","0.2978184223175049","0.2803460881114006","0.27194252610206604","0.29028818011283875"
"536","0.2848213165998459","0.2630631625652313","0.30464616417884827","0.28620705008506775","0.26647841930389404","0.30563193559646606"
"537","0.29461439698934555","0.28977376222610474","0.3064737915992737","0.293353833258152","0.2837408185005188","0.3037993907928467"
"538","0.2696003317832947","0.25803232192993164","0.29311469197273254","0.27046553790569305","0.2588423490524292","0.28938615322113037"
"539","0.30044614523649216","0.2941102683544159","0.30828455090522766","0.298458568751812","0.2904636263847351","0.3118045926094055"
"540","0.29133573174476624","0.27304646372795105","0.3118963837623596","0.291717953979969","0.27094924449920654","0.31128954887390137"
"541","0.29483121633529663","0.2747441530227661","0.30803102254867554","0.29337601363658905","0.27715855836868286","0.30661070346832275"
"542","0.2810474932193756","0.2712442874908447","0.291492223739624","0.2819266989827156","0.27259543538093567","0.29244452714920044"
"543","0.2746955528855324","0.2341170608997345","0.3011172115802765","0.2727033793926239","0.2346806824207306","0.30107876658439636"
"544","0.2797858268022537","0.2566637396812439","0.3115041255950928","0.28052203357219696","0.257418155670166","0.3026643991470337"
"545","0.29361314326524734","0.2679615616798401","0.3110061287879944","0.2935206666588783","0.28132081031799316","0.31218335032463074"
"546","0.2874552831053734","0.2826044261455536","0.2937733829021454","0.2868101969361305","0.2797611355781555","0.2961139678955078"
"547","0.29098912328481674","0.28210142254829407","0.30103373527526855","0.28986408561468124","0.2825218141078949","0.29836973547935486"
"548","0.2824923023581505","0.2663963735103607","0.3041920065879822","0.28169266879558563","0.2677152156829834","0.28884658217430115"
"549","0.2922782897949219","0.28828415274620056","0.30058592557907104","0.29244742542505264","0.28125011920928955","0.30925101041793823"
"550","0.29403624683618546","0.27404147386550903","0.3280295431613922","0.2919638082385063","0.28152990341186523","0.313240647315979"
"551","0.28021127730607986","0.2707928419113159","0.28692033886909485","0.2829112336039543","0.2662132680416107","0.2976963520050049"
"552","0.2874155715107918","0.2711164951324463","0.3141472041606903","0.2872653603553772","0.2685580849647522","0.30346226692199707"
"553","0.28329818695783615","0.27071845531463623","0.3004573881626129","0.2837081179022789","0.27019262313842773","0.29759252071380615"
"554","0.28255773335695267","0.2719830274581909","0.28980544209480286","0.28320612758398056","0.2731955647468567","0.28775566816329956"
"555","0.2972196415066719","0.28941112756729126","0.30734455585479736","0.29691798985004425","0.29161059856414795","0.30476170778274536"
"556","0.2927503436803818","0.27187487483024597","0.30966848134994507","0.2923526391386986","0.2731839418411255","0.30561721324920654"
"557","0.29557381570339203","0.27201443910598755","0.31412437558174133","0.2955136224627495","0.288655161857605","0.3113202750682831"
"558","0.29477475583553314","0.27965956926345825","0.3087710738182068","0.2925378307700157","0.2779918611049652","0.30431973934173584"
"559","0.29428355395793915","0.2678300142288208","0.31783992052078247","0.29453837871551514","0.27492839097976685","0.3139892518520355"
"560","0.2657691165804863","0.2566722631454468","0.2719372808933258","0.2645658403635025","0.25879645347595215","0.2687187194824219"
"561","0.2836635410785675","0.26792800426483154","0.2922041416168213","0.2840171828866005","0.2687617838382721","0.3016362190246582"
"562","0.28379692137241364","0.26178109645843506","0.2987077236175537","0.28291528671979904","0.2669150233268738","0.2942865192890167"
"563","0.28187815845012665","0.2589758336544037","0.30842721462249756","0.283831387758255","0.26058483123779297","0.3059132397174835"
"564","0.2889624312520027","0.2799729108810425","0.30199724435806274","0.28635918349027634","0.2713690400123596","0.3020852208137512"
"565","0.27361012250185013","0.25562766194343567","0.28705018758773804","0.2723359167575836","0.25208815932273865","0.2864772081375122"
"566","0.2792182043194771","0.26919886469841003","0.28669124841690063","0.28004463016986847","0.26384201645851135","0.2880951762199402"
"567","0.2763303071260452","0.2524567246437073","0.2938496470451355","0.2750782370567322","0.2534050941467285","0.30436474084854126"
"568","0.2878412678837776","0.27791255712509155","0.29468080401420593","0.28686290979385376","0.2795689105987549","0.2918035387992859"
"569","0.2818799912929535","0.26792433857917786","0.2941949963569641","0.2823128253221512","0.27406927943229675","0.29531747102737427"
"570","0.27915965765714645","0.2714821398258209","0.28985628485679626","0.28136154264211655","0.26917168498039246","0.29230499267578125"
"571","0.2844783216714859","0.2730356454849243","0.30252909660339355","0.2844267189502716","0.2751188278198242","0.2945651710033417"
"572","0.29899854958057404","0.29577210545539856","0.30097150802612305","0.3002662733197212","0.28998467326164246","0.3118477165699005"
"573","0.26508427038788795","0.24963371455669403","0.2762886881828308","0.2651994898915291","0.2473662793636322","0.293179988861084"
"574","0.28350596129894257","0.2602873742580414","0.3037266433238983","0.2833337262272835","0.26362448930740356","0.30099818110466003"
"575","0.2856548801064491","0.269430011510849","0.30326777696609497","0.2851499617099762","0.2734937071800232","0.3043960928916931"
"576","0.2686665207147598","0.2655485272407532","0.2726624011993408","0.2695327177643776","0.2666877508163452","0.2740038335323334"
"577","0.2837062254548073","0.26179802417755127","0.2952871322631836","0.2816758379340172","0.2698281407356262","0.29455170035362244"
"578","0.27699077874422073","0.27637791633605957","0.2783846855163574","0.27630630135536194","0.2737247943878174","0.27958688139915466"
"579","0.3006180077791214","0.2920973002910614","0.3151220977306366","0.2968135178089142","0.27705100178718567","0.31238090991973877"
"580","0.2803385257720947","0.27204427123069763","0.2904554307460785","0.28003669530153275","0.2670058608055115","0.2927907407283783"
"581","0.28852517157793045","0.27378934621810913","0.30922257900238037","0.28746049851179123","0.27162832021713257","0.29490041732788086"
"582","0.26858045160770416","0.2545597553253174","0.28208011388778687","0.26741451025009155","0.25535064935684204","0.2795161008834839"
"583","0.277471624314785","0.26484978199005127","0.29165562987327576","0.2770751044154167","0.26647621393203735","0.30131086707115173"
"584","0.2826978415250778","0.26722490787506104","0.2944595217704773","0.2780623063445091","0.2645436227321625","0.28744012117385864"
"585","0.2784922569990158","0.26032525300979614","0.2947312593460083","0.2815258800983429","0.276902973651886","0.2917323708534241"
"586","0.28665462136268616","0.2766442894935608","0.2976982593536377","0.2887706682085991","0.2743406295776367","0.30227017402648926"
"587","0.2832738161087036","0.2755787670612335","0.29964911937713623","0.2829250991344452","0.2723318040370941","0.30079180002212524"
"588","0.3015103191137314","0.2875770628452301","0.3282002806663513","0.2999105453491211","0.28694093227386475","0.32484084367752075"
"589","0.2906613126397133","0.272970587015152","0.307833731174469","0.29263001680374146","0.2774176597595215","0.3085824251174927"
"590","0.27863533794879913","0.2673945426940918","0.2920588254928589","0.278198666870594","0.2711601257324219","0.2871740758419037"
"591","0.286786787211895","0.2711251974105835","0.30064916610717773","0.286804661154747","0.27170583605766296","0.3023777902126312"
"592","0.29308997839689255","0.2750392258167267","0.307205468416214","0.2886071354150772","0.2678290903568268","0.30454006791114807"
"593","0.27691706269979477","0.2704353630542755","0.28840887546539307","0.27641844004392624","0.26766449213027954","0.28453800082206726"
"594","0.274650976061821","0.2671997547149658","0.28172963857650757","0.27517643570899963","0.26480287313461304","0.2878197431564331"
"595","0.27282537519931793","0.2677971124649048","0.2820972204208374","0.27336566150188446","0.26875603199005127","0.2794816493988037"
"596","0.2827944681048393","0.2724956274032593","0.29913759231567383","0.2827707827091217","0.2713727056980133","0.3013705313205719"
"597","0.27226024493575096","0.24892623722553253","0.3066265881061554","0.2700883448123932","0.24633198976516724","0.2903595566749573"
"598","0.27864811569452286","0.2621322274208069","0.2890186309814453","0.2799696624279022","0.2701394557952881","0.2898940443992615"
"599","0.2924703061580658","0.2742086350917816","0.3049151301383972","0.29007794708013535","0.2776762545108795","0.3022381663322449"
"600","0.2829089015722275","0.274081289768219","0.2872880697250366","0.2839292362332344","0.27436506748199463","0.28849703073501587"
"601","0.28690870106220245","0.2760736048221588","0.2968185544013977","0.2827657461166382","0.27349114418029785","0.2910219728946686"
"602","0.2844841331243515","0.2722916305065155","0.29340770840644836","0.28479765355587006","0.26583343744277954","0.29172390699386597"
"603","0.27810703963041306","0.2700532078742981","0.28580236434936523","0.27790597081184387","0.2567099630832672","0.2983029782772064"
"604","0.28780824691057205","0.269672155380249","0.3012666404247284","0.2892496585845947","0.27596867084503174","0.30176404118537903"
"606","0.2773081660270691","0.25619232654571533","0.2921171188354492","0.2770649343729019","0.25757792592048645","0.2952636778354645"
"607","0.288331538438797","0.2729718089103699","0.305143266916275","0.2866419553756714","0.27418357133865356","0.29813235998153687"
"608","0.28282535821199417","0.2668188810348511","0.29548579454421997","0.2809377759695053","0.2584892511367798","0.29277893900871277"
"609","0.2737557291984558","0.2680225968360901","0.2799012064933777","0.2722032219171524","0.26700031757354736","0.2755792737007141"
"610","0.28576286882162094","0.2649172842502594","0.306255578994751","0.28530479967594147","0.2623254060745239","0.3031963109970093"
"611","0.2754496783018112","0.263276070356369","0.2814696133136749","0.2753509432077408","0.2656248211860657","0.2831321954727173"
"612","0.28065604716539383","0.2700766324996948","0.3031516671180725","0.279167041182518","0.26796817779541016","0.302209734916687"
"613","0.2803812548518181","0.2591888904571533","0.29882898926734924","0.28201817721128464","0.25686824321746826","0.3077821135520935"
"614","0.26409823819994926","0.24510236084461212","0.2842543125152588","0.26482054963707924","0.2427961677312851","0.275933176279068"
"615","0.27917277812957764","0.26359525322914124","0.2887428104877472","0.2805548906326294","0.2612649202346802","0.30643269419670105"
"616","0.2793927565217018","0.2695505619049072","0.29448920488357544","0.2776109576225281","0.26792287826538086","0.2917472720146179"
"617","0.2670775353908539","0.2581962049007416","0.28988566994667053","0.2666606158018112","0.2559943199157715","0.2837550938129425"
"618","0.2680482193827629","0.25071480870246887","0.3011355400085449","0.2667170986533165","0.24828743934631348","0.28180772066116333"
"619","0.2891335114836693","0.2803248465061188","0.29983627796173096","0.2884651869535446","0.27677682042121887","0.29709315299987793"
"620","0.28055039793252945","0.2752397060394287","0.28769585490226746","0.28139859437942505","0.27280429005622864","0.28572842478752136"
"621","0.27118005603551865","0.25780725479125977","0.29094788432121277","0.2714814692735672","0.25986337661743164","0.2919316589832306"
"622","0.2817927375435829","0.26545339822769165","0.2876860499382019","0.2809274271130562","0.26883548498153687","0.2881389260292053"
"623","0.2730480581521988","0.25867581367492676","0.2890499234199524","0.27107158303260803","0.2596336901187897","0.28700512647628784"
"624","0.2903667241334915","0.2758635878562927","0.31797176599502563","0.2900662496685982","0.27259308099746704","0.3210875391960144"
"625","0.2651411257684231","0.24965840578079224","0.28159788250923157","0.26613422483205795","0.24495133757591248","0.28100618720054626"
"626","0.2678261622786522","0.25561004877090454","0.27866968512535095","0.2644919231534004","0.25670209527015686","0.28306299448013306"
"627","0.280064657330513","0.27224475145339966","0.29091471433639526","0.27968133240938187","0.26931750774383545","0.2881399989128113"
"628","0.27908075600862503","0.2717994749546051","0.2928377389907837","0.27767132967710495","0.2697126865386963","0.2891309857368469"
"629","0.2646264620125294","0.23038040101528168","0.2859939932823181","0.26329247653484344","0.23147940635681152","0.2836509644985199"
"630","0.273319985717535","0.2465791255235672","0.28729113936424255","0.26945822685956955","0.2474895417690277","0.28283190727233887"
"631","0.2769855782389641","0.26562121510505676","0.2831939458847046","0.27648111432790756","0.26678797602653503","0.2848290503025055"
"632","0.2797258794307709","0.26530876755714417","0.295772522687912","0.2806193232536316","0.26288020610809326","0.297096848487854"
"633","0.2830667644739151","0.28047555685043335","0.28514814376831055","0.28294655680656433","0.27795836329460144","0.28722426295280457"
"634","0.266894206404686","0.24574539065361023","0.2938108444213867","0.2675671949982643","0.24424991011619568","0.2965846061706543"
"635","0.2791009023785591","0.27274996042251587","0.2843472361564636","0.2773525267839432","0.27164989709854126","0.2887374758720398"
"636","0.2651146501302719","0.2558159828186035","0.2779746353626251","0.2646482288837433","0.2543938159942627","0.286604106426239"
"637","0.2733551859855652","0.26726028323173523","0.28083693981170654","0.2721531316637993","0.2597978711128235","0.28168371319770813"
"638","0.27865487337112427","0.27174806594848633","0.28193795680999756","0.28023266047239304","0.27658984065055847","0.2843165397644043"
"639","0.2835352420806885","0.2729990780353546","0.28789061307907104","0.28321342170238495","0.27558019757270813","0.28706294298171997"
"640","0.2830085903406143","0.2669420540332794","0.31092074513435364","0.282088041305542","0.2644927203655243","0.3098641335964203"
"641","0.2768167704343796","0.25102242827415466","0.29199913144111633","0.27935461699962616","0.260929137468338","0.28964725136756897"
"642","0.27091100811958313","0.2568298280239105","0.28297320008277893","0.2706133872270584","0.25778958201408386","0.284734308719635"
"643","0.26790784299373627","0.25394517183303833","0.2840120792388916","0.2676660344004631","0.25107312202453613","0.2855284810066223"
"644","0.27664709091186523","0.2621437609195709","0.28460100293159485","0.2757703810930252","0.2633754312992096","0.28782838582992554"
"645","0.2778156250715256","0.26590627431869507","0.28835707902908325","0.2773428112268448","0.2669824957847595","0.28566449880599976"
"646","0.2607755661010742","0.2435448169708252","0.2736086845397949","0.2621634528040886","0.24179694056510925","0.27759939432144165"
"647","0.2750845104455948","0.2602198123931885","0.2928222417831421","0.2751801982522011","0.25525081157684326","0.29919785261154175"
"648","0.28387659043073654","0.2761661410331726","0.2892029881477356","0.2812028080224991","0.26302558183670044","0.2905963361263275"
"649","0.2759035602211952","0.24476706981658936","0.30331653356552124","0.2733987532556057","0.24597783386707306","0.2944287955760956"
"650","0.2605721354484558","0.2503544092178345","0.27737411856651306","0.2601584866642952","0.24538305401802063","0.27516037225723267"
"651","0.26973919570446014","0.26451289653778076","0.27519524097442627","0.26813845336437225","0.264400839805603","0.27363887429237366"
"652","0.26766252517700195","0.2550535798072815","0.28887009620666504","0.2671172246336937","0.25292685627937317","0.28998005390167236"
"653","0.2727969139814377","0.2607998251914978","0.29013124108314514","0.2706514298915863","0.2561442255973816","0.2875070571899414"
"654","0.2776387855410576","0.2628628611564636","0.29303285479545593","0.27936866879463196","0.26983538269996643","0.2905936539173126"
"655","0.29139595478773117","0.27611789107322693","0.3122609257698059","0.2891145199537277","0.2675132155418396","0.3141759932041168"
"656","0.26658472418785095","0.25793519616127014","0.27715441584587097","0.2670302093029022","0.2586343288421631","0.2726913094520569"
"657","0.28441520780324936","0.26728081703186035","0.32347434759140015","0.2817145586013794","0.2630655765533447","0.32082733511924744"
"658","0.26799226552248","0.2566922903060913","0.2941361665725708","0.26640891283750534","0.25746703147888184","0.28678208589553833"
"659","0.2653158903121948","0.2521386742591858","0.28926628828048706","0.264466755092144","0.25319987535476685","0.2807740271091461"
"660","0.2689110264182091","0.2589895725250244","0.2850843071937561","0.2689623311161995","0.26002857089042664","0.2835618257522583"
"661","0.2671673893928528","0.25130075216293335","0.28076809644699097","0.26713062077760696","0.2519691288471222","0.2819560170173645"
"662","0.26536209136247635","0.24555063247680664","0.2804471552371979","0.26410187780857086","0.2572246491909027","0.2671889066696167"
"663","0.2726462483406067","0.26140546798706055","0.29102665185928345","0.27194250375032425","0.26071590185165405","0.29036271572113037"
"664","0.26327182352542877","0.25184154510498047","0.2759159803390503","0.26368656754493713","0.2541694641113281","0.2767951488494873"
"665","0.2859400510787964","0.2566121816635132","0.3217337131500244","0.28775668889284134","0.2639673054218292","0.32437869906425476"
"666","0.26802609488368034","0.2449052482843399","0.2847096025943756","0.2677930146455765","0.24916613101959229","0.2850332260131836"
"667","0.2714862674474716","0.24769744277000427","0.29021602869033813","0.27034054696559906","0.25343671441078186","0.2913673520088196"
"668","0.26996245980262756","0.2553471326828003","0.2786157429218292","0.26823974400758743","0.2544901371002197","0.2775835692882538"
"669","0.26943179219961166","0.25069552659988403","0.2861972749233246","0.2695527449250221","0.25088319182395935","0.2869834303855896"
"670","0.2620083913207054","0.24564823508262634","0.2700783610343933","0.26023905724287033","0.25248998403549194","0.2683171033859253"
"671","0.27508193254470825","0.25648289918899536","0.29329442977905273","0.2754867896437645","0.26684996485710144","0.2945270538330078"
"672","0.2721199467778206","0.25872036814689636","0.2894972562789917","0.2742016986012459","0.25987839698791504","0.28729432821273804"
"673","0.2684529423713684","0.2597167491912842","0.27651074528694153","0.26753704249858856","0.2587486207485199","0.2828616499900818"
"674","0.27262670546770096","0.26558592915534973","0.2797730565071106","0.2738315463066101","0.26679757237434387","0.28723251819610596"
"676","0.276614673435688","0.2683641016483307","0.2887977361679077","0.27663392573595047","0.2575352191925049","0.30091220140457153"
"677","0.27781979739665985","0.26089948415756226","0.29509443044662476","0.2835550829768181","0.275642991065979","0.29630473256111145"
"678","0.280353806912899","0.27040356397628784","0.2883475720882416","0.2802991047501564","0.2736034691333771","0.28626683354377747"
"679","0.2764834687113762","0.2580796778202057","0.3011246621608734","0.2773592621088028","0.26095807552337646","0.30003759264945984"
"680","0.2618342712521553","0.24736258387565613","0.27235350012779236","0.2607693336904049","0.2491643875837326","0.2714977264404297"
"681","0.26889268308877945","0.25378599762916565","0.3003869354724884","0.2703312188386917","0.25710949301719666","0.2891751527786255"
"682","0.2715199515223503","0.25595876574516296","0.28580790758132935","0.27133162319660187","0.25352585315704346","0.28693535923957825"
"683","0.27052681893110275","0.25701525807380676","0.2794854938983917","0.27155929058790207","0.26726457476615906","0.27580684423446655"
"684","0.2647440657019615","0.25737255811691284","0.2720138728618622","0.26366710662841797","0.25763601064682007","0.2695072293281555"
"685","0.263180386275053","0.24837256968021393","0.2744419276714325","0.26089823991060257","0.24656879901885986","0.28136542439460754"
"686","0.2643144875764847","0.2514815628528595","0.2761405408382416","0.2650565467774868","0.24904082715511322","0.2788451611995697"
"687","0.2788742110133171","0.24199509620666504","0.29449212551116943","0.2771029695868492","0.23802191019058228","0.2922062873840332"
"688","0.2752760872244835","0.2658800184726715","0.2979515790939331","0.27534107863903046","0.2669423520565033","0.2955733835697174"
"689","0.26867780089378357","0.24762076139450073","0.284929096698761","0.26629991084337234","0.23684030771255493","0.28634408116340637"
"690","0.2744876444339752","0.2608969211578369","0.2897860109806061","0.27376607805490494","0.2613614499568939","0.28748396039009094"
"691","0.2663365378975868","0.2454925775527954","0.28378093242645264","0.26727770641446114","0.2450588494539261","0.28426557779312134"
"692","0.2821618765592575","0.2619231641292572","0.2976093888282776","0.2821229323744774","0.27411019802093506","0.2928765118122101"
"693","0.2581734396517277","0.24681781232357025","0.26896753907203674","0.2584000453352928","0.25007784366607666","0.2668626010417938"
"694","0.2593638524413109","0.2501662075519562","0.28172430396080017","0.2581368647515774","0.249797984957695","0.2780742943286896"
"695","0.27471688389778137","0.2672944664955139","0.2821681499481201","0.2753222659230232","0.2683475911617279","0.2801327109336853"
"696","0.2655051648616791","0.25127124786376953","0.2871081233024597","0.26577840000391006","0.25796329975128174","0.2848528325557709"
"697","0.261968731880188","0.25664418935775757","0.26637423038482666","0.26283082365989685","0.25753042101860046","0.2662076950073242"
"698","0.27817683666944504","0.2652856409549713","0.2847115397453308","0.27935295552015305","0.2664886713027954","0.2852729260921478"
"699","0.2621910162270069","0.24544940888881683","0.28269729018211365","0.26236265525221825","0.24377146363258362","0.2868741750717163"
"700","0.2669389024376869","0.2560790181159973","0.2796604335308075","0.26425033062696457","0.2533606290817261","0.27727919816970825"
"701","0.27673061937093735","0.27127915620803833","0.28267374634742737","0.2775021642446518","0.26887696981430054","0.2835589051246643"
"702","0.27447299659252167","0.2645649015903473","0.28919246792793274","0.27477017790079117","0.2650352120399475","0.2866966724395752"
"703","0.2655947208404541","0.2576223313808441","0.28319865465164185","0.26567070186138153","0.257036954164505","0.28592562675476074"
"704","0.26300133019685745","0.22814840078353882","0.2962571978569031","0.2619258649647236","0.22624649107456207","0.29745540022850037"
"705","0.27917061746120453","0.2754698395729065","0.2880213260650635","0.27815674245357513","0.25785139203071594","0.29206618666648865"
"706","0.25956015661358833","0.2480810433626175","0.26705965399742126","0.25885624438524246","0.2561280131340027","0.26383158564567566"
"707","0.26526833325624466","0.2518082857131958","0.2748985290527344","0.26507309079170227","0.2533835172653198","0.27329301834106445"
"708","0.2584768384695053","0.2534785866737366","0.2653577923774719","0.2579905241727829","0.2501969039440155","0.2703293561935425"
"709","0.27004700899124146","0.26418453454971313","0.27332669496536255","0.269214428961277","0.26536667346954346","0.2744731307029724"
"710","0.2708190977573395","0.2548920214176178","0.28843092918395996","0.2715659588575363","0.25586292147636414","0.2862052917480469"
"711","0.2675826847553253","0.2526216208934784","0.2805267572402954","0.27069585770368576","0.2556725740432739","0.2804608643054962"
"712","0.27675703912973404","0.2571268677711487","0.2938133478164673","0.2790808901190758","0.26072460412979126","0.2952211797237396"
"713","0.2562248781323433","0.2487994134426117","0.26124870777130127","0.2588469386100769","0.2471260130405426","0.27081698179244995"
"714","0.2619226835668087","0.24073143303394318","0.27156245708465576","0.2622758373618126","0.24506568908691406","0.2727755308151245"
"715","0.26336079835891724","0.2432059943675995","0.27548739314079285","0.26522204279899597","0.23996058106422424","0.2773928940296173"
"716","0.27479805797338486","0.2680109143257141","0.2885305881500244","0.27553262561559677","0.2692476212978363","0.28169578313827515"
"717","0.26530734077095985","0.24250952899456024","0.2903859615325928","0.2665182128548622","0.24944478273391724","0.28763940930366516"
"718","0.27553870528936386","0.2532486617565155","0.2952878475189209","0.2746207267045975","0.2542915940284729","0.2927878499031067"
"719","0.2643800675868988","0.2567558288574219","0.27299830317497253","0.26424822956323624","0.25473079085350037","0.274189829826355"
"720","0.2715832069516182","0.26212427020072937","0.27559977769851685","0.27028628438711166","0.2607004940509796","0.28194543719291687"
"721","0.26698681712150574","0.25239935517311096","0.27909189462661743","0.26697058975696564","0.2502392530441284","0.27983444929122925"
"722","0.2599700316786766","0.24455133080482483","0.27414870262145996","0.258161261677742","0.24536481499671936","0.27502819895744324"
"723","0.2624313086271286","0.2436465620994568","0.27735230326652527","0.2633107379078865","0.2504534125328064","0.27529409527778625"
"724","0.2704734727740288","0.2587292194366455","0.2765456736087799","0.2681323289871216","0.2537841796875","0.2749273478984833"
"725","0.2787133604288101","0.2671408951282501","0.2887868583202362","0.2779372110962868","0.26499655842781067","0.28796830773353577"
"726","0.27907297760248184","0.27285510301589966","0.2829068601131439","0.27508145570755005","0.26521241664886475","0.2847217619419098"
"727","0.25992774218320847","0.2568012475967407","0.2629842162132263","0.25903845578432083","0.25501537322998047","0.2645958364009857"
"728","0.26011504232883453","0.2523636221885681","0.27065807580947876","0.2590736970305443","0.25058120489120483","0.2718682587146759"
"729","0.2624494954943657","0.2538714110851288","0.27476370334625244","0.26018529385328293","0.2548838257789612","0.272580087184906"
"730","0.26225893199443817","0.2520357072353363","0.2771734595298767","0.2635677382349968","0.24989119172096252","0.28882721066474915"
"731","0.2590598799288273","0.2423429638147354","0.2744126319885254","0.25919752195477486","0.249869242310524","0.275563508272171"
"732","0.2738698720932007","0.2461901307106018","0.30141374468803406","0.2733229584991932","0.2492731362581253","0.29934266209602356"
"733","0.27239492535591125","0.269438236951828","0.27398961782455444","0.272620789706707","0.2695498466491699","0.2749233841896057"
"734","0.27519696950912476","0.26648589968681335","0.279476523399353","0.27302083373069763","0.26408714056015015","0.2851431965827942"
"735","0.26535963639616966","0.24247623980045319","0.28752729296684265","0.2674790471792221","0.2525635361671448","0.2853021025657654"
"736","0.2725856676697731","0.249070405960083","0.2862451374530792","0.27391912788152695","0.2502537965774536","0.28906387090682983"
"737","0.27713924646377563","0.24991241097450256","0.29052647948265076","0.2764466628432274","0.24947693943977356","0.2883588671684265"
"738","0.2729783281683922","0.2623073160648346","0.2797098159790039","0.2707585245370865","0.2599266767501831","0.28303709626197815"
"739","0.2715519592165947","0.2643287777900696","0.2778472304344177","0.2717598080635071","0.26299914717674255","0.2798759639263153"
"740","0.2604391984641552","0.24090412259101868","0.28130561113357544","0.2585226930677891","0.24103274941444397","0.274286150932312"
"741","0.25820718705654144","0.24024662375450134","0.2784396708011627","0.2571875527501106","0.24133044481277466","0.2764202356338501"
"742","0.2658677473664284","0.26288849115371704","0.26857709884643555","0.2659209594130516","0.261653870344162","0.27164721488952637"
"743","0.2551264464855194","0.2512058913707733","0.2642584443092346","0.25405391305685043","0.2506961226463318","0.25868043303489685"
"744","0.23669195175170898","0.22738298773765564","0.24280481040477753","0.23582111671566963","0.22829893231391907","0.24474558234214783"
"745","0.2634463459253311","0.2549833655357361","0.27766507863998413","0.2613774687051773","0.2495649755001068","0.2760077714920044"
"746","0.2680307552218437","0.257845938205719","0.2896348536014557","0.26728788763284683","0.2539016902446747","0.2873067855834961"
"747","0.26932984590530396","0.26260510087013245","0.27643170952796936","0.2688440829515457","0.2601534426212311","0.2770877182483673"
"748","0.26785436272621155","0.2506924569606781","0.2767595052719116","0.26850590109825134","0.25848403573036194","0.2771865725517273"
"749","0.2625969275832176","0.24782773852348328","0.27038174867630005","0.26233356446027756","0.24893829226493835","0.2714189887046814"
"750","0.2630144879221916","0.2555611729621887","0.27283456921577454","0.2647874876856804","0.25879934430122375","0.270611971616745"
"751","0.2731534391641617","0.2677823007106781","0.2835155725479126","0.2748883590102196","0.26785990595817566","0.2843301594257355"
"752","0.25726088136434555","0.2533259391784668","0.25978347659111023","0.2585490494966507","0.2541481852531433","0.27120867371559143"
"753","0.2741600200533867","0.24938300251960754","0.29700466990470886","0.2701462283730507","0.24749156832695007","0.2935827672481537"
"754","0.2617810070514679","0.2555554211139679","0.268527090549469","0.26453571021556854","0.25397422909736633","0.2808071970939636"
"755","0.2789001241326332","0.2602452039718628","0.2931119203567505","0.27852412313222885","0.2674446702003479","0.29090023040771484"
"756","0.27123793214559555","0.25942179560661316","0.27628374099731445","0.26983966678380966","0.26031970977783203","0.2738298773765564"
"757","0.2578781694173813","0.25330543518066406","0.26281750202178955","0.2586417645215988","0.24487358331680298","0.2723254859447479"
"758","0.2660593166947365","0.25979843735694885","0.2819989323616028","0.2642188295722008","0.25770601630210876","0.2757333517074585"
"759","0.27708280831575394","0.261188805103302","0.2922251224517822","0.27799706161022186","0.25931650400161743","0.2927766740322113"
"760","0.26038847863674164","0.247124582529068","0.2737949788570404","0.2586880400776863","0.2482309639453888","0.27176162600517273"
"761","0.26247958093881607","0.2544686794281006","0.26658889651298523","0.2619473300874233","0.23992182314395905","0.2766081392765045"
"762","0.26298532634973526","0.25591209530830383","0.27768585085868835","0.2607521004974842","0.24914465844631195","0.27863678336143494"
"763","0.25704126060009","0.2435482293367386","0.2730850875377655","0.2581697851419449","0.2442072033882141","0.2764681875705719"
"764","0.2592502348124981","0.2403554469347","0.2826130986213684","0.25985152274370193","0.24752706289291382","0.2807103395462036"
"765","0.26317742094397545","0.24197615683078766","0.2929060757160187","0.2636355236172676","0.24269720911979675","0.29050394892692566"
"766","0.2559862285852432","0.2455327808856964","0.2694832682609558","0.25572071596980095","0.24666385352611542","0.2702363133430481"
"767","0.26061874628067017","0.2509622871875763","0.27025875449180603","0.2581763193011284","0.2520960569381714","0.2683200538158417"
"769","0.25236864760518074","0.24237145483493805","0.2616357207298279","0.25245947390794754","0.23889979720115662","0.26683610677719116"
"770","0.27140554785728455","0.24513894319534302","0.28421467542648315","0.27142488211393356","0.26059919595718384","0.28218531608581543"
"771","0.2671540901064873","0.25947245955467224","0.27577948570251465","0.2665991634130478","0.2576451897621155","0.2768559455871582"
"772","0.2603309899568558","0.24345144629478455","0.2763518989086151","0.26085779815912247","0.2526525855064392","0.2771340012550354"
"773","0.2571311853826046","0.24802358448505402","0.266493558883667","0.2557448670268059","0.25127917528152466","0.2674817740917206"
"774","0.24997420608997345","0.2456655204296112","0.25731027126312256","0.25145817548036575","0.24584230780601501","0.2639484107494354"
"775","0.26627762615680695","0.25769996643066406","0.2781909108161926","0.26473671942949295","0.2554433345794678","0.2752377390861511"
"776","0.2710908204317093","0.2575491666793823","0.28050726652145386","0.27211403101682663","0.2589002251625061","0.2888036370277405"
"777","0.26802100241184235","0.2618110775947571","0.28140392899513245","0.2677435874938965","0.26280146837234497","0.2792404890060425"
"778","0.25747139006853104","0.2528786361217499","0.26078933477401733","0.2569323927164078","0.2537914514541626","0.26432541012763977"
"779","0.25539496541023254","0.25024890899658203","0.2629464268684387","0.2549340985715389","0.2441379874944687","0.2633644640445709"
"780","0.2633627876639366","0.24728095531463623","0.27223044633865356","0.2603204995393753","0.24820765852928162","0.2670339345932007"
"781","0.25994332507252693","0.24636493623256683","0.26807188987731934","0.26297809183597565","0.26206207275390625","0.26540178060531616"
"782","0.25804926082491875","0.24289394915103912","0.26824215054512024","0.2583940848708153","0.24104827642440796","0.26903581619262695"
"783","0.2717851996421814","0.25334620475769043","0.28883373737335205","0.2706954851746559","0.25150835514068604","0.2884507477283478"
"784","0.27083639800548553","0.2509112060070038","0.2857709527015686","0.26934999227523804","0.2518032491207123","0.2935223877429962"
"785","0.2499493807554245","0.23699291050434113","0.26073434948921204","0.2503743842244148","0.23936507105827332","0.2586289942264557"
"786","0.2620035409927368","0.25240981578826904","0.27078646421432495","0.2607554569840431","0.25055843591690063","0.27200520038604736"
"787","0.25726843997836113","0.2450123280286789","0.27092570066452026","0.25637463480234146","0.24306276440620422","0.27065062522888184"
"788","0.2660837396979332","0.26266980171203613","0.2692442536354065","0.26515526324510574","0.26161789894104004","0.2679360508918762"
"789","0.2538135200738907","0.2412906289100647","0.27559906244277954","0.2504323981702328","0.23011401295661926","0.2770165205001831"
"790","0.2530335858464241","0.231660395860672","0.276520311832428","0.2526707127690315","0.2303968071937561","0.274535596370697"
"791","0.27863606810569763","0.2491266429424286","0.29038292169570923","0.27799056470394135","0.24695131182670593","0.3043002188205719"
"792","0.2655626870691776","0.24762319028377533","0.2736312448978424","0.2648264318704605","0.24858510494232178","0.27415305376052856"
"793","0.2585202604532242","0.24554994702339172","0.2806519865989685","0.25781363993883133","0.24729153513908386","0.2769181430339813"
"794","0.2636505998671055","0.24282704293727875","0.2837267220020294","0.2646898925304413","0.2549028694629669","0.28144797682762146"
"795","0.26992741972208023","0.2569364905357361","0.28457754850387573","0.271049439907074","0.2584148645401001","0.2831494212150574"
"796","0.2664535492658615","0.25286781787872314","0.28048980236053467","0.26194238662719727","0.2507239282131195","0.2689078450202942"
"797","0.27549096941947937","0.26003944873809814","0.29871922731399536","0.27332378178834915","0.26102370023727417","0.2941185534000397"
"798","0.26223356649279594","0.2496098130941391","0.27466094493865967","0.2613377198576927","0.24776789546012878","0.275505393743515"
"799","0.2450508400797844","0.23126718401908875","0.25613072514533997","0.24426515772938728","0.2310437113046646","0.25748467445373535"
"800","0.2626149132847786","0.24824881553649902","0.2736271619796753","0.2625562325119972","0.2535278797149658","0.2711006700992584"
"801","0.2624535411596298","0.2518191337585449","0.2741355299949646","0.28066177666187286","0.2523576617240906","0.3487653136253357"
"802","0.2634631395339966","0.24558284878730774","0.28263795375823975","0.26044702529907227","0.24668395519256592","0.27069222927093506"
"803","0.25733672082424164","0.24055922031402588","0.2849920094013214","0.25695786625146866","0.2413245141506195","0.2725662589073181"
"804","0.2574735954403877","0.22515445947647095","0.27748140692710876","0.2578071877360344","0.2257971465587616","0.28593477606773376"
"805","0.25712575018405914","0.24134182929992676","0.2723200023174286","0.2571743130683899","0.23864716291427612","0.27040910720825195"
"806","0.2503466196358204","0.23832471668720245","0.2583150565624237","0.2502964958548546","0.23644092679023743","0.2566218972206116"
"807","0.25263528898358345","0.24462465941905975","0.2574514150619507","0.25267406180500984","0.24250338971614838","0.26944708824157715"
"808","0.25094981119036674","0.2375764697790146","0.25763463973999023","0.24907269701361656","0.24218513071537018","0.25613707304000854"
"809","0.2588222809135914","0.24064134061336517","0.26729708909988403","0.25851694494485855","0.23748686909675598","0.26810288429260254"
"810","0.2634020522236824","0.2549936771392822","0.27989742159843445","0.2629879117012024","0.2560204863548279","0.2757396697998047"
"811","0.25740499049425125","0.252605140209198","0.2632139325141907","0.2584475949406624","0.25095683336257935","0.2714763581752777"
"812","0.26220813021063805","0.23826716840267181","0.2757558822631836","0.26027895510196686","0.2419256865978241","0.26931309700012207"
"813","0.2560405656695366","0.2474728226661682","0.27576950192451477","0.2563140131533146","0.23300163447856903","0.27695274353027344"
"814","0.2570818029344082","0.23905755579471588","0.28970909118652344","0.25657618790864944","0.2400115728378296","0.2795252799987793"
"815","0.2582405209541321","0.24311909079551697","0.27231836318969727","0.2587706707417965","0.24425970017910004","0.26619288325309753"
"816","0.25923245400190353","0.24258723855018616","0.2685508131980896","0.25891851633787155","0.24675863981246948","0.2696855664253235"
"817","0.25735262781381607","0.24377766251564026","0.277222216129303","0.2564975768327713","0.24476328492164612","0.279572993516922"
"818","0.25461944937705994","0.24837777018547058","0.26261359453201294","0.25360044464468956","0.24632829427719116","0.26245757937431335"
"819","0.25463445484638214","0.24908366799354553","0.2600730061531067","0.2542497590184212","0.23312413692474365","0.2669266164302826"
"820","0.2590413987636566","0.24829795956611633","0.27800729870796204","0.2599516212940216","0.24643251299858093","0.2858095169067383"
"821","0.26545659452676773","0.2632980942726135","0.2694382667541504","0.26555950939655304","0.26149284839630127","0.2706143856048584"
"822","0.25236470252275467","0.24501743912696838","0.2717372477054596","0.25260138884186745","0.2426815778017044","0.2725418210029602"
"823","0.2581062540411949","0.2556734085083008","0.2623000144958496","0.25972259789705276","0.25589585304260254","0.2701782286167145"
"824","0.2548452243208885","0.2478112280368805","0.2693963348865509","0.2558298408985138","0.24931806325912476","0.27028435468673706"
"825","0.2539563775062561","0.24067935347557068","0.2705649733543396","0.2535906806588173","0.23881453275680542","0.27169740200042725"
"826","0.251665573567152","0.23795093595981598","0.2671615481376648","0.25146736577153206","0.23588135838508606","0.2697403132915497"
"827","0.2536531463265419","0.24426820874214172","0.26738566160202026","0.2555832341313362","0.24520812928676605","0.2769664227962494"
"828","0.262788787484169","0.2547382414340973","0.28199538588523865","0.26167090237140656","0.252535879611969","0.27997004985809326"
"829","0.26093292981386185","0.2586325705051422","0.266526997089386","0.2597370371222496","0.2565224766731262","0.26282528042793274"
"830","0.24351485073566437","0.23881345987319946","0.24629366397857666","0.24312786757946014","0.23688019812107086","0.24634075164794922"
"831","0.25196580588817596","0.23743528127670288","0.2670707106590271","0.25145308300852776","0.238255575299263","0.2652760446071625"
"832","0.26323912665247917","0.2463236004114151","0.2827322781085968","0.262392308562994","0.24462099373340607","0.2804587483406067"
"833","0.25432705134153366","0.245318204164505","0.2631075978279114","0.2544821463525295","0.24059627950191498","0.2652626633644104"
"834","0.2561170905828476","0.24334535002708435","0.2755635678768158","0.25633591786026955","0.24156951904296875","0.2810676395893097"
"835","0.25915849208831787","0.24800550937652588","0.27297443151474","0.2582716569304466","0.2520501911640167","0.27099525928497314"
"836","0.26227232068777084","0.24880579113960266","0.282828152179718","0.2624374106526375","0.24684065580368042","0.2716015577316284"
"837","0.2662473991513252","0.25548240542411804","0.27563321590423584","0.2651055380702019","0.253501832485199","0.27616968750953674"
"839","0.25142956152558327","0.2447914332151413","0.2684669494628906","0.2501472383737564","0.238057479262352","0.27079564332962036"
"840","0.25410842150449753","0.24349182844161987","0.2690555453300476","0.2540552392601967","0.23791393637657166","0.281997412443161"
"841","0.2591748759150505","0.24524086713790894","0.27212417125701904","0.2619198262691498","0.2501615881919861","0.27037569880485535"
"842","0.25647756084799767","0.24150444567203522","0.27032235264778137","0.25376394391059875","0.23149138689041138","0.2708226144313812"
"843","0.251760870218277","0.2469138503074646","0.2564272880554199","0.25089163705706596","0.24772469699382782","0.252631813287735"
"844","0.23215732350945473","0.21009697020053864","0.2569529414176941","0.23309451341629028","0.22374632954597473","0.23729324340820312"
"845","0.2539204806089401","0.24677008390426636","0.26118969917297363","0.2518256939947605","0.2450297325849533","0.26193881034851074"
"846","0.2482641190290451","0.22888636589050293","0.2728347182273865","0.25257108360528946","0.2402448058128357","0.2601131200790405"
"847","0.2546520382165909","0.23309722542762756","0.28542250394821167","0.25310901179909706","0.22464853525161743","0.28349199891090393"
"848","0.24734154343605042","0.2181505560874939","0.28335267305374146","0.24673452600836754","0.21800874173641205","0.2820167541503906"
"849","0.25804876163601875","0.24185214936733246","0.2724146842956543","0.25894878804683685","0.23638319969177246","0.2737150192260742"
"850","0.2576724700629711","0.24827153980731964","0.262656569480896","0.258422814309597","0.25282022356987","0.2618933320045471"
"851","0.2517494857311249","0.2419116199016571","0.2627684473991394","0.25241269171237946","0.23706263303756714","0.26463741064071655"
"852","0.2500280737876892","0.24597421288490295","0.25367867946624756","0.24799949675798416","0.23857413232326508","0.25621044635772705"
"853","0.2632514387369156","0.2545340657234192","0.2863468527793884","0.2633782997727394","0.24951866269111633","0.2876089811325073"
"854","0.2578849829733372","0.24668724834918976","0.26280122995376587","0.2576008811593056","0.24172228574752808","0.2650807499885559"
"855","0.2539149597287178","0.2412952184677124","0.2689778804779053","0.2526061311364174","0.2362925410270691","0.26726233959198"
"856","0.25335897132754326","0.2430214285850525","0.26837101578712463","0.2528882473707199","0.24403882026672363","0.2669564485549927"
"857","0.26354312524199486","0.24150030314922333","0.27824026346206665","0.2604912668466568","0.24085503816604614","0.27007097005844116"
"858","0.2560807541012764","0.24926364421844482","0.26142418384552","0.256238155066967","0.250039279460907","0.2618634104728699"
"859","0.26733823120594025","0.2414294183254242","0.28220027685165405","0.2671840041875839","0.2410825490951538","0.2820560932159424"
"860","0.24798184260725975","0.23794931173324585","0.2604142427444458","0.2482069842517376","0.23737016320228577","0.2576540410518646"
"861","0.26688385009765625","0.2569804787635803","0.2777023911476135","0.26720279455184937","0.2522018253803253","0.2820310890674591"
"862","0.25360407680273056","0.2460229992866516","0.26135891675949097","0.2535969540476799","0.24671092629432678","0.25920790433883667"
"863","0.2486833855509758","0.2387257218360901","0.2684876024723053","0.24917545542120934","0.24051536619663239","0.2601933479309082"
"864","0.2485320381820202","0.2413376420736313","0.25493714213371277","0.24911591410636902","0.2314487099647522","0.25749915838241577"
"865","0.25304948166012764","0.24194863438606262","0.2778719663619995","0.2529376782476902","0.2400365024805069","0.2688352167606354"
"866","0.2439010739326477","0.23730698227882385","0.24959993362426758","0.24158401414752007","0.23389722406864166","0.2496282458305359"
"867","0.2570856101810932","0.2362159639596939","0.29659396409988403","0.2583063468337059","0.2348841428756714","0.2954707741737366"
"868","0.24602800235152245","0.2418368011713028","0.24834179878234863","0.24649176001548767","0.24330104887485504","0.2506783604621887"
"869","0.26666323095560074","0.2462114691734314","0.2802942991256714","0.266704797744751","0.2444879710674286","0.28499284386634827"
"870","0.2564428113400936","0.24528159201145172","0.2616714835166931","0.25623174756765366","0.2437693476676941","0.2655664086341858"
"871","0.26228389143943787","0.24106261134147644","0.27474749088287354","0.2604135759174824","0.24585221707820892","0.27579736709594727"
"872","0.26051662117242813","0.2511734962463379","0.279314786195755","0.2615920603275299","0.25147104263305664","0.2798445522785187"
"873","0.25715387612581253","0.2488604187965393","0.27182304859161377","0.25729499384760857","0.24865427613258362","0.27007776498794556"
"874","0.2594592422246933","0.24924233555793762","0.2718356251716614","0.2600416913628578","0.24677994847297668","0.26999431848526"
"875","0.2595715597271919","0.2462751269340515","0.2872529625892639","0.25849365442991257","0.24451926350593567","0.28408002853393555"
"876","0.2582472786307335","0.25174999237060547","0.2634861171245575","0.2577032595872879","0.2529328763484955","0.26187965273857117"
"877","0.24751415476202965","0.217681884765625","0.2781962454319","0.24628732725977898","0.21862944960594177","0.2649901211261749"
"878","0.26420584321022034","0.25406181812286377","0.2775239944458008","0.264699250459671","0.2549859881401062","0.2758585810661316"
"879","0.2552630454301834","0.23459148406982422","0.27341851592063904","0.2543834522366524","0.24103400111198425","0.2716374397277832"
"880","0.2546864375472069","0.24528634548187256","0.2638394236564636","0.255154013633728","0.24610260128974915","0.2704731523990631"
"881","0.24767613410949707","0.22613471746444702","0.2699168026447296","0.24681510776281357","0.2269134372472763","0.2614542543888092"
"882","0.25173018127679825","0.23246172070503235","0.2649803161621094","0.2493927739560604","0.2286423295736313","0.26115137338638306"
"883","0.26566869765520096","0.25840896368026733","0.2731793522834778","0.26612967997789383","0.2591537833213806","0.2773481011390686"
"884","0.2598656862974167","0.24869927763938904","0.26696741580963135","0.25888677686452866","0.24185717105865479","0.26915597915649414"
"885","0.25088919699192047","0.2446841150522232","0.2634229063987732","0.250690471380949","0.23743373155593872","0.2616511583328247"
"886","0.2546590156853199","0.2361702173948288","0.2610912621021271","0.25516337156295776","0.23952707648277283","0.26268017292022705"
"887","0.2615940496325493","0.2473333179950714","0.26984870433807373","0.26078707724809647","0.24631226062774658","0.2810248136520386"
"888","0.263181634247303","0.24098175764083862","0.27480900287628174","0.2630137726664543","0.2416941523551941","0.2791339159011841"
"889","0.2504441924393177","0.24326092004776","0.27042871713638306","0.2513463869690895","0.23099258542060852","0.2688101530075073"
"890","0.2748503312468529","0.24713918566703796","0.3013381361961365","0.2787982150912285","0.25897565484046936","0.2994769811630249"
"891","0.2589397430419922","0.2475489377975464","0.2661004662513733","0.2585052587091923","0.24989502131938934","0.2643264830112457"
"892","0.2622569836676121","0.24636627733707428","0.28055208921432495","0.2630438581109047","0.25148728489875793","0.2707497477531433"
"893","0.2660209834575653","0.2533413767814636","0.2808753252029419","0.2641788125038147","0.25449591875076294","0.2812812924385071"
"894","0.257556676864624","0.2519409656524658","0.26360148191452026","0.2594647705554962","0.25282108783721924","0.26696401834487915"
"895","0.2522937059402466","0.24156799912452698","0.2706871032714844","0.2512521333992481","0.23506182432174683","0.2690677046775818"
"896","0.2532021328806877","0.2342619001865387","0.26488959789276123","0.2524969018995762","0.23214037716388702","0.2657039761543274"
"897","0.26287249475717545","0.2510847747325897","0.27056363224983215","0.26337558776140213","0.2522483468055725","0.27228641510009766"
"898","0.2583247646689415","0.24733629822731018","0.266218364238739","0.2582843527197838","0.2492317259311676","0.26504969596862793"
"899","0.2439671754837036","0.23092463612556458","0.2564016282558441","0.2435639463365078","0.23938921093940735","0.25437116622924805"
"900","0.24377748742699623","0.23926839232444763","0.24899141490459442","0.24473648518323898","0.23232081532478333","0.25713256001472473"
"901","0.2538534477353096","0.24311727285385132","0.27438485622406006","0.2570461332798004","0.24584782123565674","0.27286890149116516"
"902","0.2568323537707329","0.24281355738639832","0.27601540088653564","0.25943543016910553","0.24635443091392517","0.2792319357395172"
"903","0.24554817751049995","0.23445887863636017","0.26533231139183044","0.24472661316394806","0.2342875599861145","0.2533145844936371"
"904","0.2515316307544708","0.2279549539089203","0.28838062286376953","0.2503577433526516","0.23772303760051727","0.2741532027721405"
"905","0.25673099607229233","0.24004268646240234","0.27503466606140137","0.2553749158978462","0.25312232971191406","0.2575707733631134"
"906","0.25224219262599945","0.23710238933563232","0.26441818475723267","0.25191715732216835","0.23719538748264313","0.2633020281791687"
"907","0.2544528841972351","0.2376491129398346","0.2779008746147156","0.25330815091729164","0.23572979867458344","0.2670145332813263"
"909","0.26818690448999405","0.2511836588382721","0.283119797706604","0.266898974776268","0.2512561082839966","0.2813054323196411"
"910","0.24166324362158775","0.23179641366004944","0.2603093683719635","0.2428220584988594","0.2331540584564209","0.26166051626205444"
"911","0.2483261674642563","0.21819725632667542","0.2718096673488617","0.24872861430048943","0.2167007029056549","0.2800266742706299"
"912","0.25901418551802635","0.24312834441661835","0.2753118574619293","0.2576582320034504","0.2453809529542923","0.27363282442092896"
"913","0.24812648072838783","0.2278464138507843","0.2641952633857727","0.24832060933113098","0.2438385784626007","0.2528162896633148"
"914","0.26370297372341156","0.24711523950099945","0.28462517261505127","0.26426688581705093","0.24841293692588806","0.2864111065864563"
"915","0.251280277967453","0.24450528621673584","0.2582881450653076","0.2514086738228798","0.24263200163841248","0.26027777791023254"
"916","0.24689940735697746","0.23578204214572906","0.2636181116104126","0.24734926596283913","0.23669880628585815","0.265134334564209"
"917","0.25284621119499207","0.24942612648010254","0.2551816403865814","0.25176991522312164","0.2479257881641388","0.25575876235961914"
"918","0.2538820579648018","0.24324578046798706","0.2770858407020569","0.25527212768793106","0.24406155943870544","0.2766745090484619"
"919","0.24692963808774948","0.23522967100143433","0.261844277381897","0.24661081284284592","0.2364533543586731","0.26016056537628174"
"920","0.24571409448981285","0.23144710063934326","0.2559799253940582","0.24569734930992126","0.23707035183906555","0.254051148891449"
"921","0.27322181314229965","0.2624495029449463","0.289755254983902","0.27272526174783707","0.2612621784210205","0.28787723183631897"
"922","0.252246979624033","0.23035024106502533","0.2619514763355255","0.25135522335767746","0.23127469420433044","0.2599180340766907"
"923","0.25350768491625786","0.2469574362039566","0.2580629587173462","0.2567863501608372","0.24526599049568176","0.28201180696487427"
"924","0.2522604763507843","0.2338874340057373","0.26826679706573486","0.25153923407197","0.23486633598804474","0.2679484188556671"
"925","0.25888196378946304","0.24963918328285217","0.2709411680698395","0.2572389841079712","0.2431318461894989","0.27179497480392456"
"926","0.25136715918779373","0.24089670181274414","0.2602573037147522","0.2500600963830948","0.24200144410133362","0.2643452286720276"
"927","0.2538536339998245","0.2500855326652527","0.25822508335113525","0.25371014326810837","0.2500111758708954","0.2575465738773346"
"928","0.25670312345027924","0.24328312277793884","0.2714881896972656","0.2569977827370167","0.24672077596187592","0.2745230197906494"
"929","0.2568415068089962","0.24347321689128876","0.2745193541049957","0.25530920177698135","0.24438048899173737","0.27295786142349243"
"930","0.2533491440117359","0.23348958790302277","0.28020086884498596","0.2529126964509487","0.23435670137405396","0.2789052724838257"
"931","0.2554062493145466","0.22859419882297516","0.2776355743408203","0.2552660256624222","0.23726540803909302","0.2695782482624054"
"932","0.26288624480366707","0.23155297338962555","0.2815462350845337","0.2601226419210434","0.23898530006408691","0.2796955704689026"
"933","0.2539573907852173","0.23592381179332733","0.2720574736595154","0.2531992048025131","0.23402217030525208","0.2615824341773987"
"934","0.2475377693772316","0.23962509632110596","0.25333139300346375","0.24750763550400734","0.24176104366779327","0.2515091896057129"
"935","0.25439076125621796","0.2387557476758957","0.2721816301345825","0.2523933984339237","0.23938992619514465","0.27060046792030334"
"936","0.24921155720949173","0.24205459654331207","0.2612046003341675","0.24895281717181206","0.2381485402584076","0.2595786154270172"
"937","0.25880396366119385","0.2508172392845154","0.26779741048812866","0.26091212779283524","0.2517566680908203","0.2696475386619568"
"938","0.25544947385787964","0.24345538020133972","0.272517591714859","0.25496331974864006","0.24347984790802002","0.27337801456451416"
"939","0.2531610019505024","0.24649398028850555","0.25938892364501953","0.25331996381282806","0.25217780470848083","0.255694180727005"
"940","0.2527349591255188","0.23667111992835999","0.26307952404022217","0.2516250051558018","0.2374178022146225","0.2653176188468933"
"941","0.2689677104353905","0.2460862100124359","0.28309205174446106","0.26711171865463257","0.24717092514038086","0.2778228521347046"
"942","0.2431575059890747","0.2259216606616974","0.25827479362487793","0.24254193156957626","0.22673122584819794","0.25191113352775574"
"943","0.2390086054801941","0.2175500988960266","0.2530714273452759","0.23999106511473656","0.22599861025810242","0.2516360282897949"
"944","0.24783334881067276","0.23218315839767456","0.2630581855773926","0.24693675711750984","0.2320922315120697","0.26354724168777466"
"945","0.26210711151361465","0.25042569637298584","0.2797199785709381","0.26043693348765373","0.24940018355846405","0.27822160720825195"
"946","0.25064369291067123","0.23996439576148987","0.2593671679496765","0.2513783387839794","0.24622438848018646","0.2576674222946167"
"947","0.2538498006761074","0.24033482372760773","0.2635802626609802","0.2584945857524872","0.24129799008369446","0.2786705493927002"
"948","0.2542675770819187","0.23671992123126984","0.27472180128097534","0.25520140677690506","0.24039578437805176","0.27266550064086914"
"949","0.2632796838879585","0.2552006244659424","0.2722927927970886","0.26148542389273643","0.24886323511600494","0.27272123098373413"
"950","0.2563178464770317","0.24288392066955566","0.26952415704727173","0.25487812608480453","0.24364200234413147","0.2724609971046448"
"951","0.2537406124174595","0.23232708871364594","0.28833746910095215","0.24959826841950417","0.23151995241641998","0.29329442977905273"
"952","0.23979723453521729","0.23405441641807556","0.24559777975082397","0.23964723944664001","0.22272972762584686","0.2572394609451294"
"953","0.2541542127728462","0.24002417922019958","0.2686368525028229","0.25458114594221115","0.23392093181610107","0.2769811749458313"
"954","0.26215018332004547","0.24288946390151978","0.2759624421596527","0.2613306865096092","0.2413051724433899","0.27546948194503784"
"955","0.2634466513991356","0.2568584680557251","0.26964396238327026","0.26331402361392975","0.25308704376220703","0.2742805480957031"
"956","0.24701350182294846","0.2378503680229187","0.2579028606414795","0.2450493983924389","0.23894000053405762","0.2563290596008301"
"957","0.2506098449230194","0.2384926676750183","0.2632905840873718","0.24943752214312553","0.23695461452007294","0.26919877529144287"
"958","0.24523592367768288","0.2288113832473755","0.2644995152950287","0.24495629221200943","0.2272070348262787","0.26141148805618286"
"959","0.2570795640349388","0.24199527502059937","0.2682107985019684","0.25609849765896797","0.24351225793361664","0.27287155389785767"
"960","0.24643895775079727","0.23649170994758606","0.25225457549095154","0.2459430955350399","0.22598248720169067","0.2608243525028229"
"961","0.2506906986236572","0.2363514006137848","0.2702763080596924","0.25054071098566055","0.23713833093643188","0.2741686701774597"
"962","0.2473059669137001","0.23714369535446167","0.2607037127017975","0.2469591610133648","0.24131803214550018","0.2553534209728241"
"963","0.24261880293488503","0.22202107310295105","0.2530066967010498","0.2435336820781231","0.22515586018562317","0.25445863604545593"
"964","0.24686157703399658","0.23334813117980957","0.2595333755016327","0.2467568889260292","0.22884343564510345","0.26130324602127075"
"965","0.24565545096993446","0.23832249641418457","0.25555533170700073","0.2454945631325245","0.23617015779018402","0.25383520126342773"
"966","0.25219056755304337","0.24300804734230042","0.26712673902511597","0.251934178173542","0.24071946740150452","0.2680546045303345"
"967","0.26058071479201317","0.24474632740020752","0.28165239095687866","0.25928058102726936","0.24544040858745575","0.27970558404922485"
"968","0.25034552812576294","0.24420034885406494","0.2612118721008301","0.2510029822587967","0.23396094143390656","0.26085662841796875"
"969","0.24889426678419113","0.2271445393562317","0.2708449363708496","0.24799107387661934","0.22547370195388794","0.26575762033462524"
"970","0.24891731142997742","0.2278142273426056","0.26982152462005615","0.2506139390170574","0.22873230278491974","0.2683259844779968"
"971","0.23567291349172592","0.2215581238269806","0.25251832604408264","0.23661689460277557","0.2263486087322235","0.2517482042312622"
"972","0.24207448214292526","0.2315482199192047","0.25449591875076294","0.2426624819636345","0.2320249378681183","0.2564963102340698"
"973","0.2557508647441864","0.2484288513660431","0.26403456926345825","0.2553340084850788","0.24676229059696198","0.26095589995384216"
"974","0.26009389758110046","0.249245285987854","0.2699865400791168","0.26054704934358597","0.25020894408226013","0.2688373029232025"
"975","0.24505555629730225","0.23216134309768677","0.2567180097103119","0.24428419396281242","0.23101505637168884","0.25739338994026184"
"976","0.2477264516055584","0.2336064726114273","0.26213449239730835","0.24661006033420563","0.23230430483818054","0.26268908381462097"
"977","0.25381074845790863","0.24333825707435608","0.2631155848503113","0.25436981767416","0.24377959966659546","0.2675270140171051"
"978","0.25652608275413513","0.23328453302383423","0.28028902411460876","0.2508893571794033","0.21831963956356049","0.279409259557724"
"979","0.24901745468378067","0.23214396834373474","0.2607554793357849","0.24848727136850357","0.23327243328094482","0.25891509652137756"
"980","0.25928402319550514","0.2390046864748001","0.2765529751777649","0.2595314718782902","0.2264855057001114","0.28315818309783936"
"981","0.24574870616197586","0.23632016777992249","0.2634856402873993","0.242970772087574","0.23561333119869232","0.2512580156326294"
"982","0.2466004379093647","0.23446126282215118","0.25389933586120605","0.24499549716711044","0.23535209894180298","0.2520287036895752"
"983","0.26515086740255356","0.25393885374069214","0.2849341630935669","0.2634035125374794","0.24633407592773438","0.28393688797950745"
"984","0.26253828778862953","0.24400176107883453","0.27740412950515747","0.261134821921587","0.2446313053369522","0.27589309215545654"
"985","0.24072986468672752","0.23141831159591675","0.2520827353000641","0.2392316609621048","0.23184707760810852","0.25557374954223633"
"986","0.2499830573797226","0.2387470155954361","0.25896602869033813","0.25451330840587616","0.2441960871219635","0.26508909463882446"
"987","0.24949229508638382","0.22492454946041107","0.2675558626651764","0.24946245551109314","0.22555427253246307","0.2643689513206482"
"988","0.25119948387145996","0.2391848862171173","0.2646555006504059","0.24978727847337723","0.24035510420799255","0.2565292418003082"
"989","0.25037797912955284","0.2357134073972702","0.27030685544013977","0.24725201353430748","0.23653919994831085","0.2542002499103546"
"990","0.2443016618490219","0.234380304813385","0.2565758526325226","0.24359611049294472","0.23367229104042053","0.2570236623287201"
"991","0.2528671994805336","0.243974506855011","0.26005077362060547","0.2530160993337631","0.2429834008216858","0.2621229290962219"
"992","0.2648138254880905","0.250385046005249","0.27685338258743286","0.26589127257466316","0.24898956716060638","0.27567094564437866"
"993","0.24993901327252388","0.2355957329273224","0.2700847387313843","0.2498837150633335","0.2283780574798584","0.27778545022010803"
"994","0.24869439378380775","0.24099701642990112","0.25247085094451904","0.2484312504529953","0.2420312911272049","0.252621591091156"
"995","0.24569646269083023","0.21829700469970703","0.2663004398345947","0.24343841150403023","0.21714141964912415","0.265305757522583"
"996","0.2442779615521431","0.2374161034822464","0.25705891847610474","0.24280907213687897","0.2299318015575409","0.2555277943611145"
"997","0.24762070924043655","0.22796127200126648","0.26463285088539124","0.24773800745606422","0.22544622421264648","0.26616960763931274"
"998","0.24962085112929344","0.23321659862995148","0.26744866371154785","0.2503020204603672","0.22454960644245148","0.2680041790008545"
"999","0.24667077139019966","0.2375912368297577","0.25567659735679626","0.24572380632162094","0.23338869214057922","0.25723186135292053"
"1000","0.2376975119113922","0.20794352889060974","0.2580711841583252","0.23682472109794617","0.20678138732910156","0.2592501938343048"
"1002","0.24143368005752563","0.22839640080928802","0.2544499933719635","0.2400493286550045","0.2275160253047943","0.25561922788619995"
"1003","0.2526296488940716","0.24303118884563446","0.2589796483516693","0.2534600868821144","0.24306336045265198","0.259553998708725"
"1004","0.24846059828996658","0.23894794285297394","0.2595507800579071","0.25068583339452744","0.23988887667655945","0.25816747546195984"
"1005","0.2627306431531906","0.2246866524219513","0.2881937026977539","0.26227761059999466","0.23751375079154968","0.2729077935218811"
"1006","0.25965774059295654","0.24748310446739197","0.2791356146335602","0.25934191420674324","0.2415957748889923","0.2774021327495575"
"1007","0.24335388466715813","0.23404201865196228","0.258042573928833","0.2431107684969902","0.23090974986553192","0.260687917470932"
"1008","0.23580266162753105","0.22200489044189453","0.2503618597984314","0.23453588783740997","0.22268402576446533","0.24895557761192322"
"1009","0.24312256276607513","0.22087833285331726","0.26177266240119934","0.24297909438610077","0.2215569168329239","0.25968706607818604"
"1010","0.2442590333521366","0.23918640613555908","0.2501143515110016","0.24484269320964813","0.23647841811180115","0.2532712519168854"
"1011","0.24271243810653687","0.2300066202878952","0.2511516213417053","0.24185549467802048","0.22885018587112427","0.2508472204208374"
"1012","0.24011968821287155","0.22727864980697632","0.25623005628585815","0.24158212915062904","0.23066593706607819","0.25701066851615906"
"1013","0.2540889196097851","0.2357538789510727","0.27401867508888245","0.25303906947374344","0.2344440221786499","0.2636561095714569"
"1014","0.2376878596842289","0.22839593887329102","0.24654518067836761","0.23905082046985626","0.22694888710975647","0.25030770897865295"
"1015","0.24437899515032768","0.22366292774677277","0.2593128979206085","0.2440345734357834","0.2245919406414032","0.2595435380935669"
"1016","0.24236740171909332","0.2173822522163391","0.26042479276657104","0.24094169586896896","0.215702086687088","0.2612113952636719"
"1017","0.24854787439107895","0.2394528090953827","0.25683340430259705","0.24848619103431702","0.24273298680782318","0.2548321485519409"
"1018","0.24757791310548782","0.23551112413406372","0.2623145878314972","0.24735788255929947","0.2336900234222412","0.26356378197669983"
"1019","0.24761616066098213","0.24036574363708496","0.254645973443985","0.24684632569551468","0.24114221334457397","0.25605660676956177"
"1020","0.25769758969545364","0.24637064337730408","0.26978230476379395","0.2588433735072613","0.24732239544391632","0.27089402079582214"
"1021","0.24122879281640053","0.2262599766254425","0.2537887394428253","0.24419545009732246","0.23227082192897797","0.25556710362434387"
"1022","0.24331501498818398","0.22602160274982452","0.25388863682746887","0.24274694547057152","0.2267683744430542","0.25075772404670715"
"1023","0.24652787297964096","0.23155948519706726","0.2550840973854065","0.24709982424974442","0.23344402015209198","0.25610291957855225"
"1024","0.2476363182067871","0.22969266772270203","0.2591177821159363","0.24724308401346207","0.2302301526069641","0.2601713538169861"
"1025","0.2475011833012104","0.23829106986522675","0.25543245673179626","0.2460768260061741","0.23157864809036255","0.256736695766449"
"1026","0.2391316145658493","0.22881516814231873","0.2617214322090149","0.23859135434031487","0.22969657182693481","0.24582108855247498"
"1027","0.25862205773591995","0.24431079626083374","0.2719179093837738","0.2580738067626953","0.23819974064826965","0.2713126540184021"
"1028","0.24793706461787224","0.22224245965480804","0.27908286452293396","0.2485632784664631","0.2278086245059967","0.2777162492275238"
"1029","0.24685024842619896","0.2205040454864502","0.2652081847190857","0.24744723364710808","0.21902455389499664","0.2639233469963074"
"1030","0.2554781585931778","0.24104517698287964","0.27060800790786743","0.25648829340934753","0.23959431052207947","0.2715839147567749"
"1031","0.24419310316443443","0.23844492435455322","0.2475932538509369","0.2420598864555359","0.23735453188419342","0.24628448486328125"
"1032","0.25021325424313545","0.23825855553150177","0.2607613801956177","0.24952423572540283","0.23584908246994019","0.26098620891571045"
"1033","0.2558292858302593","0.24940994381904602","0.2657257318496704","0.2572036497294903","0.2435728758573532","0.2642062306404114"
"1034","0.2441583350300789","0.23343122005462646","0.2549288272857666","0.24255973100662231","0.2279670238494873","0.25452864170074463"
"1035","0.2613595053553581","0.2452811300754547","0.275614857673645","0.26071836426854134","0.2473084181547165","0.2764413356781006"
"1036","0.238098606467247","0.2279142588376999","0.24568630754947662","0.23785266652703285","0.22624945640563965","0.24550960958003998"
"1037","0.24369827657938004","0.23545421659946442","0.254250705242157","0.2437128871679306","0.23607271909713745","0.2528062164783478"
"1038","0.2441389188170433","0.23701152205467224","0.25369274616241455","0.24502460286021233","0.235591322183609","0.2546727657318115"
"1039","0.2525457367300987","0.2365134358406067","0.26105210185050964","0.2544162943959236","0.24470803141593933","0.26211830973625183"
"1040","0.25112665072083473","0.24089638888835907","0.26879918575286865","0.25165359675884247","0.24299350380897522","0.2691987454891205"
"1041","0.26557859778404236","0.25391948223114014","0.2719104588031769","0.2651618644595146","0.25317123532295227","0.2727084159851074"
"1042","0.2413274608552456","0.22944876551628113","0.259333074092865","0.24114304035902023","0.23033806681632996","0.2578481435775757"
"1043","0.23831334710121155","0.22666889429092407","0.25183260440826416","0.23832744359970093","0.23067869246006012","0.2527539134025574"
"1044","0.24020063504576683","0.22655467689037323","0.2517702877521515","0.24062732607126236","0.22710174322128296","0.24919994175434113"
"1045","0.24236111342906952","0.2341756522655487","0.2492961287498474","0.241813775151968","0.2372221052646637","0.2500004768371582"
"1046","0.2578684762120247","0.24854853749275208","0.26553502678871155","0.2586299031972885","0.24905383586883545","0.26623818278312683"
"1047","0.24993225559592247","0.23643998801708221","0.25517508387565613","0.25113504752516747","0.23348747193813324","0.26225027441978455"
"1048","0.25906676799058914","0.24575665593147278","0.28821516036987305","0.25850003212690353","0.24268770217895508","0.28521671891212463"
"1049","0.2559364140033722","0.24002650380134583","0.26751717925071716","0.2555690333247185","0.22989895939826965","0.2663005292415619"
"1050","0.24201105535030365","0.23082944750785828","0.2512795031070709","0.24055276066064835","0.23092758655548096","0.25003182888031006"
"1051","0.2500562518835068","0.23861759901046753","0.257038414478302","0.2481289654970169","0.23890957236289978","0.2581756114959717"
"1052","0.2529216669499874","0.2348916232585907","0.2758880853652954","0.25426434725522995","0.235734224319458","0.26822733879089355"
"1053","0.2510768957436085","0.24044710397720337","0.2597709596157074","0.2506997436285019","0.240976482629776","0.257457435131073"
"1054","0.253413125872612","0.24584323167800903","0.25963708758354187","0.2528836093842983","0.2462991178035736","0.26046693325042725"
"1055","0.2532529830932617","0.246719092130661","0.2625194191932678","0.2522899806499481","0.24535174667835236","0.26360884308815"
"1056","0.23801784962415695","0.23384198546409607","0.2406558096408844","0.2381592057645321","0.23579911887645721","0.24085025489330292"
"1057","0.24101222306489944","0.22516074776649475","0.2525085210800171","0.23984134942293167","0.2256382703781128","0.24960872530937195"
"1058","0.2418953813612461","0.21693000197410583","0.25766921043395996","0.24293484911322594","0.21262198686599731","0.2666632831096649"
"1059","0.23982030153274536","0.23176974058151245","0.24890568852424622","0.23851319402456284","0.2302371710538864","0.24949240684509277"
"1060","0.24899856373667717","0.22843922674655914","0.2579270899295807","0.2484676130115986","0.2315811961889267","0.2567839026451111"
"1061","0.24542036280035973","0.23858553171157837","0.2579922080039978","0.2444792278110981","0.23740217089653015","0.2621668577194214"
"1062","0.2481035515666008","0.22832757234573364","0.25895956158638","0.24704592302441597","0.21967314183712006","0.2575182020664215"
"1063","0.25128693133592606","0.2449997514486313","0.2575305700302124","0.25535187125205994","0.24065712094306946","0.26646697521209717"
"1064","0.26049741357564926","0.25581228733062744","0.2694859504699707","0.2583873048424721","0.24601471424102783","0.2683139741420746"
"1065","0.2460707351565361","0.22896313667297363","0.26394712924957275","0.2468855269253254","0.23622335493564606","0.26042407751083374"
"1066","0.2469392977654934","0.23901870846748352","0.2594241499900818","0.24558376893401146","0.2397274672985077","0.25815895199775696"
"1067","0.2407499924302101","0.22090522944927216","0.25328361988067627","0.24065987020730972","0.2219504714012146","0.25209978222846985"
"1068","0.25997117906808853","0.25032639503479004","0.26699796319007874","0.2591031640768051","0.2512095272541046","0.2694639563560486"
"1069","0.2385828122496605","0.23362185060977936","0.24333317577838898","0.2379114292562008","0.2270888239145279","0.24399304389953613"
"1070","0.2485184222459793","0.24312716722488403","0.2534763813018799","0.2504003308713436","0.24506999552249908","0.25902554392814636"
"1072","0.24331293627619743","0.23436126112937927","0.2549852728843689","0.24565544724464417","0.23374786972999573","0.259624719619751"
"1073","0.24151026085019112","0.2190905064344406","0.25859299302101135","0.23927823454141617","0.2198096513748169","0.25602757930755615"
"1074","0.2481778860092163","0.2299722135066986","0.2664806842803955","0.24775319173932076","0.23100429773330688","0.2643915116786957"
"1075","0.24033450335264206","0.23063069581985474","0.2507529854774475","0.2392781600356102","0.22976067662239075","0.24449419975280762"
"1076","0.24175938591361046","0.21057936549186707","0.268014520406723","0.24249755591154099","0.2203984558582306","0.26887500286102295"
"1077","0.24342847242951393","0.2265537679195404","0.2585146129131317","0.24274584278464317","0.2247515767812729","0.25712254643440247"
"1078","0.2553119398653507","0.24343690276145935","0.27005910873413086","0.25574537739157677","0.2446630448102951","0.268887996673584"
"1079","0.23160071671009064","0.21596747636795044","0.246983140707016","0.23212981596589088","0.21674413979053497","0.23977456986904144"
"1080","0.24518144875764847","0.232222318649292","0.2587728500366211","0.24523232877254486","0.2323031723499298","0.259476900100708"
"1081","0.25047746673226357","0.24449384212493896","0.2586440145969391","0.24992812424898148","0.24802270531654358","0.2534228265285492"
"1082","0.24204931035637856","0.23691672086715698","0.24792861938476562","0.24133538827300072","0.2375985085964203","0.24849329888820648"
"1083","0.2424122355878353","0.22971110045909882","0.25206005573272705","0.24599075689911842","0.2358427345752716","0.25305402278900146"
"1084","0.2511013373732567","0.23761987686157227","0.26525411009788513","0.2490106150507927","0.23481032252311707","0.2640021741390228"
"1085","0.24052469804883003","0.22717927396297455","0.2502603530883789","0.2406953051686287","0.22585737705230713","0.25130218267440796"
"1086","0.24470900744199753","0.22867047786712646","0.2573651075363159","0.24202443659305573","0.22740806639194489","0.25439614057540894"
"1087","0.23881858959794044","0.23296669125556946","0.2478300929069519","0.24004635587334633","0.23350781202316284","0.2465609759092331"
"1088","0.24765201658010483","0.23194292187690735","0.2654622793197632","0.2445591576397419","0.232680544257164","0.26397955417633057"
"1089","0.24780697375535965","0.23732337355613708","0.2649068832397461","0.24707694351673126","0.23376840353012085","0.26318374276161194"
"1090","0.240778598934412","0.23068346083164215","0.25434863567352295","0.24191981926560402","0.2308448851108551","0.25287431478500366"
"1091","0.252354733645916","0.2336617410182953","0.27118903398513794","0.25088492780923843","0.23599538207054138","0.267857164144516"
"1092","0.23955387994647026","0.2162109911441803","0.2503313720226288","0.239601232111454","0.22546255588531494","0.2457880973815918"
"1093","0.24703410640358925","0.22875076532363892","0.26027604937553406","0.24627338349819183","0.2276572734117508","0.2566218972206116"
"1094","0.24947108700871468","0.23527298867702484","0.27080386877059937","0.2503158859908581","0.2422557771205902","0.2572394013404846"
"1095","0.2329014204442501","0.22345000505447388","0.24227860569953918","0.2338431514799595","0.22518271207809448","0.24488063156604767"
"1096","0.256096962839365","0.2401966005563736","0.27723780274391174","0.2554629519581795","0.2329171895980835","0.2755139172077179"
"1097","0.24081449583172798","0.23167231678962708","0.2479798048734665","0.24044035002589226","0.23026327788829803","0.24868330359458923"
"1098","0.24285730347037315","0.23642991483211517","0.2547781467437744","0.24237093701958656","0.23729631304740906","0.2513939142227173"
"1099","0.2418235018849373","0.22820600867271423","0.25941890478134155","0.24233846366405487","0.22871163487434387","0.2580797076225281"
"1100","0.23854219168424606","0.22800981998443604","0.25189369916915894","0.23415928333997726","0.2264607846736908","0.24639958143234253"
"1101","0.2329118363559246","0.2192496359348297","0.24556387960910797","0.23227739334106445","0.2178099900484085","0.24651992321014404"
"1102","0.22549011558294296","0.21860213577747345","0.2337457239627838","0.22617309913039207","0.21930423378944397","0.23309259116649628"
"1103","0.250434298068285","0.24153028428554535","0.2580413222312927","0.24977131932973862","0.23603734374046326","0.2582193613052368"
"1104","0.2481275498867035","0.2327243685722351","0.25762873888015747","0.24750912562012672","0.23417004942893982","0.2545066773891449"
"1105","0.244571715593338","0.2264743447303772","0.2558479309082031","0.24472398310899734","0.22491861879825592","0.25788775086402893"
"1106","0.25377169251441956","0.24259242415428162","0.26185739040374756","0.25299131125211716","0.2435501515865326","0.2601792514324188"
"1107","0.2556183636188507","0.2456171214580536","0.26576900482177734","0.25549396872520447","0.2458057701587677","0.26446476578712463"
"1108","0.24602936953306198","0.22555053234100342","0.25926777720451355","0.2452155500650406","0.231265127658844","0.2600559592247009"
"1109","0.2383754588663578","0.22481611371040344","0.2493656575679779","0.23947866261005402","0.22576141357421875","0.25292450189590454"
"1110","0.2460288405418396","0.22721010446548462","0.25759321451187134","0.2463790737092495","0.22704260051250458","0.2589866518974304"
"1111","0.24429570510983467","0.24013659358024597","0.25173455476760864","0.2442590706050396","0.2400762140750885","0.2507360875606537"
"1112","0.23612407967448235","0.22218966484069824","0.24480247497558594","0.235408216714859","0.2252165675163269","0.24346603453159332"
"1113","0.23998242616653442","0.23251354694366455","0.24516241252422333","0.23956884443759918","0.23443348705768585","0.24297046661376953"
"1114","0.2398511804640293","0.2309120148420334","0.2542893588542938","0.24015552178025246","0.23390378057956696","0.25485196709632874"
"1115","0.23603921756148338","0.22549007833003998","0.2616861164569855","0.23934344202280045","0.22694995999336243","0.2585543692111969"
"1116","0.25125405192375183","0.2406599074602127","0.26111990213394165","0.2505487650632858","0.2416759729385376","0.2549612522125244"
"1117","0.2490207962691784","0.23283451795578003","0.260254442691803","0.24817996844649315","0.2334275096654892","0.2589915692806244"
"1118","0.2381877787411213","0.22353839874267578","0.25370553135871887","0.23856915161013603","0.21518881618976593","0.25239333510398865"
"1119","0.2501972019672394","0.2449268400669098","0.25565487146377563","0.24836330860853195","0.2455638349056244","0.25036928057670593"
"1120","0.24782143905758858","0.22902467846870422","0.2697475552558899","0.24700457975268364","0.2337670773267746","0.2583104968070984"
"1121","0.2451857067644596","0.22455741465091705","0.2626410722732544","0.24472514539957047","0.22338709235191345","0.2635013461112976"
"1122","0.24958933889865875","0.23384937644004822","0.25716632604599","0.24977941438555717","0.24264656007289886","0.2556858956813812"
"1123","0.2406180165708065","0.2249167263507843","0.25841596722602844","0.2398800030350685","0.22643303871154785","0.25480419397354126"
"1124","0.2493470199406147","0.2351359874010086","0.2550118565559387","0.24784567952156067","0.2373233139514923","0.25451380014419556"
"1125","0.23570766299962997","0.21398235857486725","0.2685162425041199","0.23459303379058838","0.2144288718700409","0.26713502407073975"
"1126","0.24647938832640648","0.21537049114704132","0.2836095988750458","0.24662820994853973","0.21595899760723114","0.28212928771972656"
"1127","0.24866655468940735","0.23740464448928833","0.2602071762084961","0.24913901090621948","0.2428535521030426","0.2613184452056885"
"1128","0.2350408174097538","0.22719699144363403","0.24783945083618164","0.23543433472514153","0.22078073024749756","0.24852295219898224"
"1129","0.2450355663895607","0.23742330074310303","0.2599691152572632","0.24505425617098808","0.23680917918682098","0.2674728035926819"
"1130","0.24227464199066162","0.22897474467754364","0.2540290057659149","0.24201488867402077","0.2276477962732315","0.2549155354499817"
"1131","0.22605064883828163","0.21416747570037842","0.2389848530292511","0.22572440654039383","0.21476058661937714","0.23633357882499695"
"1132","0.2478378787636757","0.23660653829574585","0.25242161750793457","0.2477870099246502","0.2435261756181717","0.2530972957611084"
"1133","0.23532957956194878","0.22684825956821442","0.241431325674057","0.23518754914402962","0.2257237732410431","0.2413298785686493"
"1134","0.23966841399669647","0.22211116552352905","0.2526189684867859","0.24100369960069656","0.2236255258321762","0.2610244154930115"
"1135","0.248506847769022","0.23771938681602478","0.2587127983570099","0.24766432121396065","0.23511403799057007","0.25977885723114014"
"1136","0.2537515349686146","0.23984020948410034","0.2783830165863037","0.2530520297586918","0.23891152441501617","0.25995245575904846"
"1137","0.23928923159837723","0.22927744686603546","0.2508951723575592","0.2396499514579773","0.2271481454372406","0.2496819794178009"
"1138","0.2443544752895832","0.21749339997768402","0.25735801458358765","0.2455565221607685","0.2361876368522644","0.25831079483032227"
"1139","0.23726391419768333","0.22380855679512024","0.24702587723731995","0.23636361211538315","0.223968505859375","0.257976233959198"
"1140","0.24874750524759293","0.2298886775970459","0.2682833969593048","0.2487167790532112","0.23539882898330688","0.2634054124355316"
"1142","0.24490874260663986","0.23889534175395966","0.25301459431648254","0.244277473539114","0.22320803999900818","0.2566083073616028"
"1143","0.23401636630296707","0.22498443722724915","0.2525447905063629","0.2338891662657261","0.22106647491455078","0.2613196074962616"
"1144","0.25963134318590164","0.24524861574172974","0.2759224772453308","0.2597457468509674","0.24072140455245972","0.2767353653907776"
"1145","0.23748630285263062","0.21983686089515686","0.2520272135734558","0.23723501339554787","0.21852849423885345","0.2469896376132965"
"1146","0.2439018003642559","0.22599534690380096","0.2554003894329071","0.24425778910517693","0.22718365490436554","0.25632166862487793"
"1147","0.2452549710869789","0.2368212789297104","0.24964293837547302","0.24552028253674507","0.23620353639125824","0.25295430421829224"
"1148","0.25209785997867584","0.23613384366035461","0.27232182025909424","0.25119728595018387","0.23676146566867828","0.2709547281265259"
"1149","0.2520814538002014","0.23612821102142334","0.2667565941810608","0.2505888603627682","0.23748789727687836","0.26742738485336304"
"1150","0.23514529690146446","0.22852066159248352","0.23888511955738068","0.23719824105501175","0.2293781340122223","0.2431122213602066"
"1151","0.22540675476193428","0.2052733600139618","0.2386680245399475","0.22527272626757622","0.20567414164543152","0.24668173491954803"
"1152","0.2506871782243252","0.23705831170082092","0.26356953382492065","0.2518700882792473","0.2381109595298767","0.26204970479011536"
"1153","0.24462414905428886","0.23399704694747925","0.2536218762397766","0.2425401322543621","0.23264363408088684","0.2521802484989166"
"1154","0.24719996005296707","0.22457054257392883","0.2622235417366028","0.24768619984388351","0.22527647018432617","0.2633313536643982"
"1155","0.24839692562818527","0.23636683821678162","0.2617052495479584","0.246752068400383","0.23468834161758423","0.26246386766433716"
"1156","0.2540883272886276","0.22195935249328613","0.29117000102996826","0.2446436956524849","0.21955877542495728","0.25886455178260803"
"1157","0.23637577891349792","0.21750366687774658","0.25265228748321533","0.23495246842503548","0.2181149125099182","0.25590622425079346"
"1158","0.2561691477894783","0.2500123977661133","0.2679041028022766","0.2571083568036556","0.24833111464977264","0.2689753472805023"
"1159","0.2480388954281807","0.23188966512680054","0.2578578293323517","0.24984832853078842","0.2458432912826538","0.25743967294692993"
"1160","0.23529881611466408","0.22130592167377472","0.24632850289344788","0.23674385622143745","0.23077303171157837","0.2430700808763504"
"1161","0.23987853527069092","0.2223747968673706","0.2741033434867859","0.24009129405021667","0.2230789065361023","0.27283307909965515"
"1162","0.24339062348008156","0.23581646382808685","0.25049954652786255","0.24261365830898285","0.23626422882080078","0.2514103949069977"
"1163","0.2376469261944294","0.22355934977531433","0.2566681504249573","0.23723530769348145","0.2238716334104538","0.2654339671134949"
"1164","0.23318352177739143","0.22100943326950073","0.24521319568157196","0.2333713099360466","0.21379804611206055","0.25436165928840637"
"1165","0.23524954915046692","0.20862391591072083","0.252084344625473","0.23487497121095657","0.20976465940475464","0.2505512237548828"
"1166","0.24528753757476807","0.226080983877182","0.2611404359340668","0.24622925743460655","0.22332420945167542","0.2635195851325989"
"1167","0.23492735996842384","0.21655744314193726","0.25157976150512695","0.23542099073529243","0.2153197079896927","0.24856489896774292"
"1168","0.23124387115240097","0.22565990686416626","0.2415742129087448","0.23007770255208015","0.21767877042293549","0.24048684537410736"
"1169","0.24250788614153862","0.22123689949512482","0.2661707401275635","0.2426513358950615","0.2218516767024994","0.2648424506187439"
"1170","0.24406836554408073","0.23138633370399475","0.2509784400463104","0.24257906526327133","0.23184573650360107","0.24974292516708374"
"1171","0.2241808883845806","0.2137386053800583","0.23454102873802185","0.22309685498476028","0.21211576461791992","0.23517228662967682"
"1172","0.2433432824909687","0.23793546855449677","0.24968698620796204","0.2439483106136322","0.23419718444347382","0.2514875531196594"
"1173","0.2383560910820961","0.2348155528306961","0.24430334568023682","0.24095012992620468","0.23558084666728973","0.2466101348400116"
"1174","0.2396288365125656","0.2250978648662567","0.25302019715309143","0.23986095935106277","0.2239358127117157","0.2560708522796631"
"1175","0.23957979679107666","0.2259902060031891","0.25177323818206787","0.2398563176393509","0.22679255902767181","0.2512502074241638"
"1176","0.23738401383161545","0.2229841649532318","0.25946044921875","0.23703137785196304","0.21907123923301697","0.2601800262928009"
"1177","0.24873140454292297","0.23177988827228546","0.26130881905555725","0.25017159432172775","0.24397271871566772","0.26020514965057373"
"1178","0.23248348385095596","0.21709339320659637","0.24309277534484863","0.2323753982782364","0.21796490252017975","0.2439822554588318"
"1179","0.2342628687620163","0.21842405200004578","0.24438545107841492","0.23303309828042984","0.21740208566188812","0.24833117425441742"
"1180","0.2387862242758274","0.22906309366226196","0.25095632672309875","0.23782365769147873","0.22881191968917847","0.24582231044769287"
"1181","0.24316733703017235","0.23632711172103882","0.24635443091392517","0.2438414990901947","0.23723872005939484","0.24941688776016235"
"1182","0.23725468292832375","0.21822021901607513","0.25274065136909485","0.23542671278119087","0.22543157637119293","0.23905235528945923"
"1183","0.2362842671573162","0.22647656500339508","0.24424979090690613","0.2360413335263729","0.22708578407764435","0.24407726526260376"
"1184","0.25027675181627274","0.2365955412387848","0.2743406295776367","0.2492806799709797","0.23587441444396973","0.27467280626296997"
"1185","0.24423981085419655","0.21479377150535583","0.2654918432235718","0.24409250915050507","0.21558061242103577","0.27497345209121704"
"1186","0.23735017701983452","0.22941863536834717","0.2512674033641815","0.23840484768152237","0.22998204827308655","0.2518649697303772"
"1187","0.25045519694685936","0.23627367615699768","0.26470476388931274","0.2490573301911354","0.23672443628311157","0.2589642405509949"
"1188","0.26153475791215897","0.25295671820640564","0.2666471004486084","0.25491834431886673","0.24470935761928558","0.26515427231788635"
"1189","0.2401524819433689","0.22540098428726196","0.250110924243927","0.24037764593958855","0.22592836618423462","0.2530888319015503"
"1190","0.24593307450413704","0.23695790767669678","0.25441333651542664","0.24560311064124107","0.2356852889060974","0.25445613265037537"
"1191","0.2443101927638054","0.23161369562149048","0.2622379958629608","0.24555611237883568","0.23586039245128632","0.2609349489212036"
"1192","0.25282707065343857","0.2473975270986557","0.26425832509994507","0.25214434787631035","0.24700090289115906","0.26514995098114014"
"1193","0.24060865491628647","0.23205474019050598","0.24898725748062134","0.240214254707098","0.23186564445495605","0.24964529275894165"
"1194","0.23737308382987976","0.218026801943779","0.25595295429229736","0.23706841468811035","0.2186482846736908","0.25444361567497253"
"1195","0.2523088604211807","0.24317890405654907","0.2568959593772888","0.25026416033506393","0.2309175729751587","0.25940030813217163"
"1196","0.24022288620471954","0.23010021448135376","0.24756553769111633","0.23941713199019432","0.23084186017513275","0.24626323580741882"
"1197","0.258675180375576","0.2512364089488983","0.263482928276062","0.2580525651574135","0.2516159117221832","0.26235949993133545"
"1198","0.2519005872309208","0.23830433189868927","0.26609617471694946","0.2508912608027458","0.23705819249153137","0.2670111656188965"
"1199","0.24205730855464935","0.23079608380794525","0.25067564845085144","0.24115854501724243","0.22763478755950928","0.2510569989681244"
"1200","0.23928001523017883","0.2309301793575287","0.24591858685016632","0.2368517480790615","0.22851786017417908","0.24667368829250336"
"1201","0.23293579369783401","0.2225242704153061","0.24052046239376068","0.23481513559818268","0.22120290994644165","0.25454479455947876"
"1202","0.24014228582382202","0.23101794719696045","0.24695150554180145","0.24153999984264374","0.2377462089061737","0.24597030878067017"
"1203","0.24805541336536407","0.24086254835128784","0.25733646750450134","0.2461828589439392","0.24149784445762634","0.25627601146698"
"1204","0.23570497706532478","0.2248639166355133","0.2494150996208191","0.23482171073555946","0.21675610542297363","0.25024983286857605"
"1205","0.24860186129808426","0.22737693786621094","0.25977152585983276","0.24863091856241226","0.23019278049468994","0.2597610652446747"
"1206","0.23707900568842888","0.2271738052368164","0.24504251778125763","0.23617145791649818","0.2257903814315796","0.2435259222984314"
"1207","0.23392323777079582","0.22379323840141296","0.2528699040412903","0.23213419318199158","0.2225877195596695","0.24502167105674744"
"1208","0.24398726224899292","0.22823642194271088","0.2544742822647095","0.24361690506339073","0.22880619764328003","0.25574126839637756"
"1209","0.24869410693645477","0.24350228905677795","0.2526733875274658","0.24705421179533005","0.23662413656711578","0.2536314129829407"
"1210","0.24739652127027512","0.2323552966117859","0.2532658874988556","0.24831321835517883","0.23324483633041382","0.2569291591644287"
"1211","0.24490980803966522","0.23758582770824432","0.2559535503387451","0.24244563654065132","0.23373568058013916","0.25458669662475586"
"1212","0.24484150856733322","0.23360252380371094","0.2506571412086487","0.24472910165786743","0.2322612702846527","0.25752153992652893"
"1213","0.22619472071528435","0.21607312560081482","0.23427139222621918","0.22730645164847374","0.22370630502700806","0.23136548697948456"
"1214","0.23802585527300835","0.23087961971759796","0.24905258417129517","0.23870278522372246","0.22963376343250275","0.25224170088768005"
"1215","0.23360247910022736","0.22525258362293243","0.2410430908203125","0.23204848542809486","0.22279991209506989","0.24208803474903107"
"1216","0.2355753593146801","0.22558586299419403","0.2625449299812317","0.23487181216478348","0.22398565709590912","0.2576923370361328"
"1217","0.2450295090675354","0.23836302757263184","0.2508140802383423","0.24624769389629364","0.23587027192115784","0.26012471318244934"
"1218","0.24534442275762558","0.2276100069284439","0.25783494114875793","0.2450554221868515","0.23811140656471252","0.2535729706287384"
"1219","0.24436982721090317","0.2286563366651535","0.26092371344566345","0.24581699073314667","0.2347503900527954","0.26169756054878235"
"1220","0.24004248157143593","0.22909048199653625","0.25246110558509827","0.23868397995829582","0.23158667981624603","0.2530936300754547"
"1221","0.24311157315969467","0.22690951824188232","0.2554577887058258","0.24238889291882515","0.2255406528711319","0.2522447109222412"
"1222","0.23720860853791237","0.21402981877326965","0.24672842025756836","0.23647575452923775","0.21477344632148743","0.2488100826740265"
"1223","0.24497850239276886","0.23765365779399872","0.2512674927711487","0.24539339542388916","0.23842372000217438","0.25875556468963623"
"1224","0.23362233117222786","0.2227676957845688","0.2550920844078064","0.23168838769197464","0.22354504466056824","0.24978508055210114"
"1225","0.24879496172070503","0.23424886167049408","0.26478156447410583","0.24685179069638252","0.23260559141635895","0.2634944021701813"
"1226","0.25085001438856125","0.23791423439979553","0.2600316107273102","0.25308411568403244","0.23636874556541443","0.2652454376220703"
"1227","0.24186138808727264","0.23714148998260498","0.2531435787677765","0.2402709536254406","0.2359054535627365","0.24999287724494934"
"1228","0.246213186532259","0.23920124769210815","0.25402456521987915","0.24409238621592522","0.22883807122707367","0.25666543841362"
"1229","0.24292176216840744","0.22831082344055176","0.25818467140197754","0.2424108274281025","0.2288150191307068","0.2533552050590515"
"1230","0.23169882223010063","0.22302745282649994","0.2359679937362671","0.2305963896214962","0.22381740808486938","0.23854351043701172"
"1231","0.24618390947580338","0.22202661633491516","0.2586410343647003","0.2447105310857296","0.22258614003658295","0.2564938962459564"
"1232","0.23941893875598907","0.22314967215061188","0.24938073754310608","0.23815301805734634","0.22188931703567505","0.25018662214279175"
"1233","0.24980704113841057","0.23229098320007324","0.264005184173584","0.24974464997649193","0.2311234474182129","0.2645770013332367"
"1235","0.23887955397367477","0.23158088326454163","0.25121456384658813","0.2381378524005413","0.23143061995506287","0.251992791891098"
"1236","0.2453884743154049","0.23438230156898499","0.2529877722263336","0.24493881687521935","0.23549221456050873","0.26279744505882263"
"1237","0.24166446924209595","0.22965307533740997","0.25093144178390503","0.24088410288095474","0.2305254191160202","0.25511130690574646"
"1238","0.23276253417134285","0.2286708652973175","0.24244838953018188","0.23053722828626633","0.22439588606357574","0.24336709082126617"
"1239","0.23693660646677017","0.22574712336063385","0.2409355640411377","0.23836300894618034","0.22443170845508575","0.2561812102794647"
"1240","0.24029269069433212","0.22916445136070251","0.24754680693149567","0.23969833925366402","0.22790955007076263","0.24983611702919006"
"1241","0.23629794642329216","0.21466702222824097","0.2502554655075073","0.23475594446063042","0.21503645181655884","0.24681076407432556"
"1242","0.2276747152209282","0.21353045105934143","0.24395808577537537","0.22875263914465904","0.2121882289648056","0.2371755689382553"
"1243","0.250264298170805","0.23567946255207062","0.2623763680458069","0.24968960881233215","0.24380937218666077","0.2627886235713959"
"1244","0.2458881214261055","0.23343992233276367","0.2574499249458313","0.24516822770237923","0.23209451138973236","0.2536317706108093"
"1245","0.24054370820522308","0.2279510498046875","0.2527768611907959","0.24111009761691093","0.2289242148399353","0.2541964054107666"
"1246","0.24220245704054832","0.224824458360672","0.2529323697090149","0.24252020940184593","0.22987818717956543","0.25172460079193115"
"1247","0.25047333538532257","0.23648883402347565","0.2645616829395294","0.2496023327112198","0.23314118385314941","0.26575833559036255"
"1248","0.24746162444353104","0.22406068444252014","0.26591432094573975","0.24904826655983925","0.2246931791305542","0.2793210446834564"
"1249","0.2404744178056717","0.23193079233169556","0.2559795379638672","0.24036159366369247","0.2326432317495346","0.25397589802742004"
"1250","0.24265572801232338","0.22204947471618652","0.27080246806144714","0.24177920445799828","0.22255855798721313","0.2694073021411896"
"1251","0.23743310198187828","0.2218126356601715","0.24843624234199524","0.23973040655255318","0.22058753669261932","0.2484791874885559"
"1252","0.246493898332119","0.23299837112426758","0.25862428545951843","0.24599025771021843","0.23667185008525848","0.2570955455303192"
"1253","0.24390770494937897","0.2290053814649582","0.2565208971500397","0.24508054554462433","0.23175787925720215","0.25769057869911194"
"1254","0.2581355348229408","0.24994254112243652","0.2701614201068878","0.25905363261699677","0.23806169629096985","0.2785423994064331"
"1255","0.22718875110149384","0.21728123724460602","0.23795218765735626","0.2260023020207882","0.21603608131408691","0.23398169875144958"
"1256","0.23036868125200272","0.2109035849571228","0.2464631199836731","0.2316896803677082","0.21150857210159302","0.24501602351665497"
"1257","0.24552962183952332","0.22813469171524048","0.2687010169029236","0.24507854133844376","0.22888439893722534","0.26720142364501953"
"1258","0.23366738110780716","0.2129001021385193","0.2508099675178528","0.23625009506940842","0.22661280632019043","0.24583783745765686"
"1259","0.23731812462210655","0.2174832969903946","0.24891649186611176","0.23811790347099304","0.21847963333129883","0.2534782290458679"
"1260","0.2363802269101143","0.22974784672260284","0.245723694562912","0.23718563467264175","0.2287089228630066","0.25283879041671753"
"1261","0.2378425896167755","0.2231559306383133","0.2539399564266205","0.23815768584609032","0.22196006774902344","0.2564283013343811"
"1262","0.2471998743712902","0.24386188387870789","0.2513055205345154","0.24607012420892715","0.243613600730896","0.25141626596450806"
"1263","0.23438214510679245","0.23214730620384216","0.23934507369995117","0.23230019211769104","0.22526001930236816","0.24009889364242554"
"1264","0.23347463458776474","0.23114535212516785","0.2384701669216156","0.2321726679801941","0.22232484817504883","0.23722460865974426"
"1265","0.22164249420166016","0.21352612972259521","0.23328368365764618","0.21984956413507462","0.21408334374427795","0.22506263852119446"
"1266","0.22771962732076645","0.22302164137363434","0.23650294542312622","0.22892091423273087","0.2219361960887909","0.23531796038150787"
"1267","0.2307245023548603","0.21947386860847473","0.24221400916576385","0.23005146905779839","0.21659380197525024","0.24085474014282227"
"1268","0.23943372815847397","0.23524492979049683","0.24145808815956116","0.2404358945786953","0.23289303481578827","0.24751442670822144"
"1269","0.24450275301933289","0.2357223927974701","0.2522549629211426","0.24460358545184135","0.234307661652565","0.25441789627075195"
"1270","0.24111884832382202","0.23239268362522125","0.24916115403175354","0.23927760496735573","0.23066972196102142","0.24975132942199707"
"1271","0.2416587695479393","0.21666762232780457","0.27027255296707153","0.24074746295809746","0.2173192948102951","0.26414716243743896"
"1272","0.24193474650382996","0.23538866639137268","0.24908071756362915","0.24236438795924187","0.23601406812667847","0.2518521547317505"
"1273","0.22882843390107155","0.208683580160141","0.2423248291015625","0.22839612141251564","0.20945385098457336","0.23846714198589325"
"1274","0.24021566286683083","0.2338818460702896","0.24877147376537323","0.24023806303739548","0.23271745443344116","0.24753546714782715"
"1275","0.25155604630708694","0.24200654029846191","0.2618248462677002","0.25049226731061935","0.24277442693710327","0.2607000470161438"
"1276","0.23605825006961823","0.22766277194023132","0.2465713918209076","0.2361043617129326","0.2299383133649826","0.24503107368946075"
"1277","0.23112085089087486","0.217250794172287","0.2373451292514801","0.23105141893029213","0.21493548154830933","0.23979362845420837"
"1278","0.24042222648859024","0.22604995965957642","0.2634432315826416","0.24150291085243225","0.2222559154033661","0.26198896765708923"
"1279","0.23785438761115074","0.22763575613498688","0.251817524433136","0.23981590569019318","0.22070449590682983","0.267450749874115"
"1280","0.23864656314253807","0.21974049508571625","0.25025397539138794","0.23831889405846596","0.23460343480110168","0.24534514546394348"
"1281","0.24132531881332397","0.21589305996894836","0.26391035318374634","0.2405506782233715","0.21723702549934387","0.26201802492141724"
"1282","0.25112157315015793","0.24360159039497375","0.2576586902141571","0.2501511685550213","0.24791817367076874","0.25160667300224304"
"1283","0.2282206118106842","0.21814629435539246","0.23631340265274048","0.22862540185451508","0.21684640645980835","0.236978679895401"
"1284","0.24597382172942162","0.21399857103824615","0.2610403001308441","0.2454068399965763","0.22503043711185455","0.26211243867874146"
"1285","0.23925168812274933","0.23162950575351715","0.2496097832918167","0.23966838791966438","0.23034030199050903","0.24494996666908264"
"1286","0.24205854907631874","0.233961820602417","0.26144272089004517","0.24052540212869644","0.22964447736740112","0.2601887583732605"
"1287","0.22854413464665413","0.22382166981697083","0.24017003178596497","0.22824591398239136","0.2246234118938446","0.23178018629550934"
"1288","0.23584427312016487","0.23157769441604614","0.2437499463558197","0.2363513708114624","0.23066288232803345","0.24018099904060364"
"1289","0.24019526317715645","0.22336433827877045","0.25364571809768677","0.2393600270152092","0.22602926194667816","0.2544040083885193"
"1290","0.23502403497695923","0.22374019026756287","0.2516179084777832","0.2336598038673401","0.2234589159488678","0.25024744868278503"
"1291","0.22717662528157234","0.21628913283348083","0.23466777801513672","0.22643986716866493","0.2167602777481079","0.23933866620063782"
"1292","0.24003209546208382","0.2119055688381195","0.2619120180606842","0.23808904364705086","0.2092582881450653","0.25725871324539185"
"1293","0.23608162626624107","0.22909945249557495","0.24514423310756683","0.23640165477991104","0.23012477159500122","0.2501198947429657"
"1294","0.2420576587319374","0.23569601774215698","0.2512623965740204","0.24023444950580597","0.23423713445663452","0.2457747459411621"
"1295","0.2366035133600235","0.22562521696090698","0.259066641330719","0.23756340518593788","0.22415578365325928","0.25976553559303284"
"1296","0.2401660494506359","0.22550243139266968","0.249112069606781","0.23938678950071335","0.22630739212036133","0.25389721989631653"
"1297","0.2343917228281498","0.2268056422472","0.24220144748687744","0.2341732531785965","0.2319159358739853","0.2362269163131714"
"1298","0.2461373470723629","0.23383989930152893","0.26326921582221985","0.24546847492456436","0.2323639839887619","0.2548484802246094"
"1299","0.23054679483175278","0.21456673741340637","0.2386232316493988","0.23120184987783432","0.21576079726219177","0.24506880342960358"
"1300","0.23490647599101067","0.21826297044754028","0.24447648227214813","0.23466352373361588","0.2191510647535324","0.24406878650188446"
"1301","0.23497644066810608","0.21522179245948792","0.2586332857608795","0.234866164624691","0.20946137607097626","0.25725388526916504"
"1302","0.23612407594919205","0.22494949400424957","0.2441018521785736","0.23495949059724808","0.22574365139007568","0.24872402846813202"
"1303","0.2295834943652153","0.2113722264766693","0.24671980738639832","0.2302541770040989","0.21225163340568542","0.2588125467300415"
"1305","0.25812283158302307","0.22423946857452393","0.3378525674343109","0.2405730038881302","0.2295011281967163","0.26298069953918457"
"1306","0.2300354577600956","0.21774405241012573","0.2473861277103424","0.22827016189694405","0.20990914106369019","0.24589283764362335"
"1307","0.24695809185504913","0.2369198352098465","0.257976233959198","0.24541692808270454","0.2356453537940979","0.25133371353149414"
"1308","0.2370404154062271","0.22500357031822205","0.24616500735282898","0.23826052993535995","0.2318856418132782","0.24460378289222717"
"1309","0.23847534507513046","0.22340965270996094","0.2552855908870697","0.2402447946369648","0.22636482119560242","0.2538970708847046"
"1310","0.22499140724539757","0.20314916968345642","0.237049862742424","0.22399359568953514","0.20337723195552826","0.2358388900756836"
"1311","0.23791559785604477","0.21696487069129944","0.25354650616645813","0.23755357041954994","0.2175423800945282","0.25278204679489136"
"1312","0.22343392670154572","0.20861005783081055","0.23177921772003174","0.2240145280957222","0.21511833369731903","0.2282341718673706"
"1313","0.23882543295621872","0.22993908822536469","0.2506662607192993","0.23755932599306107","0.22486954927444458","0.24680425226688385"
"1314","0.2379298359155655","0.22265800833702087","0.25024256110191345","0.2382429875433445","0.2213553786277771","0.25418877601623535"
"1315","0.2289401777088642","0.22338220477104187","0.23294037580490112","0.2308204285800457","0.22701013088226318","0.2339346557855606"
"1316","0.23328928649425507","0.2259809970855713","0.2436646819114685","0.2327498309314251","0.2249811589717865","0.2439771294593811"
"1317","0.2302168905735016","0.22068528831005096","0.2460353523492813","0.2292237989604473","0.21757565438747406","0.2447504848241806"
"1318","0.24825000762939453","0.2300364077091217","0.2712283134460449","0.2551872432231903","0.22849470376968384","0.26923516392707825"
"1319","0.24070585519075394","0.23306742310523987","0.2501075863838196","0.24204105511307716","0.2339855581521988","0.2502822279930115"
"1320","0.23406768590211868","0.22332985699176788","0.24502027034759521","0.23495913296937943","0.2192523181438446","0.24569982290267944"
"1321","0.23306958377361298","0.22198766469955444","0.24486872553825378","0.23277303203940392","0.21663092076778412","0.24797342717647552"
"1322","0.23392312228679657","0.21625199913978577","0.24566754698753357","0.23338507860898972","0.21526503562927246","0.2418203353881836"
"1323","0.2500513158738613","0.24447046220302582","0.2555040717124939","0.24921850115060806","0.236906498670578","0.2604697346687317"
"1324","0.23724501952528954","0.22833672165870667","0.24597106873989105","0.23726989701390266","0.23160235583782196","0.2425980567932129"
"1325","0.23837873339653015","0.2319992333650589","0.25320854783058167","0.23917154595255852","0.22706936299800873","0.25174713134765625"
"1326","0.2472032681107521","0.22661352157592773","0.25979378819465637","0.2476394586265087","0.2314484417438507","0.2606295645236969"
"1327","0.24246666207909584","0.22919927537441254","0.2484154999256134","0.24009691551327705","0.22798693180084229","0.24895860254764557"
"1328","0.24882370978593826","0.21729964017868042","0.27242669463157654","0.24862626194953918","0.21616694331169128","0.27276942133903503"
"1329","0.2343931868672371","0.21861132979393005","0.24377445876598358","0.23405290767550468","0.21447792649269104","0.2470473051071167"
"1330","0.22817398235201836","0.2127237319946289","0.2478845715522766","0.22900573164224625","0.21132388710975647","0.24853384494781494"
"1331","0.2318432703614235","0.2148808240890503","0.2414233684539795","0.23232703283429146","0.21280637383460999","0.2459891140460968"
"1332","0.2371322549879551","0.21635735034942627","0.25296151638031006","0.23690234869718552","0.19999587535858154","0.2525022625923157"
"1333","0.23692166060209274","0.2187913954257965","0.2458464503288269","0.23543016985058784","0.21369151771068573","0.2466895431280136"
"1334","0.24553367123007774","0.23767174780368805","0.25049063563346863","0.24538886547088623","0.23887509107589722","0.2533226013183594"
"1335","0.23467139527201653","0.2205445021390915","0.260037899017334","0.23524757847189903","0.219458669424057","0.25261908769607544"
"1336","0.24142806977033615","0.2382153570652008","0.24586859345436096","0.240915659815073","0.22723394632339478","0.2559593915939331"
"1337","0.2451413944363594","0.23358963429927826","0.2494715452194214","0.24390563741326332","0.2311355471611023","0.2490997016429901"
"1338","0.2270650528371334","0.21482159197330475","0.23884496092796326","0.22716180980205536","0.21278145909309387","0.2420889139175415"
"1339","0.22440920397639275","0.20242825150489807","0.23782244324684143","0.2248709425330162","0.20313452184200287","0.23879016935825348"
"1340","0.22787770628929138","0.22078034281730652","0.23297438025474548","0.22860293090343475","0.21960823237895966","0.23388606309890747"
"1341","0.2326350063085556","0.2172284573316574","0.24944382905960083","0.2311619371175766","0.21785061061382294","0.24740667641162872"
"1342","0.2294853962957859","0.21161842346191406","0.24329496920108795","0.228944331407547","0.2135867178440094","0.24216201901435852"
"1343","0.23851196467876434","0.2306256741285324","0.24998362362384796","0.23833679035305977","0.23231536149978638","0.24586284160614014"
"1344","0.235986839979887","0.22318434715270996","0.24546799063682556","0.23684022575616837","0.22665369510650635","0.24431557953357697"
"1345","0.24153634905815125","0.23081189393997192","0.25966495275497437","0.23982582613825798","0.23142153024673462","0.25411540269851685"
"1346","0.23109452053904533","0.22449713945388794","0.23868757486343384","0.23246478289365768","0.22205089032649994","0.23887869715690613"
"1347","0.24217482656240463","0.2322077751159668","0.2522614896297455","0.24239523708820343","0.23151795566082","0.25093305110931396"
"1348","0.230888519436121","0.21592478454113007","0.24095124006271362","0.23065202310681343","0.21633809804916382","0.24058803915977478"
"1349","0.2293049618601799","0.2171820104122162","0.23816636204719543","0.227281603962183","0.2151472568511963","0.23693974316120148"
"1350","0.24115537852048874","0.23477452993392944","0.25472748279571533","0.240844938904047","0.23338459432125092","0.2550426721572876"
"1351","0.23067576438188553","0.2253466546535492","0.23963463306427002","0.23185741156339645","0.2273961454629898","0.24008604884147644"
"1352","0.24530142545700073","0.23251324892044067","0.258137583732605","0.244202621281147","0.23117105662822723","0.2588096857070923"
"1353","0.21952125057578087","0.21251215040683746","0.2246459275484085","0.21899689361453056","0.21316713094711304","0.22337599098682404"
"1354","0.2323354408144951","0.22540855407714844","0.2406271994113922","0.23141252994537354","0.22608335316181183","0.2363198846578598"
"1355","0.2483561523258686","0.24083995819091797","0.25528621673583984","0.24902606010437012","0.23961126804351807","0.25597792863845825"
"1356","0.2328125275671482","0.2151341289281845","0.25158315896987915","0.23245253041386604","0.21588623523712158","0.25547343492507935"
"1357","0.23838762566447258","0.23260778188705444","0.24480769038200378","0.23857179284095764","0.23330119252204895","0.24756792187690735"
"1358","0.22986826673150063","0.2228280007839203","0.2372513711452484","0.22812595963478088","0.22168388962745667","0.23118451237678528"
"1359","0.24907706305384636","0.22845283150672913","0.2684626579284668","0.24836404249072075","0.2295507937669754","0.26933184266090393"
"1360","0.22649016976356506","0.20285293459892273","0.2467128038406372","0.22731249034404755","0.21050432324409485","0.24545928835868835"
"1361","0.2302684523165226","0.2180279940366745","0.24109429121017456","0.22962377965450287","0.2152213454246521","0.23972640931606293"
"1362","0.2326676808297634","0.22346046566963196","0.2427213340997696","0.23237518593668938","0.22232578694820404","0.23937904834747314"
"1363","0.23160577192902565","0.2221701741218567","0.2359708547592163","0.23042170330882072","0.21848918497562408","0.2355881929397583"
"1364","0.2531050741672516","0.2358931303024292","0.27469438314437866","0.2518177032470703","0.23671908676624298","0.2730063199996948"
"1365","0.2414618507027626","0.22010323405265808","0.25976336002349854","0.2412705309689045","0.21601729094982147","0.26388686895370483"
"1366","0.24683551490306854","0.2392236590385437","0.25824642181396484","0.24672416970133781","0.23743176460266113","0.2569616734981537"
"1367","0.23986493051052094","0.23219288885593414","0.25156348943710327","0.23954620957374573","0.2306518703699112","0.25410306453704834"
"1368","0.24266813322901726","0.23912741243839264","0.24911674857139587","0.24262027442455292","0.23996670544147491","0.24726228415966034"
"1369","0.24644334241747856","0.2264924794435501","0.2647892236709595","0.2483837828040123","0.2254469394683838","0.2660479247570038"
"1370","0.2339380942285061","0.21770238876342773","0.24312633275985718","0.23272915929555893","0.21888813376426697","0.23980608582496643"
"1371","0.2251528948545456","0.20854619145393372","0.2353624403476715","0.22501300647854805","0.20923307538032532","0.23972506821155548"
"1372","0.23461388051509857","0.22647109627723694","0.2509010434150696","0.2345624826848507","0.22108307480812073","0.2495778650045395"
"1373","0.22994456812739372","0.2136543244123459","0.23788172006607056","0.2306685894727707","0.2137499749660492","0.25221487879753113"
"1375","0.23453900590538979","0.22017258405685425","0.25300484895706177","0.23556046560406685","0.22077834606170654","0.2516780197620392"
"1376","0.23203570768237114","0.22343027591705322","0.24868153035640717","0.23147766664624214","0.21991710364818573","0.24696704745292664"
"1377","0.22981056571006775","0.2125224769115448","0.24433764815330505","0.228972177952528","0.21459195017814636","0.2451043426990509"
"1378","0.23220356926321983","0.21290460228919983","0.2461107075214386","0.2313806526362896","0.2133016288280487","0.24482746422290802"
"1379","0.23693007230758667","0.2314024269580841","0.24143558740615845","0.23652365431189537","0.2344825267791748","0.2397855967283249"
"1380","0.23533271625638008","0.22495511174201965","0.24330323934555054","0.23593007773160934","0.22516418993473053","0.24464941024780273"
"1381","0.2365390583872795","0.22799037396907806","0.24822407960891724","0.23685840517282486","0.2243618220090866","0.2560288608074188"
"1382","0.23301837220788002","0.21884115040302277","0.24877697229385376","0.23259325325489044","0.2221991866827011","0.24745841324329376"
"1383","0.24037541449069977","0.23173722624778748","0.24696218967437744","0.24012894555926323","0.23235931992530823","0.2451091855764389"
"1384","0.23591582104563713","0.2263849675655365","0.2481614202260971","0.2353452369570732","0.21866412460803986","0.24709314107894897"
"1385","0.2416505105793476","0.2304338961839676","0.259080708026886","0.24253302440047264","0.22853116691112518","0.26486095786094666"
"1386","0.24529370665550232","0.2322613000869751","0.2617262601852417","0.2453400120139122","0.2377825677394867","0.2550992965698242"
"1387","0.2324574887752533","0.2002042531967163","0.24801886081695557","0.23141878843307495","0.20269519090652466","0.24313116073608398"
"1388","0.22863614559173584","0.22436478734016418","0.23261141777038574","0.22860079631209373","0.22438497841358185","0.2333717942237854"
"1389","0.24155596271157265","0.23070941865444183","0.25866925716400146","0.2418566755950451","0.23413139581680298","0.25634506344795227"
"1390","0.2308417744934559","0.20910756289958954","0.24346359074115753","0.22977327555418015","0.20968583226203918","0.24240121245384216"
"1391","0.24703476950526237","0.23431439697742462","0.2592272460460663","0.24572424590587616","0.2334277331829071","0.2577381134033203"
"1392","0.2333153411746025","0.2185986340045929","0.2428886443376541","0.23480642959475517","0.22057808935642242","0.24345356225967407"
"1393","0.24255285039544106","0.23689207434654236","0.2478286623954773","0.2427309900522232","0.2378559410572052","0.24835070967674255"
"1394","0.23337747156620026","0.2050628364086151","0.25909939408302307","0.23235809430480003","0.20772069692611694","0.2527226209640503"
"1395","0.24182574823498726","0.2292231172323227","0.2536237835884094","0.24092408269643784","0.2270837426185608","0.2552645802497864"
"1396","0.23724586889147758","0.22787626087665558","0.24199557304382324","0.23687098547816277","0.22873783111572266","0.2404363751411438"
"1397","0.22743166983127594","0.20989260077476501","0.2460768222808838","0.22674743831157684","0.21225933730602264","0.24629798531532288"
"1398","0.2468528375029564","0.2402186393737793","0.2518979609012604","0.24624020978808403","0.2390018105506897","0.2584940493106842"
"1399","0.23054508492350578","0.21605700254440308","0.24091218411922455","0.23181311786174774","0.22136446833610535","0.2415229082107544"
"1400","0.23808478564023972","0.21803399920463562","0.2542387545108795","0.24208616092801094","0.21992869675159454","0.2550047039985657"
"1401","0.23330070078372955","0.22521145641803741","0.24823564291000366","0.23272322863340378","0.22882485389709473","0.24269163608551025"
"1402","0.23046624287962914","0.21865612268447876","0.23910048604011536","0.2304728627204895","0.21729493141174316","0.23980766534805298"
"1403","0.23005801811814308","0.21940810978412628","0.23874472081661224","0.23061947897076607","0.22205813229084015","0.23750059306621552"
"1404","0.24166691675782204","0.23722395300865173","0.24954161047935486","0.24089257419109344","0.23400935530662537","0.24830323457717896"
"1405","0.23277707025408745","0.22289805114269257","0.248465895652771","0.23241078481078148","0.2217440903186798","0.2492542862892151"
"1406","0.23408714309334755","0.21523381769657135","0.24825593829154968","0.23378292843699455","0.21602997183799744","0.25732797384262085"
"1407","0.23535647243261337","0.2288164347410202","0.2431175708770752","0.23608458042144775","0.2287076711654663","0.24411746859550476"
"1408","0.22276024147868156","0.21334752440452576","0.23070427775382996","0.22098315507173538","0.21466732025146484","0.23132264614105225"
"1409","0.24297265708446503","0.21368515491485596","0.2646661698818207","0.24214763939380646","0.21403685212135315","0.26149782538414"
"1410","0.23591719940304756","0.21881774067878723","0.2502916753292084","0.2343653403222561","0.21938595175743103","0.24661317467689514"
"1411","0.23812268301844597","0.22692397236824036","0.24458731710910797","0.2378714345395565","0.22550556063652039","0.24681727588176727"
"1412","0.2299385666847229","0.21936172246932983","0.23957981169223785","0.23032156005501747","0.2169668972492218","0.24259626865386963"
"1413","0.2351091280579567","0.21957466006278992","0.24114233255386353","0.23460547626018524","0.2202744483947754","0.24631202220916748"
"1414","0.22502345591783524","0.20731262862682343","0.24563243985176086","0.22582929208874702","0.21690645813941956","0.23965726792812347"
"1415","0.22360702231526375","0.2078600972890854","0.2366521954536438","0.2229078710079193","0.2076883614063263","0.23755955696105957"
"1416","0.23353785648941994","0.2206512689590454","0.24276836216449738","0.23265312239527702","0.21935886144638062","0.24845165014266968"
"1417","0.2313634231686592","0.21359404921531677","0.24654239416122437","0.23170409351587296","0.21430428326129913","0.2454131692647934"
"1418","0.2224338874220848","0.20141229033470154","0.23837372660636902","0.22147880122065544","0.20183908939361572","0.2370968610048294"
"1419","0.23197129741311073","0.2209642082452774","0.24358049035072327","0.23171616345643997","0.22151732444763184","0.24754655361175537"
"1420","0.23158074170351028","0.22424504160881042","0.23704279959201813","0.23324616998434067","0.2232043445110321","0.2447565346956253"
"1421","0.24486451596021652","0.23218965530395508","0.25252625346183777","0.24467876553535461","0.23774908483028412","0.25336161255836487"
"1422","0.2390706054866314","0.23249346017837524","0.24539066851139069","0.23779678344726562","0.2189958393573761","0.25042271614074707"
"1423","0.22423912212252617","0.20743553340435028","0.23798760771751404","0.22547709941864014","0.21107237040996552","0.24044708907604218"
"1424","0.22331418469548225","0.21302348375320435","0.24471142888069153","0.2252604253590107","0.21191293001174927","0.24547314643859863"
"1425","0.24589931964874268","0.23225383460521698","0.2577855885028839","0.24580617249011993","0.23618236184120178","0.2536330223083496"
"1426","0.22241295129060745","0.21796287596225739","0.22525759041309357","0.2230987809598446","0.218791663646698","0.22637300193309784"
"1427","0.24353838711977005","0.23066169023513794","0.2539208233356476","0.24324944615364075","0.23274877667427063","0.25123685598373413"
"1428","0.24343569204211235","0.23687192797660828","0.25091540813446045","0.24255262687802315","0.23705118894577026","0.24820545315742493"
"1429","0.2289397306740284","0.2246047556400299","0.23440474271774292","0.22770043835043907","0.22319430112838745","0.23267307877540588"
"1430","0.23265765607357025","0.21312487125396729","0.24536268413066864","0.2330358810722828","0.2135733813047409","0.24996250867843628"
"1431","0.2288195863366127","0.21991696953773499","0.23543012142181396","0.22605426982045174","0.21380260586738586","0.23616965115070343"
"1432","0.229490764439106","0.22177034616470337","0.24283745884895325","0.22893021628260612","0.21859505772590637","0.24146199226379395"
"1433","0.22967473417520523","0.21899715065956116","0.2376871109008789","0.23124534264206886","0.2175792157649994","0.2449895739555359"
"1434","0.2280186042189598","0.22214841842651367","0.24164749681949615","0.22727761417627335","0.22234128415584564","0.23722310364246368"
"1435","0.23731506615877151","0.22433023154735565","0.2485552430152893","0.23821701481938362","0.2229710966348648","0.2493363320827484"
"1436","0.23280515521764755","0.22308778762817383","0.24586035311222076","0.23242085427045822","0.22190958261489868","0.23877477645874023"
"1437","0.2436794526875019","0.21137510240077972","0.2695428729057312","0.2445005066692829","0.21710224449634552","0.267845094203949"
"1438","0.22378190606832504","0.2018914818763733","0.24653974175453186","0.2231111042201519","0.20104120671749115","0.2321818768978119"
"1439","0.22219235450029373","0.21257731318473816","0.23038721084594727","0.2222529724240303","0.21247610449790955","0.230633944272995"
"1440","0.2369740679860115","0.20638447999954224","0.26201847195625305","0.23580892011523247","0.2043607532978058","0.2601988911628723"
"1441","0.2238071858882904","0.20967093110084534","0.2500893473625183","0.22509579733014107","0.20958559215068817","0.24281683564186096"
"1442","0.23122483491897583","0.2129681408405304","0.24293674528598785","0.23184527829289436","0.2137785106897354","0.243707537651062"
"1443","0.24266758561134338","0.23234547674655914","0.25833871960639954","0.24189993366599083","0.23293659090995789","0.2568976581096649"
"1444","0.24032903462648392","0.22986054420471191","0.2665364146232605","0.238930381834507","0.2277364879846573","0.2652781903743744"
"1445","0.23289836570620537","0.22737161815166473","0.24131539463996887","0.23280519619584084","0.2275599092245102","0.2393270581960678"
"1446","0.22888246551156044","0.22235585749149323","0.23322080075740814","0.23092631623148918","0.22599060833454132","0.23384827375411987"
"1447","0.24275091290473938","0.23628239333629608","0.24697919189929962","0.24256178736686707","0.22401198744773865","0.25660043954849243"
"1448","0.2379755787551403","0.22162453830242157","0.24589596688747406","0.2364257015287876","0.21523752808570862","0.24638324975967407"
"1449","0.23906228318810463","0.22562585771083832","0.26332956552505493","0.24275697395205498","0.22623084485530853","0.28825581073760986"
"1450","0.23157522082328796","0.21798023581504822","0.24667300283908844","0.23060641065239906","0.21056130528450012","0.25078722834587097"
"1451","0.22854314744472504","0.2209058403968811","0.2410222589969635","0.22960950806736946","0.2255305051803589","0.2336975336074829"
"1452","0.23005514591932297","0.21417468786239624","0.24774843454360962","0.2330944985151291","0.2130659818649292","0.2584612965583801"
"1453","0.24130886420607567","0.23114892840385437","0.24666374921798706","0.24111778289079666","0.22573047876358032","0.24716481566429138"
"1454","0.22896892204880714","0.22050729393959045","0.24044811725616455","0.22791123390197754","0.21575869619846344","0.23925206065177917"
"1455","0.22177355363965034","0.2027832716703415","0.24196158349514008","0.2171640694141388","0.2032727301120758","0.22934913635253906"
"1456","0.22831187397241592","0.21122890710830688","0.25372815132141113","0.2287536785006523","0.21018555760383606","0.257587730884552"
"1457","0.24377216398715973","0.22786881029605865","0.25479835271835327","0.24558423832058907","0.2387496531009674","0.25312700867652893"
"1458","0.23125845566391945","0.22006167471408844","0.2527408003807068","0.23048800230026245","0.21813730895519257","0.2521088123321533"
"1459","0.2365431897342205","0.2086953967809677","0.2575474977493286","0.23445198684930801","0.20934316515922546","0.2508045732975006"
"1460","0.23001720756292343","0.21702836453914642","0.24150951206684113","0.2310393787920475","0.21571318805217743","0.2427813857793808"
"1461","0.23173809424042702","0.22533702850341797","0.23533928394317627","0.2316114902496338","0.22926896810531616","0.2357521802186966"
"1462","0.2233443520963192","0.2070767879486084","0.23658208549022675","0.2225852869451046","0.21357640624046326","0.2324547916650772"
"1463","0.2362670563161373","0.2200852781534195","0.2563583254814148","0.23605335131287575","0.2182914912700653","0.2581063508987427"
"1464","0.24209480360150337","0.22006970643997192","0.2694667875766754","0.24534416943788528","0.22083336114883423","0.2682111859321594"
"1465","0.24063383787870407","0.22628381848335266","0.2552342116832733","0.24062570929527283","0.22680160403251648","0.25393715500831604"
"1466","0.23874438926577568","0.22471609711647034","0.2535638213157654","0.23976260423660278","0.21930983662605286","0.2541941702365875"
"1468","0.2328801192343235","0.21840272843837738","0.24434703588485718","0.23294441401958466","0.2171805053949356","0.24850377440452576"
"1469","0.2321326769888401","0.2147773653268814","0.25358983874320984","0.23208174481987953","0.2136746644973755","0.2575896382331848"
"1470","0.23635662347078323","0.22615604102611542","0.2415921837091446","0.2378043532371521","0.23509839177131653","0.24190405011177063"
"1471","0.2325378768146038","0.21783550083637238","0.2393488734960556","0.23147641122341156","0.22406411170959473","0.23775136470794678"
"1472","0.23586998507380486","0.21450093388557434","0.2486361563205719","0.23640188202261925","0.22485138475894928","0.24772202968597412"
"1473","0.22385816648602486","0.21880611777305603","0.22851039469242096","0.22488244995474815","0.21773642301559448","0.23781180381774902"
"1474","0.24267733097076416","0.23233720660209656","0.2504338026046753","0.24444398283958435","0.23643560707569122","0.25214093923568726"
"1475","0.24568260088562965","0.2331024557352066","0.2580055892467499","0.24136804789304733","0.23272615671157837","0.2543027997016907"
"1476","0.24033140018582344","0.23048315942287445","0.25671085715293884","0.23982015252113342","0.2291332185268402","0.2574053406715393"
"1477","0.2507730722427368","0.2332005798816681","0.28105077147483826","0.24413304030895233","0.23278391361236572","0.25592994689941406"
"1478","0.22956666722893715","0.21788367629051208","0.2344425916671753","0.23207849636673927","0.23015448451042175","0.2353253960609436"
"1479","0.2359008900821209","0.20674075186252594","0.24829575419425964","0.23741308599710464","0.21534502506256104","0.24702930450439453"
"1480","0.23350036516785622","0.2221890240907669","0.24461352825164795","0.23297863826155663","0.22054873406887054","0.24519675970077515"
"1481","0.23668673634529114","0.22082741558551788","0.2578132152557373","0.23533925786614418","0.21915000677108765","0.2549108862876892"
"1482","0.2261032946407795","0.19485625624656677","0.24770796298980713","0.22551629692316055","0.1999930441379547","0.23974956572055817"
"1483","0.2329723872244358","0.22084075212478638","0.24354973435401917","0.2329019010066986","0.2171575278043747","0.24235469102859497"
"1484","0.22498656064271927","0.2095957100391388","0.23461242020130157","0.22398334369063377","0.2083941102027893","0.2395765483379364"
"1485","0.2221933975815773","0.20417359471321106","0.2342238575220108","0.22243162244558334","0.21539537608623505","0.23485124111175537"
"1486","0.2375989630818367","0.22261357307434082","0.24992500245571136","0.236952256411314","0.2215704321861267","0.2492256462574005"
"1487","0.23180435225367546","0.21151062846183777","0.2609921395778656","0.23194976896047592","0.21840324997901917","0.25527310371398926"
"1488","0.2375289611518383","0.21757501363754272","0.24980199337005615","0.23765262216329575","0.22316612303256989","0.24868081510066986"
"1489","0.2305244319140911","0.2205115556716919","0.23754537105560303","0.2298671379685402","0.22101712226867676","0.23599326610565186"
"1490","0.219541035592556","0.21769513189792633","0.22197701036930084","0.2210540696978569","0.22049027681350708","0.22179701924324036"
"1491","0.22741543129086494","0.20256054401397705","0.23612511157989502","0.2283634953200817","0.20545218884944916","0.23749050498008728"
"1492","0.23801524937152863","0.23225554823875427","0.24053457379341125","0.23752813413739204","0.2329469621181488","0.23978561162948608"
"1493","0.2266298495233059","0.2096494734287262","0.2394256293773651","0.22719397768378258","0.22197815775871277","0.23485496640205383"
"1494","0.23338185995817184","0.2215811163187027","0.24845001101493835","0.23132314532995224","0.23048582673072815","0.2323693335056305"
"1495","0.2351219765841961","0.20586749911308289","0.25938645005226135","0.23490916565060616","0.2064378261566162","0.2559429407119751"
"1496","0.24443848803639412","0.23171544075012207","0.2520304024219513","0.24471229314804077","0.23240812122821808","0.2584131360054016"
"1497","0.23496007919311523","0.2160109281539917","0.2434971183538437","0.233096145093441","0.21018047630786896","0.24410812556743622"
"1498","0.22261213511228561","0.2011299580335617","0.24337616562843323","0.2239048331975937","0.21272167563438416","0.23713266849517822"
"1499","0.21878042444586754","0.21137410402297974","0.22633180022239685","0.21852976083755493","0.21020415425300598","0.23073071241378784"
"1500","0.24056582525372505","0.23343214392662048","0.24451175332069397","0.23910681903362274","0.23203033208847046","0.24503105878829956"
"1501","0.23693253472447395","0.21917423605918884","0.24717333912849426","0.23676658421754837","0.2196308672428131","0.2534693777561188"
"1502","0.23505105823278427","0.22354941070079803","0.24224241077899933","0.23592612519860268","0.23351165652275085","0.24074551463127136"
"1503","0.23778408765792847","0.21338574588298798","0.24726881086826324","0.23998337611556053","0.21323297917842865","0.2536603510379791"
"1504","0.22754759714007378","0.21600781381130219","0.2356085181236267","0.22700919583439827","0.2227368950843811","0.23432931303977966"
"1505","0.22615522891283035","0.22345395386219025","0.22998914122581482","0.22638322785496712","0.21757960319519043","0.23702016472816467"
"1506","0.22544242441654205","0.2127719521522522","0.23567132651805878","0.22525348514318466","0.2142159342765808","0.23453137278556824"
"1507","0.22764522954821587","0.2152516096830368","0.23437713086605072","0.22696230933070183","0.21192124485969543","0.2334219217300415"
"1508","0.23249564319849014","0.2304479479789734","0.23364520072937012","0.2326679527759552","0.22566287219524384","0.24165821075439453"
"1509","0.230735931545496","0.22328563034534454","0.23935753107070923","0.22998212277889252","0.2237931489944458","0.23815925419330597"
"1510","0.22768118232488632","0.22166267037391663","0.23603565990924835","0.22703364118933678","0.21464841067790985","0.2350328266620636"
"1511","0.23978334292769432","0.22361144423484802","0.2506612241268158","0.24056248366832733","0.2261454313993454","0.25120577216148376"
"1512","0.2335449792444706","0.22185814380645752","0.2505752444267273","0.23350423574447632","0.22211995720863342","0.24927139282226562"
"1513","0.23359745740890503","0.22497466206550598","0.24223574995994568","0.23563426733016968","0.2317030429840088","0.24408793449401855"
"1514","0.23125087097287178","0.2131418138742447","0.24785709381103516","0.2335377261042595","0.21409502625465393","0.2654823064804077"
"1515","0.2189336232841015","0.19501817226409912","0.22833910584449768","0.22029293328523636","0.19566720724105835","0.23573699593544006"
"1516","0.2389509715139866","0.2311537265777588","0.257263720035553","0.2401316612958908","0.23133960366249084","0.25431275367736816"
"1517","0.23719992488622665","0.23040732741355896","0.24256163835525513","0.23410208523273468","0.2225111722946167","0.2430395931005478"
"1518","0.23242752626538277","0.21956700086593628","0.24350722134113312","0.23373794183135033","0.22215144336223602","0.24751965701580048"
"1519","0.2411135919392109","0.23053695261478424","0.25018686056137085","0.24224820360541344","0.2293441891670227","0.2552139461040497"
"1520","0.23396510630846024","0.21466262638568878","0.24280105531215668","0.23304685205221176","0.21819818019866943","0.24369454383850098"
"1521","0.23767149448394775","0.2143276184797287","0.26220980286598206","0.23725689575076103","0.2147735357284546","0.26308056712150574"
"1522","0.22743618860840797","0.20732691884040833","0.24077105522155762","0.2248448058962822","0.20603139698505402","0.24231481552124023"
"1523","0.2346714623272419","0.22483855485916138","0.24104653298854828","0.23524115234613419","0.22527137398719788","0.24154195189476013"
"1524","0.23361168056726456","0.22621656954288483","0.24315141141414642","0.23321912437677383","0.22484710812568665","0.2429049015045166"
"1525","0.23293854668736458","0.21671347320079803","0.24766066670417786","0.23172885179519653","0.21536950767040253","0.24889326095581055"
"1526","0.22943687811493874","0.21756237745285034","0.23515689373016357","0.22749624401330948","0.21810129284858704","0.23733453452587128"
"1527","0.22579194232821465","0.21574565768241882","0.23430392146110535","0.22300221771001816","0.21338053047657013","0.23319151997566223"
"1528","0.22532542049884796","0.20603248476982117","0.23804648220539093","0.22494804859161377","0.212071031332016","0.23855751752853394"
"1529","0.23261350393295288","0.21666254103183746","0.26582539081573486","0.23270582780241966","0.22348082065582275","0.2593235373497009"
"1530","0.2223912924528122","0.20549675822257996","0.2472977340221405","0.2231471762061119","0.20385099947452545","0.24790653586387634"
"1531","0.24012922495603561","0.2280871719121933","0.25582313537597656","0.23853062838315964","0.22046011686325073","0.25767141580581665"
"1532","0.24178025871515274","0.23382911086082458","0.24624672532081604","0.2421388067305088","0.23449835181236267","0.24698641896247864"
"1533","0.2199646383523941","0.21744228899478912","0.2219010293483734","0.22003399953246117","0.2161175161600113","0.22418329119682312"
"1534","0.23035399988293648","0.21507123112678528","0.2432301640510559","0.23186905682086945","0.2224162518978119","0.24258539080619812"
"1535","0.23687034845352173","0.22720050811767578","0.24871015548706055","0.23675031960010529","0.22596412897109985","0.24946680665016174"
"1536","0.23881150409579277","0.23232360184192657","0.25066128373146057","0.23826076462864876","0.2315029799938202","0.25206685066223145"
"1538","0.22238827869296074","0.21915331482887268","0.22473779320716858","0.2210608571767807","0.21552127599716187","0.22358369827270508"
"1539","0.23509366810321808","0.2125079482793808","0.2442873865365982","0.23642220348119736","0.21313466131687164","0.25122126936912537"
"1540","0.2335168682038784","0.23109593987464905","0.23537497222423553","0.2330094277858734","0.23087216913700104","0.23592495918273926"
"1541","0.22410163283348083","0.21860380470752716","0.22961202263832092","0.22402078285813332","0.22026802599430084","0.2280411720275879"
"1542","0.23470677807927132","0.228897362947464","0.2421598583459854","0.23431599140167236","0.22720983624458313","0.2432107925415039"
"1543","0.23232321813702583","0.21053928136825562","0.2525928020477295","0.23043331876397133","0.2091902792453766","0.24724751710891724"
"1544","0.23041527718305588","0.2231074571609497","0.23824641108512878","0.24652694165706635","0.2217627763748169","0.30811867117881775"
"1545","0.22622830793261528","0.2111605554819107","0.2381463348865509","0.22462567314505577","0.2119351476430893","0.23256385326385498"
"1546","0.22334152460098267","0.21105465292930603","0.24284642934799194","0.22403456270694733","0.21153473854064941","0.24347129464149475"
"1547","0.23062137514352798","0.22620324790477753","0.23857474327087402","0.2290477380156517","0.22423055768013","0.235009104013443"
"1548","0.22470027953386307","0.20978844165802002","0.2390880584716797","0.2257111445069313","0.21447297930717468","0.23902976512908936"
"1549","0.23303500562906265","0.20662298798561096","0.24780569970607758","0.23231850564479828","0.2024150937795639","0.24651691317558289"
"1550","0.22917794436216354","0.22256287932395935","0.2354915589094162","0.22812413051724434","0.21708489954471588","0.2343355119228363"
"1551","0.23310288414359093","0.21305115520954132","0.24857082962989807","0.2316732220351696","0.21698305010795593","0.24802999198436737"
"1552","0.22810925170779228","0.2091590017080307","0.2498706877231598","0.2289421707391739","0.2082037329673767","0.25044959783554077"
"1553","0.2233928069472313","0.21153602004051208","0.23670649528503418","0.22275008261203766","0.20654666423797607","0.23975002765655518"
"1554","0.23529888316988945","0.21957379579544067","0.24748200178146362","0.2351871095597744","0.21823906898498535","0.2555932402610779"
"1555","0.2565956301987171","0.2448674589395523","0.26981550455093384","0.25171825662255287","0.24377305805683136","0.25700873136520386"
"1556","0.23692349717020988","0.22057972848415375","0.2514621913433075","0.2360858954489231","0.21877966821193695","0.25210946798324585"
"1557","0.22317680343985558","0.21762506663799286","0.23090246319770813","0.23194103688001633","0.2162248194217682","0.2511760890483856"
"1558","0.249359130859375","0.2284916192293167","0.2829582989215851","0.25083617493510246","0.2325422167778015","0.2865247428417206"
"1559","0.23808737844228745","0.22733426094055176","0.24924571812152863","0.23710649833083153","0.22797101736068726","0.25029003620147705"
"1560","0.22988810390233994","0.2116967737674713","0.2523808181285858","0.23122748732566833","0.21234777569770813","0.2576165497303009"
"1561","0.21977901086211205","0.20863863825798035","0.23390309512615204","0.22023282945156097","0.20897388458251953","0.229885995388031"
"1562","0.23585554584860802","0.23018251359462738","0.2400883138179779","0.23575786128640175","0.22593092918395996","0.24095407128334045"
"1563","0.2288244366645813","0.21785250306129456","0.23764881491661072","0.229106143116951","0.21734657883644104","0.239111989736557"
"1564","0.2326822131872177","0.21904607117176056","0.2537120580673218","0.23289421573281288","0.21978497505187988","0.24977469444274902"
"1565","0.2264871671795845","0.2182026207447052","0.24343271553516388","0.22623715922236443","0.2217901349067688","0.23566408455371857"
"1566","0.21260269731283188","0.20118191838264465","0.23004192113876343","0.213602002710104","0.20006096363067627","0.22312745451927185"
"1567","0.23281219601631165","0.21650440990924835","0.24439506232738495","0.23212532699108124","0.21695084869861603","0.24088680744171143"
"1568","0.23135889321565628","0.22152526676654816","0.2440788894891739","0.23125066608190536","0.2222685068845749","0.2489309012889862"
"1569","0.23723390325903893","0.2127087414264679","0.24901913106441498","0.2404739074409008","0.2121235728263855","0.2550005614757538"
"1570","0.22798556089401245","0.21353164315223694","0.23562681674957275","0.22772077471017838","0.21422570943832397","0.23526307940483093"
"1571","0.23143542930483818","0.22382278740406036","0.24418184161186218","0.23175468295812607","0.22264954447746277","0.24484094977378845"
"1572","0.2332381047308445","0.21503284573554993","0.2426714301109314","0.23422809690237045","0.21366384625434875","0.24372468888759613"
"1573","0.23455755785107613","0.22373443841934204","0.25105369091033936","0.23338383063673973","0.21568717062473297","0.24955208599567413"
"1574","0.23540335148572922","0.20882567763328552","0.2578302323818207","0.23614250496029854","0.21685495972633362","0.2555282413959503"
"1575","0.22788876295089722","0.20625939965248108","0.24243071675300598","0.228318452835083","0.21882393956184387","0.24321800470352173"
"1576","0.2270052433013916","0.21422888338565826","0.2457369863986969","0.22840088605880737","0.21461689472198486","0.2443794310092926"
"1577","0.23281216993927956","0.22141963243484497","0.2451973259449005","0.2333795167505741","0.22632378339767456","0.2464287281036377"
"1578","0.22976533323526382","0.21834120154380798","0.2460864782333374","0.22918378934264183","0.21905238926410675","0.24265554547309875"
"1579","0.2286921888589859","0.2124508023262024","0.24311500787734985","0.22868070378899574","0.21142230927944183","0.2480984926223755"
"1580","0.23445134237408638","0.23067966103553772","0.23755285143852234","0.232858307659626","0.21973751485347748","0.23844847083091736"
"1581","0.22524575889110565","0.21114373207092285","0.2319895476102829","0.22560475394129753","0.20999081432819366","0.23280063271522522"
"1582","0.22910180687904358","0.21668493747711182","0.25754866003990173","0.22750908508896828","0.21165849268436432","0.2565489411354065"
"1583","0.23623639345169067","0.2260342836380005","0.25017067790031433","0.23398204520344734","0.22281768918037415","0.25237172842025757"
"1584","0.2215440720319748","0.2179173231124878","0.22673064470291138","0.22081036865711212","0.2168072760105133","0.22333396971225739"
"1585","0.23512819036841393","0.2257571816444397","0.2439989149570465","0.23344238102436066","0.22676435112953186","0.2426358163356781"
"1586","0.23782918602228165","0.22449418902397156","0.2591860294342041","0.23942094296216965","0.22277158498764038","0.2579231560230255"
"1587","0.23688657954335213","0.21816334128379822","0.2663578689098358","0.23631184548139572","0.21922694146633148","0.26507335901260376"
"1588","0.23695793002843857","0.21776849031448364","0.2561948895454407","0.23345160111784935","0.2166309356689453","0.25117766857147217"
"1589","0.22953170537948608","0.2259027659893036","0.23354540765285492","0.23011168092489243","0.2273927927017212","0.23112711310386658"
"1590","0.22487688437104225","0.21286126971244812","0.23218563199043274","0.22621143609285355","0.22189773619174957","0.23281803727149963"
"1591","0.22463325783610344","0.21611164510250092","0.2329173982143402","0.22413960844278336","0.20519214868545532","0.23358406126499176"
"1592","0.23621250316500664","0.22683124244213104","0.24771416187286377","0.23531577363610268","0.22353576123714447","0.24654729664325714"
"1593","0.23363443464040756","0.22263774275779724","0.2400151938199997","0.2328289933502674","0.22013914585113525","0.2396271526813507"
"1594","0.22099493443965912","0.20847450196743011","0.22906078398227692","0.22115004807710648","0.20855647325515747","0.22827187180519104"
"1595","0.22549841552972794","0.2172079086303711","0.2331574261188507","0.22489702701568604","0.217781662940979","0.23187579214572906"
"1596","0.2272564098238945","0.21501079201698303","0.23513194918632507","0.22672820091247559","0.2163139432668686","0.2318490743637085"
"1597","0.23010338470339775","0.2190271019935608","0.24761047959327698","0.22992362454533577","0.21972501277923584","0.24971428513526917"
"1598","0.22667432948946953","0.21651935577392578","0.23689226806163788","0.22608481347560883","0.21880985796451569","0.23651495575904846"
"1599","0.2285173200070858","0.21782390773296356","0.24777105450630188","0.22928199544548988","0.21850070357322693","0.24438229203224182"
"1600","0.22189614176750183","0.21432647109031677","0.2301616668701172","0.22187240794301033","0.20934025943279266","0.23377318680286407"
"1601","0.2201111651957035","0.20261207222938538","0.237155944108963","0.22056103870272636","0.20507846772670746","0.23602566123008728"
"1602","0.2208751142024994","0.20266202092170715","0.2348928451538086","0.2211938388645649","0.20139345526695251","0.23578037321567535"
"1603","0.22661292552947998","0.21502283215522766","0.24304434657096863","0.22752726078033447","0.21556046605110168","0.2420143187046051"
"1604","0.23145214840769768","0.22340592741966248","0.2389644831418991","0.2317853681743145","0.22403642535209656","0.23979294300079346"
"1605","0.21755070611834526","0.1974109411239624","0.2384451925754547","0.2175057865679264","0.19321182370185852","0.24305498600006104"
"1606","0.23128969967365265","0.22489801049232483","0.23873937129974365","0.23019996285438538","0.22447046637535095","0.23570555448532104"
"1608","0.2241489365696907","0.21409037709236145","0.23166342079639435","0.22509586066007614","0.21640336513519287","0.23345214128494263"
"1609","0.2224695384502411","0.20068949460983276","0.2418554723262787","0.22278236225247383","0.20490749180316925","0.24235334992408752"
"1610","0.21975937485694885","0.20654523372650146","0.2372301071882248","0.21952633187174797","0.20549273490905762","0.23865072429180145"
"1611","0.22974956035614014","0.22783322632312775","0.23221716284751892","0.23026327788829803","0.22186246514320374","0.23924359679222107"
"1612","0.22171274572610855","0.20630879700183868","0.23041298985481262","0.21745896339416504","0.2051415741443634","0.2285778671503067"
"1613","0.22030378505587578","0.21777504682540894","0.22339197993278503","0.22006133198738098","0.2145395427942276","0.2261134833097458"
"1614","0.2271997071802616","0.21417050063610077","0.23764657974243164","0.22636550664901733","0.21900872886180878","0.2332002967596054"
"1615","0.226066742092371","0.21790897846221924","0.2368868738412857","0.22612064331769943","0.2184543013572693","0.23916050791740417"
"1616","0.23392793908715248","0.21948149800300598","0.2562447786331177","0.23373748362064362","0.21837486326694489","0.24636688828468323"
"1617","0.2357662171125412","0.22866341471672058","0.24000714719295502","0.23417863249778748","0.22862544655799866","0.238656684756279"
"1618","0.24491924419999123","0.22097517549991608","0.2567768096923828","0.24525607004761696","0.22821775078773499","0.25746065378189087"
"1619","0.22242284193634987","0.2049059420824051","0.23622915148735046","0.2220011129975319","0.20555263757705688","0.23506009578704834"
"1620","0.22583577409386635","0.21483369171619415","0.240592360496521","0.22491830959916115","0.2154529094696045","0.23937708139419556"
"1621","0.23122555017471313","0.20946389436721802","0.24790164828300476","0.2300797402858734","0.20825213193893433","0.24551162123680115"
"1622","0.23084313049912453","0.2235892415046692","0.2376028597354889","0.23135674744844437","0.22417870163917542","0.23829197883605957"
"1623","0.2331763356924057","0.21958425641059875","0.24564912915229797","0.23192354291677475","0.21842335164546967","0.2446896731853485"
"1624","0.2345401644706726","0.22899943590164185","0.24235309660434723","0.23595543950796127","0.2276272028684616","0.2451384961605072"
"1625","0.22135896608233452","0.2132963389158249","0.23324604332447052","0.2202841453254223","0.21391858160495758","0.22862061858177185"
"1626","0.2364555113017559","0.21593350172042847","0.2514561414718628","0.23761510848999023","0.2165682315826416","0.25216877460479736"
"1627","0.22982718795537949","0.2145710438489914","0.23698872327804565","0.23061193153262138","0.2110622227191925","0.24202771484851837"
"1628","0.2311607040464878","0.22161607444286346","0.23869074881076813","0.2310797981917858","0.22745120525360107","0.2352599799633026"
"1629","0.2295965440571308","0.22440560162067413","0.23227831721305847","0.22965310513973236","0.22516795992851257","0.23235782980918884"
"1630","0.22680466622114182","0.20277374982833862","0.2545167803764343","0.22603831067681313","0.20172008872032166","0.26188746094703674"
"1631","0.22134405747056007","0.20380666851997375","0.2389252781867981","0.22166064009070396","0.2043507993221283","0.2331102192401886"
"1632","0.21724484860897064","0.20312532782554626","0.2383069097995758","0.2167549431324005","0.20205867290496826","0.22830313444137573"
"1633","0.23833227157592773","0.2248774766921997","0.2595462203025818","0.23728033527731895","0.22452539205551147","0.2582972049713135"
"1634","0.23076054826378822","0.22143922746181488","0.2459886074066162","0.22885790839791298","0.2047802358865738","0.255719929933548"
"1635","0.22099114954471588","0.21065515279769897","0.2336481660604477","0.21992769464850426","0.2104620337486267","0.23249702155590057"
"1636","0.2310507446527481","0.21251200139522552","0.24585787951946259","0.23140744492411613","0.21981802582740784","0.2445092499256134"
"1637","0.23130830004811287","0.22170567512512207","0.23805877566337585","0.2299872487783432","0.22161781787872314","0.23368117213249207"
"1638","0.2244865521788597","0.21525469422340393","0.24151496589183807","0.22390231862664223","0.21584190428256989","0.23989376425743103"
"1639","0.22659315168857574","0.2138305902481079","0.2480502426624298","0.22553150728344917","0.20999552309513092","0.2466825395822525"
"1640","0.22670340910553932","0.20746317505836487","0.24054297804832458","0.22622552141547203","0.2061765044927597","0.24104060232639313"
"1641","0.232504952698946","0.2159436196088791","0.24102480709552765","0.23202817142009735","0.2194327414035797","0.23991742730140686"
"1642","0.24626879021525383","0.23367314040660858","0.2631196975708008","0.24493183568120003","0.2343272566795349","0.26082730293273926"
"1643","0.22961663082242012","0.2165992259979248","0.23814871907234192","0.22827793657779694","0.21126101911067963","0.23884820938110352"
"1644","0.21867402270436287","0.20856334269046783","0.23437762260437012","0.22058500349521637","0.20735608041286469","0.23353146016597748"
"1645","0.22590331360697746","0.20673374831676483","0.2550715208053589","0.23055433109402657","0.20617803931236267","0.25155434012413025"
"1646","0.22693315893411636","0.21748250722885132","0.23324544727802277","0.22772206738591194","0.2181694507598877","0.23628608882427216"
"1647","0.22818415611982346","0.21987387537956238","0.24639973044395447","0.22774991765618324","0.22021517157554626","0.24454793334007263"
"1648","0.22111482918262482","0.21744324266910553","0.2248484194278717","0.22095899656414986","0.21761849522590637","0.2254219353199005"
"1649","0.22936508804559708","0.21771004796028137","0.23883575201034546","0.2288631536066532","0.21381191909313202","0.23764193058013916"
"1650","0.22745674848556519","0.21502818167209625","0.23647847771644592","0.22801941260695457","0.21391701698303223","0.24099190533161163"
"1651","0.23540564626455307","0.2319001853466034","0.2452520728111267","0.23419862613081932","0.2276727706193924","0.24362865090370178"
"1652","0.2196989692747593","0.20269863307476044","0.23447486758232117","0.21805985271930695","0.20311439037322998","0.23909184336662292"
"1653","0.21941688656806946","0.2108088731765747","0.2259935587644577","0.2192973904311657","0.2074224352836609","0.23368817567825317"
"1654","0.22534683346748352","0.2123255729675293","0.2385701835155487","0.22746852040290833","0.2128330022096634","0.23721162974834442"
"1655","0.2377171739935875","0.22819066047668457","0.2519499361515045","0.23760860413312912","0.22424983978271484","0.2613259255886078"
"1656","0.23931454494595528","0.22964264452457428","0.25097739696502686","0.23918627947568893","0.23032140731811523","0.24971970915794373"
"1657","0.23729756474494934","0.23402592539787292","0.24314633011817932","0.2374907247722149","0.23293177783489227","0.24355512857437134"
"1658","0.22023051604628563","0.2052082121372223","0.23054014146327972","0.21894613653421402","0.2026488482952118","0.2312145233154297"
"1659","0.2296089567244053","0.21916967630386353","0.2351093739271164","0.23084217309951782","0.21809503436088562","0.23673684895038605"
"1660","0.24071086198091507","0.23025858402252197","0.25107282400131226","0.2415686994791031","0.22895124554634094","0.2517799139022827"
"1661","0.2314472459256649","0.21551765501499176","0.24098315834999084","0.22910170257091522","0.21896103024482727","0.2395118772983551"
"1662","0.22927431017160416","0.22894734144210815","0.22976255416870117","0.2292548418045044","0.22646310925483704","0.23126965761184692"
"1663","0.21975377574563026","0.20931662619113922","0.22438457608222961","0.22052863985300064","0.21353714168071747","0.22451305389404297"
"1664","0.23513899371027946","0.22327539324760437","0.2544766664505005","0.23393681645393372","0.22390519082546234","0.2509240508079529"
"1665","0.2276332639157772","0.20380821824073792","0.2524276375770569","0.22864863276481628","0.20254503190517426","0.2518013119697571"
"1666","0.2384863682091236","0.22986842691898346","0.2617793679237366","0.24066483974456787","0.22950759530067444","0.2598094046115875"
"1667","0.23210128396749496","0.21976077556610107","0.2412724494934082","0.2331772856414318","0.22585153579711914","0.24199436604976654"
"1668","0.21995782479643822","0.20668475329875946","0.23493635654449463","0.21978338062763214","0.20874133706092834","0.23397397994995117"
"1669","0.22456128522753716","0.21627633273601532","0.23071062564849854","0.22495730966329575","0.21069453656673431","0.23331576585769653"
"1670","0.22783147916197777","0.21810297667980194","0.24052347242832184","0.22719241306185722","0.21694640815258026","0.24298113584518433"
"1671","0.23370954394340515","0.2185077667236328","0.25257277488708496","0.23489633947610855","0.22822001576423645","0.2482689619064331"
"1672","0.22503725066781044","0.21612770855426788","0.23544934391975403","0.22820712625980377","0.2165198177099228","0.23738113045692444"
"1673","0.22472859174013138","0.2097063511610031","0.23646463453769684","0.22525057941675186","0.21059313416481018","0.23713162541389465"
"1674","0.22819970920681953","0.2198925018310547","0.23552536964416504","0.22670626267790794","0.2162359654903412","0.24285826086997986"
"1675","0.22056155651807785","0.21235573291778564","0.22829586267471313","0.22131047770380974","0.2130020409822464","0.22703374922275543"
"1676","0.2378173992037773","0.22490496933460236","0.250052809715271","0.2381536290049553","0.2235713005065918","0.2507382035255432"
"1677","0.23547562211751938","0.21020689606666565","0.2890072166919708","0.22220632061362267","0.2156953662633896","0.23015126585960388"
"1678","0.22698219865560532","0.22008037567138672","0.2355324625968933","0.22668467834591866","0.21754252910614014","0.23427721858024597"
"1679","0.23165438324213028","0.21162772178649902","0.24334608018398285","0.23191561922430992","0.21206215023994446","0.24863484501838684"
"1680","0.23363729938864708","0.2251339703798294","0.2502620220184326","0.23294423893094063","0.22383573651313782","0.24930284917354584"
"1681","0.21757910028100014","0.20206011831760406","0.23136770725250244","0.21687254682183266","0.19760319590568542","0.23197607696056366"
"1682","0.21835709735751152","0.21101057529449463","0.2248443067073822","0.21809909865260124","0.20981982350349426","0.22564423084259033"
"1683","0.23532801494002342","0.21140417456626892","0.2650342285633087","0.23435517773032188","0.21009154617786407","0.25734296441078186"
"1684","0.22514208406209946","0.21879981458187103","0.23009124398231506","0.22722813114523888","0.21750786900520325","0.23397678136825562"
"1685","0.22349241748452187","0.21266677975654602","0.24440112709999084","0.22136223316192627","0.21312712132930756","0.23979128897190094"
"1686","0.23419542610645294","0.22134438157081604","0.24423205852508545","0.2361500822007656","0.22196222841739655","0.24797485768795013"
"1687","0.21926285699009895","0.20525752007961273","0.23346668481826782","0.22107166051864624","0.20412109792232513","0.2360798716545105"
"1688","0.2303163893520832","0.21329662203788757","0.24021407961845398","0.23009876906871796","0.22025054693222046","0.24090488255023956"
"1689","0.22848470509052277","0.21428298950195312","0.2424347996711731","0.22889651730656624","0.21304166316986084","0.24260161817073822"
"1690","0.23155609145760536","0.2209278643131256","0.24133439362049103","0.23055215179920197","0.22285985946655273","0.2401392161846161"
"1691","0.2338641844689846","0.20962220430374146","0.27270522713661194","0.2239282876253128","0.21014557778835297","0.23764295876026154"
"1692","0.23199719563126564","0.2194572389125824","0.2487792819738388","0.2322966530919075","0.2199510931968689","0.24768376350402832"
"1693","0.24133557453751564","0.22558820247650146","0.2581433057785034","0.24139229953289032","0.22120016813278198","0.25872454047203064"
"1694","0.23409271240234375","0.22659525275230408","0.24121123552322388","0.23390833660960197","0.22552497684955597","0.24187840521335602"
"1695","0.2247263342142105","0.20206910371780396","0.24046650528907776","0.2236824706196785","0.20095954835414886","0.23909974098205566"
"1696","0.23083553835749626","0.21168753504753113","0.2487068474292755","0.2298055663704872","0.2129150927066803","0.24416425824165344"
"1697","0.2169179469347","0.20999355614185333","0.23228862881660461","0.21599019691348076","0.2120508849620819","0.2202773243188858"
"1698","0.22019170969724655","0.20798754692077637","0.23102208971977234","0.22167766466736794","0.20862779021263123","0.23377761244773865"
"1699","0.22596755996346474","0.21551881730556488","0.23945727944374084","0.22664066031575203","0.2139558494091034","0.2397283911705017"
"1701","0.22468488290905952","0.21056422591209412","0.24083450436592102","0.22551311179995537","0.21640989184379578","0.23959343135356903"
"1702","0.2282305248081684","0.21726153790950775","0.23637443780899048","0.2284562736749649","0.21984940767288208","0.23547907173633575"
"1703","0.23060045391321182","0.22028952836990356","0.24359643459320068","0.22972466051578522","0.2175060212612152","0.24247169494628906"
"1704","0.21934602037072182","0.20679913461208344","0.23660381138324738","0.2172182835638523","0.20734664797782898","0.23428016901016235"
"1705","0.23893657326698303","0.22257161140441895","0.2549533247947693","0.23856030777096748","0.22135373950004578","0.2544994056224823"
"1706","0.23060457035899162","0.2270437628030777","0.23418578505516052","0.22886985167860985","0.22298555076122284","0.2328733205795288"
"1707","0.2354114092886448","0.21871575713157654","0.2503129541873932","0.23558811470866203","0.23127081990242004","0.23951509594917297"
"1708","0.22560447081923485","0.2142619639635086","0.23551338911056519","0.2250957377254963","0.21319064497947693","0.23072201013565063"
"1709","0.2177758291363716","0.2112998217344284","0.22817225754261017","0.21735383942723274","0.20920288562774658","0.2358543872833252"
"1710","0.22541632130742073","0.21503180265426636","0.24182875454425812","0.2248246967792511","0.2156655192375183","0.23458099365234375"
"1711","0.2383941188454628","0.22924399375915527","0.2451970875263214","0.23835428059101105","0.22788794338703156","0.24829170107841492"
"1712","0.22499118000268936","0.21288760006427765","0.23080146312713623","0.22218790277838707","0.21345242857933044","0.2291627824306488"
"1713","0.21929646655917168","0.21097871661186218","0.2277824878692627","0.21968412399291992","0.20348481833934784","0.22834593057632446"
"1714","0.23736197128891945","0.22559717297554016","0.2563055157661438","0.2385304942727089","0.23121783137321472","0.25682350993156433"
"1715","0.22154315933585167","0.21550990641117096","0.2300887107849121","0.22228996083140373","0.21501052379608154","0.2288220226764679"
"1716","0.22941779345273972","0.2152731865644455","0.2351839542388916","0.2281242087483406","0.2140154242515564","0.2358158528804779"
"1717","0.24366842955350876","0.21873649954795837","0.26272135972976685","0.24296753853559494","0.21927647292613983","0.25777798891067505"
"1718","0.21859034150838852","0.2051646113395691","0.23459458351135254","0.21691055223345757","0.2039564698934555","0.23516905307769775"
"1719","0.22042809054255486","0.20066843926906586","0.24054455757141113","0.2246214970946312","0.21755826473236084","0.23935261368751526"
"1720","0.2238188460469246","0.21093431115150452","0.2420172244310379","0.22464397177100182","0.2115352600812912","0.2360544204711914"
"1721","0.22406942024827003","0.21686184406280518","0.23698818683624268","0.2237507440149784","0.2147343009710312","0.23582559823989868"
"1722","0.2215290479362011","0.20773468911647797","0.23642435669898987","0.22196197882294655","0.20796333253383636","0.23891198635101318"
"1723","0.2294730506837368","0.22071582078933716","0.23519441485404968","0.23800882324576378","0.22677630186080933","0.260343998670578"
"1724","0.22011273726820946","0.21419672667980194","0.22567526996135712","0.21919402107596397","0.21325016021728516","0.22633019089698792"
"1725","0.23531104996800423","0.22584125399589539","0.2403910756111145","0.2346579171717167","0.23121659457683563","0.23936206102371216"
"1726","0.22495583072304726","0.2019537091255188","0.23774872720241547","0.22405250370502472","0.20307622849941254","0.23619444668293"
"1727","0.23414654284715652","0.22092433273792267","0.2624058723449707","0.23577849566936493","0.2251543402671814","0.2610169053077698"
"1728","0.22174223139882088","0.2105560600757599","0.2327941209077835","0.22151867300271988","0.20925021171569824","0.23367786407470703"
"1729","0.2180955931544304","0.20794352889060974","0.23909617960453033","0.21789450198411942","0.20838364958763123","0.2362845093011856"
"1730","0.2383117787539959","0.22009921073913574","0.2583785355091095","0.23862561956048012","0.22218099236488342","0.25972533226013184"
"1731","0.22655918449163437","0.2222416251897812","0.23282365500926971","0.22652820125222206","0.22303085029125214","0.2324371039867401"
"1732","0.21898719668388367","0.2040618360042572","0.23326335847377777","0.2190181501209736","0.21110332012176514","0.22704190015792847"
"1733","0.22764016315340996","0.2170778214931488","0.238784521818161","0.22845937684178352","0.2160024344921112","0.23951660096645355"
"1734","0.23189891129732132","0.22218962013721466","0.2484959065914154","0.23182519152760506","0.22155973315238953","0.24899955093860626"
"1735","0.231531523168087","0.2289266288280487","0.2340169996023178","0.23259326443076134","0.2290886640548706","0.23727372288703918"
"1736","0.22932079061865807","0.21450525522232056","0.2415945678949356","0.22882695868611336","0.21631523966789246","0.2421470731496811"
"1737","0.22857292741537094","0.21753929555416107","0.24240031838417053","0.22616399452090263","0.21122558414936066","0.23986144363880157"
"1738","0.2329651415348053","0.22852984070777893","0.2399979829788208","0.23337814211845398","0.22999568283557892","0.23840923607349396"
"1739","0.21720874309539795","0.19297468662261963","0.2337065041065216","0.21674403920769691","0.19527234137058258","0.23439998924732208"
"1740","0.2182154506444931","0.21144023537635803","0.2242673933506012","0.21851476281881332","0.2116788625717163","0.22777394950389862"
"1741","0.22446172684431076","0.22162413597106934","0.2255547195672989","0.2234920784831047","0.216772198677063","0.23065590858459473"
"1742","0.210201233625412","0.1940983235836029","0.22715196013450623","0.2097051590681076","0.19293223321437836","0.2213042974472046"
"1743","0.21704189106822014","0.21122950315475464","0.22680959105491638","0.2139706201851368","0.20307305455207825","0.2233162224292755"
"1744","0.22850851342082024","0.2137635350227356","0.24869459867477417","0.22622328624129295","0.21386674046516418","0.2401944398880005"
"1745","0.21570637449622154","0.20019665360450745","0.22533535957336426","0.21526552364230156","0.20250558853149414","0.22406461834907532"
"1746","0.23805491998791695","0.2268199473619461","0.25146815180778503","0.23747732862830162","0.22711974382400513","0.24970385432243347"
"1747","0.22432616725564003","0.21270301938056946","0.2368575781583786","0.2254226952791214","0.2145741730928421","0.23566913604736328"
"1748","0.21514154225587845","0.20927095413208008","0.2232942134141922","0.21632802113890648","0.20994871854782104","0.2300679087638855"
"1749","0.23090842366218567","0.20946353673934937","0.2528616487979889","0.229230597615242","0.20989294350147247","0.2449537217617035"
"1750","0.2276749573647976","0.20834149420261383","0.2564907968044281","0.22747411578893661","0.21696433424949646","0.24775496125221252"
"1751","0.2193666324019432","0.20710450410842896","0.23443755507469177","0.21924882009625435","0.21122580766677856","0.2305203378200531"
"1752","0.20743953809142113","0.19576287269592285","0.23158560693264008","0.20683107897639275","0.19623631238937378","0.23027239739894867"
"1753","0.22373109310865402","0.21152281761169434","0.24445337057113647","0.22276432067155838","0.21205876767635345","0.243378147482872"
"1754","0.23308106884360313","0.20812314748764038","0.25025951862335205","0.23205656185746193","0.21015995740890503","0.24466083943843842"
"1755","0.23119613900780678","0.20779888331890106","0.25261712074279785","0.22960937023162842","0.2158166468143463","0.25118574500083923"
"1756","0.2380346544086933","0.22128303349018097","0.25234121084213257","0.2370816022157669","0.22002378106117249","0.24971462786197662"
"1757","0.23232904821634293","0.2225000113248825","0.2512252628803253","0.23406415432691574","0.22475583851337433","0.2517237663269043"
"1758","0.23049836233258247","0.22058221697807312","0.24589601159095764","0.23203136399388313","0.2193266749382019","0.24643024802207947"
"1759","0.2261614128947258","0.2136821448802948","0.2417956441640854","0.22648214176297188","0.2183036506175995","0.24037708342075348"
"1760","0.22615953534841537","0.2074330449104309","0.25665566325187683","0.22467192634940147","0.20859047770500183","0.24020624160766602"
"1761","0.22492527216672897","0.20659632980823517","0.2391166388988495","0.2253238707780838","0.20708169043064117","0.24099279940128326"
"1762","0.22512879967689514","0.2129911482334137","0.23782439529895782","0.2244931384921074","0.2137717604637146","0.23682457208633423"
"1763","0.22494322434067726","0.22048282623291016","0.23054760694503784","0.2251497469842434","0.22102178633213043","0.22940877079963684"
"1764","0.21280835196375847","0.20531609654426575","0.218893900513649","0.21334772557020187","0.2024076133966446","0.2183060497045517"
"1765","0.22265096753835678","0.21391558647155762","0.233224555850029","0.22287045419216156","0.2125723958015442","0.23841850459575653"
"1766","0.2172689586877823","0.20296548306941986","0.23051497340202332","0.21726102754473686","0.20346282422542572","0.23058190941810608"
"1767","0.22715746238827705","0.21161004900932312","0.2456972599029541","0.22741523757576942","0.21758443117141724","0.24453362822532654"
"1768","0.2228386327624321","0.21211916208267212","0.234207883477211","0.2218181975185871","0.21277311444282532","0.23051752150058746"
"1769","0.22923880442976952","0.2201729714870453","0.2392054796218872","0.22974300011992455","0.22069120407104492","0.24241168797016144"
"1771","0.22611714154481888","0.22020165622234344","0.23720905184745789","0.22734498232603073","0.22055447101593018","0.23606166243553162"
"1772","0.23492177948355675","0.22461752593517303","0.24653500318527222","0.2336438149213791","0.22313985228538513","0.24919627606868744"
"1773","0.22400711849331856","0.2136632204055786","0.23607733845710754","0.2217615507543087","0.20881713926792145","0.23487530648708344"
"1774","0.23027851060032845","0.2088875025510788","0.2546769380569458","0.22958927601575851","0.21507039666175842","0.2550842761993408"
"1775","0.22879118099808693","0.21254189312458038","0.24259880185127258","0.22816189378499985","0.21132022142410278","0.23871777951717377"
"1776","0.2198828123509884","0.20350924134254456","0.23812969028949738","0.22057954594492912","0.2168065905570984","0.22817210853099823"
"1777","0.21852191537618637","0.2016068994998932","0.23310703039169312","0.21887145936489105","0.2020302563905716","0.23294347524642944"
"1778","0.22933977842330933","0.21450982987880707","0.24666665494441986","0.2297210618853569","0.2162119299173355","0.2454933077096939"
"1779","0.2266143523156643","0.2152082622051239","0.23985923826694489","0.2267930805683136","0.215556800365448","0.2385660856962204"
"1780","0.217742208391428","0.21208304166793823","0.23009152710437775","0.216213658452034","0.19811518490314484","0.22869232296943665"
"1781","0.22598505020141602","0.21532058715820312","0.24021081626415253","0.22636784985661507","0.2164955586194992","0.23883600533008575"
"1782","0.2153056561946869","0.2063782811164856","0.22908374667167664","0.21347860246896744","0.20529644191265106","0.22331345081329346"
"1783","0.22235452756285667","0.21125191450119019","0.23872880637645721","0.2220265306532383","0.21180272102355957","0.2333429902791977"
"1784","0.22421206161379814","0.20722272992134094","0.2394745945930481","0.2242165505886078","0.20593488216400146","0.24019920825958252"
"1785","0.23662490397691727","0.22993670403957367","0.24745163321495056","0.2314869575202465","0.21400325000286102","0.24738234281539917"
"1786","0.23013856261968613","0.21700170636177063","0.25211912393569946","0.23054544255137444","0.2190791517496109","0.2528873383998871"
"1787","0.23180444166064262","0.22397854924201965","0.24197174608707428","0.23172958567738533","0.23028023540973663","0.2336656153202057"
"1788","0.23953905329108238","0.21685490012168884","0.2510351538658142","0.23930780217051506","0.22123529016971588","0.2517716586589813"
"1789","0.22237267717719078","0.21501559019088745","0.23526816070079803","0.22064730152487755","0.21433120965957642","0.2357327789068222"
"1790","0.22616036981344223","0.19793540239334106","0.24336111545562744","0.22865895926952362","0.19816496968269348","0.24385184049606323"
"1791","0.2173568159341812","0.20294678211212158","0.22636814415454865","0.2173253521323204","0.19796279072761536","0.2251344621181488"
"1792","0.2172250971198082","0.20230403542518616","0.22772884368896484","0.21672064810991287","0.2027011662721634","0.22649455070495605"
"1793","0.22566203027963638","0.22125384211540222","0.23395340144634247","0.2257346473634243","0.22064505517482758","0.2294214963912964"
"1794","0.2080317698419094","0.19529305398464203","0.22579437494277954","0.20868747308850288","0.19885416328907013","0.22623233497142792"
"1795","0.22555995360016823","0.21375563740730286","0.24242019653320312","0.22631897032260895","0.21736901998519897","0.24325957894325256"
"1796","0.22738352790474892","0.21300280094146729","0.24802851676940918","0.226152241230011","0.2135673463344574","0.24511589109897614"
"1797","0.22607970610260963","0.21810415387153625","0.2292865812778473","0.22637967392802238","0.21705731749534607","0.23103517293930054"
"1798","0.22147373855113983","0.21622374653816223","0.2267128825187683","0.22224409878253937","0.2167978733778","0.22575673460960388"
"1799","0.22481613606214523","0.20555907487869263","0.23878374695777893","0.2273317463696003","0.20627646148204803","0.24833819270133972"
"1800","0.2297048680484295","0.2213360071182251","0.24182730913162231","0.22958750650286674","0.22701039910316467","0.2336685061454773"
"1801","0.21088289469480515","0.19841960072517395","0.22393056750297546","0.21273573115468025","0.2005646526813507","0.2229739874601364"
"1802","0.23259569332003593","0.21974816918373108","0.25175485014915466","0.23276543617248535","0.21849343180656433","0.2523311376571655"
"1803","0.22985858470201492","0.2208055853843689","0.23662728071212769","0.22712255269289017","0.221040278673172","0.23546293377876282"
"1804","0.22535116970539093","0.21594487130641937","0.23657119274139404","0.22604744881391525","0.21907231211662292","0.22998011112213135"
"1805","0.22694994509220123","0.21359896659851074","0.23737993836402893","0.22838999703526497","0.22128236293792725","0.23625315725803375"
"1806","0.22713374346494675","0.20519591867923737","0.24447669088840485","0.22601205110549927","0.20817407965660095","0.24804148077964783"
"1807","0.2164771929383278","0.20331214368343353","0.22798189520835876","0.21673041582107544","0.20699624717235565","0.2270772010087967"
"1808","0.23516374453902245","0.22153732180595398","0.24718406796455383","0.23498442023992538","0.23073652386665344","0.23778961598873138"
"1809","0.2250601388514042","0.2160915732383728","0.2352103590965271","0.22402777895331383","0.21690762042999268","0.23416340351104736"
"1810","0.2328801304101944","0.22169235348701477","0.24977752566337585","0.2363683618605137","0.22341462969779968","0.2488039880990982"
"1811","0.20920545235276222","0.19989873468875885","0.21735817193984985","0.20925411209464073","0.20042014122009277","0.21646130084991455"
"1812","0.2283325269818306","0.22039195895195007","0.23476426303386688","0.22864585742354393","0.2227925807237625","0.23342761397361755"
"1813","0.22533318400382996","0.20981770753860474","0.24418994784355164","0.22542426735162735","0.2110576331615448","0.2447936236858368"
"1814","0.23493468761444092","0.2232811152935028","0.24878107011318207","0.23432576283812523","0.22375096380710602","0.24825532734394073"
"1815","0.21891545876860619","0.21031571924686432","0.22529643774032593","0.21820415183901787","0.21489165723323822","0.22401997447013855"
"1816","0.22143444046378136","0.19712606072425842","0.23319563269615173","0.22200020402669907","0.20300346612930298","0.23158559203147888"
"1817","0.22705373540520668","0.20796042680740356","0.24599312245845795","0.2269499935209751","0.20851755142211914","0.24358171224594116"
"1818","0.21595094725489616","0.21124380826950073","0.2182776778936386","0.21610939502716064","0.21518617868423462","0.2170804738998413"
"1819","0.22823460400104523","0.21348153054714203","0.24873854219913483","0.2251044437289238","0.21225330233573914","0.23736293613910675"
"1820","0.21699592471122742","0.1956527829170227","0.23068851232528687","0.2164791375398636","0.1961476355791092","0.23595505952835083"
"1821","0.23313012719154358","0.21075910329818726","0.2521386742591858","0.2346610091626644","0.21130135655403137","0.2506359815597534"
"1822","0.23920110240578651","0.21848350763320923","0.2556803822517395","0.23992853239178658","0.2264477014541626","0.2513637840747833"
"1823","0.2211989276111126","0.21519288420677185","0.22861583530902863","0.21826563403010368","0.21301013231277466","0.22754451632499695"
"1824","0.21122488006949425","0.2041081041097641","0.22139012813568115","0.20864851772785187","0.20006129145622253","0.220185786485672"
"1825","0.23061774298548698","0.22330117225646973","0.24249401688575745","0.22953439503908157","0.223992258310318","0.24208815395832062"
"1826","0.21768513321876526","0.20376011729240417","0.23961356282234192","0.21678907796740532","0.20411667227745056","0.23430268466472626"
"1827","0.2205733209848404","0.2136405110359192","0.23535318672657013","0.2208726592361927","0.21254794299602509","0.2320612221956253"
"1828","0.22107713297009468","0.21547257900238037","0.22359423339366913","0.22196359187364578","0.21686215698719025","0.22613465785980225"
"1829","0.23350044712424278","0.21528936922550201","0.24125289916992188","0.23238157108426094","0.20694753527641296","0.24353943765163422"
"1830","0.2127913162112236","0.2062528133392334","0.22063176333904266","0.21602503955364227","0.20680402219295502","0.22628089785575867"
"1831","0.2223140187561512","0.2058793306350708","0.24471814930438995","0.22288941219449043","0.20860913395881653","0.24357402324676514"
"1832","0.23281662911176682","0.21872977912425995","0.251880407333374","0.23172492161393166","0.21931135654449463","0.24106913805007935"
"1833","0.231329046189785","0.21548868715763092","0.2468852996826172","0.23166025057435036","0.21699224412441254","0.24745392799377441"
"1834","0.22026899829506874","0.21328844130039215","0.2291283905506134","0.21862085163593292","0.2045561522245407","0.22970929741859436"
"1835","0.21207977831363678","0.20820415019989014","0.21761593222618103","0.21246155351400375","0.20914456248283386","0.21896164119243622"
"1836","0.2292393147945404","0.21468320488929749","0.24413597583770752","0.22805918008089066","0.21344611048698425","0.24423545598983765"
"1837","0.22831078618764877","0.2163093090057373","0.25419390201568604","0.22714079916477203","0.21522271633148193","0.25099310278892517"
"1838","0.23340101167559624","0.22571158409118652","0.2415001094341278","0.2334994487464428","0.2243957370519638","0.2388778030872345"
"1839","0.23089927434921265","0.2254616916179657","0.23912616074085236","0.2304615043103695","0.22284087538719177","0.2397933155298233"
"1841","0.21699389815330505","0.20752555131912231","0.2320578694343567","0.21730905026197433","0.20768329501152039","0.23259910941123962"
"1842","0.22005654126405716","0.2135189026594162","0.22813083231449127","0.22074784338474274","0.2141244113445282","0.23002047836780548"
"1843","0.2252940647304058","0.21825078129768372","0.23434239625930786","0.22573845088481903","0.2170921266078949","0.23305147886276245"
"1844","0.21884167939424515","0.20337024331092834","0.2332695722579956","0.21765703707933426","0.20391613245010376","0.22543421387672424"
"1845","0.22847237437963486","0.20319010317325592","0.24284055829048157","0.22769815474748611","0.2107495367527008","0.24159875512123108"
"1846","0.22656819969415665","0.21534647047519684","0.23963293433189392","0.22533666342496872","0.21600162982940674","0.2383894920349121"
"1847","0.21521682292222977","0.21003638207912445","0.21910753846168518","0.2149214968085289","0.2113627940416336","0.21929700672626495"
"1848","0.23835692927241325","0.23257574439048767","0.2448824644088745","0.2361099198460579","0.23166878521442413","0.2435719519853592"
"1849","0.2126382701098919","0.2051948457956314","0.22382789850234985","0.21167152374982834","0.20469610393047333","0.22097420692443848"
"1850","0.21292389184236526","0.2081158608198166","0.21735025942325592","0.21281829476356506","0.2086816132068634","0.21636560559272766"
"1851","0.21521077305078506","0.20553836226463318","0.23453792929649353","0.21632691845297813","0.20430216193199158","0.23610053956508636"
"1852","0.23100579157471657","0.21684354543685913","0.24367211759090424","0.23188816756010056","0.21746081113815308","0.24247336387634277"
"1853","0.2343641184270382","0.2192486822605133","0.2563711702823639","0.23395374044775963","0.21671198308467865","0.2578328251838684"
"1854","0.22366798296570778","0.21793267130851746","0.23058867454528809","0.22374314442276955","0.21865570545196533","0.2305818647146225"
"1855","0.21986357867717743","0.21208472549915314","0.22793959081172943","0.22163133695721626","0.21081069111824036","0.23223963379859924"
"1856","0.2240542434155941","0.20939649641513824","0.23804764449596405","0.22302323952317238","0.20810630917549133","0.24078014492988586"
"1857","0.20873430371284485","0.19835281372070312","0.21504008769989014","0.21000052988529205","0.20859377086162567","0.2108694612979889"
"1858","0.2191324532032013","0.2014826238155365","0.23090407252311707","0.21835289523005486","0.20597733557224274","0.23088932037353516"
"1859","0.2351062223315239","0.22965297102928162","0.23728378117084503","0.23545175418257713","0.23152491450309753","0.23802238702774048"
"1860","0.22434040904045105","0.20906469225883484","0.23212116956710815","0.2216539978981018","0.20785614848136902","0.23272085189819336"
"1861","0.21600956469774246","0.204111710190773","0.23638486862182617","0.21648693457245827","0.20497244596481323","0.23543715476989746"
"1862","0.22965294495224953","0.22249643504619598","0.23481345176696777","0.22993534430861473","0.22299540042877197","0.2378101348876953"
"1863","0.22463483735919","0.21165482699871063","0.2495763599872589","0.22402504086494446","0.21345661580562592","0.24829980731010437"
"1864","0.2152019925415516","0.19353383779525757","0.22460168600082397","0.21671125292778015","0.19412603974342346","0.23340943455696106"
"1865","0.22682804241776466","0.21652814745903015","0.24066288769245148","0.227701585739851","0.21505583822727203","0.24782848358154297"
"1866","0.2230926789343357","0.21524517238140106","0.23566743731498718","0.22240353748202324","0.21395187079906464","0.23039433360099792"
"1867","0.21709362044930458","0.20599475502967834","0.22615227103233337","0.21611718833446503","0.2065356969833374","0.2227591574192047"
"1868","0.22510726004838943","0.2158185988664627","0.2387852966785431","0.22360757365822792","0.21464776992797852","0.2316218465566635"
"1869","0.2234233058989048","0.2220117747783661","0.22555206716060638","0.22296252846717834","0.22101885080337524","0.2255910038948059"
"1870","0.2200566604733467","0.2161867767572403","0.2242925465106964","0.22032208368182182","0.21542692184448242","0.22460387647151947"
"1871","0.2257532849907875","0.2048223465681076","0.24168197810649872","0.22548583522439003","0.20535443723201752","0.24662640690803528"
"1872","0.21360241621732712","0.20937314629554749","0.22155699133872986","0.2104322537779808","0.1990756094455719","0.2203429490327835"
"1873","0.22773833572864532","0.21629028022289276","0.23490625619888306","0.22847649082541466","0.21636708080768585","0.23831266164779663"
"1874","0.21981309726834297","0.2160966396331787","0.22373855113983154","0.21931639686226845","0.2152116596698761","0.22262685000896454"
"1875","0.20719053968787193","0.1975141167640686","0.22137247025966644","0.2060578353703022","0.20026540756225586","0.22013568878173828"
"1876","0.2317960299551487","0.2176068276166916","0.2482263743877411","0.23108887672424316","0.21635834872722626","0.2525363266468048"
"1877","0.2161879763007164","0.2029842734336853","0.2394612431526184","0.2158542536199093","0.20191989839076996","0.23430770635604858"
"1878","0.21253905072808266","0.19369502365589142","0.23002885282039642","0.21184015646576881","0.19243857264518738","0.2307131439447403"
"1879","0.2265167571604252","0.22584037482738495","0.22730867564678192","0.22623027861118317","0.22124210000038147","0.23147305846214294"
"1880","0.23396601155400276","0.2219248265028","0.247820645570755","0.2334151715040207","0.22063036262989044","0.2442377507686615"
"1881","0.22132975608110428","0.20490238070487976","0.23041430115699768","0.21932092308998108","0.20565173029899597","0.22891739010810852"
"1882","0.21924372017383575","0.20652201771736145","0.23140977323055267","0.21949246525764465","0.2121170163154602","0.23197028040885925"
"1883","0.22938335686922073","0.21652400493621826","0.24400359392166138","0.2302338182926178","0.21475999057292938","0.24467189610004425"
"1884","0.22245945781469345","0.20388513803482056","0.2468111366033554","0.21709798648953438","0.20423102378845215","0.22336363792419434"
"1885","0.23428649827837944","0.21774667501449585","0.2567868232727051","0.23476916179060936","0.21353735029697418","0.2553582787513733"
"1886","0.22156766802072525","0.21113400161266327","0.23008182644844055","0.22111904621124268","0.209884375333786","0.23185791075229645"
"1887","0.210829958319664","0.20150719583034515","0.2259749472141266","0.2116294540464878","0.20211708545684814","0.2289830446243286"
"1888","0.21856631338596344","0.20852239429950714","0.22588077187538147","0.21739689260721207","0.21143652498722076","0.22455358505249023"
"1889","0.22029732540249825","0.20368900895118713","0.2541223466396332","0.22109894454479218","0.20439335703849792","0.24788838624954224"
"1890","0.21611086279153824","0.2007959932088852","0.2347560077905655","0.21586920320987701","0.20223858952522278","0.23351961374282837"
"1891","0.2289847508072853","0.21499350666999817","0.24086257815361023","0.226777795702219","0.21541404724121094","0.23507793247699738"
"1892","0.22320938110351562","0.21260175108909607","0.24149742722511292","0.22371206432580948","0.21273815631866455","0.24230968952178955"
"1893","0.2155848629772663","0.19560949504375458","0.23868714272975922","0.2148377262055874","0.19422878324985504","0.23929938673973083"
"1894","0.20954524725675583","0.19522574543952942","0.21776288747787476","0.21132062003016472","0.19554874300956726","0.21839796006679535"
"1895","0.2269703969359398","0.21223782002925873","0.2438756227493286","0.22639572620391846","0.21484054625034332","0.23961573839187622"
"1896","0.2313535287976265","0.21546989679336548","0.24061885476112366","0.23117752745747566","0.20358581840991974","0.24288219213485718"
"1897","0.22352201491594315","0.20010694861412048","0.24286383390426636","0.22356700152158737","0.20746520161628723","0.24169564247131348"
"1898","0.22588127106428146","0.21559524536132812","0.24289897084236145","0.22316177189350128","0.21596017479896545","0.23643215000629425"
"1899","0.21722763404250145","0.2101818323135376","0.22430576384067535","0.21703096479177475","0.20918826758861542","0.22289741039276123"
"1900","0.2174895964562893","0.21434077620506287","0.21998006105422974","0.21696491539478302","0.20764577388763428","0.2267123907804489"
"1901","0.2131318338215351","0.19914309680461884","0.2272721827030182","0.21383588761091232","0.19995473325252533","0.2254994809627533"
"1902","0.22004852071404457","0.2065775990486145","0.23737621307373047","0.21968769282102585","0.20551303029060364","0.22892814874649048"
"1903","0.21202706918120384","0.1947939693927765","0.22924065589904785","0.21268100664019585","0.1953543722629547","0.2291579246520996"
"1904","0.21808769553899765","0.20961852371692657","0.23773764073848724","0.21458613499999046","0.20995226502418518","0.21964021027088165"
"1905","0.2321661040186882","0.2199200689792633","0.25484371185302734","0.23149600625038147","0.2228771150112152","0.2553618848323822"
"1906","0.23002402856945992","0.20715323090553284","0.24007895588874817","0.2302597016096115","0.21024058759212494","0.2385856807231903"
"1907","0.22312241047620773","0.21402838826179504","0.23529188334941864","0.2228800356388092","0.21461784839630127","0.23592764139175415"
"1908","0.21031825616955757","0.20459896326065063","0.21317216753959656","0.21060552820563316","0.20348279178142548","0.21788957715034485"
"1909","0.2304159551858902","0.21523647010326385","0.2583029866218567","0.22917335480451584","0.21407601237297058","0.25383204221725464"
"1910","0.22340257093310356","0.21399661898612976","0.23237061500549316","0.22353463247418404","0.21282175183296204","0.23498551547527313"
"1911","0.2236764281988144","0.20836231112480164","0.23647230863571167","0.2245916873216629","0.20887331664562225","0.23568999767303467"
"1912","0.22698988392949104","0.22113469243049622","0.23944932222366333","0.22592002153396606","0.21689027547836304","0.23823398351669312"
"1913","0.22917310148477554","0.2182074934244156","0.2421741783618927","0.2286677025258541","0.21871426701545715","0.24083931744098663"
"1914","0.22123219072818756","0.20319151878356934","0.2366243600845337","0.22160182520747185","0.20373325049877167","0.2401878833770752"
"1915","0.23296576738357544","0.23078054189682007","0.2355324625968933","0.23250381648540497","0.22487758100032806","0.2381558120250702"
"1916","0.22164368256926537","0.21584661304950714","0.2349562644958496","0.22052890434861183","0.21638159453868866","0.2301253378391266"
"1917","0.22925304248929024","0.21227136254310608","0.24831867218017578","0.22802474722266197","0.2111261487007141","0.24891608953475952"
"1918","0.2292143851518631","0.2214442789554596","0.23868095874786377","0.2284546084702015","0.21766293048858643","0.23726600408554077"
"1919","0.21318764239549637","0.19713938236236572","0.23231786489486694","0.21286224201321602","0.20127102732658386","0.22740256786346436"
"1920","0.23041215166449547","0.2186838984489441","0.2403976321220398","0.22964508831501007","0.21921303868293762","0.24384859204292297"
"1921","0.21902601048350334","0.21184715628623962","0.2273540198802948","0.21759981289505959","0.21165186166763306","0.2250724732875824"
"1922","0.22636939212679863","0.21981966495513916","0.23681515455245972","0.22598064318299294","0.2107856720685959","0.2372870147228241"
"1923","0.2345239259302616","0.2207423597574234","0.24182644486427307","0.23562540113925934","0.22674594819545746","0.24047847092151642"
"1924","0.22699445858597755","0.22084906697273254","0.22950659692287445","0.2265818752348423","0.21961349248886108","0.23027299344539642"
"1925","0.2224758043885231","0.21660244464874268","0.235844224691391","0.22266430780291557","0.21813714504241943","0.23444193601608276"
"1926","0.21805990859866142","0.20119021832942963","0.23402690887451172","0.21869607642292976","0.20578250288963318","0.232623890042305"
"1927","0.20925645157694817","0.20006196200847626","0.2223038673400879","0.20915095880627632","0.19931423664093018","0.22319190204143524"
"1928","0.2237412966787815","0.21754296123981476","0.2373228669166565","0.22408292815089226","0.21846088767051697","0.2377382516860962"
"1929","0.21128632873296738","0.20463228225708008","0.2191876471042633","0.20986664295196533","0.20338749885559082","0.21925948560237885"
"1930","0.2290952503681183","0.22073881328105927","0.23493775725364685","0.22913386300206184","0.22133618593215942","0.23348017036914825"
"1931","0.22582803666591644","0.2191361039876938","0.22961652278900146","0.2264172025024891","0.21517157554626465","0.2332407385110855"
"1932","0.21850019320845604","0.20309385657310486","0.24496786296367645","0.21915410831570625","0.2070608288049698","0.244104266166687"
"1934","0.22107616811990738","0.2119835615158081","0.23301848769187927","0.22136148065328598","0.19969907402992249","0.23815082013607025"
"1935","0.22489947453141212","0.22216160595417023","0.22981609404087067","0.22308878973126411","0.21792206168174744","0.23031646013259888"
"1936","0.2194121740758419","0.21051806211471558","0.2249685823917389","0.2171347625553608","0.2093067467212677","0.22088266909122467"
"1937","0.22331097349524498","0.21434438228607178","0.2319840043783188","0.2213204838335514","0.21278789639472961","0.23258984088897705"
"1938","0.21681033447384834","0.21139280498027802","0.22578516602516174","0.21555739641189575","0.21040065586566925","0.22485831379890442"
"1939","0.23764148727059364","0.20845220983028412","0.2812349200248718","0.2376318909227848","0.20434384047985077","0.27948707342147827"
"1940","0.22947169840335846","0.2224128246307373","0.24377858638763428","0.22527975216507912","0.2085154801607132","0.24418392777442932"
"1941","0.22981690615415573","0.2208370417356491","0.23557022213935852","0.2285812832415104","0.21252653002738953","0.23953422904014587"
"1942","0.2259463220834732","0.21264582872390747","0.2357666790485382","0.22423428669571877","0.21897479891777039","0.23627309501171112"
"1943","0.20859627425670624","0.2026703953742981","0.22119081020355225","0.21009479835629463","0.20073302090168","0.22175270318984985"
"1944","0.21440424770116806","0.2082531899213791","0.2246571034193039","0.2143108807504177","0.20697276294231415","0.22245582938194275"
"1945","0.22766656801104546","0.21258434653282166","0.23429986834526062","0.2260477989912033","0.2193172574043274","0.23468023538589478"
"1946","0.2247728817164898","0.21066361665725708","0.23923465609550476","0.2239014133810997","0.21121349930763245","0.2381896823644638"
"1947","0.21483438462018967","0.20826363563537598","0.21830274164676666","0.21505456045269966","0.2086676061153412","0.22077152132987976"
"1948","0.22720681875944138","0.21193398535251617","0.23565351963043213","0.22470730543136597","0.21259796619415283","0.2344307005405426"
"1949","0.2206532321870327","0.2111685872077942","0.2300589233636856","0.21854988858103752","0.20630139112472534","0.2288149893283844"
"1950","0.21302812546491623","0.2015325427055359","0.22618091106414795","0.21325385197997093","0.20166899263858795","0.22501081228256226"
"1951","0.23214922100305557","0.2199905812740326","0.24224305152893066","0.23098903894424438","0.2204916775226593","0.23931798338890076"
"1952","0.22034927085042","0.21215753257274628","0.2287762463092804","0.22212964296340942","0.21740594506263733","0.22930365800857544"
"1953","0.2239462397992611","0.21103031933307648","0.24237725138664246","0.2241818942129612","0.20546188950538635","0.24297238886356354"
"1954","0.2240271158516407","0.21531350910663605","0.23155257105827332","0.22371642291545868","0.21575592458248138","0.23173797130584717"
"1955","0.2136467546224594","0.20729421079158783","0.22486476600170135","0.21322587504982948","0.20620863139629364","0.22852963209152222"
"1956","0.22147157788276672","0.2121642827987671","0.2332063913345337","0.22242391854524612","0.21101152896881104","0.2372901886701584"
"1957","0.22458788380026817","0.22029957175254822","0.2339790314435959","0.22303834557533264","0.21919113397598267","0.23269784450531006"
"1958","0.21285158023238182","0.20474088191986084","0.22051109373569489","0.21119845658540726","0.20520082116127014","0.21949319541454315"
"1959","0.22966953739523888","0.21462412178516388","0.23592612147331238","0.22944791615009308","0.2164282202720642","0.235648512840271"
"1960","0.21934697404503822","0.19672049582004547","0.2432745099067688","0.21945670247077942","0.187290757894516","0.24204623699188232"
"1961","0.2092203088104725","0.20102323591709137","0.22576799988746643","0.20955364033579826","0.20133094489574432","0.22438614070415497"
"1962","0.22505546361207962","0.21320949494838715","0.24432702362537384","0.2250555232167244","0.21376360952854156","0.24446137249469757"
"1963","0.21241895481944084","0.19732987880706787","0.22732116281986237","0.2131682112812996","0.19823114573955536","0.22590583562850952"
"1964","0.21782508864998817","0.2112724632024765","0.22678634524345398","0.21824118122458458","0.2099647969007492","0.22928360104560852"
"1965","0.2163136787712574","0.20310556888580322","0.22891105711460114","0.2169969119131565","0.20358175039291382","0.22796450555324554"
"1966","0.21136100962758064","0.1929911971092224","0.2194315493106842","0.21188277006149292","0.1950795203447342","0.22015246748924255"
"1967","0.23357873782515526","0.22571587562561035","0.24207204580307007","0.23314964026212692","0.2219865322113037","0.24347610771656036"
"1968","0.21773990243673325","0.2080070823431015","0.23524543642997742","0.219287421554327","0.20902879536151886","0.23421704769134521"
"1969","0.2246902920305729","0.22118708491325378","0.2299155592918396","0.22346628829836845","0.21999762952327728","0.23051325976848602"
"1970","0.2263391576707363","0.21790587902069092","0.23765774071216583","0.22522351145744324","0.216455340385437","0.23397210240364075"
"1971","0.22325287386775017","0.21474295854568481","0.23810340464115143","0.22244806587696075","0.2121417075395584","0.23852771520614624"
"1972","0.23284422606229782","0.22592999041080475","0.24473200738430023","0.23132851347327232","0.22428348660469055","0.23790103197097778"
"1973","0.2180180512368679","0.19978657364845276","0.2328053116798401","0.21759404987096786","0.19858360290527344","0.23416167497634888"
"1974","0.21825142577290535","0.20801743865013123","0.22760814428329468","0.219590175896883","0.20693571865558624","0.22822104394435883"
"1975","0.21599215269088745","0.20567521452903748","0.23078544437885284","0.21415605023503304","0.1951436549425125","0.22943100333213806"
"1976","0.2210918813943863","0.20616360008716583","0.23796391487121582","0.22137141600251198","0.2065368890762329","0.23667696118354797"
"1977","0.21552685648202896","0.20604774355888367","0.22340023517608643","0.2142304889857769","0.20472264289855957","0.2238890677690506"
"1978","0.22111689671874046","0.20186808705329895","0.23862504959106445","0.21996751055121422","0.2010919153690338","0.2372552752494812"
"1979","0.23859624937176704","0.2217273712158203","0.25775688886642456","0.23873170837759972","0.23273910582065582","0.24806690216064453"
"1980","0.21208447217941284","0.20560353994369507","0.2210545837879181","0.21234948188066483","0.2021615207195282","0.22147727012634277"
"1981","0.21631800010800362","0.19795343279838562","0.24541714787483215","0.21512999013066292","0.1955101639032364","0.24404892325401306"
"1982","0.21536168083548546","0.2035142183303833","0.22558850049972534","0.21526404842734337","0.20571713149547577","0.2236376404762268"
"1983","0.22298381105065346","0.21672672033309937","0.22575098276138306","0.22360926494002342","0.2172219604253769","0.22719335556030273"
"1984","0.22905772551894188","0.22072577476501465","0.23335088789463043","0.22903389856219292","0.2211572229862213","0.23695611953735352"
"1985","0.2289898321032524","0.2072245180606842","0.26005351543426514","0.2350863590836525","0.207587331533432","0.2852444052696228"
"1986","0.22471549734473228","0.21513523161411285","0.2353198379278183","0.2231990359723568","0.21145163476467133","0.2339472472667694"
"1987","0.2130878083407879","0.2033672332763672","0.2218712866306305","0.2125176079571247","0.20835526287555695","0.22058553993701935"
"1988","0.2187146507203579","0.2038230448961258","0.2405346781015396","0.2179514802992344","0.20831388235092163","0.23106443881988525"
"1989","0.2225036881864071","0.20835010707378387","0.23346716165542603","0.22312113642692566","0.21626661717891693","0.23107914626598358"
"1990","0.217960674315691","0.21268901228904724","0.2244788408279419","0.2211899794638157","0.2132154256105423","0.23572324216365814"
"1991","0.22337091714143753","0.20410576462745667","0.2462688684463501","0.22285813093185425","0.20462359488010406","0.23806750774383545"
"1992","0.21971427649259567","0.20685023069381714","0.22744354605674744","0.22028359025716782","0.20740848779678345","0.22785502672195435"
"1993","0.21336770430207253","0.20651006698608398","0.22521406412124634","0.2139444351196289","0.19917333126068115","0.23831766843795776"
"1994","0.20894846320152283","0.2044198364019394","0.21754346787929535","0.20945241302251816","0.20224697887897491","0.2164183109998703"
"1995","0.22089074924588203","0.20635297894477844","0.2310139238834381","0.2219335287809372","0.2070658653974533","0.23185992240905762"
"1996","0.21972773969173431","0.21439217031002045","0.2271547168493271","0.21777598559856415","0.2144855409860611","0.22012606263160706"
"1997","0.21375549584627151","0.1999911516904831","0.23184189200401306","0.21407125517725945","0.20053434371948242","0.22991943359375"
"1998","0.2261011004447937","0.21475933492183685","0.24901214241981506","0.22540747746825218","0.2134239226579666","0.24310609698295593"
"1999","0.22485880926251411","0.2158297300338745","0.24060633778572083","0.22468817606568336","0.20787213742733002","0.24114488065242767"
"2000","0.22018926590681076","0.212436705827713","0.22818519175052643","0.22038549184799194","0.21245774626731873","0.22719216346740723"
"2001","0.22372329235076904","0.20514808595180511","0.2474534660577774","0.22627989947795868","0.20390236377716064","0.26055264472961426"
"2002","0.21502183750271797","0.19955751299858093","0.2281363308429718","0.21314575523138046","0.20025891065597534","0.22426655888557434"
"2004","0.2075297348201275","0.18559324741363525","0.2219846248626709","0.2069527506828308","0.18448299169540405","0.21846285462379456"
"2005","0.23020105808973312","0.21734361350536346","0.2444358766078949","0.22951583191752434","0.22294580936431885","0.24496859312057495"
"2006","0.21599508821964264","0.21123462915420532","0.22226271033287048","0.21852291375398636","0.2143566906452179","0.22496116161346436"
"2007","0.22689148411154747","0.2236633151769638","0.23371675610542297","0.22707652300596237","0.22424302995204926","0.2326267659664154"
"2008","0.23524656891822815","0.2265530526638031","0.25140616297721863","0.23451491817831993","0.2253333032131195","0.25223052501678467"
"2009","0.21542033180594444","0.20930954813957214","0.22122332453727722","0.21620001271367073","0.2112891525030136","0.22168785333633423"
"2010","0.21134090051054955","0.20062163472175598","0.22415682673454285","0.21055596321821213","0.20114535093307495","0.2229996621608734"
"2011","0.2298843003809452","0.21493946015834808","0.24660518765449524","0.22897914424538612","0.20567527413368225","0.24730108678340912"
"2012","0.2215503491461277","0.19810959696769714","0.2401675432920456","0.220705296844244","0.19674137234687805","0.23882567882537842"
"2013","0.21872591599822044","0.21284815669059753","0.23153775930404663","0.21899095550179482","0.21153655648231506","0.23142105340957642"
"2014","0.21759508177638054","0.20785871148109436","0.22964216768741608","0.2185785509645939","0.20642779767513275","0.22992472350597382"
"2015","0.20977546647191048","0.20131315290927887","0.21777750551700592","0.2094971388578415","0.20181027054786682","0.22217045724391937"
"2016","0.2261779010295868","0.21565456688404083","0.23952937126159668","0.2258715182542801","0.21837809681892395","0.23828575015068054"
"2017","0.22381889447569847","0.20542363822460175","0.23836159706115723","0.2246982790529728","0.20416957139968872","0.23280249536037445"
"2018","0.22262338548898697","0.21067817509174347","0.2340223640203476","0.22291479259729385","0.2094159871339798","0.24210494756698608"
"2019","0.21000248938798904","0.20634227991104126","0.21728339791297913","0.2145911380648613","0.206935852766037","0.2219865322113037"
"2020","0.22024492919445038","0.20880195498466492","0.23638951778411865","0.2202305980026722","0.20935699343681335","0.2397272139787674"
"2021","0.21636276319622993","0.2094605714082718","0.22622929513454437","0.2158154807984829","0.20834410190582275","0.22096669673919678"
"2022","0.21246052533388138","0.20040667057037354","0.228633850812912","0.2124658189713955","0.19921566545963287","0.22358602285385132"
"2023","0.22215964272618294","0.2122434675693512","0.2383349984884262","0.22450777888298035","0.21702834963798523","0.23698937892913818"
"2024","0.21964219957590103","0.19772961735725403","0.25027263164520264","0.21885451674461365","0.20173892378807068","0.2437087446451187"
"2025","0.2232978790998459","0.20689140260219574","0.2346695065498352","0.2212909683585167","0.19844168424606323","0.23292092978954315"
"2026","0.22471312060952187","0.21442292630672455","0.2417277991771698","0.22456079348921776","0.2133788764476776","0.24228045344352722"
"2027","0.21760468184947968","0.20753984153270721","0.22633422911167145","0.2179691158235073","0.20801332592964172","0.22141259908676147"
"2028","0.2155861109495163","0.20141950249671936","0.22487370669841766","0.21414939686655998","0.20195205509662628","0.2252146303653717"
"2029","0.2104954831302166","0.19640621542930603","0.21860823035240173","0.21019227802753448","0.19247843325138092","0.21942196786403656"
"2030","0.21734026819467545","0.20839504897594452","0.23535187542438507","0.21760644018650055","0.2038227915763855","0.23285725712776184"
"2031","0.2171132117509842","0.20522356033325195","0.22802051901817322","0.2142573744058609","0.2056007981300354","0.22381192445755005"
"2032","0.21267884597182274","0.20007926225662231","0.23106439411640167","0.21236227825284004","0.20053218305110931","0.22982440888881683"
"2033","0.22392406687140465","0.2057187855243683","0.24101507663726807","0.2244313322007656","0.2053351104259491","0.2435486614704132"
"2034","0.22158782184123993","0.21156008541584015","0.24043621122837067","0.2203238643705845","0.20437806844711304","0.2391052395105362"
"2035","0.2134414054453373","0.19770807027816772","0.23755523562431335","0.21332268044352531","0.19645194709300995","0.22949165105819702"
"2036","0.21335432305932045","0.2072337567806244","0.22499866783618927","0.21274058148264885","0.20777693390846252","0.22083866596221924"
"2037","0.21887025237083435","0.21380862593650818","0.22602301836013794","0.2186160683631897","0.21445347368717194","0.22392919659614563"
"2038","0.21695799008011818","0.215505450963974","0.2181013524532318","0.22329461947083473","0.21263915300369263","0.2487213909626007"
"2039","0.21635782718658447","0.20736630260944366","0.22487151622772217","0.21622301265597343","0.2060101181268692","0.2267322540283203"
"2040","0.2163076177239418","0.21237747371196747","0.2199161946773529","0.2170148566365242","0.21406137943267822","0.22043782472610474"
"2041","0.2171519659459591","0.19967469573020935","0.22805780172348022","0.21705307811498642","0.19915513694286346","0.22824065387248993"
"2042","0.22261768579483032","0.21132154762744904","0.23446567356586456","0.22189245000481606","0.21189412474632263","0.23316872119903564"
"2043","0.2225358970463276","0.21386601030826569","0.23150086402893066","0.2251184545457363","0.22018608450889587","0.23025895655155182"
"2044","0.21792462095618248","0.21290743350982666","0.22996655106544495","0.21749088913202286","0.21322470903396606","0.22856029868125916"
"2045","0.2197224348783493","0.2050577700138092","0.24490582942962646","0.21815702319145203","0.20394518971443176","0.24037101864814758"
"2046","0.2087276428937912","0.18543191254138947","0.21736732125282288","0.2075994424521923","0.18596285581588745","0.2271554321050644"
"2047","0.2162669077515602","0.20023851096630096","0.2297939509153366","0.21545986831188202","0.1956702172756195","0.23171178996562958"
"2048","0.22608286887407303","0.2255060225725174","0.2270248681306839","0.22518332675099373","0.22271250188350677","0.2270227074623108"
"2049","0.22514094784855843","0.20968323945999146","0.23691098392009735","0.22346607595682144","0.20460547506809235","0.23568589985370636"
"2050","0.20950878411531448","0.19760754704475403","0.21875432133674622","0.21075933799147606","0.19661842286586761","0.21692690253257751"
"2051","0.22132037580013275","0.20902594923973083","0.23003190755844116","0.2200486958026886","0.20547901093959808","0.22907766699790955"
"2052","0.22377511113882065","0.2182050347328186","0.23036092519760132","0.22524366900324821","0.21894805133342743","0.228849858045578"
"2053","0.2249707281589508","0.21808581054210663","0.23331762850284576","0.22339386865496635","0.21686714887619019","0.23379947245121002"
"2054","0.2209717072546482","0.21315515041351318","0.2309820055961609","0.2227151282131672","0.21379128098487854","0.2313549518585205"
"2055","0.2188134826719761","0.21211713552474976","0.2236487716436386","0.21878601610660553","0.21497991681098938","0.22423729300498962"
"2056","0.222567867487669","0.2216666340827942","0.22401174902915955","0.21935495361685753","0.21453361213207245","0.2223106324672699"
"2057","0.2169349007308483","0.2012200653553009","0.23729993402957916","0.21587985008955002","0.19947576522827148","0.23515258729457855"
"2058","0.22977377474308014","0.19659295678138733","0.25145116448402405","0.229903906583786","0.20621967315673828","0.2500566244125366"
"2059","0.23813257366418839","0.2178979367017746","0.267111599445343","0.22828984633088112","0.21848420798778534","0.23474138975143433"
"2060","0.21799317374825478","0.20302999019622803","0.24222347140312195","0.21791722998023033","0.2035922408103943","0.24086759984493256"
"2061","0.222434151917696","0.20430561900138855","0.2330338954925537","0.2225225754082203","0.21306511759757996","0.23058664798736572"
"2062","0.21924135833978653","0.19245032966136932","0.23353473842144012","0.2181040458381176","0.1912570744752884","0.2339884638786316"
"2063","0.2200494259595871","0.20673052966594696","0.23125799000263214","0.22320084273815155","0.2170788198709488","0.2318337857723236"
"2064","0.22310375049710274","0.20152294635772705","0.24605149030685425","0.2227754220366478","0.2004048377275467","0.25323545932769775"
"2065","0.22340228408575058","0.21304091811180115","0.23554560542106628","0.22351663559675217","0.21175095438957214","0.2340884804725647"
"2066","0.23022985085844994","0.21708394587039948","0.2450537383556366","0.23040556907653809","0.21765100955963135","0.24379438161849976"
"2067","0.21761330217123032","0.18594607710838318","0.2414388209581375","0.22036545723676682","0.18677163124084473","0.24787746369838715"
"2068","0.2187216654419899","0.20955392718315125","0.22765932977199554","0.2177373468875885","0.20398175716400146","0.22652336955070496"
"2069","0.21842728182673454","0.2069362998008728","0.22854983806610107","0.21291855350136757","0.20345476269721985","0.22751052677631378"
"2070","0.22278239578008652","0.21338513493537903","0.22860878705978394","0.22252166643738747","0.21209251880645752","0.23019972443580627"
"2071","0.22481250390410423","0.20837359130382538","0.2361583709716797","0.22456049174070358","0.20857226848602295","0.23484909534454346"
"2072","0.22079257294535637","0.1991845816373825","0.2366940677165985","0.22168108820915222","0.19971764087677002","0.23686803877353668"
"2074","0.22459280490875244","0.20722386240959167","0.24422845244407654","0.2254243791103363","0.207703098654747","0.23847171664237976"
"2075","0.2361583486199379","0.22708046436309814","0.24269503355026245","0.2373364381492138","0.23260505497455597","0.2415119707584381"
"2076","0.22070208936929703","0.20641186833381653","0.24976354837417603","0.22173325717449188","0.20715749263763428","0.24370908737182617"
"2077","0.21621344611048698","0.2032739222049713","0.23552678525447845","0.2160283327102661","0.2037656307220459","0.233963280916214"
"2078","0.21332604438066483","0.18342062830924988","0.23006799817085266","0.21329588443040848","0.17981994152069092","0.23407340049743652"
"2079","0.21635109931230545","0.2070353925228119","0.2275041788816452","0.21740806847810745","0.20581625401973724","0.23123450577259064"
"2080","0.21843358129262924","0.21454402804374695","0.22228053212165833","0.2186470702290535","0.21326367557048798","0.22982986271381378"
"2081","0.20965023711323738","0.19790641963481903","0.22340437769889832","0.20938365533947945","0.20181097090244293","0.22196421027183533"
"2082","0.2130092717707157","0.20486946403980255","0.22365617752075195","0.21448318287730217","0.21118995547294617","0.21811345219612122"
"2083","0.22031272947788239","0.20425103604793549","0.23812097311019897","0.22039885818958282","0.2120857834815979","0.23142415285110474"
"2084","0.2170565128326416","0.20754379034042358","0.22929762303829193","0.21599040552973747","0.20434629917144775","0.23002979159355164"
"2085","0.22203664109110832","0.2073228657245636","0.23343048989772797","0.22071179375052452","0.20452727377414703","0.23203667998313904"
"2086","0.2211761772632599","0.19866910576820374","0.233878493309021","0.22280532866716385","0.19516301155090332","0.23624873161315918"
"2087","0.21632230654358864","0.19620145857334137","0.23067915439605713","0.21840281039476395","0.21119964122772217","0.2248617708683014"
"2088","0.23352740705013275","0.2244943231344223","0.2493230402469635","0.23340768367052078","0.22313743829727173","0.24580013751983643"
"2089","0.21228304132819176","0.20011557638645172","0.22026623785495758","0.21167191490530968","0.19895270466804504","0.22525957226753235"
"2090","0.21403544023633003","0.20447231829166412","0.22298486530780792","0.21384485438466072","0.20969316363334656","0.22355151176452637"
"2091","0.22058210149407387","0.21489010751247406","0.2264290452003479","0.22162054851651192","0.2151530683040619","0.22738653421401978"
"2092","0.22667865455150604","0.19700799882411957","0.2454548478126526","0.2269364818930626","0.19301356375217438","0.2439108043909073"
"2093","0.21479994803667068","0.19453315436840057","0.23454608023166656","0.21440626680850983","0.19337500631809235","0.22822131216526031"
"2094","0.2150605171918869","0.1985452026128769","0.22664853930473328","0.21411540359258652","0.1991257667541504","0.22415503859519958"
"2095","0.22995243594050407","0.21582229435443878","0.24441799521446228","0.22951576858758926","0.21824902296066284","0.24126850068569183"
"2096","0.2325139418244362","0.22332791984081268","0.24417023360729218","0.23237616941332817","0.22223636507987976","0.24386262893676758"
"2097","0.21787143126130104","0.21248115599155426","0.22269675135612488","0.21579542756080627","0.21094973385334015","0.2215319573879242"
"2098","0.21326009556651115","0.19951236248016357","0.21976299583911896","0.21224474906921387","0.20006130635738373","0.22094808518886566"
"2099","0.2128514125943184","0.20684002339839935","0.22112195193767548","0.21299400925636292","0.2055126577615738","0.22199968993663788"
"2100","0.213014367967844","0.20301470160484314","0.22365568578243256","0.212186761200428","0.2019011378288269","0.2226455807685852"
"2101","0.21178888157010078","0.19907504320144653","0.2239893078804016","0.21300571411848068","0.20296281576156616","0.22350579500198364"
"2102","0.22161241248250008","0.21016232669353485","0.23083963990211487","0.2214977629482746","0.2134469598531723","0.22787807881832123"
"2103","0.23243432119488716","0.21714264154434204","0.24957382678985596","0.2309725359082222","0.2175915241241455","0.2523140609264374"
"2104","0.21249652653932571","0.20720000565052032","0.22160789370536804","0.21146873384714127","0.1970275491476059","0.22032517194747925"
"2105","0.2183149829506874","0.20460574328899384","0.23080161213874817","0.21796924620866776","0.2050948441028595","0.235819473862648"
"2106","0.21805953234434128","0.20962142944335938","0.2261287420988083","0.21669698134064674","0.20988859236240387","0.22109884023666382"
"2107","0.2181350216269493","0.20501463115215302","0.24322381615638733","0.21794162318110466","0.2066642791032791","0.24142353236675262"
"2108","0.22057819738984108","0.20766061544418335","0.23663920164108276","0.22170821577310562","0.208156019449234","0.232687309384346"
"2109","0.22530529275536537","0.21620896458625793","0.23780004680156708","0.22430450469255447","0.21011677384376526","0.2366608828306198"
"2110","0.21342966705560684","0.20498713850975037","0.21997104585170746","0.21453295275568962","0.2089734524488449","0.22114089131355286"
"2111","0.21389387175440788","0.20290417969226837","0.22181010246276855","0.2137296460568905","0.2032935917377472","0.222068652510643"
"2112","0.22635606303811073","0.20705650746822357","0.24662043154239655","0.21949081867933273","0.20757566392421722","0.22580717504024506"
"2113","0.21434655785560608","0.20685747265815735","0.2260940968990326","0.21440821513533592","0.20735689997673035","0.2276008576154709"
"2114","0.22555002570152283","0.21350085735321045","0.24289186298847198","0.22526967898011208","0.20877623558044434","0.243609219789505"
"2115","0.21662276610732079","0.19888243079185486","0.2322981059551239","0.21827616170048714","0.19760659337043762","0.23284481465816498"
"2116","0.221393633633852","0.206669420003891","0.23774074018001556","0.22082119062542915","0.20386835932731628","0.2364206314086914"
"2117","0.20934845879673958","0.19504320621490479","0.217453733086586","0.20710041373968124","0.19553807377815247","0.21644282341003418"
"2118","0.21770580485463142","0.21552762389183044","0.2193707823753357","0.21767545863986015","0.20784299075603485","0.22716927528381348"
"2119","0.21214810758829117","0.19801490008831024","0.22899533808231354","0.21135595068335533","0.1986759901046753","0.2258378267288208"
"2120","0.2103586308658123","0.19666749238967896","0.22898642718791962","0.21137257292866707","0.19709748029708862","0.23404277861118317"
"2121","0.23127438873052597","0.21526645123958588","0.2425391972064972","0.22894136980175972","0.21546323597431183","0.24003970623016357"
"2122","0.21755767986178398","0.20526039600372314","0.23228465020656586","0.21646730601787567","0.2058209776878357","0.23114529252052307"
"2123","0.2037605717778206","0.188149556517601","0.21185114979743958","0.20582297071814537","0.1887277066707611","0.22668682038784027"
"2124","0.20701821520924568","0.19607126712799072","0.2216547578573227","0.2058929167687893","0.19935348629951477","0.21367567777633667"
"2125","0.2284117117524147","0.21684688329696655","0.2394554316997528","0.22699477151036263","0.21339036524295807","0.2381320297718048"
"2126","0.21482927724719048","0.18865320086479187","0.2341625690460205","0.21519735455513","0.1899307668209076","0.23545598983764648"
"2127","0.2159304842352867","0.20896664261817932","0.2265854775905609","0.21696693822741508","0.20710745453834534","0.2252080738544464"
"2128","0.21214661374688148","0.19967754185199738","0.2180670201778412","0.21177200227975845","0.200550377368927","0.2187272310256958"
"2129","0.21569908410310745","0.21013633906841278","0.22980806231498718","0.21497195214033127","0.2094888687133789","0.22439199686050415"
"2130","0.21499346941709518","0.20604988932609558","0.2212873250246048","0.21526271849870682","0.20205017924308777","0.2203419953584671"
"2131","0.2240745685994625","0.2134815901517868","0.24312901496887207","0.22365088015794754","0.2140381634235382","0.2417779266834259"
"2132","0.21191001310944557","0.20731724798679352","0.2215268909931183","0.21215010806918144","0.20618200302124023","0.21792924404144287"
"2133","0.20905500277876854","0.19726668298244476","0.21548260748386383","0.2078734189271927","0.19747817516326904","0.2133321613073349"
"2134","0.22243450209498405","0.20946528017520905","0.23226261138916016","0.22158454731106758","0.21013998985290527","0.22874705493450165"
"2135","0.21956676244735718","0.2087923139333725","0.22992050647735596","0.21974564343690872","0.2075091004371643","0.23273295164108276"
"2136","0.21352584660053253","0.17429156601428986","0.23909738659858704","0.21191352233290672","0.1747261881828308","0.23791781067848206"
"2137","0.22438322007656097","0.2127794623374939","0.23403197526931763","0.22384603694081306","0.21175509691238403","0.23350760340690613"
"2138","0.22695645317435265","0.20941360294818878","0.25138378143310547","0.22631802409887314","0.20832088589668274","0.2501029968261719"
"2139","0.21181532368063927","0.20556552708148956","0.22688642144203186","0.21715987846255302","0.2080577313899994","0.22557316720485687"
"2140","0.22091083973646164","0.20843708515167236","0.24045386910438538","0.2217784933745861","0.21101368963718414","0.23917804658412933"
"2141","0.214144054800272","0.20794065296649933","0.22708755731582642","0.21493621915578842","0.20934119820594788","0.22209753096103668"
"2142","0.21924138814210892","0.20447759330272675","0.22813773155212402","0.21956690400838852","0.20337262749671936","0.23188665509223938"
"2143","0.22753573209047318","0.22190642356872559","0.23688142001628876","0.22828706353902817","0.22489172220230103","0.23676493763923645"
"2144","0.20967092737555504","0.19369247555732727","0.22735965251922607","0.20892973244190216","0.1916540414094925","0.226356640458107"
"2145","0.22111257538199425","0.20713277161121368","0.2402244210243225","0.22161268070340157","0.20908597111701965","0.23897132277488708"
"2146","0.2097310796380043","0.1958581805229187","0.22333258390426636","0.20932262763381004","0.19635993242263794","0.2182527780532837"
"2147","0.21923324093222618","0.21203593909740448","0.22765958309173584","0.2193540707230568","0.21083669364452362","0.2281307727098465"
"2148","0.21573784947395325","0.19470645487308502","0.23462237417697906","0.21532460302114487","0.19342106580734253","0.2353457808494568"
"2149","0.2242775708436966","0.21494793891906738","0.23473379015922546","0.22566789388656616","0.21560628712177277","0.232376828789711"
"2150","0.21822452172636986","0.20526334643363953","0.23975130915641785","0.21819424256682396","0.2074565887451172","0.23353448510169983"
"2151","0.2106756903231144","0.18798573315143585","0.2238135039806366","0.21252406388521194","0.19854575395584106","0.22276441752910614"
"2152","0.21017152070999146","0.20165932178497314","0.22053951025009155","0.20928507670760155","0.20438291132450104","0.21935343742370605"
"2153","0.22329697757959366","0.20767566561698914","0.24223452806472778","0.22277313470840454","0.20808766782283783","0.24025166034698486"
"2154","0.2204298973083496","0.2135971486568451","0.23174220323562622","0.2184513434767723","0.21226103603839874","0.22498397529125214"
"2155","0.224201001226902","0.21051634848117828","0.2505413293838501","0.22228459641337395","0.21064238250255585","0.24780802428722382"
"2156","0.21501648053526878","0.19967754185199738","0.22663253545761108","0.215982835739851","0.19882532954216003","0.22902296483516693"
"2157","0.210589911788702","0.18769559264183044","0.21958279609680176","0.21105188876390457","0.18828389048576355","0.21982529759407043"
"2158","0.20927570760250092","0.18770962953567505","0.23253338038921356","0.20663868635892868","0.19313615560531616","0.23300008475780487"
"2159","0.21352840960025787","0.2028907835483551","0.2248057723045349","0.21369633823633194","0.2033795267343521","0.22347895801067352"
"2160","0.22742397338151932","0.19869446754455566","0.25026172399520874","0.22766609117388725","0.1954125463962555","0.2508141100406647"
"2161","0.21678507328033447","0.2052796185016632","0.22370284795761108","0.2170005477964878","0.208364337682724","0.22266501188278198"
"2162","0.21884259954094887","0.19609582424163818","0.2387820929288864","0.22026784345507622","0.20839980244636536","0.23300936818122864"
"2163","0.21982623264193535","0.20571811497211456","0.22915169596672058","0.2195926569402218","0.20493915677070618","0.2263394445180893"
"2164","0.2004879266023636","0.18982435762882233","0.2153003215789795","0.1998191997408867","0.19029830396175385","0.21126247942447662"
"2165","0.22029929608106613","0.21393093466758728","0.22459673881530762","0.21986646950244904","0.20897752046585083","0.22539372742176056"
"2167","0.20255021378397942","0.19579564034938812","0.21713192760944366","0.20259137079119682","0.19667580723762512","0.21698154509067535"
"2168","0.21717819571495056","0.2046375423669815","0.24721591174602509","0.2129540629684925","0.2034749686717987","0.22998371720314026"
"2169","0.22393623739480972","0.20792946219444275","0.24165669083595276","0.22263192385435104","0.2078087478876114","0.24223852157592773"
"2170","0.21941197663545609","0.20507444441318512","0.22823268175125122","0.21886175125837326","0.1995043307542801","0.22942379117012024"
"2171","0.21598083153367043","0.210569828748703","0.2227683812379837","0.21603021770715714","0.21105247735977173","0.22442112863063812"
"2172","0.20483505353331566","0.19440487027168274","0.21821506321430206","0.20744787529110909","0.19322292506694794","0.22791843116283417"
"2173","0.21463769301772118","0.19039689004421234","0.22616596519947052","0.2157357558608055","0.1893407106399536","0.2299610674381256"
"2174","0.2237410582602024","0.21264438331127167","0.23410238325595856","0.2237064726650715","0.21198076009750366","0.23270867764949799"
"2175","0.20745610818266869","0.20015770196914673","0.21952544152736664","0.2079750820994377","0.20273469388484955","0.21340259909629822"
"2176","0.2112564966082573","0.20075510442256927","0.21720187366008759","0.21048322319984436","0.19500409066677094","0.2191469818353653"
"2177","0.20712823793292046","0.18739363551139832","0.22017797827720642","0.20842362567782402","0.1954611837863922","0.218032106757164"
"2178","0.22222676873207092","0.21512724459171295","0.22801215946674347","0.2227155789732933","0.21358530223369598","0.2312960922718048"
"2179","0.22200608998537064","0.2120782881975174","0.2436312884092331","0.22304758802056313","0.21076369285583496","0.23969198763370514"
"2180","0.21663294732570648","0.1981600522994995","0.2308800220489502","0.2156730480492115","0.19867858290672302","0.22965706884860992"
"2181","0.21774720028042793","0.19484950602054596","0.23393873870372772","0.21712219715118408","0.20225152373313904","0.22872194647789001"
"2182","0.21229292079806328","0.19399380683898926","0.2225344330072403","0.21081681549549103","0.18831342458724976","0.22285550832748413"
"2183","0.21975117549300194","0.19819866120815277","0.2369425892829895","0.22165348380804062","0.1952570676803589","0.2356838881969452"
"2184","0.21332943812012672","0.20218417048454285","0.2253081202507019","0.21303116530179977","0.20478063821792603","0.22574850916862488"
"2185","0.22235267609357834","0.2110280692577362","0.23290342092514038","0.22348614409565926","0.21278905868530273","0.2316484898328781"
"2186","0.2096746787428856","0.207662433385849","0.21143300831317902","0.20844967663288116","0.2056625485420227","0.21013839542865753"
"2187","0.21289145201444626","0.19151267409324646","0.22511085867881775","0.21348324418067932","0.19033926725387573","0.22647252678871155"
"2188","0.2246444821357727","0.21342135965824127","0.23134055733680725","0.22422270849347115","0.20835436880588531","0.23133143782615662"
"2189","0.22501660138368607","0.2187250554561615","0.22837528586387634","0.22532913088798523","0.21927744150161743","0.22951090335845947"
"2190","0.2208709977567196","0.20861496031284332","0.23321348428726196","0.21933270245790482","0.20913079380989075","0.22877323627471924"
"2191","0.21524620801210403","0.19191038608551025","0.22818590700626373","0.215494517236948","0.2108536660671234","0.22381263971328735"
"2192","0.22738220170140266","0.22276467084884644","0.23469236493110657","0.22899840399622917","0.2234818935394287","0.2371736317873001"
"2193","0.21542249619960785","0.2062491476535797","0.22820106148719788","0.21541925892233849","0.20476484298706055","0.23169514536857605"
"2194","0.21907006949186325","0.21026939153671265","0.22610442340373993","0.22398411482572556","0.21618342399597168","0.23193302750587463"
"2195","0.2190614752471447","0.2101074606180191","0.23312360048294067","0.2193232700228691","0.21059854328632355","0.232090026140213"
"2196","0.2109324112534523","0.20396243035793304","0.22193247079849243","0.212712112814188","0.20019763708114624","0.22270022332668304"
"2197","0.21121500805020332","0.18431919813156128","0.23232001066207886","0.2115083821117878","0.18677368760108948","0.2312394082546234"
"2198","0.20775768533349037","0.1978670358657837","0.22279973328113556","0.207427516579628","0.19839002192020416","0.2212594449520111"
"2199","0.2167486436665058","0.2097247987985611","0.2227412313222885","0.2160562165081501","0.20402410626411438","0.22326874732971191"
"2200","0.22048575058579445","0.20408722758293152","0.2292555719614029","0.22003742679953575","0.20481175184249878","0.22793307900428772"
"2201","0.2237974852323532","0.2173766940832138","0.23243041336536407","0.22382866218686104","0.2180325984954834","0.23290196061134338"
"2202","0.22941357642412186","0.21435421705245972","0.25198251008987427","0.2289990745484829","0.21299076080322266","0.2520853281021118"
"2203","0.21927273645997047","0.2092655897140503","0.2270229160785675","0.22042953968048096","0.2097748965024948","0.24035313725471497"
"2204","0.21209971234202385","0.20322394371032715","0.22183740139007568","0.2113293781876564","0.2036948949098587","0.22036206722259521"
"2205","0.23655635118484497","0.22419150173664093","0.2425827533006668","0.23637238517403603","0.23038068413734436","0.24311557412147522"
"2206","0.21507397666573524","0.19956722855567932","0.23755791783332825","0.2170059271156788","0.20027434825897217","0.25018709897994995"
"2207","0.2255016304552555","0.21754884719848633","0.24510587751865387","0.2251294031739235","0.21285170316696167","0.24571363627910614"
"2208","0.21894779428839684","0.2072766125202179","0.23262432217597961","0.21835656464099884","0.2075919210910797","0.23136594891548157"
"2209","0.21073663607239723","0.19364331662654877","0.233622744679451","0.21045660227537155","0.19282680749893188","0.22583377361297607"
"2210","0.21445168182253838","0.20386958122253418","0.22986359894275665","0.21109799668192863","0.20209670066833496","0.22874493896961212"
"2211","0.22328374162316322","0.21006211638450623","0.2372979372739792","0.22208300605416298","0.20901069045066833","0.23045960068702698"
"2212","0.21888094395399094","0.21374183893203735","0.22316159307956696","0.21479280292987823","0.21151748299598694","0.21820183098316193"
"2213","0.20437655225396156","0.19438904523849487","0.2154664695262909","0.20386311039328575","0.19324320554733276","0.2158958613872528"
"2214","0.21473897993564606","0.2009948194026947","0.23010429739952087","0.21475131064653397","0.2010398954153061","0.23074783384799957"
"2215","0.22697938233613968","0.2159152328968048","0.23605170845985413","0.22543379664421082","0.21009469032287598","0.2348291277885437"
"2216","0.22576284036040306","0.21697989106178284","0.23839309811592102","0.2247326746582985","0.20990842580795288","0.2378646433353424"
"2217","0.20659489929676056","0.19487354159355164","0.22046704590320587","0.20701370760798454","0.19565030932426453","0.22498318552970886"
"2218","0.21481294557452202","0.2006511241197586","0.2280413806438446","0.2147718109190464","0.20121288299560547","0.22700154781341553"
"2219","0.2100931815803051","0.20077234506607056","0.22194308042526245","0.2092227227985859","0.1959395855665207","0.22242867946624756"
"2220","0.21785204112529755","0.21105876564979553","0.22628287971019745","0.2192632183432579","0.21159973740577698","0.22480782866477966"
"2221","0.21600984036922455","0.21195337176322937","0.22089090943336487","0.2179154008626938","0.21065440773963928","0.22385656833648682"
"2222","0.21312746033072472","0.19807009398937225","0.22120481729507446","0.21257299557328224","0.19841745495796204","0.22056767344474792"
"2223","0.21702612563967705","0.21078726649284363","0.23295235633850098","0.21818756312131882","0.21154223382472992","0.2313685268163681"
"2224","0.21039308607578278","0.20245300233364105","0.21954675018787384","0.21079235896468163","0.20102067291736603","0.2181093394756317"
"2225","0.22296008840203285","0.20162203907966614","0.24934691190719604","0.22312434390187263","0.21063703298568726","0.2480047643184662"
"2226","0.20992960035800934","0.20269379019737244","0.21806201338768005","0.208978109061718","0.20144030451774597","0.21857163310050964"
"2227","0.22883223742246628","0.22102749347686768","0.24145185947418213","0.2281860075891018","0.21932566165924072","0.24172817170619965"
"2228","0.22230500355362892","0.20273657143115997","0.23231235146522522","0.22326627001166344","0.20314422249794006","0.23208564519882202"
"2229","0.21595338359475136","0.19991794228553772","0.22817568480968475","0.21453547850251198","0.20028981566429138","0.22646549344062805"
"2230","0.21242065355181694","0.20496685802936554","0.2175150215625763","0.21092777326703072","0.20376276969909668","0.2159813940525055"
"2231","0.2176520936191082","0.1992654800415039","0.23381298780441284","0.21714350208640099","0.19975027441978455","0.2290101796388626"
"2232","0.21056701242923737","0.19459030032157898","0.22802621126174927","0.2107469066977501","0.19348320364952087","0.22844421863555908"
"2233","0.21045463532209396","0.19155532121658325","0.21957454085350037","0.20918994396924973","0.19649557769298553","0.2161463350057602"
"2234","0.22208990156650543","0.21689528226852417","0.22786730527877808","0.21976082026958466","0.214789479970932","0.22853809595108032"
"2235","0.2177356332540512","0.21010510623455048","0.22758233547210693","0.21707873418927193","0.21201273798942566","0.22070007026195526"
"2237","0.21695535629987717","0.2106046974658966","0.22464615106582642","0.2162129282951355","0.20430919528007507","0.2282407581806183"
"2238","0.2172398716211319","0.21260592341423035","0.22259889543056488","0.21618511155247688","0.2127058207988739","0.22147151827812195"
"2239","0.21426356583833694","0.20452120900154114","0.22278571128845215","0.2144024446606636","0.2049819976091385","0.22557108104228973"
"2240","0.21960337087512016","0.19687670469284058","0.24834035336971283","0.21936362236738205","0.19732517004013062","0.24327436089515686"
"2241","0.21530786901712418","0.20957058668136597","0.22195613384246826","0.21500986069440842","0.208219975233078","0.22338572144508362"
"2242","0.215735774487257","0.20424418151378632","0.2301388680934906","0.21532997116446495","0.20646533370018005","0.2290196567773819"
"2243","0.2181474268436432","0.20867255330085754","0.23261688649654388","0.21895036473870277","0.20775741338729858","0.23142164945602417"
"2244","0.2146362140774727","0.20185783505439758","0.23088932037353516","0.21219579502940178","0.2015542984008789","0.22965367138385773"
"2245","0.22286392375826836","0.21267181634902954","0.2330828607082367","0.2240206003189087","0.21923398971557617","0.2336646318435669"
"2246","0.21799298748373985","0.20715132355690002","0.22629496455192566","0.21843606233596802","0.20604215562343597","0.22839049994945526"
"2247","0.21811822056770325","0.20604753494262695","0.23167240619659424","0.21821126714348793","0.20657755434513092","0.23468559980392456"
"2248","0.21122052520513535","0.20165076851844788","0.23402270674705505","0.21209460869431496","0.20103533565998077","0.23346881568431854"
"2249","0.21912479773163795","0.21367862820625305","0.22731631994247437","0.21881087496876717","0.21143749356269836","0.23450177907943726"
"2250","0.21259169280529022","0.2021077275276184","0.22900766134262085","0.21344183757901192","0.20552991330623627","0.22749415040016174"
"2251","0.2100047692656517","0.19769656658172607","0.2150074541568756","0.2081354446709156","0.20070981979370117","0.21385620534420013"
"2252","0.21176914125680923","0.20013946294784546","0.21955028176307678","0.2119610384106636","0.2040180265903473","0.21840624511241913"
"2253","0.21249692514538765","0.2042708396911621","0.22467227280139923","0.21221598610281944","0.20489633083343506","0.2233181595802307"
"2254","0.21740736439824104","0.20376843214035034","0.2402162402868271","0.21756549924612045","0.20411252975463867","0.24058914184570312"
"2255","0.22247130423784256","0.21626776456832886","0.23117884993553162","0.22318687662482262","0.21510152518749237","0.2373606264591217"
"2256","0.22920577973127365","0.18481837213039398","0.2631416320800781","0.22796077281236649","0.18942266702651978","0.26067426800727844"
"2257","0.21076876670122147","0.2037551999092102","0.21789103746414185","0.21081671118736267","0.20428971946239471","0.2172427475452423"
"2258","0.228560421615839","0.21475660800933838","0.24922490119934082","0.22849787026643753","0.21447981894016266","0.24370214343070984"
"2259","0.21290119737386703","0.2093951404094696","0.21984469890594482","0.21185891702771187","0.20783847570419312","0.21922115981578827"
"2260","0.21481331065297127","0.2034694403409958","0.2265569269657135","0.21545320004224777","0.21109674870967865","0.2253308892250061"
"2261","0.21451934799551964","0.20776711404323578","0.22853723168373108","0.2153903841972351","0.20967541635036469","0.2233186513185501"
"2262","0.22517065703868866","0.21520167589187622","0.2308162897825241","0.22585266456007957","0.21384623646736145","0.2332986742258072"
"2263","0.21864815801382065","0.21070073544979095","0.22873316705226898","0.21835073456168175","0.2095954418182373","0.22733832895755768"
"2264","0.21053723618388176","0.20331808924674988","0.2263132780790329","0.21033943444490433","0.20214757323265076","0.22694538533687592"
"2265","0.22272789105772972","0.21666908264160156","0.22949886322021484","0.21908916160464287","0.21452784538269043","0.22528281807899475"
"2266","0.2148469053208828","0.2028278410434723","0.221131831407547","0.21496108546853065","0.2042812705039978","0.2216663658618927"
"2267","0.21374940872192383","0.20163539052009583","0.2244778275489807","0.2151663713157177","0.2072054147720337","0.22531375288963318"
"2268","0.2127697691321373","0.19931364059448242","0.23447415232658386","0.21185124665498734","0.19979454576969147","0.22620099782943726"
"2269","0.21914193034172058","0.20933614671230316","0.22975929081439972","0.21920029073953629","0.20371446013450623","0.23649823665618896"
"2270","0.21589002385735512","0.20975235104560852","0.22171831130981445","0.21412095054984093","0.19722409546375275","0.22775959968566895"
"2271","0.22451036050915718","0.22058477997779846","0.23509830236434937","0.22418426349759102","0.22032225131988525","0.234243705868721"
"2272","0.21956878155469894","0.2090822011232376","0.2238517701625824","0.2187669463455677","0.21331815421581268","0.2238914966583252"
"2273","0.21149121597409248","0.2017812877893448","0.22558000683784485","0.21160190925002098","0.19943445920944214","0.2291749268770218"
"2274","0.21530136466026306","0.21045690774917603","0.22326189279556274","0.2160625271499157","0.2105385959148407","0.22200685739517212"
"2275","0.21049430221319199","0.20283156633377075","0.21733975410461426","0.2086997888982296","0.18823537230491638","0.21738439798355103"
"2276","0.21961107477545738","0.20214641094207764","0.22956417500972748","0.21961287409067154","0.20473866164684296","0.22997045516967773"
"2277","0.23254197090864182","0.21616458892822266","0.24211843311786652","0.2318924069404602","0.2149021327495575","0.24895642697811127"
"2278","0.2213243693113327","0.19566652178764343","0.24265557527542114","0.22159675881266594","0.19925513863563538","0.24067361652851105"
"2279","0.2281799502670765","0.21941757202148438","0.2385471761226654","0.2274816446006298","0.219967320561409","0.2440313696861267"
"2280","0.20764850080013275","0.2014865279197693","0.22054752707481384","0.20765238255262375","0.2021748274564743","0.2135799676179886"
"2281","0.2157224528491497","0.21010568737983704","0.2200336754322052","0.20858054980635643","0.19977962970733643","0.2188168466091156"
"2282","0.2171165645122528","0.2042544037103653","0.23280057311058044","0.21843057870864868","0.20316174626350403","0.23263658583164215"
"2283","0.20585617423057556","0.19495074450969696","0.22205790877342224","0.20388803631067276","0.1943528801202774","0.2207629382610321"
"2284","0.21695436164736748","0.2028028517961502","0.22377365827560425","0.2179345078766346","0.21418331563472748","0.2203797698020935"
"2285","0.2304515838623047","0.2200501263141632","0.24300789833068848","0.22961441427469254","0.22059184312820435","0.23958054184913635"
"2286","0.2128271348774433","0.20089492201805115","0.22355200350284576","0.21372107416391373","0.199849933385849","0.22286906838417053"
"2287","0.21618065237998962","0.20014122128486633","0.2301764190196991","0.2174886055290699","0.21116822957992554","0.2287682443857193"
"2288","0.2160150595009327","0.20709984004497528","0.2273566722869873","0.21640097349882126","0.2067098617553711","0.2260752022266388"
"2289","0.22966593131422997","0.2147025614976883","0.23940011858940125","0.22947237640619278","0.2196735143661499","0.23433679342269897"
"2290","0.22342661768198013","0.2140738070011139","0.23155905306339264","0.22429858893156052","0.21445593237876892","0.2320764660835266"
"2291","0.22566471993923187","0.21976278722286224","0.23532147705554962","0.22437473759055138","0.2184225618839264","0.23133757710456848"
"2292","0.22245776280760765","0.213241308927536","0.23387828469276428","0.22221825644373894","0.20637276768684387","0.2326379418373108"
"2293","0.2115832157433033","0.19072243571281433","0.2271628975868225","0.21194975078105927","0.19710789620876312","0.22759929299354553"
"2294","0.21880652755498886","0.21306225657463074","0.23189543187618256","0.21953532099723816","0.21375320851802826","0.23022641241550446"
"2295","0.21606138348579407","0.20299121737480164","0.24677512049674988","0.21398400887846947","0.2019251585006714","0.24020463228225708"
"2296","0.2230421081185341","0.21819524466991425","0.2271047830581665","0.2226625680923462","0.2210547924041748","0.22413699328899384"
"2297","0.21955684199929237","0.20696477591991425","0.23886436223983765","0.21864473074674606","0.20663680136203766","0.23925849795341492"
"2298","0.2050144225358963","0.19626159965991974","0.21259509027004242","0.2058453969657421","0.1967318058013916","0.21078166365623474"
"2299","0.20879197493195534","0.19537286460399628","0.22021397948265076","0.2084854319691658","0.19421124458312988","0.22320348024368286"
"2300","0.2183147333562374","0.2051456868648529","0.2325853705406189","0.21560116484761238","0.2056402564048767","0.23142799735069275"
"2301","0.20459553971886635","0.1794373244047165","0.21718987822532654","0.20371203124523163","0.17978587746620178","0.2200894057750702"
"2302","0.2187916412949562","0.20595407485961914","0.2279191017150879","0.21713238954544067","0.20554932951927185","0.22846940159797668"
"2303","0.21523156762123108","0.20823436975479126","0.22245877981185913","0.2140583097934723","0.20145753026008606","0.22295014560222626"
"2304","0.21803297474980354","0.20393168926239014","0.24449801445007324","0.2179461047053337","0.20755906403064728","0.24508629739284515"
"2305","0.20391999557614326","0.19440633058547974","0.2139362394809723","0.20505953952670097","0.19596007466316223","0.2125806361436844"
"2307","0.2160756178200245","0.2078281044960022","0.22739794850349426","0.2161785401403904","0.21211345493793488","0.22417879104614258"
"2308","0.2239251472055912","0.2145524024963379","0.23041562736034393","0.22378480061888695","0.2138688862323761","0.23112137615680695"
"2309","0.21048963069915771","0.1977158784866333","0.22542282938957214","0.21175694465637207","0.1982422173023224","0.22409643232822418"
"2310","0.21004873886704445","0.19723515212535858","0.21691957116127014","0.21005012840032578","0.20367661118507385","0.21575979888439178"
"2311","0.2045787237584591","0.20166438817977905","0.20848214626312256","0.20421772450208664","0.19977301359176636","0.20709143579006195"
"2312","0.21593226492404938","0.20727719366550446","0.22057288885116577","0.21654140204191208","0.20501169562339783","0.2241138517856598"
"2313","0.21463581547141075","0.21155370771884918","0.21714697778224945","0.21239230781793594","0.20814745128154755","0.2158067673444748"
"2314","0.2037472203373909","0.1979328691959381","0.21343743801116943","0.20397896692156792","0.19837698340415955","0.21233037114143372"
"2315","0.21936453506350517","0.2083979994058609","0.2258714884519577","0.21757443249225616","0.20717644691467285","0.22878512740135193"
"2316","0.22232547402381897","0.2084522247314453","0.23689067363739014","0.22144360467791557","0.20432473719120026","0.23802459239959717"
"2317","0.2241828851401806","0.21565179526805878","0.23075276613235474","0.22409426048398018","0.21132397651672363","0.23107196390628815"
"2318","0.2172361984848976","0.19731628894805908","0.232408344745636","0.21761982142925262","0.2010030299425125","0.23120450973510742"
"2319","0.21396544948220253","0.20540602505207062","0.2313402146100998","0.21397972479462624","0.20782463252544403","0.2293902039527893"
"2320","0.22094223648309708","0.19950316846370697","0.23374979197978973","0.22060878947377205","0.19988662004470825","0.23088762164115906"
"2321","0.21368062496185303","0.20481178164482117","0.22409990429878235","0.2114085778594017","0.20537780225276947","0.2232002317905426"
"2322","0.21365363895893097","0.1978330910205841","0.2236296832561493","0.21394534409046173","0.20016098022460938","0.22405217587947845"
"2323","0.21665751561522484","0.19903235137462616","0.22804221510887146","0.215680580586195","0.19568286836147308","0.22747580707073212"
"2324","0.21803827956318855","0.21154199540615082","0.2271297574043274","0.21659772843122482","0.21101242303848267","0.2231927514076233"
"2325","0.21563731878995895","0.21266330778598785","0.21759504079818726","0.21500923484563828","0.21221923828125","0.21630218625068665"
"2326","0.20102755725383759","0.19925011694431305","0.20380227267742157","0.20159386098384857","0.19795458018779755","0.20588234066963196"
"2327","0.21152328699827194","0.20530682802200317","0.22073866426944733","0.211660984903574","0.20337465405464172","0.2213732898235321"
"2328","0.218356691300869","0.20736496150493622","0.22521084547042847","0.2169777899980545","0.20617371797561646","0.22234061360359192"
"2329","0.21043306216597557","0.19412855803966522","0.21713165938854218","0.21250967681407928","0.19465765357017517","0.22433510422706604"
"2330","0.22454074025154114","0.2144337296485901","0.23741582036018372","0.22416780143976212","0.21220965683460236","0.23885540664196014"
"2331","0.2236359789967537","0.20751814544200897","0.2505694031715393","0.22212067246437073","0.19495758414268494","0.25122299790382385"
"2332","0.21468184515833855","0.20078112185001373","0.22583326697349548","0.2160138450562954","0.2012622356414795","0.22451235353946686"
"2333","0.20665135234594345","0.19009850919246674","0.22045151889324188","0.20702344551682472","0.18885833024978638","0.21649286150932312"
"2334","0.20250709727406502","0.19726014137268066","0.20737072825431824","0.20207711681723595","0.19897480309009552","0.20454007387161255"
"2335","0.22386695817112923","0.21584190428256989","0.24051694571971893","0.22408387064933777","0.2150045931339264","0.23944565653800964"
"2336","0.21555975079536438","0.20601414144039154","0.22319719195365906","0.21731842681765556","0.2066984474658966","0.22560229897499084"
"2337","0.20890053361654282","0.1988125741481781","0.22349193692207336","0.20772752538323402","0.19919678568840027","0.22276932001113892"
"2338","0.20661930739879608","0.19826695322990417","0.21535100042819977","0.20590565726161003","0.19888520240783691","0.21011444926261902"
"2339","0.21377260237932205","0.19262689352035522","0.22911337018013","0.21348021179437637","0.1913689225912094","0.22699758410453796"
"2340","0.21165306866168976","0.1960599720478058","0.22163978219032288","0.21253716200590134","0.19457226991653442","0.22528338432312012"
"2341","0.22172768414020538","0.2138071209192276","0.23655769228935242","0.2200351171195507","0.2108432501554489","0.23321056365966797"
"2342","0.2118874453008175","0.2082478106021881","0.21611647307872772","0.21117529645562172","0.2072216421365738","0.21869884431362152"
"2343","0.2181207314133644","0.19820952415466309","0.23260614275932312","0.21929099410772324","0.19867995381355286","0.2310028076171875"
"2344","0.22286765277385712","0.2040439248085022","0.24708271026611328","0.22273559495806694","0.20695678889751434","0.24565592408180237"
"2345","0.220171220600605","0.20679806172847748","0.2361072152853012","0.21971692517399788","0.207622230052948","0.23424378037452698"
"2346","0.2105340138077736","0.20039263367652893","0.22040823101997375","0.21087520197033882","0.20076274871826172","0.2174745798110962"
"2347","0.2184772603213787","0.20978179574012756","0.2275063544511795","0.21927397325634956","0.2081473469734192","0.22657424211502075"
"2348","0.21409111469984055","0.20440435409545898","0.2256535291671753","0.2145281732082367","0.20917704701423645","0.22636181116104126"
"2349","0.2065671756863594","0.18745693564414978","0.22725921869277954","0.20516878738999367","0.18780899047851562","0.22205519676208496"
"2350","0.21592295169830322","0.2018241584300995","0.2299622893333435","0.2152254804968834","0.20254367589950562","0.22885170578956604"
"2351","0.22398006543517113","0.2083088457584381","0.23766764998435974","0.22414710745215416","0.20728707313537598","0.23815110325813293"
"2352","0.2149026021361351","0.19253671169281006","0.23851245641708374","0.21537146717309952","0.20156612992286682","0.2275368720293045"
"2353","0.21508527919650078","0.19982638955116272","0.22381623089313507","0.21415174007415771","0.19869422912597656","0.22628799080848694"
"2354","0.21126893162727356","0.19928474724292755","0.22720497846603394","0.2114332690834999","0.2003878355026245","0.2277030646800995"
"2355","0.2144622914493084","0.18935057520866394","0.23418980836868286","0.2152637355029583","0.18994197249412537","0.23313894867897034"
"2356","0.2147434912621975","0.20075856149196625","0.22672852873802185","0.2138708345592022","0.19780588150024414","0.22526997327804565"
"2357","0.2133939042687416","0.2045527994632721","0.22848932445049286","0.21316417679190636","0.20139561593532562","0.2272845208644867"
"2358","0.21419940143823624","0.1996060311794281","0.2273414433002472","0.21423008665442467","0.20179560780525208","0.22808948159217834"
"2359","0.20755914971232414","0.2049800306558609","0.21014469861984253","0.2075507827103138","0.20353640615940094","0.2100965976715088"
"2360","0.21279889345169067","0.18900473415851593","0.22221949696540833","0.21305248141288757","0.18945662677288055","0.2244890034198761"
"2361","0.20433519408106804","0.19226987659931183","0.21541902422904968","0.2036602795124054","0.1877717673778534","0.21779683232307434"
"2362","0.20909852907061577","0.18696379661560059","0.2226724624633789","0.20769120752811432","0.1876230239868164","0.2166615128517151"
"2363","0.21270910650491714","0.20181821286678314","0.22356268763542175","0.2125089056789875","0.2023717164993286","0.22236332297325134"
"2364","0.2262313924729824","0.20572707056999207","0.24484789371490479","0.22435152903199196","0.20620174705982208","0.23614977300167084"
"2365","0.21058059483766556","0.20183007419109344","0.22598320245742798","0.20988509431481361","0.20121648907661438","0.2247343361377716"
"2366","0.21526451036334038","0.20740146934986115","0.22754895687103271","0.21444163843989372","0.20616860687732697","0.22610050439834595"
"2367","0.2234996035695076","0.19879573583602905","0.24214717745780945","0.222678504884243","0.1987622082233429","0.2407093644142151"
"2368","0.20454658195376396","0.19624881446361542","0.21355795860290527","0.20212963968515396","0.19681139290332794","0.20733386278152466"
"2369","0.21248437464237213","0.2002701610326767","0.22891050577163696","0.21313093230128288","0.20214438438415527","0.22756212949752808"
"2370","0.19683730229735374","0.16983579099178314","0.21954311430454254","0.19807862490415573","0.17414650321006775","0.22090482711791992"
"2371","0.2220395840704441","0.2063780128955841","0.2501026391983032","0.22454002872109413","0.2114795595407486","0.24800628423690796"
"2372","0.2134891077876091","0.20667065680027008","0.22376878559589386","0.21509907394647598","0.2072208970785141","0.22241804003715515"
"2373","0.21525506302714348","0.1959226280450821","0.2304018884897232","0.2130606696009636","0.19474688172340393","0.230452761054039"
"2374","0.22876371815800667","0.2096441686153412","0.2651921212673187","0.2210497297346592","0.20839419960975647","0.23722408711910248"
"2375","0.2147221788764","0.1996074765920639","0.22043871879577637","0.2132289931178093","0.2000674605369568","0.2207409292459488"
"2376","0.22754350677132607","0.21340274810791016","0.23811399936676025","0.2270088791847229","0.21165569126605988","0.2387755960226059"
"2377","0.21799985319375992","0.2039058953523636","0.22642925381660461","0.21705826371908188","0.2018824964761734","0.22536708414554596"
"2378","0.21313509345054626","0.20318220555782318","0.21765679121017456","0.21339207887649536","0.20356610417366028","0.21928013861179352"
"2379","0.20945589244365692","0.19518812000751495","0.22575116157531738","0.21025021374225616","0.19621679186820984","0.2246759533882141"
"2380","0.21462732926011086","0.21363699436187744","0.21590599417686462","0.214642696082592","0.213093101978302","0.21657483279705048"
"2381","0.2150362692773342","0.19804206490516663","0.2256290763616562","0.21556341648101807","0.19673846662044525","0.22783774137496948"
"2382","0.21206654980778694","0.1916639357805252","0.23292967677116394","0.21204721555113792","0.2002636045217514","0.2248605489730835"
"2383","0.21221017464995384","0.19365336000919342","0.2339111566543579","0.2135782688856125","0.1942288875579834","0.23248398303985596"
"2384","0.2103949971497059","0.19966647028923035","0.22882533073425293","0.21176648139953613","0.20022830367088318","0.2307262420654297"
"2385","0.2175222635269165","0.20376653969287872","0.23718342185020447","0.21763545647263527","0.1993725299835205","0.236121267080307"
"2386","0.20970401912927628","0.206097811460495","0.21430110931396484","0.20944815874099731","0.20659120380878448","0.21276476979255676"
"2387","0.21915409713983536","0.19959408044815063","0.23496228456497192","0.22059136256575584","0.2078491598367691","0.2333446890115738"
"2388","0.21123423799872398","0.20403990149497986","0.22235120832920074","0.2127572000026703","0.20802849531173706","0.22094807028770447"
"2389","0.21300258487462997","0.20206671953201294","0.23312678933143616","0.21306341141462326","0.2007884979248047","0.22974541783332825"
"2390","0.2038363590836525","0.19210892915725708","0.21660907566547394","0.2036392167210579","0.192532479763031","0.2112165242433548"
"2391","0.21125195547938347","0.20437070727348328","0.22079268097877502","0.2109842598438263","0.20801453292369843","0.21365323662757874"
"2392","0.20749713480472565","0.20066936314105988","0.21485276520252228","0.2094363048672676","0.20504063367843628","0.21344679594039917"
"2393","0.22253987565636635","0.21902982890605927","0.2257983386516571","0.22259438782930374","0.22055888175964355","0.2246239185333252"
"2394","0.22126590833067894","0.20466205477714539","0.2427276372909546","0.22114785015583038","0.2061021476984024","0.24130116403102875"
"2395","0.2076839804649353","0.2029203474521637","0.21296079456806183","0.20719677209854126","0.20231392979621887","0.21173231303691864"
"2396","0.2132110819220543","0.20995843410491943","0.21837706863880157","0.2139984518289566","0.20973454415798187","0.2181844562292099"
"2397","0.2259335033595562","0.2166416198015213","0.2367052137851715","0.2257973924279213","0.21306277811527252","0.23581960797309875"
"2398","0.21195808798074722","0.20183002948760986","0.225760817527771","0.21262608096003532","0.1987883448600769","0.22662875056266785"
"2400","0.21281129121780396","0.19676834344863892","0.2257474660873413","0.21354161947965622","0.1953195035457611","0.22642427682876587"
"2401","0.21188318729400635","0.19301390647888184","0.2229984700679779","0.2112998478114605","0.19351410865783691","0.2202567458152771"
"2402","0.21334019675850868","0.20023882389068604","0.22395525872707367","0.21193326637148857","0.20099325478076935","0.2243259996175766"
"2403","0.2147788517177105","0.19854488968849182","0.23341871798038483","0.21494055539369583","0.1972479671239853","0.22820959985256195"
"2404","0.21538785845041275","0.21211397647857666","0.21982194483280182","0.217616256326437","0.21255391836166382","0.2239646315574646"
"2405","0.2148364670574665","0.20500661432743073","0.22177544236183167","0.21450361609458923","0.2055770605802536","0.22083446383476257"
"2406","0.2155071198940277","0.20650169253349304","0.22541716694831848","0.21534574776887894","0.19827525317668915","0.22609227895736694"
"2407","0.2088075652718544","0.20248936116695404","0.2139131724834442","0.20854515209794044","0.2014068067073822","0.21554315090179443"
"2408","0.23197228461503983","0.2096126824617386","0.25283318758010864","0.231083732098341","0.21006108820438385","0.24660804867744446"
"2409","0.2103245109319687","0.2033873200416565","0.22147390246391296","0.2098206952214241","0.20407825708389282","0.2193828523159027"
"2410","0.21047315374016762","0.2062852680683136","0.22200578451156616","0.21029231697320938","0.1988726258277893","0.22107020020484924"
"2411","0.21649423614144325","0.2077406644821167","0.2285587042570114","0.21713535487651825","0.2091066837310791","0.22739234566688538"
"2412","0.2110336683690548","0.19713833928108215","0.2281331717967987","0.20995384454727173","0.19581325352191925","0.22846411168575287"
"2413","0.2159297615289688","0.20617122948169708","0.2302522510290146","0.21272746101021767","0.2058987021446228","0.22239188849925995"
"2414","0.21509182080626488","0.19455450773239136","0.23833680152893066","0.21361223608255386","0.1949937343597412","0.23151692748069763"
"2415","0.21702926978468895","0.2027817666530609","0.22471028566360474","0.217009287327528","0.2089456021785736","0.22005507349967957"
"2416","0.22652120515704155","0.2003713697195053","0.2500733733177185","0.22649208083748817","0.19952543079853058","0.25203606486320496"
"2417","0.21675781905651093","0.20009487867355347","0.23124244809150696","0.21644515916705132","0.20143628120422363","0.22967717051506042"
"2418","0.21419593319296837","0.2021033763885498","0.23649421334266663","0.21358967944979668","0.20082788169384003","0.23790155351161957"
"2419","0.2117399387061596","0.19913269579410553","0.2201213836669922","0.21136705204844475","0.19799241423606873","0.21889424324035645"
"2420","0.21688954904675484","0.20595112442970276","0.23292389512062073","0.2166171334683895","0.19537031650543213","0.23162218928337097"
"2421","0.21866251155734062","0.20822617411613464","0.2287614792585373","0.21744238212704659","0.20710517466068268","0.2263929545879364"
"2422","0.21105189621448517","0.20516642928123474","0.21526651084423065","0.21118219569325447","0.20395047962665558","0.21802513301372528"
"2423","0.20442233979701996","0.18884466588497162","0.21682626008987427","0.20598912239074707","0.18751037120819092","0.21662209928035736"
"2424","0.22327480092644691","0.2098788022994995","0.23234635591506958","0.22228772565722466","0.2165985405445099","0.22585996985435486"
"2425","0.21854767575860023","0.21138224005699158","0.225774347782135","0.21907185018062592","0.2119446098804474","0.22926418483257294"
"2426","0.1993616186082363","0.18767651915550232","0.2094983458518982","0.2000536508858204","0.19575069844722748","0.20844797790050507"
"2427","0.20633402094244957","0.1852409988641739","0.22479921579360962","0.20793034136295319","0.1857299506664276","0.22351402044296265"
"2428","0.20828073844313622","0.1904928982257843","0.22073382139205933","0.21122677251696587","0.19093577563762665","0.23497992753982544"
"2429","0.21544040739536285","0.1910453885793686","0.24263538420200348","0.21584134548902512","0.20097364485263824","0.24133455753326416"
"2430","0.21553653106093407","0.20908713340759277","0.21770957112312317","0.21581172570586205","0.2078503668308258","0.22496148943901062"
"2431","0.21942710131406784","0.2158937156200409","0.22323152422904968","0.2189735695719719","0.21462661027908325","0.22267821431159973"
"2432","0.211274616420269","0.19749583303928375","0.24106448888778687","0.21182939037680626","0.19751784205436707","0.23982378840446472"
"2433","0.20562753826379776","0.18241757154464722","0.2158556878566742","0.206058107316494","0.18780556321144104","0.21632298827171326"
"2434","0.21594032272696495","0.190019428730011","0.2356395125389099","0.21435368433594704","0.19034799933433533","0.23413531482219696"
"2435","0.21115927025675774","0.20236431062221527","0.2198236882686615","0.21217533573508263","0.20295682549476624","0.2184859663248062"
"2436","0.22143473848700523","0.2098219096660614","0.23169925808906555","0.2209184132516384","0.20761826634407043","0.23030604422092438"
"2437","0.21561249345541","0.19953829050064087","0.23428623378276825","0.21505074948072433","0.19877511262893677","0.23514185845851898"
"2438","0.2148648016154766","0.2100050449371338","0.22565972805023193","0.21494228765368462","0.20886702835559845","0.2217298150062561"
"2439","0.2129824534058571","0.19176967442035675","0.2286650836467743","0.21463840082287788","0.19237077236175537","0.22750426828861237"
"2440","0.20384778082370758","0.1942491978406906","0.2124200463294983","0.20466558262705803","0.1930122971534729","0.21305611729621887"
"2441","0.2243276722729206","0.20193754136562347","0.23734904825687408","0.2249644435942173","0.20084024965763092","0.23813650012016296"
"2442","0.20791950449347496","0.19721344113349915","0.2193465232849121","0.20923222973942757","0.19895018637180328","0.2237233817577362"
"2443","0.21797648444771767","0.2072039097547531","0.23810960352420807","0.21804850548505783","0.20211029052734375","0.23854678869247437"
"2444","0.20631076022982597","0.19453711807727814","0.21179057657718658","0.20692261308431625","0.19325464963912964","0.2162168323993683"
"2445","0.20558222010731697","0.18936386704444885","0.22495542466640472","0.20765193179249763","0.1898801624774933","0.22379061579704285"
"2446","0.2110273316502571","0.20279067754745483","0.2188427448272705","0.2128417119383812","0.2066153585910797","0.2176283597946167"
"2447","0.21104485541582108","0.20203277468681335","0.2275274693965912","0.21163906157016754","0.2016753852367401","0.22808557748794556"
"2448","0.21028971672058105","0.19067543745040894","0.22681689262390137","0.20833852142095566","0.1868961602449417","0.22356203198432922"
"2449","0.2020210437476635","0.1913512647151947","0.22524912655353546","0.20168329775333405","0.1909477710723877","0.22398847341537476"
"2450","0.21555861830711365","0.19895167648792267","0.2389548420906067","0.21522917598485947","0.19971689581871033","0.23723606765270233"
"2451","0.20724483579397202","0.19747526943683624","0.21503999829292297","0.2081967331469059","0.19907794892787933","0.2154117226600647"
"2452","0.22150537744164467","0.2152450829744339","0.22743093967437744","0.220925934612751","0.21581968665122986","0.2265661060810089"
"2453","0.20224596560001373","0.1951518952846527","0.2214202880859375","0.201596450060606","0.19436301290988922","0.22193515300750732"
"2454","0.19944243878126144","0.1874668002128601","0.21213579177856445","0.20019839331507683","0.18394742906093597","0.21089765429496765"
"2455","0.21487082540988922","0.19614356756210327","0.22182388603687286","0.2149452529847622","0.19669803977012634","0.22769123315811157"
"2456","0.2129005715250969","0.20179376006126404","0.23097538948059082","0.2125260829925537","0.20228756964206696","0.22292286157608032"
"2457","0.21758519113063812","0.2072075456380844","0.2277265340089798","0.21827403083443642","0.20947830379009247","0.22910594940185547"
"2458","0.20145424827933311","0.1946554332971573","0.20698201656341553","0.20161091536283493","0.1952936351299286","0.20672234892845154"
"2459","0.2223961241543293","0.21581724286079407","0.23513242602348328","0.22183367237448692","0.21651646494865417","0.23566018044948578"
"2460","0.2099776230752468","0.19707021117210388","0.22410765290260315","0.20957185700535774","0.1999714970588684","0.22452858090400696"
"2461","0.20651645213365555","0.19978977739810944","0.21387727558612823","0.20593981444835663","0.1979866325855255","0.21418170630931854"
"2462","0.2089025378227234","0.18996661901474","0.23676709830760956","0.20917009934782982","0.19063037633895874","0.23804202675819397"
"2463","0.21844710409641266","0.19540196657180786","0.23309755325317383","0.21725807711482048","0.19454516470432281","0.23166552186012268"
"2464","0.2187066711485386","0.20005246996879578","0.22768771648406982","0.22050286456942558","0.20778007805347443","0.2283671796321869"
"2465","0.21056436374783516","0.20109978318214417","0.22163502871990204","0.21025682985782623","0.20154964923858643","0.21923868358135223"
"2466","0.2151285819709301","0.2055075466632843","0.22391679883003235","0.21419969201087952","0.20589779317378998","0.2227567434310913"
"2467","0.2121773362159729","0.18962936103343964","0.22994698584079742","0.21326882019639015","0.19627615809440613","0.22802069783210754"
"2468","0.22325673326849937","0.20914307236671448","0.23010650277137756","0.22449872642755508","0.20957809686660767","0.2320050299167633"
"2470","0.2180400714278221","0.20982564985752106","0.2286929488182068","0.21648474037647247","0.20583054423332214","0.22770890593528748"
"2471","0.20931066572666168","0.19816434383392334","0.23398159444332123","0.20829128473997116","0.19693028926849365","0.23358950018882751"
"2472","0.21751076355576515","0.20075497031211853","0.23216885328292847","0.21760991588234901","0.1993899643421173","0.23459477722644806"
"2473","0.2256147600710392","0.21989145874977112","0.23733770847320557","0.22507258132100105","0.2135223150253296","0.23616454005241394"
"2474","0.21371550112962723","0.20561246573925018","0.22071827948093414","0.2122933715581894","0.20548486709594727","0.22121872007846832"
"2475","0.2106168270111084","0.1982756406068802","0.21875692903995514","0.20896706357598305","0.19740191102027893","0.22062869369983673"
"2476","0.21663876622915268","0.21292486786842346","0.2204955369234085","0.2167244888842106","0.21175670623779297","0.22177715599536896"
"2477","0.2041694037616253","0.19302168488502502","0.21770808100700378","0.20460419729351997","0.1926950216293335","0.21625931560993195"
"2478","0.2186296507716179","0.21256282925605774","0.2295287698507309","0.2183268740773201","0.20970579981803894","0.23007170855998993"
"2479","0.20702005550265312","0.18934252858161926","0.21840770542621613","0.20815599709749222","0.18974605202674866","0.2231992483139038"
"2480","0.2067297138273716","0.19940611720085144","0.21873264014720917","0.2050834521651268","0.18749459087848663","0.21927699446678162"
"2481","0.22833529487252235","0.22095341980457306","0.23727601766586304","0.22846299037337303","0.22148527204990387","0.23602008819580078"
"2482","0.21487164497375488","0.20423543453216553","0.22044634819030762","0.2163136899471283","0.20302972197532654","0.22549182176589966"
"2483","0.20327145978808403","0.19024792313575745","0.2099088430404663","0.20404313132166862","0.18326379358768463","0.21677657961845398"
"2484","0.21636389195919037","0.20836783945560455","0.22958555817604065","0.21708988398313522","0.2054470181465149","0.23015367984771729"
"2485","0.22117303311824799","0.2165958285331726","0.22882817685604095","0.22186223790049553","0.21831372380256653","0.22746197879314423"
"2486","0.20763195678591728","0.20329806208610535","0.21035991609096527","0.20703807473182678","0.2036946415901184","0.2089267373085022"
"2487","0.2270558774471283","0.2079104334115982","0.25444555282592773","0.22782690823078156","0.21391506493091583","0.25347375869750977"
"2488","0.21312977746129036","0.2083982527256012","0.22384297847747803","0.2130761854350567","0.2072741836309433","0.21963638067245483"
"2489","0.21210116147994995","0.20203635096549988","0.23386967182159424","0.2113669440150261","0.20086145401000977","0.23415473103523254"
"2490","0.20938877761363983","0.2042969912290573","0.21377839148044586","0.2095291018486023","0.20436453819274902","0.21287572383880615"
"2491","0.21084236353635788","0.2089899331331253","0.21368175745010376","0.20984390377998352","0.2078157514333725","0.2122623473405838"
"2492","0.20982972532510757","0.19792060554027557","0.22032850980758667","0.21054407581686974","0.2035098671913147","0.2186499983072281"
"2493","0.21152577176690102","0.20304997265338898","0.21930478513240814","0.21192235499620438","0.20174440741539001","0.21986906230449677"
"2494","0.21403978765010834","0.20466944575309753","0.22150427103042603","0.21470914408564568","0.20883846282958984","0.22192971408367157"
"2495","0.21343346312642097","0.20730073750019073","0.22192271053791046","0.21270545572042465","0.19596901535987854","0.231034517288208"
"2496","0.20761080086231232","0.19867178797721863","0.22131720185279846","0.2075311467051506","0.19608911871910095","0.22024744749069214"
"2497","0.21649133041501045","0.19888201355934143","0.22642463445663452","0.21777717396616936","0.19551777839660645","0.23558881878852844"
"2498","0.2195732779800892","0.21085037291049957","0.22981467843055725","0.21986177936196327","0.21093060076236725","0.2313964068889618"
"2499","0.20827823132276535","0.19105815887451172","0.21708688139915466","0.20907249301671982","0.19362972676753998","0.22084251046180725"
"2500","0.21798226237297058","0.2044585794210434","0.23984424769878387","0.21530887857079506","0.20510444045066833","0.2300514578819275"
"2501","0.20713568106293678","0.1943071484565735","0.2148391157388687","0.20775539800524712","0.19300004839897156","0.21548143029212952"
"2502","0.21122289448976517","0.1951228231191635","0.22773800790309906","0.21000034734606743","0.19395367801189423","0.22208914160728455"
"2503","0.20463525876402855","0.1810932457447052","0.21999596059322357","0.20433806627988815","0.18154503405094147","0.22248657047748566"
"2504","0.23040879890322685","0.21787980198860168","0.23606176674365997","0.22844360023736954","0.21654793620109558","0.23489907383918762"
"2505","0.20564714074134827","0.19235825538635254","0.2158842235803604","0.20354032143950462","0.18490925431251526","0.21446649730205536"
"2506","0.20521916821599007","0.19637258350849152","0.2148461639881134","0.20478810742497444","0.19693654775619507","0.21449843049049377"
"2507","0.20728188008069992","0.1910291314125061","0.22584059834480286","0.20933861285448074","0.1916096955537796","0.2245808243751526"
"2508","0.21288612484931946","0.20816943049430847","0.21851477026939392","0.2148386538028717","0.20871742069721222","0.22802603244781494"
"2509","0.21625102311372757","0.2049281895160675","0.22947421669960022","0.21467065811157227","0.2048671990633011","0.22825263440608978"
"2510","0.2046106643974781","0.19572308659553528","0.21889621019363403","0.20371073484420776","0.19452573359012604","0.21882089972496033"
"2511","0.21390687301754951","0.18610844016075134","0.24153757095336914","0.2146712876856327","0.19301144778728485","0.24022340774536133"
"2512","0.21093283221125603","0.18968354165554047","0.2223031222820282","0.2106553167104721","0.19768202304840088","0.22277715802192688"
"2513","0.21533330529928207","0.19682526588439941","0.22318600118160248","0.2157653197646141","0.1972789764404297","0.23097172379493713"
"2514","0.2072460576891899","0.19397097826004028","0.2184126377105713","0.20718273892998695","0.1929316371679306","0.22054797410964966"
"2515","0.21506625413894653","0.20373807847499847","0.23353338241577148","0.21711773425340652","0.2026021033525467","0.23209154605865479"
"2516","0.2239103727042675","0.21115732192993164","0.23250526189804077","0.22251883521676064","0.21466995775699615","0.23112811148166656"
"2517","0.2058226354420185","0.19427593052387238","0.22025015950202942","0.20432287827134132","0.19318628311157227","0.21841761469841003"
"2518","0.21453974023461342","0.20609623193740845","0.22580939531326294","0.21411876007914543","0.20789924263954163","0.21934624016284943"
"2519","0.21871639043092728","0.2101055085659027","0.23316064476966858","0.2167832888662815","0.1955409049987793","0.23162361979484558"
"2520","0.22259271889925003","0.20685459673404694","0.23293083906173706","0.22187001630663872","0.21117877960205078","0.2316557914018631"
"2521","0.21131407096982002","0.2038440704345703","0.21811091899871826","0.21082205325365067","0.20250160992145538","0.21498002111911774"
"2522","0.20411540195345879","0.19932760298252106","0.20877227187156677","0.20382211729884148","0.19818496704101562","0.20986789464950562"
"2523","0.20931296423077583","0.2006136178970337","0.2143138349056244","0.20825916901230812","0.19741711020469666","0.2141483724117279"
"2524","0.2200007252395153","0.2039710432291031","0.23607531189918518","0.21786218136548996","0.20286065340042114","0.2327791452407837"
"2525","0.20888235047459602","0.19930660724639893","0.22912554442882538","0.2074030637741089","0.1979759782552719","0.2261846363544464"
"2526","0.2267502211034298","0.21801099181175232","0.23627996444702148","0.2259378582239151","0.21370968222618103","0.23477484285831451"
"2527","0.20260627567768097","0.18540817499160767","0.21623893082141876","0.20406116545200348","0.18965749442577362","0.21662598848342896"
"2528","0.2109559141099453","0.19821196794509888","0.21719831228256226","0.21070974320173264","0.19682365655899048","0.22090113162994385"
"2529","0.211150661110878","0.1982615888118744","0.2231467068195343","0.21088630333542824","0.19868484139442444","0.22190141677856445"
"2530","0.20507284626364708","0.20101188123226166","0.21164953708648682","0.20443091914057732","0.1991831362247467","0.21041852235794067"
"2531","0.21889173984527588","0.2119438350200653","0.22178521752357483","0.21631452068686485","0.21070876717567444","0.22156313061714172"
"2532","0.21216001734137535","0.19681885838508606","0.22175195813179016","0.21099406480789185","0.19531385600566864","0.22232238948345184"
"2533","0.20805422589182854","0.1939534842967987","0.22602634131908417","0.2081887274980545","0.1977764368057251","0.22335690259933472"
"2534","0.21505730971693993","0.2032955139875412","0.2275019884109497","0.21274645999073982","0.2038620263338089","0.21854832768440247"
"2535","0.2080088034272194","0.19745036959648132","0.21664784848690033","0.2070332020521164","0.19823333621025085","0.2183476686477661"
"2536","0.21473992243409157","0.19822995364665985","0.22344131767749786","0.2139497697353363","0.20034193992614746","0.22383873164653778"
"2537","0.20539451763033867","0.20210392773151398","0.21003195643424988","0.2050742357969284","0.2025960087776184","0.20882248878479004"
"2538","0.20618146285414696","0.19155266880989075","0.2157001793384552","0.20737716183066368","0.200039803981781","0.2144441157579422"
"2540","0.21331928297877312","0.20332835614681244","0.22417885065078735","0.21292954683303833","0.2065359652042389","0.22277846932411194"
"2541","0.21239231899380684","0.2101520597934723","0.21693651378154755","0.21230494230985641","0.209672212600708","0.21735335886478424"
"2542","0.19717155769467354","0.18862158060073853","0.20021550357341766","0.19672302529215813","0.1874733567237854","0.20350974798202515"
"2543","0.21518123522400856","0.20779576897621155","0.22012749314308167","0.21643327921628952","0.20661547780036926","0.22369611263275146"
"2544","0.19967368617653847","0.18351514637470245","0.21182209253311157","0.198553416877985","0.1821753978729248","0.2146410346031189"
"2545","0.22867846488952637","0.22128599882125854","0.2359888106584549","0.2289600931107998","0.22185388207435608","0.2347375899553299"
"2546","0.21483620628714561","0.19903798401355743","0.24466437101364136","0.21426331996917725","0.19964756071567535","0.23531025648117065"
"2547","0.2094557210803032","0.19681359827518463","0.21588948369026184","0.20840614289045334","0.20014823973178864","0.21637703478336334"
"2548","0.21466197445988655","0.19890084862709045","0.23733879625797272","0.21526900306344032","0.20590125024318695","0.22677353024482727"
"2549","0.2146156094968319","0.20077960193157196","0.22852522134780884","0.21312221512198448","0.1971026062965393","0.22917571663856506"
"2550","0.20596250891685486","0.20088757574558258","0.21701671183109283","0.20741839334368706","0.19958390295505524","0.21878039836883545"
"2551","0.21626917272806168","0.2117423713207245","0.21907882392406464","0.21546868979930878","0.21054793894290924","0.21880312263965607"
"2552","0.2017228677868843","0.18895463645458221","0.2094229906797409","0.20046725496649742","0.18794694542884827","0.21760247647762299"
"2553","0.21686265245079994","0.20363076031208038","0.22494781017303467","0.21646429598331451","0.20235833525657654","0.22184237837791443"
"2554","0.20428819954395294","0.19174082577228546","0.21238873898983002","0.2042066492140293","0.19638186693191528","0.2112399786710739"
"2555","0.22304240614175797","0.20947790145874023","0.23923012614250183","0.22049766406416893","0.21026617288589478","0.2295341044664383"
"2556","0.2209729366004467","0.20540699362754822","0.23809471726417542","0.23082005605101585","0.20476308465003967","0.26081493496894836"
"2557","0.21195418015122414","0.2042369246482849","0.2207152247428894","0.21164214611053467","0.20008476078510284","0.22116000950336456"
"2558","0.20960282534360886","0.1909637153148651","0.22120818495750427","0.21009796485304832","0.18962907791137695","0.22170375287532806"
"2559","0.2198517993092537","0.20318453013896942","0.2310134917497635","0.22035261243581772","0.21017712354660034","0.22721430659294128"
"2560","0.2032768614590168","0.18615815043449402","0.21602213382720947","0.20264249294996262","0.18150970339775085","0.21480664610862732"
"2561","0.2189120464026928","0.20901989936828613","0.23272037506103516","0.2172764502465725","0.2086641639471054","0.23148797452449799"
"2562","0.207986019551754","0.19804203510284424","0.2151290774345398","0.20817191526293755","0.1972048133611679","0.216573104262352"
"2563","0.20638084039092064","0.19247479736804962","0.21521155536174774","0.20552163571119308","0.19291754066944122","0.21398329734802246"
"2564","0.20676646754145622","0.18727213144302368","0.22738134860992432","0.20626016706228256","0.18605658411979675","0.2217921018600464"
"2565","0.2082674279808998","0.1942005753517151","0.2301284670829773","0.20886392891407013","0.19293443858623505","0.22651726007461548"
"2566","0.21807658299803734","0.2117801159620285","0.2277805209159851","0.21785540133714676","0.21153217554092407","0.22828659415245056"
"2567","0.2133042849600315","0.20245037972927094","0.23270681500434875","0.21171273663640022","0.20128479599952698","0.22335684299468994"
"2568","0.22180923074483871","0.20003871619701385","0.2328493595123291","0.22211778908967972","0.20601114630699158","0.2293076068162918"
"2569","0.2127324417233467","0.2013757824897766","0.23714542388916016","0.21188026666641235","0.1961531788110733","0.23951493203639984"
"2570","0.2094511091709137","0.19770565629005432","0.21893125772476196","0.21013646572828293","0.2019391655921936","0.21777544915676117"
"2571","0.19862763583660126","0.187157541513443","0.20603418350219727","0.19944556057453156","0.1860809028148651","0.20669645071029663"
"2572","0.21497293189167976","0.21051031351089478","0.22286772727966309","0.21525872498750687","0.2092151939868927","0.2233727127313614"
"2573","0.21052219346165657","0.2044072449207306","0.2158759981393814","0.2105935588479042","0.19657272100448608","0.21801535785198212"
"2574","0.2080511413514614","0.20308127999305725","0.21719756722450256","0.20741749927401543","0.2029009610414505","0.22018612921237946"
"2575","0.2138371802866459","0.20723748207092285","0.21929931640625","0.2153659649193287","0.21014223992824554","0.21982577443122864"
"2576","0.22134250402450562","0.20060230791568756","0.2309911549091339","0.22118743881583214","0.199409618973732","0.2315928041934967"
"2577","0.19708393514156342","0.18836897611618042","0.2034962773323059","0.19542765617370605","0.18844301998615265","0.2000582069158554"
"2578","0.20509123057127","0.1920272707939148","0.21443712711334229","0.20566799491643906","0.19100716710090637","0.21591053903102875"
"2579","0.2133323960006237","0.19135142862796783","0.23018263280391693","0.21262555196881294","0.1946072280406952","0.2288074493408203"
"2580","0.2203226499259472","0.2053351253271103","0.23707172274589539","0.21973826736211777","0.20773431658744812","0.23308175802230835"
"2581","0.2120235674083233","0.20547831058502197","0.22386634349822998","0.21200737357139587","0.20810014009475708","0.22259679436683655"
"2582","0.20381200313568115","0.18489371240139008","0.2218601554632187","0.20394645258784294","0.18546077609062195","0.2205600142478943"
"2583","0.2018822282552719","0.18957999348640442","0.20900020003318787","0.20168080925941467","0.19209502637386322","0.20765529572963715"
"2584","0.20364899560809135","0.18878528475761414","0.22092124819755554","0.2035938762128353","0.18907147645950317","0.21949881315231323"
"2585","0.20954417809844017","0.20128127932548523","0.22671204805374146","0.20729511976242065","0.19432975351810455","0.22544719278812408"
"2586","0.20172307267785072","0.19281215965747833","0.20850993692874908","0.20120403170585632","0.1927890181541443","0.20710334181785583"
"2587","0.198115523904562","0.18502575159072876","0.2077363133430481","0.1964186355471611","0.18387159705162048","0.20858867466449738"
"2588","0.2204454354941845","0.19991013407707214","0.23630940914154053","0.2204676866531372","0.20683658123016357","0.2299318164587021"
"2589","0.22410183772444725","0.21409189701080322","0.23149386048316956","0.22479112446308136","0.22157594561576843","0.23006859421730042"
"2590","0.21324016153812408","0.20198211073875427","0.21887215971946716","0.21351102367043495","0.2039128988981247","0.21851837635040283"
"2591","0.2068096287548542","0.19121655821800232","0.21438996493816376","0.2059520073235035","0.19013221561908722","0.21468669176101685"
"2592","0.20999078825116158","0.19358812272548676","0.2240545153617859","0.21034592017531395","0.18707811832427979","0.23308509588241577"
"2593","0.20604722574353218","0.20253035426139832","0.21316254138946533","0.204380352050066","0.20254530012607574","0.20713654160499573"
"2594","0.20119113102555275","0.18725290894508362","0.22494198381900787","0.20049645379185677","0.1875724494457245","0.2120635211467743"
"2595","0.2112494483590126","0.2060217261314392","0.21599724888801575","0.21086668223142624","0.2069602906703949","0.21469970047473907"
"2596","0.2132093757390976","0.20043714344501495","0.23022626340389252","0.2130613699555397","0.19901326298713684","0.23194220662117004"
"2597","0.2147800661623478","0.20609208941459656","0.22448033094406128","0.2151082493364811","0.20499764382839203","0.2213817536830902"
"2598","0.21682622656226158","0.2024381011724472","0.24211464822292328","0.21592271327972412","0.19944113492965698","0.2427152693271637"
"2599","0.2025197446346283","0.18974700570106506","0.21790748834609985","0.2011689618229866","0.188542902469635","0.21011584997177124"
"2600","0.21087634190917015","0.19873394072055817","0.22060339152812958","0.21114414930343628","0.20342302322387695","0.21760937571525574"
"2601","0.209173746407032","0.2028077095746994","0.21578313410282135","0.20878372713923454","0.20348578691482544","0.2143690586090088"
"2602","0.20096298679709435","0.19365769624710083","0.20406340062618256","0.20115317404270172","0.1987294852733612","0.20345839858055115"
"2603","0.20698124915361404","0.19497793912887573","0.2138330191373825","0.20651797205209732","0.19378888607025146","0.21858376264572144"
"2604","0.20825452357530594","0.20141386985778809","0.2148050218820572","0.20635076612234116","0.20126283168792725","0.21212588250637054"
"2605","0.21177222952246666","0.2014569640159607","0.22922977805137634","0.2107994630932808","0.19036883115768433","0.22991351783275604"
"2606","0.2124929539859295","0.190603569149971","0.2247467339038849","0.2116491161286831","0.18799549341201782","0.22339174151420593"
"2607","0.20694158226251602","0.20445382595062256","0.2106846123933792","0.206206064671278","0.204987034201622","0.2073667049407959"
"2608","0.19823850691318512","0.19190305471420288","0.20174162089824677","0.1975705325603485","0.18967367708683014","0.2021697610616684"
"2609","0.20778686553239822","0.1952020227909088","0.23054176568984985","0.20722702518105507","0.19733691215515137","0.22694170475006104"
"2610","0.21083416789770126","0.20503635704517365","0.2201155126094818","0.2102545164525509","0.19974872469902039","0.22049182653427124"
"2611","0.21270275115966797","0.20402027666568756","0.22175180912017822","0.21250376105308533","0.20240545272827148","0.2223338782787323"
"2612","0.20701029524207115","0.19523173570632935","0.223880797624588","0.20571544021368027","0.1957074999809265","0.22054603695869446"
"2613","0.2188940830528736","0.20728254318237305","0.22346413135528564","0.22828037291765213","0.22024759650230408","0.24072934687137604"
"2614","0.2069411650300026","0.18882215023040771","0.2264762669801712","0.20816822350025177","0.18926489353179932","0.22389931976795197"
"2615","0.21954310312867165","0.20877082645893097","0.231237530708313","0.22101614251732826","0.2156158685684204","0.22996337711811066"
"2616","0.20582623034715652","0.1908896118402481","0.2198179066181183","0.2047954946756363","0.1914103478193283","0.21853506565093994"
"2617","0.20685003697872162","0.1918988972902298","0.22842231392860413","0.2052464485168457","0.19244606792926788","0.21825844049453735"
"2618","0.21478347852826118","0.20566651225090027","0.22876086831092834","0.21443131566047668","0.20585587620735168","0.2272905558347702"
"2619","0.20885714516043663","0.1927931010723114","0.22350715100765228","0.20940642058849335","0.19318249821662903","0.22263029217720032"
"2620","0.20928481221199036","0.19269362092018127","0.2175283432006836","0.20781849697232246","0.19327671825885773","0.21650545299053192"
"2621","0.2027980461716652","0.18374289572238922","0.21363312005996704","0.20147602260112762","0.18419867753982544","0.21301132440567017"
"2622","0.21435432881116867","0.2104741334915161","0.2235599160194397","0.2144484557211399","0.20632877945899963","0.22227606177330017"
"2623","0.21971752867102623","0.205550879240036","0.23120875656604767","0.22019778192043304","0.20416773855686188","0.23597151041030884"
"2624","0.21900814771652222","0.20883622765541077","0.23156622052192688","0.21850141137838364","0.20741704106330872","0.23205196857452393"
"2625","0.21291618049144745","0.19735702872276306","0.22266626358032227","0.21150152012705803","0.18912947177886963","0.2231282889842987"
"2626","0.20926956087350845","0.201138436794281","0.22377362847328186","0.2091463878750801","0.19929710030555725","0.22423896193504333"
"2627","0.20201313123106956","0.19766314327716827","0.20442619919776917","0.20081954449415207","0.19589948654174805","0.2060939371585846"
"2628","0.21559876948595047","0.20641277730464935","0.22690686583518982","0.21600881963968277","0.210346519947052","0.22550374269485474"
"2629","0.2099650427699089","0.19693253934383392","0.2212028056383133","0.20944807305932045","0.19568794965744019","0.221828430891037"
"2630","0.21245459094643593","0.2056693285703659","0.22099915146827698","0.21192676201462746","0.20822171866893768","0.21971341967582703"
"2631","0.2185898758471012","0.21247555315494537","0.22966593503952026","0.21987639367580414","0.2123139202594757","0.2301638126373291"
"2633","0.21354909241199493","0.20246070623397827","0.2257600724697113","0.2146964743733406","0.2076198011636734","0.2244422733783722"
"2634","0.20833903551101685","0.2025170624256134","0.21432378888130188","0.2092948667705059","0.20472446084022522","0.21522411704063416"
"2635","0.2031206712126732","0.18458127975463867","0.22732743620872498","0.20226485282182693","0.18374043703079224","0.22795012593269348"
"2636","0.2084675319492817","0.20430654287338257","0.21481433510780334","0.20798635855317116","0.20395058393478394","0.21782226860523224"
"2637","0.21328593418002129","0.194312185049057","0.23764723539352417","0.21355609595775604","0.1956007480621338","0.23819562792778015"
"2638","0.2216651476919651","0.20856249332427979","0.22814035415649414","0.22063008695840836","0.2095092087984085","0.2269267588853836"
"2639","0.21037614718079567","0.20295822620391846","0.21396377682685852","0.21058638766407967","0.20350541174411774","0.21804995834827423"
"2640","0.20733590424060822","0.20282801985740662","0.21873727440834045","0.20734726265072823","0.20213758945465088","0.21811389923095703"
"2641","0.20085455104708672","0.18685293197631836","0.2148047238588333","0.20133420452475548","0.18720883131027222","0.22334250807762146"
"2642","0.19835740700364113","0.1897396594285965","0.20488157868385315","0.19871871545910835","0.19014976918697357","0.20538443326950073"
"2643","0.20501045510172844","0.18697679042816162","0.2159254252910614","0.20400643721222878","0.18575656414031982","0.2155945897102356"
"2644","0.2150001898407936","0.2042005956172943","0.22703152894973755","0.21551210433244705","0.20246008038520813","0.22754420340061188"
"2645","0.20513639971613884","0.18254610896110535","0.2258264124393463","0.20483918115496635","0.18290647864341736","0.2223609983921051"
"2646","0.21165870130062103","0.18885919451713562","0.2379857897758484","0.21059759706258774","0.189350426197052","0.23499345779418945"
"2647","0.2012975811958313","0.18423137068748474","0.2124619036912918","0.20017444714903831","0.1915469467639923","0.21291334927082062"
"2648","0.2194950319826603","0.2022731900215149","0.23576495051383972","0.21877280622720718","0.20278960466384888","0.23421728610992432"
"2649","0.21771977096796036","0.2045455425977707","0.22772766649723053","0.21898682415485382","0.20519360899925232","0.22758735716342926"
"2650","0.20821994543075562","0.19234170019626617","0.2186874896287918","0.20803417265415192","0.19117599725723267","0.21930555999279022"
"2651","0.22092242538928986","0.21229979395866394","0.22838138043880463","0.2203860804438591","0.21071332693099976","0.22691480815410614"
"2652","0.2063952498137951","0.19586391746997833","0.217031329870224","0.20614705234766006","0.19725120067596436","0.21576035022735596"
"2653","0.20663252845406532","0.1914740353822708","0.22504910826683044","0.20563409477472305","0.18482694029808044","0.22358283400535583"
"2654","0.20868253335356712","0.20195361971855164","0.21736986935138702","0.20773571729660034","0.19786500930786133","0.2161826342344284"
"2655","0.20425530150532722","0.19489118456840515","0.20868384838104248","0.20491883158683777","0.19453822076320648","0.2108691930770874"
"2656","0.2045036517083645","0.19394780695438385","0.21355606615543365","0.204445019364357","0.1928335428237915","0.21408206224441528"
"2657","0.2115425430238247","0.2025253176689148","0.23060837388038635","0.2110154777765274","0.19870835542678833","0.23099550604820251"
"2658","0.21276629716157913","0.19196568429470062","0.22944587469100952","0.21321220695972443","0.19675379991531372","0.22998759150505066"
"2659","0.21298791468143463","0.2076120376586914","0.2182835042476654","0.2133520357310772","0.20490625500679016","0.21714776754379272"
"2660","0.2178949899971485","0.19242961704730988","0.2613660991191864","0.2185332030057907","0.18935982882976532","0.26225408911705017"
"2661","0.22559764236211777","0.21685472130775452","0.23174603283405304","0.2241438739001751","0.21324655413627625","0.23045174777507782"
"2662","0.20642831176519394","0.18951882421970367","0.22084936499595642","0.20670627430081367","0.1883019506931305","0.22150319814682007"
"2663","0.1968512237071991","0.18788392841815948","0.21475893259048462","0.19647537171840668","0.1884615272283554","0.2103056162595749"
"2664","0.20847762003540993","0.199813574552536","0.21816328167915344","0.2068716436624527","0.19052919745445251","0.21697676181793213"
"2665","0.2095678672194481","0.1937258541584015","0.2204560935497284","0.20805465802550316","0.18856069445610046","0.22037586569786072"
"2666","0.20336715131998062","0.19662612676620483","0.2117013931274414","0.20496728271245956","0.19719184935092926","0.21577218174934387"
"2667","0.21168145164847374","0.20421528816223145","0.2202402651309967","0.2116849459707737","0.20384100079536438","0.22143355011940002"
"2668","0.20636852830648422","0.19149212539196014","0.21661898493766785","0.2060760222375393","0.18674184381961823","0.22097334265708923"
"2669","0.20688382536172867","0.19765356183052063","0.21988801658153534","0.21972427517175674","0.19878627359867096","0.25343725085258484"
"2670","0.20600081980228424","0.19225531816482544","0.21882040798664093","0.20675139874219894","0.19273993372917175","0.21750378608703613"
"2671","0.20001103356480598","0.19029176235198975","0.21446114778518677","0.1978146806359291","0.1828775405883789","0.21283677220344543"
"2672","0.20720675215125084","0.20309728384017944","0.21424433588981628","0.20727389678359032","0.2042953372001648","0.21317541599273682"
"2673","0.21426259353756905","0.20527014136314392","0.23156403005123138","0.2143252156674862","0.20606729388237","0.23205465078353882"
"2674","0.21820535138249397","0.20510932803153992","0.2379152625799179","0.21926895529031754","0.20940521359443665","0.23855823278427124"
"2675","0.20583979412913322","0.1993788480758667","0.21098658442497253","0.20536775887012482","0.20114824175834656","0.20970182120800018"
"2676","0.21673835813999176","0.20950865745544434","0.2235426902770996","0.2178976722061634","0.20983392000198364","0.22632700204849243"
"2677","0.2054746150970459","0.18585997819900513","0.22894777357578278","0.20621606335043907","0.19385546445846558","0.22770577669143677"
"2678","0.19993241503834724","0.18311671912670135","0.21529589593410492","0.20029038563370705","0.18656378984451294","0.21561917662620544"
"2679","0.20975862443447113","0.20657342672348022","0.21144261956214905","0.20996184274554253","0.20537172257900238","0.21290448307991028"
"2680","0.20604682341217995","0.19753819704055786","0.2163344919681549","0.20540714636445045","0.18648579716682434","0.215069979429245"
"2681","0.20867020264267921","0.1926979124546051","0.22577257454395294","0.20893162488937378","0.19246509671211243","0.2262769490480423"
"2682","0.20667008310556412","0.20024842023849487","0.21861456334590912","0.20473407208919525","0.19826334714889526","0.21732255816459656"
"2683","0.21874909475445747","0.20773199200630188","0.22962979972362518","0.2186133787035942","0.2063656598329544","0.23026056587696075"
"2684","0.20050900056958199","0.187920480966568","0.21742144227027893","0.20084617286920547","0.18645009398460388","0.2160969078540802"
"2685","0.21756835654377937","0.20205877721309662","0.23324620723724365","0.21652445197105408","0.21163642406463623","0.22029107809066772"
"2686","0.20839202404022217","0.1973978579044342","0.2310587465763092","0.2078997939825058","0.19727489352226257","0.22968214750289917"
"2687","0.21518993750214577","0.21287107467651367","0.21956098079681396","0.21484870463609695","0.21312373876571655","0.21812009811401367"
"2688","0.20160570368170738","0.19247466325759888","0.2155669927597046","0.20121602714061737","0.19170700013637543","0.21425794064998627"
"2689","0.2092112936079502","0.19975505769252777","0.217588409781456","0.2086022086441517","0.20010678470134735","0.21637699007987976"
"2690","0.20634644478559494","0.18577928841114044","0.220436692237854","0.2051076963543892","0.1959766298532486","0.21922515332698822"
"2691","0.21517443284392357","0.20098865032196045","0.23204126954078674","0.21408158168196678","0.20469731092453003","0.2247147560119629"
"2692","0.20854991674423218","0.19191518425941467","0.22208935022354126","0.20809820294380188","0.194955974817276","0.22265660762786865"
"2693","0.21033954620361328","0.19948710501194","0.22194036841392517","0.21160869672894478","0.20534178614616394","0.222480908036232"
"2694","0.20897531509399414","0.194134920835495","0.21810680627822876","0.20819250494241714","0.19476982951164246","0.21669241786003113"
"2695","0.2055799663066864","0.1904297024011612","0.2176748365163803","0.20487885922193527","0.19100302457809448","0.2190461903810501"
"2696","0.20902828499674797","0.19186337292194366","0.23874986171722412","0.2096262387931347","0.19232118129730225","0.23824524879455566"
"2697","0.20190316811203957","0.19298918545246124","0.2148415893316269","0.20303931832313538","0.191206693649292","0.21531519293785095"
"2698","0.2121397629380226","0.2006976455450058","0.23160362243652344","0.21248454228043556","0.20134642720222473","0.2292063683271408"
"2699","0.21645068004727364","0.20173922181129456","0.22261717915534973","0.21537555381655693","0.2024417221546173","0.2206452339887619"
"2700","0.217593964189291","0.20589953660964966","0.24238571524620056","0.2190462276339531","0.20422354340553284","0.24292367696762085"
"2701","0.20320963487029076","0.18939895927906036","0.2122231423854828","0.20403148978948593","0.19626876711845398","0.2109641432762146"
"2703","0.2043633721768856","0.19237472116947174","0.22228369116783142","0.20430151373147964","0.1903044879436493","0.22106751799583435"
"2704","0.21416298300027847","0.20460522174835205","0.22424887120723724","0.21393251046538353","0.20464324951171875","0.2229825258255005"
"2705","0.2142602503299713","0.19814270734786987","0.22981995344161987","0.21340183541178703","0.19870996475219727","0.2267582267522812"
"2706","0.21180318668484688","0.1853630095720291","0.23115628957748413","0.21147188171744347","0.18887488543987274","0.2300707995891571"
"2707","0.19573060795664787","0.17234763503074646","0.21216145157814026","0.19529154896736145","0.17813947796821594","0.2108093947172165"
"2708","0.21186001226305962","0.20316773653030396","0.22017449140548706","0.2121892236173153","0.2036670446395874","0.2198982536792755"
"2709","0.2141929194331169","0.2014138102531433","0.22477304935455322","0.21390916779637337","0.19504353404045105","0.2309483289718628"
"2710","0.21383370459079742","0.1957782506942749","0.2397221326828003","0.212528295814991","0.20062050223350525","0.230594664812088"
"2711","0.20287491008639336","0.19227996468544006","0.21341757476329803","0.20321385189890862","0.19277656078338623","0.21222776174545288"
"2712","0.21054499968886375","0.20745506882667542","0.2143094837665558","0.21147285029292107","0.20776408910751343","0.2132193148136139"
"2713","0.2165510319173336","0.20520827174186707","0.23083963990211487","0.21529513970017433","0.20565249025821686","0.22950385510921478"
"2714","0.21165457740426064","0.19197165966033936","0.23670963943004608","0.21168731525540352","0.19683197140693665","0.2373294234275818"
"2715","0.20722512528300285","0.19526122510433197","0.21800856292247772","0.20867367833852768","0.1957763135433197","0.21874108910560608"
"2716","0.21178587153553963","0.19167502224445343","0.23192641139030457","0.21178541705012321","0.1922254115343094","0.23015844821929932"
"2717","0.20360635966062546","0.19502557814121246","0.2106567770242691","0.20331058651208878","0.18653082847595215","0.21118107438087463"
"2718","0.2079997956752777","0.20258869230747223","0.2117469608783722","0.2078915350139141","0.20135405659675598","0.21557609736919403"
"2719","0.20208029821515083","0.1892395317554474","0.21213950216770172","0.20193172618746758","0.1895105242729187","0.2119394689798355"
"2720","0.2149539329111576","0.19768361747264862","0.22587674856185913","0.21556541696190834","0.19628386199474335","0.22664594650268555"
"2721","0.20728370547294617","0.1954801231622696","0.22958065569400787","0.20722531527280807","0.1959635615348816","0.22892796993255615"
"2722","0.2055412009358406","0.20044678449630737","0.20997929573059082","0.2058287262916565","0.19319503009319305","0.21875357627868652"
"2723","0.20991246029734612","0.2023373693227768","0.2169748842716217","0.20894935354590416","0.20300601422786713","0.2166125774383545"
"2724","0.20368409901857376","0.1899843066930771","0.22979424893856049","0.2023436725139618","0.18448710441589355","0.2285706102848053"
"2725","0.20710105448961258","0.19057537615299225","0.22517742216587067","0.20727013796567917","0.19097042083740234","0.2243901938199997"
"2726","0.204477209597826","0.19239793717861176","0.2156696319580078","0.20462531223893166","0.19136522710323334","0.21500876545906067"
"2727","0.2079615779221058","0.18947240710258484","0.23058530688285828","0.20913347229361534","0.1864173710346222","0.22942909598350525"
"2728","0.20625309646129608","0.1819203943014145","0.22130513191223145","0.20556741580367088","0.18265536427497864","0.22559109330177307"
"2729","0.20743359252810478","0.1999809294939041","0.22211718559265137","0.20702476054430008","0.19692040979862213","0.2224685251712799"
"2730","0.2093573696911335","0.1998102366924286","0.22056639194488525","0.20810028910636902","0.20074735581874847","0.21589398384094238"
"2731","0.21107011288404465","0.20299431681632996","0.21624892950057983","0.21089860796928406","0.2035895138978958","0.21572521328926086"
"2732","0.2128918580710888","0.19209197163581848","0.22162334620952606","0.2130691297352314","0.2031354010105133","0.21933196485042572"
"2733","0.20780861377716064","0.19989758729934692","0.21483835577964783","0.2080162763595581","0.20202621817588806","0.2135332077741623"
"2734","0.2017543613910675","0.19644097983837128","0.21218092739582062","0.2038603499531746","0.19648225605487823","0.22069799900054932"
"2735","0.21813178062438965","0.2066473662853241","0.24374690651893616","0.21748808398842812","0.19798140227794647","0.2425599843263626"
"2736","0.20863991975784302","0.2007901966571808","0.21772629022598267","0.20997054502367973","0.20131385326385498","0.2206173539161682"
"2737","0.2044723480939865","0.1922188550233841","0.21409966051578522","0.20472276955842972","0.19273866713047028","0.2134716510772705"
"2738","0.21414291858673096","0.18947003781795502","0.22785964608192444","0.21172619611024857","0.1803329735994339","0.22836053371429443"
"2739","0.20794179290533066","0.19824528694152832","0.22071215510368347","0.2078777216374874","0.1970376968383789","0.22391466796398163"
"2740","0.20414644107222557","0.19191718101501465","0.2275780290365219","0.20384471490979195","0.19241592288017273","0.22252845764160156"
"2741","0.21343430131673813","0.20644165575504303","0.21843823790550232","0.21583234518766403","0.21075135469436646","0.22299718856811523"
"2742","0.20489126816391945","0.1868688017129898","0.21856200695037842","0.20459824427962303","0.18738232553005219","0.21273650228977203"
"2743","0.21373650059103966","0.20259207487106323","0.23178242146968842","0.21374088525772095","0.2084960639476776","0.22493064403533936"
"2744","0.2090303748846054","0.20014670491218567","0.2248188853263855","0.20831011608242989","0.19553746283054352","0.22729752957820892"
"2745","0.21419592201709747","0.19715115427970886","0.22808152437210083","0.21383463963866234","0.200800359249115","0.22352054715156555"
"2746","0.21191370859742165","0.20193955302238464","0.2250225841999054","0.21279975026845932","0.20067104697227478","0.2256281077861786"
"2747","0.20951974019408226","0.2055303305387497","0.21690234541893005","0.21060149744153023","0.20323601365089417","0.2175167202949524"
"2748","0.20432928204536438","0.1932724416255951","0.223159521818161","0.20471083000302315","0.1919896900653839","0.21738438308238983"
"2749","0.21571199595928192","0.20549970865249634","0.22720840573310852","0.21536017581820488","0.2060612142086029","0.2276836335659027"
"2750","0.20432063564658165","0.1950627565383911","0.21374349296092987","0.2046889029443264","0.19646146893501282","0.21456250548362732"
"2751","0.21794481575489044","0.20457011461257935","0.22994856536388397","0.21899821609258652","0.20877939462661743","0.23029549419879913"
"2752","0.20866671949625015","0.19704057276248932","0.21905210614204407","0.2080853432416916","0.20467644929885864","0.2130299210548401"
"2753","0.2109280861914158","0.20721843838691711","0.21589678525924683","0.21099955588579178","0.20764724910259247","0.2143920361995697"
"2754","0.21386665478348732","0.2094593644142151","0.22291208803653717","0.21281743049621582","0.20910678803920746","0.2199193239212036"
"2755","0.20118245482444763","0.18855851888656616","0.21514028310775757","0.20185032114386559","0.18598535656929016","0.21490703523159027"
"2756","0.20420751720666885","0.19658918678760529","0.21139876544475555","0.20533423498272896","0.199112206697464","0.2098218947649002"
"2757","0.2122766263782978","0.2054174393415451","0.22163979709148407","0.21255266666412354","0.20660938322544098","0.21759170293807983"
"2758","0.206864595413208","0.19267816841602325","0.21778008341789246","0.20670214295387268","0.1932077407836914","0.21702808141708374"
"2759","0.21122537925839424","0.2057819664478302","0.21741539239883423","0.21172573417425156","0.20020844042301178","0.21798956394195557"
"2760","0.20495563745498657","0.1852327287197113","0.2303600013256073","0.20434154942631721","0.18568849563598633","0.22639960050582886"
"2761","0.2202058732509613","0.20132139325141907","0.26607248187065125","0.22040818259119987","0.20107749104499817","0.2646619379520416"
"2762","0.20734117180109024","0.1843465268611908","0.21630574762821198","0.20637867227196693","0.1832190454006195","0.21732626855373383"
"2763","0.20263025909662247","0.1971074938774109","0.21122899651527405","0.20123280584812164","0.19588489830493927","0.20704732835292816"
"2764","0.20422891899943352","0.19320911169052124","0.22303824126720428","0.203635323792696","0.19389459490776062","0.22176651656627655"
"2765","0.21036962792277336","0.20104096829891205","0.219648540019989","0.2088155262172222","0.19995054602622986","0.22025901079177856"
"2766","0.2061607390642166","0.19942553341388702","0.22474795579910278","0.20647500455379486","0.19811756908893585","0.21697406470775604"
"2767","0.20058880746364594","0.18174144625663757","0.20922303199768066","0.20094804465770721","0.1805099993944168","0.20985986292362213"
"2768","0.21412554755806923","0.20926085114479065","0.21822842955589294","0.2137347012758255","0.20798678696155548","0.218855082988739"
"2769","0.20134884119033813","0.19420498609542847","0.22110863029956818","0.2026354819536209","0.19384348392486572","0.2220700979232788"
"2770","0.20583708584308624","0.18901872634887695","0.2185993194580078","0.2051127329468727","0.18149425089359283","0.21733719110488892"
"2771","0.2065616473555565","0.1840820014476776","0.21988585591316223","0.20637155696749687","0.1829095184803009","0.2189692258834839"
"2773","0.20166227221488953","0.18635568022727966","0.2099001109600067","0.2016751617193222","0.18686765432357788","0.21557748317718506"
"2774","0.20780225098133087","0.19521313905715942","0.2203981578350067","0.2076035626232624","0.19568917155265808","0.21891134977340698"
"2775","0.21439458429813385","0.20308028161525726","0.2297528088092804","0.21419889107346535","0.20366236567497253","0.23255027830600739"
"2776","0.21592918410897255","0.19937174022197723","0.22477395832538605","0.2172592207789421","0.2070736289024353","0.22528105974197388"
"2777","0.21091455593705177","0.1974097490310669","0.2234729826450348","0.210591871291399","0.19784939289093018","0.22227607667446136"
"2778","0.20852837339043617","0.1944119930267334","0.22287516295909882","0.20763568580150604","0.1916038542985916","0.22123467922210693"
"2779","0.20024818927049637","0.18717196583747864","0.21465745568275452","0.2045908309519291","0.1875160038471222","0.2199726104736328"
"2780","0.21856393665075302","0.20644253492355347","0.23283040523529053","0.2175457440316677","0.2069268524646759","0.22707810997962952"
"2781","0.20264670625329018","0.17952671647071838","0.21856918931007385","0.20065030455589294","0.17831583321094513","0.21925342082977295"
"2782","0.21072620153427124","0.200470432639122","0.22027841210365295","0.21094343066215515","0.20027562975883484","0.22476132214069366"
"2783","0.20019065216183662","0.182258740067482","0.22243914008140564","0.2008693888783455","0.1811075359582901","0.2246394008398056"
"2784","0.20097389444708824","0.19496317207813263","0.20466691255569458","0.20156754180788994","0.19539985060691833","0.2098710834980011"
"2785","0.19737183675169945","0.1762256920337677","0.20730946958065033","0.19783064723014832","0.17666397988796234","0.2097017467021942"
"2786","0.21102121844887733","0.19266918301582336","0.22603313624858856","0.21100570634007454","0.19120612740516663","0.22804516553878784"
"2787","0.2077571153640747","0.19911816716194153","0.21629390120506287","0.20783869922161102","0.19892431795597076","0.2148982733488083"
"2788","0.19772139936685562","0.18771161139011383","0.20481683313846588","0.19640884920954704","0.1881675124168396","0.20356349647045135"
"2789","0.21380070596933365","0.20073843002319336","0.23062430322170258","0.21211454272270203","0.19237512350082397","0.2291315346956253"
"2790","0.21115224808454514","0.1929270625114441","0.22617851197719574","0.21059668064117432","0.19335998594760895","0.22475400567054749"
"2791","0.216674592345953","0.20312124490737915","0.23149122297763824","0.2161075882613659","0.20195314288139343","0.2337319254875183"
"2792","0.21181542798876762","0.19600194692611694","0.23489299416542053","0.20981130376458168","0.1838327795267105","0.23550096154212952"
"2793","0.21261096000671387","0.20490342378616333","0.22194252908229828","0.21075439453125","0.2036450058221817","0.22721117734909058"
"2794","0.2120697721838951","0.20047563314437866","0.2285853624343872","0.21177643164992332","0.1991506665945053","0.23048482835292816"
"2795","0.2207110971212387","0.20849093794822693","0.23159059882164001","0.22230029106140137","0.21570171415805817","0.23025009036064148"
"2796","0.21480916813015938","0.2073802351951599","0.22175312042236328","0.21386053785681725","0.2049761414527893","0.2210564911365509"
"2797","0.21150914579629898","0.2030043751001358","0.2256629765033722","0.21293261274695396","0.20098070800304413","0.22618484497070312"
"2798","0.20882542803883553","0.19511103630065918","0.23106442391872406","0.20838110148906708","0.1955999732017517","0.22818191349506378"
"2799","0.2112189084291458","0.19902843236923218","0.2313387393951416","0.21075237914919853","0.19953329861164093","0.22995927929878235"
"2800","0.2092079259455204","0.19169709086418152","0.22861966490745544","0.20886390283703804","0.19727176427841187","0.22248387336730957"
"2801","0.19843097403645515","0.18987847864627838","0.2138252556324005","0.1988568864762783","0.1866130828857422","0.21969562768936157"
"2802","0.2153267152607441","0.20327268540859222","0.22565963864326477","0.21675432845950127","0.20204615592956543","0.22834262251853943"
"2803","0.21261325106024742","0.2040688842535019","0.2293572574853897","0.21265901997685432","0.20462650060653687","0.23032289743423462"
"2804","0.20447838306427002","0.18836680054664612","0.2253771424293518","0.2031358741223812","0.1920398324728012","0.22409102320671082"
"2805","0.20690429210662842","0.19313696026802063","0.22400730848312378","0.20590092986822128","0.20109012722969055","0.2125476598739624"
"2806","0.21167589351534843","0.18918251991271973","0.22912323474884033","0.21055647730827332","0.18958495557308197","0.22777749598026276"
"2807","0.2099974937736988","0.19038765132427216","0.22294799983501434","0.21095925197005272","0.19696858525276184","0.22148397564888"
"2808","0.2055431865155697","0.19662028551101685","0.21589820086956024","0.20493590086698532","0.19729110598564148","0.21456938982009888"
"2809","0.20859594270586967","0.1928446888923645","0.2148030400276184","0.20823843404650688","0.19199922680854797","0.21674683690071106"
"2810","0.20198548212647438","0.1986127346754074","0.2053309828042984","0.20249153673648834","0.19890917837619781","0.2059108316898346"
"2811","0.21195465326309204","0.203782856464386","0.21990089118480682","0.21216410771012306","0.20243807137012482","0.21693894267082214"
"2812","0.22357934713363647","0.2113109976053238","0.23401778936386108","0.22283773496747017","0.2098214328289032","0.2347148060798645"
"2813","0.20722107589244843","0.19617623090744019","0.22122018039226532","0.2057909332215786","0.19356775283813477","0.2222539633512497"
"2814","0.20120689272880554","0.18733981251716614","0.21066781878471375","0.2016751766204834","0.1861809492111206","0.21655774116516113"
"2815","0.2194083370268345","0.19502021372318268","0.23986807465553284","0.21908047422766685","0.19382824003696442","0.24049432575702667"
"2816","0.21277180314064026","0.19861941039562225","0.2273901402950287","0.2139769233763218","0.19914597272872925","0.2311307191848755"
"2817","0.21087638288736343","0.20164157450199127","0.2182285040616989","0.2115597054362297","0.20266680419445038","0.22215144336223602"
"2818","0.2090364545583725","0.1933957040309906","0.21911367774009705","0.20882388204336166","0.19914337992668152","0.2148081660270691"
"2819","0.2072824314236641","0.19678401947021484","0.22058114409446716","0.2072395719587803","0.19571401178836823","0.22389918565750122"
"2820","0.2061300054192543","0.1892930567264557","0.23412945866584778","0.2044401578605175","0.18889948725700378","0.23307587206363678"
"2821","0.21051639690995216","0.1956537514925003","0.2198348492383957","0.21108635514974594","0.196255162358284","0.22663360834121704"
"2822","0.2014198750257492","0.1854611039161682","0.22290050983428955","0.2012336291372776","0.18429973721504211","0.22814807295799255"
"2823","0.19819432497024536","0.18631084263324738","0.20565426349639893","0.19859006255865097","0.18491454422473907","0.20916873216629028"
"2824","0.21360443159937859","0.20322957634925842","0.232679545879364","0.2123274840414524","0.20363864302635193","0.22888663411140442"
"2825","0.22308071702718735","0.1984597146511078","0.2396429181098938","0.21839147061109543","0.20234709978103638","0.2279503345489502"
"2826","0.21191954985260963","0.19573140144348145","0.21989144384860992","0.21298517659306526","0.19287340342998505","0.22368812561035156"
"2827","0.2185431569814682","0.2075478583574295","0.2260311096906662","0.21870604902505875","0.20793327689170837","0.22471481561660767"
"2828","0.20222916454076767","0.19359326362609863","0.20724248886108398","0.20078937336802483","0.1941351592540741","0.20934684574604034"
"2829","0.21116622909903526","0.19178074598312378","0.2426927536725998","0.21292300522327423","0.1933777928352356","0.24888905882835388"
"2830","0.21147311106324196","0.19086427986621857","0.23406213521957397","0.21005505323410034","0.19180510938167572","0.22797691822052002"
"2831","0.19517987966537476","0.18129101395606995","0.20132507383823395","0.19483767449855804","0.18014968931674957","0.20261691510677338"
"2832","0.20697975158691406","0.191463440656662","0.21777836978435516","0.20692987740039825","0.1919497847557068","0.21934783458709717"
"2833","0.20387649163603783","0.18979011476039886","0.21646234393119812","0.20303746685385704","0.1885572075843811","0.21711502969264984"
"2834","0.21170619502663612","0.19709351658821106","0.23484952747821808","0.20988810807466507","0.19607092440128326","0.2334432303905487"
"2835","0.20568881183862686","0.19736933708190918","0.2115992158651352","0.20669687166810036","0.19634723663330078","0.21452249586582184"
"2836","0.20096147805452347","0.1926497370004654","0.210800439119339","0.2016356773674488","0.19484983384609222","0.20950834453105927"
"2837","0.2008635327219963","0.1942698061466217","0.21026910841464996","0.20123401656746864","0.19753625988960266","0.20919546484947205"
"2838","0.20728205144405365","0.19469386339187622","0.21955782175064087","0.2057313248515129","0.1927521973848343","0.21892279386520386"
"2839","0.19971396401524544","0.19188500940799713","0.20941360294818878","0.19950801506638527","0.1905413717031479","0.20956619083881378"
"2840","0.20627671107649803","0.19120170176029205","0.21556659042835236","0.20653129741549492","0.1799813061952591","0.22756150364875793"
"2841","0.20300044864416122","0.18582263588905334","0.21402257680892944","0.20259061083197594","0.19180065393447876","0.21454335749149323"
"2842","0.20420823246240616","0.1984950304031372","0.21045339107513428","0.20296446979045868","0.1961902529001236","0.20860570669174194"
"2843","0.19935698434710503","0.18317285180091858","0.20792441070079803","0.19838182255625725","0.19005164504051208","0.20487724244594574"
"2844","0.21295851469039917","0.19363301992416382","0.24199113249778748","0.21475310996174812","0.19216114282608032","0.24033497273921967"
"2845","0.2073541283607483","0.19979272782802582","0.21488380432128906","0.20645203441381454","0.200338676571846","0.21584463119506836"
"2846","0.217847540974617","0.2141483575105667","0.225300595164299","0.21811064332723618","0.21265120804309845","0.2297029048204422"
"2847","0.2024316042661667","0.19510361552238464","0.20961758494377136","0.20274695754051208","0.19555015861988068","0.20850244164466858"
"2848","0.2136429250240326","0.20571014285087585","0.22063741087913513","0.21249917149543762","0.20625638961791992","0.21928289532661438"
"2849","0.2009819746017456","0.18929553031921387","0.2115430235862732","0.2012588083744049","0.1882491111755371","0.2085200548171997"
"2850","0.20694495737552643","0.19074386358261108","0.2225612998008728","0.2063743770122528","0.19356650114059448","0.22107690572738647"
"2851","0.20197583362460136","0.18929556012153625","0.22480130195617676","0.20100238919258118","0.18975916504859924","0.22333748638629913"
"2852","0.20074965059757233","0.18521830439567566","0.21259503066539764","0.19936786592006683","0.18361464142799377","0.20926272869110107"
"2853","0.20863031223416328","0.2017090767621994","0.22075945138931274","0.20766758173704147","0.2026776373386383","0.216643825173378"
"2854","0.2074042111635208","0.20406126976013184","0.21502599120140076","0.20757009461522102","0.20193278789520264","0.2133195847272873"
"2855","0.20683462917804718","0.1887858361005783","0.21510276198387146","0.20620759204030037","0.18926039338111877","0.2152625024318695"
"2856","0.20712825283408165","0.19944517314434052","0.21505938470363617","0.20726901292800903","0.19976219534873962","0.21375730633735657"
"2857","0.20595011860132217","0.19960777461528778","0.21704640984535217","0.20494932308793068","0.19433671236038208","0.2156396508216858"
"2858","0.19763408973813057","0.19148175418376923","0.20107251405715942","0.19848313927650452","0.19337663054466248","0.20162543654441833"
"2859","0.21844984963536263","0.20402607321739197","0.2341284155845642","0.2175433337688446","0.20268741250038147","0.23287555575370789"
"2860","0.21041902527213097","0.2023722231388092","0.21626655757427216","0.2107187882065773","0.20793387293815613","0.21406641602516174"
"2861","0.21055475994944572","0.19535143673419952","0.23126474022865295","0.20986681804060936","0.19595550000667572","0.22990766167640686"
"2862","0.2044108510017395","0.1981883943080902","0.21343372762203217","0.20488374680280685","0.19696897268295288","0.21167656779289246"
"2863","0.20848118513822556","0.1991034746170044","0.22051237523555756","0.20768669247627258","0.20282794535160065","0.2211046814918518"
"2864","0.20446733757853508","0.19307874143123627","0.21244102716445923","0.20403360947966576","0.19359564781188965","0.21038585901260376"
"2866","0.20557016506791115","0.19359862804412842","0.22372972965240479","0.20593992993235588","0.19679760932922363","0.22296731173992157"
"2867","0.20623862370848656","0.20174729824066162","0.21098244190216064","0.20670481026172638","0.1991381049156189","0.22052612900733948"
"2868","0.20813892781734467","0.1914641112089157","0.21791787445545197","0.2075364626944065","0.1902810037136078","0.21550485491752625"
"2869","0.1951795071363449","0.17782382667064667","0.21237406134605408","0.19558685272932053","0.1784614622592926","0.21108084917068481"
"2870","0.20608209073543549","0.19107773900032043","0.2222987562417984","0.20591935515403748","0.19466736912727356","0.21871377527713776"
"2871","0.206021286547184","0.18874238431453705","0.2247312366962433","0.2075209580361843","0.18738046288490295","0.22538182139396667"
"2872","0.21115656197071075","0.20379002392292023","0.21799874305725098","0.21088866516947746","0.20241029560565948","0.21753710508346558"
"2873","0.20541662722826004","0.19352926313877106","0.22391614317893982","0.20617328584194183","0.19391153752803802","0.22277648746967316"
"2874","0.20636694133281708","0.1898399442434311","0.219181627035141","0.20594702661037445","0.19027924537658691","0.21766267716884613"
"2875","0.21115462481975555","0.18510809540748596","0.23124250769615173","0.21034937351942062","0.18408900499343872","0.22942030429840088"
"2876","0.20543531700968742","0.1895209103822708","0.21320274472236633","0.20317230001091957","0.1900462955236435","0.20939472317695618"
"2877","0.2105780988931656","0.20240069925785065","0.2173941731452942","0.21105936914682388","0.20546185970306396","0.21695810556411743"
"2878","0.20720002055168152","0.19314360618591309","0.21338720619678497","0.20761100575327873","0.19997870922088623","0.21399515867233276"
"2879","0.19903617724776268","0.18534120917320251","0.21116772294044495","0.1984124779701233","0.18574801087379456","0.21095767617225647"
"2880","0.20604171603918076","0.1831047087907791","0.2264721393585205","0.2047899104654789","0.17702461779117584","0.22834348678588867"
"2881","0.21163251623511314","0.19132131338119507","0.22231394052505493","0.2115166112780571","0.1957235038280487","0.2208842933177948"
"2882","0.2003038041293621","0.19478189945220947","0.20404352247714996","0.19948769360780716","0.19356603920459747","0.20456136763095856"
"2883","0.21104474738240242","0.20037516951560974","0.22018268704414368","0.209868885576725","0.2049969732761383","0.2175973802804947"
"2884","0.211861502379179","0.20005419850349426","0.2199804186820984","0.21231736615300179","0.20060166716575623","0.21833524107933044"
"2885","0.2044902965426445","0.19259032607078552","0.2171587347984314","0.2052498571574688","0.19135567545890808","0.21729451417922974"
"2886","0.21913916990160942","0.19751016795635223","0.2379305064678192","0.22010139748454094","0.20699205994606018","0.23313340544700623"
"2887","0.2038385234773159","0.19862082600593567","0.21776363253593445","0.2047681286931038","0.20012006163597107","0.2164928913116455"
"2888","0.20959806442260742","0.20062808692455292","0.21471895277500153","0.20961320027709007","0.2029067575931549","0.2151384800672531"
"2889","0.2117372341454029","0.19065521657466888","0.22272485494613647","0.21180924028158188","0.19316640496253967","0.22336232662200928"
"2890","0.2139396071434021","0.20105209946632385","0.22287899255752563","0.21583522111177444","0.201419860124588","0.22147877514362335"
"2891","0.22117465734481812","0.21158961951732635","0.23696240782737732","0.21985532343387604","0.20683053135871887","0.2374354898929596"
"2892","0.21928460896015167","0.1952141970396042","0.24337564408779144","0.22037097066640854","0.19392052292823792","0.2529217302799225"
"2893","0.21018657833337784","0.20084722340106964","0.21658550202846527","0.21038315817713737","0.2014695703983307","0.22059421241283417"
"2894","0.20180100947618484","0.18253889679908752","0.22132587432861328","0.20390572771430016","0.18308155238628387","0.21999302506446838"
"2895","0.2168101780116558","0.20605850219726562","0.2249251902103424","0.2173885963857174","0.2065506875514984","0.22711628675460815"
"2896","0.20850416645407677","0.19781722128391266","0.21675916016101837","0.2073821686208248","0.1967313289642334","0.21896713972091675"
"2897","0.21526319161057472","0.20115330815315247","0.23299165070056915","0.2159787341952324","0.20845182240009308","0.2291973978281021"
"2898","0.20053421333432198","0.18745627999305725","0.22606231272220612","0.20003948733210564","0.18802757561206818","0.22453618049621582"
"2899","0.211671344935894","0.19436798989772797","0.22691690921783447","0.21090351045131683","0.18454469740390778","0.23452119529247284"
"2900","0.20717979222536087","0.1896444410085678","0.23037081956863403","0.20754193887114525","0.18828964233398438","0.23091977834701538"
"2901","0.20221297070384026","0.19742755591869354","0.20612642168998718","0.20226501673460007","0.19780972599983215","0.20702899992465973"
"2902","0.1966933310031891","0.19375866651535034","0.1984233558177948","0.1953594759106636","0.18604707717895508","0.20183005928993225"
"2903","0.21931733191013336","0.19775207340717316","0.23468101024627686","0.21948102489113808","0.1964816451072693","0.2374790906906128"
"2904","0.1976877525448799","0.17892152070999146","0.2199903130531311","0.19948064908385277","0.17935676872730255","0.22335657477378845"
"2905","0.19904174655675888","0.18736521899700165","0.21107149124145508","0.19900568202137947","0.1826697736978531","0.2163422852754593"
"2906","0.19892921671271324","0.18590641021728516","0.21298325061798096","0.19900237768888474","0.18643537163734436","0.21143494546413422"
"2907","0.20516715198755264","0.20164871215820312","0.20788699388504028","0.20415041595697403","0.20016136765480042","0.20746278762817383"
"2908","0.19001835584640503","0.17698946595191956","0.19894267618656158","0.19193698093295097","0.1789059042930603","0.20430229604244232"
"2909","0.2043539136648178","0.19164201617240906","0.2170167863368988","0.20632897317409515","0.19222210347652435","0.21969017386436462"
"2910","0.20833954960107803","0.1849728226661682","0.22517511248588562","0.20791249349713326","0.1837489753961563","0.22570449113845825"
"2911","0.21807466074824333","0.20089004933834076","0.23070421814918518","0.21850648522377014","0.20443519949913025","0.22950014472007751"
"2912","0.19417379796504974","0.1860460340976715","0.2050406038761139","0.194297444075346","0.19040508568286896","0.20363840460777283"
"2913","0.2068624086678028","0.20033055543899536","0.21200229227542877","0.20631473883986473","0.19962488114833832","0.21066179871559143"
"2914","0.20701905712485313","0.20025621354579926","0.21966011822223663","0.21137771010398865","0.20224393904209137","0.2222650945186615"
"2915","0.2089938446879387","0.17910099029541016","0.2247524857521057","0.2101602628827095","0.1893104612827301","0.2254183143377304"
"2916","0.19935888424515724","0.18335306644439697","0.2161475270986557","0.1991916112601757","0.1822943091392517","0.21491077542304993"
"2917","0.20317763835191727","0.18391194939613342","0.22860214114189148","0.20371797308325768","0.18264970183372498","0.2238982915878296"
"2918","0.21504398435354233","0.2003587931394577","0.24205665290355682","0.21567411720752716","0.20617854595184326","0.24048158526420593"
"2919","0.20273976400494576","0.19390827417373657","0.20671968162059784","0.20234687253832817","0.19262614846229553","0.21324527263641357"
"2920","0.2010328285396099","0.19017525017261505","0.2148415744304657","0.20090538635849953","0.19053533673286438","0.2135562300682068"
"2921","0.20161441713571548","0.19365127384662628","0.2192838191986084","0.20133216306567192","0.1919519454240799","0.21797341108322144"
"2922","0.19429387524724007","0.18504177033901215","0.2060324251651764","0.19462553039193153","0.18111807107925415","0.20492079854011536"
"2923","0.20388606935739517","0.18721157312393188","0.21742457151412964","0.2043505348265171","0.1858455091714859","0.21781346201896667"
"2924","0.2264532931149006","0.2123868614435196","0.2439548522233963","0.2250683307647705","0.2072160691022873","0.24652732908725739"
"2925","0.2042674906551838","0.1856277883052826","0.22631102800369263","0.20335079357028008","0.18335182964801788","0.22689765691757202"
"2926","0.21212862059473991","0.20126059651374817","0.22613084316253662","0.2112964615225792","0.20177710056304932","0.21893192827701569"
"2927","0.203022550791502","0.18898773193359375","0.2126428335905075","0.20124979317188263","0.17426586151123047","0.21383342146873474"
"2928","0.20756031200289726","0.1957274079322815","0.22501303255558014","0.20569469034671783","0.19072005152702332","0.22570183873176575"
"2929","0.20132121443748474","0.19437064230442047","0.20828843116760254","0.20163504034280777","0.19497306644916534","0.2076616734266281"
"2930","0.2103140540421009","0.19824467599391937","0.22148483991622925","0.21163567900657654","0.20322716236114502","0.2201058715581894"
"2931","0.2110157012939453","0.19964484870433807","0.21997541189193726","0.21136155724525452","0.19822856783866882","0.2184211015701294"
"2932","0.20295322686433792","0.18513450026512146","0.21505355834960938","0.2029985412955284","0.18724298477172852","0.21396125853061676"
"2933","0.19286341965198517","0.18135738372802734","0.213531494140625","0.19234027341008186","0.181846022605896","0.21076811850070953"
"2934","0.19850167632102966","0.18915340304374695","0.20541036128997803","0.19871581345796585","0.18947848677635193","0.20535080134868622"
"2936","0.20288186520338058","0.18139727413654327","0.22439344227313995","0.20281021669507027","0.18179845809936523","0.21792013943195343"
"2937","0.20512905716896057","0.18776726722717285","0.22666344046592712","0.20542438700795174","0.19130320847034454","0.22497841715812683"
"2938","0.2211977019906044","0.21159514784812927","0.22899629175662994","0.2230401337146759","0.21028530597686768","0.23831462860107422"
"2939","0.20567838475108147","0.18483349680900574","0.22092187404632568","0.20593352243304253","0.18752247095108032","0.2200823277235031"
"2940","0.20532823726534843","0.19270893931388855","0.21466240286827087","0.20372284948825836","0.1923152357339859","0.21513059735298157"
"2941","0.20782748982310295","0.19107240438461304","0.22153717279434204","0.2084699608385563","0.19962739944458008","0.2202291041612625"
"2942","0.20329569652676582","0.19529035687446594","0.21059632301330566","0.2021600417792797","0.1900380551815033","0.2092529833316803"
"2943","0.2122524455189705","0.2068568766117096","0.2202574610710144","0.20872026309370995","0.19895851612091064","0.21886992454528809"
"2944","0.20388608798384666","0.18450504541397095","0.22568708658218384","0.20366595312952995","0.184982568025589","0.22440341114997864"
"2945","0.21146627515554428","0.1945124864578247","0.23407217860221863","0.2120366171002388","0.19879817962646484","0.23281219601631165"
"2946","0.2122584916651249","0.1963251382112503","0.22603397071361542","0.21248792484402657","0.19029077887535095","0.23382335901260376"
"2947","0.20706044510006905","0.20062920451164246","0.2160753607749939","0.20645228400826454","0.19935622811317444","0.21664996445178986"
"2948","0.20376303791999817","0.19655044376850128","0.21545545756816864","0.20408200100064278","0.19738101959228516","0.21652525663375854"
"2949","0.20081400498747826","0.18226468563079834","0.21016031503677368","0.2007192187011242","0.1853061020374298","0.2088368535041809"
"2950","0.20237405598163605","0.18840350210666656","0.21590259671211243","0.20247631892561913","0.1816251575946808","0.21649259328842163"
"2951","0.19984037429094315","0.19095836579799652","0.21508321166038513","0.20050543174147606","0.19130614399909973","0.21364159882068634"
"2952","0.20055929943919182","0.19474996626377106","0.20608144998550415","0.20113234966993332","0.19346609711647034","0.2055010050535202"
"2953","0.19459664076566696","0.191485196352005","0.19698449969291687","0.19370175525546074","0.18674686551094055","0.1990923285484314"
"2954","0.2077651433646679","0.18869993090629578","0.22794941067695618","0.20804156363010406","0.189288929104805","0.22163259983062744"
"2955","0.20276149734854698","0.1920188069343567","0.2193043828010559","0.20071832090616226","0.19247639179229736","0.21086996793746948"
"2956","0.20557746291160583","0.1853940486907959","0.21835097670555115","0.20539666712284088","0.193200021982193","0.21886950731277466"
"2957","0.20591790601611137","0.19554536044597626","0.22103093564510345","0.20586660876870155","0.19561363756656647","0.22148945927619934"
"2958","0.2019646130502224","0.19231845438480377","0.21588411927223206","0.20276060700416565","0.18715745210647583","0.21628066897392273"
"2959","0.19610336050391197","0.17426422238349915","0.21675151586532593","0.19660023972392082","0.17541131377220154","0.2172704041004181"
"2960","0.2081318274140358","0.19435247778892517","0.228438600897789","0.2073131501674652","0.1930432915687561","0.2289423644542694"
"2961","0.21117497235536575","0.2056421935558319","0.2244928777217865","0.21065187454223633","0.20433276891708374","0.2209126055240631"
"2962","0.20696943253278732","0.1975007951259613","0.2289990931749344","0.20667137578129768","0.19301730394363403","0.23305237293243408"
"2963","0.195294838398695","0.18523500859737396","0.20781861245632172","0.19657541438937187","0.1914287507534027","0.2064773142337799"
"2964","0.20287557691335678","0.19239449501037598","0.2240578830242157","0.20423494651913643","0.1923004388809204","0.22415535151958466"
"2965","0.2269013226032257","0.20238713920116425","0.2695324718952179","0.22401074692606926","0.19863727688789368","0.26780200004577637"
"2966","0.21303601190447807","0.20481672883033752","0.2192745953798294","0.21300091594457626","0.20620247721672058","0.21847209334373474"
"2967","0.19843657314777374","0.19370928406715393","0.20672860741615295","0.19814083352684975","0.19249027967453003","0.20168475806713104"
"2968","0.20680499076843262","0.18672940135002136","0.22258500754833221","0.20712749287486076","0.18830391764640808","0.2211509644985199"
"2969","0.19219913706183434","0.18620507419109344","0.19735026359558105","0.19090574979782104","0.18445394933223724","0.19506661593914032"
"2970","0.20844516903162003","0.19620859622955322","0.22182992100715637","0.2095801681280136","0.19660158455371857","0.22344546020030975"
"2971","0.2013593390583992","0.18936385214328766","0.2138853818178177","0.20547503605484962","0.18809013068675995","0.21449682116508484"
"2972","0.20402976870536804","0.18824326992034912","0.22995615005493164","0.20343171432614326","0.18859589099884033","0.22862423956394196"
"2973","0.20745907723903656","0.19960980117321014","0.21406206488609314","0.2078147977590561","0.2000722438097","0.21365304291248322"
"2974","0.20814679563045502","0.19410660862922668","0.2196727842092514","0.20826375856995583","0.2019474059343338","0.2202187478542328"
"2975","0.19940654188394547","0.18035735189914703","0.21465632319450378","0.19882197305560112","0.18097567558288574","0.21511909365653992"
"2976","0.19791432842612267","0.18096978962421417","0.2096155285835266","0.19611715897917747","0.18140585720539093","0.21095925569534302"
"2977","0.1990344151854515","0.19006572663784027","0.20919862389564514","0.19893543422222137","0.1866893470287323","0.21066135168075562"
"2978","0.2007691115140915","0.19549301266670227","0.20678460597991943","0.2002061791718006","0.1958918273448944","0.21246349811553955"
"2979","0.20284521579742432","0.19580963253974915","0.21046730875968933","0.20320820808410645","0.19798754155635834","0.20662060379981995"
"2980","0.20392302051186562","0.18784867227077484","0.22439482808113098","0.20323928073048592","0.18201564252376556","0.22275041043758392"
"2981","0.20145366713404655","0.19314175844192505","0.2067367434501648","0.20303506031632423","0.19355887174606323","0.21438786387443542"
"2982","0.2043493464589119","0.19298548996448517","0.22236111760139465","0.20482417568564415","0.1986563801765442","0.2155238538980484"
"2983","0.2015928365290165","0.18375422060489655","0.21119889616966248","0.20538531988859177","0.18262656033039093","0.21788384020328522"
"2984","0.1953677199780941","0.1720726191997528","0.21346622705459595","0.19398191571235657","0.17235983908176422","0.21211643517017365"
"2985","0.20545713603496552","0.199204221367836","0.21084128320217133","0.20566415414214134","0.19994373619556427","0.21107369661331177"
"2986","0.20488646999001503","0.18624615669250488","0.2175559550523758","0.20487341657280922","0.18678510189056396","0.22325903177261353"
"2987","0.20271126925945282","0.18569837510585785","0.21308393776416779","0.2031945176422596","0.18141362071037292","0.2200491726398468"
"2988","0.21275928243994713","0.20806346833705902","0.22097988426685333","0.21146241948008537","0.2069714367389679","0.21969151496887207"
"2989","0.2082618810236454","0.19601084291934967","0.2199915051460266","0.20935945957899094","0.19654598832130432","0.22268608212471008"
"2990","0.20617913082242012","0.1958257555961609","0.21267899870872498","0.20748499035835266","0.19622528553009033","0.2240227907896042"
"2991","0.21929439157247543","0.20571832358837128","0.23234759271144867","0.21906188502907753","0.2107124626636505","0.2308708131313324"
"2992","0.20116809755563736","0.19220669567584991","0.2119339108467102","0.2020101211965084","0.19510875642299652","0.20643949508666992"
"2993","0.2122112214565277","0.20819249749183655","0.21457698941230774","0.21204975992441177","0.20604053139686584","0.21616017818450928"
"2994","0.20653827488422394","0.20162524282932281","0.21175314486026764","0.21256380155682564","0.20504096150398254","0.21759530901908875"
"2995","0.19892655313014984","0.1820451319217682","0.216975137591362","0.19845758378505707","0.1807795614004135","0.21512463688850403"
"2996","0.20181848853826523","0.1862938404083252","0.2159651219844818","0.2007591463625431","0.18101532757282257","0.21803349256515503"
"2997","0.21116827800869942","0.185553178191185","0.2361217439174652","0.2111881636083126","0.1932682991027832","0.2349945306777954"
"2998","0.2123774141073227","0.1956252157688141","0.22030964493751526","0.2124047689139843","0.19611743092536926","0.22173330187797546"
"2999","0.21066037565469742","0.20424515008926392","0.21832701563835144","0.20796112716197968","0.1965898871421814","0.21712370216846466"
"3000","0.20286264643073082","0.18930888175964355","0.221262589097023","0.20275089889764786","0.1932644546031952","0.22012478113174438"
"3001","0.1961289793252945","0.18620741367340088","0.20325031876564026","0.19708482176065445","0.1834314465522766","0.20317259430885315"
"3002","0.20986054465174675","0.19212429225444794","0.22644677758216858","0.20777732878923416","0.19270947575569153","0.2250683307647705"
"3003","0.20052140206098557","0.18900208175182343","0.2094639241695404","0.20093853771686554","0.19689014554023743","0.20810453593730927"
"3004","0.20035922899842262","0.1861475706100464","0.21547307074069977","0.1982143372297287","0.18665924668312073","0.21284502744674683"
"3006","0.19890562444925308","0.18346786499023438","0.21762141585350037","0.20304038748145103","0.18326134979724884","0.21829496324062347"
"3007","0.21319051459431648","0.20123392343521118","0.23197364807128906","0.2122371755540371","0.2011023610830307","0.2303391993045807"
"3008","0.2086133137345314","0.19576583802700043","0.22364886105060577","0.20869532227516174","0.19719970226287842","0.22341808676719666"
"3009","0.20105206966400146","0.1864260882139206","0.2088424414396286","0.20116426795721054","0.18695391714572906","0.20879870653152466"
"3010","0.21388395130634308","0.2119196057319641","0.2153162956237793","0.21191395446658134","0.2086278200149536","0.215729758143425"
"3011","0.20229089632630348","0.19109562039375305","0.21509040892124176","0.20233092084527016","0.19129571318626404","0.21619732677936554"
"3012","0.20707890018820763","0.19251896440982819","0.21856558322906494","0.20820730552077293","0.19787858426570892","0.2185109257698059"
"3013","0.20287707075476646","0.19845570623874664","0.2062290608882904","0.20214484259486198","0.19920329749584198","0.2048741579055786"
"3014","0.20548111200332642","0.20391353964805603","0.20745497941970825","0.20501484721899033","0.20371116697788239","0.2060772031545639"
"3015","0.2090897001326084","0.18714459240436554","0.2310580015182495","0.20859180018305779","0.18817006051540375","0.22775760293006897"
"3016","0.20697298273444176","0.19111518561840057","0.2185106724500656","0.20655352622270584","0.19146929681301117","0.2172948122024536"
"3017","0.20799028873443604","0.19982939958572388","0.21651843190193176","0.20937062427401543","0.20017264783382416","0.22275510430335999"
"3018","0.2078322060406208","0.18801529705524445","0.21830692887306213","0.20863141119480133","0.18685415387153625","0.21877582371234894"
"3019","0.20050598680973053","0.18965353071689606","0.21100789308547974","0.20206910371780396","0.18944397568702698","0.21144439280033112"
"3020","0.20519772171974182","0.19695401191711426","0.21177047491073608","0.20450719073414803","0.19506078958511353","0.21153762936592102"
"3021","0.21003420650959015","0.20125296711921692","0.21732723712921143","0.21097704395651817","0.20581182837486267","0.21702761948108673"
"3022","0.2007506787776947","0.19494237005710602","0.20728957653045654","0.20111607387661934","0.19449453055858612","0.20995640754699707"
"3023","0.19323885068297386","0.18635250627994537","0.20086464285850525","0.19317062571644783","0.1862509548664093","0.201370507478714"
"3024","0.20551128312945366","0.18291465938091278","0.23675040900707245","0.2064277119934559","0.18343862891197205","0.24130842089653015"
"3025","0.20932815596461296","0.1994345486164093","0.21433143317699432","0.21034033596515656","0.20404940843582153","0.21430480480194092"
"3026","0.20238742232322693","0.19583916664123535","0.20555120706558228","0.20341432094573975","0.1956975758075714","0.21012404561042786"
"3027","0.2058502770960331","0.19021238386631012","0.2246808260679245","0.20760851725935936","0.19830134510993958","0.22333505749702454"
"3028","0.20727723091840744","0.19694790244102478","0.21232087910175323","0.20737292990088463","0.1981882005929947","0.2122032344341278"
"3029","0.19451315328478813","0.17573796212673187","0.2083197981119156","0.19419491663575172","0.17552849650382996","0.2089748978614807"
"3030","0.20423723384737968","0.19948989152908325","0.21003597974777222","0.20082759112119675","0.19749659299850464","0.20749342441558838"
"3031","0.21567394211888313","0.20099034905433655","0.22854553163051605","0.21560892090201378","0.19983798265457153","0.22805064916610718"
"3032","0.19902556017041206","0.1945163607597351","0.2054605484008789","0.19738002121448517","0.19323323667049408","0.2058481127023697"
"3033","0.19472556933760643","0.17854106426239014","0.21030443906784058","0.1962597407400608","0.17835712432861328","0.21446572244167328"
"3034","0.20283392444252968","0.18872950971126556","0.21620216965675354","0.20551364496350288","0.1892535537481308","0.21548306941986084"
"3035","0.1976875737309456","0.18852275609970093","0.2182559072971344","0.19772281870245934","0.18751399219036102","0.21881133317947388"
"3036","0.19848814234137535","0.1767427623271942","0.21894171833992004","0.19844642281532288","0.17782090604305267","0.21948349475860596"
"3037","0.21850012615323067","0.2132330983877182","0.22447830438613892","0.21879316866397858","0.2152651697397232","0.22319874167442322"
"3038","0.20895516499876976","0.2033013105392456","0.21689501404762268","0.20743074640631676","0.20313867926597595","0.2119101881980896"
"3039","0.19940375536680222","0.1905342936515808","0.21153327822685242","0.19732198119163513","0.1903829127550125","0.2100754678249359"
"3040","0.20478539913892746","0.19688107073307037","0.22298653423786163","0.20493342354893684","0.19564887881278992","0.2244510054588318"
"3041","0.20545370131731033","0.18988566100597382","0.21886712312698364","0.20488309860229492","0.18957971036434174","0.21954964101314545"
"3042","0.19684531539678574","0.1899322122335434","0.2048591673374176","0.19632012397050858","0.18951024115085602","0.20365844666957855"
"3043","0.20822548493742943","0.19711118936538696","0.23424655199050903","0.2070145457983017","0.19701918959617615","0.2329106628894806"
"3044","0.20911813899874687","0.19458843767642975","0.22272928059101105","0.21029610931873322","0.19302846491336823","0.2230980396270752"
"3045","0.20011022686958313","0.18330389261245728","0.21452251076698303","0.2031652145087719","0.1964225172996521","0.2132948935031891"
"3046","0.2133762575685978","0.20075629651546478","0.22465720772743225","0.21516919508576393","0.20044109225273132","0.2251846045255661"
"3047","0.21216820552945137","0.203529492020607","0.22619277238845825","0.2117941454052925","0.2040262222290039","0.22499588131904602"
"3048","0.19862398877739906","0.18503962457180023","0.20740047097206116","0.19937687367200851","0.18901455402374268","0.20611253380775452"
"3049","0.20510690286755562","0.196193128824234","0.2137589007616043","0.2062561921775341","0.19854743778705597","0.21409893035888672"
"3050","0.20292853564023972","0.1830107420682907","0.22567035257816315","0.20395297557115555","0.18271808326244354","0.23067712783813477"
"3051","0.20951995998620987","0.20365536212921143","0.21324525773525238","0.21149511635303497","0.2041725069284439","0.22195686399936676"
"3052","0.20574354752898216","0.1995711624622345","0.21209581196308136","0.20526744052767754","0.20010630786418915","0.21182888746261597"
"3053","0.20884154364466667","0.19436931610107422","0.2293023318052292","0.2058594673871994","0.19487416744232178","0.2277613878250122"
"3054","0.20174945890903473","0.19815953075885773","0.2073637694120407","0.2022768259048462","0.19810262322425842","0.20592918992042542"
"3055","0.20748362690210342","0.1909879446029663","0.22059744596481323","0.20716020837426186","0.19156017899513245","0.2203959971666336"
"3056","0.19939326867461205","0.18828502297401428","0.2099578082561493","0.1976202018558979","0.18811914324760437","0.2040834277868271"
"3057","0.2046215496957302","0.19592729210853577","0.21233795583248138","0.2069905437529087","0.19649475812911987","0.21215763688087463"
"3058","0.1999255307018757","0.18833395838737488","0.20836368203163147","0.20078929513692856","0.18885916471481323","0.2121337503194809"
"3059","0.2155759520828724","0.20804467797279358","0.22558173537254333","0.2156122475862503","0.2066517472267151","0.2254435122013092"
"3060","0.20980417728424072","0.1968277394771576","0.23054975271224976","0.21228862553834915","0.19881021976470947","0.23108425736427307"
"3061","0.2059018611907959","0.19918464124202728","0.22082529962062836","0.20443865284323692","0.1977362334728241","0.21629488468170166"
"3062","0.19949790462851524","0.19150732457637787","0.21309417486190796","0.19903763756155968","0.19100074470043182","0.2125687301158905"
"3063","0.20391850546002388","0.1923237293958664","0.21081620454788208","0.20357024297118187","0.19283384084701538","0.21065108478069305"
"3064","0.1980426013469696","0.18973246216773987","0.21460285782814026","0.19597876444458961","0.18427962064743042","0.21320205926895142"
"3065","0.2016734443604946","0.1857748031616211","0.2147863656282425","0.2024051509797573","0.1847841441631317","0.2152452915906906"
"3066","0.2118826061487198","0.19868610799312592","0.22278010845184326","0.2126241810619831","0.19926761090755463","0.22237683832645416"
"3067","0.2016451507806778","0.19734835624694824","0.20698830485343933","0.20024649426341057","0.1942611038684845","0.20752595365047455"
"3068","0.2042095921933651","0.18756809830665588","0.21699385344982147","0.20423708483576775","0.1862831711769104","0.21696463227272034"
"3069","0.20201939344406128","0.19377276301383972","0.21335139870643616","0.20054006204009056","0.19432051479816437","0.2131769210100174"
"3070","0.21233591437339783","0.18355636298656464","0.22946515679359436","0.20892105251550674","0.1832897663116455","0.22368192672729492"
"3071","0.19540634751319885","0.18614909052848816","0.20654767751693726","0.19633802771568298","0.1846974790096283","0.20688974857330322"
"3072","0.2091710940003395","0.191855788230896","0.22327753901481628","0.20916180685162544","0.19160085916519165","0.22382789850234985"
"3073","0.1955464966595173","0.19050189852714539","0.2008781135082245","0.19862151518464088","0.18975099921226501","0.20396025478839874"
"3074","0.20674538239836693","0.19974683225154877","0.21631765365600586","0.2079639881849289","0.19912388920783997","0.2222011685371399"
"3075","0.19638215750455856","0.18448203802108765","0.20490844547748566","0.19454801082611084","0.18335407972335815","0.20557095110416412"
"3076","0.2010701522231102","0.1864176094532013","0.21481139957904816","0.19845310226082802","0.18697984516620636","0.20526625216007233"
"3077","0.20776068046689034","0.19261783361434937","0.21844172477722168","0.20713627710938454","0.19120560586452484","0.21702706813812256"
"3078","0.2116421014070511","0.19187809526920319","0.2303009182214737","0.21261366456747055","0.19162175059318542","0.2312525063753128"
"3079","0.2086377888917923","0.19360360503196716","0.2196958363056183","0.20958729088306427","0.1985926330089569","0.22021791338920593"
"3080","0.20085971429944038","0.18352077901363373","0.22989124059677124","0.2011765018105507","0.18587355315685272","0.22977957129478455"
"3081","0.201503936201334","0.18966832756996155","0.21578000485897064","0.20354590937495232","0.19870434701442719","0.21440786123275757"
"3082","0.21795497834682465","0.20727011561393738","0.2381230592727661","0.21682104468345642","0.20401009917259216","0.23781998455524445"
"3083","0.19978004321455956","0.1891927421092987","0.213652104139328","0.1988522633910179","0.18807394802570343","0.21100956201553345"
"3084","0.19073150679469109","0.17077971994876862","0.2127547264099121","0.19096161797642708","0.1705399453639984","0.21130000054836273"
"3085","0.2010054886341095","0.18590950965881348","0.2179001271724701","0.1990453340113163","0.18573275208473206","0.2165692001581192"
"3086","0.21827126666903496","0.19630151987075806","0.252909779548645","0.21880889311432838","0.19493132829666138","0.2534588575363159"
"3087","0.20057610794901848","0.1872120350599289","0.21978090703487396","0.20054996386170387","0.18765977025032043","0.21858251094818115"
"3088","0.20192179456353188","0.18901683390140533","0.21272140741348267","0.2067078985273838","0.18762950599193573","0.23286695778369904"
"3089","0.20593459904193878","0.1936008334159851","0.2260335087776184","0.20592691376805305","0.1940682977437973","0.2258194088935852"
"3090","0.19762278720736504","0.18810035288333893","0.21167325973510742","0.19640851765871048","0.18858307600021362","0.20802094042301178"
"3091","0.19714918732643127","0.18316572904586792","0.21919779479503632","0.19530953094363213","0.18363851308822632","0.21328449249267578"
"3092","0.1980169303715229","0.17694105207920074","0.21699929237365723","0.1974985934793949","0.17649579048156738","0.21552234888076782"
"3093","0.20021217688918114","0.1907229870557785","0.22570672631263733","0.19819379597902298","0.18651717901229858","0.22463932633399963"
"3094","0.2138667032122612","0.20157435536384583","0.23036761581897736","0.21369734033942223","0.20020753145217896","0.23089241981506348"
"3095","0.19967269897460938","0.19207242131233215","0.21601223945617676","0.19826441258192062","0.19094470143318176","0.21144643425941467"
"3096","0.1941218450665474","0.1841963529586792","0.20087113976478577","0.1925204135477543","0.1839798092842102","0.1994388848543167"
"3097","0.2092253640294075","0.19909118115901947","0.22420698404312134","0.20685787126421928","0.19609379768371582","0.22486427426338196"
"3099","0.1982974074780941","0.19235895574092865","0.20434537529945374","0.19820034876465797","0.19268490374088287","0.20528018474578857"
"3100","0.20025701820850372","0.18846166133880615","0.21010509133338928","0.2009105645120144","0.18718412518501282","0.21348607540130615"
"3101","0.19913923367857933","0.1875835508108139","0.2167515605688095","0.19814478605985641","0.18820145726203918","0.21540716290473938"
"3102","0.19487224519252777","0.18390333652496338","0.2104577124118805","0.19225646182894707","0.17697462439537048","0.21008801460266113"
"3103","0.1975947842001915","0.1924261748790741","0.2018430233001709","0.19684892147779465","0.19129106402397156","0.20237067341804504"
"3104","0.1956593468785286","0.18174739181995392","0.22117464244365692","0.1966831013560295","0.1825503259897232","0.21987102925777435"
"3105","0.20749128237366676","0.20046082139015198","0.21914295852184296","0.20634718611836433","0.1985335499048233","0.21752291917800903"
"3106","0.20231379196047783","0.19539859890937805","0.2111002802848816","0.20120016857981682","0.19212403893470764","0.20978954434394836"
"3107","0.20389186218380928","0.18168629705905914","0.21968957781791687","0.20384887233376503","0.1804858148097992","0.21975547075271606"
"3108","0.20745323598384857","0.19933301210403442","0.22000643610954285","0.20857571810483932","0.1990978717803955","0.22038470208644867"
"3109","0.21144135296344757","0.20627667009830475","0.22050383687019348","0.21080432459712029","0.20601309835910797","0.2211863100528717"
"3110","0.20448757335543633","0.19412609934806824","0.2157527655363083","0.2044580951333046","0.19504395127296448","0.21627187728881836"
"3111","0.21049990132451057","0.19191019237041473","0.23759886622428894","0.21016819030046463","0.18974760174751282","0.2393040955066681"
"3112","0.21585608273744583","0.1942959427833557","0.23897743225097656","0.21819665655493736","0.19335676729679108","0.2386711835861206"
"3113","0.20342113450169563","0.189022034406662","0.20854920148849487","0.2034122422337532","0.18940815329551697","0.20934998989105225"
"3114","0.2110697291791439","0.19086380302906036","0.224718376994133","0.21168594434857368","0.19133681058883667","0.2284456044435501"
"3115","0.20494094491004944","0.19865164160728455","0.2208976298570633","0.20551759377121925","0.19842764735221863","0.21944262087345123"
"3116","0.20557129383087158","0.1984771192073822","0.2115795612335205","0.20689018070697784","0.20217567682266235","0.21055138111114502"
"3117","0.2120085507631302","0.1958344429731369","0.24559010565280914","0.21118133515119553","0.19447128474712372","0.24319621920585632"
"3118","0.20186826214194298","0.19317667186260223","0.2140931934118271","0.20305472612380981","0.19358527660369873","0.21385788917541504"
"3119","0.1935335472226143","0.18182969093322754","0.20473675429821014","0.192690160125494","0.18203571438789368","0.2044813632965088"
"3120","0.2002830132842064","0.18179026246070862","0.2104644477367401","0.19935400411486626","0.18229833245277405","0.20907410979270935"
"3121","0.20025476440787315","0.19477567076683044","0.20649679005146027","0.2004929929971695","0.19325275719165802","0.20888841152191162"
"3122","0.20454053208231926","0.18674319982528687","0.2269052118062973","0.20482244715094566","0.1873137205839157","0.22648325562477112"
"3123","0.21068869903683662","0.19349360466003418","0.22063453495502472","0.21136433631181717","0.19405792653560638","0.2193322330713272"
"3124","0.20444267988204956","0.19382846355438232","0.21266302466392517","0.20581462979316711","0.2003479301929474","0.21118052303791046"
"3125","0.206814993172884","0.1950603723526001","0.21855565905570984","0.2076936550438404","0.19348224997520447","0.22329214215278625"
"3126","0.1955481544137001","0.18994155526161194","0.20108520984649658","0.19554883241653442","0.18848681449890137","0.20253658294677734"
"3127","0.20838342234492302","0.1889539659023285","0.22638726234436035","0.20909462496638298","0.18939360976219177","0.23301781713962555"
"3128","0.2061372734606266","0.20295487344264984","0.21345148980617523","0.20723498985171318","0.20263123512268066","0.21422991156578064"
"3129","0.20420440286397934","0.1888228952884674","0.21636563539505005","0.20415134355425835","0.1893622875213623","0.2159995436668396"
"3130","0.18749816343188286","0.17586863040924072","0.19395099580287933","0.18575464934110641","0.17644351720809937","0.19017691910266876"
"3131","0.1956019103527069","0.1797090470790863","0.20425361394882202","0.1969614513218403","0.1861516684293747","0.20481018722057343"
"3132","0.20778873190283775","0.18716159462928772","0.23329858481884003","0.20760086923837662","0.18753191828727722","0.23376324772834778"
"3133","0.19947176054120064","0.1723875105381012","0.219781294465065","0.2005550004541874","0.178256094455719","0.22035455703735352"
"3134","0.20548242330551147","0.20020517706871033","0.20955581963062286","0.20259469002485275","0.19244815409183502","0.20986366271972656"
"3135","0.21060321480035782","0.19441400468349457","0.22727294266223907","0.21175797283649445","0.1942688226699829","0.2258458286523819"
"3136","0.20662135630846024","0.1985694319009781","0.2210107147693634","0.2063954994082451","0.19840285181999207","0.22170206904411316"
"3137","0.20907675847411156","0.1979682743549347","0.2261817306280136","0.2086550109088421","0.19849878549575806","0.22560638189315796"
"3138","0.2044331654906273","0.1872653216123581","0.2230985164642334","0.20381784811615944","0.18689917027950287","0.22182509303092957"
"3139","0.2125490866601467","0.2100735306739807","0.2187999039888382","0.2108289897441864","0.20391736924648285","0.21867753565311432"
"3140","0.19769864529371262","0.19386538863182068","0.2044474482536316","0.19701996073126793","0.19341593980789185","0.20308220386505127"
"3141","0.2068948931992054","0.19578829407691956","0.21807695925235748","0.20429222285747528","0.1962900012731552","0.20888273417949677"
"3142","0.2028638795018196","0.191383957862854","0.21463046967983246","0.20103250443935394","0.1910393089056015","0.20859430730342865"
"3143","0.2104499712586403","0.20274993777275085","0.22680853307247162","0.21146120131015778","0.2016817331314087","0.2269667685031891"
"3144","0.19961615279316902","0.1901421844959259","0.21056683361530304","0.19986948370933533","0.18975582718849182","0.20936743915081024"
"3145","0.2025540955364704","0.17180508375167847","0.22094501554965973","0.2047252655029297","0.181250661611557","0.2207869589328766"
"3146","0.18888326734304428","0.17342743277549744","0.20444320142269135","0.18839595839381218","0.1739928126335144","0.2029632329940796"
"3147","0.19761408492922783","0.19136741757392883","0.20950035750865936","0.19519944861531258","0.18289285898208618","0.20803317427635193"
"3148","0.2043464556336403","0.19686947762966156","0.21310795843601227","0.2045358531177044","0.19745531678199768","0.21177034080028534"
"3149","0.2014390006661415","0.18166393041610718","0.21446621417999268","0.2026352547109127","0.18770481646060944","0.2128545343875885"
"3150","0.20029666274785995","0.19157907366752625","0.20556138455867767","0.20127353817224503","0.1921117752790451","0.20499123632907867"
"3151","0.20063410699367523","0.1948750615119934","0.20597727596759796","0.19942304119467735","0.1945934295654297","0.20668259263038635"
"3152","0.20545226708054543","0.1945594698190689","0.2187095582485199","0.20626511052250862","0.19453734159469604","0.21868513524532318"
"3153","0.2003045454621315","0.18091744184494019","0.2139606773853302","0.20211919397115707","0.18944810330867767","0.21355536580085754"
"3154","0.19268165156245232","0.1769534945487976","0.20239326357841492","0.19103287905454636","0.17733681201934814","0.20082367956638336"
"3155","0.20154044404625893","0.19183045625686646","0.21944387257099152","0.20293711125850677","0.19621604681015015","0.2180875539779663"
"3156","0.21078960970044136","0.19461405277252197","0.22461818158626556","0.21180883795022964","0.1932159811258316","0.22456176578998566"
"3157","0.21052492782473564","0.20244021713733673","0.22179348766803741","0.20956704020500183","0.20105160772800446","0.22158432006835938"
"3158","0.20081306248903275","0.1876656413078308","0.2210698425769806","0.20113477855920792","0.18824374675750732","0.2199370414018631"
"3159","0.1962398998439312","0.18637117743492126","0.20704112946987152","0.1966135874390602","0.18505066633224487","0.20966649055480957"
"3160","0.2078014872968197","0.18377692997455597","0.22872312366962433","0.206640113145113","0.18369297683238983","0.22727975249290466"
"3161","0.19861503317952156","0.17989790439605713","0.2165738046169281","0.196699820458889","0.18039357662200928","0.21027666330337524"
"3162","0.20997847616672516","0.20236003398895264","0.21901842951774597","0.2098056711256504","0.20092451572418213","0.21867811679840088"
"3163","0.21186349540948868","0.1838868260383606","0.23467984795570374","0.2078757993876934","0.18443681299686432","0.2342468798160553"
"3164","0.20778806507587433","0.19989222288131714","0.2166539877653122","0.20763741061091423","0.19955581426620483","0.21529781818389893"
"3165","0.1970391385257244","0.18887661397457123","0.20191605389118195","0.19621840119361877","0.18762901425361633","0.20102852582931519"
"3166","0.20073096454143524","0.19032706320285797","0.21084359288215637","0.20265555381774902","0.19730091094970703","0.2114686369895935"
"3167","0.20861705020070076","0.19612015783786774","0.22640937566757202","0.20844165608286858","0.19660162925720215","0.22470523416996002"
"3169","0.1994665116071701","0.18820931017398834","0.21778786182403564","0.20126713812351227","0.1867881715297699","0.2173818200826645"
"3170","0.19592976942658424","0.18046510219573975","0.21108409762382507","0.19496376812458038","0.18014979362487793","0.20794260501861572"
"3171","0.20874803140759468","0.19010886549949646","0.21960346400737762","0.20991702377796173","0.19001321494579315","0.21850216388702393"
"3172","0.20078019425272942","0.1829274445772171","0.2238835096359253","0.2006530426442623","0.18344518542289734","0.22460556030273438"
"3173","0.20333201438188553","0.1991686224937439","0.2075643539428711","0.2025231309235096","0.19803784787654877","0.2051352560520172"
"3174","0.1995689570903778","0.18772195279598236","0.21035730838775635","0.20216818898916245","0.1875985562801361","0.20907363295555115"
"3175","0.21731074899435043","0.1963295191526413","0.2298605740070343","0.21823300048708916","0.20111402869224548","0.22839245200157166"
"3176","0.20315957069396973","0.1909807175397873","0.21413564682006836","0.2022218517959118","0.1886051595211029","0.2126770317554474"
"3177","0.19802772253751755","0.1860407441854477","0.2048250287771225","0.20253226161003113","0.19649581611156464","0.20549888908863068"
"3178","0.2071373648941517","0.2010214924812317","0.21459299325942993","0.20736857876181602","0.20087458193302155","0.21512439846992493"
"3179","0.19522249698638916","0.17979416251182556","0.20639434456825256","0.19384388998150826","0.17960503697395325","0.20682218670845032"
"3180","0.2000882290303707","0.19164974987506866","0.20546327531337738","0.1968223601579666","0.19150859117507935","0.20608024299144745"
"3181","0.2071894258260727","0.1944391131401062","0.21532505750656128","0.20566830039024353","0.19428500533103943","0.21407166123390198"
"3182","0.20601624995470047","0.19527903199195862","0.2180425375699997","0.20729157701134682","0.19612257182598114","0.21680355072021484"
"3183","0.20465148612856865","0.19062823057174683","0.23610493540763855","0.2062867432832718","0.19110733270645142","0.2346121221780777"
"3184","0.19293801113963127","0.18152247369289398","0.20143285393714905","0.19226180762052536","0.1795959770679474","0.19999960064888"
"3185","0.20722689107060432","0.19269245862960815","0.22082003951072693","0.20701958239078522","0.19321408867835999","0.2205130159854889"
"3186","0.2101535089313984","0.20519669353961945","0.21836762130260468","0.2093266360461712","0.20382586121559143","0.21759669482707977"
"3187","0.19812707975506783","0.18677011132240295","0.21663372218608856","0.19795692339539528","0.18745438754558563","0.2154025137424469"
"3188","0.20557168871164322","0.20183661580085754","0.21068087220191956","0.20580093190073967","0.20161911845207214","0.21124789118766785"
"3189","0.19746187329292297","0.1894211769104004","0.20847439765930176","0.19707395136356354","0.18820428848266602","0.20835942029953003"
"3190","0.2081652656197548","0.18403485417366028","0.23563288152217865","0.20667145773768425","0.18365183472633362","0.23416945338249207"
"3191","0.18834342062473297","0.17826244235038757","0.19986191391944885","0.18909507989883423","0.17868264019489288","0.20389685034751892"
"3192","0.2121237926185131","0.19758768379688263","0.21869127452373505","0.21419062465429306","0.19838768243789673","0.22445455193519592"
"3193","0.20370833203196526","0.1831633746623993","0.23249801993370056","0.20339127257466316","0.18367791175842285","0.23240730166435242"
"3194","0.20896221697330475","0.19869256019592285","0.2179369032382965","0.21114149689674377","0.20656992495059967","0.2164391726255417"
"3195","0.20380622521042824","0.19003641605377197","0.22261366248130798","0.202350452542305","0.1904725879430771","0.22246359288692474"
"3196","0.19997666403651237","0.19351069629192352","0.2042849361896515","0.2010432742536068","0.19213689863681793","0.20426678657531738"
"3197","0.20916291698813438","0.19577641785144806","0.22597888112068176","0.21184039860963821","0.19624285399913788","0.2256363034248352"
"3198","0.19979670643806458","0.18097563087940216","0.2130519300699234","0.19934382662177086","0.17979204654693604","0.21209152042865753"
"3199","0.19553416967391968","0.18972018361091614","0.20203259587287903","0.19515160098671913","0.188230499625206","0.2019527554512024"
"3200","0.19928448274731636","0.18746285140514374","0.20516671240329742","0.1978549286723137","0.18735620379447937","0.20300401747226715"
"3201","0.2030199095606804","0.18959151208400726","0.22596827149391174","0.20366434007883072","0.1894528716802597","0.22469057142734528"
"3202","0.20359143242239952","0.18765652179718018","0.22081491351127625","0.20227567851543427","0.18818742036819458","0.21646922826766968"
"3203","0.2076984867453575","0.2004784345626831","0.21757638454437256","0.20840872824192047","0.20096881687641144","0.22144030034542084"
"3204","0.20769454538822174","0.19294963777065277","0.22558307647705078","0.2053159922361374","0.19374525547027588","0.21696476638317108"
"3205","0.20258495211601257","0.1893543303012848","0.2227989137172699","0.20345352962613106","0.1879063993692398","0.227305069565773"
"3206","0.19859980046749115","0.19508220255374908","0.20195767283439636","0.19811704382300377","0.1942548006772995","0.20171523094177246"
"3207","0.2081553153693676","0.19085794687271118","0.21910104155540466","0.20916595309972763","0.19620321691036224","0.21764080226421356"
"3208","0.19652878493070602","0.18966835737228394","0.20518475770950317","0.1977829486131668","0.19020900130271912","0.20374765992164612"
"3209","0.21378705278038979","0.19947220385074615","0.22266873717308044","0.21362296864390373","0.19986462593078613","0.2222825288772583"
"3210","0.20190665870904922","0.18938569724559784","0.21878504753112793","0.20077025890350342","0.18635672330856323","0.21924042701721191"
"3211","0.20629455894231796","0.19986625015735626","0.21443790197372437","0.20508775860071182","0.19621539115905762","0.2140703648328781"
"3212","0.204649206250906","0.18467068672180176","0.23075160384178162","0.20453260838985443","0.18519344925880432","0.23129281401634216"
"3213","0.21492062136530876","0.20343637466430664","0.22525253891944885","0.20846696943044662","0.2008070945739746","0.21530604362487793"
"3214","0.19993063434958458","0.19412639737129211","0.20411980152130127","0.1997254639863968","0.19269344210624695","0.2077188342809677"
"3215","0.20905011519789696","0.19930747151374817","0.2188756912946701","0.20879137888550758","0.2046307772397995","0.21334290504455566"
"3216","0.20505790412425995","0.19243553280830383","0.22837179899215698","0.20283515006303787","0.18719333410263062","0.22699734568595886"
"3217","0.20718380063772202","0.1939437985420227","0.22476276755332947","0.20436207577586174","0.19101718068122864","0.21944846212863922"
"3218","0.21168359369039536","0.18902862071990967","0.22709834575653076","0.2099016308784485","0.1875356286764145","0.22274956107139587"
"3219","0.19389654695987701","0.18602178990840912","0.20982146263122559","0.1917121410369873","0.1815965175628662","0.20622730255126953"
"3220","0.20423201471567154","0.1922837793827057","0.21057382225990295","0.20348065719008446","0.18876516819000244","0.2120232731103897"
"3221","0.2039693146944046","0.18974335491657257","0.22449731826782227","0.2028437703847885","0.19023147225379944","0.2184179425239563"
"3222","0.21293479204177856","0.2057264745235443","0.22277462482452393","0.21213870495557785","0.20722800493240356","0.21662047505378723"
"3223","0.19855817779898643","0.19234398007392883","0.2048799693584442","0.19704031944274902","0.190847247838974","0.2028910219669342"
"3224","0.20539678633213043","0.19571438431739807","0.21406042575836182","0.2028694972395897","0.19631047546863556","0.2100706398487091"
"3225","0.1986585408449173","0.18900087475776672","0.20304539799690247","0.19684767723083496","0.18774865567684174","0.20319777727127075"
"3226","0.19036037102341652","0.18008172512054443","0.2008611261844635","0.18928835541009903","0.18096351623535156","0.19639834761619568"
"3227","0.20542635396122932","0.1964452862739563","0.21298840641975403","0.2042524218559265","0.1969555765390396","0.20932039618492126"
"3228","0.21405772119760513","0.20494845509529114","0.2283526062965393","0.21479277312755585","0.20343761146068573","0.22356578707695007"
"3229","0.19589893147349358","0.18609023094177246","0.2095908373594284","0.1931498423218727","0.18471591174602509","0.20566712319850922"
"3230","0.20720713213086128","0.19553254544734955","0.22229722142219543","0.2054782584309578","0.1960379183292389","0.21653614938259125"
"3231","0.20030748844146729","0.1904335469007492","0.21423311531543732","0.19983642920851707","0.1894497275352478","0.21727260947227478"
"3232","0.21175477653741837","0.20146265625953674","0.22323699295520782","0.21145089715719223","0.20506618916988373","0.21944792568683624"
"3233","0.20685548335313797","0.2004382610321045","0.21473947167396545","0.20566090568900108","0.1990128606557846","0.21523550152778625"
"3234","0.20124529674649239","0.18230469524860382","0.21322087943553925","0.20085841044783592","0.18645428121089935","0.21364416182041168"
"3235","0.1983463019132614","0.18723224103450775","0.2062385082244873","0.19804328680038452","0.18782034516334534","0.20277756452560425"
"3236","0.20541135966777802","0.19830402731895447","0.21747344732284546","0.2049664780497551","0.19889140129089355","0.21305489540100098"
"3237","0.20127089694142342","0.19465363025665283","0.20898577570915222","0.19839004427194595","0.18968474864959717","0.2051854431629181"
"3239","0.1992543488740921","0.1774519383907318","0.2237081527709961","0.2034732699394226","0.18609830737113953","0.2290314882993698"
"3240","0.21230385079979897","0.19135494530200958","0.22830143570899963","0.20868699625134468","0.1858917772769928","0.2287120372056961"
"3241","0.20489362254738808","0.19677229225635529","0.21141305565834045","0.199189443141222","0.19128017127513885","0.20857876539230347"
"3242","0.20251810550689697","0.1894584447145462","0.21261772513389587","0.20417076349258423","0.1880870759487152","0.2131577432155609"
"3243","0.1964556649327278","0.19122624397277832","0.20570111274719238","0.1969858855009079","0.18986915051937103","0.20691919326782227"
"3244","0.2006521038711071","0.19727329909801483","0.2043064534664154","0.20490076765418053","0.1977767050266266","0.21477767825126648"
"3245","0.20738543570041656","0.2030971646308899","0.21229150891304016","0.20779134333133698","0.20498216152191162","0.2130587249994278"
"3246","0.19648926705121994","0.19231456518173218","0.19940847158432007","0.19207429885864258","0.1838306188583374","0.1968168318271637"
"3247","0.1931673251092434","0.18024781346321106","0.21795178949832916","0.19412771612405777","0.17688429355621338","0.21641695499420166"
"3248","0.1979597881436348","0.19285331666469574","0.20186573266983032","0.19514544308185577","0.19017571210861206","0.19936597347259521"
"3249","0.2058882899582386","0.19484367966651917","0.22590476274490356","0.2024938426911831","0.19370561838150024","0.21614393591880798"
"3250","0.20294921472668648","0.19427090883255005","0.2117052525281906","0.20501340925693512","0.19355358183383942","0.21994468569755554"
"3251","0.20412344485521317","0.20081473886966705","0.2109028846025467","0.2049422636628151","0.2009117156267166","0.21562841534614563"
"3252","0.20316237211227417","0.1921474188566208","0.21834209561347961","0.20254389941692352","0.19395464658737183","0.21885548532009125"
"3253","0.18399927392601967","0.17236265540122986","0.1916140913963318","0.18639368936419487","0.17280489206314087","0.19595324993133545"
"3254","0.20067792758345604","0.18805362284183502","0.20917817950248718","0.2026621177792549","0.19671544432640076","0.20943737030029297"
"3255","0.2124156802892685","0.19059047102928162","0.24220740795135498","0.20686809346079826","0.1911950558423996","0.23239296674728394"
"3256","0.20216325670480728","0.19336001574993134","0.2185239940881729","0.20074797794222832","0.1887899488210678","0.21834954619407654"
"3257","0.20488722622394562","0.1948283463716507","0.21076585352420807","0.20131569728255272","0.19280681014060974","0.20950648188591003"
"3258","0.20444781705737114","0.18456010520458221","0.21232570707798004","0.20194271206855774","0.18323495984077454","0.21220864355564117"
"3259","0.20352959632873535","0.19541814923286438","0.2120431810617447","0.20626422762870789","0.20040297508239746","0.21255972981452942"
"3260","0.199188482016325","0.18126170337200165","0.2119419276714325","0.20245204120874405","0.18898224830627441","0.21249017119407654"
"3261","0.2001330442726612","0.190675750374794","0.20937849581241608","0.19828235357999802","0.19043175876140594","0.20297566056251526"
"3262","0.20414575934410095","0.19182367622852325","0.2183685302734375","0.207774568349123","0.19842612743377686","0.21722416579723358"
"3263","0.2065945267677307","0.19396615028381348","0.22143101692199707","0.20139985159039497","0.19099830090999603","0.2219085842370987"
"3264","0.20858902484178543","0.19927147030830383","0.22906288504600525","0.20562535896897316","0.19797179102897644","0.2179325371980667"
"3265","0.20501240715384483","0.2028278112411499","0.2099829614162445","0.2075849324464798","0.20229126513004303","0.2104877233505249"
"3266","0.1936931386590004","0.18436352908611298","0.2038377970457077","0.19089138880372047","0.18486489355564117","0.1962166726589203"
"3267","0.21435627341270447","0.18656671047210693","0.22772914171218872","0.21589042246341705","0.19587358832359314","0.22864459455013275"
"3268","0.1992219313979149","0.19394327700138092","0.20419764518737793","0.19938376173377037","0.19317428767681122","0.2059156447649002"
"3269","0.19662964344024658","0.18644221127033234","0.21491461992263794","0.18939173966646194","0.1829635202884674","0.19914576411247253"
"3270","0.1882052756845951","0.16773721575737","0.20927517116069794","0.18612970411777496","0.16826701164245605","0.2059660702943802"
"3271","0.1928265504539013","0.1841305047273636","0.2027154564857483","0.19257796183228493","0.1827993392944336","0.1974523961544037"
"3272","0.20164620131254196","0.1930297464132309","0.2078859508037567","0.20150769501924515","0.19791670143604279","0.20637951791286469"
"3273","0.1998055912554264","0.18623240292072296","0.21861062943935394","0.19880026951432228","0.19003382325172424","0.21909576654434204"
"3274","0.20636022090911865","0.19709990918636322","0.22376103699207306","0.20419782400131226","0.19343075156211853","0.22231732308864594"
"3275","0.2067488729953766","0.19728896021842957","0.22374019026756287","0.20698901638388634","0.1970861554145813","0.22223518788814545"
"3276","0.19740388542413712","0.18736964464187622","0.202615886926651","0.19790758192539215","0.19128569960594177","0.20329944789409637"
"3277","0.20285377651453018","0.19907575845718384","0.20765744149684906","0.20094211399555206","0.19769105315208435","0.20306167006492615"
"3278","0.20217210054397583","0.19414542615413666","0.2120850682258606","0.19916247949004173","0.19438762962818146","0.2074267566204071"
"3279","0.19538382813334465","0.18078769743442535","0.21564696729183197","0.1947089247405529","0.18142467737197876","0.21418321132659912"
"3280","0.21222177892923355","0.19567856192588806","0.2369609773159027","0.20984069257974625","0.1954364776611328","0.23556670546531677"
"3281","0.20259187370538712","0.19679178297519684","0.20836710929870605","0.20110413804650307","0.19483691453933716","0.20698504149913788"
"3282","0.20632429048419","0.19810721278190613","0.221307173371315","0.2055371329188347","0.19827213883399963","0.21831706166267395"
"3283","0.19801367819309235","0.1890680193901062","0.21607890725135803","0.19394602626562119","0.18209874629974365","0.21458731591701508"
"3284","0.21206692978739738","0.19415603578090668","0.22620728611946106","0.209330502897501","0.19461187720298767","0.22478032112121582"
"3285","0.20232810825109482","0.1885707676410675","0.224138081073761","0.19755877926945686","0.18216751515865326","0.22275851666927338"
"3286","0.20252779871225357","0.19647949934005737","0.20548567175865173","0.20250258222222328","0.19692417979240417","0.20481066405773163"
"3287","0.19833631813526154","0.18241041898727417","0.2106265425682068","0.20251674205064774","0.19195802509784698","0.21154522895812988"
"3288","0.20264306664466858","0.18849831819534302","0.21800659596920013","0.19937795028090477","0.1889675259590149","0.21644192934036255"
"3289","0.2034280002117157","0.18388213217258453","0.2138240784406662","0.20112766698002815","0.17995257675647736","0.21223540604114532"
"3290","0.20386432483792305","0.1940234750509262","0.21777504682540894","0.20337267592549324","0.19041389226913452","0.21830321848392487"
"3291","0.20523442327976227","0.1814056932926178","0.22259896993637085","0.20574110746383667","0.18199758231639862","0.2208239734172821"
"3292","0.21729444712400436","0.20896059274673462","0.2238195389509201","0.2164449244737625","0.20960329473018646","0.2222953885793686"
"3293","0.2046711966395378","0.19297847151756287","0.21685513854026794","0.2055729143321514","0.19525402784347534","0.21902504563331604"
"3294","0.20321450382471085","0.18071037530899048","0.2235015630722046","0.20356693118810654","0.17940400540828705","0.2239854633808136"
"3295","0.20159142091870308","0.19341802597045898","0.20794427394866943","0.20018154755234718","0.19818061590194702","0.20476862788200378"
"3296","0.20144901797175407","0.18143971264362335","0.21660782396793365","0.20265425369143486","0.1831599324941635","0.22040753066539764"
"3297","0.21679512038826942","0.20327633619308472","0.24172544479370117","0.2114885039627552","0.20175078511238098","0.22106648981571198"
"3298","0.20312635973095894","0.19110870361328125","0.2120685577392578","0.19938276708126068","0.1837226003408432","0.21266791224479675"
"3299","0.19880978390574455","0.18055105209350586","0.2141118198633194","0.1960935741662979","0.18098776042461395","0.21281927824020386"
"3300","0.19761426374316216","0.19237622618675232","0.2054504007101059","0.19823702424764633","0.19287656247615814","0.2089693397283554"
"3301","0.2146855778992176","0.20444893836975098","0.22364093363285065","0.21110587567090988","0.20494064688682556","0.21640728414058685"
"3302","0.19539328664541245","0.18959486484527588","0.1994602233171463","0.19666073098778725","0.1900513768196106","0.2013547718524933"
"3303","0.19809480756521225","0.18181544542312622","0.21168138086795807","0.19660503044724464","0.18223093450069427","0.21030950546264648"
"3304","0.1970577910542488","0.18342313170433044","0.21253740787506104","0.19917826727032661","0.18635274469852448","0.21898400783538818"
"3305","0.214076429605484","0.19735431671142578","0.22721807658672333","0.22715305909514427","0.1945529580116272","0.28286996483802795"
"3306","0.20081452652812004","0.18556025624275208","0.2122756838798523","0.2016739770770073","0.18763795495033264","0.2144603729248047"
"3307","0.19238198548555374","0.186220183968544","0.1982014775276184","0.19114557653665543","0.18963025510311127","0.19391369819641113"
"3308","0.19714262336492538","0.18680530786514282","0.20203420519828796","0.1963382586836815","0.18667449057102203","0.20044204592704773"
"3309","0.19339725375175476","0.18228784203529358","0.20437867939472198","0.19093043729662895","0.18110418319702148","0.19788184762001038"
"3310","0.20506774634122849","0.18512408435344696","0.22347800433635712","0.1989608071744442","0.1854938268661499","0.2219662070274353"
"3311","0.1965717226266861","0.18943288922309875","0.20754480361938477","0.1977287083864212","0.19245196878910065","0.20803524553775787"
"3312","0.21227127686142921","0.2037915587425232","0.22940956056118011","0.21139196306467056","0.2018648386001587","0.22863057255744934"
"3313","0.2027294561266899","0.18993961811065674","0.21500572562217712","0.2041354887187481","0.1934635043144226","0.21789124608039856"
"3314","0.2024100013077259","0.18468953669071198","0.22075994312763214","0.20356184244155884","0.18334005773067474","0.22130784392356873"
"3315","0.1987982727587223","0.19606272876262665","0.20458924770355225","0.20029889047145844","0.19459937512874603","0.2055433690547943"
"3316","0.2139187827706337","0.20265302062034607","0.22317609190940857","0.21159426867961884","0.2030685842037201","0.22150391340255737"
"3317","0.19866620749235153","0.1842973679304123","0.21201074123382568","0.1975412629544735","0.18342627584934235","0.21366910636425018"
"3318","0.1970367394387722","0.17930138111114502","0.20900341868400574","0.19566510990262032","0.17964529991149902","0.2077009230852127"
"3319","0.20688078925013542","0.19377501308918","0.22333107888698578","0.20635120198130608","0.19434574246406555","0.22726628184318542"
"3320","0.19544761255383492","0.18949063122272491","0.2029186189174652","0.1947314515709877","0.1878843605518341","0.20198115706443787"
"3321","0.20829128101468086","0.19396691024303436","0.21401363611221313","0.2100372463464737","0.1925516426563263","0.21868237853050232"
"3322","0.1984754130244255","0.19659899175167084","0.20319807529449463","0.20080341026186943","0.1953577995300293","0.20646008849143982"
"3323","0.199977308511734","0.19546173512935638","0.20251306891441345","0.19832604005932808","0.1957533210515976","0.20102141797542572"
"3324","0.19779758900403976","0.18032805621623993","0.21626487374305725","0.19551575183868408","0.18076911568641663","0.214888334274292"
"3325","0.20085004717111588","0.19583089649677277","0.2067750245332718","0.20088890567421913","0.1958840787410736","0.20731540024280548"
"3326","0.20004038140177727","0.18745526671409607","0.20607313513755798","0.1977160945534706","0.18796469271183014","0.20267429947853088"
"3327","0.21019689366221428","0.20520713925361633","0.22064419090747833","0.20931045711040497","0.2029578536748886","0.2212350070476532"
"3328","0.19788780435919762","0.18835924565792084","0.20248085260391235","0.19643617048859596","0.18877218663692474","0.20293372869491577"
"3329","0.19307798892259598","0.18714390695095062","0.20537540316581726","0.19070059061050415","0.1794513463973999","0.2039555311203003"
"3330","0.19551856815814972","0.1860835701227188","0.20404298603534698","0.19285879656672478","0.18208807706832886","0.20445719361305237"
"3332","0.19736140593886375","0.17650356888771057","0.2123761624097824","0.19831599295139313","0.17695680260658264","0.21368804574012756"
"3333","0.19135747849941254","0.1784292459487915","0.20145101845264435","0.18930267915129662","0.17885451018810272","0.19910544157028198"
"3334","0.20589937642216682","0.18311826884746552","0.22855718433856964","0.20267173275351524","0.183604434132576","0.22497501969337463"
"3335","0.19742844253778458","0.18294303119182587","0.20390917360782623","0.19363953173160553","0.18334484100341797","0.19982179999351501"
"3336","0.20280534774065018","0.18051815032958984","0.21898415684700012","0.19914032146334648","0.18103139102458954","0.21076098084449768"
"3337","0.2015908993780613","0.19354085624217987","0.2117874026298523","0.20157882198691368","0.19660300016403198","0.20959989726543427"
"3338","0.1989618018269539","0.18943528831005096","0.20597046613693237","0.1987689547240734","0.18801338970661163","0.20408442616462708"
"3339","0.21177885681390762","0.20536474883556366","0.21989206969738007","0.20893947780132294","0.20581287145614624","0.21403485536575317"
"3340","0.1990460865199566","0.18956038355827332","0.20778164267539978","0.1975671499967575","0.1859118640422821","0.2081921547651291"
"3341","0.19322993978857994","0.1868979036808014","0.20091722905635834","0.19182781875133514","0.18595640361309052","0.1969241499900818"
"3342","0.19450287148356438","0.18501928448677063","0.20036979019641876","0.19457819312810898","0.18557173013687134","0.2011408805847168"
"3343","0.1957109309732914","0.17850571870803833","0.20544776320457458","0.1975417695939541","0.18646708130836487","0.20391038060188293"
"3344","0.2089342698454857","0.19864284992218018","0.23035703599452972","0.20651039853692055","0.19739705324172974","0.2228468358516693"
"3345","0.21979520469903946","0.21633756160736084","0.22278223931789398","0.22226741909980774","0.21961693465709686","0.2250150740146637"
"3346","0.2006400264799595","0.19185870885849","0.2115539163351059","0.20152312517166138","0.19601574540138245","0.21000820398330688"
"3347","0.19778388366103172","0.18442395329475403","0.21401719748973846","0.19366422668099403","0.1789543181657791","0.21141397953033447"
"3348","0.19974898546934128","0.1860862672328949","0.21211351454257965","0.19717402756214142","0.18676331639289856","0.20620697736740112"
"3349","0.212741669267416","0.18331795930862427","0.2283957302570343","0.21434757485985756","0.18404661118984222","0.22786177694797516"
"3350","0.2022925727069378","0.18932482600212097","0.2208581268787384","0.20314264670014381","0.18901553750038147","0.22139057517051697"
"3351","0.20457880198955536","0.19418741762638092","0.2231699377298355","0.20118675753474236","0.19466815888881683","0.21001036465168"
"3352","0.2027648352086544","0.1832582652568817","0.21825335919857025","0.19836698845028877","0.17520518600940704","0.21856844425201416"
"3353","0.19878743216395378","0.19223810732364655","0.20559194684028625","0.19963934645056725","0.19140580296516418","0.20738396048545837"
"3354","0.20813094452023506","0.1949879229068756","0.21779854595661163","0.2033887356519699","0.1861291378736496","0.21615013480186462"
"3355","0.1988050788640976","0.1911850869655609","0.20395055413246155","0.20005062967538834","0.19400566816329956","0.20706486701965332"
"3356","0.21462922915816307","0.21044208109378815","0.21913045644760132","0.2119072824716568","0.20725831389427185","0.21587415039539337"
"3357","0.19734236598014832","0.18138907849788666","0.21097920835018158","0.19764941185712814","0.17986667156219482","0.21303966641426086"
"3358","0.20339882001280785","0.18671584129333496","0.2162231206893921","0.20590528473258018","0.19548217952251434","0.21836015582084656"
"3359","0.2070988342165947","0.18948891758918762","0.22283437848091125","0.20715824887156487","0.1921803206205368","0.22129034996032715"
"3360","0.19373194873332977","0.18682365119457245","0.1983506679534912","0.19193169102072716","0.1857241690158844","0.19809463620185852"
"3361","0.209455955773592","0.19317872822284698","0.2241683155298233","0.20854350924491882","0.18870927393436432","0.22490337491035461"
"3362","0.20560739189386368","0.1908714473247528","0.21621307730674744","0.2038639299571514","0.1912028193473816","0.21407100558280945"
"3363","0.1969284527003765","0.1784767359495163","0.21969452500343323","0.19784042984247208","0.17896583676338196","0.2172795534133911"
"3364","0.19438975304365158","0.18029078841209412","0.2038251757621765","0.19759147986769676","0.17896708846092224","0.20456334948539734"
"3365","0.2092372514307499","0.19763612747192383","0.22051246464252472","0.20854228362441063","0.19756318628787994","0.22101935744285583"
"3366","0.20123432949185371","0.194701686501503","0.20718297362327576","0.20081275328993797","0.19566597044467926","0.20774222910404205"
"3367","0.21049665659666061","0.2066406011581421","0.2201336920261383","0.20752227306365967","0.20088699460029602","0.21846845746040344"
"3368","0.18950163200497627","0.1783899962902069","0.19925466179847717","0.19154135510325432","0.1769038885831833","0.206451416015625"
"3369","0.20294973626732826","0.1754635125398636","0.2257201075553894","0.2042873129248619","0.17419880628585815","0.22695383429527283"
"3370","0.19860178232192993","0.17668363451957703","0.21829810738563538","0.19595514237880707","0.17718510329723358","0.21591448783874512"
"3371","0.1946415789425373","0.17312103509902954","0.20772521197795868","0.19392336905002594","0.17362411320209503","0.205924391746521"
"3372","0.20024292543530464","0.18926122784614563","0.20530438423156738","0.20193926617503166","0.19542130827903748","0.2057328224182129"
"3373","0.2095823995769024","0.2003040313720703","0.21478809416294098","0.20669684559106827","0.1987554281949997","0.2117457538843155"
"3374","0.19875755906105042","0.18977698683738708","0.216427743434906","0.1995704062283039","0.18841466307640076","0.21461766958236694"
"3375","0.20033765211701393","0.19305679202079773","0.21741650998592377","0.1977359727025032","0.18851515650749207","0.21802833676338196"
"3376","0.19813985377550125","0.18168090283870697","0.20773041248321533","0.19686555489897728","0.18172504007816315","0.20573043823242188"
"3377","0.2019747458398342","0.1854199767112732","0.2270287126302719","0.20245130732655525","0.1860019564628601","0.22531922161579132"
"3378","0.19915678724646568","0.18906033039093018","0.21460872888565063","0.1987823210656643","0.18926122784614563","0.21309132874011993"
"3379","0.2028215378522873","0.17929571866989136","0.21333275735378265","0.20179186388850212","0.1798083782196045","0.21184399724006653"
"3380","0.19404514506459236","0.18267805874347687","0.20578333735466003","0.19877246394753456","0.18127590417861938","0.20811283588409424"
"3381","0.2116273082792759","0.20097868144512177","0.22483325004577637","0.20880254358053207","0.20159201323986053","0.21548058092594147"
"3382","0.1924007125198841","0.17600183188915253","0.20646801590919495","0.18972302228212357","0.17660722136497498","0.20816853642463684"
"3383","0.20658275485038757","0.19504393637180328","0.22693069279193878","0.2022808901965618","0.18990729749202728","0.2157561182975769"
"3384","0.20127082616090775","0.1978282332420349","0.20929032564163208","0.20077738910913467","0.19628186523914337","0.20976710319519043"
"3385","0.20427514985203743","0.19885003566741943","0.20852607488632202","0.20529500767588615","0.20055228471755981","0.21168871223926544"
"3386","0.20514356717467308","0.19631153345108032","0.21838538348674774","0.20299753919243813","0.19321949779987335","0.21374326944351196"
"3387","0.19780093804001808","0.19184303283691406","0.20251798629760742","0.1992066502571106","0.19525185227394104","0.20234476029872894"
"3388","0.20152142271399498","0.18840104341506958","0.20841732621192932","0.20257606357336044","0.19480222463607788","0.20731067657470703"
"3389","0.19102593138813972","0.18122607469558716","0.19683584570884705","0.1925850585103035","0.18172335624694824","0.20488247275352478"
"3390","0.2061546966433525","0.20024803280830383","0.21048986911773682","0.2079204022884369","0.20630332827568054","0.2096107453107834"
"3391","0.19178174436092377","0.17752787470817566","0.20043067634105682","0.18994086608290672","0.17810532450675964","0.19817551970481873"
"3392","0.20721789076924324","0.19554106891155243","0.22406259179115295","0.20597711578011513","0.1993722766637802","0.2224748581647873"
"3393","0.20573482289910316","0.1930890679359436","0.2200368344783783","0.20624464750289917","0.19416795670986176","0.22176264226436615"
"3394","0.20216987282037735","0.18075676262378693","0.21822106838226318","0.2015640065073967","0.1826656460762024","0.21868735551834106"
"3395","0.20813418179750443","0.20463109016418457","0.21270674467086792","0.20996345952153206","0.205118328332901","0.21271465718746185"
"3396","0.19909441098570824","0.18766041100025177","0.2114042043685913","0.19757135584950447","0.18852970004081726","0.20523065328598022"
"3397","0.19731730967760086","0.18781733512878418","0.20433157682418823","0.19674033299088478","0.1883891075849533","0.2032623291015625"
"3398","0.20346764102578163","0.18769557774066925","0.22034433484077454","0.2005980983376503","0.17884884774684906","0.21878524124622345"
"3399","0.20155082270503044","0.18363896012306213","0.21335525810718536","0.20110222324728966","0.18435639142990112","0.2123843878507614"
"3400","0.19674445688724518","0.1884869486093521","0.2009056657552719","0.1985827274620533","0.18912960588932037","0.2030627727508545"
"3402","0.19227613136172295","0.18032844364643097","0.1973750740289688","0.1914956197142601","0.1805466115474701","0.19642814993858337"
"3403","0.2069573663175106","0.19174762070178986","0.21588727831840515","0.2033691368997097","0.19025105237960815","0.21087738871574402"
"3404","0.2009122520685196","0.19414708018302917","0.20904070138931274","0.20098042115569115","0.19292360544204712","0.2099669873714447"
"3405","0.20237569883465767","0.19418297708034515","0.22066117823123932","0.2066245786845684","0.1927473396062851","0.2284533679485321"
"3406","0.19739053398370743","0.17894107103347778","0.21402527391910553","0.1952899731695652","0.17909395694732666","0.21234236657619476"
"3407","0.19651087373495102","0.1855188012123108","0.21804609894752502","0.19636431708931923","0.18557403981685638","0.21818992495536804"
"3408","0.20774761587381363","0.1997159868478775","0.22205816209316254","0.20936718583106995","0.20299911499023438","0.223267063498497"
"3409","0.19081233069300652","0.18420787155628204","0.19563734531402588","0.19194024801254272","0.1847926527261734","0.19857631623744965"
"3410","0.21151352301239967","0.20353299379348755","0.2237543910741806","0.21327917277812958","0.20189853012561798","0.2303280383348465"
"3411","0.19056739658117294","0.17604532837867737","0.19822099804878235","0.187702938914299","0.17228476703166962","0.19863653182983398"
"3412","0.20006092637777328","0.18599027395248413","0.20965972542762756","0.19605674222111702","0.18403960764408112","0.2081739604473114"
"3413","0.1930961310863495","0.1863526701927185","0.20172852277755737","0.1934213638305664","0.18349123001098633","0.20241886377334595"
"3414","0.19525565579533577","0.18364465236663818","0.21448495984077454","0.1945737823843956","0.18280865252017975","0.2103545367717743"
"3415","0.1990392915904522","0.19164179265499115","0.20242427289485931","0.19836004823446274","0.19041764736175537","0.20302315056324005"
"3416","0.1995421089231968","0.1849333643913269","0.20764222741127014","0.19994397833943367","0.18805430829524994","0.2064674198627472"
"3417","0.20236961916089058","0.1942143440246582","0.21266111731529236","0.20188958570361137","0.19482441246509552","0.21122899651527405"
"3418","0.19429364055395126","0.1898374855518341","0.19667866826057434","0.1968773677945137","0.19452884793281555","0.20089738070964813"
"3419","0.19484055787324905","0.1869535893201828","0.20100432634353638","0.18978412449359894","0.17449934780597687","0.19953112304210663"
"3420","0.1899692751467228","0.1648298054933548","0.21034814417362213","0.19009368494153023","0.16620716452598572","0.2108248919248581"
"3421","0.19459576159715652","0.18470565974712372","0.20432151854038239","0.19372061267495155","0.1833639144897461","0.20485343039035797"
"3422","0.2011784315109253","0.18921199440956116","0.22448775172233582","0.2007894441485405","0.18781141936779022","0.22761483490467072"
"3423","0.1955956183373928","0.18148954212665558","0.2109876573085785","0.19614578410983086","0.18739551305770874","0.21161238849163055"
"3424","0.19858480244874954","0.18395313620567322","0.22005796432495117","0.19564153626561165","0.18444037437438965","0.21493856608867645"
"3425","0.20208732783794403","0.189321368932724","0.21995902061462402","0.20036359503865242","0.19138513505458832","0.21825087070465088"
"3426","0.21022412180900574","0.19971825182437897","0.2176009565591812","0.21102620661258698","0.19811882078647614","0.22067075967788696"
"3427","0.20002279803156853","0.18035629391670227","0.21402987837791443","0.19898760691285133","0.18089738488197327","0.20897115767002106"
"3428","0.21009546145796776","0.1958240568637848","0.2166210561990738","0.21021128445863724","0.19648978114128113","0.21523021161556244"
"3429","0.20027431845664978","0.19091491401195526","0.20546402037143707","0.2012922279536724","0.19157704710960388","0.21017543971538544"
"3430","0.1997399441897869","0.19079667329788208","0.2144571840763092","0.1984896883368492","0.19155152142047882","0.20540107786655426"
"3431","0.1997886560857296","0.19220353662967682","0.21232101321220398","0.199454415589571","0.19081468880176544","0.21213240921497345"
"3432","0.1869567185640335","0.18351417779922485","0.1916474997997284","0.18899598717689514","0.18615186214447021","0.19326072931289673"
"3433","0.19882195815443993","0.18939775228500366","0.21360692381858826","0.19856145977973938","0.1879143863916397","0.21231265366077423"
"3434","0.21110504120588303","0.20086395740509033","0.2205130010843277","0.20963430777192116","0.20027568936347961","0.21792688965797424"
"3435","0.2006872333586216","0.18078063428401947","0.21312279999256134","0.19964472204446793","0.18137969076633453","0.2136142998933792"
"3436","0.1913009211421013","0.18790031969547272","0.20068466663360596","0.185660257935524","0.17692160606384277","0.20109742879867554"
"3437","0.19427143037319183","0.18743452429771423","0.20937597751617432","0.19376632943749428","0.18794116377830505","0.2056855857372284"
"3438","0.19332045316696167","0.17876334488391876","0.2088686227798462","0.19482092186808586","0.17726238071918488","0.20941975712776184"
"3439","0.2033025100827217","0.19122889637947083","0.21797743439674377","0.2019914872944355","0.18958479166030884","0.21963214874267578"
"3440","0.20109152048826218","0.1937616765499115","0.21547266840934753","0.19545383006334305","0.18946538865566254","0.20365135371685028"
"3441","0.1986435018479824","0.17593137919902802","0.2162300944328308","0.20079276338219643","0.17644496262073517","0.21597640216350555"
"3442","0.20414524525403976","0.18975399434566498","0.2181926667690277","0.20034842565655708","0.18018637597560883","0.21343955397605896"
"3443","0.20508542656898499","0.19059889018535614","0.21970871090888977","0.20322152599692345","0.19001266360282898","0.21738746762275696"
"3444","0.20368796214461327","0.19496141374111176","0.2131337970495224","0.20276781544089317","0.19551512598991394","0.209260493516922"
"3445","0.19869063794612885","0.18553197383880615","0.219663605093956","0.1997889094054699","0.18703141808509827","0.22015753388404846"
"3446","0.20885063335299492","0.1887694001197815","0.22193700075149536","0.2073279358446598","0.1894027143716812","0.22279629111289978"
"3447","0.19994309917092323","0.18656861782073975","0.21649682521820068","0.20079457759857178","0.19168120622634888","0.21699398756027222"
"3448","0.19493469968438148","0.18726006150245667","0.20822171866893768","0.19450414553284645","0.18790239095687866","0.20392118394374847"
"3449","0.19409503042697906","0.18327316641807556","0.19996297359466553","0.19262158870697021","0.18430785834789276","0.20044806599617004"
"3450","0.2049124911427498","0.20081877708435059","0.21016284823417664","0.20819811895489693","0.19942930340766907","0.21178025007247925"
"3451","0.19590551033616066","0.1797759234905243","0.20744070410728455","0.1922314129769802","0.18034759163856506","0.20610389113426208"
"3452","0.19718116521835327","0.18010643124580383","0.20310866832733154","0.1926581673324108","0.1732056438922882","0.20349416136741638"
"3453","0.1978738158941269","0.19339224696159363","0.20320791006088257","0.19720041751861572","0.19087763130664825","0.20375129580497742"
"3454","0.20707762613892555","0.20095789432525635","0.21651536226272583","0.20381898060441017","0.19961126148700714","0.2084716111421585"
"3455","0.20417942851781845","0.18971408903598785","0.21685171127319336","0.20321527123451233","0.19022637605667114","0.21109816431999207"
"3456","0.1910327970981598","0.18148669600486755","0.20065517723560333","0.1895710937678814","0.18186452984809875","0.19964919984340668"
"3457","0.19709062948822975","0.19095379114151","0.20421990752220154","0.19785507768392563","0.19354036450386047","0.2024870663881302"
"3458","0.2079310268163681","0.1979960948228836","0.21818901598453522","0.20895491912961006","0.19946695864200592","0.21892474591732025"
"3459","0.20210113003849983","0.18856531381607056","0.212279811501503","0.2017894983291626","0.18960408866405487","0.21267972886562347"
"3460","0.19266727194190025","0.17842724919319153","0.20001354813575745","0.1955190934240818","0.17897763848304749","0.20294825732707977"
"3461","0.19511225447058678","0.18088501691818237","0.2108854055404663","0.19436511769890785","0.18153031170368195","0.21192219853401184"
"3462","0.1948278769850731","0.18422198295593262","0.20620518922805786","0.19260765239596367","0.1826125532388687","0.20006641745567322"
"3463","0.19016122072935104","0.1854262351989746","0.19474750757217407","0.18713771179318428","0.18406113982200623","0.18931514024734497"
"3464","0.18711808323860168","0.17679890990257263","0.19607025384902954","0.19009434431791306","0.1865476369857788","0.19473227858543396"
"3465","0.20572509989142418","0.18718568980693817","0.22304165363311768","0.2029145509004593","0.18213196098804474","0.22361266613006592"
"3466","0.19918327406048775","0.1858372688293457","0.20497199892997742","0.19851065427064896","0.1868509203195572","0.20365393161773682"
"3467","0.20387780293822289","0.19413456320762634","0.21568140387535095","0.20245087891817093","0.18897242844104767","0.2144809365272522"
"3468","0.19746695086359978","0.18037736415863037","0.2087213099002838","0.19721496477723122","0.18176938593387604","0.20928820967674255"
"3469","0.19561655819416046","0.17182528972625732","0.22516003251075745","0.19853707030415535","0.17882074415683746","0.22254818677902222"
"3470","0.19512273743748665","0.18469402194023132","0.20613957941532135","0.1957927606999874","0.1916077733039856","0.20239076018333435"
"3472","0.1930662989616394","0.17495958507061005","0.20378223061561584","0.1904645748436451","0.17373496294021606","0.19810646772384644"
"3473","0.21183491498231888","0.1904933899641037","0.2354881316423416","0.21171405538916588","0.1891365647315979","0.23313245177268982"
"3474","0.20817432925105095","0.1998765766620636","0.2225567251443863","0.21204688400030136","0.1985287368297577","0.22326935827732086"
"3475","0.1962381713092327","0.18567243218421936","0.2050783932209015","0.19606158509850502","0.18431581556797028","0.20744670927524567"
"3476","0.19848385080695152","0.18868544697761536","0.20735523104667664","0.1990991160273552","0.18739192187786102","0.2080318182706833"
"3477","0.1993066780269146","0.19062627851963043","0.21149668097496033","0.19982566311955452","0.1912396252155304","0.21475231647491455"
"3478","0.19249650463461876","0.1830301284790039","0.20754438638687134","0.18948908895254135","0.180313378572464","0.20602570474147797"
"3479","0.2055729627609253","0.19430238008499146","0.22254391014575958","0.20363152027130127","0.18971243500709534","0.2231413573026657"
"3480","0.20616566017270088","0.19259506464004517","0.22178256511688232","0.2075268067419529","0.19307750463485718","0.2264922857284546"
"3481","0.20340513810515404","0.18474353849887848","0.22191056609153748","0.20841845870018005","0.19717417657375336","0.22052918374538422"
"3482","0.2027563825249672","0.19241546094417572","0.2139701098203659","0.20089324936270714","0.18779031932353973","0.21184638142585754"
"3483","0.2059292569756508","0.18541140854358673","0.22257459163665771","0.20057032257318497","0.17934945225715637","0.22110791504383087"
"3484","0.1929224282503128","0.1832822561264038","0.21479937434196472","0.19602923095226288","0.18375322222709656","0.2153731882572174"
"3485","0.19951561093330383","0.1897982656955719","0.20653337240219116","0.1961621418595314","0.18843220174312592","0.20464906096458435"
"3486","0.18883857131004333","0.18010088801383972","0.19740350544452667","0.1863330528140068","0.17861683666706085","0.19376882910728455"
"3487","0.20837944000959396","0.19532832503318787","0.22475233674049377","0.20715536549687386","0.1960715353488922","0.21862076222896576"
"3488","0.19825448468327522","0.18517476320266724","0.22058938443660736","0.1951710768043995","0.17354537546634674","0.21912427246570587"
"3489","0.20353113859891891","0.19960862398147583","0.21472105383872986","0.20111121609807014","0.19753853976726532","0.2081175595521927"
"3490","0.19613401219248772","0.16761857271194458","0.21399088203907013","0.19404925778508186","0.16810564696788788","0.21106910705566406"
"3491","0.202796783298254","0.19703134894371033","0.20812782645225525","0.20420745015144348","0.1974051594734192","0.21048519015312195"
"3492","0.20427986234426498","0.19589906930923462","0.21432703733444214","0.20327414572238922","0.1944332718849182","0.21479302644729614"
"3493","0.18942153081297874","0.18354664742946625","0.1947614550590515","0.18833673372864723","0.178706556558609","0.19535690546035767"
"3494","0.20262166112661362","0.17958074808120728","0.22495205700397491","0.20173608884215355","0.17997685074806213","0.22222408652305603"
"3495","0.20027302205562592","0.19094514846801758","0.21384605765342712","0.20059341564774513","0.19138187170028687","0.21277011930942535"
"3496","0.19719478860497475","0.1900077760219574","0.20131130516529083","0.19685957953333855","0.19103309512138367","0.1998889446258545"
"3497","0.20743654295802116","0.19347776472568512","0.22231420874595642","0.2093139998614788","0.19679933786392212","0.2205674797296524"
"3498","0.20157920941710472","0.1768229752779007","0.2119458019733429","0.2069140560925007","0.18727117776870728","0.2228637933731079"
"3499","0.20558463782072067","0.19986075162887573","0.2080722600221634","0.2018987387418747","0.1905936598777771","0.2086915671825409"
"3500","0.19439265504479408","0.18216572701931","0.20523971319198608","0.19320832565426826","0.1807112693786621","0.20545756816864014"
"3501","0.19388383626937866","0.16911004483699799","0.21109691262245178","0.19604633748531342","0.1730085015296936","0.21170321106910706"
"3502","0.20531709864735603","0.1918029487133026","0.2162681221961975","0.20521017909049988","0.19696401059627533","0.2149316668510437"
"3503","0.1961032599210739","0.1814599335193634","0.20229235291481018","0.19424355030059814","0.17512264847755432","0.20282740890979767"
"3504","0.19683894887566566","0.18723133206367493","0.20477309823036194","0.198653232306242","0.1878976970911026","0.20688240230083466"
"3505","0.20645569637417793","0.1998329758644104","0.22296759486198425","0.20578116551041603","0.20028746128082275","0.22180494666099548"
"3506","0.20538950338959694","0.1950766146183014","0.21556401252746582","0.21014615148305893","0.19365334510803223","0.22106516361236572"
"3507","0.20643270015716553","0.1924096941947937","0.22705256938934326","0.20770316570997238","0.1889110952615738","0.23665949702262878"
"3508","0.19327451288700104","0.18418188393115997","0.19919221103191376","0.19597570225596428","0.18699811398983002","0.20818132162094116"
"3509","0.1989159807562828","0.18586495518684387","0.21024087071418762","0.199524138122797","0.18401893973350525","0.2109762281179428"
"3510","0.20262454450130463","0.1899057924747467","0.2121015042066574","0.20077313110232353","0.18399369716644287","0.21279287338256836"
"3511","0.20681843906641006","0.19973355531692505","0.2113264948129654","0.2066025398671627","0.19966161251068115","0.2117881178855896"
"3512","0.19844109565019608","0.1959812045097351","0.2011110633611679","0.19952324032783508","0.1964222490787506","0.20347514748573303"
"3513","0.20548946037888527","0.19142016768455505","0.22335264086723328","0.2031090222299099","0.18386542797088623","0.22203189134597778"
"3514","0.21015311032533646","0.20044246315956116","0.22147604823112488","0.21262110024690628","0.20088285207748413","0.22833314538002014"
"3515","0.2021765150129795","0.1889931559562683","0.2104431539773941","0.2017287276685238","0.18691065907478333","0.2117648720741272"
"3516","0.1999785527586937","0.19058512151241302","0.2067137360572815","0.19673039391636848","0.1911630630493164","0.20333345234394073"
"3517","0.2105249986052513","0.19491447508335114","0.22957298159599304","0.21038339659571648","0.19375543296337128","0.2300800383090973"
"3518","0.19937363266944885","0.18227291107177734","0.21687743067741394","0.1978701688349247","0.18277016282081604","0.21560077369213104"
"3519","0.2041778713464737","0.19233709573745728","0.21775349974632263","0.20208365842700005","0.19103267788887024","0.2131909728050232"
"3520","0.19648504629731178","0.18633008003234863","0.21503658592700958","0.195509672164917","0.18200714886188507","0.21351408958435059"
"3521","0.19608183950185776","0.17742982506752014","0.21264244616031647","0.1946675293147564","0.17845195531845093","0.20661857724189758"
"3522","0.2044086568057537","0.18684256076812744","0.2282763421535492","0.20399797707796097","0.1884402334690094","0.22671931982040405"
"3523","0.1993994489312172","0.17618593573570251","0.2122572660446167","0.1994410790503025","0.17764468491077423","0.21173006296157837"
"3524","0.19708020612597466","0.17689655721187592","0.21419265866279602","0.19474001228809357","0.17656219005584717","0.21272782981395721"
"3525","0.20140938460826874","0.19102637469768524","0.21844817698001862","0.19780276343226433","0.18148113787174225","0.21705719828605652"
"3526","0.20160075649619102","0.19164159893989563","0.21253558993339539","0.19930949062108994","0.19021111726760864","0.20801421999931335"
"3527","0.19906271249055862","0.180354505777359","0.21716751158237457","0.19859584793448448","0.1808222085237503","0.21553725004196167"
"3528","0.1856064349412918","0.16331970691680908","0.21109972894191742","0.1834481842815876","0.16387701034545898","0.2117052525281906"
"3529","0.2069435976445675","0.1991816759109497","0.21501030027866364","0.20923840999603271","0.19968478381633759","0.2199312299489975"
"3530","0.19697676971554756","0.18371206521987915","0.21172398328781128","0.19611898437142372","0.18423783779144287","0.20916451513767242"
"3531","0.20325039699673653","0.1894044578075409","0.21177561581134796","0.20224425196647644","0.18995651602745056","0.2090735137462616"
"3532","0.19833430647850037","0.1797063946723938","0.218159019947052","0.1988437920808792","0.18544499576091766","0.21556580066680908"
"3533","0.19686602801084518","0.18995487689971924","0.20808814465999603","0.19598546251654625","0.18860650062561035","0.20862998068332672"
"3534","0.1943380944430828","0.19290292263031006","0.19844989478588104","0.18886015191674232","0.18313312530517578","0.196205273270607"
"3535","0.18751903250813484","0.17605146765708923","0.20095553994178772","0.18514256551861763","0.1759282648563385","0.19256240129470825"
"3536","0.20571773126721382","0.2026701122522354","0.21096284687519073","0.20182988792657852","0.19132599234580994","0.20951184630393982"
"3537","0.20322662591934204","0.17668811976909637","0.23070240020751953","0.20689847692847252","0.18546278774738312","0.23132851719856262"
"3538","0.19385075196623802","0.18478217720985413","0.20673641562461853","0.1966843344271183","0.18530239164829254","0.20844578742980957"
"3539","0.19435110688209534","0.17938414216041565","0.21169283986091614","0.19682097434997559","0.1863543689250946","0.21543312072753906"
"3540","0.20561465248465538","0.19859576225280762","0.2209889143705368","0.20539584383368492","0.19731765985488892","0.21965278685092926"
"3541","0.20796218886971474","0.1831895411014557","0.2184849977493286","0.20690534636378288","0.18367983400821686","0.2188136875629425"
"3542","0.2039588801562786","0.19192437827587128","0.20939718186855316","0.2057645581662655","0.1924145370721817","0.21391010284423828"
"3543","0.2014322727918625","0.1923212707042694","0.20858043432235718","0.1995295137166977","0.19119516015052795","0.2031022310256958"
"3544","0.205650944262743","0.19567565619945526","0.2175905555486679","0.20384160801768303","0.19431371986865997","0.21815243363380432"
"3545","0.20585070922970772","0.18882165849208832","0.22465486824512482","0.20596164464950562","0.19363835453987122","0.223234161734581"
"3546","0.19262205809354782","0.18566390872001648","0.20417319238185883","0.196201391518116","0.18715505301952362","0.213106170296669"
"3547","0.19483226165175438","0.1743137389421463","0.21554973721504211","0.19470882415771484","0.1729360669851303","0.21619033813476562"
"3548","0.19166485965251923","0.17221805453300476","0.20591092109680176","0.18815059214830399","0.17052379250526428","0.19678428769111633"
"3549","0.2011520192027092","0.19163835048675537","0.21457047760486603","0.19911323860287666","0.19223016500473022","0.20569318532943726"
"3550","0.2091183327138424","0.19990845024585724","0.21535855531692505","0.20690848678350449","0.2003820240497589","0.21372444927692413"
"3551","0.19726090878248215","0.1911245584487915","0.20546823740005493","0.19979237765073776","0.19223575294017792","0.20515890419483185"
"3552","0.19810130819678307","0.18923191726207733","0.20474207401275635","0.19932804256677628","0.18982592225074768","0.2065875381231308"
"3553","0.19058683142066002","0.1768437922000885","0.2046830952167511","0.19182264804840088","0.1808837652206421","0.20600499212741852"
"3554","0.19251548871397972","0.17643605172634125","0.20807722210884094","0.1922091282904148","0.1820409595966339","0.20856983959674835"
"3555","0.20606712996959686","0.19629620015621185","0.2150024175643921","0.20143325999379158","0.1966973841190338","0.20444633066654205"
"3556","0.1983163133263588","0.18326731026172638","0.2102254331111908","0.19864534586668015","0.1855163276195526","0.21016424894332886"
"3557","0.1958833746612072","0.1883150339126587","0.20318765938282013","0.19527952000498772","0.187639519572258","0.2025853395462036"
"3558","0.1983623430132866","0.18878917396068573","0.21855685114860535","0.19738509878516197","0.18527966737747192","0.21714645624160767"
"3559","0.2002093307673931","0.17668968439102173","0.22160211205482483","0.1958155520260334","0.17716175317764282","0.22000043094158173"
"3560","0.1912689246237278","0.18664133548736572","0.19607961177825928","0.1883804202079773","0.18340957164764404","0.19154521822929382"
"3561","0.19739137217402458","0.18912354111671448","0.21285496652126312","0.19636166468262672","0.18878939747810364","0.21341276168823242"
"3562","0.18642669543623924","0.17349359393119812","0.20178522169589996","0.18501587957143784","0.17387515306472778","0.20053409039974213"
"3563","0.19755106046795845","0.1806737333536148","0.2115180492401123","0.19592539221048355","0.18153798580169678","0.2048587203025818"
"3565","0.18522539734840393","0.18188980221748352","0.19157156348228455","0.18164200335741043","0.17627936601638794","0.18726037442684174"
"3566","0.19031260907649994","0.17484936118125916","0.20044177770614624","0.18345385044813156","0.17511460185050964","0.18930478394031525"
"3567","0.21134121343493462","0.2031717449426651","0.21967144310474396","0.2088080830872059","0.20015454292297363","0.2134813815355301"
"3568","0.19966065883636475","0.19543160498142242","0.2040775716304779","0.19838810339570045","0.1952763795852661","0.20312483608722687"
"3569","0.20255335792899132","0.19646823406219482","0.20661702752113342","0.2011646218597889","0.19458720088005066","0.20389316976070404"
"3570","0.19845269992947578","0.1907765418291092","0.2049882560968399","0.1941043809056282","0.18905583024024963","0.19923976063728333"
"3571","0.20458988100290298","0.2014288306236267","0.20684561133384705","0.2018827348947525","0.19841136038303375","0.2053767740726471"
"3572","0.18929988518357277","0.16829849779605865","0.20413163304328918","0.18463264405727386","0.168794184923172","0.19502638280391693"
"3573","0.1958259865641594","0.19150984287261963","0.20155951380729675","0.19514647871255875","0.1901439130306244","0.19813811779022217"
"3574","0.1978558637201786","0.18985137343406677","0.21139922738075256","0.20155159011483192","0.19548137485980988","0.21205928921699524"
"3575","0.19965829700231552","0.1853622943162918","0.20921003818511963","0.1950792893767357","0.1806657910346985","0.20745769143104553"
"3576","0.1896093413233757","0.17765113711357117","0.1969165802001953","0.18728656694293022","0.17627279460430145","0.1943434476852417"
"3577","0.20458081737160683","0.19230982661247253","0.2103719860315323","0.2055932842195034","0.1928596794605255","0.21303431689739227"
"3578","0.20160559564828873","0.1937389373779297","0.21316686272621155","0.19976427406072617","0.19249916076660156","0.2117343246936798"
"3579","0.19996395334601402","0.1916748285293579","0.2134081870317459","0.20104188472032547","0.19133001565933228","0.21201950311660767"
"3580","0.2012184001505375","0.1945701539516449","0.21374404430389404","0.19790754467248917","0.19160401821136475","0.20465786755084991"
"3581","0.20062823221087456","0.1856999546289444","0.22187332808971405","0.19783161208033562","0.18446286022663116","0.2125922441482544"
"3582","0.2125401459634304","0.1913548856973648","0.2532833516597748","0.21144747734069824","0.18995513021945953","0.2531413435935974"
"3583","0.1873100847005844","0.1831226795911789","0.1933634728193283","0.19046297669410706","0.18180084228515625","0.19665321707725525"
"3584","0.206845935434103","0.19510753452777863","0.2199006974697113","0.20990095660090446","0.19557446241378784","0.21827030181884766"
"3585","0.20354577153921127","0.18993377685546875","0.21827808022499084","0.20260464027523994","0.19032087922096252","0.2168598771095276"
"3586","0.20122406631708145","0.19158139824867249","0.21220488846302032","0.20159244537353516","0.19297868013381958","0.21309205889701843"
"3587","0.18486018478870392","0.1664530485868454","0.20644508302211761","0.18433093652129173","0.1669040322303772","0.20161975920200348"
"3588","0.19577012956142426","0.17747069895267487","0.20516684651374817","0.1980113349854946","0.1779712736606598","0.21082347631454468"
"3589","0.19464406371116638","0.17518456280231476","0.20825183391571045","0.19452989846467972","0.17922453582286835","0.20894111692905426"
"3590","0.1934940591454506","0.18956708908081055","0.1980966329574585","0.19667598232626915","0.19138789176940918","0.2045293003320694"
"3591","0.19484146311879158","0.1870599091053009","0.20314928889274597","0.1952611543238163","0.19031259417533875","0.20357275009155273"
"3592","0.1937740258872509","0.17331452667713165","0.20878496766090393","0.18890904262661934","0.1737397313117981","0.1982288807630539"
"3593","0.20569322630763054","0.19255971908569336","0.21663467586040497","0.20506808534264565","0.1902228146791458","0.21512185037136078"
"3594","0.1908666528761387","0.1808275431394577","0.20249685645103455","0.18910548090934753","0.1785624623298645","0.1985442042350769"
"3595","0.1881939396262169","0.180740624666214","0.19354358315467834","0.1861344836652279","0.1795191913843155","0.19078947603702545"
"3596","0.19916686788201332","0.19130918383598328","0.208099827170372","0.19961919263005257","0.19182953238487244","0.20663298666477203"
"3597","0.20941994711756706","0.20057938992977142","0.217519611120224","0.20861375331878662","0.20106756687164307","0.21589666604995728"
"3598","0.20209310576319695","0.1839086264371872","0.21194913983345032","0.19767754152417183","0.18252883851528168","0.21250824630260468"
"3599","0.19695470854640007","0.18789654970169067","0.20276856422424316","0.19696099311113358","0.19404223561286926","0.19839122891426086"
"3600","0.20082256570458412","0.18909625709056854","0.21032196283340454","0.19966068863868713","0.1863204836845398","0.2101314514875412"
"3601","0.18569722771644592","0.16513653099536896","0.2023819237947464","0.18535397946834564","0.16205713152885437","0.20374920964241028"
"3602","0.2046731635928154","0.196520134806633","0.2107570767402649","0.20472193881869316","0.19723016023635864","0.21142764389514923"
"3603","0.18921168893575668","0.17550460994243622","0.1964920163154602","0.18910307809710503","0.17354939877986908","0.19891679286956787"
"3604","0.20712729543447495","0.19510692358016968","0.2300836741924286","0.20836925506591797","0.19790661334991455","0.22873765230178833"
"3605","0.1906208172440529","0.1795247197151184","0.20294611155986786","0.18559220060706139","0.17293553054332733","0.19588059186935425"
"3606","0.20256353542208672","0.1903315931558609","0.21661943197250366","0.2003050334751606","0.18438196182250977","0.21698758006095886"
"3607","0.1920415461063385","0.1850252002477646","0.19769352674484253","0.19307375699281693","0.18359744548797607","0.19977106153964996"
"3608","0.19657597690820694","0.17704130709171295","0.20960469543933868","0.1983451209962368","0.1775629222393036","0.20811492204666138"
"3609","0.20230716094374657","0.19560663402080536","0.20973554253578186","0.20090709999203682","0.19834083318710327","0.20408646762371063"
"3610","0.1959015354514122","0.18612661957740784","0.22095471620559692","0.19694044068455696","0.18480314314365387","0.22915324568748474"
"3611","0.19806571304798126","0.1896415799856186","0.207485169172287","0.19754024222493172","0.18819837272167206","0.20801210403442383"
"3612","0.1906646303832531","0.17502562701702118","0.20161525905132294","0.19168129190802574","0.17550012469291687","0.2012142539024353"
"3613","0.19595178961753845","0.18680649995803833","0.21707437932491302","0.19946611672639847","0.18531382083892822","0.21759165823459625"
"3614","0.18914112448692322","0.1833164095878601","0.20230881869792938","0.18794753029942513","0.1818709522485733","0.2012833058834076"
"3615","0.20545250922441483","0.18914473056793213","0.21321481466293335","0.20393814519047737","0.18770843744277954","0.21370652318000793"
"3616","0.2007797211408615","0.19297924637794495","0.21853679418563843","0.20149653404951096","0.19242605566978455","0.21693921089172363"
"3617","0.19549433887004852","0.18180686235427856","0.2077300250530243","0.19448179379105568","0.18032313883304596","0.20824363827705383"
"3618","0.19729507341980934","0.18932178616523743","0.20671379566192627","0.19362780824303627","0.18985888361930847","0.20072360336780548"
"3619","0.20280520990490913","0.19776099920272827","0.20844656229019165","0.19841983169317245","0.19420775771141052","0.20499402284622192"
"3620","0.19903576746582985","0.1834632009267807","0.2116357684135437","0.19901348650455475","0.1820387989282608","0.2106930911540985"
"3621","0.19379203394055367","0.18958747386932373","0.1994546502828598","0.19507596641778946","0.18973077833652496","0.19998225569725037"
"3622","0.20219433307647705","0.19167599081993103","0.21638377010822296","0.20198029279708862","0.18769514560699463","0.22050105035305023"
"3623","0.1912466287612915","0.1841678023338318","0.2027660310268402","0.1902197003364563","0.18033845722675323","0.2033674120903015"
"3624","0.1946442499756813","0.18225786089897156","0.20534639060497284","0.19348903000354767","0.1806793510913849","0.2031729817390442"
"3625","0.20513465255498886","0.19949497282505035","0.2176743894815445","0.20195792242884636","0.1938897967338562","0.21452385187149048"
"3626","0.200397577136755","0.18057918548583984","0.21886692941188812","0.19848109781742096","0.1810065060853958","0.21735577285289764"
"3627","0.19946203008294106","0.18814155459403992","0.21016044914722443","0.20152580365538597","0.1865692287683487","0.21295008063316345"
"3628","0.19702548161149025","0.18174606561660767","0.20946213603019714","0.19681408256292343","0.18231506645679474","0.20942439138889313"
"3629","0.19321468099951744","0.17448697984218597","0.21252314746379852","0.19605278223752975","0.17308610677719116","0.21316733956336975"
"3630","0.19900941476225853","0.17762964963912964","0.21416623890399933","0.19926726445555687","0.17885516583919525","0.21499235928058624"
"3631","0.19258355349302292","0.18416491150856018","0.20511984825134277","0.1907109096646309","0.1814766526222229","0.20302549004554749"
"3632","0.19746113196015358","0.18480321764945984","0.22121575474739075","0.19902890920639038","0.1861373782157898","0.22179922461509705"
"3633","0.19213832914829254","0.18167075514793396","0.1983209252357483","0.19128146395087242","0.1819392442703247","0.19886361062526703"
"3635","0.19124726951122284","0.18188798427581787","0.1969938725233078","0.1906958669424057","0.1826547384262085","0.20283687114715576"
"3636","0.20279698446393013","0.19318245351314545","0.21400859951972961","0.2090882621705532","0.19976374506950378","0.21562734246253967"
"3637","0.20408948883414268","0.1922835409641266","0.21258705854415894","0.19951306283473969","0.1927606612443924","0.20317170023918152"
"3638","0.1980436146259308","0.1854012906551361","0.21229001879692078","0.1975153423845768","0.19022046029567719","0.20629718899726868"
"3639","0.19085174053907394","0.18241247534751892","0.20087940990924835","0.1881960704922676","0.18063347041606903","0.2014324963092804"
"3640","0.1881365403532982","0.17908403277397156","0.2005537897348404","0.1897701732814312","0.18267810344696045","0.20279383659362793"
"3641","0.20253490284085274","0.18918712437152863","0.21432310342788696","0.2022697515785694","0.18918362259864807","0.21743185818195343"
"3642","0.19720229506492615","0.1954324096441269","0.19936339557170868","0.1967526338994503","0.19380082190036774","0.20026260614395142"
"3643","0.19862664490938187","0.1893526315689087","0.21140210330486298","0.1999111920595169","0.18765664100646973","0.2119780331850052"
"3644","0.193682461977005","0.17971117794513702","0.20458315312862396","0.19294921308755875","0.1795695424079895","0.2052052915096283"
"3645","0.1904938519001007","0.17452052235603333","0.20592528581619263","0.19570178911089897","0.18753832578659058","0.20647722482681274"
"3646","0.20599470660090446","0.18717975914478302","0.2216472327709198","0.20798952504992485","0.19243335723876953","0.2253175973892212"
"3647","0.19792532920837402","0.1801508516073227","0.20832966268062592","0.198754720389843","0.18533048033714294","0.20876920223236084"
"3648","0.1982114091515541","0.19030575454235077","0.2046605497598648","0.2029571197926998","0.1992563158273697","0.2054235339164734"
"3649","0.19401658698916435","0.1847630739212036","0.2045140266418457","0.19607887789607048","0.18284660577774048","0.21064448356628418"
"3650","0.19746360555291176","0.18421301245689392","0.21025002002716064","0.1985047422349453","0.18735912442207336","0.21079736948013306"
"3651","0.1933755911886692","0.1814892590045929","0.21085220575332642","0.19402902945876122","0.17992466688156128","0.21008583903312683"
"3652","0.19515132158994675","0.1680736541748047","0.21712547540664673","0.19715916737914085","0.16678926348686218","0.22130855917930603"
"3653","0.2013218253850937","0.17961743474006653","0.21761219203472137","0.19921647012233734","0.16676995158195496","0.21589478850364685"
"3654","0.20055509731173515","0.18455062806606293","0.2200203239917755","0.20372779667377472","0.18568140268325806","0.21832336485385895"
"3655","0.18902632221579552","0.17940761148929596","0.20727774500846863","0.18916082754731178","0.17996492981910706","0.20480427145957947"
"3656","0.19364503771066666","0.17794832587242126","0.20683489739894867","0.19749568030238152","0.17638784646987915","0.2145942747592926"
"3657","0.19212452694773674","0.1838354468345642","0.19708847999572754","0.19319796934723854","0.18443405628204346","0.19776760041713715"
"3658","0.19417374208569527","0.17931461334228516","0.2097301036119461","0.19335653632879257","0.17837387323379517","0.20817814767360687"
"3659","0.18979362025856972","0.1806311309337616","0.20020835101604462","0.19279230013489723","0.18107670545578003","0.20931614935398102"
"3660","0.19393164664506912","0.18118518590927124","0.2088359147310257","0.19179237261414528","0.18176352977752686","0.20559698343276978"
"3661","0.19521714746952057","0.1782277226448059","0.20844581723213196","0.19606547430157661","0.1803484708070755","0.2074234038591385"
"3662","0.19749804213643074","0.18920859694480896","0.2131580114364624","0.19785716384649277","0.18965479731559753","0.21160688996315002"
"3663","0.19467292726039886","0.1901703178882599","0.20332354307174683","0.19672968238592148","0.18886226415634155","0.20386049151420593"
"3664","0.19745877385139465","0.1740274280309677","0.21282102167606354","0.1910056583583355","0.1744302660226822","0.2112855464220047"
"3665","0.2019873820245266","0.18957863748073578","0.21144598722457886","0.20358113572001457","0.19026321172714233","0.21646623313426971"
"3666","0.19825295358896255","0.18045368790626526","0.21518710255622864","0.19690408557653427","0.1811172068119049","0.21150436997413635"
"3667","0.19767165929079056","0.18951857089996338","0.20531535148620605","0.19492649659514427","0.18333452939987183","0.20593376457691193"
"3668","0.1950703263282776","0.18249739706516266","0.20378965139389038","0.19203472882509232","0.18210923671722412","0.202230304479599"
"3669","0.20485961064696312","0.1914600431919098","0.2204532027244568","0.20315225049853325","0.1899329125881195","0.2190939038991928"
"3670","0.19587711244821548","0.18660825490951538","0.20826466381549835","0.193058330565691","0.18460053205490112","0.1999453753232956"
"3671","0.1990833394229412","0.1897178739309311","0.20918911695480347","0.19795121997594833","0.19036489725112915","0.20762862265110016"
"3672","0.20251210406422615","0.193157359957695","0.2182641476392746","0.20223510265350342","0.19376671314239502","0.21468602120876312"
"3673","0.20286793634295464","0.1788121908903122","0.21870213747024536","0.2051008939743042","0.1874648928642273","0.21696487069129944"
"3674","0.19267826527357101","0.17516499757766724","0.21290096640586853","0.1921137534081936","0.17556357383728027","0.21126358211040497"
"3675","0.18757299706339836","0.174604594707489","0.2004290372133255","0.18574758246541023","0.17472237348556519","0.1989978551864624"
"3676","0.2076243832707405","0.1945086121559143","0.2176198810338974","0.20782366394996643","0.19500532746315002","0.21908918023109436"
"3677","0.19100461155176163","0.1739974319934845","0.20670932531356812","0.19161881133913994","0.17297358810901642","0.20351764559745789"
"3678","0.19440314918756485","0.18316280841827393","0.2070803940296173","0.19433515891432762","0.18546053767204285","0.20545518398284912"
"3679","0.18937508761882782","0.18027755618095398","0.1983455866575241","0.18626270815730095","0.17321671545505524","0.19531846046447754"
"3680","0.21182096749544144","0.20604251325130463","0.21976472437381744","0.21032659709453583","0.2037889063358307","0.22041663527488708"
"3681","0.1963861919939518","0.18908920884132385","0.20187075436115265","0.19882790744304657","0.1896156370639801","0.20814022421836853"
"3682","0.19127575680613518","0.169637069106102","0.206163689494133","0.19204578548669815","0.173848494887352","0.20604395866394043"
"3683","0.192224882543087","0.17823795974254608","0.20440292358398438","0.19315725564956665","0.1768866628408432","0.20636600255966187"
"3684","0.19329752400517464","0.18290206789970398","0.21056728065013885","0.1955621875822544","0.18676376342773438","0.21658998727798462"
"3685","0.1933406926691532","0.16729387640953064","0.20413902401924133","0.19189490377902985","0.1659037470817566","0.20282413065433502"
"3686","0.19111619144678116","0.17851218581199646","0.20342856645584106","0.1903817318379879","0.1772938221693039","0.20462089776992798"
"3687","0.19435511156916618","0.17855432629585266","0.22101891040802002","0.19590061530470848","0.1812271922826767","0.21952024102210999"
"3688","0.19624744355678558","0.18991583585739136","0.20269997417926788","0.20013095065951347","0.19049926102161407","0.20627161860466003"
"3689","0.20185668766498566","0.18733100593090057","0.2099972665309906","0.1949344463646412","0.18782100081443787","0.20569245517253876"
"3690","0.19325406476855278","0.1885470747947693","0.2022871971130371","0.19451389089226723","0.18953034281730652","0.20080450177192688"
"3691","0.19818011671304703","0.1902632713317871","0.2130267322063446","0.1959480419754982","0.18952809274196625","0.20707429945468903"
"3692","0.17995063588023186","0.1729232370853424","0.1880415976047516","0.18285628035664558","0.1715705692768097","0.19562888145446777"
"3693","0.19518017768859863","0.18314385414123535","0.2051142305135727","0.19580133259296417","0.18456384539604187","0.20579011738300323"
"3694","0.20238840579986572","0.1912701427936554","0.2089560627937317","0.201146200299263","0.18693844974040985","0.20945234596729279"
"3695","0.18250183761119843","0.17890776693820953","0.1865396499633789","0.18450221791863441","0.17958921194076538","0.18930456042289734"
"3696","0.19376322627067566","0.18252763152122498","0.21548502147197723","0.1961410716176033","0.1846718192100525","0.21384844183921814"
"3697","0.1868881955742836","0.1726011484861374","0.21056412160396576","0.18656537309288979","0.17412614822387695","0.20924066007137299"
"3698","0.19915838539600372","0.19297046959400177","0.20520666241645813","0.1983678787946701","0.19453547894954681","0.2036380171775818"
"3699","0.1928718164563179","0.18011817336082458","0.21949736773967743","0.19017170742154121","0.17031145095825195","0.2179495394229889"
"3700","0.198690053075552","0.18791955709457397","0.21928726136684418","0.20135998725891113","0.18655464053153992","0.2249443531036377"
"3701","0.19493691995739937","0.1857350766658783","0.21376916766166687","0.19137942418456078","0.17701327800750732","0.21249760687351227"
"3702","0.19225237146019936","0.18483689427375793","0.19993829727172852","0.19092640653252602","0.18530897796154022","0.19817668199539185"
"3703","0.2014387920498848","0.18137913942337036","0.21392503380775452","0.2005091942846775","0.17971092462539673","0.21092426776885986"
"3705","0.20993896573781967","0.18114010989665985","0.2728070616722107","0.20859532058238983","0.181745246052742","0.26583540439605713"
"3706","0.2018277868628502","0.18107739090919495","0.23073852062225342","0.20475683361291885","0.1842552125453949","0.2313365936279297"
"3707","0.1946655623614788","0.16686278581619263","0.21499449014663696","0.1928979642689228","0.16678175330162048","0.20925304293632507"
"3708","0.19006627053022385","0.17832942306995392","0.20359042286872864","0.19122957438230515","0.18650756776332855","0.20419541001319885"
"3709","0.1888696812093258","0.179726704955101","0.200018510222435","0.18915722891688347","0.18133237957954407","0.20072850584983826"
"3710","0.19492274522781372","0.18354934453964233","0.210688054561615","0.19397027418017387","0.17980173230171204","0.2091939002275467"
"3711","0.20115719363093376","0.18625107407569885","0.226223424077034","0.19815044850111008","0.18383218348026276","0.2175849974155426"
"3712","0.201912309974432","0.19282206892967224","0.21378712356090546","0.2021411880850792","0.19004735350608826","0.21414287388324738"
"3713","0.19596168398857117","0.1870245784521103","0.20798736810684204","0.1963679902255535","0.18780303001403809","0.2064628005027771"
"3714","0.19352193921804428","0.18591894209384918","0.2029523253440857","0.19365012273192406","0.18452872335910797","0.20356003940105438"
"3715","0.19011688977479935","0.18357814848423004","0.20020022988319397","0.18872004747390747","0.182025745511055","0.19578644633293152"
"3716","0.19178829714655876","0.17983213067054749","0.1987411081790924","0.1885123886168003","0.1782948076725006","0.19900831580162048"
"3717","0.19999191910028458","0.18551169335842133","0.22646045684814453","0.2006259597837925","0.18612223863601685","0.22473689913749695"
"3718","0.20298678055405617","0.19720110297203064","0.20983874797821045","0.1947820633649826","0.18675167858600616","0.2028077393770218"
"3719","0.1997222676873207","0.1906653344631195","0.2174091637134552","0.19456522911787033","0.18897023797035217","0.20076152682304382"
"3720","0.20604950934648514","0.1890522986650467","0.22232574224472046","0.20863739028573036","0.19271880388259888","0.22081845998764038"
"3721","0.18504143506288528","0.1803295910358429","0.1939181387424469","0.18670739606022835","0.17969898879528046","0.19551683962345123"
"3722","0.19602996855974197","0.19021183252334595","0.20012111961841583","0.19711731001734734","0.19358393549919128","0.19956769049167633"
"3723","0.19241263717412949","0.18514244258403778","0.2057029753923416","0.193611241877079","0.18633553385734558","0.2087705433368683"
"3724","0.18666575476527214","0.17785030603408813","0.20184355974197388","0.18931420147418976","0.17837902903556824","0.20297761261463165"
"3725","0.19992000609636307","0.18821391463279724","0.21517181396484375","0.20038938149809837","0.1880687177181244","0.21826507151126862"
"3726","0.2071850411593914","0.19061297178268433","0.23044146597385406","0.2059810422360897","0.1984308958053589","0.2141459584236145"
"3727","0.19449912756681442","0.1745995432138443","0.20630457997322083","0.1941520981490612","0.17508864402770996","0.20499461889266968"
"3728","0.1927039548754692","0.17962437868118286","0.2083956003189087","0.19065339863300323","0.17683753371238708","0.20395731925964355"
"3729","0.20088979974389076","0.18956860899925232","0.20605409145355225","0.20027899742126465","0.18103861808776855","0.21233052015304565"
"3730","0.18960822746157646","0.17959964275360107","0.1960059106349945","0.186679195612669","0.1746385395526886","0.1948218196630478"
"3731","0.2029890976846218","0.18737554550170898","0.21317103505134583","0.2009388916194439","0.18789580464363098","0.2077149897813797"
"3732","0.20075535774230957","0.18169838190078735","0.2095731943845749","0.20139480382204056","0.18159052729606628","0.21289782226085663"
"3733","0.2012663520872593","0.19300855696201324","0.2189933806657791","0.20289773121476173","0.19552791118621826","0.21735553443431854"
"3734","0.1920153796672821","0.18183018267154694","0.20498037338256836","0.19623925164341927","0.19044750928878784","0.20588380098342896"
"3735","0.19050658494234085","0.16532596945762634","0.2003876268863678","0.193358663469553","0.16384437680244446","0.206924170255661"
"3736","0.1966153271496296","0.17307959496974945","0.21114566922187805","0.19677045568823814","0.17648771405220032","0.20978713035583496"
"3737","0.20035339891910553","0.18400025367736816","0.21901100873947144","0.1990387663245201","0.1824522316455841","0.21496707201004028"
"3738","0.1936197280883789","0.18496161699295044","0.2049715518951416","0.1920846365392208","0.18643292784690857","0.19687804579734802"
"3739","0.19614753127098083","0.1821691244840622","0.22475309669971466","0.19238685443997383","0.18266572058200836","0.21279439330101013"
"3740","0.192906454205513","0.18975652754306793","0.19569972157478333","0.19486721605062485","0.19036865234375","0.1981847584247589"
"3741","0.20378504693508148","0.1934361755847931","0.21151268482208252","0.20369809493422508","0.1941719949245453","0.21019966900348663"
"3742","0.18991760164499283","0.1739758998155594","0.21138888597488403","0.18910755217075348","0.1744624823331833","0.2042725533246994"
"3743","0.20022525638341904","0.18617604672908783","0.21150866150856018","0.19853241741657257","0.186721071600914","0.20986899733543396"
"3744","0.1936151348054409","0.1872449815273285","0.2004326581954956","0.19575819745659828","0.1877734363079071","0.20172013342380524"
"3745","0.20136354118585587","0.1853906512260437","0.2178327739238739","0.19991926476359367","0.1859511137008667","0.216233491897583"
"3746","0.18609273061156273","0.17297117412090302","0.2005712240934372","0.18650300428271294","0.1722622960805893","0.1991528868675232"
"3747","0.20415574684739113","0.19990238547325134","0.2076752632856369","0.2022658735513687","0.200225830078125","0.2070816457271576"
"3748","0.20090407133102417","0.18736690282821655","0.21071508526802063","0.20000384375452995","0.1892993301153183","0.20610195398330688"
"3749","0.2025301344692707","0.19075506925582886","0.21648681163787842","0.19980620220303535","0.18547391891479492","0.2170381397008896"
"3750","0.19410690665245056","0.17822253704071045","0.200911745429039","0.19276835024356842","0.17876476049423218","0.19903674721717834"
"3751","0.1899174302816391","0.18180429935455322","0.20117869973182678","0.19198879227042198","0.18559055030345917","0.20169033110141754"
"3752","0.19492779672145844","0.1846347600221634","0.20585045218467712","0.1961435154080391","0.18506143987178802","0.2062385082244873"
"3753","0.19018146768212318","0.18356212973594666","0.19392691552639008","0.1923452690243721","0.18224100768566132","0.19754263758659363"
"3754","0.18978803604841232","0.17160725593566895","0.21268944442272186","0.18975884094834328","0.1733301281929016","0.21313484013080597"
"3755","0.18820733204483986","0.17638146877288818","0.19801035523414612","0.18392617255449295","0.17485350370407104","0.19254738092422485"
"3756","0.19444812834262848","0.18054905533790588","0.2101573646068573","0.19015631824731827","0.1790480613708496","0.200443834066391"
"3757","0.1943478211760521","0.16074800491333008","0.22398167848587036","0.19213156029582024","0.16128110885620117","0.21495962142944336"
"3758","0.19264144450426102","0.18726395070552826","0.1974692940711975","0.19145754352211952","0.1857328861951828","0.1956106573343277"
"3759","0.1963324435055256","0.1835884004831314","0.2078855186700821","0.19911027699708939","0.1848440170288086","0.20835456252098083"
"3760","0.19419321790337563","0.17062440514564514","0.2096659541130066","0.19222547486424446","0.17115961015224457","0.2051035761833191"
"3761","0.18815043196082115","0.179528146982193","0.20622475445270538","0.18901291862130165","0.1802225112915039","0.20484623312950134"
"3762","0.19288412481546402","0.17672497034072876","0.2071523666381836","0.19096018746495247","0.17249810695648193","0.20568612217903137"
"3763","0.1980079896748066","0.18288132548332214","0.20928806066513062","0.1992923505604267","0.1835692822933197","0.21330422163009644"
"3764","0.18961728364229202","0.1827094852924347","0.19638818502426147","0.18881972879171371","0.17964544892311096","0.1970258355140686"
"3765","0.19716934114694595","0.18796448409557343","0.21143174171447754","0.19441458955407143","0.1883631944656372","0.2024877965450287"
"3766","0.19487328454852104","0.18002983927726746","0.21589431166648865","0.19975117966532707","0.1784392148256302","0.21644282341003418"
"3767","0.19517603144049644","0.18683595955371857","0.2024950087070465","0.19284996017813683","0.18534661829471588","0.2004626989364624"
"3768","0.19741135463118553","0.18917524814605713","0.2009602040052414","0.1971522904932499","0.19028811156749725","0.20155547559261322"
"3769","0.19111888855695724","0.18010595440864563","0.21726401150226593","0.18941602855920792","0.17702096700668335","0.2175920158624649"
"3770","0.19216156005859375","0.17230325937271118","0.21575789153575897","0.19026579335331917","0.1673121154308319","0.21417851746082306"
"3771","0.20208868384361267","0.19876882433891296","0.20934829115867615","0.19782060012221336","0.19348277151584625","0.20110343396663666"
"3772","0.19403935596346855","0.18280483782291412","0.20762279629707336","0.19078304246068","0.1739099621772766","0.20600023865699768"
"3773","0.19989195838570595","0.19037023186683655","0.20891383290290833","0.20135286077857018","0.18895377218723297","0.21219971776008606"
"3774","0.19457066804170609","0.1865706592798233","0.20413009822368622","0.1958109214901924","0.18523088097572327","0.203874871134758"
"3775","0.19831066951155663","0.1892838329076767","0.20624546706676483","0.19810105115175247","0.18813414871692657","0.2073473483324051"
"3776","0.19389626011252403","0.1820271760225296","0.199407696723938","0.192456915974617","0.18047545850276947","0.19778847694396973"
"3777","0.19705874100327492","0.18461942672729492","0.21619883179664612","0.19462043419480324","0.18508577346801758","0.21465753018856049"
"3778","0.19981824234127998","0.18758803606033325","0.22209672629833221","0.200069360435009","0.1861431896686554","0.2225009799003601"
"3779","0.19049794599413872","0.18265900015830994","0.20304590463638306","0.19000282138586044","0.18209587037563324","0.20377704501152039"
"3780","0.2043686844408512","0.19315007328987122","0.21337856352329254","0.20426729694008827","0.19795480370521545","0.21185775101184845"
"3781","0.1924552395939827","0.17629241943359375","0.2104736566543579","0.19336621463298798","0.1817774772644043","0.2094920426607132"
"3782","0.204841710627079","0.19500049948692322","0.21412810683250427","0.20351561531424522","0.1914127767086029","0.21455946564674377"
"3783","0.19527100026607513","0.18630704283714294","0.20612335205078125","0.19731814414262772","0.19170694053173065","0.20993094146251678"
"3784","0.20702730119228363","0.19413037598133087","0.215495765209198","0.20699696987867355","0.19470833241939545","0.2158672958612442"
"3785","0.1912904679775238","0.18534259498119354","0.20047588646411896","0.19138739258050919","0.18690750002861023","0.200948104262352"
"3786","0.18869246169924736","0.17417316138744354","0.206150621175766","0.19145973399281502","0.18354693055152893","0.20464198291301727"
"3787","0.18997669965028763","0.18005473911762238","0.20425091683864594","0.19177944213151932","0.18064284324645996","0.2027539312839508"
"3788","0.2122393734753132","0.19658763706684113","0.22954486310482025","0.20878805965185165","0.19188192486763","0.2279561460018158"
"3789","0.19477246701717377","0.18261143565177917","0.20529645681381226","0.19743415713310242","0.18766489624977112","0.21193256974220276"
"3790","0.20027007907629013","0.19542330503463745","0.20666542649269104","0.1987321451306343","0.1896795779466629","0.20509055256843567"
"3791","0.20027901232242584","0.193743497133255","0.2047646939754486","0.20332175865769386","0.19600115716457367","0.20940816402435303"
"3792","0.196512121707201","0.17542333900928497","0.21191291511058807","0.1976647973060608","0.17590104043483734","0.215539813041687"
"3793","0.18817096203565598","0.1752949208021164","0.20871812105178833","0.1882578544318676","0.17570656538009644","0.2070373147726059"
"3794","0.20878764241933823","0.20021286606788635","0.2180877923965454","0.2104230672121048","0.20084667205810547","0.22052431106567383"
"3795","0.19282467663288116","0.17854958772659302","0.21667732298374176","0.19727293401956558","0.17904077470302582","0.22389410436153412"
"3796","0.19292737916111946","0.18122580647468567","0.2144157737493515","0.1942300759255886","0.1839936524629593","0.21286237239837646"
"3798","0.18318230286240578","0.17511743307113647","0.19290263950824738","0.18651840835809708","0.180208221077919","0.2018900364637375"
"3799","0.19444211944937706","0.18461811542510986","0.20216383039951324","0.19189579784870148","0.17648567259311676","0.2007230818271637"
"3800","0.19078128784894943","0.1860889196395874","0.19738009572029114","0.19252944737672806","0.18663331866264343","0.1960381418466568"
"3801","0.1906713843345642","0.1783422976732254","0.19903632998466492","0.1928008534014225","0.17876064777374268","0.20164921879768372"
"3802","0.1934630088508129","0.18681976199150085","0.20373359322547913","0.18974754214286804","0.17834779620170593","0.2021160125732422"
"3803","0.1881931759417057","0.17717330157756805","0.1994813084602356","0.1869904212653637","0.17329749464988708","0.19794726371765137"
"3804","0.187423974275589","0.17841939628124237","0.20706990361213684","0.18864166736602783","0.1790185570716858","0.20775333046913147"
"3805","0.1831752173602581","0.17611901462078094","0.19284625351428986","0.18297581002116203","0.17455831170082092","0.1922125220298767"
"3806","0.1945122368633747","0.1779976338148117","0.2061365246772766","0.1924915835261345","0.17642918229103088","0.20663398504257202"
"3807","0.20573018863797188","0.19163373112678528","0.21867261826992035","0.2040417715907097","0.19225353002548218","0.21860948204994202"
"3808","0.20212607458233833","0.18993797898292542","0.2168133556842804","0.20150479674339294","0.18836446106433868","0.21169358491897583"
"3809","0.18004223704338074","0.1698528230190277","0.19069555401802063","0.18169251456856728","0.1703256368637085","0.19500401616096497"
"3810","0.1906527392566204","0.18126511573791504","0.21319732069969177","0.1884889230132103","0.17977359890937805","0.20747829973697662"
"3811","0.19433056935667992","0.173094242811203","0.21703164279460907","0.19941409677267075","0.17161333560943604","0.2176419347524643"
"3812","0.19362353533506393","0.19252371788024902","0.19572746753692627","0.19303785264492035","0.1897665411233902","0.19615626335144043"
"3813","0.2024902105331421","0.1862817406654358","0.23179885745048523","0.20109479501843452","0.18335933983325958","0.22977891564369202"
"3814","0.19795972481369972","0.18207299709320068","0.2140190303325653","0.19679782539606094","0.17993611097335815","0.2122550755739212"
"3815","0.19242903962731361","0.18461699783802032","0.1985546350479126","0.19286051020026207","0.1900234967470169","0.1971186250448227"
"3816","0.20168334990739822","0.18303819000720978","0.21164339780807495","0.1983301155269146","0.1786523461341858","0.2098304033279419"
"3817","0.19202528148889542","0.18385198712348938","0.2056237906217575","0.1892811805009842","0.18162024021148682","0.20424547791481018"
"3818","0.19897885248064995","0.19518522918224335","0.20230266451835632","0.1994137279689312","0.19568932056427002","0.20277264714241028"
"3819","0.19604569301009178","0.18223048746585846","0.20351305603981018","0.20056168362498283","0.18273799121379852","0.2109784334897995"
"3820","0.19695739075541496","0.1917533576488495","0.201676145195961","0.19700349494814873","0.19001859426498413","0.20216327905654907"
"3821","0.19715304672718048","0.18592151999473572","0.20855364203453064","0.19661090523004532","0.18431469798088074","0.20936384797096252"
"3822","0.19890602305531502","0.1802712380886078","0.21526238322257996","0.19818461313843727","0.18131870031356812","0.21256758272647858"
"3823","0.19162053242325783","0.18063805997371674","0.20106291770935059","0.19102595373988152","0.1839790791273117","0.199615478515625"
"3824","0.19702303782105446","0.17300958931446075","0.22000163793563843","0.1966579630970955","0.17362281680107117","0.21361033618450165"
"3825","0.1991223692893982","0.1880762279033661","0.2090425193309784","0.20156175270676613","0.18846143782138824","0.21260195970535278"
"3826","0.2019570656120777","0.1984367072582245","0.20348955690860748","0.2000589556992054","0.19687819480895996","0.20398138463497162"
"3827","0.18842971697449684","0.18311025202274323","0.19592413306236267","0.18702910095453262","0.1839624047279358","0.19442281126976013"
"3828","0.19404448568820953","0.1880958080291748","0.2039928436279297","0.19377698376774788","0.18873068690299988","0.202398419380188"
"3829","0.20342595130205154","0.19384102523326874","0.22648683190345764","0.20133012533187866","0.19060829281806946","0.22229254245758057"
"3830","0.19396700710058212","0.1828250288963318","0.21095523238182068","0.19150767102837563","0.17915259301662445","0.2095661461353302"
"3831","0.18797873705625534","0.1747366040945053","0.19515439867973328","0.1890331171452999","0.17333221435546875","0.19557945430278778"
"3832","0.19288016483187675","0.177077054977417","0.2054474651813507","0.18883037567138672","0.1776380091905594","0.1948205977678299"
"3833","0.1993376687169075","0.1805252730846405","0.21896371245384216","0.20099655911326408","0.18488040566444397","0.21732228994369507"
"3834","0.18658368661999702","0.17201843857765198","0.20381584763526917","0.18502969667315483","0.17268116772174835","0.2022762894630432"
"3835","0.20960820466279984","0.19171611964702606","0.2266729474067688","0.20582425594329834","0.1858796924352646","0.22495485842227936"
"3836","0.19089901447296143","0.1729738861322403","0.2017887681722641","0.1907484419643879","0.17138507962226868","0.20348860323429108"
"3837","0.19777949526906013","0.1879323273897171","0.20907263457775116","0.19768591597676277","0.1884399801492691","0.20746952295303345"
"3838","0.19825871661305428","0.19020742177963257","0.2053186446428299","0.19696766510605812","0.19177952408790588","0.1995835155248642"
"3839","0.21190120652318","0.18741020560264587","0.23430418968200684","0.21436163783073425","0.1952754110097885","0.2348916083574295"
"3840","0.20385706052184105","0.18584668636322021","0.2197902500629425","0.2065257430076599","0.1970013827085495","0.2184440791606903"
"3841","0.19522472843527794","0.19151099026203156","0.20139607787132263","0.19583652168512344","0.190291628241539","0.2006351351737976"
"3842","0.1974167488515377","0.19390089809894562","0.20126841962337494","0.19436433911323547","0.18818125128746033","0.1993921548128128"
"3843","0.2036549523472786","0.18129350244998932","0.22053056955337524","0.2046969085931778","0.17994973063468933","0.2210237681865692"
"3844","0.19559930264949799","0.19332967698574066","0.19846290349960327","0.19184508174657822","0.18489471077919006","0.19567006826400757"
"3845","0.19729909673333168","0.1804075837135315","0.21015037596225739","0.19678786024451256","0.18100778758525848","0.2066550999879837"
"3846","0.19322077557444572","0.17726892232894897","0.20817500352859497","0.19261319190263748","0.1779501736164093","0.210965096950531"
"3847","0.20409934222698212","0.181004136800766","0.21896766126155853","0.20854195952415466","0.18174204230308533","0.23724406957626343"
"3848","0.18885347619652748","0.18639181554317474","0.19553881883621216","0.18796748667955399","0.18514126539230347","0.19132471084594727"
"3849","0.194602120667696","0.19367244839668274","0.19556161761283875","0.19190184026956558","0.18701453506946564","0.1961119920015335"
"3850","0.19624003395438194","0.18445512652397156","0.2029893547296524","0.19495072215795517","0.18488425016403198","0.20308122038841248"
"3851","0.1910322904586792","0.17881053686141968","0.19786325097084045","0.1953030824661255","0.18849118053913116","0.19981396198272705"
"3852","0.18624872341752052","0.17270424962043762","0.19260269403457642","0.18831143155694008","0.17918823659420013","0.193114772439003"
"3853","0.18705667182803154","0.17935515940189362","0.19387732446193695","0.18712865933775902","0.18315811455249786","0.19442057609558105"
"3854","0.19514340534806252","0.17610964179039001","0.20955690741539001","0.1960328035056591","0.17824020981788635","0.20799602568149567"
"3855","0.19235387444496155","0.16550244390964508","0.2081974744796753","0.19266073033213615","0.16997382044792175","0.20578533411026"
"3856","0.20206588506698608","0.1883794069290161","0.21335652470588684","0.2033894881606102","0.1962936818599701","0.2139223963022232"
"3857","0.19878541305661201","0.1832311749458313","0.2175782322883606","0.20260092988610268","0.18424752354621887","0.22499607503414154"
"3858","0.19477036595344543","0.19101563096046448","0.2005813717842102","0.19484452158212662","0.19162997603416443","0.2012496292591095"
"3859","0.19204774871468544","0.1849912405014038","0.20007184147834778","0.1905551441013813","0.18423107266426086","0.1985066533088684"
"3860","0.19079046696424484","0.18556652963161469","0.19554725289344788","0.18949224427342415","0.18610766530036926","0.19323688745498657"
"3861","0.19613489136099815","0.19051408767700195","0.19990193843841553","0.19778522476553917","0.19338805973529816","0.2013052999973297"
"3862","0.19151606038212776","0.18320541083812714","0.20702248811721802","0.18798429891467094","0.17324507236480713","0.20540907979011536"
"3863","0.19615667313337326","0.18473994731903076","0.20449784398078918","0.19628555327653885","0.18316881358623505","0.2010943442583084"
"3864","0.18898285925388336","0.18421988189220428","0.19781005382537842","0.1912904717028141","0.18553489446640015","0.19639647006988525"
"3865","0.2065833956003189","0.19292768836021423","0.22587603330612183","0.20758914574980736","0.19338703155517578","0.22291354835033417"
"3866","0.1955256089568138","0.18449264764785767","0.20108553767204285","0.19696075096726418","0.1851423978805542","0.2065456211566925"
"3868","0.19798262417316437","0.17917566001415253","0.21072392165660858","0.20056742057204247","0.18443630635738373","0.20897558331489563"
"3869","0.1957177184522152","0.18596389889717102","0.20850008726119995","0.19707555696368217","0.190176859498024","0.21062037348747253"
"3870","0.19568951427936554","0.18030449748039246","0.21234498918056488","0.1936347596347332","0.18083825707435608","0.21096453070640564"
"3871","0.2004597932100296","0.1907965987920761","0.21375605463981628","0.20050570368766785","0.19129811227321625","0.21221457421779633"
"3872","0.18975716456770897","0.17967748641967773","0.19795241951942444","0.18962270766496658","0.18030193448066711","0.1956540048122406"
"3873","0.18874860182404518","0.18373598158359528","0.19505907595157623","0.18982765823602676","0.18429793417453766","0.19746217131614685"
"3874","0.18694878742098808","0.1839371919631958","0.19363512098789215","0.18917520716786385","0.1824830174446106","0.1959681659936905"
"3875","0.19445174932479858","0.17503635585308075","0.21596825122833252","0.19705257937312126","0.18568173050880432","0.21672216057777405"
"3876","0.1985422596335411","0.18273554742336273","0.21964134275913239","0.19966065883636475","0.18345767259597778","0.22435049712657928"
"3877","0.18576684594154358","0.17712292075157166","0.19232861697673798","0.18836599215865135","0.17565923929214478","0.19854740798473358"
"3878","0.19556823000311852","0.17555874586105347","0.2179775834083557","0.19702765718102455","0.1780192255973816","0.22216156125068665"
"3879","0.19730228930711746","0.1886121779680252","0.2096336930990219","0.19524580612778664","0.18744704127311707","0.21024030447006226"
"3880","0.19317765533924103","0.17018450796604156","0.20944082736968994","0.19577065110206604","0.17980802059173584","0.2111460268497467"
"3881","0.186094768345356","0.17294633388519287","0.19353319704532623","0.18638315796852112","0.17065629363059998","0.19411344826221466"
"3882","0.18985745310783386","0.1706387996673584","0.20248466730117798","0.19479228556156158","0.171047642827034","0.2086527794599533"
"3883","0.193763367831707","0.18678626418113708","0.20430977642536163","0.19246496632695198","0.18215475976467133","0.20294654369354248"
"3884","0.2013406902551651","0.19316668808460236","0.2102392315864563","0.1969449482858181","0.18729518353939056","0.20868629217147827"
"3885","0.1928681954741478","0.1913449764251709","0.19516170024871826","0.1923382207751274","0.1907413750886917","0.19590483605861664"
"3886","0.1809825897216797","0.16594330966472626","0.1944158375263214","0.18098587170243263","0.16644804179668427","0.1992824673652649"
"3887","0.17795266583561897","0.15958131849765778","0.19536328315734863","0.17921820655465126","0.15487684309482574","0.19396048784255981"
"3888","0.20187349244952202","0.18751761317253113","0.2174638956785202","0.20043490827083588","0.1879807710647583","0.21524487435817719"
"3889","0.19422506913542747","0.1862565279006958","0.2095288336277008","0.19405881315469742","0.18370412290096283","0.21234934031963348"
"3890","0.20146076381206512","0.1929001808166504","0.20643816888332367","0.20325257629156113","0.20131725072860718","0.20567956566810608"
"3891","0.19413559883832932","0.18496832251548767","0.2044946700334549","0.19378266483545303","0.18431726098060608","0.20450937747955322"
"3892","0.19546479731798172","0.18097636103630066","0.2126646786928177","0.19777029007673264","0.1795002818107605","0.2114773541688919"
"3893","0.19957101717591286","0.19193294644355774","0.20588716864585876","0.1997763030230999","0.1924646943807602","0.20726031064987183"
"3894","0.1938747502863407","0.18218570947647095","0.21224921941757202","0.19138508290052414","0.18047861754894257","0.20649343729019165"
"3895","0.19850149005651474","0.19278429448604584","0.20330536365509033","0.196680698543787","0.189192995429039","0.20386818051338196"
"3896","0.1936330571770668","0.18718919157981873","0.20589423179626465","0.1923551931977272","0.1872546374797821","0.20462952554225922"
"3897","0.18808863312005997","0.18117082118988037","0.1964128464460373","0.18805286288261414","0.17969879508018494","0.1950364112854004"
"3898","0.20300451666116714","0.18510481715202332","0.21411177515983582","0.20062027871608734","0.18079984188079834","0.21237918734550476"
"3899","0.1990160383284092","0.1807543933391571","0.21364589035511017","0.19832035899162292","0.18571659922599792","0.21438473463058472"
"3900","0.19885079562664032","0.19594170153141022","0.20369145274162292","0.1982608288526535","0.19468101859092712","0.2051839679479599"
"3901","0.19578824564814568","0.18117591738700867","0.21987268328666687","0.19596783816814423","0.18166999518871307","0.21826423704624176"
"3902","0.19843930378556252","0.18536552786827087","0.2095804363489151","0.19615104049444199","0.181864395737648","0.2063959836959839"
"3903","0.19682608917355537","0.18524160981178284","0.21035481989383698","0.1967499926686287","0.1838429570198059","0.21104322373867035"
"3904","0.1884549744427204","0.18394321203231812","0.19526854157447815","0.18836795166134834","0.18223930895328522","0.1957019567489624"
"3905","0.19803103059530258","0.1830223947763443","0.2105257660150528","0.19460521638393402","0.18368931114673615","0.20428311824798584"
"3906","0.1966637223958969","0.17681825160980225","0.20687198638916016","0.1971873939037323","0.18199917674064636","0.20455938577651978"
"3907","0.18995365500450134","0.1757749319076538","0.20179155468940735","0.1872275322675705","0.1743467152118683","0.20021481812000275"
"3908","0.18338755518198013","0.16721798479557037","0.20765063166618347","0.1835920438170433","0.16769865155220032","0.2112475037574768"
"3909","0.1913050077855587","0.17917683720588684","0.204933762550354","0.19463903456926346","0.18489724397659302","0.2056075930595398"
"3910","0.18536264821887016","0.18123741447925568","0.1922837495803833","0.18386342748999596","0.1772063672542572","0.1907745599746704"
"3911","0.1857435293495655","0.17179793119430542","0.1909874975681305","0.18658463284373283","0.17028634250164032","0.19224350154399872"
"3912","0.19315024092793465","0.1879836618900299","0.20256918668746948","0.19190844148397446","0.18644064664840698","0.20312198996543884"
"3913","0.1913444735109806","0.17762219905853271","0.20416158437728882","0.19261670485138893","0.17872188985347748","0.20568427443504333"
"3914","0.18408340215682983","0.1732473522424698","0.19230002164840698","0.18219025805592537","0.16770976781845093","0.1912795603275299"
"3915","0.2024659402668476","0.19544437527656555","0.21092575788497925","0.20026889070868492","0.19391703605651855","0.20702673494815826"
"3916","0.18480082973837852","0.16274645924568176","0.19554534554481506","0.1874370127916336","0.16332679986953735","0.19964911043643951"
"3917","0.19155637547373772","0.17506323754787445","0.21887004375457764","0.19444923475384712","0.17627017199993134","0.21724331378936768"
"3918","0.19121025130152702","0.17625713348388672","0.20113131403923035","0.19387414306402206","0.18271905183792114","0.2060844600200653"
"3919","0.18938543647527695","0.1806071251630783","0.20677590370178223","0.19132067263126373","0.18117697536945343","0.2072136551141739"
"3920","0.19061718881130219","0.1737770438194275","0.20411653816699982","0.19164318963885307","0.17616158723831177","0.20463262498378754"
"3921","0.1965724378824234","0.18506896495819092","0.2132435441017151","0.19648360833525658","0.18555954098701477","0.2175954133272171"
"3922","0.17571917176246643","0.16792543232440948","0.1807025671005249","0.1716143675148487","0.16117925941944122","0.1790890246629715"
"3923","0.19331950694322586","0.1858908087015152","0.19916954636573792","0.19152628630399704","0.18639856576919556","0.19768215715885162"
"3924","0.1927209608256817","0.17394578456878662","0.2126639187335968","0.18825362250208855","0.17438951134681702","0.21116437017917633"
"3925","0.20041697844862938","0.18117281794548035","0.21561485528945923","0.19922388345003128","0.18180988729000092","0.21410387754440308"
"3926","0.19794435799121857","0.18656407296657562","0.2121732234954834","0.19537431374192238","0.18496689200401306","0.20905235409736633"
"3927","0.1914164163172245","0.1750382035970688","0.20189589262008667","0.18999583646655083","0.17376869916915894","0.20066072046756744"
"3928","0.20156410709023476","0.19241032004356384","0.2127297818660736","0.19912881404161453","0.19079609215259552","0.21315430104732513"
"3929","0.19618600979447365","0.19265462458133698","0.19917672872543335","0.19477511569857597","0.18755939602851868","0.1996406465768814"
"3930","0.18968020007014275","0.1783372461795807","0.2022945135831833","0.187918309122324","0.17801174521446228","0.20065926015377045"
"3931","0.19650821015238762","0.18744009733200073","0.20718656480312347","0.19293729960918427","0.18225839734077454","0.20554471015930176"
"3932","0.19539779052138329","0.17802810668945312","0.215475931763649","0.1937752328813076","0.1786670982837677","0.208877831697464"
"3933","0.19562222063541412","0.18950776755809784","0.20313410460948944","0.1966688334941864","0.19295689463615417","0.20373119413852692"
"3934","0.1989126168191433","0.1894826889038086","0.20758263766765594","0.20266719907522202","0.19005374610424042","0.21439439058303833"
"3935","0.1937216967344284","0.17718300223350525","0.21089330315589905","0.19603998959064484","0.1755792498588562","0.2154475897550583"
"3936","0.18922527134418488","0.18621870875358582","0.19488948583602905","0.18802476674318314","0.17996644973754883","0.19340577721595764"
"3938","0.19951733946800232","0.19158890843391418","0.21066012978553772","0.19727875664830208","0.18845070898532867","0.21124199032783508"
"3939","0.19558411091566086","0.19128236174583435","0.20497992634773254","0.19667142629623413","0.18979158997535706","0.20354565978050232"
"3940","0.19945606961846352","0.1698300689458847","0.21865680813789368","0.19244492053985596","0.168375164270401","0.2108229547739029"
"3941","0.19810355827212334","0.1914582997560501","0.2022549957036972","0.1994202509522438","0.19477812945842743","0.20279467105865479"
"3942","0.19140323996543884","0.174699604511261","0.20755505561828613","0.19067589193582535","0.1780233383178711","0.2021055668592453"
"3943","0.1913916915655136","0.1738092005252838","0.2016947865486145","0.19021588936448097","0.17533008754253387","0.2004474699497223"
"3944","0.18812474608421326","0.18619383871555328","0.19050495326519012","0.1846936158835888","0.176679790019989","0.1878829449415207"
"3945","0.19770003855228424","0.18394526839256287","0.20709194242954254","0.19595514610409737","0.18158699572086334","0.20557686686515808"
"3946","0.18766821548342705","0.16853635013103485","0.201832577586174","0.19217733293771744","0.1783599853515625","0.20240333676338196"
"3947","0.19189942255616188","0.1806865781545639","0.21496595442295074","0.1904360093176365","0.17514076828956604","0.21583552658557892"
"3948","0.19651195034384727","0.18415877223014832","0.2193383276462555","0.19615785032510757","0.18408623337745667","0.21981292963027954"
"3949","0.19143639132380486","0.17629486322402954","0.20729190111160278","0.19302020221948624","0.17837592959403992","0.20572210848331451"
"3950","0.19173475354909897","0.18614071607589722","0.19654618203639984","0.19382599368691444","0.19084376096725464","0.19713443517684937"
"3951","0.19059829786419868","0.183017760515213","0.19547101855278015","0.1895153857767582","0.18252111971378326","0.19617260992527008"
"3952","0.20068078115582466","0.18780392408370972","0.20988595485687256","0.19885384663939476","0.1860044300556183","0.21048593521118164"
"3953","0.19190715998411179","0.17382332682609558","0.19831135869026184","0.19085438549518585","0.17267034947872162","0.1980467438697815"
"3954","0.18602978065609932","0.16856950521469116","0.20743316411972046","0.18560152873396873","0.16917629539966583","0.2030293047428131"
"3955","0.1998005211353302","0.18373346328735352","0.2201440930366516","0.19663351401686668","0.18431638181209564","0.2185567021369934"
"3956","0.1982739493250847","0.18421724438667297","0.21487300097942352","0.19349047169089317","0.1791430562734604","0.20306237041950226"
"3957","0.19423570856451988","0.18416926264762878","0.20128394663333893","0.19201647117733955","0.18130993843078613","0.19816914200782776"
"3958","0.1966271586716175","0.1871679574251175","0.20778486132621765","0.19285016134381294","0.18115557730197906","0.20842216908931732"
"3959","0.18881720304489136","0.17789673805236816","0.20116320252418518","0.19034705683588982","0.17981067299842834","0.2019224315881729"
"3960","0.18018554151058197","0.16581659018993378","0.20290088653564453","0.18264953047037125","0.16416487097740173","0.20651116967201233"
"3961","0.18977195024490356","0.1805131435394287","0.19875848293304443","0.1891840659081936","0.17964552342891693","0.1974261999130249"
"3962","0.19869763776659966","0.177052304148674","0.22125595808029175","0.19568213820457458","0.17055672407150269","0.22182925045490265"
"3963","0.19125650823116302","0.17161718010902405","0.21268239617347717","0.1902383528649807","0.17217689752578735","0.20768290758132935"
"3964","0.19631564617156982","0.19279426336288452","0.20019842684268951","0.1951703503727913","0.18784664571285248","0.20191925764083862"
"3965","0.1933002956211567","0.18224848806858063","0.20076005160808563","0.19511524960398674","0.18081557750701904","0.20264843106269836"
"3966","0.1967809647321701","0.17861512303352356","0.22072184085845947","0.1929507851600647","0.17916591465473175","0.20963719487190247"
"3967","0.19200267642736435","0.1797301173210144","0.20678868889808655","0.19276810064911842","0.18271854519844055","0.20552632212638855"
"3968","0.19278454780578613","0.18406550586223602","0.1998591423034668","0.19543368369340897","0.18556660413742065","0.2098156213760376"
"3969","0.19973041489720345","0.19106623530387878","0.20831215381622314","0.19663432985544205","0.18600071966648102","0.20679230988025665"
"3970","0.1801965832710266","0.1726226657629013","0.18478018045425415","0.17758417502045631","0.16678491234779358","0.1833203136920929"
"3971","0.18833867087960243","0.175332173705101","0.20645910501480103","0.18651540949940681","0.1758197546005249","0.2047950178384781"
"3972","0.2001468650996685","0.18996284902095795","0.20844203233718872","0.1983974166214466","0.1905498206615448","0.20884382724761963"
"3973","0.19221032038331032","0.18775445222854614","0.19694525003433228","0.189240712672472","0.179639533162117","0.19761255383491516"
"3974","0.1936473585665226","0.18047967553138733","0.2059970498085022","0.19666891172528267","0.1789630800485611","0.20668962597846985"
"3975","0.18879521638154984","0.18606427311897278","0.19387578964233398","0.18793708831071854","0.18506035208702087","0.1922038495540619"
"3976","0.20484284311532974","0.1779787540435791","0.2556740641593933","0.20415832474827766","0.17849241197109222","0.2535361647605896"
"3977","0.19198105856776237","0.1829654574394226","0.2024211287498474","0.19167574495077133","0.18337136507034302","0.2006158083677292"
"3978","0.1984928995370865","0.19410306215286255","0.2026413381099701","0.1969565711915493","0.19268624484539032","0.20340755581855774"
"3979","0.18874644860625267","0.18366798758506775","0.19496676325798035","0.1903522126376629","0.18848076462745667","0.1933787614107132"
"3980","0.1919925920665264","0.18920546770095825","0.1966084986925125","0.19247081875801086","0.19029802083969116","0.19484679400920868"
"3981","0.18670770153403282","0.17684265971183777","0.1960313618183136","0.18792344629764557","0.175232395529747","0.19661185145378113"
"3982","0.1953682042658329","0.17745712399482727","0.210751011967659","0.19373691827058792","0.18034949898719788","0.20909851789474487"
"3983","0.19787122309207916","0.17993175983428955","0.21351641416549683","0.19608476385474205","0.1805226057767868","0.21190772950649261"
"3984","0.1894889436662197","0.1802709698677063","0.20109504461288452","0.18978771939873695","0.18095654249191284","0.20351117849349976"
"3985","0.1878894753754139","0.17763859033584595","0.19981539249420166","0.18415377289056778","0.17200317978858948","0.19827401638031006"
"3986","0.19521938636898994","0.18197819590568542","0.20640161633491516","0.1968413181602955","0.18036571145057678","0.21149753034114838"
"3987","0.1937510296702385","0.1806977540254593","0.20781520009040833","0.19449887052178383","0.18259049952030182","0.20835265517234802"
"3988","0.19083326309919357","0.1777367889881134","0.20564144849777222","0.19464649260044098","0.176285058259964","0.21363815665245056"
"3989","0.19591278582811356","0.18397724628448486","0.20163214206695557","0.19655020907521248","0.1844484806060791","0.2014864683151245"
"3990","0.1933644600212574","0.182220458984375","0.19906705617904663","0.19110608100891113","0.17831778526306152","0.1960340142250061"
"3991","0.18756261467933655","0.18050317466259003","0.19694392383098602","0.1873997189104557","0.18130484223365784","0.19611594080924988"
"3992","0.1983085423707962","0.19081971049308777","0.20441776514053345","0.197093203663826","0.18922016024589539","0.20259205996990204"
"3993","0.1891350857913494","0.18321657180786133","0.20170944929122925","0.18419566005468369","0.1726948320865631","0.1997682750225067"
"3994","0.1908566616475582","0.17751222848892212","0.20326147973537445","0.1885078251361847","0.17586004734039307","0.2016281932592392"
"3995","0.1905205398797989","0.17463167011737823","0.2040899097919464","0.19086313247680664","0.18059663474559784","0.20064030587673187"
"3996","0.18923703581094742","0.17069758474826813","0.20070691406726837","0.1912461668252945","0.17547014355659485","0.1991984099149704"
"3997","0.19509563595056534","0.18420802056789398","0.20818457007408142","0.19277658313512802","0.18102434277534485","0.20315434038639069"
"3998","0.19583097472786903","0.19066835939884186","0.20827627182006836","0.19667023047804832","0.1924269050359726","0.20682987570762634"
"3999","0.19774924963712692","0.18750827014446259","0.21804280579090118","0.19595004245638847","0.18481996655464172","0.21642877161502838"
"4000","0.1951131895184517","0.18132145702838898","0.20803777873516083","0.19580871984362602","0.1833101361989975","0.2100842297077179"
"4001","0.18153414502739906","0.17499321699142456","0.1886911690235138","0.18221672996878624","0.17536894977092743","0.18930108845233917"
"4002","0.192092914134264","0.17600089311599731","0.20613524317741394","0.1889372579753399","0.1765853315591812","0.20444470643997192"
"4003","0.19197268411517143","0.18385370075702667","0.2004757821559906","0.19472894445061684","0.18900252878665924","0.19964109361171722"
"4004","0.1853671595454216","0.16690263152122498","0.20021796226501465","0.18619463965296745","0.16881069540977478","0.20238471031188965"
"4005","0.19519584998488426","0.19041939079761505","0.20053499937057495","0.1951768808066845","0.1899767369031906","0.19961588084697723"
"4006","0.1845526210963726","0.1753244400024414","0.19159021973609924","0.1816955879330635","0.17588195204734802","0.18759013712406158"
"4007","0.19508714228868484","0.1904074102640152","0.20115935802459717","0.19514067471027374","0.18886393308639526","0.2038484513759613"
"4008","0.19862563163042068","0.1874355971813202","0.21420982480049133","0.19856329262256622","0.1860448271036148","0.21484480798244476"
"4009","0.19118992239236832","0.16761299967765808","0.20686569809913635","0.18900345638394356","0.16813334822654724","0.20525579154491425"
"4010","0.1996031552553177","0.18498855829238892","0.21368518471717834","0.20054557919502258","0.1882334053516388","0.21531715989112854"
"4011","0.19087811186909676","0.18837636709213257","0.19263675808906555","0.19286014139652252","0.18861688673496246","0.19983914494514465"
"4012","0.191924050450325","0.17871607840061188","0.2046436071395874","0.19303220137953758","0.17727333307266235","0.2050005942583084"
"4013","0.19112348929047585","0.1884366273880005","0.19330987334251404","0.1902700997889042","0.1870766580104828","0.19371938705444336"
"4014","0.19357780739665031","0.1870671510696411","0.19650664925575256","0.1926247775554657","0.18793705105781555","0.19678480923175812"
"4015","0.19023173302412033","0.18279315531253815","0.19351527094841003","0.18865903094410896","0.1812085062265396","0.19403007626533508"
"4016","0.1899152398109436","0.18299230933189392","0.19900944828987122","0.19021745398640633","0.18435999751091003","0.19968512654304504"
"4017","0.20255068689584732","0.1912560611963272","0.21090646088123322","0.19931241869926453","0.19175833463668823","0.2044978141784668"
"4018","0.1920674964785576","0.17388927936553955","0.20630881190299988","0.19005874916911125","0.17074249684810638","0.20243139564990997"
"4019","0.19595757871866226","0.18758578598499298","0.20300473272800446","0.1975926160812378","0.18824198842048645","0.20426909625530243"
"4020","0.1882105991244316","0.18044254183769226","0.19275131821632385","0.18574735149741173","0.1809459626674652","0.19119560718536377"
"4021","0.19491420313715935","0.1821194291114807","0.21324141323566437","0.1951267458498478","0.18435867130756378","0.21389101445674896"
"4022","0.18440812826156616","0.17134572565555573","0.19673888385295868","0.18346843123435974","0.17188434302806854","0.19286254048347473"
"4023","0.18701516091823578","0.1750255972146988","0.2079714834690094","0.1831895150244236","0.16707390546798706","0.206373929977417"
"4024","0.1977485828101635","0.19194968044757843","0.20170840620994568","0.1937316581606865","0.18257729709148407","0.1990031599998474"
"4025","0.1848341040313244","0.1726246327161789","0.1986461877822876","0.17934627458453178","0.16529367864131927","0.19698286056518555"
"4026","0.18718524649739265","0.1675141602754593","0.20010480284690857","0.19051961973309517","0.1749913990497589","0.2025527060031891"
"4027","0.1869557835161686","0.17265132069587708","0.1962594836950302","0.18836108595132828","0.1804799735546112","0.19682036340236664"
"4028","0.17377298325300217","0.1629360467195511","0.18576490879058838","0.1736004799604416","0.1655939370393753","0.18431136012077332"
"4029","0.18757235258817673","0.17936664819717407","0.2008773386478424","0.19003799557685852","0.1860591024160385","0.20144188404083252"
"4031","0.1938907541334629","0.18474413454532623","0.2123296856880188","0.19248168915510178","0.1849510222673416","0.20971205830574036"
"4032","0.19028546288609505","0.16951505839824677","0.2125702202320099","0.19022072479128838","0.16800710558891296","0.20778167247772217"
"4033","0.19333530589938164","0.16543303430080414","0.2133590281009674","0.19378523156046867","0.1674368977546692","0.21175548434257507"
"4034","0.20372536778450012","0.1945231556892395","0.21625027060508728","0.20442485064268112","0.19692566990852356","0.21471014618873596"
"4035","0.17724354192614555","0.16471335291862488","0.19492077827453613","0.179647509008646","0.17068998515605927","0.19546785950660706"
"4036","0.1889936812222004","0.18224608898162842","0.193579763174057","0.18796835467219353","0.18271613121032715","0.19190078973770142"
"4037","0.19792940095067024","0.18850794434547424","0.2049587070941925","0.1957312449812889","0.18919503688812256","0.20342925190925598"
"4038","0.18618881702423096","0.17860084772109985","0.20070287585258484","0.1864732839167118","0.17925867438316345","0.19922204315662384"
"4039","0.19553446024656296","0.17919409275054932","0.2231118083000183","0.19569123536348343","0.18087662756443024","0.22145390510559082"
"4040","0.1932678259909153","0.16770696640014648","0.20907481014728546","0.19273729994893074","0.16631245613098145","0.20387235283851624"
"4041","0.19450782984495163","0.18156081438064575","0.20153960585594177","0.19742031022906303","0.18230193853378296","0.2079387754201889"
"4042","0.18572206795215607","0.1648111343383789","0.1979438215494156","0.1875784657895565","0.1721077412366867","0.1962888538837433"
"4043","0.20082155987620354","0.19120801985263824","0.2104177474975586","0.2007831521332264","0.1940675675868988","0.20821405947208405"
"4044","0.19586734846234322","0.17947745323181152","0.22108478844165802","0.1964271292090416","0.18233667314052582","0.22171086072921753"
"4045","0.19778545200824738","0.1880829930305481","0.21262173354625702","0.19908994436264038","0.1917521059513092","0.21410922706127167"
"4046","0.18731679394841194","0.1760835498571396","0.19718801975250244","0.18630793690681458","0.17663349211215973","0.19551843404769897"
"4047","0.20880885422229767","0.20478934049606323","0.21857528388500214","0.2077937126159668","0.2051599621772766","0.21479278802871704"
"4048","0.18942789360880852","0.18535637855529785","0.19467507302761078","0.19067272171378136","0.18752706050872803","0.19717182219028473"
"4049","0.18312887474894524","0.17529571056365967","0.204758882522583","0.18226680532097816","0.17564818263053894","0.20022575557231903"
"4050","0.19465796649456024","0.1806662678718567","0.21927183866500854","0.1951441653072834","0.18123160302639008","0.2229180634021759"
"4051","0.18629109486937523","0.17513516545295715","0.1970687210559845","0.18644915521144867","0.17562055587768555","0.19744595885276794"
"4052","0.19192302599549294","0.17805637419223785","0.20919039845466614","0.19200320169329643","0.17863056063652039","0.20967571437358856"
"4053","0.20263676345348358","0.19117318093776703","0.2152201533317566","0.202265914529562","0.19156111776828766","0.21680697798728943"
"4054","0.19024159014225006","0.18435907363891602","0.20137199759483337","0.18860209360718727","0.18431401252746582","0.19576776027679443"
"4055","0.1815105341374874","0.16351920366287231","0.1974925696849823","0.17994225025177002","0.16203472018241882","0.19359734654426575"
"4056","0.19496356695890427","0.18584869801998138","0.20280471444129944","0.19533688947558403","0.18634364008903503","0.20195844769477844"
"4057","0.18604502081871033","0.17270450294017792","0.20249062776565552","0.1872454658150673","0.17688970267772675","0.2039048969745636"
"4058","0.18900158628821373","0.1694270521402359","0.21402119100093842","0.18657735362648964","0.16288349032402039","0.2124069631099701"
"4059","0.18660425394773483","0.17659273743629456","0.2009543627500534","0.18721331283450127","0.17686769366264343","0.20127971470355988"
"4060","0.19092455506324768","0.1832810640335083","0.1950245201587677","0.1891278736293316","0.18367941677570343","0.19148342311382294"
"4061","0.1869628094136715","0.17455905675888062","0.20360392332077026","0.18881002068519592","0.1785726249217987","0.20410890877246857"
"4062","0.19792675599455833","0.19443267583847046","0.2047843635082245","0.19690722227096558","0.19549643993377686","0.19918067753314972"
"4063","0.19255050271749496","0.18619930744171143","0.2009321004152298","0.1928117573261261","0.1880144327878952","0.20032063126564026"
"4064","0.18634158745408058","0.17634589970111847","0.19751593470573425","0.18756452202796936","0.18096649646759033","0.1981421262025833"
"4065","0.19712083041667938","0.18806339800357819","0.20964649319648743","0.19673611223697662","0.18614748120307922","0.21158558130264282"
"4066","0.19131949171423912","0.18336504697799683","0.19687268137931824","0.18848201632499695","0.1840163767337799","0.19535404443740845"
"4067","0.18649444729089737","0.17889800667762756","0.19913804531097412","0.1832776889204979","0.17155128717422485","0.19766810536384583"
"4068","0.18854698538780212","0.1834719181060791","0.19371768832206726","0.19086357951164246","0.1866115927696228","0.19351378083229065"
"4069","0.17566996812820435","0.16897641122341156","0.18206125497817993","0.1742454282939434","0.16963201761245728","0.18044909834861755"
"4070","0.19238423183560371","0.18926319479942322","0.19499459862709045","0.19451485946774483","0.18982848525047302","0.19763022661209106"
"4071","0.18499429896473885","0.16439205408096313","0.19584578275680542","0.18541237711906433","0.1628541648387909","0.1964358240365982"
"4072","0.18766485899686813","0.18331903219223022","0.1929091215133667","0.18833566084504128","0.18391169607639313","0.19473035633563995"
"4073","0.20080845430493355","0.18845349550247192","0.21601179242134094","0.1988695003092289","0.18053558468818665","0.21701058745384216"
"4074","0.1952456757426262","0.17896825075149536","0.20733952522277832","0.19497886300086975","0.17872175574302673","0.20811542868614197"
"4075","0.19092320278286934","0.17451363801956177","0.20286639034748077","0.19329869002103806","0.17302653193473816","0.204341322183609"
"4076","0.17799212411046028","0.1660098284482956","0.19058382511138916","0.1787225306034088","0.16850903630256653","0.19139152765274048"
"4077","0.18614688888192177","0.17644034326076508","0.19738832116127014","0.18679237738251686","0.1749277412891388","0.19906722009181976"
"4078","0.19452661275863647","0.17437615990638733","0.2343222200870514","0.19174043834209442","0.17299899458885193","0.22336521744728088"
"4079","0.1896786317229271","0.17438602447509766","0.20724596083164215","0.1891261525452137","0.1726367175579071","0.20269298553466797"
"4080","0.19456420838832855","0.19007207453250885","0.202785462141037","0.191357109695673","0.18853960931301117","0.1941215693950653"
"4081","0.1981871835887432","0.17683321237564087","0.2191963642835617","0.19805164262652397","0.177408367395401","0.21951062977313995"
"4082","0.18755268305540085","0.17349651455879211","0.19910666346549988","0.1860232949256897","0.16716420650482178","0.19968287646770477"
"4083","0.20174521580338478","0.1910298764705658","0.21048766374588013","0.21233565732836723","0.18917842209339142","0.24812360107898712"
"4084","0.19333144277334213","0.17655673623085022","0.2063315361738205","0.1907137781381607","0.17714923620224","0.19595785439014435"
"4085","0.18826233968138695","0.1721399873495102","0.20947624742984772","0.18485349416732788","0.1699465811252594","0.20773933827877045"
"4086","0.1893606260418892","0.17309752106666565","0.20555976033210754","0.18841489404439926","0.1737823635339737","0.20362736284732819"
"4087","0.18979379162192345","0.18120244145393372","0.19952285289764404","0.18641839921474457","0.1799491047859192","0.19792915880680084"
"4088","0.18360508978366852","0.17272543907165527","0.19691017270088196","0.1827126257121563","0.16825321316719055","0.19525863230228424"
"4089","0.19613177701830864","0.1886020451784134","0.20895567536354065","0.19897457212209702","0.18924638628959656","0.21441030502319336"
"4090","0.18848775327205658","0.17207014560699463","0.21830889582633972","0.18993863463401794","0.17058241367340088","0.20972970128059387"
"4091","0.1990184150636196","0.19210301339626312","0.2058338224887848","0.2005135454237461","0.1916721761226654","0.2063998281955719"
"4092","0.19067801535129547","0.1727062165737152","0.2007339894771576","0.1911221370100975","0.17531292140483856","0.19933418929576874"
"4093","0.19374094903469086","0.18471890687942505","0.20608112215995789","0.18971598893404007","0.17862050235271454","0.20424875617027283"
"4094","0.20046879723668098","0.19052623212337494","0.2107447385787964","0.1993824876844883","0.19041787087917328","0.20900321006774902"
"4095","0.18711597844958305","0.17372962832450867","0.2056282013654709","0.18661879003047943","0.17379310727119446","0.210714191198349"
"4096","0.1924881525337696","0.17056219279766083","0.2118924856185913","0.19226117804646492","0.17078816890716553","0.21255730092525482"
"4097","0.19979630410671234","0.19004955887794495","0.21008145809173584","0.19961829483509064","0.18839770555496216","0.20979641377925873"
"4098","0.1912730224430561","0.1844908744096756","0.2013043463230133","0.1960599422454834","0.18823839724063873","0.20381762087345123"
"4099","0.19294026121497154","0.1879226118326187","0.19767574965953827","0.19116928428411484","0.18862636387348175","0.19451643526554108"
"4101","0.20178087428212166","0.1860891878604889","0.20725230872631073","0.20124469697475433","0.1858592927455902","0.2079434096813202"
"4102","0.18581486865878105","0.17556464672088623","0.19142480194568634","0.18502020463347435","0.17615172266960144","0.19347307085990906"
"4103","0.19439741224050522","0.1851540505886078","0.20215430855751038","0.19954577088356018","0.19374534487724304","0.20294180512428284"
"4104","0.19196566939353943","0.17136871814727783","0.21047845482826233","0.19157975912094116","0.17190171778202057","0.20784950256347656"
"4105","0.19347258657217026","0.17573195695877075","0.20152714848518372","0.19254999980330467","0.17633259296417236","0.2004178762435913"
"4106","0.18551617860794067","0.17516309022903442","0.19475632905960083","0.18955577164888382","0.17967742681503296","0.19524790346622467"
"4107","0.2050989344716072","0.19687947630882263","0.21351440250873566","0.2047354131937027","0.19447457790374756","0.21491947770118713"
"4108","0.19301706179976463","0.18658453226089478","0.19697651267051697","0.19379693642258644","0.19019544124603271","0.19787825644016266"
"4109","0.19305972009897232","0.1771605908870697","0.20072485506534576","0.19740551710128784","0.17570821940898895","0.21185985207557678"
"4110","0.19167489930987358","0.1836494356393814","0.19812187552452087","0.1895650029182434","0.18080034852027893","0.19648954272270203"
"4111","0.19032735005021095","0.18101242184638977","0.20740464329719543","0.18689052388072014","0.17862580716609955","0.20183657109737396"
"4112","0.19965588673949242","0.17960014939308167","0.2200702428817749","0.19778760895133018","0.17994828522205353","0.2184205800294876"
"4113","0.1916876807808876","0.18144258856773376","0.1996341496706009","0.18848692998290062","0.18184615671634674","0.19372302293777466"
"4114","0.1991884969174862","0.17739686369895935","0.21481379866600037","0.19407528638839722","0.16865766048431396","0.21330846846103668"
"4115","0.1928197406232357","0.17829591035842896","0.21042364835739136","0.1943795196712017","0.18137939274311066","0.21104446053504944"
"4116","0.18975328281521797","0.17586752772331238","0.20052403211593628","0.18951783701777458","0.1730586588382721","0.20369109511375427"
"4117","0.19197401031851768","0.18088313937187195","0.20243656635284424","0.19338024407625198","0.1790187954902649","0.20432236790657043"
"4118","0.19370343908667564","0.18912623822689056","0.19746872782707214","0.19572171568870544","0.1896495819091797","0.20256619155406952"
"4119","0.19887012988328934","0.17174223065376282","0.21995943784713745","0.19801828637719154","0.17228063941001892","0.2181451916694641"
"4120","0.18264959007501602","0.17667554318904877","0.1919165700674057","0.18220727890729904","0.17517226934432983","0.18789781630039215"
"4121","0.19483573362231255","0.19103281199932098","0.19778572022914886","0.19583236798644066","0.18924164772033691","0.20217107236385345"
"4122","0.18519973009824753","0.17947983741760254","0.19351667165756226","0.1827232912182808","0.1727786809206009","0.19546785950660706"
"4123","0.18582799285650253","0.1737704873085022","0.1983814686536789","0.1870179921388626","0.17223431169986725","0.19893179833889008"
"4124","0.19266310706734657","0.17557324469089508","0.2012423276901245","0.19227295741438866","0.1759978085756302","0.2000649869441986"
"4125","0.2002609558403492","0.19156692922115326","0.21006254851818085","0.20192651450634003","0.1917661428451538","0.2133348286151886"
"4126","0.18250757828354836","0.16729992628097534","0.19143301248550415","0.180120587348938","0.16785700619220734","0.18668144941329956"
"4127","0.19404825940728188","0.18090906739234924","0.20966178178787231","0.1943051442503929","0.18149301409721375","0.20773808658123016"
"4128","0.19229888170957565","0.18891000747680664","0.19462816417217255","0.19221081584692","0.1892784684896469","0.19526521861553192"
"4129","0.19443292915821075","0.1869679093360901","0.20133140683174133","0.19441159069538116","0.18741419911384583","0.19977742433547974"
"4130","0.2006438747048378","0.1875840723514557","0.20727455615997314","0.19975168630480766","0.183033749461174","0.20887917280197144"
"4131","0.19879309833049774","0.19514542818069458","0.204106867313385","0.19993865117430687","0.19523154199123383","0.20466290414333344"
"4132","0.19427132979035378","0.17956005036830902","0.20317983627319336","0.19395384564995766","0.18003983795642853","0.205108642578125"
"4133","0.18767083436250687","0.177699014544487","0.1972145438194275","0.18665701523423195","0.1782466173171997","0.19566994905471802"
"4134","0.18416498228907585","0.16820582747459412","0.19714416563510895","0.18452844768762589","0.17291228473186493","0.19572314620018005"
"4135","0.19164513051509857","0.16994047164916992","0.2076568901538849","0.19141698256134987","0.17327584326267242","0.20445415377616882"
"4136","0.18539316579699516","0.17757028341293335","0.19250129163265228","0.18752644956111908","0.17629478871822357","0.1955607682466507"
"4137","0.19260014966130257","0.18288224935531616","0.2084094136953354","0.18802916258573532","0.17164067924022675","0.20686933398246765"
"4138","0.1891959048807621","0.15924137830734253","0.218530535697937","0.19196030497550964","0.16808798909187317","0.21910563111305237"
"4139","0.19124966114759445","0.17934909462928772","0.21006378531455994","0.19338973984122276","0.18007604777812958","0.20715272426605225"
"4140","0.19064068049192429","0.18464647233486176","0.1993350386619568","0.19176780432462692","0.18313995003700256","0.19983765482902527"
"4141","0.20113949477672577","0.18494156002998352","0.21471674740314484","0.2011253796517849","0.18545275926589966","0.21365304291248322"
"4142","0.20200053602457047","0.18870963156223297","0.2122717946767807","0.20422261580824852","0.20013529062271118","0.210656076669693"
"4143","0.1936003901064396","0.18688055872917175","0.2078445851802826","0.1958068497478962","0.18753239512443542","0.20927836000919342"
"4144","0.19845406711101532","0.1929909586906433","0.20495155453681946","0.19645549729466438","0.19165191054344177","0.19956693053245544"
"4145","0.19255894050002098","0.18895554542541504","0.19891658425331116","0.19426435977220535","0.19000841677188873","0.1994524747133255"
"4146","0.20389140769839287","0.192836731672287","0.21722950041294098","0.20355313643813133","0.19347164034843445","0.2127409726381302"
"4147","0.19344552233815193","0.18993695080280304","0.19884294271469116","0.1931704878807068","0.1895330250263214","0.19720152020454407"
"4148","0.1902013123035431","0.18625687062740326","0.19759207963943481","0.19276319071650505","0.18772707879543304","0.19878622889518738"
"4149","0.19570914283394814","0.1803792119026184","0.2173510640859604","0.1954544112086296","0.17740090191364288","0.21588313579559326"
"4150","0.18201659992337227","0.1674441695213318","0.18822278082370758","0.1824696995317936","0.16790160536766052","0.18995919823646545"
"4151","0.1928682141005993","0.17633619904518127","0.2126658409833908","0.18978451192378998","0.17270390689373016","0.2050776332616806"
"4152","0.1944972611963749","0.1791512817144394","0.20559586584568024","0.19823813438415527","0.18761345744132996","0.20388522744178772"
"4153","0.18791399523615837","0.1695377230644226","0.2120293378829956","0.19130681455135345","0.17003315687179565","0.2191956639289856"
"4154","0.18866494670510292","0.18130864202976227","0.20247158408164978","0.1856495589017868","0.17971941828727722","0.19593000411987305"
"4155","0.18674654886126518","0.1778976172208786","0.19072958827018738","0.18777671083807945","0.185397669672966","0.18993735313415527"
"4156","0.19098037481307983","0.17774061858654022","0.2167707085609436","0.19229812175035477","0.17826500535011292","0.21513420343399048"
"4157","0.18798285722732544","0.16685153543949127","0.20837359130382538","0.19166984781622887","0.17418740689754486","0.20682188868522644"
"4158","0.17955300584435463","0.17386718094348907","0.1903882771730423","0.1779049038887024","0.17151881754398346","0.18867039680480957"
"4159","0.18720553815364838","0.17142122983932495","0.19857962429523468","0.18388735130429268","0.16986429691314697","0.19763754308223724"
"4160","0.18969536200165749","0.18160730600357056","0.20165309309959412","0.18751826137304306","0.18000392615795135","0.19471211731433868"
"4161","0.18383731693029404","0.16389122605323792","0.20542839169502258","0.1866043582558632","0.16239945590496063","0.20621374249458313"
"4162","0.19523568451404572","0.18562686443328857","0.2107660174369812","0.1955036148428917","0.18825772404670715","0.211338073015213"
"4163","0.19233164936304092","0.1841997653245926","0.20213216543197632","0.19326526299118996","0.1829013228416443","0.20866525173187256"
"4164","0.18776075169444084","0.1737898886203766","0.19707898795604706","0.18852367997169495","0.17243188619613647","0.19847369194030762"
"4165","0.18268775939941406","0.17080777883529663","0.19427961111068726","0.1825466863811016","0.1710335612297058","0.1944132000207901"
"4166","0.19270116090774536","0.16692200303077698","0.20279178023338318","0.1914805769920349","0.1652660369873047","0.20212247967720032"
"4167","0.1838512383401394","0.17971137166023254","0.19149982929229736","0.18471527472138405","0.1828455924987793","0.19009867310523987"
"4168","0.19220907986164093","0.18419130146503448","0.2152038812637329","0.19081811979413033","0.1828514188528061","0.21054202318191528"
"4169","0.19097765907645226","0.17674362659454346","0.2089773267507553","0.19475973397493362","0.17742550373077393","0.2074504792690277"
"4171","0.19672983139753342","0.18464607000350952","0.20112699270248413","0.1938297003507614","0.1768832802772522","0.2006945013999939"
"4172","0.18124373629689217","0.16840749979019165","0.19213594496250153","0.18215671926736832","0.1678163707256317","0.19062747061252594"
"4173","0.1859373152256012","0.1633499413728714","0.19980654120445251","0.18681617081165314","0.16390404105186462","0.20733696222305298"
"4174","0.1957513429224491","0.18252262473106384","0.20498177409172058","0.1947266273200512","0.18351398408412933","0.2052207887172699"
"4175","0.18991593271493912","0.1795967072248459","0.2067236602306366","0.18659845367074013","0.17531907558441162","0.19873827695846558"
"4176","0.1960914321243763","0.19050444662570953","0.2064562737941742","0.1937747709453106","0.18900655210018158","0.1997905969619751"
"4177","0.19155328348279","0.17767450213432312","0.20261716842651367","0.1922282986342907","0.17903652787208557","0.20468869805335999"
"4178","0.1875898651778698","0.18222704529762268","0.19402991235256195","0.18578523769974709","0.17542511224746704","0.19453436136245728"
"4179","0.19873261079192162","0.19108179211616516","0.2020120918750763","0.19995463639497757","0.19228465855121613","0.20658209919929504"
"4180","0.18996145948767662","0.18495725095272064","0.19822484254837036","0.1937314122915268","0.18350017070770264","0.20096471905708313"
"4181","0.1744191236793995","0.1685786098241806","0.17746460437774658","0.1733662262558937","0.16716884076595306","0.17904554307460785"
"4182","0.19152187556028366","0.17964591085910797","0.199614480137825","0.19324108213186264","0.18019531667232513","0.20416861772537231"
"4183","0.19380969181656837","0.18245835602283478","0.21982181072235107","0.19308336451649666","0.17562156915664673","0.21808263659477234"
"4184","0.1864277794957161","0.17911338806152344","0.19240131974220276","0.18880391865968704","0.17971058189868927","0.19868570566177368"
"4185","0.1921374537050724","0.18620167672634125","0.194353848695755","0.1897936835885048","0.18671107292175293","0.19210079312324524"
"4186","0.19930224120616913","0.1916813999414444","0.21230238676071167","0.2008129060268402","0.1922757476568222","0.21621441841125488"
"4187","0.20039856806397438","0.19667267799377441","0.204059436917305","0.20149366185069084","0.199684277176857","0.2046385556459427"
"4188","0.19239190593361855","0.16383135318756104","0.22338879108428955","0.19808923080563545","0.16249068081378937","0.22391745448112488"
"4189","0.18518823757767677","0.17672891914844513","0.20137767493724823","0.18499480187892914","0.17760926485061646","0.19967468082904816"
"4190","0.1843644119799137","0.17410963773727417","0.19726605713367462","0.1835298016667366","0.1747606098651886","0.19430133700370789"
"4191","0.20438148081302643","0.18176621198654175","0.23215170204639435","0.20510472729802132","0.18837818503379822","0.23043762147426605"
"4192","0.19588462263345718","0.18112634122371674","0.21547362208366394","0.19296760112047195","0.1817120462656021","0.20918059349060059"
"4193","0.18923386186361313","0.1681475043296814","0.21062371134757996","0.1890140175819397","0.16637958586215973","0.21107074618339539"
"4194","0.19671635329723358","0.1942601203918457","0.19979670643806458","0.19570161774754524","0.18798072636127472","0.20328004658222198"
"4195","0.1954667717218399","0.17677831649780273","0.2104397416114807","0.19434236735105515","0.17508776485919952","0.20867931842803955"
"4196","0.19255371391773224","0.18039736151695251","0.2050659954547882","0.186586394906044","0.1780650019645691","0.1978963315486908"
"4197","0.19537634775042534","0.18243640661239624","0.21058164536952972","0.1980297565460205","0.18840694427490234","0.21152225136756897"
"4198","0.19339872151613235","0.18618282675743103","0.20392078161239624","0.19148394092917442","0.18453840911388397","0.2003202736377716"
"4199","0.19081737473607063","0.1786026805639267","0.20720791816711426","0.18851500749588013","0.18060964345932007","0.19681891798973083"
"4200","0.18525628000497818","0.17548778653144836","0.19417603313922882","0.1815725900232792","0.1727113127708435","0.19217121601104736"
"4201","0.1860472857952118","0.18171408772468567","0.19144335389137268","0.18457132950425148","0.17839181423187256","0.19185900688171387"
"4202","0.17864609882235527","0.16836491227149963","0.18310339748859406","0.1780312918126583","0.16905349493026733","0.18192553520202637"
"4203","0.1811540313065052","0.1757301539182663","0.19236545264720917","0.18282640725374222","0.1742629110813141","0.2000722587108612"
"4204","0.19222357124090195","0.1801401972770691","0.20222774147987366","0.19339660927653313","0.18074128031730652","0.20525720715522766"
"4205","0.1908048875629902","0.17569199204444885","0.20578041672706604","0.1899062618613243","0.17681315541267395","0.2063552737236023"
"4206","0.1877661645412445","0.18421655893325806","0.19352924823760986","0.18834100291132927","0.18607197701931","0.19185329973697662"
"4207","0.19541340321302414","0.1815306395292282","0.20486249029636383","0.1941707544028759","0.18203210830688477","0.204154834151268"
"4208","0.19561415538191795","0.17747724056243896","0.21436677873134613","0.1968141309916973","0.18389572203159332","0.21375015377998352"
"4209","0.19988776370882988","0.1900746375322342","0.21725961565971375","0.19925357773900032","0.19071711599826813","0.21571972966194153"
"4210","0.1965147815644741","0.18380138278007507","0.21041949093341827","0.1950456202030182","0.1842176616191864","0.20866641402244568"
"4211","0.19008105620741844","0.18107332289218903","0.20525898039340973","0.1909216344356537","0.18149103224277496","0.20349937677383423"
"4212","0.18816471472382545","0.1799844205379486","0.20323526859283447","0.18441947177052498","0.17301486432552338","0.20157310366630554"
"4213","0.19556108489632607","0.1807897686958313","0.2089834362268448","0.19534962996840477","0.17898514866828918","0.20712289214134216"
"4214","0.1981782652437687","0.19039008021354675","0.21160085499286652","0.19808850809931755","0.19322285056114197","0.2099120318889618"
"4215","0.18703961744904518","0.18032985925674438","0.1903725415468216","0.18509365618228912","0.1789158433675766","0.19078131020069122"
"4216","0.18883414566516876","0.16994334757328033","0.200325146317482","0.19130954891443253","0.17047852277755737","0.2101060450077057"
"4217","0.18910488113760948","0.17964604496955872","0.2013351172208786","0.1892518438398838","0.1776784509420395","0.2063707411289215"
"4218","0.18943744525313377","0.18265117704868317","0.20281827449798584","0.18930767476558685","0.18242907524108887","0.20317335426807404"
"4219","0.17874795198440552","0.17167702317237854","0.1859363317489624","0.17841898649930954","0.1715812385082245","0.1859104186296463"
"4220","0.18852566182613373","0.18205522000789642","0.1928127259016037","0.18992406502366066","0.18699657917022705","0.19256454706192017"
"4221","0.17956271395087242","0.16405905783176422","0.1905362904071808","0.18290284648537636","0.1722709834575653","0.19658154249191284"
"4222","0.2009768821299076","0.18761467933654785","0.2096707820892334","0.20101923868060112","0.1882905662059784","0.2098688781261444"
"4223","0.1784200742840767","0.1715705394744873","0.18438951671123505","0.17894813045859337","0.17459328472614288","0.18440179526805878"
"4224","0.19325413554906845","0.17086182534694672","0.2138633280992508","0.19393354281783104","0.17421133816242218","0.2125127911567688"
"4225","0.19096455350518227","0.17792008817195892","0.20460639894008636","0.1927814558148384","0.18134194612503052","0.20291340351104736"
"4226","0.19545651599764824","0.18243560194969177","0.21538357436656952","0.19458507001399994","0.18221712112426758","0.21669694781303406"
"4227","0.18113086372613907","0.1641143560409546","0.19095727801322937","0.1789405271410942","0.16458240151405334","0.1843503713607788"
"4228","0.1869564689695835","0.17205476760864258","0.2015189826488495","0.17920496687293053","0.16247262060642242","0.18720081448554993"
"4229","0.18393879011273384","0.17677180469036102","0.19576409459114075","0.18622692674398422","0.17551946640014648","0.19726485013961792"
"4230","0.1876591518521309","0.17719848453998566","0.19402974843978882","0.18515962734818459","0.17226044833660126","0.19234207272529602"
"4231","0.19235749542713165","0.17131921648979187","0.21461822092533112","0.19496629014611244","0.1804744154214859","0.21677570044994354"
"4232","0.18992498144507408","0.17624440789222717","0.19987526535987854","0.18542680144309998","0.1769217550754547","0.19027498364448547"
"4233","0.1890392303466797","0.17819076776504517","0.19804884493350983","0.18848367780447006","0.1786881983280182","0.19638024270534515"
"4234","0.19904587045311928","0.18405523896217346","0.22435374557971954","0.19730011001229286","0.18492759764194489","0.21842080354690552"
"4235","0.1871146596968174","0.16530707478523254","0.20470412075519562","0.18517275527119637","0.16590285301208496","0.19877025485038757"
"4236","0.194279957562685","0.177201047539711","0.2061844915151596","0.19525504484772682","0.1777273565530777","0.2060130536556244"
"4237","0.19762825220823288","0.18428680300712585","0.20495302975177765","0.19626609981060028","0.1826857030391693","0.205510675907135"
"4238","0.19983230903744698","0.18302589654922485","0.21830449998378754","0.19722289219498634","0.17998386919498444","0.21894517540931702"
"4239","0.1972382366657257","0.17998728156089783","0.21338914334774017","0.19451981782913208","0.1788853406906128","0.20427316427230835"
"4240","0.20013533160090446","0.19472476840019226","0.211094468832016","0.19754132628440857","0.1929107904434204","0.2057848870754242"
"4241","0.18989025801420212","0.18660396337509155","0.19240599870681763","0.1907055303454399","0.1847115159034729","0.19458593428134918"
"4242","0.18760740011930466","0.17855766415596008","0.19654318690299988","0.1881653368473053","0.18172243237495422","0.19493746757507324"
"4243","0.18348873034119606","0.17309144139289856","0.19149966537952423","0.1872941255569458","0.1737029254436493","0.1983191967010498"
"4244","0.18784751370549202","0.18159431219100952","0.19485923647880554","0.18761204555630684","0.18125289678573608","0.19342145323753357"
"4245","0.191933311522007","0.1779555231332779","0.21548138558864594","0.1914403811097145","0.17854054272174835","0.21392551064491272"
"4246","0.19302917644381523","0.18104678392410278","0.2144639790058136","0.19305046647787094","0.18172922730445862","0.2132713794708252"
"4247","0.19042031466960907","0.17680136859416962","0.21033471822738647","0.19448446482419968","0.1772472858428955","0.2086215317249298"
"4248","0.18983377516269684","0.1831708401441574","0.19589349627494812","0.18559054657816887","0.17492008209228516","0.19440792500972748"
"4249","0.1901579573750496","0.17920999228954315","0.2034449726343155","0.19016133248806","0.1774984896183014","0.2017086148262024"
"4250","0.19403214752674103","0.19184817373752594","0.19830133020877838","0.19457731023430824","0.19038307666778564","0.19837898015975952"
"4251","0.183903519064188","0.17387738823890686","0.20283550024032593","0.18405691534280777","0.17322750389575958","0.20324912667274475"
"4252","0.1944272667169571","0.18053916096687317","0.2123912125825882","0.19451656192541122","0.17902758717536926","0.21303701400756836"
"4253","0.1849234513938427","0.17577411234378815","0.19585657119750977","0.1861777976155281","0.17948219180107117","0.19634824991226196"
"4254","0.2004251889884472","0.1836116760969162","0.22096139192581177","0.20094643905758858","0.18186578154563904","0.2215111404657364"
"4255","0.18794285506010056","0.17865891754627228","0.20624050498008728","0.18896156176924706","0.1781044453382492","0.20671740174293518"
"4256","0.18963675573468208","0.17284627258777618","0.20017656683921814","0.18908251449465752","0.17310966551303864","0.20078900456428528"
"4257","0.19307264313101768","0.17834916710853577","0.20816470682621002","0.19338811561465263","0.17862677574157715","0.20907621085643768"
"4258","0.18490785360336304","0.17075790464878082","0.2067616879940033","0.18251391127705574","0.16893324255943298","0.2043503224849701"
"4259","0.1875784732401371","0.18353261053562164","0.1929435282945633","0.18405361473560333","0.1792992204427719","0.1933416873216629"
"4260","0.1895596906542778","0.17970165610313416","0.20234236121177673","0.1866871751844883","0.17534232139587402","0.19622406363487244"
"4261","0.18871894851326942","0.17172889411449432","0.21437743306159973","0.1910114623606205","0.1779947280883789","0.21840235590934753"
"4262","0.191385418176651","0.1764778047800064","0.20950546860694885","0.19249564036726952","0.1771376132965088","0.20761603116989136"
"4264","0.1795358769595623","0.16627198457717896","0.19633722305297852","0.1807904690504074","0.1647462248802185","0.19651289284229279"
"4265","0.18944432213902473","0.179184228181839","0.20460815727710724","0.18714579194784164","0.17916470766067505","0.19643118977546692"
"4266","0.1920626498758793","0.18149235844612122","0.21559631824493408","0.18961937725543976","0.17924299836158752","0.20903143286705017"
"4267","0.1837267018854618","0.17672574520111084","0.188371941447258","0.18676403164863586","0.1823834776878357","0.1893242448568344"
"4268","0.18983084708452225","0.17837677896022797","0.19926686584949493","0.18734008073806763","0.1788462996482849","0.1977105289697647"
"4269","0.18737058341503143","0.1757328361272812","0.1979474276304245","0.185219407081604","0.17432326078414917","0.19425752758979797"
"4270","0.1873861327767372","0.17732562124729156","0.1960541009902954","0.1854509562253952","0.17348867654800415","0.1955522894859314"
"4271","0.19614002108573914","0.19168362021446228","0.19924984872341156","0.19613515958189964","0.19225512444972992","0.19938316941261292"
"4272","0.1915573626756668","0.18393473327159882","0.21330441534519196","0.19014334678649902","0.1822802722454071","0.20590563118457794"
"4273","0.1956455036997795","0.1702203005552292","0.21197645366191864","0.19691458716988564","0.17421923577785492","0.21252214908599854"
"4274","0.18179234489798546","0.17768320441246033","0.19208283722400665","0.18210546672344208","0.17614734172821045","0.1942659616470337"
"4275","0.19201583415269852","0.18109507858753204","0.19725021719932556","0.19531654566526413","0.19067537784576416","0.20146778225898743"
"4276","0.18261481449007988","0.17760874330997467","0.18827465176582336","0.1841844730079174","0.17816588282585144","0.1918722540140152"
"4277","0.18911414593458176","0.17039607465267181","0.20638534426689148","0.18862548097968102","0.16884562373161316","0.20707224309444427"
"4278","0.1871030293405056","0.1744289994239807","0.1922452449798584","0.1882360875606537","0.17505261301994324","0.19481690227985382"
"4279","0.19003449380397797","0.17893004417419434","0.2007748782634735","0.1897493191063404","0.17511874437332153","0.20164458453655243"
"4280","0.20066813379526138","0.19242733716964722","0.20931299030780792","0.2027829959988594","0.19289612770080566","0.20869344472885132"
"4281","0.19601039588451385","0.18173369765281677","0.21552617847919464","0.19586142152547836","0.18006637692451477","0.21690219640731812"
"4282","0.1920251101255417","0.1796157956123352","0.19976559281349182","0.19231940805912018","0.1767934262752533","0.20046168565750122"
"4283","0.20325078070163727","0.18718299269676208","0.23211102187633514","0.20317143574357033","0.18834136426448822","0.22548148036003113"
"4284","0.1823180727660656","0.1767192780971527","0.1855132281780243","0.18527723103761673","0.18358635902404785","0.18959787487983704"
"4285","0.19229251891374588","0.18210147321224213","0.20590369403362274","0.19080603495240211","0.18009231984615326","0.20418858528137207"
"4286","0.18617146834731102","0.17617611587047577","0.20217613875865936","0.18482312187552452","0.17680469155311584","0.2032199203968048"
"4287","0.189992755651474","0.176313579082489","0.20163865387439728","0.1891641914844513","0.17883484065532684","0.19979849457740784"
"4288","0.18226907774806023","0.16267774999141693","0.20116928219795227","0.18026751279830933","0.1632986217737198","0.19835734367370605"
"4289","0.18454347550868988","0.17927011847496033","0.1918335258960724","0.18344490602612495","0.1774216890335083","0.19209539890289307"
"4290","0.19384410232305527","0.18217669427394867","0.20597343146800995","0.1927490234375","0.17884768545627594","0.20599454641342163"
"4291","0.19474881514906883","0.18111258745193481","0.21401338279247284","0.19118835404515266","0.17942029237747192","0.2031290978193283"
"4292","0.19054949656128883","0.1878887265920639","0.19294148683547974","0.18657808378338814","0.17937657237052917","0.1936015486717224"
"4293","0.18158535659313202","0.17163683474063873","0.1948980987071991","0.1797391064465046","0.16650506854057312","0.19344495236873627"
"4294","0.18729636445641518","0.17926611006259918","0.19184714555740356","0.18565750494599342","0.17282666265964508","0.19247744977474213"
"4295","0.1825627088546753","0.17364686727523804","0.19127020239830017","0.17804282531142235","0.1725417673587799","0.18953831493854523"
"4296","0.18170630186796188","0.16551321744918823","0.19588878750801086","0.18193196132779121","0.1682620495557785","0.1969185322523117"
"4297","0.19283685088157654","0.18398424983024597","0.20132023096084595","0.193595290184021","0.1870896965265274","0.19956156611442566"
"4298","0.19844001904129982","0.18407845497131348","0.20841854810714722","0.1996084824204445","0.1823916882276535","0.21329697966575623"
"4299","0.18967724964022636","0.17825204133987427","0.1962129771709442","0.18905461952090263","0.17802628874778748","0.19548101723194122"
"4300","0.18514487147331238","0.17013663053512573","0.19842810928821564","0.18730035796761513","0.17192134261131287","0.1966640055179596"
"4301","0.1863539069890976","0.17889061570167542","0.19247041642665863","0.18566308543086052","0.17995965480804443","0.19075340032577515"
"4302","0.19698873162269592","0.19269892573356628","0.208248108625412","0.1987224966287613","0.19350704550743103","0.20672784745693207"
"4303","0.18283527344465256","0.17118529975414276","0.19332726299762726","0.1822299286723137","0.17674410343170166","0.18808338046073914"
"4304","0.18830429017543793","0.18193508684635162","0.19372008740901947","0.19000164046883583","0.18237003684043884","0.19803160429000854"
"4305","0.2020787112414837","0.18781723082065582","0.21052104234695435","0.19780509918928146","0.18606282770633698","0.20826071500778198"
"4306","0.19087405875325203","0.17732743918895721","0.20750294625759125","0.19153740629553795","0.1792306900024414","0.20878800749778748"
"4307","0.18541494384407997","0.1805611252784729","0.18904229998588562","0.18487872928380966","0.18109887838363647","0.19203990697860718"
"4308","0.20098954066634178","0.1918487250804901","0.20995613932609558","0.20057833567261696","0.19284868240356445","0.20821259915828705"
"4309","0.1824508234858513","0.17702235281467438","0.18610143661499023","0.1809602677822113","0.17547249794006348","0.1867055594921112"
"4310","0.18754787743091583","0.1791946142911911","0.19661931693553925","0.18792549520730972","0.17957013845443726","0.19721677899360657"
"4311","0.18804779276251793","0.17391720414161682","0.21071094274520874","0.18663543462753296","0.17574326694011688","0.21117104589939117"
"4312","0.1878783218562603","0.1832679659128189","0.19650381803512573","0.18651238083839417","0.18153664469718933","0.19723424315452576"
"4313","0.19018100947141647","0.1786477416753769","0.2010817974805832","0.18870162218809128","0.17924872040748596","0.1946641504764557"
"4314","0.18740062788128853","0.17298299074172974","0.19312652945518494","0.18841776624321938","0.1770956665277481","0.19375406205654144"
"4315","0.1983400285243988","0.18377788364887238","0.2099379301071167","0.19896238669753075","0.18430708348751068","0.21532747149467468"
"4316","0.2007695622742176","0.18687228858470917","0.21916437149047852","0.1975109800696373","0.18169265985488892","0.21238404512405396"
"4317","0.1926092803478241","0.1828320175409317","0.20026034116744995","0.19316039234399796","0.18371301889419556","0.20016005635261536"
"4318","0.18788954615592957","0.17125943303108215","0.20781296491622925","0.18710064888000488","0.16978083550930023","0.2120266854763031"
"4319","0.20082202181220055","0.18283960223197937","0.20903968811035156","0.19775285944342613","0.17717857658863068","0.20728634297847748"
"4320","0.1952313669025898","0.18523654341697693","0.21488353610038757","0.1922076977789402","0.17935362458229065","0.21301595866680145"
"4321","0.19361258670687675","0.18558190762996674","0.20539632439613342","0.1924789473414421","0.18419811129570007","0.2027895748615265"
"4322","0.1882098726928234","0.1849941909313202","0.19213338196277618","0.18439574167132378","0.17984670400619507","0.18782353401184082"
"4323","0.1924842931330204","0.18000103533267975","0.20639385282993317","0.1923464871942997","0.18447345495224","0.20467615127563477"
"4324","0.19121936708688736","0.18377506732940674","0.19542984664440155","0.19188371673226357","0.1822822391986847","0.20071929693222046"
"4325","0.1900075115263462","0.17884649336338043","0.20631355047225952","0.18838311731815338","0.17415128648281097","0.20478998124599457"
"4326","0.18589964509010315","0.17345762252807617","0.1920580118894577","0.18537313118577003","0.17411956191062927","0.19052770733833313"
"4327","0.18947358429431915","0.18424372375011444","0.19706682860851288","0.18987972289323807","0.18324926495552063","0.20047500729560852"
"4328","0.1815640814602375","0.16213268041610718","0.19449292123317719","0.18135584890842438","0.1604284942150116","0.19287635385990143"
"4329","0.19974051788449287","0.1938336193561554","0.2048969268798828","0.2008880078792572","0.19451916217803955","0.20520082116127014"
"4330","0.17607738077640533","0.16769403219223022","0.19106672704219818","0.17306426167488098","0.16255052387714386","0.1890203356742859"
"4331","0.19398007541894913","0.1900046318769455","0.20005926489830017","0.19573120772838593","0.19126342236995697","0.20478305220603943"
"4332","0.1894441656768322","0.18040964007377625","0.19522279500961304","0.18813053891062737","0.18131513893604279","0.19363059103488922"
"4334","0.17988844215869904","0.16863712668418884","0.20021827518939972","0.18154840543866158","0.17112645506858826","0.20083779096603394"
"4335","0.18039097264409065","0.168939471244812","0.19796596467494965","0.1805906556546688","0.16699911653995514","0.19882416725158691"
"4336","0.18468737229704857","0.1793687641620636","0.19481052458286285","0.18624044954776764","0.1812761425971985","0.19336140155792236"
"4337","0.17698119580745697","0.17161986231803894","0.18051370978355408","0.17497459426522255","0.17160554230213165","0.1791061908006668"
"4338","0.18963323533535004","0.18531659245491028","0.2016080617904663","0.19008195772767067","0.18419206142425537","0.20007354021072388"
"4339","0.1901754029095173","0.18548494577407837","0.19771215319633484","0.19425435364246368","0.18636849522590637","0.21259278059005737"
"4340","0.1989133544266224","0.1896151453256607","0.2150174081325531","0.19775967299938202","0.18656960129737854","0.21362215280532837"
"4341","0.19277814403176308","0.18761824071407318","0.19790959358215332","0.19277185574173927","0.18898211419582367","0.19807849824428558"
"4342","0.18322226405143738","0.15448707342147827","0.20137152075767517","0.18401817977428436","0.15721189975738525","0.20211482048034668"
"4343","0.19353051483631134","0.18276557326316833","0.2039271593093872","0.1924225091934204","0.18180106580257416","0.20231962203979492"
"4344","0.19215448200702667","0.17351871728897095","0.20742760598659515","0.19275327399373055","0.1740153729915619","0.20738762617111206"
"4345","0.19278699159622192","0.18106681108474731","0.2028544545173645","0.19146158173680305","0.18008369207382202","0.19998206198215485"
"4346","0.18731454387307167","0.16999466717243195","0.1986697018146515","0.18790081143379211","0.1705527901649475","0.1994556188583374"
"4347","0.1848839558660984","0.16743284463882446","0.19626234471797943","0.18587559834122658","0.1724356710910797","0.1944805085659027"
"4348","0.19325938820838928","0.17528122663497925","0.22099542617797852","0.1896292306482792","0.17588670551776886","0.21018165349960327"
"4349","0.1848631240427494","0.17216558754444122","0.1910741925239563","0.18687137588858604","0.1704106330871582","0.19547143578529358"
"4350","0.19744784012436867","0.1847735494375229","0.2175525426864624","0.1936536580324173","0.18396276235580444","0.20768016576766968"
"4351","0.17941109463572502","0.1688997447490692","0.19354015588760376","0.17802905291318893","0.16931042075157166","0.19289831817150116"
"4352","0.19039180874824524","0.16625739634037018","0.20979835093021393","0.18712081015110016","0.16681918501853943","0.2067338228225708"
"4353","0.18723247572779655","0.17537519335746765","0.20889976620674133","0.18862450122833252","0.17376595735549927","0.2094920575618744"
"4354","0.17811500653624535","0.16941362619400024","0.18819764256477356","0.17643150687217712","0.1680290400981903","0.18452316522598267"
"4355","0.1923450380563736","0.1809900999069214","0.20396728813648224","0.19058582559227943","0.17717348039150238","0.20254363119602203"
"4356","0.18514243885874748","0.18458068370819092","0.18559721112251282","0.18648254871368408","0.18408432602882385","0.19151711463928223"
"4357","0.17895527929067612","0.16972237825393677","0.19000573456287384","0.17874501273036003","0.1672603040933609","0.19069892168045044"
"4358","0.19101355969905853","0.18161898851394653","0.20013126730918884","0.19035694375634193","0.182223379611969","0.19685471057891846"
"4359","0.18525424972176552","0.17944099009037018","0.1899873912334442","0.18687980249524117","0.1802757978439331","0.19079864025115967"
"4360","0.1932378150522709","0.17803335189819336","0.20518964529037476","0.19118071347475052","0.17846056818962097","0.20343875885009766"
"4361","0.19075404852628708","0.18628650903701782","0.19536888599395752","0.19261832162737846","0.18675395846366882","0.19595254957675934"
"4362","0.18424714729189873","0.15995952486991882","0.19737374782562256","0.18141483142971992","0.16061507165431976","0.19563928246498108"
"4363","0.1891954280436039","0.1856391876935959","0.19581644237041473","0.18826311826705933","0.1825169175863266","0.19739744067192078"
"4364","0.19793002307415009","0.18451255559921265","0.20996156334877014","0.19392454624176025","0.18513594567775726","0.2082088440656662"
"4365","0.19380272179841995","0.18806913495063782","0.20027662813663483","0.19614284858107567","0.18646863102912903","0.2081318348646164"
"4366","0.17785970494151115","0.16798947751522064","0.18733423948287964","0.17541293054819107","0.1676252782344818","0.18572373688220978"
"4367","0.19323188439011574","0.17434220016002655","0.21153542399406433","0.19631607457995415","0.17990794777870178","0.20970629155635834"
"4368","0.19455834850668907","0.1846887618303299","0.204706609249115","0.19125841557979584","0.1851833164691925","0.2029346227645874"
"4369","0.18540944531559944","0.17474636435508728","0.21083024144172668","0.18652541190385818","0.17858558893203735","0.20924219489097595"
"4370","0.18954502791166306","0.182650625705719","0.19912545382976532","0.18797239288687706","0.183278888463974","0.1974414736032486"
"4371","0.18567388504743576","0.16306327283382416","0.19410106539726257","0.18667147681117058","0.16147327423095703","0.1972283124923706"
"4372","0.19020399451255798","0.1706199049949646","0.21374309062957764","0.1864909492433071","0.1711704581975937","0.2047916054725647"
"4373","0.18281028792262077","0.169611394405365","0.1914432793855667","0.18150629103183746","0.16637369990348816","0.18983107805252075"
"4374","0.18864813074469566","0.18134331703186035","0.19595122337341309","0.18635139614343643","0.17830094695091248","0.1942920982837677"
"4375","0.1954972743988037","0.18479634821414948","0.205900177359581","0.19666149094700813","0.19145216047763824","0.20430314540863037"
"4376","0.18655482679605484","0.17333170771598816","0.2049567997455597","0.1885705217719078","0.1731901466846466","0.2055584341287613"
"4377","0.19053685665130615","0.18276076018810272","0.2046264410018921","0.1912698745727539","0.1830599009990692","0.2052089422941208"
"4378","0.19107487052679062","0.17640577256679535","0.21185122430324554","0.19269343465566635","0.177024245262146","0.21017000079154968"
"4379","0.20065651834011078","0.19529715180397034","0.20795610547065735","0.2004689760506153","0.19353213906288147","0.20768892765045166"
"4380","0.18960856273770332","0.1827107071876526","0.19512547552585602","0.19145487993955612","0.18456746637821198","0.19586540758609772"
"4381","0.18500180914998055","0.1735040694475174","0.1957707703113556","0.18474949896335602","0.1719883680343628","0.19740250706672668"
"4382","0.18905425816774368","0.18298053741455078","0.19832707941532135","0.2011544406414032","0.1797778308391571","0.25091463327407837"
"4383","0.18095528334379196","0.1706894189119339","0.18959420919418335","0.1811116747558117","0.17137157917022705","0.18802675604820251"
"4384","0.19781875237822533","0.18515300750732422","0.20511563122272491","0.1930697187781334","0.18289801478385925","0.2033943235874176"
"4385","0.18745843693614006","0.17142677307128906","0.19775140285491943","0.1872984953224659","0.169856995344162","0.19600413739681244"
"4386","0.1930488720536232","0.17751628160476685","0.20670339465141296","0.18924879655241966","0.17842626571655273","0.2050628811120987"
"4387","0.18887167051434517","0.17987851798534393","0.20383620262145996","0.18945423141121864","0.17819443345069885","0.20446795225143433"
"4388","0.18130486458539963","0.17403924465179443","0.19130322337150574","0.18111911416053772","0.17458093166351318","0.1896187663078308"
"4389","0.19520017132163048","0.17744266986846924","0.20186510682106018","0.1949690580368042","0.17798694968223572","0.20431439578533173"
"4390","0.20274296775460243","0.1790403127670288","0.24227380752563477","0.2094672992825508","0.17921626567840576","0.270133376121521"
"4391","0.1897851675748825","0.1701524704694748","0.20280025899410248","0.18717090412974358","0.17072705924510956","0.2009870857000351"
"4392","0.19457070156931877","0.18638251721858978","0.20438078045845032","0.195890661329031","0.1882232427597046","0.20883876085281372"
"4393","0.18966006860136986","0.17479193210601807","0.20175954699516296","0.18998776748776436","0.17398136854171753","0.200110524892807"
"4394","0.18136677518486977","0.17765532433986664","0.18355238437652588","0.18483008071780205","0.1781792938709259","0.19259652495384216"
"4395","0.1880827583372593","0.17626580595970154","0.2020796835422516","0.18450599908828735","0.17713186144828796","0.19355261325836182"
"4396","0.18296309560537338","0.1762397438287735","0.18817824125289917","0.18510431051254272","0.17686301469802856","0.19133123755455017"
"4397","0.19794782623648643","0.16687333583831787","0.21903815865516663","0.19561772421002388","0.16740202903747559","0.21215540170669556"
"4398","0.19815880432724953","0.18040627241134644","0.20838013291358948","0.19890688732266426","0.17846597731113434","0.20882871747016907"
"4399","0.1892927810549736","0.1762225329875946","0.20112846791744232","0.18563759326934814","0.17674770951271057","0.19852188229560852"
"4400","0.20175280794501305","0.17452196776866913","0.21946465969085693","0.19986293092370033","0.17367291450500488","0.22006531059741974"
"4401","0.18686146289110184","0.17816060781478882","0.2050822675228119","0.18374431133270264","0.17106258869171143","0.20085957646369934"
"4402","0.1876019425690174","0.17139244079589844","0.19789400696754456","0.18457959592342377","0.1653093695640564","0.19608892500400543"
"4404","0.18158704787492752","0.17672152817249298","0.18647241592407227","0.18103842809796333","0.17765147984027863","0.18475016951560974"
"4405","0.20183367282152176","0.18655642867088318","0.20990678668022156","0.2031830996274948","0.1922391653060913","0.21040265262126923"
"4406","0.1873791217803955","0.17251038551330566","0.19566690921783447","0.19098998606204987","0.18517237901687622","0.1965070217847824"
"4407","0.19075318053364754","0.18047109246253967","0.20618213713169098","0.1903809905052185","0.1808442920446396","0.20680958032608032"
"4408","0.184738639742136","0.1748102903366089","0.19808295369148254","0.18373093008995056","0.1788218915462494","0.19054797291755676"
"4409","0.19095506891608238","0.174759641289711","0.1976151168346405","0.18877675756812096","0.16871827840805054","0.19611921906471252"
"4410","0.19054041057825089","0.18012192845344543","0.2008422613143921","0.19365419447422028","0.18409326672554016","0.19916735589504242"
"4411","0.19816260412335396","0.1945764422416687","0.20206445455551147","0.19829971343278885","0.1929597407579422","0.20424768328666687"
"4412","0.1894640401005745","0.1746480017900467","0.19961979985237122","0.18414611369371414","0.17538368701934814","0.18941757082939148"
"4413","0.19538941234350204","0.18603211641311646","0.20162750780582428","0.19587747007608414","0.1847890019416809","0.20222991704940796"
"4414","0.19312014803290367","0.18253472447395325","0.20158636569976807","0.191327802836895","0.18310393393039703","0.20001815259456635"
"4415","0.19064559042453766","0.17882250249385834","0.20168261229991913","0.18908251821994781","0.17907124757766724","0.2001270055770874"
"4416","0.1740783378481865","0.16527844965457916","0.1820743978023529","0.1749316044151783","0.1639949530363083","0.18789663910865784"
"4417","0.1886158287525177","0.17671239376068115","0.19772294163703918","0.189679853618145","0.1750566065311432","0.20154540240764618"
"4418","0.18278399854898453","0.17318561673164368","0.19299495220184326","0.18247735500335693","0.17368283867835999","0.19105947017669678"
"4419","0.18374516069889069","0.16819101572036743","0.19334661960601807","0.18727169930934906","0.17226606607437134","0.20107227563858032"
"4420","0.17983453348279","0.1527993083000183","0.1940367966890335","0.18044625967741013","0.15136843919754028","0.1934705376625061"
"4421","0.17587308213114738","0.16554275155067444","0.185977965593338","0.1759754978120327","0.1657310575246811","0.1843986064195633"
"4422","0.1869066022336483","0.18528467416763306","0.18847784399986267","0.18449553102254868","0.18332606554031372","0.18563926219940186"
"4423","0.19069884717464447","0.1808719038963318","0.20757067203521729","0.19056668132543564","0.17937158048152924","0.20586088299751282"
"4424","0.1846081204712391","0.1748313307762146","0.1924620270729065","0.18435681983828545","0.17333382368087769","0.19199053943157196"
"4425","0.18734239414334297","0.17943699657917023","0.1946767419576645","0.18655414134263992","0.17991262674331665","0.19404233992099762"
"4426","0.18271246924996376","0.17484815418720245","0.18755951523780823","0.18336524814367294","0.17327341437339783","0.1918758600950241"
"4427","0.19039983674883842","0.17939703166484833","0.19968503713607788","0.1893804557621479","0.17799675464630127","0.19679662585258484"
"4428","0.17978600785136223","0.16289985179901123","0.1956760585308075","0.17899227514863014","0.16357295215129852","0.1939631998538971"
"4429","0.18250475078821182","0.1683262288570404","0.19847023487091064","0.18320686370134354","0.1666111946105957","0.20244818925857544"
"4430","0.1843845173716545","0.17486128211021423","0.19361388683319092","0.18434615805745125","0.17250347137451172","0.19185307621955872"
"4431","0.1793293133378029","0.17112226784229279","0.19700247049331665","0.17675454169511795","0.16941432654857635","0.1890663206577301"
"4432","0.19146038964390755","0.1802261620759964","0.19817018508911133","0.19153066724538803","0.1787075400352478","0.20092850923538208"
"4433","0.18838150799274445","0.1787341684103012","0.1959693729877472","0.18934888020157814","0.17906995117664337","0.19551919400691986"
"4434","0.18552182614803314","0.16350026428699493","0.1950395405292511","0.18037953227758408","0.16412164270877838","0.19246549904346466"
"4435","0.1869201958179474","0.17434702813625336","0.2017243504524231","0.18605152145028114","0.17503318190574646","0.2002040296792984"
"4436","0.18642496317625046","0.18299654126167297","0.18962010741233826","0.18704275786876678","0.18194207549095154","0.19677072763442993"
"4437","0.21019667759537697","0.19660669565200806","0.23456940054893494","0.2093544527888298","0.19583934545516968","0.2338896095752716"
"4438","0.18330678343772888","0.1779947280883789","0.19380617141723633","0.18163293600082397","0.1761295050382614","0.1920790672302246"
"4439","0.19213240966200829","0.1827578842639923","0.20979738235473633","0.1889985352754593","0.18120667338371277","0.1994543969631195"
"4440","0.19617807492613792","0.18772274255752563","0.20678265392780304","0.19454683363437653","0.18349167704582214","0.20553094148635864"
"4441","0.1847817227244377","0.1735742688179016","0.1903025507926941","0.18613404035568237","0.17472873628139496","0.1908731758594513"
"4442","0.1917572319507599","0.18484888970851898","0.19974100589752197","0.19133470579981804","0.18341347575187683","0.19836464524269104"
"4443","0.19870932772755623","0.18570248782634735","0.20744584500789642","0.19566261023283005","0.18631863594055176","0.20552203059196472"
"4444","0.1849658228456974","0.1757153421640396","0.19885900616645813","0.182447150349617","0.17628031969070435","0.19737310707569122"
"4445","0.1851992905139923","0.16794316470623016","0.19268864393234253","0.18665402382612228","0.1758471429347992","0.19232043623924255"
"4446","0.19391091540455818","0.18834465742111206","0.20543654263019562","0.1967577189207077","0.18907354772090912","0.2104565054178238"
"4447","0.18268978595733643","0.17506180703639984","0.18763750791549683","0.18316678330302238","0.17934958636760712","0.18825651705265045"
"4448","0.19813373312354088","0.1884106546640396","0.20358863472938538","0.19955435022711754","0.18965022265911102","0.20413073897361755"
"4449","0.1884949840605259","0.17764809727668762","0.19475744664669037","0.18463482335209846","0.17843644320964813","0.19284947216510773"
"4450","0.188529334962368","0.182193785905838","0.1961039900779724","0.18680591136217117","0.17795157432556152","0.19427883625030518"
"4451","0.19147556647658348","0.16976886987686157","0.20409046113491058","0.1941928192973137","0.1776578426361084","0.20789214968681335"
"4452","0.19016635417938232","0.18341830372810364","0.20067426562309265","0.19019560888409615","0.1839980036020279","0.20180445909500122"
"4453","0.1865343265235424","0.18467870354652405","0.18813857436180115","0.18495802953839302","0.18249890208244324","0.18668395280838013"
"4454","0.1792844794690609","0.16899986565113068","0.1899140477180481","0.181459691375494","0.17546433210372925","0.18808555603027344"
"4455","0.18536734208464622","0.17636071145534515","0.20321416854858398","0.18544597923755646","0.17884668707847595","0.20123307406902313"
"4456","0.20104828849434853","0.18283051252365112","0.21922184526920319","0.20231647789478302","0.18533208966255188","0.21976184844970703"
"4457","0.18408090248703957","0.16587306559085846","0.20195192098617554","0.18349142372608185","0.16655400395393372","0.19722120463848114"
"4458","0.19714683666825294","0.1915334016084671","0.2052209973335266","0.2026829905807972","0.18993940949440002","0.2164534032344818"
"4459","0.18298787251114845","0.16323833167552948","0.20380260050296783","0.182501170784235","0.1636107712984085","0.2029879093170166"
"4460","0.1822650246322155","0.16413667798042297","0.21088764071464539","0.1780618131160736","0.16262011229991913","0.2011469304561615"
"4461","0.18536004796624184","0.1707765907049179","0.19341713190078735","0.18288583680987358","0.16914790868759155","0.18917638063430786"
"4462","0.1854959912598133","0.1758803427219391","0.19544193148612976","0.18341012299060822","0.17642614245414734","0.19323724508285522"
"4463","0.17977719381451607","0.16699613630771637","0.18885885179042816","0.1791210137307644","0.16768275201320648","0.18699532747268677"
"4464","0.18757998943328857","0.17732255160808563","0.197413370013237","0.18749387189745903","0.17588214576244354","0.19809916615486145"
"4465","0.17746727541089058","0.16648896038532257","0.19147124886512756","0.1793837696313858","0.17299909889698029","0.19048944115638733"
"4466","0.17855531722307205","0.16425928473472595","0.2026020586490631","0.1805121935904026","0.16245092451572418","0.20325690507888794"
"4467","0.18453143537044525","0.17312830686569214","0.20002469420433044","0.18515502661466599","0.1732955127954483","0.198468416929245"
"4468","0.19812098518013954","0.18016411364078522","0.20690768957138062","0.1979992464184761","0.18511611223220825","0.20533278584480286"
"4469","0.1868085227906704","0.17370396852493286","0.2023467868566513","0.18822767212986946","0.17198529839515686","0.2029666155576706"
"4470","0.17832930013537407","0.166563481092453","0.18877096474170685","0.17986876517534256","0.17157617211341858","0.1873904913663864"
"4471","0.2005917988717556","0.19859643280506134","0.20337536931037903","0.19841570034623146","0.19486290216445923","0.20171460509300232"
"4472","0.18498346582055092","0.17877483367919922","0.1885332316160202","0.183430053293705","0.17931167781352997","0.1865980178117752"
"4473","0.18947173282504082","0.1854160726070404","0.19202327728271484","0.18648900091648102","0.1806468963623047","0.1910114884376526"
"4474","0.18460219725966454","0.17167240381240845","0.200262188911438","0.18487244844436646","0.17247909307479858","0.20079894363880157"
"4475","0.17917899414896965","0.16941121220588684","0.1885538548231125","0.17737283557653427","0.16779890656471252","0.18682411313056946"
"4476","0.18714545294642448","0.1774057000875473","0.2063380479812622","0.19031429663300514","0.17882360517978668","0.2070109248161316"
"4477","0.19150374457240105","0.1755923330783844","0.20557436347007751","0.18996472656726837","0.17593728005886078","0.197719544172287"
"4478","0.1897413283586502","0.17235906422138214","0.2005079686641693","0.1907600723206997","0.17080450057983398","0.20094814896583557"
"4479","0.17501097172498703","0.16832958161830902","0.1807994395494461","0.17635126039385796","0.16667403280735016","0.18274644017219543"
"4480","0.1792563833296299","0.16600681841373444","0.19714932143688202","0.1783229149878025","0.1646563559770584","0.19751161336898804"
"4481","0.18046830594539642","0.17139162123203278","0.1984187513589859","0.18290892615914345","0.16988712549209595","0.20331722497940063"
"4482","0.18441035598516464","0.1671803891658783","0.1950051188468933","0.18223858997225761","0.16566503047943115","0.1957395076751709"
"4483","0.17908192798495293","0.16246117651462555","0.20285528898239136","0.17938046529889107","0.1702050268650055","0.19745266437530518"
"4484","0.19493841379880905","0.18056544661521912","0.20207509398460388","0.19373385980725288","0.18098929524421692","0.2004534900188446"
"4485","0.17919637635350227","0.1653527170419693","0.1942923665046692","0.17884891480207443","0.1671760380268097","0.19217324256896973"
"4486","0.18738111853599548","0.17324000597000122","0.2049841284751892","0.18479228392243385","0.17385759949684143","0.2030836045742035"
"4487","0.1862577348947525","0.178118497133255","0.1928114891052246","0.18822966888546944","0.17858244478702545","0.19524314999580383"
"4488","0.18320389837026596","0.16586804389953613","0.20811983942985535","0.1843085065484047","0.1699155569076538","0.2065320461988449"
"4489","0.19103894382715225","0.16575956344604492","0.21693718433380127","0.1901850923895836","0.1641559600830078","0.21500538289546967"
"4490","0.20177821069955826","0.19382540881633759","0.2062424272298813","0.203142911195755","0.19204135239124298","0.2124880850315094"
"4491","0.18044700101017952","0.16876348853111267","0.1953604519367218","0.18073942512273788","0.1694938987493515","0.19611603021621704"
"4492","0.1960640884935856","0.18983519077301025","0.2021317183971405","0.19890090450644493","0.18822816014289856","0.21011993288993835"
"4493","0.18431765213608742","0.1720905303955078","0.19645729660987854","0.1848083883523941","0.1703863888978958","0.19810795783996582"
"4494","0.17778965085744858","0.17517368495464325","0.18290404975414276","0.17763929069042206","0.17449504137039185","0.18131792545318604"
"4495","0.18244610354304314","0.17200787365436554","0.18984177708625793","0.1820264384150505","0.17043036222457886","0.1899310052394867"
"4497","0.17618700116872787","0.16212400794029236","0.19881677627563477","0.17408259958028793","0.16131004691123962","0.1970011293888092"
"4498","0.19892225041985512","0.19006118178367615","0.21825939416885376","0.19750570505857468","0.18912220001220703","0.21644055843353271"
"4499","0.19056031107902527","0.18185335397720337","0.20297002792358398","0.19094084203243256","0.18028071522712708","0.2016320675611496"
"4500","0.18976284936070442","0.18575167655944824","0.19455881416797638","0.1876087225973606","0.1841709017753601","0.1904575228691101"
"4501","0.18451226875185966","0.16454266011714935","0.1977897584438324","0.18121879920363426","0.16523019969463348","0.19597388803958893"
"4502","0.18272845447063446","0.16829544305801392","0.19431638717651367","0.1852453537285328","0.16666075587272644","0.19492752850055695"
"4503","0.2008875198662281","0.18900984525680542","0.21931517124176025","0.19740553572773933","0.18940402567386627","0.2067481279373169"
"4504","0.19540685787796974","0.1889132857322693","0.20594941079616547","0.19836147502064705","0.18984568119049072","0.21194063127040863"
"4505","0.18153227120637894","0.17226068675518036","0.2010738104581833","0.18286624178290367","0.17286384105682373","0.2041310966014862"
"4506","0.18792469054460526","0.16273248195648193","0.21446628868579865","0.1884046010673046","0.1645209640264511","0.2128739356994629"
"4507","0.18923218548297882","0.18213239312171936","0.20219537615776062","0.18845198303461075","0.17833741009235382","0.20063191652297974"
"4508","0.18684563413262367","0.18220826983451843","0.19578000903129578","0.18918241187930107","0.1833609640598297","0.2024286836385727"
"4509","0.1851854994893074","0.171738401055336","0.19237035512924194","0.18453964963555336","0.17247715592384338","0.19294339418411255"
"4510","0.18838491290807724","0.18192896246910095","0.19523006677627563","0.19060812145471573","0.18259909749031067","0.1999896764755249"
"4511","0.1930769979953766","0.17885613441467285","0.1991194635629654","0.193309735506773","0.18441157042980194","0.19863209128379822"
"4512","0.19105655699968338","0.1815497726202011","0.20056504011154175","0.18868421018123627","0.17812392115592957","0.19878970086574554"
"4513","0.18451868370175362","0.17760470509529114","0.19808483123779297","0.18243461102247238","0.1755487620830536","0.19258920848369598"
"4514","0.19069162383675575","0.17717403173446655","0.2038073092699051","0.1933261975646019","0.17759892344474792","0.20210951566696167"
"4515","0.18549146130681038","0.1709747314453125","0.20854738354682922","0.18616295978426933","0.16972026228904724","0.20777744054794312"
"4516","0.1855505332350731","0.17864736914634705","0.20373280346393585","0.1808544397354126","0.1702958345413208","0.20188122987747192"
"4517","0.18379772081971169","0.1728135347366333","0.19583599269390106","0.18176722154021263","0.1684998720884323","0.19413712620735168"
"4518","0.19171488657593727","0.18648523092269897","0.19450204074382782","0.1921524479985237","0.18542735278606415","0.1980123519897461"
"4519","0.18933312222361565","0.1761694997549057","0.20247817039489746","0.18645040318369865","0.176425963640213","0.20075345039367676"
"4520","0.18026427924633026","0.1708153337240219","0.19613419473171234","0.17944474518299103","0.16886860132217407","0.1997295618057251"
"4521","0.1815454587340355","0.17214009165763855","0.19040051102638245","0.18421781435608864","0.17043888568878174","0.19373998045921326"
"4522","0.19046615809202194","0.1840895712375641","0.19988170266151428","0.1901976652443409","0.18519461154937744","0.20056873559951782"
"4523","0.181464534252882","0.16367721557617188","0.1931602954864502","0.17967764660716057","0.16401895880699158","0.19132210314273834"
"4524","0.20056871697306633","0.19770291447639465","0.20351649820804596","0.20192018151283264","0.1983317732810974","0.20509082078933716"
"4525","0.17936933785676956","0.16560518741607666","0.1867409348487854","0.1797373630106449","0.1673361361026764","0.1853790581226349"
"4526","0.18762949109077454","0.18211302161216736","0.19832569360733032","0.18731682002544403","0.18061736226081848","0.19836841523647308"
"4527","0.18715686723589897","0.1636868119239807","0.2097328156232834","0.18690504878759384","0.1626405119895935","0.21062755584716797"
"4528","0.1821853518486023","0.1740225851535797","0.18923255801200867","0.18185599893331528","0.17167650163173676","0.18749761581420898"
"4529","0.19294480979442596","0.18659690022468567","0.20694145560264587","0.19217444211244583","0.18236544728279114","0.20526519417762756"
"4530","0.20350779220461845","0.18135079741477966","0.22093968093395233","0.20223256573081017","0.18203485012054443","0.2192549854516983"
"4531","0.19006839022040367","0.17558541893959045","0.2028157114982605","0.18876763060688972","0.17476658523082733","0.20128211379051208"
"4532","0.1909530647099018","0.18013311922550201","0.19842863082885742","0.1907607913017273","0.1783570498228073","0.1991892009973526"
"4533","0.1838609203696251","0.17596933245658875","0.1937805563211441","0.1839064471423626","0.17456242442131042","0.194514662027359"
"4534","0.19721568375825882","0.18161119520664215","0.20901374518871307","0.19429988786578178","0.17088276147842407","0.20966902375221252"
"4535","0.20292740687727928","0.19731920957565308","0.20999924838542938","0.2020525485277176","0.1955416351556778","0.20472608506679535"
"4536","0.18251772597432137","0.17051386833190918","0.2037002146244049","0.1821352131664753","0.16727423667907715","0.20439758896827698"
"4537","0.17942149564623833","0.16278451681137085","0.19902092218399048","0.1751234196126461","0.15689007937908173","0.18891222774982452"
"4538","0.17867787554860115","0.1735418289899826","0.18496328592300415","0.177681315690279","0.1672150194644928","0.18553213775157928"
"4539","0.1841600015759468","0.1703396439552307","0.20770283043384552","0.18289413303136826","0.16841207444667816","0.20805251598358154"
"4540","0.17791270464658737","0.17407920956611633","0.18811193108558655","0.17603904381394386","0.17258700728416443","0.18173812329769135"
"4541","0.1974078267812729","0.1603526473045349","0.2272453010082245","0.19581349939107895","0.16083700954914093","0.22295232117176056"
"4542","0.1865193471312523","0.18366697430610657","0.18847811222076416","0.18504393845796585","0.18160250782966614","0.18766862154006958"
"4543","0.17566131427884102","0.16800354421138763","0.18307271599769592","0.17577196285128593","0.16445577144622803","0.18544135987758636"
"4544","0.19120164215564728","0.185293048620224","0.19961939752101898","0.1889420598745346","0.1832302212715149","0.2003396451473236"
"4545","0.18913042545318604","0.18099576234817505","0.1999565064907074","0.18384332209825516","0.17894957959651947","0.19368310272693634"
"4546","0.19429415836930275","0.1856541931629181","0.20112784206867218","0.19473329931497574","0.18633148074150085","0.1993919163942337"
"4547","0.17840107157826424","0.1707249879837036","0.18724100291728973","0.17339041829109192","0.16198545694351196","0.18060141801834106"
"4548","0.18636878207325935","0.17370495200157166","0.2004881501197815","0.1845422200858593","0.17201152443885803","0.19461090862751007"
"4549","0.17686337232589722","0.16001112759113312","0.19918309152126312","0.18222037330269814","0.1727036088705063","0.19991189241409302"
"4550","0.1785561442375183","0.17423802614212036","0.18264418840408325","0.17794838547706604","0.16867083311080933","0.18221962451934814"
"4551","0.19121917337179184","0.1846771240234375","0.1979801207780838","0.18878673389554024","0.179708331823349","0.19633527100086212"
"4552","0.18792475759983063","0.1807936728000641","0.1948159784078598","0.1885887160897255","0.18472321331501007","0.19291144609451294"
"4553","0.19612353295087814","0.17861470580101013","0.21456153690814972","0.19454625248908997","0.1793057918548584","0.21270664036273956"
"4554","0.18980363011360168","0.18041661381721497","0.1992499977350235","0.19021868705749512","0.18288670480251312","0.19932575523853302"
"4555","0.18458742275834084","0.16401252150535583","0.21957141160964966","0.18475515767931938","0.1694478839635849","0.21792663633823395"
"4556","0.18476438149809837","0.16945147514343262","0.2068205028772354","0.18498912826180458","0.1701381504535675","0.20515476167201996"
"4557","0.187581617385149","0.17001472413539886","0.20802167057991028","0.18656496703624725","0.17081817984580994","0.20626191794872284"
"4558","0.18547708541154861","0.1779952347278595","0.19664350152015686","0.18692786246538162","0.1764054149389267","0.1997314989566803"
"4559","0.17983829230070114","0.17066098749637604","0.18830206990242004","0.18074951693415642","0.16891813278198242","0.18631799519062042"
"4560","0.19946646317839622","0.18075112998485565","0.21698102355003357","0.2001049518585205","0.1843835413455963","0.21519386768341064"
"4561","0.1888117603957653","0.170363649725914","0.21693456172943115","0.18794921040534973","0.16727711260318756","0.21502511203289032"
"4562","0.18084169179201126","0.16810104250907898","0.1895243227481842","0.18133697286248207","0.1737534999847412","0.19037148356437683"
"4563","0.19000345841050148","0.18525542318820953","0.19814938306808472","0.1911073513329029","0.1857362985610962","0.1964741051197052"
"4564","0.17628267407417297","0.16660872101783752","0.18514662981033325","0.17657798901200294","0.1671544909477234","0.1865711212158203"
"4565","0.17838940396904945","0.17108887434005737","0.18550008535385132","0.1780644990503788","0.16936548054218292","0.18637359142303467"
"4567","0.18976978957653046","0.17848636209964752","0.20104721188545227","0.1929263174533844","0.18787676095962524","0.20171788334846497"
"4568","0.1868862509727478","0.1685139238834381","0.211166113615036","0.18729251623153687","0.1705755740404129","0.21213209629058838"
"4569","0.1864493042230606","0.1795160472393036","0.1961243599653244","0.1855027824640274","0.18028250336647034","0.19437095522880554"
"4570","0.19087974354624748","0.17587535083293915","0.21593204140663147","0.19320246949791908","0.17409750819206238","0.2170715034008026"
"4571","0.1774206906557083","0.1682845652103424","0.18853503465652466","0.17830538377165794","0.1688603162765503","0.19524040818214417"
"4572","0.19789446890354156","0.17615503072738647","0.2177177220582962","0.20153792947530746","0.17451682686805725","0.22240452468395233"
"4573","0.18850800022482872","0.17112548649311066","0.20196063816547394","0.18497024476528168","0.17165125906467438","0.196431502699852"
"4574","0.19178475439548492","0.17873388528823853","0.21608087420463562","0.18998392298817635","0.17333056032657623","0.21423515677452087"
"4575","0.19150400534272194","0.18507075309753418","0.1962747573852539","0.18956610560417175","0.18352359533309937","0.19688138365745544"
"4576","0.19435571134090424","0.19010351598262787","0.1997392177581787","0.19164331629872322","0.18423685431480408","0.19797760248184204"
"4577","0.19201186299324036","0.18727315962314606","0.19847966730594635","0.1903367005288601","0.18139435350894928","0.1986466944217682"
"4578","0.18809961155056953","0.1773129403591156","0.19887149333953857","0.18520789593458176","0.16842511296272278","0.1994277685880661"
"4579","0.1813395693898201","0.17090806365013123","0.1900765299797058","0.17939496785402298","0.1672976315021515","0.18808215856552124"
"4580","0.19485804811120033","0.1831795871257782","0.21560560166835785","0.19380464032292366","0.18160046637058258","0.2105705440044403"
"4581","0.18699024245142937","0.17763161659240723","0.19393286108970642","0.18616687133908272","0.178043395280838","0.19224463403224945"
"4582","0.18717976659536362","0.16829143464565277","0.21754729747772217","0.18429827317595482","0.16773471236228943","0.21491770446300507"
"4583","0.18891441822052002","0.16808874905109406","0.19781744480133057","0.18971269950270653","0.16640670597553253","0.19780460000038147"
"4584","0.18151814118027687","0.17039503157138824","0.19208979606628418","0.18319853767752647","0.17087867856025696","0.19489488005638123"
"4585","0.18745272606611252","0.17698094248771667","0.20490801334381104","0.18824604526162148","0.1775580644607544","0.2019834816455841"
"4586","0.18919211998581886","0.18242904543876648","0.20053443312644958","0.18916232883930206","0.1807018518447876","0.1999354511499405"
"4587","0.19272573664784431","0.18469363451004028","0.19780826568603516","0.1934412717819214","0.18411129713058472","0.2022194266319275"
"4588","0.1831354796886444","0.17091794312000275","0.19534040987491608","0.18158497661352158","0.1715126782655716","0.19346049427986145"
"4589","0.1872304007411003","0.17812108993530273","0.1964694857597351","0.1899706907570362","0.18270382285118103","0.1988869309425354"
"4590","0.18166863545775414","0.16773319244384766","0.19847527146339417","0.17874762415885925","0.16861683130264282","0.1909627914428711"
"4591","0.18208499252796173","0.17002472281455994","0.19749343395233154","0.18346955254673958","0.17156770825386047","0.19799146056175232"
"4592","0.17984871566295624","0.17303138971328735","0.18746809661388397","0.18093543872237206","0.17198023200035095","0.19089089334011078"
"4593","0.18346695229411125","0.16928279399871826","0.20240309834480286","0.18828388303518295","0.16987712681293488","0.20090481638908386"
"4594","0.17957135289907455","0.16979920864105225","0.1906256079673767","0.17712298408150673","0.1682402640581131","0.18830366432666779"
"4595","0.17774921283125877","0.17372764647006989","0.18387606739997864","0.1763906143605709","0.1719381958246231","0.18167124688625336"
"4596","0.1855718269944191","0.17250974476337433","0.21283966302871704","0.1865072138607502","0.17308306694030762","0.21118277311325073"
"4597","0.1874736063182354","0.16986322402954102","0.21950723230838776","0.18658887967467308","0.16844166815280914","0.209265798330307"
"4598","0.18918490409851074","0.1813904345035553","0.19899219274520874","0.1883423812687397","0.18098771572113037","0.1973572075366974"
"4599","0.1900520734488964","0.18842801451683044","0.1932985633611679","0.1921602375805378","0.18926291167736053","0.1952018141746521"
"4600","0.18590865284204483","0.17156647145748138","0.19625365734100342","0.19020702317357063","0.17994722723960876","0.19588437676429749"
"4601","0.17856250703334808","0.17310652136802673","0.18473567068576813","0.17737431451678276","0.1700456142425537","0.1853492558002472"
"4602","0.18656648322939873","0.1657027155160904","0.20257200300693512","0.18666111305356026","0.16924014687538147","0.2033710479736328"
"4603","0.1820831522345543","0.17437684535980225","0.19333240389823914","0.18536778166890144","0.17267683148384094","0.19396236538887024"
"4604","0.19915170967578888","0.19468796253204346","0.2052408903837204","0.19597192108631134","0.18750272691249847","0.2035168558359146"
"4605","0.1876593828201294","0.18209931254386902","0.1973305344581604","0.18894990161061287","0.18153145909309387","0.20182716846466064"
"4606","0.1826038584113121","0.16902901232242584","0.19593317806720734","0.18199320882558823","0.16886717081069946","0.19449438154697418"
"4607","0.18555448576807976","0.17175251245498657","0.19249147176742554","0.18149983510375023","0.1663084179162979","0.191200852394104"
"4608","0.1984420269727707","0.19290214776992798","0.20354673266410828","0.19666125997900963","0.19044877588748932","0.2041950523853302"
"4609","0.18230615183711052","0.1786700189113617","0.18745538592338562","0.18168935552239418","0.1779731810092926","0.18652716279029846"
"4610","0.17997819185256958","0.17242631316184998","0.18619632720947266","0.17854108288884163","0.17021766304969788","0.18453733623027802"
"4611","0.1871589720249176","0.1771964579820633","0.1954691857099533","0.18560747057199478","0.17507588863372803","0.19386997818946838"
"4612","0.18583166971802711","0.1742701530456543","0.2032182365655899","0.18366560339927673","0.1707473248243332","0.1994204819202423"
"4613","0.19040796160697937","0.17730040848255157","0.20153048634529114","0.19364550337195396","0.1829904019832611","0.20215675234794617"
"4614","0.18283206969499588","0.17320066690444946","0.19335587322711945","0.18117787316441536","0.17014816403388977","0.19168618321418762"
"4615","0.1828589364886284","0.16424143314361572","0.1963188350200653","0.184796042740345","0.17045482993125916","0.19884419441223145"
"4616","0.17990006506443024","0.16179335117340088","0.192276269197464","0.18101822212338448","0.16202475130558014","0.19054874777793884"
"4617","0.1876089610159397","0.1820257604122162","0.1943347007036209","0.18639617040753365","0.18070553243160248","0.19522663950920105"
"4618","0.1779622584581375","0.16465000808238983","0.1924753040075302","0.17723476886749268","0.1631210595369339","0.191544309258461"
"4619","0.19191817939281464","0.18168340623378754","0.2027500420808792","0.19055727496743202","0.17944271862506866","0.20344208180904388"
"4620","0.2015184983611107","0.18975192308425903","0.21798622608184814","0.2013671211898327","0.19022060930728912","0.2181052565574646"
"4621","0.1832217089831829","0.17963826656341553","0.1885405033826828","0.18286990001797676","0.1800573766231537","0.18906931579113007"
"4622","0.17961648851633072","0.16645574569702148","0.19125896692276","0.17529751732945442","0.16507165133953094","0.1896485686302185"
"4623","0.18061191588640213","0.15774646401405334","0.1989215910434723","0.1827082224190235","0.16349990665912628","0.19937357306480408"
"4624","0.19049108028411865","0.18386979401111603","0.19767239689826965","0.18929564580321312","0.18446065485477448","0.19580239057540894"
"4625","0.18981828540563583","0.16920310258865356","0.2007133662700653","0.18943215906620026","0.16983139514923096","0.19901034235954285"
"4626","0.18935935199260712","0.1816934049129486","0.20173123478889465","0.18966224044561386","0.1802828460931778","0.2026253044605255"
"4627","0.17680881917476654","0.1657772660255432","0.1945968121290207","0.18137900903820992","0.16405361890792847","0.19555029273033142"
"4628","0.18121660500764847","0.16705968976020813","0.19645656645298004","0.18086982518434525","0.16857323050498962","0.19475769996643066"
"4629","0.18227393552660942","0.17387330532073975","0.19456365704536438","0.1851198449730873","0.1796470582485199","0.19505059719085693"
"4630","0.18565991148352623","0.17359431087970734","0.2052367776632309","0.18973931670188904","0.17765749990940094","0.2058887779712677"
"4631","0.1762583740055561","0.16861778497695923","0.1844162493944168","0.17658314853906631","0.16777053475379944","0.18713493645191193"
"4632","0.17778952047228813","0.1672932654619217","0.19424200057983398","0.1753251813352108","0.16631753742694855","0.19277822971343994"
"4633","0.19092345237731934","0.17286653816699982","0.2064151167869568","0.18962251022458076","0.17363065481185913","0.2046743929386139"
"4634","0.18166416883468628","0.17166230082511902","0.1986708641052246","0.18319593742489815","0.17001788318157196","0.19920870661735535"
"4635","0.17785126343369484","0.1665746122598648","0.1868886798620224","0.17446758598089218","0.1670948714017868","0.18165090680122375"
"4637","0.18534408137202263","0.17335735261440277","0.19601038098335266","0.18461375311017036","0.17490792274475098","0.19263231754302979"
"4638","0.18318597227334976","0.16785719990730286","0.18846595287322998","0.18492841348052025","0.17091834545135498","0.19334658980369568"
"4639","0.19615719839930534","0.1893206238746643","0.2141791433095932","0.19228163361549377","0.18305599689483643","0.21238818764686584"
"4640","0.18965332582592964","0.17065618932247162","0.2052564024925232","0.18728996813297272","0.17116567492485046","0.199466735124588"
"4641","0.19255750998854637","0.186076357960701","0.20167961716651917","0.19216891005635262","0.18429617583751678","0.19709190726280212"
"4642","0.18601974472403526","0.18214040994644165","0.18869483470916748","0.1872662790119648","0.18326014280319214","0.19065120816230774"
"4643","0.19928359985351562","0.16552957892417908","0.22451341152191162","0.20062251761555672","0.16756278276443481","0.22930242121219635"
"4644","0.18846358731389046","0.17746202647686005","0.20670999586582184","0.1888275481760502","0.17521382868289948","0.20519188046455383"
"4645","0.18706584721803665","0.1807308942079544","0.19203802943229675","0.18478474766016006","0.17717914283275604","0.19147837162017822"
"4646","0.18018252402544022","0.17225129902362823","0.19628198444843292","0.17852220684289932","0.17075331509113312","0.18830296397209167"
"4647","0.17935410887002945","0.17439845204353333","0.18265292048454285","0.17829054221510887","0.17273633182048798","0.18521705269813538"
"4648","0.19191356748342514","0.17716291546821594","0.20849087834358215","0.18994083255529404","0.17849647998809814","0.20688465237617493"
"4649","0.19711563736200333","0.184536874294281","0.20815624296665192","0.1957528330385685","0.18282341957092285","0.20704826712608337"
"4650","0.18208086863160133","0.16544969379901886","0.20577403903007507","0.1814379170536995","0.16273900866508484","0.2069658637046814"
"4651","0.1910862810909748","0.1821775585412979","0.20124252140522003","0.19145823642611504","0.18543030321598053","0.20201939344406128"
"4652","0.1895897164940834","0.17827671766281128","0.20620378851890564","0.18819550424814224","0.17889460921287537","0.20425698161125183"
"4653","0.17944678664207458","0.17015373706817627","0.19304132461547852","0.1802082285284996","0.17283311486244202","0.19140520691871643"
"4654","0.19080515950918198","0.17329712212085724","0.20700980722904205","0.18961885944008827","0.17108699679374695","0.207738995552063"
"4655","0.18332340940833092","0.17610463500022888","0.19676810503005981","0.18152578547596931","0.17656992375850677","0.19237691164016724"
"4656","0.1870761625468731","0.17568452656269073","0.1920994371175766","0.1890232339501381","0.17628803849220276","0.19690188765525818"
"4657","0.1863805502653122","0.17955857515335083","0.189653217792511","0.1872570812702179","0.1803867518901825","0.19310927391052246"
"4658","0.1842186227440834","0.17829158902168274","0.19658513367176056","0.18225496262311935","0.1765856146812439","0.19186757504940033"
"4659","0.17626068741083145","0.1625669300556183","0.19006718695163727","0.17514493688941002","0.16305643320083618","0.18814140558242798"