"Step","optimizer_name: nadam - train_loss","optimizer_name: nadam - train_loss__MIN","optimizer_name: nadam - train_loss__MAX","optimizer_name: sgd - train_loss","optimizer_name: sgd - train_loss__MIN","optimizer_name: sgd - train_loss__MAX","optimizer_name: sgdm - train_loss","optimizer_name: sgdm - train_loss__MIN","optimizer_name: sgdm - train_loss__MAX","optimizer_name: adamw - train_loss","optimizer_name: adamw - train_loss__MIN","optimizer_name: adamw - train_loss__MAX","optimizer_name: adam - train_loss","optimizer_name: adam - train_loss__MIN","optimizer_name: adam - train_loss__MAX"
"0","15.872681379318237","15.290562629699707","16.187362670898438","15.872681379318237","15.290562629699707","16.187362670898438","15.76778761545817","15.290562629699707","16.079105377197266","15.872681379318237","15.290562629699707","16.187362670898438","15.872681379318237","15.290562629699707","16.187362670898438"
"1","15.282130241394043","15.169181823730469","15.386825561523438","14.386794328689575","14.240239143371582","14.556373596191406","14.411907513936361","14.32772159576416","14.548267364501953","15.453488826751709","15.24487590789795","15.800346374511719","15.520299196243286","15.491414070129395","15.555641174316406"
"2","14.291642189025879","13.982386589050293","14.842512130737305","11.914167642593384","11.55683708190918","12.250164985656738","10.322710037231445","10.216556549072266","10.43221664428711","14.46433424949646","14.08101749420166","14.926928520202637","14.54629898071289","14.317594528198242","14.802186965942383"
"3","13.995947122573853","13.251501083374023","14.567161560058594","9.284564971923828","8.743692398071289","9.702247619628906","4.27963924407959","3.771912097930908","4.754971981048584","14.278545618057251","13.928129196166992","14.547698020935059","14.297926425933838","13.986759185791016","14.815675735473633"
"4","12.64604139328003","11.585918426513672","14.005094528198242","4.758265018463135","4.365161895751953","5.129795551300049","1.462773362795512","1.3933218717575073","1.5749335289001465","12.88233995437622","12.560763359069824","13.378944396972656","13.000702381134033","12.027650833129883","13.678912162780762"
"5","11.88265347480774","10.815166473388672","13.121485710144043","2.7450351119041443","2.371486186981201","3.167711019515991","1.2048582235972087","1.1666325330734253","1.234731912612915","12.013088464736938","11.731880187988281","12.293726921081543","12.008869409561157","11.544723510742188","12.56028938293457"
"6","10.494814395904541","9.209085464477539","11.80683708190918","2.119361698627472","2.0129857063293457","2.2763915061950684","1.2572500308354695","1.2304091453552246","1.2830651998519897","10.995422840118408","10.512939453125","11.787139892578125","11.010681629180908","10.719239234924316","11.183527946472168"
"7","9.346094846725464","7.300233840942383","11.597681045532227","1.9000315070152283","1.8056762218475342","2.004119634628296","1.5556451082229614","1.3950341939926147","1.7897124290466309","10.494376420974731","10.00198745727539","11.060277938842773","10.446763277053833","10.003047943115234","10.757326126098633"
"8","8.25082790851593","6.120162487030029","11.26749038696289","1.8580692410469055","1.7290719747543335","1.9709802865982056","1.7263320287068684","1.48744535446167","2.0767290592193604","9.016784906387329","8.11384391784668","10.409514427185059","9.223416805267334","7.59963321685791","10.520180702209473"
"9","7.164577484130859","4.8986310958862305","10.378114700317383","1.7328153252601624","1.6956734657287598","1.8239810466766357","1.692840615908305","1.3948585987091064","1.9929312467575073","7.965236306190491","7.240384578704834","9.538686752319336","7.7498356103897095","6.86501932144165","8.39801025390625"
"10","5.955085515975952","3.5431723594665527","9.642434120178223","1.6033905744552612","1.5698832273483276","1.6186000108718872","1.7919998566309612","1.513838529586792","2.2594900131225586","6.869476318359375","6.233780860900879","7.656256198883057","6.88451611995697","5.859445571899414","7.838379859924316"
"11","4.717764377593994","2.416311740875244","8.145307540893555","1.543899416923523","1.4585421085357666","1.7243506908416748","1.7568389574686687","1.528235673904419","1.9336659908294678","5.981267929077148","4.739965438842773","7.023534774780273","5.899589538574219","4.748386383056641","6.854754447937012"
"12","3.9061962962150574","1.94816255569458","7.133540153503418","1.538833886384964","1.500537633895874","1.5653389692306519","1.7095492680867512","1.5145070552825928","2.0253260135650635","5.094746351242065","4.214507579803467","6.186125755310059","5.224319696426392","4.155369281768799","6.15207576751709"
"13","3.050028383731842","1.4474678039550781","5.714308738708496","1.430472195148468","1.4202607870101929","1.4360533952713013","1.5831270217895508","1.3813257217407227","1.904372215270996","4.240924060344696","3.3755571842193604","5.509947299957275","4.225993394851685","3.270150661468506","5.171916961669922"
"14","2.724982976913452","1.1716673374176025","5.795873165130615","1.3683149218559265","1.3239476680755615","1.412217617034912","1.2916232347488403","1.103424310684204","1.4760026931762695","3.7308738231658936","2.6870975494384766","4.58143949508667","3.829768478870392","2.5836799144744873","4.677910327911377"
"15","2.2766861021518707","1.2512022256851196","4.615245819091797","1.4547952711582184","1.4307682514190674","1.4755386114120483","1.265342116355896","1.1155812740325928","1.4886045455932617","3.018133223056793","1.9475746154785156","4.246038913726807","3.1583869755268097","1.808449149131775","3.9056077003479004"
"16","1.9030867516994476","1.1256234645843506","3.7460455894470215","1.3369679152965546","1.2978873252868652","1.3714591264724731","1.150944431622823","1.0723484754562378","1.3063130378723145","2.2456041872501373","1.5783931016921997","3.488879680633545","2.4366388022899628","1.4461138248443604","3.2966561317443848"
"17","1.7594940960407257","1.0251598358154297","3.5248584747314453","1.322344809770584","1.2869136333465576","1.4026987552642822","1.0273914337158203","0.9594041109085083","1.0986651182174683","1.9732106626033783","1.2866413593292236","3.1753783226013184","1.9783456027507782","1.317323923110962","2.6965627670288086"
"18","1.4762626737356186","0.9780387282371521","2.6062254905700684","1.3440899848937988","1.3151791095733643","1.4114940166473389","0.9947738846143087","0.9373434782028198","1.0939435958862305","1.59251669049263","1.267263412475586","2.249394655227661","1.550607681274414","1.1751548051834106","1.8638970851898193"
"19","1.3663115501403809","1.0452959537506104","2.167038917541504","1.3357480466365814","1.2940117120742798","1.3892769813537598","0.936261792977651","0.8879221677780151","0.9737226963043213","1.4340862929821014","1.195450782775879","1.9004305601119995","1.429586499929428","1.2176897525787354","1.6736552715301514"
"20","1.1351309269666672","0.8925902247428894","1.5624372959136963","1.2856382429599762","1.2549586296081543","1.3055741786956787","0.9596843918164571","0.9235852360725403","1.0233980417251587","1.2363787591457367","1.1047567129135132","1.5211167335510254","1.2125025391578674","1.0407483577728271","1.3859591484069824"
"21","1.1442168951034546","0.9017657041549683","1.5694376230239868","1.3728599548339844","1.3044177293777466","1.42569899559021","0.9415269692738851","0.8589864373207092","1.0331034660339355","1.2315840423107147","1.0741353034973145","1.4397757053375244","1.246671587228775","1.0693069696426392","1.5025211572647095"
"22","1.0674577057361603","0.8686199188232422","1.4371678829193115","1.291839450597763","1.2662839889526367","1.3309526443481445","0.8853074709574381","0.8665565252304077","0.9205985069274902","1.1421740055084229","1.0597856044769287","1.2953828573226929","1.1361311376094818","1.0232551097869873","1.2296017408370972"
"23","0.9197643995285034","0.7113681435585022","1.2232904434204102","1.2208398878574371","1.1950994729995728","1.2551652193069458","0.8943760196367899","0.8526296615600586","0.9532580971717834","1.0076442062854767","0.9613814353942871","1.0984830856323242","0.9942616820335388","0.8651683330535889","1.0704240798950195"
"24","0.9192283749580383","0.767318069934845","1.1486701965332031","1.2906498312950134","1.259851336479187","1.3307738304138184","0.8729132612546285","0.8369479775428772","0.9022195339202881","1.0381733924150467","0.9787048101425171","1.1784782409667969","1.0163052082061768","0.9369503259658813","1.0788373947143555"
"25","0.8811041861772537","0.6766424179077148","1.1753277778625488","1.2802239954471588","1.2208287715911865","1.315522313117981","0.8667684396107992","0.8422341346740723","0.8894033432006836","1.0054412484169006","0.9500167369842529","1.1097939014434814","0.9868208020925522","0.8920211791992188","1.0708662271499634"
"26","0.8317916840314865","0.617607593536377","1.1193296909332275","1.265779972076416","1.2521908283233643","1.2943979501724243","0.8341557780901591","0.7790597081184387","0.8644009828567505","0.9742831140756607","0.9188701510429382","1.0682601928710938","0.9551397264003754","0.8626789450645447","1.0361480712890625"
"27","0.748014286160469","0.5714989900588989","1.0119024515151978","1.2071239948272705","1.1861398220062256","1.2274255752563477","0.7617277900377909","0.7142304182052612","0.7954127788543701","0.9100114554166794","0.8556420803070068","1.0539562702178955","0.8877957612276077","0.8447117209434509","0.9356765747070312"
"28","0.7182060703635216","0.4529617726802826","1.0347669124603271","1.2222070395946503","1.1805106401443481","1.2454884052276611","0.774352510770162","0.7344893217086792","0.7990227937698364","0.9077252745628357","0.8652955889701843","0.9914453625679016","0.8854424208402634","0.7951738238334656","0.9622591733932495"
"29","0.7046704813838005","0.4665803015232086","1.003917932510376","1.3000322580337524","1.2551980018615723","1.3270126581192017","0.7201865315437317","0.7053282260894775","0.740540087223053","0.9248978495597839","0.8625326156616211","1.0536116361618042","0.8999629467725754","0.8425893783569336","0.941769003868103"
"30","0.6285875290632248","0.3971584439277649","0.9461703896522522","1.2182040810585022","1.203692078590393","1.2275458574295044","0.7186145583788554","0.6620461940765381","0.7652256488800049","0.8681866228580475","0.7774467468261719","0.9861317873001099","0.8432499170303345","0.7741756439208984","0.9279773235321045"
"31","0.5558231398463249","0.33966997265815735","0.9116896390914917","1.1738328635692596","1.1282297372817993","1.202908992767334","0.6881342530250549","0.6609360575675964","0.7187819480895996","0.7839683890342712","0.719566822052002","0.8940228819847107","0.7683732211589813","0.705112099647522","0.8533170223236084"
"32","0.5367958545684814","0.30333977937698364","0.8857318162918091","1.1508620381355286","1.139819622039795","1.1654448509216309","0.6586302121480306","0.6354552507400513","0.6840604543685913","0.7816548049449921","0.7182621359825134","0.8806020021438599","0.761329859495163","0.6757897138595581","0.839591383934021"
"33","0.5009903758764267","0.2779286205768585","0.8364778757095337","1.2012389600276947","1.1555156707763672","1.2309372425079346","0.652076244354248","0.6491484045982361","0.6556998491287231","0.7662959098815918","0.7223395705223083","0.869734525680542","0.7459419071674347","0.6556239128112793","0.8032059669494629"
"34","0.47829262912273407","0.27053481340408325","0.8321632146835327","1.167651891708374","1.1207563877105713","1.189741849899292","0.6365943749745687","0.616058886051178","0.6547694802284241","0.732943519949913","0.6564933061599731","0.8195165991783142","0.7171179950237274","0.6033980846405029","0.8042711615562439"
"35","0.4489207938313484","0.2558358311653137","0.8202849626541138","1.201867252588272","1.185997724533081","1.2128621339797974","0.610193153222402","0.5802253484725952","0.6413813829421997","0.7143680304288864","0.6363778114318848","0.8246244788169861","0.6915345937013626","0.5711419582366943","0.797396183013916"
"36","0.4128119722008705","0.2544800639152527","0.7279433012008667","1.1356092393398285","1.121721625328064","1.1441128253936768","0.561548908551534","0.5502620339393616","0.5737203359603882","0.6537956744432449","0.5485769510269165","0.784896969795227","0.634603351354599","0.5433481335639954","0.7205427885055542"
"37","0.3878384046256542","0.24673958122730255","0.7020363211631775","1.1613763570785522","1.1298298835754395","1.1849792003631592","0.5585827032725016","0.5495310425758362","0.5682110786437988","0.6318138539791107","0.5507602691650391","0.7857626676559448","0.6140334457159042","0.5181983709335327","0.7075680494308472"
"38","0.3958773910999298","0.25048696994781494","0.6883195638656616","1.155264437198639","1.1180729866027832","1.189462661743164","0.5924113988876343","0.5803381204605103","0.6139565706253052","0.6227335929870605","0.5580204725265503","0.7502350211143494","0.6079752072691917","0.4885399043560028","0.7024807929992676"
"39","0.3330425024032593","0.21540048718452454","0.562691330909729","1.142710417509079","1.1162697076797485","1.1863174438476562","0.5637678305308024","0.5339517593383789","0.5882893204689026","0.5429109483957291","0.4379871189594269","0.7044543027877808","0.5226281806826591","0.42650270462036133","0.6203960180282593"
"40","0.31163136288523674","0.21605199575424194","0.532230019569397","1.0604930520057678","1.043378472328186","1.080500602722168","0.5125027298927307","0.4956790804862976","0.5417163372039795","0.5010872036218643","0.4132709503173828","0.6642352938652039","0.48765386641025543","0.39938923716545105","0.5665982365608215"
"41","0.30045196413993835","0.19862844049930573","0.5259573459625244","1.096345067024231","1.0744518041610718","1.115713119506836","0.5348563194274902","0.502336859703064","0.5683907866477966","0.47620049864053726","0.3843809962272644","0.6313005685806274","0.4616493433713913","0.35274675488471985","0.5696474313735962"
"42","0.291974451392889","0.21225601434707642","0.4809141755104065","1.104176789522171","1.062962293624878","1.1521613597869873","0.5406964619954427","0.528645396232605","0.5625921487808228","0.46870197355747223","0.384147047996521","0.6538345813751221","0.4447048753499985","0.35449865460395813","0.535740852355957"
"43","0.27044445276260376","0.19982145726680756","0.4503213167190552","1.1023225784301758","1.0759162902832031","1.1408798694610596","0.46716299653053284","0.45189833641052246","0.49112585186958313","0.41960459202528","0.34336918592453003","0.590019941329956","0.4013775661587715","0.3123379051685333","0.5003665685653687"
"44","0.27613555639982224","0.20437848567962646","0.42871522903442383","1.1107029020786285","1.08381986618042","1.136767864227295","0.510561873515447","0.48187294602394104","0.5362675786018372","0.420966774225235","0.3455556631088257","0.5911459922790527","0.39518026262521744","0.30425092577934265","0.48108819127082825"
"45","0.25978797674179077","0.20238271355628967","0.3890898525714874","1.0840048789978027","1.0475295782089233","1.1056817770004272","0.5157094399134318","0.47948890924453735","0.5581656694412231","0.38575243949890137","0.300834059715271","0.5835044384002686","0.37081240117549896","0.290032297372818","0.4434344470500946"
"46","0.25544821843504906","0.19516527652740479","0.38309431076049805","1.1222679316997528","1.1035774946212769","1.131253719329834","0.5024747351805369","0.4707353413105011","0.5386055111885071","0.3817257583141327","0.3125864863395691","0.5644642114639282","0.3562895357608795","0.28678491711616516","0.442376971244812"
"47","0.23322416841983795","0.19601410627365112","0.30808860063552856","1.0285988599061966","0.9902263283729553","1.0635019540786743","0.46341994404792786","0.40606018900871277","0.5446988344192505","0.3235795348882675","0.2634643316268921","0.4501343369483948","0.3155798017978668","0.26140838861465454","0.3857456147670746"
"48","0.22487979754805565","0.18783274292945862","0.2929930090904236","1.0358746647834778","1.0026719570159912","1.0775582790374756","0.4803149501482646","0.44700831174850464","0.5385998487472534","0.32155129313468933","0.2515311539173126","0.47364968061447144","0.3031717538833618","0.2388576865196228","0.37541061639785767"
"49","0.2353675626218319","0.18556523323059082","0.30466601252555847","1.099568098783493","1.084498405456543","1.1203913688659668","0.48874416947364807","0.47693905234336853","0.5123317241668701","0.3193226382136345","0.25559282302856445","0.4294811487197876","0.30330055207014084","0.24272015690803528","0.35780006647109985"
"50","0.2274000532925129","0.18657797574996948","0.3072783648967743","1.1004619300365448","1.0725572109222412","1.1236881017684937","0.4916992783546448","0.44446510076522827","0.5584021210670471","0.30258800834417343","0.23565423488616943","0.4318784177303314","0.2873541936278343","0.2224838137626648","0.3441958725452423"
"51","0.20926451683044434","0.17123004794120789","0.28828030824661255","1.0278046429157257","0.9951186180114746","1.065341591835022","0.4508899251619975","0.4388713538646698","0.46328362822532654","0.27259207144379616","0.22069352865219116","0.40025943517684937","0.2556280344724655","0.21378278732299805","0.31595346331596375"
"52","0.20691939815878868","0.17574211955070496","0.26795339584350586","1.0189386010169983","1.0054984092712402","1.039490818977356","0.4894937574863434","0.4384555220603943","0.5458755493164062","0.25944600254297256","0.21304461359977722","0.349292129278183","0.2513095885515213","0.20157143473625183","0.29658401012420654"
"53","0.2098463475704193","0.17948946356773376","0.28562048077583313","1.0277516841888428","1.0026781558990479","1.0678150653839111","0.47324193517367047","0.43237215280532837","0.4976673722267151","0.25240354239940643","0.2094307839870453","0.3237987458705902","0.24710840359330177","0.19825473427772522","0.31348827481269836"
"54","0.2048155628144741","0.18320931494235992","0.25644680857658386","0.9988523870706558","0.9494299292564392","1.0243215560913086","0.4475734233856201","0.4222263991832733","0.4692732095718384","0.24442831426858902","0.21728208661079407","0.3031175434589386","0.23647360876202583","0.20251992344856262","0.2749747335910797"
"55","0.19329488649964333","0.17368067800998688","0.23102645576000214","0.9568729996681213","0.9343738555908203","0.9783041477203369","0.45427051186561584","0.4414445757865906","0.4789990484714508","0.22457560524344444","0.20430633425712585","0.2723010182380676","0.22458083555102348","0.20471805334091187","0.24829834699630737"
"56","0.19299614056944847","0.15854871273040771","0.24141903221607208","0.9679591655731201","0.9239766597747803","0.9994574785232544","0.4486641486485799","0.4033047556877136","0.4941929578781128","0.22439708188176155","0.2058347910642624","0.24826115369796753","0.22112992033362389","0.18748478591442108","0.25656649470329285"
"57","0.1884998120367527","0.16426484286785126","0.21749648451805115","1.0150116831064224","0.9939424395561218","1.0503705739974976","0.44955875476201373","0.4120739698410034","0.4722747802734375","0.21894580870866776","0.19624440371990204","0.25412535667419434","0.2156217321753502","0.1928650140762329","0.23457041382789612"
"58","0.18761685118079185","0.1752334088087082","0.21183428168296814","0.9738703817129135","0.9459095001220703","1.0279815196990967","0.41678670048713684","0.39549586176872253","0.4362446069717407","0.21928950399160385","0.1906638741493225","0.27942904829978943","0.20994781702756882","0.18162652850151062","0.22461985051631927"
"59","0.18516860902309418","0.16483768820762634","0.222496896982193","0.9629160314798355","0.9447071552276611","1.0064626932144165","0.4333580831686656","0.41576477885246277","0.4611949324607849","0.21299830079078674","0.19867555797100067","0.24568839371204376","0.20762314274907112","0.19295530021190643","0.23478323221206665"
"60","0.16844387724995613","0.14779263734817505","0.18770191073417664","0.9685434848070145","0.941387414932251","1.002553939819336","0.407323161760966","0.38293957710266113","0.4222116768360138","0.19709398970007896","0.1723731905221939","0.22278273105621338","0.19094368442893028","0.17141970992088318","0.20545633137226105"
"61","0.2017693780362606","0.17589071393013","0.22593161463737488","1.0189330875873566","0.9930353164672852","1.0344297885894775","0.4741702576478322","0.45050761103630066","0.5020958781242371","0.22849930077791214","0.2114337980747223","0.24323207139968872","0.22742827609181404","0.199274480342865","0.2699899673461914"
"62","0.16385725140571594","0.14917519688606262","0.17884919047355652","0.9474577009677887","0.9302942752838135","0.9682203531265259","0.4073402484258016","0.36098241806030273","0.48114216327667236","0.18671834841370583","0.16612860560417175","0.21554765105247498","0.1837403066456318","0.15784212946891785","0.2097666710615158"
"63","0.17886760458350182","0.1626986414194107","0.21337440609931946","0.9445022642612457","0.9304652214050293","0.9543652534484863","0.41504545013109845","0.3778986632823944","0.4377600848674774","0.20056112110614777","0.18314291536808014","0.23269504308700562","0.19472553208470345","0.16557134687900543","0.22211460769176483"
"64","0.1752781644463539","0.14798827469348907","0.20723852515220642","0.9203369319438934","0.8812142014503479","0.9608701467514038","0.41742415229479474","0.40099090337753296","0.42721670866012573","0.19611798599362373","0.1910872608423233","0.200938880443573","0.19133270904421806","0.16777987778186798","0.217597097158432"
"65","0.16180779039859772","0.149416983127594","0.17532220482826233","0.9267404228448868","0.9073212742805481","0.9403468370437622","0.3949168026447296","0.3651150166988373","0.4391980767250061","0.18247924745082855","0.16454029083251953","0.2159668207168579","0.1793961375951767","0.15620924532413483","0.19542080163955688"
"66","0.17338284477591515","0.16407616436481476","0.18334580957889557","0.9422429352998734","0.9227596521377563","0.9711478352546692","0.4117458363374074","0.3769747018814087","0.45021453499794006","0.19426348432898521","0.15892080962657928","0.23865708708763123","0.19177016988396645","0.18013407289981842","0.21169784665107727"
"67","0.1630193628370762","0.151427760720253","0.17025616765022278","0.9250417202711105","0.9010775089263916","0.9461179971694946","0.39498528838157654","0.37028831243515015","0.42429232597351074","0.18273793905973434","0.15913616120815277","0.20985791087150574","0.1769701950252056","0.16861437261104584","0.18027138710021973"
"68","0.17451198026537895","0.14731469750404358","0.18948392570018768","0.8884109258651733","0.8723088502883911","0.9230037927627563","0.39753368496894836","0.35859018564224243","0.4464322626590729","0.1945660337805748","0.1633136123418808","0.22625616192817688","0.19060849770903587","0.1512901484966278","0.21877430379390717"
"69","0.1594889536499977","0.14442595839500427","0.18655472993850708","0.8739791065454483","0.842524528503418","0.9023016095161438","0.3865445554256439","0.3680727481842041","0.40537968277931213","0.17641249299049377","0.16624543070793152","0.1910535991191864","0.1744721233844757","0.15701338648796082","0.196467787027359"
"70","0.16967540979385376","0.15789476037025452","0.1838563084602356","0.9246795326471329","0.8900114893913269","0.9393379092216492","0.4137990077336629","0.38664954900741577","0.42802828550338745","0.18628335744142532","0.17078229784965515","0.2046472132205963","0.18316783383488655","0.17766663432121277","0.1861601024866104"
"71","0.16608871147036552","0.14610989391803741","0.19035685062408447","0.9016823619604111","0.864667534828186","0.9341307282447815","0.38849957784016925","0.3567226529121399","0.42613643407821655","0.18368418887257576","0.16074314713478088","0.20934057235717773","0.17744166776537895","0.16345016658306122","0.18910008668899536"
"72","0.1607537642121315","0.14527375996112823","0.1756453663110733","0.9007650464773178","0.8910511136054993","0.9151097536087036","0.37819697459538776","0.3685097098350525","0.3847513496875763","0.17741504311561584","0.16196615993976593","0.19643443822860718","0.17119156941771507","0.16367945075035095","0.18397344648838043"
"73","0.15619924664497375","0.1384911835193634","0.16678962111473083","0.8487577885389328","0.8053079843521118","0.8798586130142212","0.40031276146570843","0.3865262269973755","0.4154304265975952","0.17236356064677238","0.16049256920814514","0.18614493310451508","0.16879813000559807","0.15609027445316315","0.18618559837341309"
"74","0.15637702494859695","0.14998939633369446","0.16442963480949402","0.8803182542324066","0.857315182685852","0.9146900177001953","0.3743710120519002","0.3556309640407562","0.4034896194934845","0.17260954156517982","0.15104977786540985","0.2007063329219818","0.1670326478779316","0.14929981529712677","0.18212144076824188"
"75","0.15988866612315178","0.14623305201530457","0.1818889081478119","0.8116998225450516","0.7909688353538513","0.826634407043457","0.3725889027118683","0.3349074721336365","0.40428003668785095","0.17424294352531433","0.16163718700408936","0.18437990546226501","0.17200610041618347","0.146901473402977","0.19053801894187927"
"76","0.14940642938017845","0.13795390725135803","0.16407227516174316","0.8175818920135498","0.7939609289169312","0.8412092924118042","0.3863086998462677","0.3532998263835907","0.41987144947052","0.1632104404270649","0.1583823263645172","0.16909751296043396","0.16193457320332527","0.1461275815963745","0.17332077026367188"
"77","0.16035627573728561","0.14245589077472687","0.17693695425987244","0.8784334361553192","0.8691123127937317","0.8952123522758484","0.37327925364176434","0.3535509705543518","0.3942504823207855","0.1757201813161373","0.15642103552818298","0.21105976402759552","0.17175720632076263","0.14126521348953247","0.19685566425323486"
"78","0.14852848276495934","0.14043736457824707","0.15899208188056946","0.9017762988805771","0.875011146068573","0.9178924560546875","0.3747951587041219","0.35710978507995605","0.39458489418029785","0.16208693385124207","0.1528977006673813","0.17868779599666595","0.1606794372200966","0.14422428607940674","0.16866832971572876"
"79","0.14910242706537247","0.13775992393493652","0.15855000913143158","0.8338268101215363","0.7972736954689026","0.8688476085662842","0.3690409262975057","0.33696988224983215","0.3909948766231537","0.16378258541226387","0.15342232584953308","0.1723511815071106","0.1593105010688305","0.14490944147109985","0.16963152587413788"
"80","0.15386613458395004","0.14405570924282074","0.16626393795013428","0.8273795992136002","0.7954213619232178","0.8633030652999878","0.3621781567732493","0.3362542390823364","0.38918083906173706","0.16818568110466003","0.15223930776119232","0.18060220777988434","0.16398244723677635","0.1598665565252304","0.17018042504787445"
"81","0.14569606259465218","0.14169344305992126","0.15384605526924133","0.8351135104894638","0.8188184499740601","0.8630949258804321","0.34471792976061505","0.3252188265323639","0.36176109313964844","0.15931235253810883","0.14887495338916779","0.17137564718723297","0.15368084982037544","0.13643315434455872","0.16395635902881622"
"82","0.14803892746567726","0.140597403049469","0.1530039757490158","0.8065724521875381","0.788412868976593","0.8258635997772217","0.3643164038658142","0.3513071537017822","0.3815072476863861","0.1619080863893032","0.14724552631378174","0.16895872354507446","0.15717122703790665","0.14934386312961578","0.16262300312519073"
"83","0.1498677060008049","0.1377752274274826","0.16376623511314392","0.8407895267009735","0.8085389733314514","0.8761507272720337","0.3760405977567037","0.348626971244812","0.41526472568511963","0.16340213268995285","0.15766899287700653","0.17085140943527222","0.1604999303817749","0.1418980062007904","0.17446014285087585"
"84","0.14497223868966103","0.1321096122264862","0.1519831418991089","0.7488270252943039","0.7321255207061768","0.7575365304946899","0.3564833303292592","0.3403356671333313","0.37506362795829773","0.15691526606678963","0.14733941853046417","0.16521036624908447","0.15297730267047882","0.14741000533103943","0.16075435280799866"
"85","0.14848709478974342","0.14368078112602234","0.15140224993228912","0.796690046787262","0.7730020880699158","0.8104428052902222","0.36618773142496747","0.3438517451286316","0.39053666591644287","0.161530002951622","0.1444360911846161","0.1707378774881363","0.15833547711372375","0.1457330882549286","0.16670894622802734"
"86","0.14357886463403702","0.13719633221626282","0.14915749430656433","0.7776374816894531","0.7660404443740845","0.792687714099884","0.35356996456782025","0.336047500371933","0.3764425218105316","0.15396617725491524","0.1434265375137329","0.16216136515140533","0.1499660685658455","0.13809466361999512","0.15801402926445007"
"87","0.1543622761964798","0.13246721029281616","0.17819412052631378","0.7790880799293518","0.7734346389770508","0.785265326499939","0.38078728318214417","0.3442029058933258","0.4060644209384918","0.16889599338173866","0.14173391461372375","0.19544433057308197","0.1620883345603943","0.14934757351875305","0.17127810418605804"
"88","0.1497771181166172","0.12849201261997223","0.18078216910362244","0.7734641879796982","0.7691424489021301","0.7802700996398926","0.3813643455505371","0.37052229046821594","0.3931385278701782","0.16161377355456352","0.15240439772605896","0.17186349630355835","0.15894604474306107","0.14323630928993225","0.19140473008155823"
"89","0.1569354645907879","0.1392505168914795","0.17059552669525146","0.785620391368866","0.766085147857666","0.7952803373336792","0.38586005568504333","0.3643639087677002","0.42139679193496704","0.17130479216575623","0.15084683895111084","0.19324246048927307","0.16646959632635117","0.15440118312835693","0.18704253435134888"
"90","0.1540115289390087","0.1347092241048813","0.17388340830802917","0.8452557921409607","0.8384072780609131","0.8503979444503784","0.38008909424146015","0.371499240398407","0.38737383484840393","0.16749633476138115","0.15455253422260284","0.18106400966644287","0.16197273880243301","0.14638517796993256","0.18744413554668427"
"91","0.14044004306197166","0.12329433858394623","0.15092328190803528","0.7376377433538437","0.7190643548965454","0.7600470781326294","0.3427478273709615","0.31748390197753906","0.3711310625076294","0.15152880176901817","0.1444542407989502","0.1666930466890335","0.1479446031153202","0.13177639245986938","0.16335146129131317"
"92","0.13503947108983994","0.12487716972827911","0.14835354685783386","0.7032503634691238","0.6827312111854553","0.7114785313606262","0.33883947134017944","0.31972336769104004","0.3592293858528137","0.14719194918870926","0.1323239803314209","0.16096961498260498","0.14343896508216858","0.14022822678089142","0.1508036106824875"
"93","0.1453092247247696","0.1344946324825287","0.16439029574394226","0.7377960979938507","0.725029706954956","0.7481415271759033","0.3524765372276306","0.33460408449172974","0.36141645908355713","0.15782660245895386","0.15669392049312592","0.1599736362695694","0.15266017615795135","0.13728246092796326","0.17717649042606354"
"94","0.14371540769934654","0.13227173686027527","0.16184774041175842","0.7419580519199371","0.7023966312408447","0.759943425655365","0.35088564952214557","0.31784141063690186","0.37286046147346497","0.15548021346330643","0.13408982753753662","0.17509382963180542","0.1500135213136673","0.14501896500587463","0.15526852011680603"
"95","0.14300430938601494","0.12892819941043854","0.15198029577732086","0.766436979174614","0.7299813628196716","0.8157535791397095","0.36288708448410034","0.32837438583374023","0.3992311358451843","0.15565451607108116","0.1392035335302353","0.1664813756942749","0.14970511198043823","0.13996398448944092","0.16008540987968445"
"96","0.14297810941934586","0.1398455798625946","0.14940521121025085","0.7659593820571899","0.7541713714599609","0.7745538949966431","0.35249923666318256","0.3356090784072876","0.37798646092414856","0.1559819132089615","0.14165440201759338","0.16776660084724426","0.15039296448230743","0.12931667268276215","0.16229106485843658"
"97","0.1333475559949875","0.1259874403476715","0.14029906690120697","0.7227639406919479","0.6826900243759155","0.7647351026535034","0.3394416371981303","0.3297539949417114","0.3569280207157135","0.14475882798433304","0.1332106590270996","0.15202169120311737","0.14022231101989746","0.13056950271129608","0.15127865970134735"
"98","0.13175717741250992","0.12527255713939667","0.13991299271583557","0.7274027317762375","0.7079259157180786","0.7426391243934631","0.3168317973613739","0.30600032210350037","0.33118683099746704","0.14269977435469627","0.12719686329364777","0.15262997150421143","0.13833929225802422","0.13049441576004028","0.14890620112419128"
"99","0.12944441474974155","0.11819644272327423","0.13997623324394226","0.6808174401521683","0.6445040106773376","0.7140757441520691","0.30955390135447186","0.29688596725463867","0.3178032636642456","0.14049594476819038","0.13020509481430054","0.1522902548313141","0.13457073830068111","0.12393789738416672","0.15008072555065155"
"100","0.14951174333691597","0.13604116439819336","0.1610226035118103","0.7545758783817291","0.7243607640266418","0.7809211611747742","0.3446996510028839","0.3139912784099579","0.38547784090042114","0.16212022304534912","0.14588883519172668","0.18743717670440674","0.15807712450623512","0.1264260709285736","0.17879047989845276"
"101","0.1389632225036621","0.13100570440292358","0.14656388759613037","0.7166405320167542","0.6927454471588135","0.7553087472915649","0.3323540985584259","0.300057590007782","0.37923526763916016","0.15249644592404366","0.13202911615371704","0.1691131591796875","0.14588575810194016","0.12758558988571167","0.15637068450450897"
"102","0.1361834555864334","0.1165674477815628","0.15919002890586853","0.6900513917207718","0.6808248162269592","0.6998358964920044","0.34149436155955","0.3218958377838135","0.3560402989387512","0.14650604128837585","0.13574689626693726","0.1536000818014145","0.1408129595220089","0.1191578358411789","0.17128191888332367"
"103","0.13296662457287312","0.12287051230669022","0.1406957507133484","0.6745893061161041","0.6505789756774902","0.688197135925293","0.3303820788860321","0.2966347336769104","0.37774595618247986","0.1450437717139721","0.11751538515090942","0.16103854775428772","0.13954801857471466","0.12516005337238312","0.15110212564468384"
"104","0.13340134546160698","0.11860238015651703","0.14270657300949097","0.690118208527565","0.6540798544883728","0.7324286699295044","0.3343375325202942","0.33157026767730713","0.3389469385147095","0.14523349329829216","0.1339266151189804","0.15559908747673035","0.13990946859121323","0.12715259194374084","0.15316012501716614"
"105","0.13780244812369347","0.12409302592277527","0.14978958666324615","0.6764984428882599","0.6641131639480591","0.6902614831924438","0.32437355319658917","0.3151920437812805","0.33434900641441345","0.14990466833114624","0.143717423081398","0.1599169373512268","0.14168325439095497","0.12875017523765564","0.16420860588550568"
"106","0.12943677604198456","0.11995665729045868","0.14999331533908844","0.633223682641983","0.6160037517547607","0.672451913356781","0.31707991162935895","0.2918185591697693","0.33530211448669434","0.1403965838253498","0.13599899411201477","0.14380551874637604","0.13539344258606434","0.11336035281419754","0.16459769010543823"
"107","0.13134304247796535","0.1095641478896141","0.14735645055770874","0.7137857228517532","0.6856861710548401","0.7703577280044556","0.31817344824473065","0.2699110507965088","0.34491804242134094","0.14342286810278893","0.10301430523395538","0.161510169506073","0.13672463968396187","0.12310609221458435","0.1501929759979248"
"108","0.12852582521736622","0.11769495904445648","0.13943269848823547","0.6600520014762878","0.6254537105560303","0.6932331323623657","0.3070703943570455","0.27943670749664307","0.32320892810821533","0.14068490266799927","0.12928566336631775","0.16227898001670837","0.1336171217262745","0.1044384092092514","0.15347877144813538"
"109","0.13342535495758057","0.12869976460933685","0.1434773951768875","0.6680355668067932","0.6487106084823608","0.705086886882782","0.33630969127019245","0.3228755295276642","0.35754144191741943","0.14584802836179733","0.12411412596702576","0.15570655465126038","0.13907941058278084","0.128740593791008","0.145578533411026"
"110","0.13795359432697296","0.1230846643447876","0.15127548575401306","0.7239903807640076","0.702011227607727","0.7499681711196899","0.33050645391146344","0.31285807490348816","0.34777405858039856","0.15031645819544792","0.1338575780391693","0.16612038016319275","0.14302682504057884","0.13017413020133972","0.15572935342788696"
"111","0.13325362093746662","0.12401465326547623","0.14973893761634827","0.6354410797357559","0.6065714359283447","0.6525073647499084","0.3367806871732076","0.30989012122154236","0.3629635274410248","0.14712927117943764","0.1168135553598404","0.1641390323638916","0.13766274228692055","0.12945441901683807","0.1462753713130951"
"112","0.13358543440699577","0.1071983277797699","0.14790047705173492","0.6543696224689484","0.61607426404953","0.6752361059188843","0.31872715552647907","0.30029410123825073","0.33389830589294434","0.1459241546690464","0.12692445516586304","0.15862485766410828","0.13851396925747395","0.11174505949020386","0.1651328206062317"
"113","0.1370616815984249","0.13181054592132568","0.14454710483551025","0.6802116483449936","0.6681395173072815","0.6996196508407593","0.33244073390960693","0.31000781059265137","0.3734170198440552","0.15019892528653145","0.1258435994386673","0.16694392263889313","0.14289075136184692","0.1212625503540039","0.16130635142326355"
"114","0.12198055908083916","0.1152900755405426","0.13414302468299866","0.6136650592088699","0.5859233736991882","0.644615650177002","0.3026888072490692","0.2662869989871979","0.33012717962265015","0.13518067076802254","0.12817645072937012","0.14599767327308655","0.12731065973639488","0.0984010100364685","0.1514444500207901"
"115","0.12843992933630943","0.12582144141197205","0.13021332025527954","0.6640941649675369","0.6447659730911255","0.6772154569625854","0.31247586011886597","0.28481167554855347","0.33540430665016174","0.14121289364993572","0.12190564721822739","0.1507478952407837","0.13216165639460087","0.10892782360315323","0.1447741538286209"
"116","0.12479430995881557","0.11099465936422348","0.14766186475753784","0.6333233565092087","0.6146700382232666","0.6770766377449036","0.30578306317329407","0.2641940414905548","0.33262139558792114","0.13691307790577412","0.10348821431398392","0.1613723486661911","0.12905436381697655","0.11989548802375793","0.1389668583869934"
"117","0.12167019955813885","0.10538758337497711","0.13249824941158295","0.6328238397836685","0.6140124797821045","0.6614804267883301","0.3003789484500885","0.2899654507637024","0.3061944842338562","0.13490617647767067","0.12574565410614014","0.14637233316898346","0.126841738820076","0.10824047774076462","0.1487693190574646"
"118","0.11533061601221561","0.1103108748793602","0.12098760902881622","0.6114559471607208","0.5859559774398804","0.6405789852142334","0.2743326425552368","0.2592671811580658","0.29827797412872314","0.12716431356966496","0.10755874961614609","0.13998055458068848","0.11886390671133995","0.09682074189186096","0.13316696882247925"
"119","0.13130477257072926","0.12113978713750839","0.13842980563640594","0.611992284655571","0.5986713767051697","0.6275184750556946","0.30457403262456256","0.2986682653427124","0.3127408027648926","0.1447741687297821","0.12528753280639648","0.16072432696819305","0.13507011346518993","0.11188662797212601","0.15211793780326843"
"120","0.12389445304870605","0.11109239608049393","0.14045530557632446","0.6517845243215561","0.6256657838821411","0.6786819696426392","0.3073795239130656","0.28194135427474976","0.3249348998069763","0.13843953609466553","0.10369667410850525","0.15705552697181702","0.12840665876865387","0.1170918196439743","0.13890258967876434"
"121","0.12254665978252888","0.11014232039451599","0.1333373337984085","0.630343958735466","0.6058923006057739","0.6539167761802673","0.29737236102422077","0.292321115732193","0.30284959077835083","0.1347203515470028","0.11422397196292877","0.15426449477672577","0.12750870361924171","0.10868003964424133","0.14778678119182587"
"122","0.12783078104257584","0.1250244677066803","0.13026615977287292","0.5894319415092468","0.5752077102661133","0.6216661930084229","0.31064537167549133","0.2861146330833435","0.32792243361473083","0.1391710303723812","0.12394601106643677","0.1465107500553131","0.13262352906167507","0.11368688195943832","0.1471702605485916"
"123","0.12348849885165691","0.11358895152807236","0.12844878435134888","0.6333083957433701","0.6204298734664917","0.6559705138206482","0.30309921503067017","0.2881681025028229","0.3106997311115265","0.13698121532797813","0.11773374676704407","0.1493346393108368","0.12816482596099377","0.10805413872003555","0.1430278867483139"
"124","0.12964818440377712","0.12013646960258484","0.13857808709144592","0.638584166765213","0.6111150979995728","0.6911166906356812","0.34557147820790607","0.3047172725200653","0.4125478267669678","0.14377156645059586","0.11290848255157471","0.1670721173286438","0.13404752872884274","0.11655711382627487","0.14359988272190094"
"125","0.1238905992358923","0.108635313808918","0.1318681240081787","0.5648360699415207","0.5534449815750122","0.5859751105308533","0.307753990093867","0.295932799577713","0.3291230797767639","0.13677904941141605","0.11825006455183029","0.15439608693122864","0.1267737802118063","0.10835929960012436","0.14491041004657745"
"126","0.12774212285876274","0.11896990239620209","0.13923777639865875","0.616161972284317","0.578666090965271","0.6454978585243225","0.31011544664700824","0.28107404708862305","0.3474576473236084","0.14239401370286942","0.11626666784286499","0.16095620393753052","0.1319275852292776","0.09770888835191727","0.15373793244361877"
"127","0.1235592570155859","0.10812433809041977","0.13578131794929504","0.5745039135217667","0.539685070514679","0.5987417697906494","0.28781840205192566","0.2673318684101105","0.31696152687072754","0.13638603687286377","0.10357777774333954","0.1540401577949524","0.1278989426791668","0.11910070478916168","0.13490402698516846"
"128","0.11285438388586044","0.10629376769065857","0.12058115005493164","0.5860114842653275","0.5755081176757812","0.5913094878196716","0.2884951631228129","0.2695096433162689","0.31554946303367615","0.1264754794538021","0.10033106803894043","0.13787761330604553","0.11785965785384178","0.10092385113239288","0.1268320381641388"
"129","0.11103981547057629","0.09992041438817978","0.12318625301122665","0.5445353537797928","0.5174174904823303","0.5634217262268066","0.268701692422231","0.26437801122665405","0.2771620452404022","0.123284712433815","0.09724777936935425","0.13727295398712158","0.11467882245779037","0.10354064404964447","0.1312529444694519"
"130","0.10634180344641209","0.1021658182144165","0.11602930724620819","0.5546950846910477","0.5361941456794739","0.5675314664840698","0.27081218361854553","0.2518927752971649","0.30022120475769043","0.11879937537014484","0.09666720777750015","0.12901169061660767","0.10960293002426624","0.09787026047706604","0.11874903738498688"
"131","0.10967494919896126","0.10471886396408081","0.11967946588993073","0.5635076612234116","0.5422365069389343","0.596312403678894","0.2761748532454173","0.24786698818206787","0.3052012622356415","0.12399644963443279","0.09897834807634354","0.14102347195148468","0.11401862278580666","0.0858343243598938","0.13509778678417206"
"132","0.11152792349457741","0.09498299658298492","0.12840571999549866","0.5017353445291519","0.49226292967796326","0.5112271308898926","0.27353570858637494","0.2446557581424713","0.295236200094223","0.12376535311341286","0.08920527994632721","0.1421702355146408","0.11471481435000896","0.10782702267169952","0.12569430470466614"
"133","0.1128576211631298","0.10258302092552185","0.12327843904495239","0.5693109631538391","0.5432597994804382","0.5807121992111206","0.28494517008463544","0.2763458788394928","0.2982823848724365","0.1258687563240528","0.09997774660587311","0.13941079378128052","0.11676781438291073","0.10044267028570175","0.13428740203380585"
"134","0.11961559392511845","0.0985112115740776","0.13784846663475037","0.5748691260814667","0.5558726787567139","0.6226686239242554","0.2979668279488881","0.2800542116165161","0.331534206867218","0.13327783718705177","0.12231464684009552","0.14615334570407867","0.12374083325266838","0.09492313861846924","0.15888512134552002"
"135","0.11425520665943623","0.11004842817783356","0.12115290760993958","0.5716125220060349","0.5489683747291565","0.593403697013855","0.287875900665919","0.2652890086174011","0.3138967752456665","0.12915486469864845","0.10291002690792084","0.14239270985126495","0.11846475675702095","0.0926135703921318","0.13546088337898254"
"136","0.10919438861310482","0.10296937823295593","0.11537998169660568","0.5045337677001953","0.48030024766921997","0.5314760208129883","0.2729376157124837","0.2588995695114136","0.2940324544906616","0.12282821908593178","0.098080113530159","0.13438569009304047","0.11340437643229961","0.09570779651403427","0.12826597690582275"
"137","0.1139033455401659","0.10458792746067047","0.11924320459365845","0.5284641087055206","0.5246310234069824","0.5303555130958557","0.29396410783131915","0.27509477734565735","0.3262160122394562","0.12870163097977638","0.09939852356910706","0.14596067368984222","0.11874640733003616","0.095177561044693","0.12987178564071655"
"138","0.10940251871943474","0.10258930921554565","0.11692390590906143","0.5509145855903625","0.5345152020454407","0.5707169771194458","0.2789730230967204","0.26323413848876953","0.2870354652404785","0.12297793664038181","0.11130341142416","0.12876957654953003","0.1127525344491005","0.0908779501914978","0.13662904500961304"
"139","0.10780429281294346","0.08828151226043701","0.12186485528945923","0.5446752607822418","0.5344740152359009","0.5643116235733032","0.27098967631657916","0.2617897391319275","0.2827575206756592","0.12168310955166817","0.0995645672082901","0.13646753132343292","0.11162520386278629","0.09035336226224899","0.12877555191516876"
"141","0.11135818064212799","0.10025197267532349","0.12036086618900299","0.5484983921051025","0.5376729965209961","0.5675866603851318","0.2797326445579529","0.2673555612564087","0.29494380950927734","0.12289041839540005","0.1151580661535263","0.13083729147911072","0.11437051184475422","0.09935750812292099","0.1385367214679718"
"142","0.1233010720461607","0.09842739999294281","0.14997875690460205","0.5419261902570724","0.5176026225090027","0.5871575474739075","0.29938429594039917","0.24558314681053162","0.3365108370780945","0.13852475956082344","0.09230606257915497","0.16684779524803162","0.12749135307967663","0.12058857083320618","0.1364569365978241"
"143","0.1045327577739954","0.09739004075527191","0.11219333112239838","0.5163241624832153","0.5028098225593567","0.5345348715782166","0.25946330030759174","0.24433869123458862","0.2795430123806","0.11914682015776634","0.09367260336875916","0.12960708141326904","0.1098102368414402","0.0940830409526825","0.12285548448562622"
"144","0.11132762394845486","0.09891343116760254","0.11920643597841263","0.5163023322820663","0.5006469488143921","0.5299946665763855","0.2762383172909419","0.24830736219882965","0.3086646497249603","0.12480602413415909","0.09362438321113586","0.14334917068481445","0.11592735350131989","0.09997814893722534","0.12264928221702576"
"145","0.11530211567878723","0.10008076578378677","0.13062062859535217","0.5222416818141937","0.4979775547981262","0.5491388440132141","0.2726915379365285","0.2531442642211914","0.29538416862487793","0.12778884917497635","0.09556081891059875","0.14753830432891846","0.11945651657879353","0.10093456506729126","0.14244703948497772"
"146","0.11065645515918732","0.10487169772386551","0.12239304184913635","0.5203269571065903","0.5143236517906189","0.5248632431030273","0.2850385407606761","0.2755262851715088","0.29758748412132263","0.12599868141114712","0.1001870408654213","0.13906878232955933","0.11475671455264091","0.10050559043884277","0.12768200039863586"
"147","0.10301264747977257","0.09651219844818115","0.11482895165681839","0.5148375928401947","0.49793487787246704","0.5282725095748901","0.2697766323884328","0.25302401185035706","0.2788326144218445","0.11770999245345592","0.09315024316310883","0.13094602525234222","0.10766999796032906","0.09639114886522293","0.11707454174757004"
"148","0.10391109250485897","0.09723293036222458","0.11292418837547302","0.5001168549060822","0.49582433700561523","0.5037619471549988","0.2786611020565033","0.26849186420440674","0.2923939526081085","0.11903725191950798","0.09441252052783966","0.12931105494499207","0.10899892263114452","0.0907340794801712","0.12340064346790314"
"149","0.10789775103330612","0.0907665267586708","0.11851850897073746","0.5056182146072388","0.484382688999176","0.5196598172187805","0.28892001509666443","0.275613397359848","0.3128818869590759","0.12128938734531403","0.10365243256092072","0.1392127275466919","0.11202419921755791","0.1013098806142807","0.127055823802948"
"150","0.10319039970636368","0.10223174095153809","0.10422571003437042","0.5005085840821266","0.4872949719429016","0.5261586308479309","0.25910356144110364","0.2450285702943802","0.274069607257843","0.11729233153164387","0.09684410691261292","0.13016058504581451","0.10742571949958801","0.08379437029361725","0.1230795830488205"
"151","0.1111245546489954","0.10411786288022995","0.11961551755666733","0.5310642570257187","0.5061826705932617","0.5527772903442383","0.28167687853177387","0.24464896321296692","0.31388723850250244","0.12469621002674103","0.10425393283367157","0.14454174041748047","0.11448886804282665","0.08221467584371567","0.13023629784584045"
"152","0.1064836923032999","0.09778928756713867","0.11879074573516846","0.5112330466508865","0.49173855781555176","0.5498737096786499","0.2639458179473877","0.25464150309562683","0.27939918637275696","0.1211903914809227","0.09550485014915466","0.13598127663135529","0.11078640818595886","0.09812518209218979","0.1230359822511673"
"153","0.10381115972995758","0.09707316756248474","0.113962322473526","0.5018479973077774","0.4876524806022644","0.5110951066017151","0.2665510872999827","0.25119179487228394","0.29711371660232544","0.11736837774515152","0.09252799302339554","0.13092291355133057","0.10851181484758854","0.09431357681751251","0.11991278827190399"
"154","0.11268606409430504","0.09791276603937149","0.13049058616161346","0.5134145095944405","0.4785892069339752","0.5435148477554321","0.2787635127703349","0.26235663890838623","0.29406431317329407","0.12701700255274773","0.10047897696495056","0.14601096510887146","0.1166083924472332","0.10154688358306885","0.12997378408908844"
"155","0.11094984039664268","0.1034054085612297","0.1230846643447876","0.5017695873975754","0.48366212844848633","0.5177534222602844","0.28552842140197754","0.27592232823371887","0.3034669756889343","0.12703686952590942","0.10503500699996948","0.13995274901390076","0.11574591509997845","0.10145892202854156","0.132385715842247"
"156","0.12418519891798496","0.10016150772571564","0.14280417561531067","0.5204276591539383","0.48981279134750366","0.5412909984588623","0.2974441746870677","0.28338611125946045","0.31446489691734314","0.139574171975255","0.1148652657866478","0.16377362608909607","0.1289213802665472","0.10228190571069717","0.15633919835090637"
"157","0.09874087385833263","0.08325797319412231","0.11525039374828339","0.47712720185518265","0.4541017711162567","0.5019236207008362","0.24794683853785196","0.22285214066505432","0.26710307598114014","0.11289003305137157","0.0794149711728096","0.13192322850227356","0.10172118991613388","0.09132584929466248","0.10818617045879364"
"158","0.10898702032864094","0.09342437982559204","0.1224459707736969","0.4617043808102608","0.4063003361225128","0.4812358617782593","0.246301939090093","0.23151075839996338","0.25799426436424255","0.12218974530696869","0.09716746211051941","0.13824433088302612","0.11290661245584488","0.09549801051616669","0.1326395869255066"
"159","0.097184669226408","0.09199973940849304","0.10197089612483978","0.4781189113855362","0.4652967154979706","0.4916897416114807","0.2477114051580429","0.2328803688287735","0.2729301452636719","0.11151614971458912","0.08844853192567825","0.12304697930812836","0.10110441036522388","0.08175601810216904","0.11369772255420685"
"160","0.10459137707948685","0.09824811667203903","0.11189433932304382","0.4989620968699455","0.46250227093696594","0.5167079567909241","0.2625168114900589","0.2401258796453476","0.28903645277023315","0.12000519782304764","0.09536312520503998","0.13691210746765137","0.10951566137373447","0.08282268047332764","0.12479681521654129"
"161","0.09948818385601044","0.08750353753566742","0.11395891010761261","0.45766304433345795","0.4386935532093048","0.4781321883201599","0.24676995476086935","0.23053863644599915","0.25723710656166077","0.11355511844158173","0.08441245555877686","0.1315152794122696","0.10338998399674892","0.09457448869943619","0.1141924262046814"
"162","0.10335179604589939","0.09935809671878815","0.10958555340766907","0.4743141233921051","0.45448774099349976","0.4837854206562042","0.26299301783243817","0.2442212700843811","0.28130197525024414","0.1181730292737484","0.095377117395401","0.13590969145298004","0.10838637873530388","0.08665274828672409","0.12138646095991135"
"163","0.10080163925886154","0.08686354756355286","0.1136430948972702","0.42188192903995514","0.39035385847091675","0.4535222053527832","0.23693827788035074","0.22751182317733765","0.2528853416442871","0.11349090561270714","0.09007857739925385","0.12798148393630981","0.10446872003376484","0.08914997428655624","0.12015414237976074"
"164","0.10782863758504391","0.1047188937664032","0.11021933704614639","0.45535634458065033","0.44253405928611755","0.47214287519454956","0.2636733154455821","0.25068187713623047","0.2704993486404419","0.12162677384912968","0.10499536246061325","0.12815974652767181","0.11198334954679012","0.09224733710289001","0.12545274198055267"
"165","0.09930182620882988","0.09029435366392136","0.11678370088338852","0.4722863957285881","0.4396733343601227","0.5056631565093994","0.25370269517103833","0.23421071469783783","0.2667657136917114","0.11416323855519295","0.08730879426002502","0.1350630819797516","0.10336755216121674","0.09784487634897232","0.1119876280426979"
"166","0.10591517388820648","0.09511297941207886","0.13009394705295563","0.4484461694955826","0.42464888095855713","0.48541247844696045","0.2589283138513565","0.23969392478466034","0.28127437829971313","0.11933220736682415","0.09847679734230042","0.14607447385787964","0.10873015224933624","0.09619586914777756","0.11948595941066742"
"167","0.11317244730889797","0.10331059247255325","0.12233660370111465","0.4688464552164078","0.44226300716400146","0.507864773273468","0.2765752176443736","0.26438575983047485","0.28639042377471924","0.12661082297563553","0.11994531750679016","0.1324434131383896","0.11709434166550636","0.09887294471263885","0.14216415584087372"
"168","0.1018789540976286","0.09791681915521622","0.10808582603931427","0.451241135597229","0.4395551085472107","0.46541959047317505","0.2502567966779073","0.24152341485023499","0.26506829261779785","0.11452928371727467","0.09690946340560913","0.12426833808422089","0.10526077821850777","0.09414634108543396","0.11520145833492279"
"169","0.10717890039086342","0.0851859301328659","0.11956169456243515","0.453091599047184","0.41640788316726685","0.49548807740211487","0.24851186573505402","0.21884407103061676","0.2821792662143707","0.12252132967114449","0.08251628279685974","0.14039549231529236","0.1110370010137558","0.09321382641792297","0.13029395043849945"
"170","0.10219192691147327","0.09269057214260101","0.11873567849397659","0.4638361409306526","0.4333663880825043","0.48444777727127075","0.26496665676434833","0.24258488416671753","0.28718891739845276","0.11594266444444656","0.11096341907978058","0.12026406824588776","0.10645692236721516","0.08748944103717804","0.13895151019096375"
"171","0.10363666340708733","0.0915466919541359","0.11006753891706467","0.46737807989120483","0.4435945153236389","0.4844805598258972","0.2550057917833328","0.244720920920372","0.26493072509765625","0.11849752627313137","0.10281965136528015","0.12784947454929352","0.10660569556057453","0.08788182586431503","0.1250334531068802"
"172","0.10579575411975384","0.0938350111246109","0.11543097347021103","0.47365009039640427","0.435300350189209","0.5032570958137512","0.2497484584649404","0.23531314730644226","0.25951719284057617","0.11944727599620819","0.09802010655403137","0.13165590167045593","0.10888286493718624","0.09668602049350739","0.12335196137428284"
"173","0.09838831052184105","0.09423253685235977","0.1082126796245575","0.4266660436987877","0.42410075664520264","0.43149128556251526","0.24354960024356842","0.23723019659519196","0.24938929080963135","0.11118651553988457","0.09010764956474304","0.12482257187366486","0.10224574990570545","0.09303028881549835","0.11177390068769455"
"174","0.09684786759316921","0.08770228177309036","0.10637783259153366","0.4190414920449257","0.40510809421539307","0.43181028962135315","0.23660448690255484","0.22833500802516937","0.25087976455688477","0.10831315442919731","0.09417267888784409","0.11904728412628174","0.09949914366006851","0.08479784429073334","0.11482982337474823"
"175","0.10784783400595188","0.08779524266719818","0.12503530085086823","0.4339931085705757","0.39447861909866333","0.4743833839893341","0.25680436690648395","0.23975323140621185","0.2858389914035797","0.1210049819201231","0.11073962599039078","0.12639173865318298","0.11106312833726406","0.09010660648345947","0.14278839528560638"
"176","0.09223778732120991","0.08543109893798828","0.09935937076807022","0.42750173807144165","0.4191882312297821","0.4372410774230957","0.23641438782215118","0.2316451072692871","0.23998236656188965","0.10485139302909374","0.09434756636619568","0.11561895161867142","0.09562201984226704","0.0851072147488594","0.11304464191198349"
"177","0.10022488050162792","0.09232362359762192","0.10631181299686432","0.428837388753891","0.42213237285614014","0.433205246925354","0.24027658005555472","0.23152127861976624","0.2487853616476059","0.1133554819971323","0.09689784049987793","0.12067853659391403","0.10365364700555801","0.08808142691850662","0.1177791878581047"
"178","0.10012284480035305","0.08808702230453491","0.10939763486385345","0.42572377622127533","0.41894328594207764","0.4330463409423828","0.25175119936466217","0.22923986613750458","0.2644500732421875","0.11235160380601883","0.08650325238704681","0.12623897194862366","0.10298687778413296","0.09539186954498291","0.11129330843687057"
"179","0.10006355307996273","0.09194254875183105","0.10859757661819458","0.4489932432770729","0.4398745596408844","0.4642221927642822","0.24851576487223306","0.23755916953086853","0.26392269134521484","0.1140227448195219","0.09226334095001221","0.1264757513999939","0.10311849787831306","0.09200722724199295","0.11408712714910507"
"180","0.0972056295722723","0.08531220257282257","0.1152605265378952","0.4382226839661598","0.4193480908870697","0.46722739934921265","0.2424632211526235","0.23709574341773987","0.24545827507972717","0.11103725805878639","0.08470802754163742","0.13128647208213806","0.10060993395745754","0.08804655075073242","0.12403354048728943"
"181","0.10023356229066849","0.08986072987318039","0.10695436596870422","0.43912214785814285","0.41416656970977783","0.4666014313697815","0.24407298366228738","0.23423638939857483","0.26134175062179565","0.11214999109506607","0.10552582144737244","0.11670957505702972","0.10325263254344463","0.08816707134246826","0.12215757369995117"
"182","0.10747611150145531","0.09510067105293274","0.12692901492118835","0.43396302312612534","0.4092998206615448","0.473007470369339","0.25503531098365784","0.2376870959997177","0.27878984808921814","0.12093212269246578","0.09600040316581726","0.14460141956806183","0.11112845875322819","0.09771500527858734","0.11966259032487869"
"183","0.09882473573088646","0.0834495946764946","0.11384952068328857","0.42274779826402664","0.3766815662384033","0.446795791387558","0.2506945679585139","0.2421761453151703","0.26255685091018677","0.1121965404599905","0.09804640710353851","0.12462097406387329","0.1018633097410202","0.09136123955249786","0.12950758635997772"
"184","0.1130979023873806","0.10047490894794464","0.12667106091976166","0.46376240998506546","0.42722007632255554","0.4937201738357544","0.2855883042017619","0.2767443358898163","0.29948362708091736","0.1264213938266039","0.11336757987737656","0.1403263360261917","0.1153651811182499","0.10628999769687653","0.14047136902809143"
"185","0.10014287382364273","0.09436426311731339","0.10958597809076309","0.40925969183444977","0.3947809934616089","0.42535001039505005","0.2447479913632075","0.24176627397537231","0.2480558305978775","0.11170661449432373","0.09941016882658005","0.1254294365644455","0.10254260525107384","0.0963054969906807","0.11317192763090134"
"186","0.08687743917107582","0.0752834752202034","0.09556081891059875","0.4033283591270447","0.3747069239616394","0.418676495552063","0.22059036294619241","0.20439109206199646","0.24593789875507355","0.09890549443662167","0.07390858232975006","0.11046604812145233","0.0895608551800251","0.074436254799366","0.10272806137800217"
"187","0.09398386627435684","0.08349937200546265","0.10654947906732559","0.40166767686605453","0.387433260679245","0.41867607831954956","0.24186943968137106","0.23024243116378784","0.25351667404174805","0.10546226426959038","0.09692701697349548","0.11678433418273926","0.09768791124224663","0.08640870451927185","0.12150730192661285"
"188","0.0918477475643158","0.08067236840724945","0.10250309109687805","0.4212409034371376","0.38494521379470825","0.4460660219192505","0.24144591887791952","0.2182474583387375","0.265997052192688","0.1045547816902399","0.07908310741186142","0.12005562335252762","0.09485463984310627","0.08963362872600555","0.09812100231647491"
"189","0.09986930899322033","0.08011066913604736","0.11469870060682297","0.41178514808416367","0.3959207534790039","0.45400214195251465","0.23238855103651682","0.22862496972084045","0.23463322222232819","0.11235551163554192","0.09638045728206635","0.1288217008113861","0.10252420045435429","0.08183586597442627","0.12256406247615814"
"190","0.09557140991091728","0.07791966944932938","0.11264735460281372","0.41569308191537857","0.400523841381073","0.4240906238555908","0.23809247215588888","0.21296709775924683","0.25608718395233154","0.1074205320328474","0.07678256928920746","0.1279708743095398","0.09780241176486015","0.09005580842494965","0.10321474820375443"
"191","0.10006833262741566","0.0889437198638916","0.10810761898756027","0.3939908295869827","0.38733166456222534","0.40419328212738037","0.23056508600711823","0.21946561336517334","0.24419648945331573","0.11018318310379982","0.08812081813812256","0.1198875680565834","0.10267270728945732","0.09596872329711914","0.11512267589569092"
"192","0.08866215124726295","0.08085111528635025","0.1024240180850029","0.38300295919179916","0.3493019938468933","0.4011768400669098","0.22941134373346964","0.21937128901481628","0.2413278967142105","0.1007770225405693","0.0833917036652565","0.12116434425115585","0.09133543632924557","0.08255860209465027","0.09780322015285492"
"193","0.09955058991909027","0.07365045696496964","0.11012189090251923","0.40916407853364944","0.36186689138412476","0.4496088922023773","0.22364555795987448","0.19553104043006897","0.24556870758533478","0.10965917631983757","0.09072662144899368","0.12155134230852127","0.10267726145684719","0.07525268942117691","0.12049548327922821"
"194","0.09578733518719673","0.08223520219326019","0.11669254302978516","0.38620226085186005","0.35301274061203003","0.4440975487232208","0.2317227323849996","0.2010854184627533","0.2681526839733124","0.10578873194754124","0.09686773270368576","0.11505969613790512","0.09926420636475086","0.07414041459560394","0.12884150445461273"
"195","0.09057162515819073","0.08014260977506638","0.10576163232326508","0.41455528885126114","0.393135130405426","0.46984460949897766","0.23992390930652618","0.21584832668304443","0.2801402509212494","0.10315884090960026","0.07862991839647293","0.12764237821102142","0.09272236749529839","0.0816211998462677","0.10717275738716125"
"196","0.10186274908483028","0.0981493890285492","0.10601489245891571","0.39668671786785126","0.3818054795265198","0.4059368968009949","0.24272681772708893","0.22459623217582703","0.2556423544883728","0.1121832337230444","0.10454506427049637","0.11611082404851913","0.10420053824782372","0.08983425050973892","0.11678829789161682"
"197","0.08739141561090946","0.08059521019458771","0.10629947483539581","0.38571495562791824","0.36540311574935913","0.3974078893661499","0.22946693499883017","0.22502833604812622","0.23560333251953125","0.09874407202005386","0.08012155443429947","0.12256819009780884","0.08985812403261662","0.08388236165046692","0.09574691206216812"
"198","0.09012150764465332","0.07961366325616837","0.09610795974731445","0.38533464819192886","0.36356401443481445","0.41273820400238037","0.2192722956339518","0.21574895083904266","0.22546157240867615","0.10089311562478542","0.09106986969709396","0.10986323654651642","0.09195271320641041","0.0813947394490242","0.10209672898054123"
"199","0.09961376525461674","0.08949947357177734","0.11049942672252655","0.39311978220939636","0.38042646646499634","0.4079870581626892","0.23911362886428833","0.22643449902534485","0.25797292590141296","0.11165734194219112","0.08852292597293854","0.12447681277990341","0.10246405750513077","0.0937526673078537","0.11892823874950409"
"200","0.10562184639275074","0.09295403957366943","0.11653082817792892","0.41629546135663986","0.3825027346611023","0.44544243812561035","0.24357236425081888","0.2320033609867096","0.25762635469436646","0.11634607054293156","0.09206678718328476","0.13185006380081177","0.1078167725354433","0.09886947274208069","0.12254367768764496"
"201","0.10169851593673229","0.08633102476596832","0.12227228283882141","0.41018958389759064","0.3850938081741333","0.44548866152763367","0.24973120788733164","0.23014943301677704","0.27946150302886963","0.11252124421298504","0.09655188024044037","0.13968800008296967","0.10397480987012386","0.08952731639146805","0.12431167811155319"
"202","0.09150083735585213","0.08761749416589737","0.10200691968202591","0.380545973777771","0.3677653670310974","0.3911312520503998","0.2264029085636139","0.2114524245262146","0.2448112666606903","0.10127314180135727","0.09737183898687363","0.10365763306617737","0.09411513805389404","0.07989659905433655","0.11290468275547028"
"203","0.09188630990684032","0.08523224294185638","0.0972832441329956","0.4042219892144203","0.3796054720878601","0.42716968059539795","0.22527771691481271","0.20564180612564087","0.24436292052268982","0.10282873921096325","0.08385826647281647","0.11412873864173889","0.09438612870872021","0.07975758612155914","0.10303181409835815"
"204","0.09059900790452957","0.0752759650349617","0.11631409078836441","0.365790992975235","0.34276849031448364","0.40198469161987305","0.22438273330529532","0.1970134973526001","0.2741950452327728","0.09962605871260166","0.07476553320884705","0.1321740299463272","0.09271524287760258","0.08318029344081879","0.11827675998210907"
"205","0.09124604985117912","0.07854561507701874","0.10582365095615387","0.4009299576282501","0.39683783054351807","0.4078163504600525","0.22064045071601868","0.20885583758354187","0.23578211665153503","0.10101727396249771","0.07789841294288635","0.11426632106304169","0.09313332475721836","0.08101196587085724","0.1104246973991394"
"206","0.0970891397446394","0.09106683731079102","0.10099965333938599","0.39770105481147766","0.36820560693740845","0.4120144546031952","0.23230176667372385","0.22113586962223053","0.2426285743713379","0.10645012743771076","0.09988369047641754","0.1111358255147934","0.09842486120760441","0.0880451425909996","0.10918769240379333"
"207","0.10360259935259819","0.088595911860466","0.11435386538505554","0.403877392411232","0.37050461769104004","0.4180375635623932","0.23838356137275696","0.20340105891227722","0.25960901379585266","0.11255015805363655","0.10327658802270889","0.11716000735759735","0.10534652881324291","0.0806354433298111","0.12296722829341888"
"208","0.10339304618537426","0.09078358113765717","0.11438730359077454","0.4023582339286804","0.38282114267349243","0.4211356043815613","0.241151953736941","0.22477887570858002","0.2664439380168915","0.11369633674621582","0.09014769643545151","0.13040119409561157","0.10495011508464813","0.09947503358125687","0.11585326492786407"
"209","0.0897232573479414","0.0752006322145462","0.10031545162200928","0.36392249166965485","0.33613312244415283","0.3878780007362366","0.21940244237581888","0.20293332636356354","0.23406492173671722","0.09766578115522861","0.07449554651975632","0.11243192851543427","0.09076867625117302","0.08218275010585785","0.10453915596008301"
"210","0.096772201359272","0.07545912265777588","0.11557281762361526","0.3841089904308319","0.36398735642433167","0.41635870933532715","0.24132002890110016","0.2225397825241089","0.2569230794906616","0.106898482888937","0.08404900878667831","0.1154586523771286","0.09837917424738407","0.08055408298969269","0.12418539822101593"
"211","0.09128265082836151","0.07880084216594696","0.10745184868574142","0.3688756227493286","0.3451102077960968","0.39826855063438416","0.2099874367316564","0.20359836518764496","0.21851478517055511","0.10065537877380848","0.08791486918926239","0.11597050726413727","0.09258640557527542","0.07970059663057327","0.11141529679298401"
"212","0.09173749200999737","0.08056982606649399","0.0997675284743309","0.3900638073682785","0.38028913736343384","0.3978128731250763","0.2268617401520411","0.20860162377357483","0.2415100485086441","0.10164647363126278","0.09600504487752914","0.10748862475156784","0.09404067508876324","0.07376892864704132","0.10773675888776779"
"213","0.09933557733893394","0.08754511922597885","0.11815153062343597","0.38925331085920334","0.3621131479740143","0.4211677312850952","0.24393045902252197","0.21521109342575073","0.2759610712528229","0.10818822681903839","0.08704382181167603","0.13183355331420898","0.10016064904630184","0.09131582826375961","0.11919791996479034"
"214","0.09716313146054745","0.08603272587060928","0.11268521845340729","0.3821434825658798","0.35826030373573303","0.42229753732681274","0.22488854825496674","0.20069603621959686","0.25662097334861755","0.10624795779585838","0.0989990234375","0.11152498424053192","0.09857640415430069","0.07944974303245544","0.121116042137146"
"215","0.09610050357878208","0.08641783893108368","0.10554929822683334","0.3734199330210686","0.34932804107666016","0.4007180333137512","0.22524832685788473","0.20294782519340515","0.2539041340351105","0.10527701489627361","0.08953593671321869","0.1205277070403099","0.09789479523897171","0.07993683218955994","0.10731802880764008"
"216","0.09950756467878819","0.08722443878650665","0.12025691568851471","0.3915540277957916","0.3728134334087372","0.4264344573020935","0.2439286708831787","0.21771284937858582","0.2597624659538269","0.10835189558565617","0.0864185094833374","0.13722600042819977","0.10046581365168095","0.09464465826749802","0.11151508241891861"
"217","0.09307768754661083","0.07954768091440201","0.10211063921451569","0.364718034863472","0.3221510648727417","0.3943215608596802","0.21655619144439697","0.1910378634929657","0.24094021320343018","0.10124157182872295","0.07872072607278824","0.10938572883605957","0.09520053677260876","0.08835278451442719","0.10710743069648743"
"218","0.09337854012846947","0.07501246780157089","0.10300493985414505","0.38633541017770767","0.3520802855491638","0.4213170111179352","0.24446717898050943","0.23204466700553894","0.2671090364456177","0.10373059846460819","0.08294031023979187","0.11826547980308533","0.09532061219215393","0.08020082861185074","0.10660150647163391"
"219","0.09493686445057392","0.0884515792131424","0.09898769855499268","0.36859869211912155","0.34157365560531616","0.38281798362731934","0.22691482305526733","0.21259251236915588","0.2407296597957611","0.1032592672854662","0.08716485649347305","0.11260578036308289","0.09619175083935261","0.08995100855827332","0.1003270074725151"
"220","0.09454599395394325","0.07988700270652771","0.10771442949771881","0.3623133599758148","0.32844340801239014","0.38256871700286865","0.2185917099316915","0.1966857612133026","0.23182052373886108","0.10269410163164139","0.07886365056037903","0.11566232144832611","0.09592186659574509","0.0874091237783432","0.11221668124198914"
"221","0.0987798422574997","0.09071306884288788","0.11519864201545715","0.3717117980122566","0.352618008852005","0.39208340644836426","0.23260236283143362","0.2127535343170166","0.24263036251068115","0.10778571479022503","0.08988756686449051","0.1320326328277588","0.09943247586488724","0.09374090284109116","0.10558618605136871"
"222","0.0924190878868103","0.08009062707424164","0.10077421367168427","0.365886390209198","0.334879994392395","0.3855312764644623","0.22762343287467957","0.22476664185523987","0.22907882928848267","0.10027863457798958","0.0857556089758873","0.11405070126056671","0.09325187467038631","0.08367137610912323","0.10679548233747482"
"223","0.09191342443227768","0.08317297697067261","0.09962214529514313","0.3428352326154709","0.332393616437912","0.361447811126709","0.2108787794907888","0.20638516545295715","0.21951857209205627","0.09873467870056629","0.09284970164299011","0.11017371714115143","0.09294374100863934","0.08449599891901016","0.10599517822265625"
"224","0.09310637600719929","0.08125019818544388","0.10069312155246735","0.3426098972558975","0.3207516670227051","0.37797871232032776","0.21198747058709463","0.19400419294834137","0.23108899593353271","0.10016555711627007","0.08628310263156891","0.11055094003677368","0.09493310377001762","0.08434301614761353","0.10861174762248993"
"225","0.08432215638458729","0.07946258038282394","0.09066849946975708","0.3610778972506523","0.344369113445282","0.37815865874290466","0.21608246862888336","0.19884516298770905","0.23720940947532654","0.09322015196084976","0.0787992998957634","0.10501381754875183","0.08530844002962112","0.07944059371948242","0.0923546701669693"
"226","0.08766723424196243","0.0800696462392807","0.10198041796684265","0.34362132102251053","0.32789647579193115","0.37110069394111633","0.20999575654665628","0.1942763328552246","0.22171057760715485","0.09438741952180862","0.07932133227586746","0.1144603043794632","0.08906377665698528","0.08627785742282867","0.0953390896320343"
"227","0.091952845454216","0.08619426190853119","0.10152360796928406","0.35671020299196243","0.3378864526748657","0.36681801080703735","0.21979701022307077","0.21699434518814087","0.22327390313148499","0.09968847781419754","0.08902522176504135","0.11644229292869568","0.09291423857212067","0.08964909613132477","0.09605123102664948"
"228","0.08706754818558693","0.07776857912540436","0.09933806955814362","0.3684203773736954","0.3560985326766968","0.3826199769973755","0.223584254582723","0.2032400667667389","0.2401731312274933","0.09572743996977806","0.07722204178571701","0.11633867025375366","0.08811258897185326","0.08314966410398483","0.09283862262964249"
"229","0.1008008848875761","0.08076055347919464","0.11218825727701187","0.37960846722126007","0.346215158700943","0.3982445299625397","0.22167436281840006","0.20545881986618042","0.230182483792305","0.10739423148334026","0.09064227342605591","0.117566779255867","0.10186035372316837","0.08148780465126038","0.11556964367628098"
"230","0.09025286510586739","0.0768347680568695","0.10374361276626587","0.34986965358257294","0.3176909387111664","0.374137818813324","0.21972642342249551","0.2139330506324768","0.2275809794664383","0.09717661328613758","0.0816555917263031","0.11754406988620758","0.0916020330041647","0.0798608809709549","0.09768882393836975"
"231","0.09237070754170418","0.08724981546401978","0.09985364973545074","0.36342503875494003","0.35014092922210693","0.3852217197418213","0.21858587861061096","0.2076198160648346","0.22568896412849426","0.09982997179031372","0.089138925075531","0.11454656720161438","0.09350112453103065","0.090200275182724","0.09594187885522842"
"232","0.09108865074813366","0.07753597944974899","0.10654100030660629","0.34834031015634537","0.31356966495513916","0.3856312036514282","0.21487617989381155","0.18952026963233948","0.2376086562871933","0.09786093980073929","0.08219049870967865","0.11650113016366959","0.09127253293991089","0.07679269462823868","0.10731429606676102"
"233","0.09641384519636631","0.08229419589042664","0.10833379626274109","0.3525692895054817","0.3154001235961914","0.39262422919273376","0.22362996141115823","0.18156564235687256","0.2493157535791397","0.10411811247467995","0.09666719287633896","0.10860510170459747","0.09785720892250538","0.07579334080219269","0.11582360416650772"
"234","0.09189695306122303","0.06957872211933136","0.11520504206418991","0.35796522349119186","0.30160653591156006","0.40304839611053467","0.21822125216325125","0.17666250467300415","0.2571544051170349","0.09818325378000736","0.08088287711143494","0.11402047425508499","0.09287367016077042","0.0653175488114357","0.11949902027845383"
"235","0.09039776772260666","0.07791714370250702","0.10223081707954407","0.35021646320819855","0.3288792371749878","0.3784111440181732","0.20986639459927878","0.19175639748573303","0.2302837073802948","0.09682950004935265","0.07723338156938553","0.11439245939254761","0.0914947222918272","0.08318252861499786","0.0985274687409401"
"236","0.08945620805025101","0.08289812505245209","0.09395383298397064","0.3582482561469078","0.3466389775276184","0.36806243658065796","0.20963885386784872","0.2004733681678772","0.21589457988739014","0.09582970477640629","0.08210882544517517","0.1059323400259018","0.09038986638188362","0.08766831457614899","0.09317846596240997"
"237","0.08515646681189537","0.07659810781478882","0.09356358647346497","0.33270716667175293","0.3083762526512146","0.34699854254722595","0.19954303403695425","0.17866085469722748","0.21064847707748413","0.09088514372706413","0.08888065814971924","0.09298957884311676","0.08576910942792892","0.07238737493753433","0.09679568558931351"
"238","0.0940038189291954","0.0897098183631897","0.09889975190162659","0.34941040724515915","0.34434109926223755","0.3611016869544983","0.21782964964707693","0.21013616025447845","0.23222467303276062","0.10073990933597088","0.08872766047716141","0.10700483620166779","0.09451086819171906","0.08708897233009338","0.10066945850849152"
"239","0.08661109209060669","0.07994159311056137","0.09896588325500488","0.3567711263895035","0.3442796468734741","0.38556158542633057","0.209549218416214","0.20093509554862976","0.2214653491973877","0.09272266551852226","0.08485954254865646","0.11187510192394257","0.08726711012423038","0.08108396083116531","0.0944918543100357"
"240","0.08387819491326809","0.07375344634056091","0.09426561743021011","0.3256630152463913","0.2975707948207855","0.3635907769203186","0.2062725673119227","0.1780194491147995","0.22192707657814026","0.09009121358394623","0.07617475092411041","0.10757933557033539","0.08454661630094051","0.07582548260688782","0.09162882715463638"
"241","0.10252263769507408","0.09866979718208313","0.10780583322048187","0.3882416859269142","0.3807677626609802","0.39494866132736206","0.24614674846331278","0.24073290824890137","0.2566298246383667","0.1104045920073986","0.09952789545059204","0.11909475922584534","0.1028888151049614","0.09160761535167694","0.10825745761394501"
"242","0.09271912276744843","0.08782894164323807","0.10343100875616074","0.36905182152986526","0.3566385805606842","0.38953953981399536","0.22231159607569376","0.20633891224861145","0.24812602996826172","0.10009508207440376","0.08784513920545578","0.11457924544811249","0.09427880868315697","0.08529078960418701","0.10498474538326263"
"243","0.09814882464706898","0.08455315977334976","0.126419335603714","0.3390582203865051","0.30854055285453796","0.38213685154914856","0.2016580601533254","0.19322149455547333","0.20943734049797058","0.10383095219731331","0.09117700159549713","0.13177448511123657","0.0990561731159687","0.08514100313186646","0.12927085161209106"
"244","0.09027794376015663","0.08286456763744354","0.0997885912656784","0.34444618225097656","0.331550270318985","0.35835278034210205","0.21482467651367188","0.20119549334049225","0.23278260231018066","0.09629680588841438","0.0818820595741272","0.10849349200725555","0.09082404337823391","0.085257887840271","0.10022321343421936"
"245","0.09899204224348068","0.08935940265655518","0.11323041468858719","0.3511897325515747","0.32589858770370483","0.38545840978622437","0.2146180272102356","0.20496872067451477","0.2238992303609848","0.10514735244214535","0.09774883091449738","0.11783792078495026","0.09994712099432945","0.08836402744054794","0.116391122341156"
"246","0.082850631326437","0.0783856213092804","0.08909061551094055","0.33122871816158295","0.322898805141449","0.34067094326019287","0.20099268853664398","0.18620695173740387","0.20845502614974976","0.0887802317738533","0.08252297341823578","0.09382514655590057","0.08343229070305824","0.0742003470659256","0.0933179259300232"
"247","0.08571880869567394","0.07727713882923126","0.1046733409166336","0.3177831992506981","0.3036734163761139","0.34473079442977905","0.1943118671576182","0.1722029149532318","0.23003363609313965","0.09055797569453716","0.07588883489370346","0.11281019449234009","0.08763502351939678","0.07368995249271393","0.10571980476379395"
"248","0.09567565284669399","0.08603541553020477","0.10709775239229202","0.3441045805811882","0.32316747307777405","0.3619205355644226","0.21256554623444876","0.19495272636413574","0.22322894632816315","0.1018427386879921","0.0964757576584816","0.11208014190196991","0.09665960446000099","0.08113796263933182","0.11001615226268768"
"249","0.08977658860385418","0.08461860567331314","0.09953444451093674","0.3254573121666908","0.30838289856910706","0.343361496925354","0.19640238086382547","0.19578416645526886","0.1972762793302536","0.09500746056437492","0.08931981772184372","0.10287152975797653","0.0901737492531538","0.08035404235124588","0.10168884694576263"
"250","0.09185057133436203","0.08155045658349991","0.09652087092399597","0.36828215420246124","0.3483768701553345","0.3891952633857727","0.22105443477630615","0.20071642100811005","0.23256979882717133","0.09753360785543919","0.09228280186653137","0.10574516654014587","0.09284183382987976","0.07853235304355621","0.09978757053613663"
"251","0.08701851963996887","0.07688646018505096","0.0935218334197998","0.3231402561068535","0.3129802644252777","0.3323688507080078","0.1930884818236033","0.1861993968486786","0.205258309841156","0.09173466265201569","0.08453930914402008","0.09720485657453537","0.08768049627542496","0.07771927863359451","0.09805497527122498"
"252","0.09115739166736603","0.07544976472854614","0.10139542073011398","0.3544239178299904","0.3436993956565857","0.3628619313240051","0.22188407182693481","0.21167312562465668","0.2307008057832718","0.09605827555060387","0.07788582146167755","0.11170511692762375","0.09159578010439873","0.07744985818862915","0.09742722660303116"
"253","0.09605319239199162","0.08751394599676132","0.10224585235118866","0.34787463396787643","0.3356679677963257","0.357521653175354","0.2091746280590693","0.20367605984210968","0.21438023447990417","0.10081027634441853","0.09397539496421814","0.10874734073877335","0.09642015397548676","0.08837684988975525","0.1044149398803711"
"254","0.08185211382806301","0.07313789427280426","0.09561125189065933","0.3189070373773575","0.2945185601711273","0.3373895287513733","0.1894024113814036","0.16984550654888153","0.2012685388326645","0.08703687973320484","0.07234105467796326","0.1054714098572731","0.08257388882339001","0.07665672153234482","0.09129303693771362"
"255","0.08760085888206959","0.07724269479513168","0.10299944877624512","0.3338298872113228","0.30527377128601074","0.3661545515060425","0.2059957335392634","0.1923927664756775","0.2274087369441986","0.09224041923880577","0.08272793143987656","0.10234320163726807","0.0883564930409193","0.07836050540208817","0.10640930384397507"
"256","0.09459727257490158","0.09239593893289566","0.09750302135944366","0.3383729159832001","0.32075929641723633","0.3594415485858917","0.21470742424329123","0.20016464591026306","0.22950337827205658","0.10021733678877354","0.09183677285909653","0.10543475300073624","0.09529121778905392","0.09017856419086456","0.09934061765670776"
"257","0.0927814394235611","0.08595333993434906","0.10050904750823975","0.3552456200122833","0.3371119499206543","0.36440277099609375","0.21016392608483633","0.2076703906059265","0.21178054809570312","0.09810241311788559","0.09182556718587875","0.10407768189907074","0.09378709457814693","0.08710286021232605","0.10269580036401749"
"258","0.0882884357124567","0.08283102512359619","0.10021303594112396","0.3395782858133316","0.32888224720954895","0.3521544337272644","0.20092175900936127","0.18540500104427338","0.2235238254070282","0.09342039562761784","0.08252701908349991","0.10680082440376282","0.08889322727918625","0.0826009139418602","0.10092636197805405"
"259","0.10223762691020966","0.09336768835783005","0.10552205890417099","0.36758457869291306","0.3505573570728302","0.39201322197914124","0.2334067871173223","0.2192440629005432","0.24965357780456543","0.10784974321722984","0.09626061469316483","0.11686085164546967","0.10251159034669399","0.09523329138755798","0.10811422765254974"
"260","0.09747740812599659","0.09128566086292267","0.10976604372262955","0.34468667954206467","0.33253970742225647","0.37287479639053345","0.21849319338798523","0.20791423320770264","0.23313429951667786","0.10214913636445999","0.09537962079048157","0.1089518666267395","0.0981525331735611","0.09064288437366486","0.11337614059448242"
"261","0.09427790530025959","0.08510342240333557","0.10689981281757355","0.33965862542390823","0.3196243643760681","0.3612501323223114","0.2170727252960205","0.19650998711585999","0.23063014447689056","0.09976235590875149","0.084598608314991","0.11828574538230896","0.09437736682593822","0.08792931586503983","0.10254686325788498"
"262","0.08896784856915474","0.07579362392425537","0.09949146956205368","0.3310733363032341","0.31599941849708557","0.3399645686149597","0.20507465302944183","0.1939384639263153","0.2159491777420044","0.09308694303035736","0.08128730207681656","0.10558242350816727","0.089531684294343","0.07615149766206741","0.10323402285575867"
"263","0.09175421856343746","0.08633697777986526","0.09751909971237183","0.3345710039138794","0.3140283226966858","0.3556361198425293","0.2071808526913325","0.1987261176109314","0.21764303743839264","0.09552912041544914","0.09195312857627869","0.09959478676319122","0.09218326956033707","0.08296963572502136","0.09912989288568497"
"264","0.0846506617963314","0.07795675098896027","0.09090018272399902","0.32588066905736923","0.30701351165771484","0.3399161100387573","0.19928049047787985","0.1899542510509491","0.21668443083763123","0.08996308036148548","0.07754788547754288","0.09494934231042862","0.08529756590723991","0.07792231440544128","0.09358479827642441"
"265","0.095440324395895","0.0922308936715126","0.10393869131803513","0.3282751441001892","0.30282145738601685","0.3498317003250122","0.20751401285330454","0.20169496536254883","0.21761074662208557","0.09951653145253658","0.09492134302854538","0.10341368615627289","0.09622292965650558","0.09052350372076035","0.10695241391658783"
"266","0.09139223583042622","0.08538869023323059","0.10098868608474731","0.3269689381122589","0.3121563792228699","0.33820658922195435","0.20305476586023966","0.1922527253627777","0.21419981122016907","0.0959332175552845","0.08935104310512543","0.10376992076635361","0.0920783132314682","0.08625911176204681","0.10278671979904175"
"267","0.08875248022377491","0.07234274595975876","0.10175862163305283","0.3287378400564194","0.3119708299636841","0.3498234748840332","0.19675952196121216","0.1803024858236313","0.21050716936588287","0.09362202882766724","0.07182454317808151","0.10730130225419998","0.08966355584561825","0.07616983354091644","0.10349008440971375"
"268","0.09281839616596699","0.0804205909371376","0.10959059000015259","0.3239888846874237","0.29064127802848816","0.3754158020019531","0.2079596221446991","0.19409862160682678","0.23056645691394806","0.09653906710445881","0.0833173543214798","0.10885361582040787","0.0930445734411478","0.08149595558643341","0.11250993609428406"
"269","0.08664871007204056","0.0691836029291153","0.0945691391825676","0.3108026012778282","0.2768542170524597","0.3487374782562256","0.19745418429374695","0.1666429042816162","0.21329265832901","0.09044417180120945","0.07672187685966492","0.1010192334651947","0.08738133497536182","0.06693217158317566","0.09542149305343628"
"270","0.0899913664907217","0.07775656133890152","0.10239256173372269","0.3297305032610893","0.3038862645626068","0.3604333996772766","0.20875694851080576","0.18081998825073242","0.2271983027458191","0.09415035881102085","0.08019618690013885","0.10726983100175858","0.09042592905461788","0.07604483515024185","0.10530208051204681"
"271","0.09237869828939438","0.06700988113880157","0.12427729368209839","0.3281680718064308","0.28088754415512085","0.39156609773635864","0.20189922054608664","0.1671849489212036","0.24501311779022217","0.09733637049794197","0.07268580794334412","0.13511790335178375","0.09287507086992264","0.06753815710544586","0.12007757276296616"
"272","0.10247212462127209","0.08409745991230011","0.12002820521593094","0.3487667664885521","0.3226322531700134","0.4007788896560669","0.22291981677214304","0.20307610929012299","0.253445029258728","0.10722507908940315","0.09101872146129608","0.1196676641702652","0.10334216430783272","0.08528897911310196","0.12360785156488419"
"273","0.08463659137487411","0.07947893440723419","0.09060187637805939","0.33247964084148407","0.3125554323196411","0.3495008051395416","0.2073361724615097","0.20302781462669373","0.21419303119182587","0.08833476901054382","0.08240853250026703","0.09381838142871857","0.08510471135377884","0.08062393218278885","0.0931374654173851"
"274","0.08659387193620205","0.07381965965032578","0.11162197589874268","0.3288055807352066","0.29990002512931824","0.38040879368782043","0.2011356552441915","0.18194003403186798","0.23710401356220245","0.0912647657096386","0.07346734404563904","0.12206943333148956","0.08707022294402122","0.07568125426769257","0.10820484906435013"
"275","0.08161768689751625","0.07218140363693237","0.09077580273151398","0.31440918892621994","0.3009065091609955","0.3256422281265259","0.1982058733701706","0.1852070838212967","0.20680934190750122","0.0852921549230814","0.07397519052028656","0.09936171025037766","0.08200713992118835","0.0735647901892662","0.08937851339578629"
"276","0.09100976958870888","0.08161220699548721","0.09911659359931946","0.3257254883646965","0.3196760416030884","0.3358130156993866","0.19926847020785013","0.18844351172447205","0.20579953491687775","0.09468735195696354","0.0895228311419487","0.1012851893901825","0.09133636765182018","0.07931980490684509","0.10053838044404984"
"277","0.09334935992956161","0.08333466947078705","0.09728537499904633","0.3423585221171379","0.31797611713409424","0.3538511395454407","0.20754751563072205","0.1975015103816986","0.21261653304100037","0.09706777893006802","0.08765510469675064","0.10568747669458389","0.09411436691880226","0.0836956575512886","0.1006496325135231"
"278","0.08561472594738007","0.07404207438230515","0.09466172754764557","0.29685982316732407","0.27765876054763794","0.3112066388130188","0.18385926882425943","0.17243237793445587","0.19164404273033142","0.08934018388390541","0.07374175637960434","0.09687720239162445","0.08609889447689056","0.07641404122114182","0.09608352184295654"
"279","0.10248247720301151","0.08080585300922394","0.11550910770893097","0.3330865502357483","0.2899280786514282","0.3730478286743164","0.2227169324954351","0.20401149988174438","0.23391267657279968","0.10639149695634842","0.08338160812854767","0.12250342220067978","0.10285615175962448","0.08187231421470642","0.11617924273014069"
"280","0.09429995156824589","0.09195537120103836","0.09542600810527802","0.33311066776514053","0.3255608081817627","0.34760814905166626","0.20910454293092093","0.20198851823806763","0.21495603024959564","0.0976076740771532","0.0915442407131195","0.10249026119709015","0.09456121735274792","0.0914737731218338","0.09661828726530075"
"282","0.09545537270605564","0.08294869214296341","0.10707609355449677","0.30625979602336884","0.2801589071750641","0.3291173577308655","0.19343512753645578","0.18122845888137817","0.20858673751354218","0.10067791119217873","0.08224448561668396","0.10990452766418457","0.09550107643008232","0.0861758142709732","0.10816808044910431"
"283","0.09572186134755611","0.08706952631473541","0.10635719448328018","0.3278641179203987","0.31894391775131226","0.3496885895729065","0.21507383386294046","0.20764929056167603","0.228745698928833","0.10001840442419052","0.09308531880378723","0.10788467526435852","0.09624169580638409","0.08758910745382309","0.10994498431682587"
"284","0.08961634896695614","0.07178077101707458","0.10792002826929092","0.3103725165128708","0.28053411841392517","0.34496185183525085","0.20139539241790771","0.18459069728851318","0.22035065293312073","0.09246937558054924","0.07330365478992462","0.1073235422372818","0.09009812772274017","0.0725257620215416","0.11049756407737732"
"285","0.09330536797642708","0.08093611896038055","0.10047820210456848","0.3073641285300255","0.28434526920318604","0.32832813262939453","0.19405637681484222","0.1775934249162674","0.2071133255958557","0.09663345664739609","0.08746881783008575","0.10309082269668579","0.0938088595867157","0.07912784814834595","0.10163997858762741"
"286","0.08674324862658978","0.07828870415687561","0.09255556762218475","0.3207806423306465","0.3054618835449219","0.34201130270957947","0.199119766553243","0.1909092664718628","0.20403680205345154","0.0909015666693449","0.07994035631418228","0.10242907702922821","0.08676248230040073","0.07896316796541214","0.09004280716180801"
"287","0.08601491898298264","0.07593545317649841","0.09425892680883408","0.3072913661599159","0.28462114930152893","0.32277771830558777","0.18367447952429453","0.17578646540641785","0.19224506616592407","0.0898731667548418","0.07553999125957489","0.10187128186225891","0.08631163835525513","0.07816272974014282","0.09517527371644974"
"288","0.09242274053394794","0.08056716620922089","0.09886862337589264","0.3242797181010246","0.30542677640914917","0.3363429307937622","0.20013283689816794","0.18607807159423828","0.21388065814971924","0.09578611515462399","0.08488162606954575","0.10578231513500214","0.09261059947311878","0.08083505183458328","0.09710056334733963"
"289","0.0989134032279253","0.09321904182434082","0.10497119277715683","0.3212440758943558","0.30521446466445923","0.3276740312576294","0.20376447339852652","0.1954766809940338","0.20847001671791077","0.10300437919795513","0.09816427528858185","0.10801425576210022","0.09956241957843304","0.09400903433561325","0.10638846457004547"
"290","0.08954315073788166","0.08170641958713531","0.10034261643886566","0.30684464424848557","0.2935698628425598","0.33736592531204224","0.19894885023434958","0.18873926997184753","0.21565887331962585","0.0928998775780201","0.08581176400184631","0.09982062131166458","0.09037923626601696","0.08237551152706146","0.10309761762619019"
"291","0.09518521279096603","0.08191364258527756","0.10442575812339783","0.31995801627635956","0.2900925278663635","0.35555920004844666","0.19243712226549783","0.18407711386680603","0.2013585865497589","0.09770991839468479","0.08337916433811188","0.10397589206695557","0.09547095745801926","0.08247929066419601","0.10688004642724991"
"292","0.09677914343774319","0.09049630910158157","0.10611379891633987","0.33125486969947815","0.31474822759628296","0.35830339789390564","0.2188802013794581","0.20537914335727692","0.23395583033561707","0.10061146877706051","0.09368735551834106","0.10538040101528168","0.09740913659334183","0.09185190498828888","0.10947169363498688"
"293","0.08619746007025242","0.07820940017700195","0.08982586115598679","0.30810537934303284","0.2908329963684082","0.3252125382423401","0.1879877895116806","0.1733098328113556","0.20163112878799438","0.08905337192118168","0.07797237485647202","0.09508945047855377","0.0864677894860506","0.07976824045181274","0.09043217450380325"
"294","0.09661019966006279","0.07807528972625732","0.10847899317741394","0.3450847417116165","0.2845531404018402","0.3869481682777405","0.20044353604316711","0.17838773131370544","0.21878798305988312","0.09975435957312584","0.08220373094081879","0.1156931221485138","0.0968691036105156","0.07908592373132706","0.10607726871967316"
"295","0.08979267627000809","0.0844246968626976","0.09522407501935959","0.30418457090854645","0.2925359606742859","0.3257533609867096","0.1897380699714025","0.18542419373989105","0.19637683033943176","0.0929435696452856","0.08398215472698212","0.09706081449985504","0.09007312543690205","0.08644647896289825","0.09591697156429291"
"296","0.08608406409621239","0.08267919719219208","0.08957845717668533","0.30796824395656586","0.2958798408508301","0.31353235244750977","0.18999889492988586","0.18047505617141724","0.20519864559173584","0.08907409571111202","0.08215638250112534","0.09375786036252975","0.08663437515497208","0.08371461927890778","0.0898028165102005"
"297","0.08742795884609222","0.07939538359642029","0.09402862936258316","0.30307918041944504","0.27729472517967224","0.3273768424987793","0.19238809247811636","0.17667564749717712","0.2020515650510788","0.09060915559530258","0.07930415123701096","0.10078766942024231","0.08763307332992554","0.08086004853248596","0.09226267784833908"
"298","0.08639204502105713","0.07892844080924988","0.09543770551681519","0.30056655406951904","0.28912821412086487","0.3052981197834015","0.18372812867164612","0.1694362610578537","0.19281187653541565","0.09002586826682091","0.08649224042892456","0.09787023067474365","0.08653813973069191","0.07576236873865128","0.09630564600229263"
"299","0.08853756077587605","0.07237712293863297","0.11070887744426727","0.3075670152902603","0.25507280230522156","0.345563143491745","0.19723721841971079","0.16575005650520325","0.22092054784297943","0.09187504649162292","0.0764235183596611","0.11847482621669769","0.0888169389218092","0.07314333319664001","0.1079060286283493"
"300","0.09177901968359947","0.07652367651462555","0.1097002923488617","0.33002861589193344","0.3033299446105957","0.3565821945667267","0.2026309370994568","0.18354053795337677","0.22572390735149384","0.09497622027993202","0.07620541751384735","0.11385650187730789","0.09194004535675049","0.07837960124015808","0.11066113412380219"
"301","0.08649127371609211","0.07260436564683914","0.10256220400333405","0.30401456356048584","0.2855823040008545","0.33868053555488586","0.19658228754997253","0.18578070402145386","0.2145056128501892","0.08980690315365791","0.07418982684612274","0.11023467034101486","0.08682184293866158","0.07346336543560028","0.09996657818555832"
"302","0.08231648243963718","0.07828181236982346","0.08889997750520706","0.2919093444943428","0.2869761884212494","0.29652607440948486","0.18280987441539764","0.18117600679397583","0.18548862636089325","0.08507040329277515","0.08251286298036575","0.09075039625167847","0.08278667367994785","0.07651147246360779","0.08963638544082642"
"303","0.08678153157234192","0.07913769781589508","0.09460218995809555","0.30433984100818634","0.29593777656555176","0.3147233724594116","0.18459404011567435","0.18180663883686066","0.18630695343017578","0.08945044316351414","0.08292121440172195","0.09660470485687256","0.0870866309851408","0.07964660972356796","0.09538647532463074"
"304","0.08848623745143414","0.07094374299049377","0.11244748532772064","0.3212636932730675","0.28265058994293213","0.3784406781196594","0.2004897197087606","0.16396786272525787","0.22734351456165314","0.09161372296512127","0.07232789695262909","0.1197323352098465","0.08848892897367477","0.07148858904838562","0.10969525575637817"
"305","0.08957327343523502","0.08031520992517471","0.09603806585073471","0.30305711925029755","0.2793087661266327","0.3223434090614319","0.19546565413475037","0.1858391910791397","0.2030189037322998","0.0925768855959177","0.08217262476682663","0.10351327061653137","0.0897968951612711","0.08114765584468842","0.0959169939160347"
"306","0.0899247583001852","0.07608333230018616","0.10370789468288422","0.3064863979816437","0.27109599113464355","0.3365493416786194","0.18145150939623514","0.17364731431007385","0.18668285012245178","0.09221742674708366","0.07904469966888428","0.1051013171672821","0.09010268561542034","0.0762290433049202","0.10442587733268738"
"307","0.08857142366468906","0.08059990406036377","0.09944343566894531","0.29814261943101883","0.2779979109764099","0.3264869451522827","0.196901207168897","0.18628916144371033","0.20989441871643066","0.09085492789745331","0.08220172673463821","0.09873491525650024","0.08919933810830116","0.0813366174697876","0.10211347043514252"
"308","0.08231369405984879","0.06717199832201004","0.09363456070423126","0.2965816482901573","0.2831202447414398","0.3047668933868408","0.17214110493659973","0.16020378470420837","0.19003501534461975","0.08486902713775635","0.06693162769079208","0.09631413221359253","0.08277214504778385","0.06901495158672333","0.09406791627407074"
"309","0.09110621176660061","0.08652197569608688","0.09530279040336609","0.3008655682206154","0.28718289732933044","0.31886088848114014","0.19315913816293082","0.18310199677944183","0.20383942127227783","0.09330007247626781","0.08853298425674438","0.09582163393497467","0.09142773225903511","0.08669795095920563","0.09717008471488953"
"310","0.09590012021362782","0.09199683368206024","0.10055380314588547","0.31515613198280334","0.29238468408584595","0.32903194427490234","0.20642618338267008","0.19124722480773926","0.22006753087043762","0.09959726966917515","0.09553958475589752","0.10340889543294907","0.0961044579744339","0.09227270632982254","0.10123045742511749"
"311","0.0861407183110714","0.0787934884428978","0.09313873201608658","0.3018971011042595","0.26813724637031555","0.3216898441314697","0.17265606919924417","0.16008533537387848","0.1877838373184204","0.08865988254547119","0.07860025763511658","0.09816624969244003","0.08638650178909302","0.0802074745297432","0.09205451607704163"
"312","0.095713185146451","0.07982257753610611","0.10830892622470856","0.324648879468441","0.29503491520881653","0.35487282276153564","0.20803062617778778","0.18591395020484924","0.2212934046983719","0.09864102676510811","0.08343246579170227","0.11517903208732605","0.09591202065348625","0.0802888348698616","0.10951273143291473"
"313","0.08697081543505192","0.07611750066280365","0.0980231836438179","0.28926847875118256","0.26483768224716187","0.3107020854949951","0.19281053046385446","0.17240068316459656","0.20599280297756195","0.08945859037339687","0.07757560163736343","0.10316366702318192","0.08724750392138958","0.07639403641223907","0.09645818173885345"
"314","0.08455785363912582","0.080170176923275","0.09488783776760101","0.2914673611521721","0.28483617305755615","0.3028582036495209","0.19021402299404144","0.18131999671459198","0.19923926889896393","0.08752777241170406","0.08182018250226974","0.10203991830348969","0.08484913595020771","0.08090470731258392","0.09280988574028015"
"315","0.08969313278794289","0.08401314914226532","0.09887233376502991","0.30744901299476624","0.29445934295654297","0.32185035943984985","0.20152407387892404","0.1909768134355545","0.2159775197505951","0.09243510290980339","0.08381064981222153","0.10151495039463043","0.0898350402712822","0.08408868312835693","0.09930481761693954"
"316","0.09348875097930431","0.08360063284635544","0.1053011417388916","0.3117036148905754","0.30144020915031433","0.33568498492240906","0.1932488977909088","0.18928195536136627","0.2003486156463623","0.09585295990109444","0.08321674168109894","0.107097327709198","0.09393546171486378","0.08552394807338715","0.10609913617372513"
"317","0.08720587380230427","0.07456888258457184","0.09711764752864838","0.2928769737482071","0.2708539664745331","0.3271324038505554","0.18736529846986136","0.1635531336069107","0.20215801894664764","0.08928475342690945","0.07929619401693344","0.09960533678531647","0.08769097179174423","0.07346127927303314","0.09882020950317383"
"318","0.08733978681266308","0.07478891313076019","0.09625973552465439","0.2991552874445915","0.29165807366371155","0.30708223581314087","0.18879797061284384","0.17784400284290314","0.20522114634513855","0.09009670652449131","0.07440425455570221","0.10010714828968048","0.08756852522492409","0.07631710171699524","0.0966164693236351"
"319","0.09562528505921364","0.08543747663497925","0.09927831590175629","0.3176884576678276","0.30164188146591187","0.3301639258861542","0.19735397398471832","0.18604911863803864","0.20597952604293823","0.09824861399829388","0.08505980670452118","0.1055695116519928","0.09579697996377945","0.0873497799038887","0.09973302483558655"
"320","0.08647975511848927","0.08283267915248871","0.09415668249130249","0.30308688431978226","0.28289228677749634","0.3119037449359894","0.18937400976816812","0.18141786754131317","0.1947859525680542","0.08907469920814037","0.08242309093475342","0.09625852853059769","0.0867290236055851","0.08149044960737228","0.09483818709850311"
"321","0.0902197863906622","0.08480598032474518","0.10171522200107574","0.30744752287864685","0.30034834146499634","0.3267093300819397","0.19442385931809744","0.17998680472373962","0.21928398311138153","0.09255300648510456","0.08481349050998688","0.10485109686851501","0.09035209380090237","0.08312185108661652","0.10228267312049866"
"322","0.08837095834314823","0.07686896622180939","0.09636552631855011","0.2967115715146065","0.2799101769924164","0.3208799660205841","0.19234958787759146","0.17250975966453552","0.2037837952375412","0.09067506715655327","0.07662708312273026","0.09932969510555267","0.08863028325140476","0.07805237174034119","0.09706177562475204"
"323","0.08370855078101158","0.07690706849098206","0.09810090065002441","0.2870926558971405","0.267266184091568","0.30880114436149597","0.1849987506866455","0.17423224449157715","0.20045852661132812","0.08606096915900707","0.07655997574329376","0.1035628616809845","0.08411241509020329","0.07887101173400879","0.09635521471500397"
"324","0.08632141351699829","0.07780995965003967","0.09142030775547028","0.28443650156259537","0.26511150598526","0.2943166196346283","0.1887781172990799","0.18470534682273865","0.19352497160434723","0.08803666569292545","0.07880279421806335","0.09530698508024216","0.08662659674882889","0.07839636504650116","0.09040410816669464"
"325","0.08181126415729523","0.07712969183921814","0.08677615970373154","0.2941868379712105","0.27949079871177673","0.31235626339912415","0.1770921846230825","0.1730290949344635","0.18045508861541748","0.08415950648486614","0.08035893738269806","0.08842289447784424","0.08200976997613907","0.07630205899477005","0.08761061728000641"
"326","0.08173948712646961","0.0664871484041214","0.08810524642467499","0.2871326878666878","0.235641211271286","0.3170618414878845","0.16808276375134787","0.14580395817756653","0.1826995611190796","0.08370623178780079","0.06916134804487228","0.09259913861751556","0.08227445743978024","0.06719241291284561","0.08773338794708252"
"327","0.09011580049991608","0.07237263023853302","0.10296036303043365","0.2953406944870949","0.2646963596343994","0.32121628522872925","0.18343445658683777","0.16654589772224426","0.19922859966754913","0.09122835658490658","0.07406765222549438","0.09998875856399536","0.09054342098534107","0.07262320816516876","0.10492733120918274"
"328","0.08680125698447227","0.07852170616388321","0.09646862745285034","0.2862405404448509","0.2766256630420685","0.29588139057159424","0.18384521206219992","0.17423391342163086","0.19206956028938293","0.08875505812466145","0.07818399369716644","0.10136212408542633","0.0868578627705574","0.0799228623509407","0.09462091326713562"
"329","0.09049346670508385","0.07702881842851639","0.09819507598876953","0.30443374067544937","0.27784913778305054","0.33209216594696045","0.1783666412035624","0.16418038308620453","0.1940479278564453","0.09243056923151016","0.08125238865613937","0.10027732700109482","0.09068953804671764","0.07551942765712738","0.09862653911113739"
"330","0.08369575999677181","0.07773499935865402","0.08862847089767456","0.29652734100818634","0.2877189517021179","0.3166404366493225","0.1839311718940735","0.1729445457458496","0.19184979796409607","0.08627909235656261","0.08371172845363617","0.08910416811704636","0.0839268434792757","0.07538758218288422","0.09001368284225464"
"331","0.08458775468170643","0.0759103000164032","0.09427998214960098","0.29603923112154007","0.27832460403442383","0.3321925401687622","0.1875897099574407","0.1757422387599945","0.20557154715061188","0.08624846488237381","0.0770668163895607","0.09378373622894287","0.08494404144585133","0.07648524641990662","0.09571340680122375"
"332","0.0874287523329258","0.08079242706298828","0.0958220511674881","0.29483862221241","0.2890608310699463","0.30351072549819946","0.18242961168289185","0.17610959708690643","0.19426162540912628","0.08934882655739784","0.0818871259689331","0.09798736870288849","0.0876066517084837","0.08105907589197159","0.09612966328859329"
"333","0.08131183683872223","0.06503807008266449","0.08848044276237488","0.27942346036434174","0.26405489444732666","0.2881554365158081","0.18381662170092264","0.18289010226726532","0.18476761877536774","0.0833812914788723","0.06662608683109283","0.08996469527482986","0.08167169243097305","0.06580605357885361","0.09030982106924057"
"334","0.08708220161497593","0.08248144388198853","0.09009310603141785","0.2950557470321655","0.283577024936676","0.30470383167266846","0.18584579229354858","0.1834251880645752","0.1892191469669342","0.08901522494852543","0.08749674260616302","0.09166792780160904","0.08718977123498917","0.08088956028223038","0.09026194363832474"
"335","0.08522998727858067","0.07996866106987","0.09516634047031403","0.2854176387190819","0.2827969193458557","0.29115092754364014","0.18709560732046762","0.1810859888792038","0.19463753700256348","0.08723662979900837","0.08122847229242325","0.1005994975566864","0.08548721484839916","0.08051509410142899","0.09365040063858032"
"336","0.0939851850271225","0.08100445568561554","0.10333103686571121","0.29463060200214386","0.27500563859939575","0.30953454971313477","0.2024796704451243","0.18626365065574646","0.2182704508304596","0.09610887058079243","0.0861838161945343","0.10290297865867615","0.09451212175190449","0.07973834872245789","0.10554029792547226"
"337","0.09106743708252907","0.0810873880982399","0.1088971197605133","0.2990387976169586","0.286754846572876","0.3235642910003662","0.18987008929252625","0.17484693229198456","0.20427781343460083","0.09284641593694687","0.0803266316652298","0.11104651540517807","0.09143993258476257","0.08275024592876434","0.10946422815322876"
"338","0.09136267378926277","0.0867784172296524","0.09966321289539337","0.3108370155096054","0.2957671880722046","0.3339310884475708","0.19141970574855804","0.18520046770572662","0.2003367841243744","0.09349898807704449","0.08815625309944153","0.10105438530445099","0.09174822643399239","0.08732527494430542","0.10022105276584625"
"339","0.08032867312431335","0.06984542310237885","0.08856293559074402","0.2755518704652786","0.2564324736595154","0.29429224133491516","0.18008793890476227","0.16886745393276215","0.19286267459392548","0.08231831341981888","0.07146844267845154","0.09268595278263092","0.08050821535289288","0.07062385231256485","0.08953341841697693"
"340","0.09107357263565063","0.07905404269695282","0.10705666989088058","0.29377681016921997","0.2777540385723114","0.3130682408809662","0.18706698218981424","0.17101618647575378","0.1977364718914032","0.09281583689153194","0.08268072456121445","0.10655787587165833","0.09153035655617714","0.07778976857662201","0.10859499871730804"
"341","0.08544529601931572","0.07355774939060211","0.09098917245864868","0.29326605796813965","0.27223503589630127","0.3063676655292511","0.1819072663784027","0.16649584472179413","0.19097287952899933","0.08743027597665787","0.07347612082958221","0.0937471091747284","0.08550857193768024","0.07419459521770477","0.09157276153564453"
"342","0.09003355354070663","0.08026936650276184","0.10216929763555527","0.3100920543074608","0.2848258912563324","0.3220319449901581","0.1868078907330831","0.168845534324646","0.20962446928024292","0.09195716865360737","0.08421070873737335","0.10501290112733841","0.09033318981528282","0.07853716611862183","0.10269534587860107"
"343","0.08011328987777233","0.071621373295784","0.08765918016433716","0.2887953072786331","0.2607518136501312","0.3136935830116272","0.1788250207901001","0.16496384143829346","0.18720513582229614","0.0816845316439867","0.07309140264987946","0.09165306389331818","0.08056078478693962","0.07218317687511444","0.08872292935848236"
"344","0.09046471491456032","0.08127030730247498","0.10036221146583557","0.3170730695128441","0.27729150652885437","0.35029667615890503","0.19218185544013977","0.18098974227905273","0.21433496475219727","0.09289224445819855","0.08385753631591797","0.10617122799158096","0.09056969545781612","0.08197720348834991","0.09863574802875519"
"345","0.08809057995676994","0.07699418067932129","0.10101957619190216","0.30267151445150375","0.27298563718795776","0.31592702865600586","0.19112367928028107","0.16495327651500702","0.2156318724155426","0.09038574434816837","0.07701077312231064","0.10352278500795364","0.08816622942686081","0.07755003869533539","0.10145027190446854"
"346","0.0838997382670641","0.06817054748535156","0.09307748824357986","0.27688781172037125","0.2625872492790222","0.28700947761535645","0.18094304203987122","0.16350190341472626","0.19181250035762787","0.08573735505342484","0.07018567621707916","0.09743040800094604","0.08399825170636177","0.06857433170080185","0.09166979789733887"
"347","0.08570005930960178","0.07653316110372543","0.0988052636384964","0.2917223796248436","0.26442864537239075","0.31703636050224304","0.1713373064994812","0.1657000482082367","0.1793350875377655","0.0875979121774435","0.07626397162675858","0.10014466941356659","0.08568181842565536","0.07729772478342056","0.09902448207139969"
"348","0.0834768507629633","0.07381488382816315","0.09238825738430023","0.27820824086666107","0.25514867901802063","0.29798418283462524","0.17304408053557077","0.15705424547195435","0.18711887300014496","0.08572608977556229","0.07335171848535538","0.09532143175601959","0.08362433686852455","0.07476365566253662","0.09326264262199402"
"349","0.08660088293254375","0.07800852507352829","0.09227965772151947","0.291591115295887","0.2722471356391907","0.31400686502456665","0.186870738863945","0.17790287733078003","0.19191892445087433","0.08863847889006138","0.07948070019483566","0.09685157984495163","0.08665912225842476","0.07862426340579987","0.09080895781517029"
"350","0.0916675515472889","0.08279061317443848","0.09875170141458511","0.28824447840452194","0.27091896533966064","0.30709779262542725","0.19110537568728128","0.1858157366514206","0.2013852596282959","0.09352616406977177","0.08416824042797089","0.09840698540210724","0.09197521954774857","0.08317913115024567","0.1003803014755249"
"351","0.09038259275257587","0.08476606011390686","0.10152006149291992","0.29465797543525696","0.2713857889175415","0.32267624139785767","0.19748635093371072","0.18723253905773163","0.21712714433670044","0.09278212301433086","0.08801446855068207","0.10453006625175476","0.09063820354640484","0.08345457911491394","0.10234317183494568"
"352","0.08699590340256691","0.07962153851985931","0.10207736492156982","0.2964479997754097","0.2899053692817688","0.31329143047332764","0.1839583913485209","0.16649015247821808","0.2100503146648407","0.08931715600192547","0.08083370327949524","0.10660448670387268","0.08714899979531765","0.08014517277479172","0.1023799479007721"
"353","0.08819286711513996","0.08310795575380325","0.10021001100540161","0.2992231398820877","0.2733767330646515","0.33691784739494324","0.1900502492984136","0.17946399748325348","0.20964142680168152","0.09004395455121994","0.08475257456302643","0.09968218952417374","0.08854880928993225","0.0836261436343193","0.1017676442861557"
"354","0.08912391401827335","0.08411652594804764","0.09240768849849701","0.2813200131058693","0.2630273103713989","0.2885565161705017","0.17782891790072122","0.16480766236782074","0.19606918096542358","0.09093798324465752","0.08756700903177261","0.09501094371080399","0.08940235339105129","0.08318156749010086","0.0928075760602951"
"355","0.09444719552993774","0.09109506011009216","0.09941640496253967","0.2988176643848419","0.2871802747249603","0.3078172504901886","0.19326820969581604","0.18718382716178894","0.20280620455741882","0.09669766202569008","0.09095177054405212","0.10197658836841583","0.09459628351032734","0.08990863710641861","0.09984301030635834"
"356","0.08421671204268932","0.0778580978512764","0.09384636580944061","0.28774625808000565","0.2786349356174469","0.29831576347351074","0.18290644884109497","0.17200276255607605","0.1933600753545761","0.08618142828345299","0.08114375174045563","0.09626233577728271","0.08441446162760258","0.07650430500507355","0.09413279592990875"
"357","0.0944562777876854","0.08915884047746658","0.10038015246391296","0.2966688796877861","0.28041940927505493","0.30526405572891235","0.1937637229760488","0.18981453776359558","0.1978330910205841","0.09615602158010006","0.0898812860250473","0.10451440513134003","0.09454432874917984","0.08941276371479034","0.09910149872303009"
"358","0.08974753506481647","0.08065555989742279","0.09895060956478119","0.2824038937687874","0.2564840614795685","0.31216755509376526","0.18799796203772226","0.16929477453231812","0.20210924744606018","0.09153444692492485","0.08247119188308716","0.1037951111793518","0.08989100717008114","0.08097164332866669","0.0977245420217514"
"359","0.09302943386137486","0.07871439307928085","0.10808125138282776","0.2792009338736534","0.25290992856025696","0.29296034574508667","0.187085822224617","0.16467095911502838","0.20981252193450928","0.09476079605519772","0.07844474911689758","0.11195601522922516","0.09329512342810631","0.07987673580646515","0.10735175013542175"
"360","0.09760909713804722","0.09287206083536148","0.10790584981441498","0.30872247368097305","0.27828317880630493","0.3368062973022461","0.18552514910697937","0.1838328093290329","0.1870080977678299","0.0993430744856596","0.09510068595409393","0.11023268103599548","0.09794255346059799","0.09144487977027893","0.10880133509635925"
"361","0.08979529701173306","0.0847211629152298","0.10027428716421127","0.2921713814139366","0.28539514541625977","0.29885417222976685","0.18241697053114572","0.17559918761253357","0.19150714576244354","0.09133646078407764","0.08594478666782379","0.10168538987636566","0.09015488252043724","0.0854434072971344","0.10067875683307648"
"362","0.08388050273060799","0.06870805472135544","0.09008879959583282","0.26579952239990234","0.23500090837478638","0.28214603662490845","0.17442122598489126","0.15684950351715088","0.1836288571357727","0.08547143079340458","0.0684640035033226","0.09216371178627014","0.08399339765310287","0.06997016817331314","0.09045802056789398"
"363","0.08156313374638557","0.07318059355020523","0.09710826724767685","0.2679341696202755","0.24575038254261017","0.29201722145080566","0.17215261856714884","0.15744458138942719","0.19504541158676147","0.08322339691221714","0.07301026582717896","0.09957832843065262","0.08192402869462967","0.07354677468538284","0.09785278141498566"
"364","0.09439771808683872","0.08502442389726639","0.10409583151340485","0.2968011274933815","0.2569114565849304","0.32675236463546753","0.1859046866496404","0.1671120673418045","0.20902308821678162","0.09681793302297592","0.08608240634202957","0.1084536463022232","0.09487481974065304","0.086002878844738","0.10330808907747269"
"365","0.08050256222486496","0.07200877368450165","0.08507881313562393","0.2634858563542366","0.24547943472862244","0.27936622500419617","0.17375533282756805","0.16161847114562988","0.18726764619350433","0.08237364888191223","0.07681797444820404","0.08703174442052841","0.08082668669521809","0.07154536247253418","0.08522003144025803"
"366","0.09831331856548786","0.0823989063501358","0.11227067559957504","0.2992401421070099","0.2630203068256378","0.32516369223594666","0.1911675532658895","0.17163610458374023","0.21056842803955078","0.10023960657417774","0.08219985663890839","0.11463028192520142","0.09871522523462772","0.08340983837842941","0.11341749876737595"
"367","0.09329748153686523","0.08543869107961655","0.10185036063194275","0.28293663263320923","0.26411116123199463","0.29929623007774353","0.18819775680700937","0.17234757542610168","0.199790820479393","0.09496022947132587","0.08596672862768173","0.103962242603302","0.09334824047982693","0.08524857461452484","0.10243279486894608"
"368","0.08707371912896633","0.08317800611257553","0.0909651666879654","0.27828218042850494","0.26430344581604004","0.29784587025642395","0.17547749479611716","0.16740424931049347","0.1873747855424881","0.08893858641386032","0.0845319926738739","0.09318807721138","0.08749093301594257","0.08274411410093307","0.09162692725658417"
"369","0.0874044019728899","0.08146379142999649","0.09043741226196289","0.2879812940955162","0.2663014829158783","0.3011675477027893","0.18257565796375275","0.16287757456302643","0.19353394210338593","0.08881091140210629","0.08450967073440552","0.0907369926571846","0.08780504204332829","0.08074203133583069","0.09132532775402069"
"370","0.10422994568943977","0.09336565434932709","0.11435537040233612","0.30897238105535507","0.2860483229160309","0.33173564076423645","0.1952330619096756","0.17653939127922058","0.21555213630199432","0.10564347170293331","0.09640756249427795","0.11416645348072052","0.10431420803070068","0.09239993989467621","0.11529149860143661"
"371","0.0956714041531086","0.08795872330665588","0.10283640027046204","0.29302866756916046","0.2754186689853668","0.30417609214782715","0.1968760242064794","0.1905730813741684","0.20233234763145447","0.09724734351038933","0.08882784843444824","0.10309648513793945","0.0959455855190754","0.08824761211872101","0.10394811630249023"
"372","0.08166460879147053","0.07754182815551758","0.09073816239833832","0.2642853781580925","0.2559983730316162","0.28024235367774963","0.1665883262952169","0.15691198408603668","0.18079163134098053","0.08341472782194614","0.07720153778791428","0.09447241574525833","0.0819509495049715","0.07849979400634766","0.08973424881696701"
"373","0.08108420856297016","0.06830187141895294","0.08867230266332626","0.2766531854867935","0.2545657455921173","0.29773199558258057","0.17056675255298615","0.15089426934719086","0.18082953989505768","0.08253811672329903","0.0715983435511589","0.09058625251054764","0.08137696050107479","0.06731930375099182","0.08908332884311676"
"374","0.08585500530898571","0.07306154817342758","0.09856469929218292","0.27277161180973053","0.2601134181022644","0.28090009093284607","0.16963488856951395","0.15511928498744965","0.18120376765727997","0.08708995766937733","0.07440870255231857","0.09839491546154022","0.08604671433568001","0.07341990619897842","0.09955538064241409"
"375","0.08650925196707249","0.08101925253868103","0.08987833559513092","0.2728358954191208","0.2632966637611389","0.2841166853904724","0.17595855394999185","0.1679283082485199","0.1810402274131775","0.0881634782999754","0.08341027051210403","0.09292690455913544","0.08675295300781727","0.08177557587623596","0.08912119269371033"
"376","0.08612587302923203","0.07933593541383743","0.09122592955827713","0.26363005489110947","0.25908905267715454","0.2690202295780182","0.17417877912521362","0.166867196559906","0.1837385892868042","0.08735154941678047","0.08047010749578476","0.09391772001981735","0.08626039512455463","0.07968807965517044","0.0903567522764206"
"377","0.08937602676451206","0.07774330675601959","0.1026599258184433","0.2888156622648239","0.2679852247238159","0.2996736168861389","0.18183124562104544","0.1723971962928772","0.19035620987415314","0.09116621501743793","0.07901906967163086","0.10258596390485764","0.08944477885961533","0.07798779010772705","0.10324264317750931"
"378","0.08309804648160934","0.07831501960754395","0.08764484524726868","0.2669314816594124","0.253993958234787","0.28411585092544556","0.17528240382671356","0.17241604626178741","0.17921769618988037","0.08423375338315964","0.0803309828042984","0.08814620971679688","0.08314372412860394","0.079075887799263","0.08754576742649078"
"379","0.09476029314100742","0.08449644595384598","0.10554111003875732","0.28355780243873596","0.24878934025764465","0.30735546350479126","0.17774192988872528","0.16411729156970978","0.19847352802753448","0.09646567702293396","0.08593203872442245","0.10921123623847961","0.09488747641444206","0.08486159890890121","0.10444860905408859"
"380","0.09678748808801174","0.08145657181739807","0.10362322628498077","0.28289687633514404","0.26667681336402893","0.31196069717407227","0.19727564851442972","0.1905614584684372","0.20664872229099274","0.09828770160675049","0.082476407289505","0.10427453368902206","0.09714584425091743","0.08180282264947891","0.10489639639854431"
"381","0.09133397229015827","0.08110024034976959","0.1086372584104538","0.29288526624441147","0.26539409160614014","0.32723188400268555","0.19223115344842276","0.1669279932975769","0.21675442159175873","0.09297249838709831","0.08139471709728241","0.11040325462818146","0.09128306433558464","0.08124914020299911","0.10894075036048889"
"382","0.0912806186825037","0.0814797431230545","0.1065685972571373","0.29841041564941406","0.27004140615463257","0.3728635609149933","0.19992815454800925","0.17227444052696228","0.23963028192520142","0.09262521006166935","0.08246251940727234","0.10631595551967621","0.09149321354925632","0.0818101316690445","0.10764117538928986"
"383","0.08436181955039501","0.07914651185274124","0.08767396211624146","0.2671777755022049","0.25945812463760376","0.27822667360305786","0.17218106985092163","0.17003977298736572","0.1736547350883484","0.08554566092789173","0.08010730147361755","0.08766340464353561","0.08451442793011665","0.07942831516265869","0.08842259645462036"
"384","0.08301110006868839","0.0673384815454483","0.09831514209508896","0.26130693405866623","0.23640021681785583","0.29447028040885925","0.17508784433205923","0.15548139810562134","0.19454702734947205","0.08491758815944195","0.06874749809503555","0.10263831913471222","0.08335564471781254","0.06786932796239853","0.0972614735364914"
"385","0.08680561557412148","0.08286816626787186","0.09046594053506851","0.271799772977829","0.2514711916446686","0.2868514060974121","0.17489343881607056","0.16550086438655853","0.18374614417552948","0.08882804028689861","0.08422014117240906","0.09317849576473236","0.08701997436583042","0.08305578678846359","0.09108661115169525"
"386","0.09414532594382763","0.08497076481580734","0.09936855733394623","0.2708730101585388","0.261272668838501","0.28140681982040405","0.1870168149471283","0.18302738666534424","0.19411703944206238","0.09527415595948696","0.08571219444274902","0.10045278817415237","0.09444270469248295","0.08523724973201752","0.09992843121290207"
"387","0.09807164408266544","0.08151358366012573","0.11982733756303787","0.29980386048555374","0.2652433216571808","0.3428932726383209","0.2007060001293818","0.17763538658618927","0.23305988311767578","0.09994294308125973","0.0813274085521698","0.12230487167835236","0.0983919519931078","0.08228559046983719","0.12078721076250076"
"388","0.08846813254058361","0.07542270421981812","0.0995032787322998","0.27957072108983994","0.26033368706703186","0.30485019087791443","0.1845675359169642","0.17340020835399628","0.19826580584049225","0.08962978050112724","0.07641013711690903","0.09915723651647568","0.08868586644530296","0.07596832513809204","0.10036855936050415"
"389","0.09064050391316414","0.06992723792791367","0.10934945195913315","0.27707570791244507","0.25670483708381653","0.3030335307121277","0.1880384236574173","0.16824471950531006","0.2042175680398941","0.09205297566950321","0.0708438828587532","0.11273769289255142","0.09074337035417557","0.07005373388528824","0.10810017585754395"
"390","0.07608405314385891","0.06998606771230698","0.08258605748414993","0.26400595903396606","0.254768043756485","0.27972376346588135","0.16514702141284943","0.15346381068229675","0.1721133291721344","0.07763242349028587","0.07255083322525024","0.08249977231025696","0.0764920674264431","0.06941308081150055","0.08327578753232956"
"391","0.09324719943106174","0.08844463527202606","0.10175615549087524","0.28472908586263657","0.2642075717449188","0.3074478507041931","0.18995354076226553","0.17470824718475342","0.2002309113740921","0.09466784819960594","0.09047473222017288","0.10145944356918335","0.09347562678158283","0.08747244626283646","0.1026185154914856"
"392","0.0894382856786251","0.08091816306114197","0.0992247611284256","0.28238437324762344","0.2719022333621979","0.29344290494918823","0.1811870882908503","0.17046652734279633","0.19215455651283264","0.0910815168172121","0.08288834244012833","0.09904128313064575","0.08963417075574398","0.08152152597904205","0.0998799279332161"
"393","0.08371093310415745","0.0750138908624649","0.1007428914308548","0.26524898409843445","0.24106456339359283","0.29820090532302856","0.17252974212169647","0.1558670550584793","0.19298578798770905","0.08519626408815384","0.07694071531295776","0.10373847186565399","0.08399457298219204","0.07532189041376114","0.0999327227473259"
"394","0.08330217748880386","0.07874312251806259","0.0882662683725357","0.2562529072165489","0.22721004486083984","0.2674717605113983","0.16442498564720154","0.15623828768730164","0.17020118236541748","0.08466358110308647","0.08071283251047134","0.08793973922729492","0.0833561047911644","0.07746189832687378","0.08912226557731628"
"395","0.08182763494551182","0.0745779350399971","0.09286469221115112","0.27238810807466507","0.25847184658050537","0.28413891792297363","0.17045051356156668","0.16495302319526672","0.1811847984790802","0.08298448845744133","0.07432359457015991","0.09446683526039124","0.08200925216078758","0.07512270659208298","0.09338317811489105"
"396","0.09378945082426071","0.08605365455150604","0.11185631155967712","0.2764650508761406","0.25109440088272095","0.31694164872169495","0.18401962021986643","0.16193626821041107","0.2127808928489685","0.09517229907214642","0.08566075563430786","0.114162877202034","0.09405547939240932","0.08676177263259888","0.11267376691102982"
"397","0.08440727181732655","0.07685406506061554","0.0986076220870018","0.2580040507018566","0.2435305118560791","0.27679380774497986","0.16727231939633688","0.15241017937660217","0.18458040058612823","0.08548006974160671","0.07743103057146072","0.10010892897844315","0.08447778783738613","0.07701600342988968","0.09885798394680023"
"398","0.08535056374967098","0.08057883381843567","0.0907634049654007","0.26201923191547394","0.25475791096687317","0.27126768231391907","0.17204745610555014","0.17149555683135986","0.17237704992294312","0.08663931302726269","0.08147059381008148","0.09346824884414673","0.08559275791049004","0.08107151091098785","0.08995651453733444"
"399","0.09062162972986698","0.08490145206451416","0.09525949507951736","0.27397628873586655","0.2709471881389618","0.2765454053878784","0.1824498971303304","0.17896431684494019","0.18527710437774658","0.0919115673750639","0.08590801805257797","0.09685832262039185","0.09087658300995827","0.0855402797460556","0.09558892995119095"
"400","0.07961147092282772","0.07159252464771271","0.08585923910140991","0.2637781873345375","0.2562618851661682","0.26991522312164307","0.16756529609362283","0.16532254219055176","0.1713639199733734","0.0805832352489233","0.07288746535778046","0.08665287494659424","0.07985556870698929","0.0719715803861618","0.08614709228277206"
"401","0.08631911315023899","0.08401139825582504","0.08900916576385498","0.2593059577047825","0.24757598340511322","0.2673748731613159","0.175086110830307","0.1702098250389099","0.17790275812149048","0.08744513429701328","0.08499686419963837","0.09141512215137482","0.08670846559107304","0.08436702191829681","0.08853217214345932"
"402","0.0833827406167984","0.08189217746257782","0.08564935624599457","0.2545864060521126","0.24390879273414612","0.2708979845046997","0.1737791895866394","0.1710914969444275","0.17901360988616943","0.08445599675178528","0.08220454305410385","0.08665196597576141","0.0836152657866478","0.08106090128421783","0.08628091216087341"
"403","0.09313309751451015","0.07517842948436737","0.11603952944278717","0.28104744106531143","0.245995432138443","0.32960134744644165","0.19448689619700113","0.16229067742824554","0.2300109714269638","0.09472884237766266","0.07513073831796646","0.11937510967254639","0.09325233474373817","0.0757388100028038","0.1148860901594162"
"404","0.08426269516348839","0.07971835136413574","0.09500711411237717","0.26822688803076744","0.24927575886249542","0.28631535172462463","0.1697138100862503","0.1597641557455063","0.17548596858978271","0.08544508554041386","0.08022855222225189","0.09608902782201767","0.08435025811195374","0.07824572175741196","0.09553980082273483"
"405","0.0841020867228508","0.07263481616973877","0.0910593643784523","0.27052802592515945","0.2566474676132202","0.2835914194583893","0.1668209582567215","0.15724223852157593","0.17884454131126404","0.08515788614749908","0.07481671869754791","0.09194126725196838","0.08438576571643353","0.07207190990447998","0.09130986034870148"
"406","0.09132222086191177","0.08208680152893066","0.10138028860092163","0.28625719249248505","0.28131550550460815","0.2983233630657196","0.184389000137647","0.17982518672943115","0.19187195599079132","0.09292898513376713","0.08553925156593323","0.10102488100528717","0.09174014441668987","0.08166089653968811","0.10222826153039932"
"407","0.08199398964643478","0.07552371919155121","0.09307052195072174","0.26703713089227676","0.2616559863090515","0.27234500646591187","0.17352288464705148","0.17082664370536804","0.1778721660375595","0.0834294781088829","0.07685999572277069","0.09532596915960312","0.082136619836092","0.07588985562324524","0.09215954691171646"
"408","0.08707326464354992","0.06989015638828278","0.10155486315488815","0.26511193811893463","0.22806113958358765","0.29979562759399414","0.1728223611911138","0.14551377296447754","0.1935540735721588","0.08814867958426476","0.07149740308523178","0.10374819487333298","0.08727617934346199","0.07041754573583603","0.10047193616628647"
"409","0.08396012708544731","0.07596656680107117","0.08999965339899063","0.25127819925546646","0.23397329449653625","0.2701265513896942","0.16355079412460327","0.1549631953239441","0.1679513305425644","0.08523553609848022","0.07588186860084534","0.09101878106594086","0.0841943547129631","0.07690078765153885","0.0903446227312088"
"410","0.08934375084936619","0.07920204102993011","0.09582610428333282","0.27415066957473755","0.25483396649360657","0.2922269105911255","0.17284570634365082","0.15937070548534393","0.18554788827896118","0.09040280804038048","0.07907620072364807","0.09742400050163269","0.08955074474215508","0.07993268966674805","0.09608452022075653"
"411","0.09920798055827618","0.09069762378931046","0.11666213721036911","0.29433275759220123","0.27475500106811523","0.3353922963142395","0.19334764778614044","0.18091467022895813","0.21753428876399994","0.10052098147571087","0.09089429676532745","0.11993896961212158","0.09930074401199818","0.09081842005252838","0.1160123199224472"
"412","0.08583305589854717","0.07294332981109619","0.09356597065925598","0.26757286489009857","0.24149379134178162","0.2849045991897583","0.1755851705869039","0.1583775281906128","0.1888110339641571","0.08710847981274128","0.07418165355920792","0.09468750655651093","0.08597414381802082","0.07333037257194519","0.09395407140254974"
"413","0.08371420577168465","0.07961539924144745","0.08823151886463165","0.26575764268636703","0.25006231665611267","0.29048848152160645","0.17593623201052347","0.1682192087173462","0.189922496676445","0.08493232727050781","0.07955896854400635","0.09022343158721924","0.08396955020725727","0.07952737808227539","0.088884636759758"
"414","0.09035494364798069","0.08510012924671173","0.09318576753139496","0.2708037421107292","0.2644101083278656","0.2781051993370056","0.17843155562877655","0.17599548399448395","0.17976120114326477","0.09139890968799591","0.08576628565788269","0.0959579199552536","0.09046636894345284","0.08536265790462494","0.09257970750331879"
"415","0.09142612665891647","0.08023297786712646","0.10126866400241852","0.28176475316286087","0.2669687569141388","0.28896182775497437","0.18075302243232727","0.16827015578746796","0.19560450315475464","0.09272035770118237","0.08302982151508331","0.10306724160909653","0.09174817427992821","0.07981078326702118","0.10188169777393341"
"416","0.08770508505403996","0.08539959788322449","0.09011260420084","0.26548298820853233","0.2462252527475357","0.27822354435920715","0.174347385764122","0.16446982324123383","0.1806272268295288","0.08915716595947742","0.08660894632339478","0.09231007844209671","0.08806551806628704","0.08503343909978867","0.09082575142383575"
"417","0.08610486425459385","0.07685917615890503","0.10029586404561996","0.2654447555541992","0.24611231684684753","0.29270148277282715","0.17104732990264893","0.15536895394325256","0.19242435693740845","0.0870465449988842","0.07657324522733688","0.10264060646295547","0.08617980219423771","0.07762832194566727","0.09935323894023895"
"418","0.08170117624104023","0.07427982240915298","0.08773218840360641","0.2598751112818718","0.2529177665710449","0.27078911662101746","0.16529297331968942","0.1495930701494217","0.17624175548553467","0.08261174149811268","0.07626733928918839","0.08896351605653763","0.08193649724125862","0.07356087863445282","0.08823573589324951"
"419","0.09228111431002617","0.08629123121500015","0.10550136864185333","0.26858697086572647","0.2547323703765869","0.2954614460468292","0.17873852451642355","0.16440941393375397","0.19880793988704681","0.09293617866933346","0.08710309118032455","0.10499732941389084","0.09257714822888374","0.08642859756946564","0.10620549321174622"
"420","0.08413853496313095","0.06928692013025284","0.0941833108663559","0.25810372456908226","0.23173339664936066","0.27363479137420654","0.1670827865600586","0.15151067078113556","0.1795099377632141","0.08506230637431145","0.07103583216667175","0.0940888449549675","0.08438541926443577","0.06902846693992615","0.09488334506750107"
"421","0.08510932698845863","0.073900006711483","0.09524191915988922","0.2593539319932461","0.23970384895801544","0.27486708760261536","0.16916368901729584","0.14668942987918854","0.1830449402332306","0.0862000621855259","0.075092613697052","0.09492871165275574","0.08536891639232635","0.0744161605834961","0.09597901254892349"
"423","0.08958536945283413","0.08101620525121689","0.09603406488895416","0.26603400334715843","0.24816830456256866","0.27659663558006287","0.18825497229894003","0.17733970284461975","0.19459225237369537","0.09093024209141731","0.08179338276386261","0.09626568108797073","0.08970723859965801","0.0813903659582138","0.09681447595357895"
"424","0.09280153550207615","0.0870085284113884","0.10229052603244781","0.2671775035560131","0.2485007494688034","0.29243892431259155","0.17802521586418152","0.17104770243167877","0.19052833318710327","0.09397240541875362","0.08811888098716736","0.1036611869931221","0.09299292601644993","0.0861826092004776","0.1028289794921875"
"425","0.0903357956558466","0.07541101425886154","0.11113308370113373","0.2649708725512028","0.22838668525218964","0.313738077878952","0.16836976011594137","0.15749484300613403","0.1868993490934372","0.09133823402225971","0.07524098455905914","0.11157094687223434","0.09060505591332912","0.0759490579366684","0.11130397021770477"
"426","0.08472343720495701","0.07346542924642563","0.09306439757347107","0.254696611315012","0.24177950620651245","0.26675644516944885","0.17568656305472055","0.1624269187450409","0.18296046555042267","0.08566680364310741","0.07436413317918777","0.09480734169483185","0.08503609895706177","0.07381394505500793","0.09262168407440186"
"427","0.08554718643426895","0.07508956640958786","0.09680153429508209","0.27006737515330315","0.24574165046215057","0.31032484769821167","0.1764693260192871","0.1546262800693512","0.19230014085769653","0.08649958297610283","0.07701338827610016","0.09824889898300171","0.08576356805860996","0.07432564347982407","0.09709444642066956"
"428","0.09226291626691818","0.0772775337100029","0.10871104896068573","0.27476733922958374","0.2523180842399597","0.32337686419487","0.1877665917078654","0.16988691687583923","0.21425317227840424","0.09307335875928402","0.07798396050930023","0.10835562646389008","0.09239359386265278","0.07771860063076019","0.10944580286741257"
"429","0.08593280240893364","0.08200466632843018","0.09117402136325836","0.2565370947122574","0.24357223510742188","0.26880016922950745","0.17326446870962778","0.16736969351768494","0.17803892493247986","0.08704717271029949","0.0831240564584732","0.09107453376054764","0.08602091483771801","0.08227189630270004","0.09163518995046616"
"430","0.09259522147476673","0.08537610620260239","0.10557706654071808","0.2775784805417061","0.25410157442092896","0.3037850558757782","0.19287610550721487","0.18094931542873383","0.20830583572387695","0.0937079805880785","0.08614572882652283","0.10539676994085312","0.09293708577752113","0.08554801344871521","0.10653355717658997"
"431","0.08320209570229053","0.07244769483804703","0.09912201762199402","0.25349900498986244","0.2408631294965744","0.2726036310195923","0.1649857461452484","0.15149012207984924","0.18650467693805695","0.08412112109363079","0.07419190555810928","0.09895680844783783","0.08350386656820774","0.07201428711414337","0.0999273881316185"
"432","0.08973807841539383","0.08155453950166702","0.09801945835351944","0.2601476199924946","0.23692552745342255","0.27187180519104004","0.17282387614250183","0.15924496948719025","0.18013396859169006","0.0907716304063797","0.08246001601219177","0.09893466532230377","0.08988329954445362","0.08127421140670776","0.09859815984964371"
"433","0.08761186338961124","0.07471378147602081","0.09908487647771835","0.26290861889719963","0.2475554496049881","0.29097604751586914","0.17874267200628915","0.16896501183509827","0.19515034556388855","0.08865551091730595","0.07543208450078964","0.1010407879948616","0.08772779256105423","0.07507722079753876","0.09950241446495056"
"434","0.09413980133831501","0.08994825184345245","0.10356474667787552","0.26191607117652893","0.24704164266586304","0.28689730167388916","0.1757789651552836","0.17193351686000824","0.18010182678699493","0.09520700573921204","0.08972887694835663","0.10469964146614075","0.09428753890097141","0.09024566411972046","0.10400914400815964"
"435","0.0900002010166645","0.08732223510742188","0.09369917213916779","0.26189495623111725","0.2465817630290985","0.270160973072052","0.1703876554965973","0.1675938069820404","0.17577068507671356","0.09113048762083054","0.0888194590806961","0.09455788135528564","0.0901455320417881","0.08765853196382523","0.09396728873252869"
"436","0.08530150540173054","0.0816057026386261","0.09232126176357269","0.2503995709121227","0.24000129103660583","0.2692529261112213","0.1670892039934794","0.1610063761472702","0.1768193542957306","0.08615061081945896","0.08205355703830719","0.09209153056144714","0.08539769798517227","0.08180060237646103","0.09282876551151276"
"437","0.07765321806073189","0.06611944735050201","0.08308376371860504","0.22756526991724968","0.2120879888534546","0.24145208299160004","0.1652658482392629","0.16030067205429077","0.16986072063446045","0.07858044654130936","0.06689677387475967","0.08523166924715042","0.07779396884143353","0.0662943422794342","0.08288627862930298"
"438","0.08444410935044289","0.07138781994581223","0.08952249586582184","0.2651168406009674","0.22925004363059998","0.2865276336669922","0.17507486045360565","0.15688163042068481","0.1895107477903366","0.08538334257900715","0.07269817590713501","0.09040181338787079","0.084580784663558","0.07179807126522064","0.09003545343875885"
"439","0.09271021001040936","0.08998126536607742","0.09536738693714142","0.27075620740652084","0.26478371024131775","0.27938389778137207","0.17949464420477548","0.17494474351406097","0.18261782824993134","0.093930309638381","0.08970456570386887","0.09814441204071045","0.09278333373367786","0.0906321108341217","0.09425137937068939"
"440","0.08867033943533897","0.08294323086738586","0.10061738640069962","0.2588080018758774","0.23833408951759338","0.28412890434265137","0.17681646347045898","0.16221432387828827","0.19588324427604675","0.08983549475669861","0.08262042701244354","0.10321654379367828","0.08881658874452114","0.08334966003894806","0.10041563957929611"
"441","0.08898400887846947","0.08530586957931519","0.09417689591646194","0.2535054609179497","0.2388451099395752","0.2742190361022949","0.1698688119649887","0.16477592289447784","0.17464174330234528","0.08997254446148872","0.08707369863986969","0.09510445594787598","0.08917963318526745","0.08448752015829086","0.09476274251937866"
"442","0.08513293974101543","0.07715792953968048","0.09643886238336563","0.25549839437007904","0.2418263852596283","0.26865822076797485","0.16261978447437286","0.156192809343338","0.17250822484493256","0.08582991175353527","0.07876411825418472","0.09744513779878616","0.08533508703112602","0.07664988934993744","0.09692573547363281"
"443","0.08246315643191338","0.07224085181951523","0.0958276316523552","0.2529120184481144","0.2276030033826828","0.28313565254211426","0.17890886465708414","0.16176661849021912","0.19544345140457153","0.08344763703644276","0.0730089470744133","0.09726603329181671","0.08262389898300171","0.07251643389463425","0.09656435996294022"
"444","0.08739313669502735","0.07908949255943298","0.10193907469511032","0.26095127686858177","0.24984993040561676","0.28951790928840637","0.17364837725957236","0.1614837944507599","0.19384989142417908","0.08834647759795189","0.08028614521026611","0.10422428697347641","0.08758766390383244","0.0796075314283371","0.10116560757160187"
"445","0.08788287453353405","0.07768823206424713","0.1043432280421257","0.2647872008383274","0.2449841946363449","0.30600595474243164","0.1798069179058075","0.1569148600101471","0.20647893846035004","0.08927450701594353","0.07845668494701385","0.10757496953010559","0.08825407736003399","0.07829652726650238","0.10384070128202438"
"446","0.07922633364796638","0.07402230054140091","0.08358023315668106","0.2485126405954361","0.24203771352767944","0.25324687361717224","0.16196597119172415","0.15693944692611694","0.16609877347946167","0.08000976033508778","0.07476729154586792","0.08455626666545868","0.079314349219203","0.074118971824646","0.08381544798612595"
"447","0.08508779108524323","0.0770476758480072","0.10220056027173996","0.24761928245425224","0.23545677959918976","0.274142324924469","0.17038578788439432","0.1568104326725006","0.19078293442726135","0.08613020367920399","0.0783923864364624","0.10451949387788773","0.08521871641278267","0.07777825742959976","0.10129261016845703"
"448","0.09252306260168552","0.08546286821365356","0.10251602530479431","0.2715119421482086","0.2660812735557556","0.277387797832489","0.1793945332368215","0.1726423054933548","0.18650369346141815","0.09344970248639584","0.08650898188352585","0.10413165390491486","0.092671575024724","0.08579234778881073","0.10197588801383972"
"449","0.08592412807047367","0.0831095352768898","0.08881445229053497","0.2536129578948021","0.23323392868041992","0.26775407791137695","0.16286063690980276","0.16114115715026855","0.1657050997018814","0.08666765131056309","0.0840252935886383","0.08851450681686401","0.08619090169668198","0.08345045149326324","0.08944705128669739"
"450","0.07918202504515648","0.06956196576356888","0.08513284474611282","0.23309354484081268","0.21734100580215454","0.2448587864637375","0.16110789279143015","0.15581737458705902","0.16442608833312988","0.07988924905657768","0.07029909640550613","0.08565375953912735","0.07946524396538734","0.06986736506223679","0.08570387214422226"
"451","0.08970938064157963","0.07741428911685944","0.11263658851385117","0.2626054733991623","0.2434922307729721","0.30037882924079895","0.17457815011342367","0.17014378309249878","0.17853958904743195","0.0907936654984951","0.07700085639953613","0.1139584332704544","0.08972765319049358","0.0776730328798294","0.11325820535421371"
"452","0.0892845094203949","0.08254503458738327","0.0964043140411377","0.2682647332549095","0.2564350962638855","0.28213152289390564","0.1771440158287684","0.16987483203411102","0.1877904236316681","0.09027042984962463","0.08378224074840546","0.0981886237859726","0.08962164260447025","0.08224040269851685","0.09692881256341934"
"453","0.0892472118139267","0.07982083410024643","0.10559765249490738","0.25616903603076935","0.23683348298072815","0.2959851324558258","0.17935022711753845","0.1621614396572113","0.20370164513587952","0.09024101682007313","0.08127692341804504","0.10710787028074265","0.08943071402609348","0.0790918618440628","0.10619223117828369"
"454","0.08064477704465389","0.07781779021024704","0.08348742127418518","0.2444988675415516","0.2379101812839508","0.2514919638633728","0.15778466562430063","0.14960220456123352","0.16483891010284424","0.0814325287938118","0.0786149650812149","0.08510378003120422","0.08083613961935043","0.07806208729743958","0.0829889103770256"
"455","0.09198210947215557","0.08285491168498993","0.10076508671045303","0.2616937384009361","0.24880245327949524","0.2917337417602539","0.17897782226403555","0.16410544514656067","0.19397445023059845","0.09299340285360813","0.08469054102897644","0.10065586119890213","0.09218453988432884","0.08258844166994095","0.10112547874450684"
"456","0.09031578525900841","0.086654894053936","0.093595489859581","0.25353070348501205","0.24808427691459656","0.2570580244064331","0.17175215979417166","0.16692380607128143","0.1774211823940277","0.09126907400786877","0.08755523711442947","0.09499162435531616","0.0905111376196146","0.0871286615729332","0.09410195052623749"
"457","0.08877838961780071","0.07589486241340637","0.10646828263998032","0.27428344637155533","0.26076197624206543","0.3070492446422577","0.18252835174401602","0.16586653888225555","0.2030417025089264","0.09003777615725994","0.07698220759630203","0.10898692905902863","0.089053925126791","0.07641424238681793","0.10602659732103348"
"458","0.09077384322881699","0.07762710005044937","0.1128728836774826","0.25384459644556046","0.2238152027130127","0.28534895181655884","0.17489491403102875","0.15345969796180725","0.20907819271087646","0.0918115209788084","0.07749451696872711","0.11473897099494934","0.09104744903743267","0.07813504338264465","0.11220167577266693"
"459","0.08559163101017475","0.07664956152439117","0.0938870906829834","0.2598078325390816","0.2261771261692047","0.29207274317741394","0.16698119541009268","0.15433144569396973","0.17366208136081696","0.08650397695600986","0.07744816690683365","0.0952000692486763","0.08591519482433796","0.07706521451473236","0.09455067664384842"
"460","0.09242545627057552","0.08914663642644882","0.09565025568008423","0.2700570821762085","0.2560807764530182","0.2837907671928406","0.1872848023970922","0.18350405991077423","0.19180728495121002","0.0934713575989008","0.09137999266386032","0.09548787027597427","0.09261262603104115","0.08864698559045792","0.09596163779497147"
"461","0.08359433710575104","0.07856544852256775","0.09483852982521057","0.26118113473057747","0.24085725843906403","0.2899945378303528","0.17740103602409363","0.15907138586044312","0.19900071620941162","0.0847751796245575","0.07838179916143417","0.09738260507583618","0.08372121676802635","0.07904167473316193","0.09441491961479187"
"462","0.08625007048249245","0.07976438105106354","0.09250679612159729","0.2613198570907116","0.24535156786441803","0.2786944508552551","0.1726074069738388","0.16567841172218323","0.18424880504608154","0.08725439012050629","0.07967663556337357","0.0939330905675888","0.08641903847455978","0.08009833842515945","0.09301517903804779"
"463","0.09971142746508121","0.08846098929643631","0.10727088153362274","0.2743079736828804","0.2544548511505127","0.29637476801872253","0.19302061200141907","0.1778373122215271","0.21336418390274048","0.10117099434137344","0.08839906752109528","0.11029046028852463","0.09988009370863438","0.08883467316627502","0.10642926394939423"
"464","0.09130222722887993","0.07806723564863205","0.10808613896369934","0.2605338804423809","0.24089272320270538","0.2821171283721924","0.18465104699134827","0.16847971081733704","0.19777119159698486","0.09213417023420334","0.07867393642663956","0.10994070768356323","0.09141083806753159","0.07821586728096008","0.10750776529312134"
"465","0.08819789998233318","0.08449991047382355","0.09457863122224808","0.26144953444600105","0.2455117553472519","0.2867191731929779","0.17299925287564596","0.1647149622440338","0.18732714653015137","0.08923213370144367","0.0841878354549408","0.09513026475906372","0.08828577399253845","0.08486652374267578","0.09465087950229645"
"466","0.08877709694206715","0.07695840299129486","0.09676811099052429","0.25600529462099075","0.22934448719024658","0.279202938079834","0.1751669297615687","0.15310576558113098","0.18952274322509766","0.08996327593922615","0.07826033234596252","0.09931707382202148","0.089084068313241","0.07751433551311493","0.09638042747974396"
"467","0.0933358259499073","0.07483156770467758","0.11865940690040588","0.2620530389249325","0.23591285943984985","0.3090553879737854","0.18362661202748617","0.1540694534778595","0.21828973293304443","0.09443173743784428","0.07461893558502197","0.12102347612380981","0.09365135245025158","0.07534749060869217","0.11826501786708832"
"468","0.07865769788622856","0.06567412614822388","0.08645284175872803","0.24752262607216835","0.23074981570243835","0.25788670778274536","0.15372391045093536","0.1415916383266449","0.16817457973957062","0.0794996190816164","0.06665734946727753","0.08638644963502884","0.07879545167088509","0.0659039095044136","0.08695834130048752"
"469","0.08553907088935375","0.07794400304555893","0.09756208211183548","0.24297625198960304","0.23407921195030212","0.25411999225616455","0.166857381661733","0.15672984719276428","0.1755172312259674","0.0862810593098402","0.07903973013162613","0.09850944578647614","0.08556972071528435","0.07740426808595657","0.09750019013881683"
"470","0.07976888865232468","0.07296928018331528","0.08984451740980148","0.24222741648554802","0.23164242506027222","0.25730597972869873","0.1661994755268097","0.15871623158454895","0.17894649505615234","0.08057058975100517","0.07280723005533218","0.0914437547326088","0.07994246110320091","0.07317148149013519","0.08951236307621002"
"471","0.0912676714360714","0.07774147391319275","0.09641222655773163","0.2715151086449623","0.24935808777809143","0.27926716208457947","0.17917418976624808","0.1573793888092041","0.19034259021282196","0.092836057767272","0.0775730311870575","0.09817919135093689","0.09168483689427376","0.07839659601449966","0.09728586673736572"
"472","0.08570684492588043","0.06963760405778885","0.10383110493421555","0.2542903572320938","0.2161060869693756","0.3056814968585968","0.16679209967454275","0.1463155448436737","0.19804008305072784","0.0867104921489954","0.07069317251443863","0.10323591530323029","0.08613485656678677","0.07006780803203583","0.10437721759080887"
"473","0.08003466576337814","0.07740355283021927","0.08131131529808044","0.2440979741513729","0.23217123746871948","0.2566639482975006","0.16659059623877207","0.16213254630565643","0.17080484330654144","0.08128204941749573","0.07903008162975311","0.0834783986210823","0.08054326102137566","0.07835640013217926","0.08193206042051315"
"474","0.08457163535058498","0.07991050183773041","0.08980304002761841","0.2500563785433769","0.2408936321735382","0.2628239393234253","0.17230248947938284","0.16476450860500336","0.18125158548355103","0.08591782115399837","0.08165830373764038","0.09200657159090042","0.08500590547919273","0.0806315541267395","0.09090467542409897"
"475","0.07931687496602535","0.07476312667131424","0.08570938557386398","0.23202015087008476","0.21718691289424896","0.24917981028556824","0.15957936644554138","0.15335959196090698","0.17112678289413452","0.08055218495428562","0.0771440789103508","0.0871642678976059","0.07964773662388325","0.07436828315258026","0.08642785996198654"
"476","0.08868239633738995","0.077201247215271","0.09713052213191986","0.24982638284564018","0.23092733323574066","0.27069395780563354","0.1811262865861257","0.16474421322345734","0.1933983564376831","0.08994678780436516","0.0785866305232048","0.0993914008140564","0.08905564993619919","0.07765446603298187","0.09812406450510025"
"477","0.08108141273260117","0.07668650895357132","0.08595886826515198","0.24186328426003456","0.2292931079864502","0.25316518545150757","0.16329716642697653","0.15585337579250336","0.16720673441886902","0.08231641352176666","0.0783863514661789","0.08628971874713898","0.08146963454782963","0.0762762799859047","0.08659116923809052"
"478","0.08414873108267784","0.06916410475969315","0.09625576436519623","0.2598470710217953","0.21803228557109833","0.2913457751274109","0.17359130084514618","0.14128495752811432","0.1984303593635559","0.08544768393039703","0.07066065073013306","0.09569834172725677","0.08461819216609001","0.06989161670207977","0.0970606580376625"
"479","0.09007509425282478","0.08067962527275085","0.09518728405237198","0.2685592882335186","0.24671797454357147","0.28266477584838867","0.18623020748297373","0.17800135910511017","0.19433319568634033","0.09147040732204914","0.0817480981349945","0.09675136208534241","0.09041957184672356","0.08119939267635345","0.09613240510225296"
"480","0.08693154156208038","0.07670827209949493","0.09663483500480652","0.23379100114107132","0.2277197241783142","0.24542801082134247","0.1675981879234314","0.15594923496246338","0.17839950323104858","0.0882387962192297","0.07892075181007385","0.0986538678407669","0.08727418258786201","0.07587256282567978","0.09730923920869827"
"481","0.07920476235449314","0.06573855876922607","0.08624809980392456","0.24376455321907997","0.213385209441185","0.2747504413127899","0.15894766648610434","0.1405450403690338","0.17513515055179596","0.08021816238760948","0.067457415163517","0.0875067487359047","0.07960897497832775","0.06534737348556519","0.08682459592819214"
"482","0.08341347239911556","0.07188847661018372","0.09997741878032684","0.2551146671175957","0.23667049407958984","0.2943664789199829","0.15785998106002808","0.15107202529907227","0.1637638509273529","0.08471411280333996","0.07399032264947891","0.10196281969547272","0.08388021029531956","0.07151539623737335","0.10057128220796585"
"483","0.08698677271604538","0.08143127709627151","0.09418576955795288","0.24399037659168243","0.23522326350212097","0.2598654627799988","0.17138912777105966","0.16046003997325897","0.1820756047964096","0.08824757486581802","0.08285857737064362","0.09606197476387024","0.087380925193429","0.08177788555622101","0.09504202008247375"
"484","0.08680067211389542","0.08284468948841095","0.08903973549604416","0.2551473453640938","0.24520355463027954","0.2652440071105957","0.18657956024010977","0.18249286711215973","0.19324059784412384","0.08827205002307892","0.08411478996276855","0.09220145642757416","0.08713689632713795","0.0831160843372345","0.08850684762001038"
"485","0.08720926754176617","0.0790712982416153","0.09739886969327927","0.23899536207318306","0.21792712807655334","0.2509443163871765","0.17246983448664346","0.16580002009868622","0.1825721263885498","0.08824454247951508","0.08006357401609421","0.09706217795610428","0.08748670481145382","0.07957176864147186","0.09808459132909775"
"486","0.08289203606545925","0.07348596304655075","0.09962859749794006","0.2466544732451439","0.22523587942123413","0.278451144695282","0.1698416918516159","0.15706324577331543","0.19457370042800903","0.08388379588723183","0.07316143810749054","0.10162419825792313","0.08303072676062584","0.07388873398303986","0.09901107847690582"
"487","0.08704646117985249","0.07351702451705933","0.09932341426610947","0.25306468084454536","0.23869945108890533","0.2667382061481476","0.16868346432844797","0.15627369284629822","0.18500062823295593","0.08846236579120159","0.07538096606731415","0.10165728628635406","0.08740253746509552","0.07427006959915161","0.0990263968706131"
"488","0.08928454294800758","0.08577658981084824","0.09672927856445312","0.25832873582839966","0.24772503972053528","0.26675671339035034","0.1771385222673416","0.17292985320091248","0.1829494684934616","0.09067457355558872","0.0872553139925003","0.09642605483531952","0.0896651167422533","0.08504888415336609","0.09746486693620682"
"489","0.08888405933976173","0.07845418900251389","0.10047992318868637","0.24809132888913155","0.22144699096679688","0.2668404281139374","0.16836648186047873","0.1531224101781845","0.18244600296020508","0.09002485871315002","0.07977232336997986","0.10020823031663895","0.08926163241267204","0.0790347158908844","0.10114826261997223"
"490","0.09673530235886574","0.09181807935237885","0.101718008518219","0.2704687938094139","0.25673359632492065","0.28541722893714905","0.18788042664527893","0.18244144320487976","0.1975589096546173","0.09819725714623928","0.0943668782711029","0.10310390591621399","0.0973072499036789","0.09181524813175201","0.10240528732538223"
"491","0.08220675587654114","0.07504358142614365","0.0887305960059166","0.2248193696141243","0.21905776858329773","0.23123952746391296","0.15773867070674896","0.14712943136692047","0.16410042345523834","0.08323778957128525","0.07478656619787216","0.0898294597864151","0.08236700855195522","0.07567502558231354","0.08887192606925964"
"492","0.0933307483792305","0.08205632120370865","0.10945473611354828","0.2657090425491333","0.23686683177947998","0.3235314190387726","0.1906056453784307","0.17172248661518097","0.2180706262588501","0.09442385844886303","0.08330241590738297","0.10897372663021088","0.09343372844159603","0.08255648612976074","0.10999318212270737"
"493","0.08313746936619282","0.07043662667274475","0.0995493084192276","0.24509523436427116","0.22950759530067444","0.262056827545166","0.17408689856529236","0.153050035238266","0.18609987199306488","0.0843411237001419","0.07181300222873688","0.09926684200763702","0.08341125771403313","0.07108304649591446","0.10006775707006454"
"494","0.08210276067256927","0.07250106334686279","0.09884925186634064","0.2343253158032894","0.2176186591386795","0.25566565990448","0.16506695250670114","0.15366987884044647","0.18216125667095184","0.0833742581307888","0.07459763437509537","0.10106679052114487","0.0824938714504242","0.07182758301496506","0.09972931444644928"
"495","0.08108016289770603","0.06954507529735565","0.09247598797082901","0.24343888461589813","0.22370155155658722","0.25417450070381165","0.1644866168498993","0.14735278487205505","0.1750132143497467","0.08222596906125546","0.07079734653234482","0.09457551687955856","0.08139639161527157","0.06996060907840729","0.09200353920459747"
"496","0.0900152176618576","0.08238018304109573","0.09385637938976288","0.2548978552222252","0.24382224678993225","0.2740533947944641","0.1759069859981537","0.16596321761608124","0.18592041730880737","0.09122024849057198","0.08219248056411743","0.09613963961601257","0.09035584330558777","0.08308755606412888","0.09327853471040726"
"497","0.08844137191772461","0.07963438332080841","0.09872545301914215","0.2578624114394188","0.2435092031955719","0.2781424820423126","0.18539958198865256","0.16431954503059387","0.20039813220500946","0.08976904302835464","0.08150500059127808","0.0982850193977356","0.08879896625876427","0.08029162883758545","0.09941940009593964"
"498","0.08583281189203262","0.07408078014850616","0.10249175131320953","0.24979030340909958","0.22953616082668304","0.2691482901573181","0.17921425898869833","0.16126324236392975","0.1908627450466156","0.0871638897806406","0.07531267404556274","0.1020548865199089","0.0862926933914423","0.0746707022190094","0.10341749340295792"
"499","0.07489676773548126","0.06808695197105408","0.08199489116668701","0.23246635496616364","0.2195388227701187","0.24293829500675201","0.15527048210302988","0.143844336271286","0.16976575553417206","0.07591710984706879","0.06904225796461105","0.08310854434967041","0.07513781636953354","0.06858883798122406","0.0823536217212677"
"500","0.08775726892054081","0.08072783797979355","0.09460102021694183","0.25784865766763687","0.2424750030040741","0.2827225625514984","0.17676432927449545","0.1679370254278183","0.188138946890831","0.08901525288820267","0.08289968967437744","0.09410510957241058","0.08838321454823017","0.08208592236042023","0.09538021683692932"
"501","0.09204045869410038","0.08078834414482117","0.10557549446821213","0.2626626491546631","0.24209517240524292","0.28684213757514954","0.1812252253293991","0.1606070101261139","0.19711712002754211","0.0932801142334938","0.08058318495750427","0.10820455849170685","0.09229146502912045","0.08149230480194092","0.10486605763435364"
"502","0.08257067389786243","0.06938514113426208","0.08865736424922943","0.24541416764259338","0.21536637842655182","0.27990078926086426","0.1681316246589025","0.14706507325172424","0.18953408300876617","0.08380099199712276","0.07092982530593872","0.09075663238763809","0.0830457005649805","0.06915003061294556","0.08920764178037643"
"503","0.09030247665941715","0.08693008124828339","0.09312962740659714","0.2484975941479206","0.24628786742687225","0.2499091476202011","0.18041596313317618","0.17509819567203522","0.18518957495689392","0.09141009487211704","0.0890931710600853","0.0947435200214386","0.09070394933223724","0.08658862113952637","0.09394871443510056"
"504","0.0915768351405859","0.08497662842273712","0.10310418903827667","0.24644649773836136","0.23867157101631165","0.26626601815223694","0.1794214298327764","0.1712302267551422","0.19459669291973114","0.09278129041194916","0.08691301941871643","0.10502439737319946","0.0921875461935997","0.08488183468580246","0.10415171831846237"
"505","0.08471952937543392","0.07848724722862244","0.09145687520503998","0.24672941863536835","0.23874351382255554","0.25315937399864197","0.1716486463944117","0.16143929958343506","0.1799057275056839","0.08580266498029232","0.07991311699151993","0.09134826064109802","0.08496715500950813","0.07902373373508453","0.09214286506175995"
"506","0.08627906814217567","0.07929538190364838","0.09127479046583176","0.24280115962028503","0.22932040691375732","0.25928619503974915","0.1716975619395574","0.1635485738515854","0.17720068991184235","0.087475860491395","0.08044517785310745","0.09310298413038254","0.08668368123471737","0.07974223792552948","0.0922134593129158"
"507","0.08150378614664078","0.07235459983348846","0.09298833459615707","0.24509919434785843","0.22612489759922028","0.2571198642253876","0.17524690429369608","0.16617436707019806","0.18158042430877686","0.08266423270106316","0.07351858168840408","0.0952855572104454","0.08196149207651615","0.07269030809402466","0.09272029995918274"
"508","0.08556359447538853","0.08242529630661011","0.08927231281995773","0.23926319926977158","0.22606316208839417","0.25222048163414","0.1597877045472463","0.1523958444595337","0.16440096497535706","0.08670759201049805","0.08256388455629349","0.09067430347204208","0.0858821514993906","0.08298039436340332","0.08999315649271011"
"509","0.08861708082258701","0.07368969172239304","0.09668774157762527","0.24884045496582985","0.2432543784379959","0.2539990544319153","0.17136789361635843","0.16183096170425415","0.1779407262802124","0.0899687185883522","0.07537348568439484","0.09849001467227936","0.08908722549676895","0.07447171956300735","0.09741073846817017"
"510","0.08706669881939888","0.06829485297203064","0.10239195823669434","0.2446659877896309","0.21853438019752502","0.28117620944976807","0.16497581203778586","0.14142271876335144","0.19429561495780945","0.0879187174141407","0.06930296123027802","0.10204687714576721","0.08741962164640427","0.06774662435054779","0.10323572158813477"
"511","0.08552067540585995","0.08212816715240479","0.08975101262331009","0.2410416081547737","0.22980985045433044","0.2579015791416168","0.1700117439031601","0.16245798766613007","0.18155062198638916","0.08654417842626572","0.08387492597103119","0.08938618749380112","0.08591197058558464","0.08181817829608917","0.0905102789402008"
"512","0.07901979424059391","0.062234193086624146","0.10046182572841644","0.22992783412337303","0.21049019694328308","0.27048349380493164","0.16533894340197244","0.13434678316116333","0.19754284620285034","0.08002687245607376","0.0633116066455841","0.10022575408220291","0.07928631082177162","0.06271429359912872","0.10126670449972153"
"513","0.08681206032633781","0.0760231614112854","0.09808621555566788","0.24596160277724266","0.23093323409557343","0.26951199769973755","0.17460942268371582","0.16639740765094757","0.1842155158519745","0.08803229592740536","0.07719685137271881","0.10066460072994232","0.08720155619084835","0.07646958529949188","0.09794013947248459"
"514","0.08747288212180138","0.0736134946346283","0.09404222667217255","0.236982062458992","0.2160538136959076","0.2509782612323761","0.17396768927574158","0.17143970727920532","0.17612427473068237","0.08882533013820648","0.07518179714679718","0.09695830941200256","0.08783330023288727","0.0740630254149437","0.0937718078494072"
"515","0.08194657973945141","0.07442276924848557","0.08883342891931534","0.23692013323307037","0.2239813506603241","0.2518053352832794","0.15892837444941202","0.14926505088806152","0.16982479393482208","0.08302184753119946","0.07622849941253662","0.09020118415355682","0.08238629810512066","0.0744490772485733","0.08941593021154404"
"516","0.0814959667623043","0.06415236741304398","0.09089478850364685","0.24177533388137817","0.2160314917564392","0.2634352743625641","0.15525934596856436","0.13191087543964386","0.1716776192188263","0.08250302076339722","0.06623418629169464","0.0921425074338913","0.08176669478416443","0.06359310448169708","0.09140211343765259"
"517","0.08208710514008999","0.07004145532846451","0.08990509063005447","0.22710084915161133","0.2132290005683899","0.2418879121541977","0.15647724767525992","0.14635148644447327","0.16658413410186768","0.08320764638483524","0.07176892459392548","0.09120538830757141","0.08247853070497513","0.06961086392402649","0.0905727967619896"
"518","0.08773551695048809","0.07884350419044495","0.09454943239688873","0.23827554285526276","0.21865350008010864","0.256416916847229","0.16920661429564157","0.1513323187828064","0.18088068068027496","0.0888208169490099","0.08009032905101776","0.09559889137744904","0.08801001124083996","0.07915734499692917","0.09495317935943604"
"519","0.08226878754794598","0.07754799723625183","0.0876600593328476","0.24055300280451775","0.2204829901456833","0.2557538151741028","0.16442974408467612","0.15683960914611816","0.1716480702161789","0.08335849642753601","0.07947870343923569","0.08878760784864426","0.08259187638759613","0.07712709903717041","0.087892085313797"
"520","0.08303779922425747","0.07655118405818939","0.08760146051645279","0.24775656685233116","0.24187885224819183","0.25668615102767944","0.1748428295056025","0.16843703389167786","0.18232709169387817","0.08425341360270977","0.07784229516983032","0.0892360582947731","0.0833757072687149","0.0770844966173172","0.0882626324892044"
"521","0.08477363549172878","0.07696865499019623","0.08935767412185669","0.245706208050251","0.224129781126976","0.2618911862373352","0.16967351734638214","0.15531200170516968","0.18140289187431335","0.08566686883568764","0.0785895586013794","0.08987651765346527","0.08511032909154892","0.07635189592838287","0.0901474803686142"
"522","0.08322853036224842","0.07160208374261856","0.1022983193397522","0.23725062236189842","0.2118266224861145","0.27570798993110657","0.17734079559644064","0.15507128834724426","0.2025778889656067","0.08445619605481625","0.07279399782419205","0.10418031364679337","0.0835400652140379","0.07206077873706818","0.10304225981235504"
"523","0.08612347953021526","0.08119895309209824","0.09086742997169495","0.24253324791789055","0.23712611198425293","0.25261062383651733","0.17162607610225677","0.16874757409095764","0.1752108335494995","0.08744673989713192","0.0836128294467926","0.09244124591350555","0.08666971139609814","0.08112286776304245","0.09165992587804794"
"524","0.080189174041152","0.07195339351892471","0.08629314601421356","0.22351468354463577","0.2091505229473114","0.24151691794395447","0.15764363606770834","0.14601020514965057","0.16546155512332916","0.08099971525371075","0.07296007871627808","0.08588418364524841","0.08043179474771023","0.07238078117370605","0.08686713129281998"
"525","0.08774354867637157","0.0768437311053276","0.09982645511627197","0.2478436902165413","0.2188500463962555","0.2891986668109894","0.1741372545560201","0.15193866193294525","0.19117462635040283","0.08906975947320461","0.07803184539079666","0.09933444112539291","0.08802770636975765","0.07738387584686279","0.10045559704303741"
"526","0.07766485959291458","0.06834927201271057","0.08830983936786652","0.22557943314313889","0.21252062916755676","0.25008806586265564","0.14970247447490692","0.14189887046813965","0.15560702979564667","0.07853475399315357","0.06990999728441238","0.08904531598091125","0.07791961543262005","0.06894832104444504","0.08850797265768051"
"527","0.07920561917126179","0.07394756376743317","0.08898579329252243","0.22399919852614403","0.21381139755249023","0.236002117395401","0.15540885428587595","0.14763234555721283","0.16627977788448334","0.08013905957341194","0.07542560994625092","0.0902552679181099","0.07955511473119259","0.07366392016410828","0.08963280916213989"
"528","0.08033437468111515","0.07813798636198044","0.08354723453521729","0.23720862716436386","0.22572490572929382","0.2541351914405823","0.1672849804162979","0.16127055883407593","0.17797549068927765","0.08159918151795864","0.07908213138580322","0.08629234880208969","0.08063478209078312","0.07857642322778702","0.08319970965385437"
"529","0.08245987072587013","0.07866530865430832","0.08974537253379822","0.2354736104607582","0.21691399812698364","0.259490430355072","0.16514378786087036","0.1619856208562851","0.16865946352481842","0.0834296066313982","0.08042390644550323","0.09099265933036804","0.08275461010634899","0.07824692130088806","0.09031128138303757"
"530","0.08697514981031418","0.0716182142496109","0.10134103149175644","0.24142394587397575","0.22540460526943207","0.2637770175933838","0.17062821487585703","0.15386731922626495","0.1888751983642578","0.0878980178385973","0.073119156062603","0.100920669734478","0.08737727627158165","0.07119031250476837","0.10188575088977814"
"531","0.08017032034695148","0.0691995769739151","0.09140971302986145","0.23857473954558372","0.21940624713897705","0.2714715003967285","0.15382587909698486","0.14432644844055176","0.16358208656311035","0.08128752373158932","0.0689709261059761","0.09334477037191391","0.08056064508855343","0.06957829743623734","0.09225203096866608"
"532","0.08185995742678642","0.07450925558805466","0.09172409772872925","0.22855590656399727","0.2122788280248642","0.2416282594203949","0.16069594025611877","0.1500658541917801","0.1780688464641571","0.0828477218747139","0.07628963887691498","0.0914963111281395","0.08216186054050922","0.07408379018306732","0.09224832057952881"
"533","0.0912367943674326","0.08170772343873978","0.1028851866722107","0.2624298557639122","0.2353452742099762","0.28968101739883423","0.1770380586385727","0.1639539897441864","0.19806593656539917","0.09260825626552105","0.08138437569141388","0.10635554045438766","0.0915758516639471","0.0823235958814621","0.10222175717353821"
"534","0.08851096779108047","0.0777558982372284","0.09999123215675354","0.23989024758338928","0.21284827589988708","0.2607506513595581","0.17401199539502463","0.14826177060604095","0.1935829520225525","0.08962814509868622","0.07892835140228271","0.10239937156438828","0.08886489644646645","0.07817164063453674","0.09968052804470062"
"535","0.08483599126338959","0.07831989973783493","0.09262174367904663","0.2342798449099064","0.21838462352752686","0.2555232048034668","0.16301334400971731","0.15431924164295197","0.180397629737854","0.08588854223489761","0.07956042140722275","0.09227967262268066","0.08512484282255173","0.07893548905849457","0.09326492249965668"
"536","0.08457359671592712","0.07708047330379486","0.0895993784070015","0.23967527225613594","0.23104041814804077","0.24574826657772064","0.17223016421000162","0.1614588052034378","0.17771637439727783","0.08543378487229347","0.07817219197750092","0.09129975736141205","0.08490136824548244","0.07783585041761398","0.0894332081079483"
"537","0.08687800727784634","0.08019721508026123","0.0967118889093399","0.24127133190631866","0.2219335436820984","0.2609327733516693","0.16257002453009287","0.1537342071533203","0.177978053689003","0.08807869255542755","0.08151476085186005","0.09804575890302658","0.08710526302456856","0.08076000213623047","0.09707829356193542"
"538","0.0806475579738617","0.07540972530841827","0.08921539783477783","0.2263457104563713","0.20924092829227448","0.23830756545066833","0.1610957682132721","0.15121403336524963","0.17850500345230103","0.08153781481087208","0.07711581885814667","0.08874736726284027","0.0810603704303503","0.07515302300453186","0.0897178053855896"
"539","0.08520174026489258","0.06979576498270035","0.09293179214000702","0.23297712951898575","0.20697703957557678","0.24437345564365387","0.1722677449385325","0.16578888893127441","0.17907783389091492","0.08615767024457455","0.07056191563606262","0.095029316842556","0.08548745885491371","0.07011289894580841","0.09254801273345947"
"540","0.0872477013617754","0.07826092839241028","0.0964999794960022","0.23842867091298103","0.2247089147567749","0.2538805902004242","0.17255209386348724","0.1596970409154892","0.18452370166778564","0.08845746517181396","0.07951615005731583","0.09903471171855927","0.08751791901886463","0.07880783081054688","0.09602893888950348"
"541","0.08378438465297222","0.08210156112909317","0.0848768800497055","0.24280817434191704","0.233875572681427","0.25547653436660767","0.1644816001256307","0.16037556529045105","0.1703890562057495","0.08474394492805004","0.0833897665143013","0.08602029085159302","0.08418851532042027","0.08262012153863907","0.08550575375556946"
"542","0.08736475557088852","0.08158142864704132","0.09975112974643707","0.23745932802557945","0.22978901863098145","0.254287987947464","0.1739102452993393","0.1648539900779724","0.188656747341156","0.08837019093334675","0.08255179971456528","0.10136854648590088","0.08769216015934944","0.08217981457710266","0.09959442913532257"
"543","0.08219141326844692","0.07768645137548447","0.08595991879701614","0.2221391797065735","0.2167176604270935","0.22678425908088684","0.15621480842431387","0.15202271938323975","0.162354975938797","0.08314255997538567","0.07729370892047882","0.0870923325419426","0.08243145793676376","0.07800062000751495","0.08647862076759338"
"544","0.08290960267186165","0.07680733501911163","0.08950471132993698","0.23589389026165009","0.2249155044555664","0.24920028448104858","0.16357937455177307","0.15732978284358978","0.17310601472854614","0.08384819701313972","0.07823529839515686","0.08924926072359085","0.08316084742546082","0.07715543359518051","0.08978460729122162"
"545","0.08643065765500069","0.07773301005363464","0.09332142770290375","0.24781319126486778","0.23491328954696655","0.2584521472454071","0.16781931122144064","0.15955811738967896","0.17498593032360077","0.08768591284751892","0.07978014647960663","0.09301644563674927","0.08690937422215939","0.07753187417984009","0.09380769729614258"
"546","0.0823579803109169","0.0766555517911911","0.0899595245718956","0.23151063174009323","0.21932631731033325","0.2456909865140915","0.161215807000796","0.15484654903411865","0.16458751261234283","0.08335285075008869","0.07647088170051575","0.0915902778506279","0.08265885710716248","0.07708495855331421","0.0905870571732521"
"547","0.08731440640985966","0.08372851461172104","0.09595802426338196","0.23864337801933289","0.2335694432258606","0.2506360411643982","0.17234432697296143","0.16461652517318726","0.18410971760749817","0.08847256936132908","0.08351851254701614","0.0982004851102829","0.08762436918914318","0.08443646878004074","0.0956210047006607"
"548","0.07732859440147877","0.07198843359947205","0.08429820835590363","0.23170362040400505","0.21359968185424805","0.25073716044425964","0.16490015387535095","0.14548085629940033","0.1782093495130539","0.07802870497107506","0.0730709433555603","0.08396443724632263","0.07745751924812794","0.0723203495144844","0.08479364961385727"
"549","0.08057446777820587","0.07804316282272339","0.08258537948131561","0.22361740842461586","0.20909133553504944","0.2370867282152176","0.16014513870080313","0.14958404004573822","0.16771724820137024","0.08150356821715832","0.07947298139333725","0.08355829864740372","0.08092569187283516","0.07868993282318115","0.08286845684051514"
"550","0.08460869453847408","0.07233370095491409","0.09365024417638779","0.24251215159893036","0.2115999460220337","0.2814425826072693","0.168928196032842","0.14034497737884521","0.1950969398021698","0.08569875545799732","0.07223179191350937","0.09584545344114304","0.08496160246431828","0.07284343242645264","0.09354384243488312"
"551","0.08587815053761005","0.07944224029779434","0.09635995328426361","0.2444356307387352","0.23088805377483368","0.25122570991516113","0.17419388393561044","0.16879236698150635","0.179830864071846","0.08685609698295593","0.08091456443071365","0.09583845734596252","0.08626681007444859","0.08012790977954865","0.0968669205904007"
"552","0.08652235940098763","0.0828993171453476","0.08919323980808258","0.23340466991066933","0.2238195389509201","0.2410883605480194","0.1678587794303894","0.16393336653709412","0.17192843556404114","0.08728408813476562","0.08259963244199753","0.09045853465795517","0.08686745725572109","0.08353199064731598","0.0898599773645401"
"553","0.09634889289736748","0.09390927851200104","0.09876156598329544","0.25785020738840103","0.24960559606552124","0.27667468786239624","0.1841289202372233","0.17757949233055115","0.1923082321882248","0.09760705009102821","0.0936579704284668","0.10068488121032715","0.09695479646325111","0.09462766349315643","0.09986931085586548"
"554","0.0794020015746355","0.07173193246126175","0.08762749284505844","0.23321578279137611","0.20825795829296112","0.25354695320129395","0.15766631563504538","0.14271867275238037","0.1671188771724701","0.08036586456000805","0.07297132909297943","0.0889873057603836","0.07970512844622135","0.07125825434923172","0.08825778216123581"
"555","0.08729473315179348","0.06936480849981308","0.0981353372335434","0.23002932593226433","0.19909128546714783","0.2417776882648468","0.16546344757080078","0.14300045371055603","0.1817745715379715","0.08854064159095287","0.06909213215112686","0.10045445710420609","0.08764545992016792","0.06975992023944855","0.09779538214206696"
"556","0.07716462016105652","0.0723005011677742","0.08252007514238358","0.22762687504291534","0.2195594310760498","0.24470803141593933","0.1565495232741038","0.1469975709915161","0.16511714458465576","0.07814709469676018","0.07212337106466293","0.08430226892232895","0.07742874510586262","0.07283391803503036","0.08222095668315887"
"557","0.07891249749809504","0.060680460184812546","0.0889182835817337","0.22702446579933167","0.19959916174411774","0.242705300450325","0.1585153192281723","0.14021208882331848","0.1721874326467514","0.08007598854601383","0.06044170260429382","0.09103266894817352","0.0791957825422287","0.061001136898994446","0.08858933299779892"
"558","0.08858111873269081","0.08393531292676926","0.09453732520341873","0.23810159415006638","0.23249530792236328","0.2410072535276413","0.16460133095582327","0.15743380784988403","0.1711271107196808","0.08953301422297955","0.08350445330142975","0.09590081125497818","0.08892957307398319","0.08441294729709625","0.09504903107881546"
"559","0.0834592953324318","0.07296614348888397","0.09135676920413971","0.23965106904506683","0.21957392990589142","0.2517143189907074","0.164712056517601","0.16195367276668549","0.16687574982643127","0.08457913249731064","0.07461616396903992","0.09300060570240021","0.08385645225644112","0.07385725528001785","0.09224645048379898"
"560","0.08432647213339806","0.06826277822256088","0.09103462100028992","0.2392696924507618","0.21093051135540009","0.25999778509140015","0.17581655581792197","0.17083147168159485","0.1821238100528717","0.08532687649130821","0.06918708980083466","0.09292775392532349","0.08470162004232407","0.06874214857816696","0.09086820483207703"
"561","0.07777421362698078","0.07235784083604813","0.08755544573068619","0.22104207426309586","0.20878581702709198","0.23883220553398132","0.15665367245674133","0.14733141660690308","0.17116084694862366","0.07880650460720062","0.07360374927520752","0.08728253096342087","0.07813375256955624","0.07272849977016449","0.08821877837181091"
"562","0.08603362180292606","0.07587986439466476","0.09645311534404755","0.23964094370603561","0.21817177534103394","0.25767242908477783","0.1685719390710195","0.14974769949913025","0.18254464864730835","0.08717160113155842","0.0771104246377945","0.09621651470661163","0.08631964586675167","0.07634683698415756","0.09702430665493011"
"563","0.09199376776814461","0.07763247936964035","0.10618101805448532","0.25122296810150146","0.2231089174747467","0.2807025909423828","0.18359531462192535","0.16087046265602112","0.20475204288959503","0.0932101383805275","0.077503502368927","0.10794581472873688","0.09230662137269974","0.07808299362659454","0.10698993504047394"
"564","0.09204602986574173","0.07867148518562317","0.11174573004245758","0.25111907720565796","0.2353002279996872","0.28232020139694214","0.18265582621097565","0.17027881741523743","0.2073112428188324","0.09310194104909897","0.08007480949163437","0.11376138031482697","0.092282023280859","0.07928033173084259","0.11133947968482971"
"565","0.08055782876908779","0.07266044616699219","0.084950290620327","0.23480676487088203","0.21911796927452087","0.24452239274978638","0.16029171645641327","0.1535150110721588","0.16701048612594604","0.08187169581651688","0.07444952428340912","0.08493196964263916","0.08105799928307533","0.07352783530950546","0.08548671752214432"
"566","0.07599557936191559","0.07109163701534271","0.08287406712770462","0.23032408952713013","0.21847166121006012","0.23936302959918976","0.15525629123051962","0.1461855173110962","0.16190311312675476","0.07706743478775024","0.07073486596345901","0.08478706330060959","0.07634883001446724","0.07149465382099152","0.0824035108089447"
"567","0.08146265335381031","0.06923647969961166","0.09082688391208649","0.22339123114943504","0.20536072552204132","0.23557452857494354","0.1560505578915278","0.14180749654769897","0.16832712292671204","0.08270487934350967","0.06912995129823685","0.09289558231830597","0.08193844556808472","0.06970834732055664","0.09056058526039124"
"568","0.08162356913089752","0.07162632793188095","0.08582212030887604","0.22164274752140045","0.21040016412734985","0.22973056137561798","0.15318935612837473","0.14373454451560974","0.16003870964050293","0.08247932605445385","0.0730561837553978","0.08675262331962585","0.08189815655350685","0.0710713192820549","0.0863652229309082"
"569","0.0844427328556776","0.08242009580135345","0.08634617924690247","0.23907798528671265","0.21901631355285645","0.25790390372276306","0.16196572283903757","0.1551746428012848","0.17122364044189453","0.08557160571217537","0.08350023627281189","0.08785071223974228","0.08494445867836475","0.08276357501745224","0.08694721013307571"
"570","0.08001446537673473","0.07738246768712997","0.08198130875825882","0.2171567678451538","0.21286934614181519","0.22307121753692627","0.15638243158658346","0.15476994216442108","0.1586216390132904","0.08112196065485477","0.07861202210187912","0.08423925936222076","0.08016115799546242","0.07795115560293198","0.08212776482105255"
"571","0.08424056321382523","0.07731042802333832","0.09565100818872452","0.23410413041710854","0.20960120856761932","0.2568664848804474","0.1690964251756668","0.14736169576644897","0.18609397113323212","0.08528782054781914","0.07874727249145508","0.09535938501358032","0.08467135950922966","0.07699665427207947","0.09624549746513367"
"572","0.08021087199449539","0.07159624993801117","0.09974384307861328","0.22083504125475883","0.19692887365818024","0.25053051114082336","0.15849926074345908","0.14430946111679077","0.18463659286499023","0.08116360194981098","0.07126998901367188","0.10130462795495987","0.08060063980519772","0.07196739315986633","0.10057209432125092"
"573","0.08420476503670216","0.080418162047863","0.08792011439800262","0.22782250121235847","0.21609896421432495","0.23942328989505768","0.16777950525283813","0.16576431691646576","0.16900475323200226","0.08534527756273746","0.08158658444881439","0.08956774324178696","0.08460665680468082","0.08095615357160568","0.08761005103588104"
"574","0.08397543057799339","0.06982775032520294","0.09788348525762558","0.23144007474184036","0.20481722056865692","0.2602342367172241","0.15754754344622293","0.1395031064748764","0.16829581558704376","0.08491815626621246","0.07101964205503464","0.0993984192609787","0.08424403704702854","0.07026349753141403","0.09839259088039398"
"575","0.08501632511615753","0.060980744659900665","0.10056230425834656","0.23248084262013435","0.19609220325946808","0.2585037648677826","0.16894821325937906","0.13687050342559814","0.19162872433662415","0.08614466153085232","0.060764044523239136","0.10310596227645874","0.08516283240169287","0.06123677268624306","0.10018249601125717"
"576","0.08578110486268997","0.07077004760503769","0.09430012106895447","0.2341555580496788","0.2016409933567047","0.25441285967826843","0.16100046535332999","0.1382049322128296","0.1753322333097458","0.0868503600358963","0.07224560528993607","0.09411190450191498","0.08626893162727356","0.07044804096221924","0.09496170282363892"
"577","0.08395793475210667","0.0686277225613594","0.09776852279901505","0.22980734705924988","0.1923249363899231","0.25761470198631287","0.16307943562666574","0.1398317962884903","0.18030518293380737","0.0851550530642271","0.06838895380496979","0.09942631423473358","0.08427320048213005","0.06920869648456573","0.0982300341129303"
"578","0.0808042585849762","0.07309737801551819","0.09360060095787048","0.22199531644582748","0.21279145777225494","0.2385246455669403","0.1575117657581965","0.15109477937221527","0.16998454928398132","0.08173778653144836","0.0739918202161789","0.093233123421669","0.08116968907415867","0.07346896082162857","0.0940716564655304"
"579","0.08664103038609028","0.08107035607099533","0.09668096899986267","0.22677043452858925","0.20394696295261383","0.2564135789871216","0.16812079151471457","0.14955629408359528","0.18619178235530853","0.08766738697886467","0.0822652131319046","0.09631411731243134","0.08706302754580975","0.08178137987852097","0.09731431305408478"
"580","0.08178229443728924","0.07138881832361221","0.08695761114358902","0.22561181709170341","0.20934857428073883","0.24260765314102173","0.15538908541202545","0.14259977638721466","0.16414874792099","0.08289331570267677","0.07114431262016296","0.08838193863630295","0.08204727061092854","0.07168316841125488","0.08748006075620651"
"581","0.08160383626818657","0.0759923905134201","0.08755359053611755","0.23073896765708923","0.22390080988407135","0.234365314245224","0.16364550093809763","0.1611822247505188","0.16623687744140625","0.08265316113829613","0.07775706052780151","0.08731858432292938","0.08192063868045807","0.07591422647237778","0.0877927839756012"
"582","0.08262169919908047","0.07025230675935745","0.09367905557155609","0.22525609284639359","0.20649214088916779","0.24558773636817932","0.15729422867298126","0.14070165157318115","0.1765717715024948","0.08369697444140911","0.07156399637460709","0.09503981471061707","0.08298096433281898","0.07068518549203873","0.09448647499084473"
"583","0.08510719425976276","0.08037945628166199","0.09385298937559128","0.2226165570318699","0.20414866507053375","0.24785031378269196","0.1564740240573883","0.1546260118484497","0.15864665806293488","0.08604844845831394","0.0817798599600792","0.09526681900024414","0.0855023954063654","0.08040621876716614","0.09424065053462982"
"584","0.0885985977947712","0.08047828078269958","0.0997968316078186","0.23363949358463287","0.22337010502815247","0.24456605315208435","0.178728977839152","0.1637350618839264","0.18818530440330505","0.0894769188016653","0.08192940056324005","0.10128465294837952","0.08885129727423191","0.08112799376249313","0.09955236315727234"
"585","0.09123639389872551","0.07908037304878235","0.10367400199174881","0.24275648966431618","0.221317321062088","0.2568438649177551","0.174216295282046","0.1551746428012848","0.1908143311738968","0.0924416184425354","0.07876424491405487","0.10534520447254181","0.09157350845634937","0.07920385152101517","0.10454116761684418"
"586","0.09215361811220646","0.08959103375673294","0.0945182591676712","0.23735717311501503","0.23181571066379547","0.24187207221984863","0.17072333892186484","0.1691848337650299","0.17358574271202087","0.09307041019201279","0.08948978781700134","0.09569734334945679","0.09229332953691483","0.08998540043830872","0.09490559995174408"
"587","0.08642562478780746","0.07470818608999252","0.09254275262355804","0.24168593436479568","0.23409691452980042","0.24952426552772522","0.1706011195977529","0.1628153920173645","0.1774081587791443","0.08742922358214855","0.07655060291290283","0.09379898011684418","0.08679932355880737","0.07432062923908234","0.09340617060661316"
"588","0.08312540873885155","0.07711813598871231","0.09484344720840454","0.21948400139808655","0.20489494502544403","0.23264166712760925","0.15996955335140228","0.15308284759521484","0.16687363386154175","0.08399367704987526","0.07817701250314713","0.09639658033847809","0.08346951380372047","0.07693546265363693","0.09549634158611298"
"589","0.08336565271019936","0.07227959483861923","0.09645107388496399","0.2292494885623455","0.2019413262605667","0.2630106508731842","0.15920857091744742","0.14593906700611115","0.171869158744812","0.0844426304101944","0.07202249020338058","0.09810779988765717","0.08383155427873135","0.07255477458238602","0.0972796082496643"
"590","0.08417387679219246","0.07872128486633301","0.08940544724464417","0.2228652760386467","0.21187171339988708","0.23794861137866974","0.16043344140052795","0.14881202578544617","0.16945511102676392","0.08506941609084606","0.07993055880069733","0.0891573578119278","0.08455570600926876","0.07919615507125854","0.08984672278165817"
"591","0.09699001535773277","0.0754132866859436","0.1215723529458046","0.24662867933511734","0.21399974822998047","0.29746192693710327","0.16598708927631378","0.1464182734489441","0.19521485269069672","0.09795248322188854","0.07645560801029205","0.12296538800001144","0.0972160529345274","0.07572835683822632","0.12198705971240997"
"592","0.08424305729568005","0.06959650665521622","0.09666318446397781","0.2311427779495716","0.20615048706531525","0.25359100103378296","0.15573317805926004","0.1413295865058899","0.1715589165687561","0.08509740605950356","0.07045700401067734","0.09810909628868103","0.08454503864049911","0.07007288187742233","0.0972650945186615"
"593","0.090405048802495","0.08089878410100937","0.09553924947977066","0.24427533149719238","0.21841420233249664","0.2721782624721527","0.17624361316363016","0.16405552625656128","0.18580418825149536","0.09135404974222183","0.08238422125577927","0.0966290533542633","0.09086705558001995","0.08067159354686737","0.0961308628320694"
"594","0.08312687277793884","0.07529290020465851","0.09184759855270386","0.22338217869400978","0.2136610448360443","0.23336078226566315","0.16184989114602408","0.14946231245994568","0.17545229196548462","0.0839633047580719","0.0749485120177269","0.09379567205905914","0.08342390321195126","0.07563206553459167","0.09183569997549057"
"595","0.08409832045435905","0.07078225910663605","0.09193316847085953","0.22118119150400162","0.20513328909873962","0.22831501066684723","0.16661650439103445","0.1633332520723343","0.1693156510591507","0.08491944707930088","0.0717095136642456","0.09298326075077057","0.08443240635097027","0.07123786211013794","0.09252788126468658"
"596","0.08825896307826042","0.08491916209459305","0.09287520498037338","0.2288529947400093","0.2252841740846634","0.23753777146339417","0.1654592603445053","0.1630401313304901","0.16831347346305847","0.08906444348394871","0.08617830276489258","0.09391066431999207","0.08859494142234325","0.08542705327272415","0.09344347566366196"
"597","0.08035268075764179","0.07039166986942291","0.09213972091674805","0.22402017563581467","0.20512822270393372","0.24584099650382996","0.15565558274586996","0.14314113557338715","0.1743152141571045","0.08126328326761723","0.0700865387916565","0.09323732554912567","0.08073415979743004","0.07075844705104828","0.09251056611537933"
"598","0.0842149667441845","0.07598168402910233","0.09007623791694641","0.2270411141216755","0.21851494908332825","0.23835229873657227","0.15642509857813516","0.1549280881881714","0.15756705403327942","0.08515172637999058","0.07564990222454071","0.09107456356287003","0.08448031917214394","0.07636018097400665","0.09030193090438843"
"599","0.0929440800100565","0.07798080891370773","0.09963570535182953","0.23406550660729408","0.2000751495361328","0.25377529859542847","0.1746016889810562","0.14740924537181854","0.191589817404747","0.09395341202616692","0.07908327877521515","0.10179802030324936","0.09329506941139698","0.07850317656993866","0.09931594133377075"
"600","0.08515485934913158","0.08001194894313812","0.09270972013473511","0.22482159361243248","0.2195187658071518","0.23079824447631836","0.16352551182111105","0.16098186373710632","0.16507911682128906","0.08588308468461037","0.08085962384939194","0.09396987408399582","0.0854213535785675","0.08028736710548401","0.0932416021823883"
"601","0.08427698537707329","0.07139185816049576","0.09552693367004395","0.21657035127282143","0.20052754878997803","0.2304859757423401","0.16140979528427124","0.14406491816043854","0.17070280015468597","0.0852362047880888","0.07334006577730179","0.0958806723356247","0.08463263511657715","0.07134316861629486","0.09584163129329681"
"602","0.08066517300903797","0.07572289556264877","0.08702007681131363","0.22948520630598068","0.22130146622657776","0.23358096182346344","0.15866753458976746","0.1497378945350647","0.16363763809204102","0.08156105503439903","0.0766398161649704","0.08682035654783249","0.0809695590287447","0.07600303739309311","0.08759292960166931"
"603","0.0846429131925106","0.07987076044082642","0.09045393764972687","0.2316976934671402","0.21646057069301605","0.26236772537231445","0.17379539211591086","0.1694948822259903","0.17819646000862122","0.08562434837222099","0.08157835900783539","0.09015609323978424","0.08511807769536972","0.08062762022018433","0.09075501561164856"
"604","0.08981489203870296","0.08321778476238251","0.09771134704351425","0.23584065958857536","0.21974605321884155","0.2588183581829071","0.16289972762266794","0.15451903641223907","0.17590545117855072","0.09090020135045052","0.08450484275817871","0.09971224516630173","0.09026088565587997","0.0838606208562851","0.09750740975141525"
"605","0.0837160125374794","0.068250872194767","0.09657583385705948","0.2260044440627098","0.20485496520996094","0.24734601378440857","0.15531125168005624","0.14239472150802612","0.16178233921527863","0.08471950516104698","0.06795261055231094","0.09789758920669556","0.0840843915939331","0.06877541542053223","0.096819669008255"
"606","0.080704715102911","0.07215266674757004","0.08407723903656006","0.2213568575680256","0.2105184644460678","0.23701788485050201","0.1648273468017578","0.15520475804805756","0.17217843234539032","0.08167007565498352","0.07318641245365143","0.08557982742786407","0.08104459010064602","0.07253947854042053","0.08443622291088104"
"607","0.08370809629559517","0.07709898054599762","0.08846202492713928","0.2296774536371231","0.22081592679023743","0.23714055120944977","0.16709181666374207","0.16270223259925842","0.1701393723487854","0.08473717793822289","0.07672402262687683","0.08974757790565491","0.08413388393819332","0.07776312530040741","0.08899493515491486"
"608","0.08996864780783653","0.08326387405395508","0.09671516716480255","0.23425893113017082","0.2189732939004898","0.24404120445251465","0.171721821029981","0.16161490976810455","0.17718850076198578","0.09091923199594021","0.08437279611825943","0.09775478392839432","0.09017767943441868","0.08368657529354095","0.09712806344032288"
"609","0.07697189226746559","0.0667974054813385","0.09208300709724426","0.21665352582931519","0.19301927089691162","0.2388535887002945","0.14896553258101145","0.13618069887161255","0.1659497767686844","0.077569629997015","0.06772814691066742","0.09175452589988708","0.07724550738930702","0.06716039776802063","0.09262695908546448"
"610","0.0853149052709341","0.07804373651742935","0.0920352041721344","0.23364847898483276","0.2196887582540512","0.26583603024482727","0.16006406644980112","0.15488310158252716","0.16975459456443787","0.08624032698571682","0.07941632717847824","0.09176614880561829","0.08556490391492844","0.07767721265554428","0.09237681329250336"
"612","0.08145787380635738","0.07438037544488907","0.08935682475566864","0.22337018698453903","0.21330446004867554","0.23196983337402344","0.15695181985696158","0.15110430121421814","0.16711057722568512","0.08236228115856647","0.07620024681091309","0.09034706652164459","0.08170262724161148","0.07440922409296036","0.08963358402252197"
"613","0.08794758468866348","0.0797969177365303","0.0963398888707161","0.2168014496564865","0.20642004907131195","0.22729624807834625","0.1635211706161499","0.1515907645225525","0.17096801102161407","0.0887771975249052","0.07978951185941696","0.09737996757030487","0.08820864371955395","0.0801953673362732","0.0966256782412529"
"614","0.08988947793841362","0.07889626175165176","0.09812493622303009","0.24416492506861687","0.21917782723903656","0.26255691051483154","0.1735322227080663","0.15997302532196045","0.18754975497722626","0.09092903323471546","0.08013620227575302","0.10016387701034546","0.09025887586176395","0.07946813851594925","0.09806240350008011"
"615","0.08679195493459702","0.08193052560091019","0.09365299344062805","0.23045643419027328","0.21683746576309204","0.23804455995559692","0.1602032482624054","0.15807309746742249","0.16227973997592926","0.08779948949813843","0.08314733952283859","0.09514431655406952","0.08715493604540825","0.08261562138795853","0.09446686506271362"
"616","0.07629385963082314","0.06896816939115524","0.08473958820104599","0.20729591697454453","0.20083528757095337","0.21820653975009918","0.15282973647117615","0.13677464425563812","0.16300147771835327","0.07709872908890247","0.07003048062324524","0.08442331850528717","0.07657326199114323","0.06955409049987793","0.08504484593868256"
"617","0.08489580638706684","0.07275693863630295","0.0922027975320816","0.22891361266374588","0.20357033610343933","0.2429775893688202","0.1648874431848526","0.14882320165634155","0.1759292483329773","0.08591097965836525","0.07257035374641418","0.09369256347417831","0.08514516055583954","0.07314702868461609","0.09287822246551514"
"618","0.08100854605436325","0.07421644032001495","0.0894823744893074","0.2057071290910244","0.19536633789539337","0.21724441647529602","0.15761493146419525","0.15001705288887024","0.16383396089076996","0.08187244459986687","0.07552199065685272","0.08934944868087769","0.08132763206958771","0.07410082966089249","0.08986680954694748"
"619","0.08081207796931267","0.06977871060371399","0.08873741328716278","0.21407746151089668","0.19375070929527283","0.22878679633140564","0.15452735126018524","0.13761910796165466","0.16611497104167938","0.08169681765139103","0.07061178982257843","0.08996428549289703","0.08111724816262722","0.0702052041888237","0.08920028060674667"
"620","0.08460875786840916","0.08072375506162643","0.09260992705821991","0.22355614602565765","0.20928381383419037","0.23550699651241302","0.1589396893978119","0.15598788857460022","0.16128644347190857","0.08552475646138191","0.08218041807413101","0.093799889087677","0.08489860221743584","0.08064520359039307","0.09312547743320465"
"621","0.08326157554984093","0.0718328133225441","0.09446734935045242","0.221232108771801","0.20812419056892395","0.23275873064994812","0.1594508687655131","0.14643807709217072","0.17644508183002472","0.0843081958591938","0.07167026400566101","0.09611040353775024","0.08358110301196575","0.07226423174142838","0.09413821995258331"
"622","0.08324467577040195","0.07591430097818375","0.09190778434276581","0.2204720340669155","0.21005968749523163","0.23964475095272064","0.1541049430767695","0.14753946661949158","0.16099223494529724","0.08405271358788013","0.07704535871744156","0.0931454598903656","0.08358282037079334","0.07559746503829956","0.09257287532091141"
"623","0.08720715902745724","0.07670927792787552","0.09803279489278793","0.22678609937429428","0.20448797941207886","0.24091443419456482","0.15996380150318146","0.14655816555023193","0.16702252626419067","0.08831042982637882","0.07656662166118622","0.09949089586734772","0.08762791380286217","0.07708646357059479","0.0986379086971283"
"624","0.08437243290245533","0.07749708741903305","0.09106685221195221","0.21995115652680397","0.21030864119529724","0.2289186418056488","0.158474991718928","0.15428526699543","0.16652460396289825","0.08517884090542793","0.07902873307466507","0.09204962104558945","0.08468970097601414","0.07743559777736664","0.09143252670764923"
"625","0.08562121167778969","0.07845994085073471","0.09946133941411972","0.22544820979237556","0.2094469964504242","0.24315083026885986","0.16092162330945334","0.1468898057937622","0.1812320351600647","0.08653989247977734","0.07965810596942902","0.10134189575910568","0.08586527034640312","0.07905815541744232","0.0991983562707901"
"626","0.08321612887084484","0.07480097562074661","0.09298613667488098","0.22921165078878403","0.21483832597732544","0.23684942722320557","0.1632962723573049","0.15581855177879333","0.17500212788581848","0.08408448658883572","0.07461114972829819","0.09404462575912476","0.08355863764882088","0.07519537210464478","0.09353362023830414"
"627","0.09144751355051994","0.08566644042730331","0.09903129190206528","0.23528427630662918","0.2030569463968277","0.27945929765701294","0.1682413270076116","0.16144825518131256","0.17960679531097412","0.09262309409677982","0.08732674270868301","0.10085315257310867","0.09179169870913029","0.08536401391029358","0.09991100430488586"
"628","0.0844866894185543","0.07238265872001648","0.10095421224832535","0.22347689419984818","0.20039117336273193","0.2507401704788208","0.1717045654853185","0.15914782881736755","0.19128727912902832","0.08548572845757008","0.07335104048252106","0.10255144536495209","0.08489684015512466","0.07278500497341156","0.10200546681880951"
"629","0.08151656202971935","0.07094581425189972","0.0921841710805893","0.22128485888242722","0.21269559860229492","0.23660603165626526","0.16215976079305014","0.15364453196525574","0.176119863986969","0.08249171078205109","0.0719679445028305","0.09332948178052902","0.08185668662190437","0.0712319016456604","0.09278203547000885"
"630","0.08200759999454021","0.07651883363723755","0.08904358744621277","0.22164345532655716","0.21075449883937836","0.23124819993972778","0.16311552623907724","0.15367953479290009","0.17151391506195068","0.0829401072114706","0.07769489288330078","0.09052189439535141","0.08235615491867065","0.07696261256933212","0.08875682204961777"
"631","0.08459918200969696","0.08335085213184357","0.08681820333003998","0.22025584429502487","0.20518940687179565","0.23210573196411133","0.15686083336671194","0.14877480268478394","0.16222529113292694","0.08532362058758736","0.08384564518928528","0.08805151283740997","0.08486779034137726","0.08328060060739517","0.08730132132768631"
"632","0.08083807304501534","0.07450751960277557","0.0869382992386818","0.20956498011946678","0.19834735989570618","0.22245457768440247","0.15565186738967896","0.14341986179351807","0.1688726544380188","0.08163901977241039","0.07536455243825912","0.08837869018316269","0.08106887340545654","0.07475798577070236","0.08705736696720123"
"633","0.07643474265933037","0.0618964359164238","0.08816654980182648","0.21234101429581642","0.20232804119586945","0.22216394543647766","0.14732827742894491","0.1401568353176117","0.15633872151374817","0.07726416364312172","0.06289778649806976","0.08924151211977005","0.07665287237614393","0.062299419194459915","0.08844583481550217"
"634","0.08864723704755306","0.07409529387950897","0.09918369352817535","0.23708567768335342","0.21535621583461761","0.26430633664131165","0.1701941192150116","0.1463518738746643","0.18993961811065674","0.089550806209445","0.07538072019815445","0.09882355481386185","0.08901623636484146","0.07391232997179031","0.09973887354135513"
"635","0.08237173780798912","0.0734020546078682","0.08869911730289459","0.21544980630278587","0.20212288200855255","0.22293025255203247","0.1501409262418747","0.13789741694927216","0.15677720308303833","0.08321589790284634","0.07305394858121872","0.09012718498706818","0.08263998106122017","0.07370421290397644","0.08863946050405502"
"636","0.08713040500879288","0.07129258662462234","0.10701768100261688","0.22974950075149536","0.21865326166152954","0.250332772731781","0.16981850067774454","0.14684441685676575","0.19347865879535675","0.08789071813225746","0.0711326003074646","0.10845592617988586","0.08740964159369469","0.07188410311937332","0.10650324076414108"
"637","0.08202493563294411","0.06488556414842606","0.10589870810508728","0.21829157322645187","0.19380640983581543","0.2567409873008728","0.14510856568813324","0.13560904562473297","0.1605043113231659","0.08280293643474579","0.0659089982509613","0.10714443773031235","0.08234032988548279","0.06541368365287781","0.10629601776599884"
"638","0.08415290713310242","0.07853543013334274","0.09393799304962158","0.22490030527114868","0.22108110785484314","0.23568665981292725","0.16118099292119345","0.15122011303901672","0.176521897315979","0.0851268470287323","0.07955729961395264","0.09525459259748459","0.08445486053824425","0.07823033630847931","0.09441237151622772"
"639","0.08856137469410896","0.07815130800008774","0.1059127002954483","0.2307409718632698","0.21797707676887512","0.26245927810668945","0.16063931584358215","0.1527312695980072","0.16674745082855225","0.0894725862890482","0.07914187014102936","0.10738543421030045","0.08893400989472866","0.07855188846588135","0.10649144649505615"
"640","0.08735459670424461","0.07845591753721237","0.09556894749403","0.23142792284488678","0.20884422957897186","0.2434225082397461","0.16433754563331604","0.14687401056289673","0.17731094360351562","0.08821404539048672","0.07942728698253632","0.09712410718202591","0.08770186081528664","0.07814155519008636","0.0963950827717781"
"641","0.08333012834191322","0.07550237327814102","0.0921819880604744","0.2246059961616993","0.20984004437923431","0.23933053016662598","0.16131234169006348","0.15521210432052612","0.1713045984506607","0.08418509177863598","0.07635806500911713","0.09380777180194855","0.0837191715836525","0.07597319036722183","0.09218351542949677"
"642","0.08326779305934906","0.0771910697221756","0.09572096168994904","0.21704547852277756","0.2061142772436142","0.2371656596660614","0.15820638835430145","0.14902010560035706","0.17195597290992737","0.08402902632951736","0.07800106704235077","0.09688733518123627","0.08354798518121243","0.07768412679433823","0.09617713838815689"
"643","0.09028958901762962","0.07093245536088943","0.10471539944410324","0.2300489842891693","0.1988268941640854","0.25667697191238403","0.17124325533707938","0.1477358043193817","0.19127283990383148","0.09119583666324615","0.07197244465351105","0.10628389567136765","0.09063101559877396","0.07073836773633957","0.10547001659870148"
"644","0.09057833813130856","0.07612200081348419","0.10028117150068283","0.23399224877357483","0.22490912675857544","0.24839451909065247","0.16479799648125967","0.15215587615966797","0.1755019724369049","0.09132521972060204","0.0770009234547615","0.10137369483709335","0.09098832309246063","0.07603354752063751","0.10118851810693741"
"645","0.0883731059730053","0.07857353985309601","0.10206820070743561","0.23982937261462212","0.2104242593050003","0.2628414034843445","0.17566720147927603","0.15163768827915192","0.19705268740653992","0.0893084928393364","0.07960733026266098","0.10171319544315338","0.08881017193198204","0.07835385203361511","0.10266588628292084"
"646","0.09408463165163994","0.08485487103462219","0.10108384490013123","0.24194642156362534","0.23163294792175293","0.25208115577697754","0.17392829557259878","0.16956251859664917","0.18182861804962158","0.09498644806444645","0.08595313876867294","0.10222309827804565","0.09442923963069916","0.08556438237428665","0.10154345631599426"
"647","0.0821980182081461","0.07423378527164459","0.08755691349506378","0.21672797203063965","0.20008443295955658","0.2314445972442627","0.14871523777643839","0.1392141431570053","0.1633794754743576","0.08318469487130642","0.07419394701719284","0.08898000419139862","0.08263304270803928","0.074711874127388","0.08816992491483688"
"648","0.08785995468497276","0.08005233854055405","0.09634236991405487","0.22838997468352318","0.21080628037452698","0.23936904966831207","0.16444717844327292","0.1559133231639862","0.18028640747070312","0.08898563496768475","0.07978164404630661","0.09826695919036865","0.08818923495709896","0.08044121414422989","0.09592199325561523"
"649","0.07937612570822239","0.07073718309402466","0.08754101395606995","0.20788172632455826","0.19382111728191376","0.22048288583755493","0.1456988900899887","0.13678137958049774","0.16127297282218933","0.08032028190791607","0.07063840329647064","0.08911145478487015","0.07969721965491772","0.07112151384353638","0.08768506348133087"
"650","0.08510744571685791","0.07181910425424576","0.10363982617855072","0.22797135636210442","0.1889495849609375","0.2926011085510254","0.1467085431019465","0.13441330194473267","0.16073612868785858","0.08599193580448627","0.07263949513435364","0.1051594540476799","0.08541011810302734","0.07198578119277954","0.10438226163387299"
"651","0.0813984964042902","0.07188409566879272","0.10121714323759079","0.21174299344420433","0.19855424761772156","0.22606901824474335","0.1603855142990748","0.14725881814956665","0.18027609586715698","0.08243871293962002","0.0715557262301445","0.1029505804181099","0.08185765519738197","0.07216624915599823","0.10143674910068512"
"652","0.0840765442699194","0.06591908633708954","0.0991731658577919","0.21885010600090027","0.18869686126708984","0.24258103966712952","0.1569343755642573","0.1329345852136612","0.18940097093582153","0.08495012298226357","0.06663260608911514","0.10057558119297028","0.08432284370064735","0.06626109778881073","0.09889711439609528"
"653","0.08051091246306896","0.07509277760982513","0.08740536123514175","0.2113521583378315","0.2023504376411438","0.2181083709001541","0.16134871542453766","0.14878731966018677","0.1687745600938797","0.08146939426660538","0.07634572684764862","0.08714556694030762","0.08084112964570522","0.07554811239242554","0.08788049221038818"
"654","0.08149954490363598","0.07239868491888046","0.09271322190761566","0.21530133485794067","0.19469329714775085","0.22807523608207703","0.1541378895441691","0.1388767659664154","0.16471463441848755","0.08231426402926445","0.07348591834306717","0.09397509694099426","0.0818167943507433","0.07302255928516388","0.09230071306228638"
"655","0.08352903462946415","0.07871142029762268","0.09043999016284943","0.22529950737953186","0.213234081864357","0.23797622323036194","0.16836504141489664","0.1510172188282013","0.1796795129776001","0.08443323895335197","0.0785917118191719","0.09197568893432617","0.08386530354619026","0.07904721796512604","0.09015104174613953"
"656","0.08452964760363102","0.08079013228416443","0.08977362513542175","0.2107299417257309","0.20374056696891785","0.2196647822856903","0.15527206162611643","0.15101996064186096","0.15828880667686462","0.08546935580670834","0.08211560547351837","0.09104721248149872","0.08485127985477448","0.0813184529542923","0.09032648801803589"
"657","0.08157417736947536","0.07559962570667267","0.08894822746515274","0.21290867403149605","0.20689751207828522","0.22527188062667847","0.15852518876393637","0.15036353468894958","0.16957774758338928","0.08236903697252274","0.07679129391908646","0.09021008014678955","0.08189329877495766","0.07608415186405182","0.08873441815376282"
"658","0.08046586625277996","0.07148917764425278","0.08785401284694672","0.2128724530339241","0.1930285394191742","0.22310537099838257","0.1603872130314509","0.1445859670639038","0.17488117516040802","0.08121822029352188","0.07245172560214996","0.08776223659515381","0.08074963465332985","0.07130949199199677","0.08825649321079254"
"659","0.08851948007941246","0.08099284768104553","0.09201046824455261","0.22153786942362785","0.20527882874011993","0.2356298714876175","0.1633433053890864","0.14884817600250244","0.17195676267147064","0.08945286273956299","0.08224774897098541","0.09321200847625732","0.08891542442142963","0.08084658533334732","0.09254264086484909"
"660","0.09423918463289738","0.08169765770435333","0.10067489743232727","0.23927214369177818","0.20949719846248627","0.2558203935623169","0.17441451052824655","0.15818394720554352","0.18493019044399261","0.09544448181986809","0.08310966193675995","0.10236292332410812","0.09471196122467518","0.0825657844543457","0.10158076882362366"
"661","0.08696500211954117","0.08222796767950058","0.09288370609283447","0.22519388422369957","0.21341893076896667","0.24458253383636475","0.16104447841644287","0.155158132314682","0.16630810499191284","0.08781136572360992","0.08365803211927414","0.09413981437683105","0.08733989298343658","0.0821705013513565","0.09345925599336624"
"662","0.08456434309482574","0.07763003557920456","0.096165731549263","0.21533247083425522","0.1927856206893921","0.24659159779548645","0.16026233633359274","0.14281362295150757","0.18576523661613464","0.0853792130947113","0.07869035750627518","0.09607398509979248","0.08495299331843853","0.07835142314434052","0.0966508537530899"
"663","0.08371421881020069","0.06961296498775482","0.09405836462974548","0.215418241918087","0.19256111979484558","0.24547889828681946","0.14923676351706186","0.12898746132850647","0.16180264949798584","0.08456533029675484","0.06945622712373734","0.09492318332195282","0.08400044403970242","0.06991755217313766","0.09446317702531815"
"664","0.0777575932443142","0.06778854876756668","0.09037557989358902","0.2117420919239521","0.19633206725120544","0.22501790523529053","0.1513913869857788","0.1370880901813507","0.1655242145061493","0.07849418371915817","0.06862478703260422","0.09173746407032013","0.07806124165654182","0.06833536922931671","0.09006090462207794"
"665","0.08203571103513241","0.07384536415338516","0.08995790779590607","0.2221454679965973","0.21135784685611725","0.24076974391937256","0.1512503226598104","0.14509791135787964","0.1559140682220459","0.08272315002977848","0.07496058940887451","0.09081491827964783","0.08234208077192307","0.07348310947418213","0.09027822315692902"
"666","0.08493097871541977","0.0669090524315834","0.09517531096935272","0.22112642228603363","0.19425857067108154","0.23598718643188477","0.15895776450634003","0.14260832965373993","0.16741740703582764","0.08565801195800304","0.06800476461648941","0.09596757590770721","0.08518104627728462","0.06661113351583481","0.09537776559591293"
"667","0.08066205307841301","0.07869548350572586","0.08374372869729996","0.21382801607251167","0.2060270756483078","0.23139867186546326","0.15453888972600302","0.1480313390493393","0.16483637690544128","0.08143743127584457","0.07941768318414688","0.08356574177742004","0.0809552613645792","0.07903160154819489","0.0841943621635437"
"668","0.09645918011665344","0.0891251415014267","0.10786639899015427","0.23640695586800575","0.22800470888614655","0.24949252605438232","0.17949332296848297","0.17001372575759888","0.19791801273822784","0.0972954984754324","0.09027861803770065","0.10921213030815125","0.09680582024157047","0.0898992195725441","0.10739140212535858"
"669","0.08041158504784107","0.07733816653490067","0.08366730064153671","0.20609834417700768","0.19390064477920532","0.22620771825313568","0.16012627383073172","0.14863264560699463","0.16917987167835236","0.08121718093752861","0.07711474597454071","0.08480563759803772","0.08065931871533394","0.07755576074123383","0.0835014134645462"
"670","0.08438517712056637","0.07931015640497208","0.09057946503162384","0.22713448852300644","0.21341702342033386","0.24911871552467346","0.16074374814828238","0.15370957553386688","0.16733258962631226","0.085117157548666","0.08012165129184723","0.09180286526679993","0.08465542271733284","0.07991929352283478","0.09112502634525299"
"671","0.08170623145997524","0.06988580524921417","0.09461863338947296","0.20669559389352798","0.18948259949684143","0.2346433401107788","0.15430496136347452","0.1370762586593628","0.17204828560352325","0.08244722336530685","0.07137233018875122","0.09436646103858948","0.08207574672996998","0.06977684795856476","0.09499625116586685"
"672","0.08747262135148048","0.07832035422325134","0.10044534504413605","0.22656235471367836","0.21043884754180908","0.25375884771347046","0.15948708852132162","0.1554003655910492","0.16508179903030396","0.08825301192700863","0.07974114269018173","0.10155343264341354","0.08778347633779049","0.07819081842899323","0.10102905333042145"
"673","0.09000450186431408","0.07377098500728607","0.10073066502809525","0.2354053184390068","0.212665393948555","0.2549208104610443","0.18148887157440186","0.1709701120853424","0.18940401077270508","0.0909107755869627","0.07491146773099899","0.10227172076702118","0.09035391919314861","0.07442425191402435","0.1002771407365799"
"674","0.07952778227627277","0.07235752791166306","0.09259621798992157","0.20911666750907898","0.190511092543602","0.23724965751171112","0.14691493411858877","0.1423388421535492","0.15290632843971252","0.08033222705125809","0.07241204380989075","0.09383922815322876","0.07984836958348751","0.07295218110084534","0.09321515262126923"
"675","0.09038163349032402","0.07158634066581726","0.10721075534820557","0.22930391132831573","0.20538854598999023","0.2610311806201935","0.18150213360786438","0.1653617024421692","0.2022898644208908","0.0913151428103447","0.0724492073059082","0.10883690416812897","0.09068778343498707","0.0719519779086113","0.10788647830486298"
"676","0.08038944192230701","0.07114800810813904","0.08928428590297699","0.21363461390137672","0.20342731475830078","0.22192494571208954","0.15145942568778992","0.14454397559165955","0.15794339776039124","0.08109613135457039","0.07192976772785187","0.09049706906080246","0.08067681081593037","0.07070766389369965","0.08999927341938019"
"677","0.08444700762629509","0.07596196979284286","0.0888185054063797","0.2165474034845829","0.19901160895824432","0.22535161674022675","0.15461360911528269","0.14173811674118042","0.16176365315914154","0.08523701131343842","0.07747295498847961","0.08856967091560364","0.08468745276331902","0.07657475769519806","0.08913149684667587"
"678","0.08450455218553543","0.07433851808309555","0.0931878313422203","0.21779583767056465","0.19710905849933624","0.23337388038635254","0.16313332815965018","0.1428055316209793","0.17848151922225952","0.0853719562292099","0.07541852444410324","0.09281864017248154","0.08479025028645992","0.07478415220975876","0.09364037215709686"
"679","0.087701216340065","0.08090529590845108","0.10352567583322525","0.22319011390209198","0.21145856380462646","0.24776509404182434","0.16550185779730478","0.15583068132400513","0.18317201733589172","0.08855805918574333","0.08058565855026245","0.10496646165847778","0.08807061985135078","0.08134247362613678","0.1042729988694191"
"680","0.08393057808279991","0.06920159608125687","0.09338288009166718","0.20596051961183548","0.1794949173927307","0.21974214911460876","0.15320434669653574","0.13566219806671143","0.17248477041721344","0.08497933857142925","0.06895500421524048","0.09529582411050797","0.08436123095452785","0.06953772157430649","0.09453576803207397"
"681","0.07866883464157581","0.0671565979719162","0.0936126857995987","0.20877233892679214","0.1822030395269394","0.23865249752998352","0.15619079768657684","0.13836030662059784","0.181936115026474","0.07936636731028557","0.06800024211406708","0.09346912801265717","0.07897130586206913","0.06685353815555573","0.0941871702671051"
"682","0.0871557742357254","0.07615940272808075","0.09572641551494598","0.2203868143260479","0.19969916343688965","0.23393897712230682","0.16491671899954477","0.14599183201789856","0.1751316338777542","0.08819981664419174","0.07606588304042816","0.0969742089509964","0.08754346147179604","0.07667380571365356","0.09632834047079086"
"683","0.08226281590759754","0.07849545776844025","0.08537329733371735","0.21213337406516075","0.19444811344146729","0.22324837744235992","0.15319523711999258","0.141783207654953","0.16124215722084045","0.08312815800309181","0.07964907586574554","0.08601760864257812","0.08263408578932285","0.07898639142513275","0.08585167676210403"
"684","0.08309776708483696","0.06901165843009949","0.0975479707121849","0.20992758497595787","0.192732036113739","0.23224693536758423","0.14671094715595245","0.13030971586704254","0.1692402958869934","0.08387031592428684","0.06869950145483017","0.09895682334899902","0.08353585004806519","0.06949130445718765","0.0976133644580841"
"685","0.08384001813828945","0.07966151088476181","0.08737802505493164","0.21415279805660248","0.2065715193748474","0.2271505743265152","0.16410412887732187","0.1534004807472229","0.17641393840312958","0.08453049324452877","0.0807831734418869","0.08838778734207153","0.08408334292471409","0.08006546646356583","0.08762875199317932"
"686","0.0906780157238245","0.07874924689531326","0.11014964431524277","0.23044861108064651","0.21143856644630432","0.2523576617240906","0.1679819424947103","0.1489982008934021","0.1933511197566986","0.0916383471339941","0.0785655826330185","0.11174947023391724","0.0910284798592329","0.0790785700082779","0.11108028143644333"
"687","0.09072024002671242","0.07729659974575043","0.1093691736459732","0.22184263542294502","0.19963106513023376","0.23539212346076965","0.16475963592529297","0.14789755642414093","0.1835888773202896","0.09159835614264011","0.07712819427251816","0.11084390431642532","0.09101345203816891","0.07758055627346039","0.1101670116186142"
"688","0.08856631070375443","0.08546386659145355","0.09344276040792465","0.22294990345835686","0.20891715586185455","0.23480255901813507","0.16471895575523376","0.15643605589866638","0.17120659351348877","0.08935253322124481","0.08627568185329437","0.09323412925004959","0.08883601054549217","0.08585844933986664","0.09375862777233124"
"689","0.07357954978942871","0.06494435667991638","0.08183906972408295","0.1920759305357933","0.18009448051452637","0.20456759631633759","0.14077899356683096","0.12775692343711853","0.15132327377796173","0.07450659945607185","0.06486889719963074","0.08331117033958435","0.07381783425807953","0.065191850066185","0.08146519958972931"
"690","0.08597513101994991","0.06932515650987625","0.10037688910961151","0.21466203033924103","0.19244161248207092","0.24004460871219635","0.16859189172585806","0.1551526039838791","0.18313094973564148","0.08680504374206066","0.07027371227741241","0.10152441263198853","0.08612226322293282","0.06967248022556305","0.1006525307893753"
"691","0.09032553061842918","0.08518889546394348","0.09567208588123322","0.22183456271886826","0.21068920195102692","0.2369595319032669","0.17028176287810007","0.16271530091762543","0.1774187982082367","0.09131641872227192","0.08630619943141937","0.09690310060977936","0.09059898741543293","0.08576631546020508","0.09621715545654297"
"692","0.08589050360023975","0.0813167467713356","0.08928769826889038","0.2110075168311596","0.20670218765735626","0.21700868010520935","0.15758352975050607","0.15295742452144623","0.1627097725868225","0.08668679371476173","0.08252839744091034","0.09060852974653244","0.08620500937104225","0.08194515854120255","0.0891205370426178"
"693","0.07723212987184525","0.07433092594146729","0.08014874160289764","0.19833648577332497","0.18998786807060242","0.21169623732566833","0.15467210114002228","0.15317076444625854","0.15631243586540222","0.07784895412623882","0.07502003014087677","0.07981816679239273","0.07746762968599796","0.07453219592571259","0.0804474949836731"
"694","0.0885307602584362","0.07925323396921158","0.10405407845973969","0.2260197177529335","0.1979033350944519","0.24315997958183289","0.167990709344546","0.1522914618253708","0.18340080976486206","0.08940838649868965","0.07907667756080627","0.10535895824432373","0.0888950526714325","0.0797402635216713","0.10466635227203369"
"695","0.08363649621605873","0.07579636573791504","0.08972956985235214","0.21016864478588104","0.19890950620174408","0.2180325984954834","0.16400915880997977","0.15218092501163483","0.17129167914390564","0.08438420295715332","0.0755499005317688","0.0908232182264328","0.08379020541906357","0.07599207758903503","0.09003831446170807"
"696","0.07880404219031334","0.07124205678701401","0.08925153315067291","0.20787568390369415","0.1905055046081543","0.22408172488212585","0.16636227071285248","0.15133561193943024","0.17451877892017365","0.07966381683945656","0.07109860330820084","0.09041820466518402","0.07909427210688591","0.07175175845623016","0.08944852650165558"
"697","0.0803625974804163","0.06377628445625305","0.09617436677217484","0.20358607172966003","0.17592771351337433","0.23217347264289856","0.1563432216644287","0.14681458473205566","0.17132680118083954","0.08120774105191231","0.06474711000919342","0.09772152453660965","0.08065112121403217","0.0642540380358696","0.09592589735984802"
"698","0.09070202149450779","0.08537684381008148","0.0960545688867569","0.22859235107898712","0.2137778103351593","0.23890575766563416","0.1708196351925532","0.15644893050193787","0.1790972203016281","0.0914880558848381","0.08650626242160797","0.09717229008674622","0.09109848365187645","0.08584775030612946","0.09675182402133942"
"699","0.08198260888457298","0.07836174964904785","0.08570990711450577","0.21107611805200577","0.2003019005060196","0.216758131980896","0.1548363467057546","0.1446700096130371","0.16493499279022217","0.08286912925541401","0.07967391610145569","0.0854816883802414","0.08237218856811523","0.07892799377441406","0.08611506968736649"
"700","0.07833835110068321","0.06543917953968048","0.0846768394112587","0.20031528547406197","0.19446048140525818","0.20831531286239624","0.14734275142351785","0.13328240811824799","0.15479347109794617","0.07910571806132793","0.06635646522045135","0.08589750528335571","0.07854435965418816","0.06576164066791534","0.08507372438907623"
"701","0.08084726706147194","0.07231971621513367","0.09228844195604324","0.1983562856912613","0.1831205189228058","0.21007052063941956","0.16096488138039908","0.1499984860420227","0.17842444777488708","0.08158678933978081","0.07341527193784714","0.09210019558668137","0.08129608258605003","0.07230167835950851","0.092714823782444"
"702","0.08754053898155689","0.0757693499326706","0.09975963085889816","0.2092694267630577","0.18767547607421875","0.23532265424728394","0.1583635856707891","0.13980375230312347","0.17818868160247803","0.08825264498591423","0.0768677145242691","0.09944279491901398","0.08782567083835602","0.07547896355390549","0.10032595694065094"
"703","0.08508311957120895","0.07770521938800812","0.09581392258405685","0.2063807100057602","0.1927826702594757","0.2122620940208435","0.1498298148314158","0.1405271291732788","0.15679243206977844","0.08593101985752583","0.0788353830575943","0.09674101322889328","0.08539376221597195","0.07753597944974899","0.09613119065761566"
"704","0.07858248986303806","0.06356927752494812","0.09503911435604095","0.2118336260318756","0.1879793107509613","0.24042664468288422","0.14491534233093262","0.1282854974269867","0.15431368350982666","0.07915785163640976","0.06440681219100952","0.09585173428058624","0.07875030860304832","0.06395187973976135","0.0953323096036911"
"705","0.0789697989821434","0.0730828195810318","0.08477957546710968","0.20564250275492668","0.19497689604759216","0.22174109518527985","0.15644390881061554","0.14343160390853882","0.16309961676597595","0.0796992089599371","0.07293515652418137","0.08556803315877914","0.07924988679587841","0.07337068021297455","0.08521855622529984"
"706","0.0854022279381752","0.07927975058555603","0.09454890340566635","0.21135074645280838","0.20600715279579163","0.22308418154716492","0.16110593577226004","0.15272824466228485","0.17178380489349365","0.08618402481079102","0.07899905741214752","0.0957983136177063","0.08573711663484573","0.07947172224521637","0.09461822360754013"
"707","0.08189153671264648","0.07086549699306488","0.09738831222057343","0.20144705846905708","0.1805235892534256","0.22771921753883362","0.16240321596463522","0.14299276471138","0.18674811720848083","0.08301260322332382","0.07078603655099869","0.09995703399181366","0.08218609541654587","0.07124630361795425","0.09730963408946991"
"708","0.08227177709341049","0.07428163290023804","0.08630575239658356","0.20663748309016228","0.18812355399131775","0.21839052438735962","0.15588959554831186","0.14519761502742767","0.16194717586040497","0.08304097503423691","0.07404939085245132","0.08750244975090027","0.08249245211482048","0.07459145784378052","0.08607129752635956"
"709","0.08301698416471481","0.07212153822183609","0.09739043563604355","0.2158391736447811","0.1934327632188797","0.22938388586044312","0.16140636801719666","0.1470170021057129","0.18078994750976562","0.08400164544582367","0.07420888543128967","0.09719464182853699","0.08327328599989414","0.07215062528848648","0.09766320884227753"
"710","0.0817128848284483","0.06639891862869263","0.09080573916435242","0.2212466150522232","0.18756070733070374","0.24855545163154602","0.16014920671780905","0.13357168436050415","0.17856955528259277","0.08275370672345161","0.06620822846889496","0.09253183752298355","0.08219391293823719","0.06670630723237991","0.09207368642091751"
"711","0.08205723017454147","0.07693327963352203","0.09041015803813934","0.21002569794654846","0.20355230569839478","0.21643953025341034","0.15370525419712067","0.14341802895069122","0.15996254980564117","0.08286475390195847","0.07806656509637833","0.09175583720207214","0.08242051489651203","0.07658066600561142","0.09139221161603928"
"712","0.07969927042722702","0.0757668986916542","0.08738097548484802","0.217649906873703","0.21060454845428467","0.22185397148132324","0.15584842363993326","0.1526414453983307","0.16220124065876007","0.08051655255258083","0.07572824507951736","0.08841688930988312","0.0799604244530201","0.07616366446018219","0.08794823288917542"
"713","0.08533748425543308","0.07175925374031067","0.10327014327049255","0.20925205945968628","0.19432702660560608","0.2364935725927353","0.16532949606577554","0.15336394309997559","0.1861412227153778","0.08613182790577412","0.07293067872524261","0.10457196086645126","0.08573930151760578","0.07190843671560287","0.10390147566795349"
"714","0.08570483885705471","0.07854514569044113","0.09529425203800201","0.20864612609148026","0.1917845904827118","0.22369559109210968","0.1548986037572225","0.1427842378616333","0.16426613926887512","0.08636404015123844","0.07964077591896057","0.09498661011457443","0.08602841757237911","0.07903357595205307","0.09582842141389847"
"715","0.08271652832627296","0.06945274770259857","0.0942477434873581","0.20418331399559975","0.1822935938835144","0.2259923666715622","0.16009820501009622","0.1395268589258194","0.17338278889656067","0.08364780806005001","0.06930951774120331","0.0958833172917366","0.08311174809932709","0.06988457590341568","0.09410035610198975"
"716","0.08018896915018559","0.0637076199054718","0.09453949332237244","0.19108127430081367","0.17142263054847717","0.21577736735343933","0.14633339395125708","0.12229350954294205","0.17103898525238037","0.0808967761695385","0.06448918581008911","0.09586171060800552","0.080440703779459","0.06407809257507324","0.09453297406435013"
"717","0.08038412407040596","0.06380030512809753","0.09431593120098114","0.20959582179784775","0.17780256271362305","0.23243261873722076","0.15372576316197714","0.13452717661857605","0.18265408277511597","0.0812445767223835","0.06366836279630661","0.09566615521907806","0.08062068372964859","0.06409686803817749","0.09394244849681854"
"718","0.08675521612167358","0.08040067553520203","0.09070679545402527","0.21239852905273438","0.20196901261806488","0.2177986204624176","0.16225517292817435","0.14971566200256348","0.17072980105876923","0.08774729073047638","0.08140435814857483","0.09260334819555283","0.08705037832260132","0.08087044209241867","0.09057597070932388"
"719","0.08417546935379505","0.07490257173776627","0.09437686204910278","0.22360030189156532","0.20658734440803528","0.25532618165016174","0.15221389134724936","0.14190763235092163","0.1588423103094101","0.0851761382073164","0.07628532499074936","0.09591434895992279","0.08464067801833153","0.07483403384685516","0.09511341154575348"
"720","0.07829610258340836","0.06893035769462585","0.09028799831867218","0.20300964638590813","0.18860019743442535","0.21496938169002533","0.1482535550991694","0.13488228619098663","0.161183163523674","0.07915658876299858","0.06870359927415848","0.0915084183216095","0.07861998304724693","0.06928407400846481","0.09120655059814453"
"721","0.08856891468167305","0.08517443388700485","0.09588246047496796","0.2297527752816677","0.21744990348815918","0.2456781268119812","0.16925661265850067","0.16305223107337952","0.1795670986175537","0.08934652991592884","0.08554306626319885","0.0973043441772461","0.08891782909631729","0.08585929870605469","0.09600117057561874"
"722","0.08602134883403778","0.07162295281887054","0.09375821799039841","0.22321756184101105","0.21288275718688965","0.2361290603876114","0.17020127673943838","0.16838425397872925","0.1716214269399643","0.08666510693728924","0.07247330248355865","0.09452631324529648","0.08634820953011513","0.07205755263566971","0.09427399933338165"
"723","0.0876416303217411","0.07207248359918594","0.10363761335611343","0.20613178238272667","0.1837678700685501","0.23466412723064423","0.16954576472441354","0.15412083268165588","0.18932874500751495","0.08862615190446377","0.07294677197933197","0.10571713745594025","0.08804469369351864","0.07230627536773682","0.10391715914011002"
"724","0.08809059858322144","0.08187863230705261","0.09591911733150482","0.21598270535469055","0.20855292677879333","0.229067862033844","0.16415263215700784","0.15622758865356445","0.17558252811431885","0.08892597630620003","0.08178490400314331","0.09718034416437149","0.0885152705013752","0.0822434052824974","0.09665115177631378"
"725","0.08826290816068649","0.07337749004364014","0.10730230808258057","0.2081119492650032","0.19498497247695923","0.2377774715423584","0.16220812499523163","0.1495583951473236","0.18095295131206512","0.08912731520831585","0.07473555952310562","0.10834675282239914","0.08864258974790573","0.07302842289209366","0.10802040994167328"
"726","0.0750026237219572","0.05922582745552063","0.09494039416313171","0.19592581689357758","0.17694470286369324","0.21714678406715393","0.13759537041187286","0.12568065524101257","0.1592368483543396","0.07581798546016216","0.06027867645025253","0.09598296880722046","0.0753144295886159","0.059052009135484695","0.09541861712932587"
"727","0.08658876828849316","0.07630524039268494","0.09434446692466736","0.20669128745794296","0.1966065913438797","0.221574604511261","0.16143972675005594","0.14790001511573792","0.17169804871082306","0.08731631934642792","0.07719241082668304","0.09413802623748779","0.08687398210167885","0.07690076529979706","0.09482119977474213"
"728","0.09069213084876537","0.08227109909057617","0.10194826126098633","0.22381066158413887","0.2043820470571518","0.25745439529418945","0.17328310509522757","0.1559295654296875","0.19082945585250854","0.09138622134923935","0.08208584785461426","0.10296693444252014","0.0909118801355362","0.08255644142627716","0.10267144441604614"
"729","0.10266257636249065","0.0914599820971489","0.11571700870990753","0.24398173391819","0.2202315330505371","0.26864099502563477","0.18489353358745575","0.1683312952518463","0.2018866091966629","0.10375660844147205","0.09289885312318802","0.11756600439548492","0.10310705937445164","0.09232010692358017","0.11515340209007263"
"730","0.0856958981603384","0.07280351221561432","0.09398404508829117","0.21160709857940674","0.19384029507637024","0.23047664761543274","0.16651078561941782","0.16153226792812347","0.17155060172080994","0.08641357161104679","0.07382084429264069","0.0948549285531044","0.08598703891038895","0.07322054356336594","0.09460471570491791"
"731","0.08677825890481472","0.07830505073070526","0.10079644620418549","0.20711467042565346","0.19422557950019836","0.22676962614059448","0.1620223472515742","0.14367401599884033","0.1812564581632614","0.08754764497280121","0.07921594381332397","0.10047267377376556","0.08705505914986134","0.07857859134674072","0.1010170727968216"
"732","0.08626976236701012","0.0783146470785141","0.09606347978115082","0.21503962948918343","0.20170509815216064","0.22891846299171448","0.15839314957459769","0.15250304341316223","0.16966471076011658","0.08724573627114296","0.07975564152002335","0.09743698686361313","0.0866705384105444","0.07840213179588318","0.09661455452442169"
"733","0.08665179274976254","0.08114497363567352","0.09061159193515778","0.20923017337918282","0.19482935965061188","0.2178162932395935","0.15935467183589935","0.15088310837745667","0.16382570564746857","0.08738820813596249","0.0823284462094307","0.09043540060520172","0.08684985153377056","0.08088552951812744","0.09080592542886734"
"734","0.08457931317389011","0.07131727039813995","0.10632768273353577","0.21467049419879913","0.19648399949073792","0.24938690662384033","0.1616339534521103","0.14062286913394928","0.1908719390630722","0.08544981107115746","0.07124661654233932","0.10771510004997253","0.08476552553474903","0.07158173620700836","0.10605040192604065"
"735","0.08275817707180977","0.07429280132055283","0.08893795311450958","0.21786092221736908","0.18961484730243683","0.2393711805343628","0.15811165670553842","0.14471328258514404","0.17157770693302155","0.08375948667526245","0.07546208798885345","0.09040205180644989","0.08310016244649887","0.0740145593881607","0.08959683030843735"
"736","0.07670080661773682","0.0651608556509018","0.08530084788799286","0.1979403905570507","0.1886260211467743","0.20358139276504517","0.1500741938749949","0.14143988490104675","0.16106273233890533","0.07758395746350288","0.06489317119121552","0.08679990470409393","0.07702542468905449","0.06544297933578491","0.08514554798603058"
"737","0.08648630790412426","0.07445438951253891","0.09872336685657501","0.2129325196146965","0.1993812471628189","0.22935044765472412","0.15565134584903717","0.1489160656929016","0.16590487957000732","0.08718240633606911","0.07544457167387009","0.09963490068912506","0.08678433671593666","0.07440580427646637","0.0990099310874939"
"738","0.08350743539631367","0.07981419563293457","0.08950017392635345","0.20333478599786758","0.19067227840423584","0.22124412655830383","0.1492669185002645","0.14276723563671112","0.16080713272094727","0.08431744202971458","0.08050844073295593","0.09095336496829987","0.08390054106712341","0.08013370633125305","0.0897611677646637"
"739","0.0902931559830904","0.08142101764678955","0.09765595942735672","0.21321327611804008","0.20700418949127197","0.22583332657814026","0.16973724961280823","0.14992031455039978","0.18507114052772522","0.09102451242506504","0.08237669616937637","0.0991174578666687","0.09067331999540329","0.08209998160600662","0.0975637286901474"
"740","0.09022481180727482","0.08247604966163635","0.1099492758512497","0.20848093554377556","0.19338664412498474","0.23739886283874512","0.17098002632459006","0.15814082324504852","0.19270896911621094","0.09073557332158089","0.08336188644170761","0.10958684980869293","0.09047126024961472","0.08271452784538269","0.11051999032497406"
"741","0.08654419332742691","0.0738953948020935","0.09547895193099976","0.21403787285089493","0.19239091873168945","0.24167707562446594","0.15560001134872437","0.14316511154174805","0.16284890472888947","0.08728505484759808","0.07472962141036987","0.0966595858335495","0.08687039464712143","0.07371990382671356","0.0959046259522438"
"742","0.08011960983276367","0.07101228833198547","0.09820866584777832","0.19894229248166084","0.17902857065200806","0.24652211368083954","0.15590199828147888","0.134431391954422","0.19373434782028198","0.0807633325457573","0.07189294695854187","0.09787723422050476","0.08040565252304077","0.07132230699062347","0.0986543744802475"
"743","0.09047103486955166","0.081340491771698","0.10183660686016083","0.22122960910201073","0.21276746690273285","0.2300918698310852","0.17033532758553824","0.15741685032844543","0.18241533637046814","0.09129847027361393","0.08119669556617737","0.10309043526649475","0.09088298678398132","0.08177395164966583","0.10267749428749084"
"744","0.08314150758087635","0.07693952322006226","0.09615179151296616","0.20721608772873878","0.19656404852867126","0.22554488480091095","0.14740310609340668","0.14219139516353607","0.15309323370456696","0.08383572660386562","0.07774665206670761","0.09741107374429703","0.08339103497564793","0.07662038505077362","0.09671534597873688"
"745","0.07668839581310749","0.06865738332271576","0.08625641465187073","0.19699882343411446","0.1866086721420288","0.20743100345134735","0.14822827776273093","0.13822534680366516","0.1552015244960785","0.07747428305447102","0.06973345577716827","0.08741110563278198","0.07692897133529186","0.06897933781147003","0.08696615695953369"
"746","0.08316489681601524","0.0732908695936203","0.0904545858502388","0.20362787693738937","0.1936747431755066","0.2116844356060028","0.16035268704096475","0.14846350252628326","0.16859528422355652","0.08403975889086723","0.07445105910301208","0.09177801012992859","0.08346991799771786","0.07301647961139679","0.09105058759450912"
"747","0.08275401405990124","0.07784576714038849","0.09421488642692566","0.20548760518431664","0.20086470246315002","0.21211731433868408","0.1539914757013321","0.1476384997367859","0.16526204347610474","0.08349870704114437","0.07776220887899399","0.09524530172348022","0.082953792065382","0.07811064273118973","0.09460997581481934"
"748","0.07860423997044563","0.07631772011518478","0.08172327280044556","0.20039184018969536","0.192468523979187","0.21022631227970123","0.1508154720067978","0.1468382030725479","0.15451817214488983","0.0792388767004013","0.0763072520494461","0.08262418210506439","0.07887010462582111","0.07633833587169647","0.08203308284282684"
"749","0.077736746519804","0.07211607694625854","0.08617961406707764","0.19337881729006767","0.18472599983215332","0.19963200390338898","0.15210158129533133","0.1369537115097046","0.16264113783836365","0.07840706780552864","0.07285778969526291","0.0875101089477539","0.07803615555167198","0.07261627912521362","0.08623585850000381"
"750","0.08343351073563099","0.06968048959970474","0.09580004215240479","0.1957859918475151","0.18022772669792175","0.20978876948356628","0.15176944931348166","0.13746139407157898","0.1676775962114334","0.08402767032384872","0.07063581049442291","0.09525366872549057","0.08372973836958408","0.06954070925712585","0.09590798616409302"
"751","0.07956000603735447","0.07015964388847351","0.0885462835431099","0.20317337661981583","0.18972136080265045","0.21103490889072418","0.14987879494825998","0.14023026823997498","0.1603352427482605","0.08022673428058624","0.06974614411592484","0.08980118483304977","0.07978398352861404","0.0703248381614685","0.08840540796518326"
"753","0.08586832322180271","0.07367786020040512","0.10792194306850433","0.20991116762161255","0.19004622101783752","0.2439790666103363","0.16000960767269135","0.13896502554416656","0.18986734747886658","0.0867634192109108","0.07341701537370682","0.10966315865516663","0.086145443841815","0.07396095246076584","0.107572041451931"
"754","0.08928696997463703","0.0813225507736206","0.09490681439638138","0.21150358393788338","0.1937723457813263","0.22783999145030975","0.1630751589934031","0.14334876835346222","0.1748199760913849","0.08992583490908146","0.08200448751449585","0.0953909307718277","0.08933162689208984","0.08130727708339691","0.09521786868572235"
"755","0.07834097184240818","0.07220946252346039","0.08285844326019287","0.19619783759117126","0.17654405534267426","0.212921604514122","0.14410811165968576","0.12824039161205292","0.15892717242240906","0.07897760532796383","0.07291033864021301","0.08380202949047089","0.0785162691026926","0.0726768970489502","0.08238214254379272"
"756","0.07995260506868362","0.07616126537322998","0.08477906882762909","0.20205552130937576","0.19313853979110718","0.2116517722606659","0.14543256163597107","0.13914206624031067","0.15025648474693298","0.08082898519933224","0.07730849087238312","0.08609992265701294","0.08030861057341099","0.07671581953763962","0.08552594482898712"
"757","0.0788588784635067","0.07241343706846237","0.0900961309671402","0.19510779529809952","0.18424047529697418","0.20390471816062927","0.14975977937380472","0.14472860097885132","0.15715137124061584","0.07963893003761768","0.07386007905006409","0.09127290546894073","0.0792804304510355","0.07260004431009293","0.09082897007465363"
"758","0.0897187776863575","0.08564072102308273","0.09468549489974976","0.22122735530138016","0.20012487471103668","0.23997239768505096","0.17140517632166544","0.15197525918483734","0.1889810860157013","0.09053575247526169","0.08714418858289719","0.09586688876152039","0.09018796123564243","0.08577130734920502","0.09518054872751236"
"759","0.08387803100049496","0.07659775018692017","0.09242602437734604","0.20321812480688095","0.18487322330474854","0.21678908169269562","0.1493429640928904","0.13967975974082947","0.16083389520645142","0.08457564003765583","0.0775928869843483","0.09209360927343369","0.08418728411197662","0.07648792117834091","0.09301435947418213"
"760","0.0814498271793127","0.0774412453174591","0.08730707317590714","0.19681471586227417","0.18740613758563995","0.21221810579299927","0.14219802618026733","0.13645397126674652","0.14630359411239624","0.0821488369256258","0.07810834050178528","0.08833327889442444","0.0817653201520443","0.0773935317993164","0.08785689622163773"
"761","0.08732127211987972","0.07989716529846191","0.09670618176460266","0.21464812010526657","0.19809184968471527","0.2331584244966507","0.16050129135449728","0.15308162569999695","0.16884072124958038","0.08815679885447025","0.08139266073703766","0.09776941686868668","0.08763780444860458","0.07988544553518295","0.0971258282661438"
"762","0.08469169773161411","0.07733061909675598","0.09205929934978485","0.2013462819159031","0.18818992376327515","0.21498897671699524","0.15513460834821066","0.1440647840499878","0.17164649069309235","0.08553280681371689","0.07716237753629684","0.0934542715549469","0.08497381955385208","0.07759980112314224","0.09190193563699722"
"763","0.08619263395667076","0.07618749141693115","0.10337257385253906","0.1998443715274334","0.18563362956047058","0.22482839226722717","0.15401978294054666","0.1389601081609726","0.17188140749931335","0.08682695031166077","0.07719109952449799","0.10429443418979645","0.0863584466278553","0.07592584192752838","0.10360915213823318"
"764","0.07645455561578274","0.0713663101196289","0.08077125251293182","0.18995190411806107","0.18233910202980042","0.1925303339958191","0.1450974146525065","0.1393425315618515","0.14945682883262634","0.07706772722303867","0.0720018595457077","0.08194280415773392","0.0767274759709835","0.07168886065483093","0.08062456548213959"
"765","0.08596104383468628","0.07152047753334045","0.11945647746324539","0.2128407284617424","0.18383878469467163","0.26455292105674744","0.16628429293632507","0.1361674666404724","0.20435971021652222","0.08659789524972439","0.0722997635602951","0.11932754516601562","0.0861846525222063","0.07176381349563599","0.11993098258972168"
"766","0.09550363756716251","0.08655247092247009","0.11166253685951233","0.2219225987792015","0.21213200688362122","0.2434939742088318","0.17685229579607645","0.16385284066200256","0.19216886162757874","0.09626478888094425","0.08731283247470856","0.11140891164541245","0.0957607626914978","0.08669833838939667","0.11224713176488876"
"767","0.08590099215507507","0.07741627097129822","0.09911802411079407","0.2119818776845932","0.20095136761665344","0.23468269407749176","0.16344776252905527","0.15064674615859985","0.18210889399051666","0.08661113306879997","0.0786220133304596","0.09892673790454865","0.08617611415684223","0.07736779749393463","0.09958652406930923"
"768","0.09418505243957043","0.08670078963041306","0.10796727240085602","0.21465130522847176","0.19899047911167145","0.24232381582260132","0.17161325613657633","0.15577325224876404","0.19641965627670288","0.09513954445719719","0.08653655648231506","0.1097453311085701","0.09461527690291405","0.08707036077976227","0.10818076133728027"
"769","0.07603755593299866","0.0670463889837265","0.090457022190094","0.18855344876646996","0.17551957070827484","0.21163271367549896","0.14421996970971426","0.13580186665058136","0.15727153420448303","0.07680793292820454","0.06806192547082901","0.09179051220417023","0.0763534102588892","0.06769948452711105","0.09106506407260895"
"770","0.09116690047085285","0.08427692949771881","0.09587828069925308","0.2183903604745865","0.20627765357494354","0.22368982434272766","0.16639976700146994","0.16296976804733276","0.1703319400548935","0.09206612966954708","0.08563792705535889","0.09560278058052063","0.09146593697369099","0.08494235575199127","0.09609831869602203"
"771","0.08075772598385811","0.0699092224240303","0.09231927990913391","0.20002451166510582","0.18332736194133759","0.2218593955039978","0.15893707672754923","0.14778578281402588","0.17211571335792542","0.08137664943933487","0.07072383165359497","0.09207658469676971","0.08101825416088104","0.07032527774572372","0.09267939627170563"
"772","0.08541460335254669","0.07035639882087708","0.09835793077945709","0.205962423235178","0.18842314183712006","0.22373026609420776","0.16018851101398468","0.15542159974575043","0.16923967003822327","0.08624831400811672","0.07130134850740433","0.09988529980182648","0.0857345424592495","0.07079394161701202","0.09839244186878204"
"773","0.08289470709860325","0.07097406685352325","0.09215516597032547","0.19875465333461761","0.18030273914337158","0.21028530597686768","0.14844401677449545","0.13058456778526306","0.1595821976661682","0.08361437730491161","0.07170980423688889","0.09326852858066559","0.08326668292284012","0.07148383557796478","0.09277693927288055"
"774","0.08869649469852448","0.08546549081802368","0.09329280257225037","0.22497805580496788","0.21844463050365448","0.2366604208946228","0.16460410753885904","0.16076259315013885","0.16753724217414856","0.08952515758574009","0.08528616279363632","0.0945107638835907","0.08909572474658489","0.0860038548707962","0.09373057633638382"
"775","0.07712543569505215","0.06517448276281357","0.08696354925632477","0.19362150877714157","0.17629492282867432","0.20326970517635345","0.14527704318364462","0.13449329137802124","0.15223601460456848","0.07777203433215618","0.06589841842651367","0.08807411789894104","0.07744652032852173","0.06525696814060211","0.08725768327713013"
"776","0.09127896279096603","0.07555873692035675","0.10596846044063568","0.22287771478295326","0.18798431754112244","0.2462931126356125","0.1767356147368749","0.1555870920419693","0.19114166498184204","0.09198267385363579","0.07633501291275024","0.10730163007974625","0.09161473251879215","0.07591412961483002","0.10691282898187637"
"777","0.08913994394242764","0.07602880150079727","0.10125060379505157","0.21287274733185768","0.19318999350070953","0.24605616927146912","0.16473339001337686","0.14905327558517456","0.18125802278518677","0.09010043554008007","0.07727372646331787","0.10286028683185577","0.08944996260106564","0.07666187733411789","0.10087534785270691"
"778","0.09107769839465618","0.0812058076262474","0.1106322854757309","0.21561643481254578","0.18960031867027283","0.2559758424758911","0.1777441551287969","0.161859393119812","0.20656274259090424","0.09188725426793098","0.0809149295091629","0.11209313571453094","0.09135455824434757","0.08155947923660278","0.11128103733062744"
"779","0.0830637663602829","0.07270148396492004","0.09221303462982178","0.20630686357617378","0.19867505133152008","0.2146628499031067","0.15900878111521402","0.14841392636299133","0.16649512946605682","0.0836599376052618","0.07348371297121048","0.09310386329889297","0.08332938887178898","0.07298064976930618","0.09267974644899368"
"780","0.08904124796390533","0.07910016179084778","0.09420090913772583","0.214093666523695","0.20501194894313812","0.21990275382995605","0.15773440400759378","0.1536761224269867","0.16401630640029907","0.0899383444339037","0.08001779764890671","0.09531889855861664","0.08936098031699657","0.07938296347856522","0.09500235319137573"
"781","0.07428570464253426","0.06294307112693787","0.08217446506023407","0.1935879811644554","0.17596198618412018","0.20164795219898224","0.14321265121301016","0.12967637181282043","0.15365126729011536","0.07516296580433846","0.06270639598369598","0.0832497775554657","0.07460779137909412","0.06316261738538742","0.08266519010066986"
"782","0.08976010791957378","0.07591665536165237","0.09735263884067535","0.2199176363646984","0.19896350800991058","0.23639926314353943","0.1751195788383484","0.16987058520317078","0.1779724508523941","0.09062238782644272","0.07688017189502716","0.09878361225128174","0.09020408801734447","0.07628845423460007","0.0983227789402008"
"783","0.08282513357698917","0.07787604629993439","0.08936512470245361","0.19828174635767937","0.19152884185314178","0.20210210978984833","0.15129607915878296","0.14141520857810974","0.15707260370254517","0.08346760459244251","0.07864829897880554","0.08920734375715256","0.08311603218317032","0.07842709124088287","0.0896710455417633"
"784","0.08556445874273777","0.08351462334394455","0.08781585842370987","0.21015800535678864","0.20385275781154633","0.21816322207450867","0.15939181546370187","0.15502136945724487","0.1624099165201187","0.08624091371893883","0.08438056707382202","0.08891810476779938","0.0858417097479105","0.0840175449848175","0.08838851749897003"
"785","0.08163629285991192","0.07488888502120972","0.08886142075061798","0.20474883913993835","0.1888006031513214","0.21456530690193176","0.15345325072606406","0.1421084851026535","0.16005712747573853","0.08233092539012432","0.07596241682767868","0.08969344198703766","0.08199777640402317","0.07495910674333572","0.08948251605033875"
"786","0.08191335201263428","0.07393617182970047","0.09275922924280167","0.20488981902599335","0.19064155220985413","0.21753501892089844","0.14640978972117105","0.1347939819097519","0.1627030223608017","0.08275234885513783","0.07496583461761475","0.09419140219688416","0.08226653933525085","0.07458268105983734","0.09273578226566315"
"787","0.08479504473507404","0.07406982034444809","0.09051685035228729","0.2016715183854103","0.1916663646697998","0.209725022315979","0.15943679213523865","0.1556270569562912","0.16639865934848785","0.08566750958561897","0.075162872672081","0.09190398454666138","0.08509290032088757","0.0745849683880806","0.09035595506429672"
"788","0.07896710187196732","0.07248969376087189","0.08852136880159378","0.20286357402801514","0.1908230185508728","0.21909654140472412","0.14223143458366394","0.13943034410476685","0.14722609519958496","0.07973033003509045","0.07352013140916824","0.08941034972667694","0.0793396383523941","0.07259256392717361","0.0889585092663765"
"789","0.07531803473830223","0.0636606514453888","0.08673752844333649","0.19099250435829163","0.1661682277917862","0.2026711106300354","0.1422127733627955","0.12734335660934448","0.15467427670955658","0.07595901936292648","0.06339620798826218","0.08778437972068787","0.07555574178695679","0.06393581628799438","0.08740511536598206"
"790","0.086210573092103","0.06789324432611465","0.09712173044681549","0.21413327753543854","0.1811242699623108","0.23880809545516968","0.17477242648601532","0.16803333163261414","0.18297281861305237","0.08707740902900696","0.06881975382566452","0.09809782356023788","0.08659408241510391","0.06827563792467117","0.09779839217662811"
"791","0.08450383506715298","0.07579880952835083","0.09589891880750656","0.1957836076617241","0.18592263758182526","0.21221855282783508","0.15708063542842865","0.14403845369815826","0.17301136255264282","0.08515540510416031","0.07670760154724121","0.09552662074565887","0.08484226651489735","0.07615701854228973","0.09655988961458206"
"792","0.08522552996873856","0.0815369039773941","0.08921470493078232","0.19265657290816307","0.18163618445396423","0.20048655569553375","0.14877901474634805","0.14384503662586212","0.15197227895259857","0.08591833710670471","0.08155129104852676","0.0901111513376236","0.08559751510620117","0.08221293985843658","0.0889836996793747"
"793","0.08337664045393467","0.07124094665050507","0.09327873587608337","0.2090425193309784","0.18924300372600555","0.22402003407478333","0.16507791976133981","0.1545819789171219","0.1785869002342224","0.08424163982272148","0.07229379564523697","0.0929340049624443","0.08389601111412048","0.0717206671833992","0.09368172287940979"
"794","0.09202810749411583","0.08579610288143158","0.0982636958360672","0.21064751222729683","0.19909949600696564","0.22681789100170135","0.15793832143147787","0.15202096104621887","0.1655007004737854","0.09289571642875671","0.08550554513931274","0.09960382431745529","0.09254105389118195","0.08608702570199966","0.09923864901065826"
"795","0.08481524884700775","0.08004873245954514","0.08869345486164093","0.20183509960770607","0.20000937581062317","0.2054785192012787","0.15948704381783804","0.147505521774292","0.16795490682125092","0.08559573255479336","0.08111004531383514","0.0885481908917427","0.08514630235731602","0.08063800632953644","0.08921320736408234"
"796","0.09047023952007294","0.07691040635108948","0.10782447457313538","0.22313565760850906","0.1886911392211914","0.27552589774131775","0.14790906508763632","0.1384516954421997","0.15987858176231384","0.09127103537321091","0.07678055018186569","0.10938318073749542","0.09068993479013443","0.07720338553190231","0.10839632153511047"
"797","0.0866581704467535","0.0760267972946167","0.11211027950048447","0.21262678876519203","0.1940622627735138","0.2634696960449219","0.1460633377234141","0.1444968283176422","0.1476346105337143","0.08753163553774357","0.07580742985010147","0.11395230889320374","0.08718015626072884","0.07629451155662537","0.1131298840045929"
"798","0.08648514002561569","0.08473491668701172","0.08807599544525146","0.20891103148460388","0.20512834191322327","0.2166748046875","0.16656654079755148","0.16489890217781067","0.16761600971221924","0.08717687055468559","0.08463075011968613","0.08927299082279205","0.08672058396041393","0.08502787351608276","0.08804064989089966"
"799","0.086467070505023","0.0792757198214531","0.09133788198232651","0.20674529299139977","0.19702886044979095","0.21792295575141907","0.1623470981915792","0.15939807891845703","0.16779595613479614","0.08725422620773315","0.08051306009292603","0.09221862256526947","0.08678177930414677","0.07988078892230988","0.09186051040887833"
"800","0.08529454097151756","0.07835131883621216","0.09947196394205093","0.20773432776331902","0.19695842266082764","0.2173244059085846","0.15840187668800354","0.15218332409858704","0.16874361038208008","0.08617757633328438","0.07943649590015411","0.10074234753847122","0.08553127013146877","0.07813803851604462","0.09982720762491226"
"801","0.0848735123872757","0.08073490113019943","0.09057104587554932","0.20443633943796158","0.1929858922958374","0.21655964851379395","0.14995152254899344","0.13935016095638275","0.15570524334907532","0.08559195324778557","0.08165805786848068","0.090225450694561","0.08531061559915543","0.0814017578959465","0.09101628512144089"
"802","0.08430043794214725","0.07340238988399506","0.09306102991104126","0.20316468179225922","0.19348794221878052","0.2129548043012619","0.15934797128041586","0.15065187215805054","0.1738201081752777","0.08513877727091312","0.07323519885540009","0.09465329349040985","0.08457333967089653","0.07375375926494598","0.09316104650497437"
"803","0.07949954271316528","0.0684097558259964","0.0887761265039444","0.19568297266960144","0.18267539143562317","0.21074062585830688","0.14476284384727478","0.13570474088191986","0.15486188232898712","0.08029245398938656","0.06820104271173477","0.08981689810752869","0.07978900708258152","0.06870421767234802","0.08931362628936768"
"804","0.08189543150365353","0.07094644755125046","0.097837433218956","0.20173892378807068","0.18784934282302856","0.22082112729549408","0.14809256792068481","0.1426330804824829","0.15601640939712524","0.08264337666332722","0.07190261036157608","0.09874236583709717","0.08211921527981758","0.07052432000637054","0.09831823408603668"
"805","0.08003109320998192","0.07202085107564926","0.09077927470207214","0.19137880951166153","0.18202513456344604","0.202726811170578","0.14947103460629782","0.14008395373821259","0.1611630618572235","0.0807286873459816","0.07307972759008408","0.09180644154548645","0.08023814298212528","0.07260428369045258","0.0903838649392128"
"806","0.07673278823494911","0.0683259665966034","0.08228395134210587","0.1878296136856079","0.17489399015903473","0.19459176063537598","0.14209567507108053","0.13153088092803955","0.14985913038253784","0.0774841159582138","0.06825946271419525","0.08295539021492004","0.07702062465250492","0.0686764121055603","0.08292090892791748"
"807","0.08086254447698593","0.06586400419473648","0.08762060850858688","0.208030566573143","0.18905161321163177","0.22287149727344513","0.14840117593606314","0.1346447467803955","0.1564340889453888","0.08159028366208076","0.06564412266016006","0.08872948586940765","0.08120428211987019","0.06611084938049316","0.08813320100307465"
"808","0.09419263526797295","0.07926727831363678","0.10254615545272827","0.21470684558153152","0.20571193099021912","0.22465462982654572","0.16122416158517203","0.15128454566001892","0.1740582436323166","0.09499388746917248","0.08032164722681046","0.10345333814620972","0.09461343660950661","0.0794166550040245","0.10292015969753265"
"809","0.08176536113023758","0.06451502442359924","0.09127189218997955","0.1961139403283596","0.18133457005023956","0.20713011920452118","0.1479929437239965","0.13725624978542328","0.16020630300045013","0.08247796818614006","0.06456060707569122","0.09280120581388474","0.08191332779824734","0.06490068882703781","0.09102316200733185"
"810","0.08024523966014385","0.07715168595314026","0.08597233891487122","0.19614656642079353","0.1890694946050644","0.20158228278160095","0.14772942662239075","0.14307710528373718","0.15101516246795654","0.08079452998936176","0.07711628824472427","0.08669103682041168","0.08018614165484905","0.0775102898478508","0.08649168163537979"
"811","0.08081053383648396","0.07588484138250351","0.0840189978480339","0.1871822476387024","0.1825021654367447","0.19386449456214905","0.14852542181809744","0.13750848174095154","0.15698502957820892","0.08140295557677746","0.07675120234489441","0.08380714058876038","0.0811292864382267","0.07646415382623672","0.08432954549789429"
"812","0.08740916848182678","0.08050146698951721","0.0987698882818222","0.19931311160326004","0.18778051435947418","0.2138853371143341","0.1483835975329081","0.14206983149051666","0.15407346189022064","0.08832256309688091","0.0806204304099083","0.10000716149806976","0.08770873583853245","0.0812123641371727","0.09928003698587418"
"813","0.08566920831799507","0.073188915848732","0.09828007221221924","0.20704364776611328","0.18870991468429565","0.22468456625938416","0.1504009465376536","0.14078658819198608","0.16411259770393372","0.08649701811373234","0.07431748509407043","0.09928413480520248","0.08608903922140598","0.07325813174247742","0.09875127673149109"
"814","0.08622853085398674","0.06947563588619232","0.09483212232589722","0.19674711674451828","0.17845815420150757","0.20465344190597534","0.15761592984199524","0.15240168571472168","0.16060346364974976","0.08701555989682674","0.07050294429063797","0.09624771028757095","0.08657248876988888","0.06994485855102539","0.09568581730127335"
"815","0.08174328319728374","0.07698965817689896","0.0882747620344162","0.19236340001225471","0.18030968308448792","0.20966611802577972","0.15050642689069113","0.14301824569702148","0.15899480879306793","0.08246919885277748","0.07806512713432312","0.08949527889490128","0.0819829311221838","0.07681290060281754","0.08897698670625687"
"816","0.08240143395960331","0.06915538758039474","0.08920665085315704","0.20210151374340057","0.18154701590538025","0.22055451571941376","0.1582017888625463","0.15370313823223114","0.16715216636657715","0.08317294903099537","0.0699901133775711","0.09048618376255035","0.08278627507388592","0.06955742090940475","0.08976772427558899"
"817","0.08512040413916111","0.0794125571846962","0.09108623117208481","0.19586429372429848","0.187652125954628","0.2043931633234024","0.1509510725736618","0.14932473003864288","0.15222805738449097","0.0857817530632019","0.0792887955904007","0.09195846319198608","0.08534861542284489","0.07989607006311417","0.09136888384819031"
"818","0.08308312855660915","0.07977211475372314","0.08966510742902756","0.20525259524583817","0.19476526975631714","0.21893559396266937","0.15347063541412354","0.147524893283844","0.16219615936279297","0.08378524705767632","0.07947732508182526","0.09065189212560654","0.08351966552436352","0.08010485768318176","0.09043170511722565"
"819","0.0855550765991211","0.07533058524131775","0.10108046978712082","0.20249097049236298","0.18776406347751617","0.21311724185943604","0.15417626003424326","0.14619171619415283","0.17007549107074738","0.08641291409730911","0.07521487772464752","0.10268407315015793","0.08589800260961056","0.07577045261859894","0.10121086239814758"
"820","0.08402750827372074","0.0804695263504982","0.08805510401725769","0.20958057418465614","0.19528748095035553","0.23223860561847687","0.15451630453268686","0.15143392980098724","0.15761147439479828","0.08482447639107704","0.08153724670410156","0.0890205055475235","0.08426768332719803","0.08029726147651672","0.0883810818195343"
"821","0.09171324968338013","0.06713078916072845","0.10195107758045197","0.2164449654519558","0.17807526886463165","0.23952138423919678","0.1632997194925944","0.12980525195598602","0.18246780335903168","0.09248086623847485","0.06771286576986313","0.10287708044052124","0.0919946264475584","0.06734918802976608","0.10229964554309845"
"822","0.07283161580562592","0.06717347353696823","0.0773361325263977","0.18442899733781815","0.16938982903957367","0.19454313814640045","0.1386932780345281","0.1367659717798233","0.14166565239429474","0.07337990030646324","0.06803207099437714","0.07828982919454575","0.07313263416290283","0.06715606153011322","0.07787542045116425"
"823","0.07781124673783779","0.06913026422262192","0.08561293035745621","0.18988744169473648","0.17514711618423462","0.202284038066864","0.14035468300183615","0.136361762881279","0.14361943304538727","0.07855056971311569","0.06886497139930725","0.08677605539560318","0.07819686830043793","0.0694693997502327","0.08616922050714493"
"824","0.08922899700701237","0.07991012930870056","0.09416019916534424","0.19819139689207077","0.18850862979888916","0.2026197612285614","0.15827435751756033","0.15650352835655212","0.16125638782978058","0.0900942925363779","0.08092604577541351","0.09421277046203613","0.08958586677908897","0.08038054406642914","0.09426309913396835"
"825","0.08702307567000389","0.07836107164621353","0.09836061298847198","0.2109253592789173","0.19348281621932983","0.21763768792152405","0.16021145383516947","0.14043420553207397","0.17595240473747253","0.08762410655617714","0.07938241213560104","0.09943210333585739","0.08738912269473076","0.07898226380348206","0.09819328039884567"
"826","0.08450094051659107","0.07357549667358398","0.09651529788970947","0.20260298624634743","0.18245036900043488","0.21962866187095642","0.16060353815555573","0.14249977469444275","0.1722639799118042","0.08533058315515518","0.07341558486223221","0.09764127433300018","0.0848158523440361","0.07378426194190979","0.09722726047039032"
"827","0.08730810880661011","0.07100175321102142","0.09684129059314728","0.20760095492005348","0.1834624707698822","0.22725553810596466","0.14971329271793365","0.1297159641981125","0.1604509949684143","0.08802391774952412","0.07160398364067078","0.09805665910243988","0.08749066106975079","0.07118908315896988","0.09732307493686676"
"828","0.08594491705298424","0.07715065032243729","0.10081647336483002","0.20452197268605232","0.193820059299469","0.22780174016952515","0.15866711735725403","0.14535565674304962","0.1791847050189972","0.0865989439189434","0.0781283900141716","0.10048329830169678","0.08627081476151943","0.07767600566148758","0.10117661207914352"
"829","0.08153615705668926","0.0728415697813034","0.09291370958089828","0.19298794865608215","0.17186245322227478","0.21077357232570648","0.1449075291554133","0.1278589814901352","0.1681370735168457","0.08225121162831783","0.07363995909690857","0.09263188391923904","0.08182991854846478","0.07339340448379517","0.09310667961835861"
"830","0.08696203492581844","0.07666195183992386","0.09976320713758469","0.21006255969405174","0.19787314534187317","0.2293623983860016","0.16486473381519318","0.1578468233346939","0.17824667692184448","0.08798577636480331","0.07759153842926025","0.10166574269533157","0.08730076625943184","0.07698571681976318","0.09975449740886688"
"831","0.07895319350063801","0.06648776680231094","0.08971952646970749","0.1869773454964161","0.1804453730583191","0.199685201048851","0.14325852692127228","0.1380961686372757","0.15152186155319214","0.07957559637725353","0.06717874109745026","0.09068295359611511","0.07911873236298561","0.06669659912586212","0.08923514187335968"
"832","0.08639572374522686","0.07867570221424103","0.09969868510961533","0.20182332396507263","0.19339671730995178","0.20882698893547058","0.16147077083587646","0.14867514371871948","0.1745414435863495","0.08706110902130604","0.0796748697757721","0.09956834465265274","0.08666718564927578","0.0792655423283577","0.10004636645317078"
"833","0.08621906861662865","0.08325718343257904","0.09029974043369293","0.20347853004932404","0.2014540284872055","0.20559406280517578","0.16076070566972098","0.1546011120080948","0.1644485890865326","0.08697451092302799","0.08346234261989594","0.0914069190621376","0.08665495924651623","0.08390998095273972","0.0910390093922615"
"834","0.09446746855974197","0.08427556604146957","0.09911360591650009","0.22266193479299545","0.2062995731830597","0.23380979895591736","0.16971692939599356","0.15365445613861084","0.18244081735610962","0.09520596079528332","0.08413878083229065","0.10021324455738068","0.09467432834208012","0.08457128703594208","0.09952080994844437"
"835","0.08058029785752296","0.0731593519449234","0.09316802024841309","0.19386639073491096","0.17372620105743408","0.21153508126735687","0.15680204331874847","0.14412303268909454","0.17100286483764648","0.0812276192009449","0.07411164045333862","0.09287555515766144","0.08092923648655415","0.07302958518266678","0.09354093670845032"
"836","0.07962598651647568","0.07705993950366974","0.08295336365699768","0.19526628032326698","0.18948322534561157","0.19791223108768463","0.1500629335641861","0.138638436794281","0.1570732146501541","0.0802575945854187","0.0780329555273056","0.08276030421257019","0.07997356727719307","0.07785023748874664","0.08326006680727005"
"837","0.08250645734369755","0.07527415454387665","0.08751116693019867","0.19733913615345955","0.18946251273155212","0.2034928947687149","0.15523683528105417","0.15044984221458435","0.15964975953102112","0.08309281244874","0.07573199272155762","0.0884958952665329","0.08272927068173885","0.07552758604288101","0.08826138079166412"
"838","0.08067171834409237","0.07499471306800842","0.09113194048404694","0.19300053268671036","0.18464206159114838","0.20674479007720947","0.1425109604994456","0.134740948677063","0.14854705333709717","0.08159364201128483","0.07617058604955673","0.09222514182329178","0.08104068227112293","0.07559981942176819","0.09156715124845505"
"839","0.07936140522360802","0.0650610700249672","0.0960993617773056","0.18930784612894058","0.1708298623561859","0.20850616693496704","0.1427559753259023","0.12799395620822906","0.16754993796348572","0.07992039807140827","0.06567660719156265","0.09576022624969482","0.07968487776815891","0.06545548141002655","0.0965290516614914"
"840","0.0928241852670908","0.08083618432283401","0.10172358900308609","0.2137695886194706","0.18631434440612793","0.230459064245224","0.1642950028181076","0.15425899624824524","0.1819325089454651","0.09370235726237297","0.08047036826610565","0.10300900042057037","0.0932153444737196","0.08104713261127472","0.10233548283576965"
"841","0.08288495987653732","0.07662602514028549","0.08993950486183167","0.2003326080739498","0.18228504061698914","0.21104666590690613","0.1551905075709025","0.13936367630958557","0.16900157928466797","0.08344934321939945","0.0771249309182167","0.09109042584896088","0.08320791460573673","0.0769682377576828","0.0902891680598259"
"842","0.09022343344986439","0.08318458497524261","0.09961727261543274","0.2061234526336193","0.19556768238544464","0.21867936849594116","0.16146880388259888","0.15658284723758698","0.1647883504629135","0.09099071845412254","0.0830605998635292","0.10058718919754028","0.09058541059494019","0.08361108601093292","0.1001354455947876"
"843","0.07980938628315926","0.07359851151704788","0.08479742705821991","0.19115888699889183","0.18351945281028748","0.19855917990207672","0.14472287893295288","0.1417231559753418","0.14936572313308716","0.08048729039728642","0.07324839383363724","0.08574093133211136","0.08016588538885117","0.07394319772720337","0.08528126031160355"
"844","0.0809417124837637","0.07132409512996674","0.09740739315748215","0.20242970809340477","0.19470885396003723","0.21354734897613525","0.14974619448184967","0.1405639350414276","0.15947964787483215","0.08160898461937904","0.07116773724555969","0.0982729122042656","0.08129297383129597","0.07176913321018219","0.0978999137878418"
"845","0.08965492248535156","0.0843433290719986","0.09343600273132324","0.20937946438789368","0.20278826355934143","0.22281275689601898","0.16344703237215677","0.1521901786327362","0.17508339881896973","0.09020805172622204","0.08530154824256897","0.09321250766515732","0.08984798192977905","0.08486766368150711","0.09396965056657791"
"846","0.08335523307323456","0.07690690457820892","0.0951131209731102","0.19876371696591377","0.18573462963104248","0.22783562541007996","0.15492055316766104","0.14476773142814636","0.16540749371051788","0.08416487090289593","0.07684139162302017","0.09636733680963516","0.08365674875676632","0.07719111442565918","0.09575554728507996"
"847","0.08381384424865246","0.07588224112987518","0.09396278113126755","0.2004992552101612","0.19356636703014374","0.21155908703804016","0.15744438767433167","0.14112670719623566","0.17337819933891296","0.08450057916343212","0.0769849419593811","0.09524677693843842","0.0840612854808569","0.07641709595918655","0.09382519870996475"
"848","0.07644647359848022","0.07165597379207611","0.08502836525440216","0.1811911277472973","0.17347931861877441","0.19221177697181702","0.13923893868923187","0.12900862097740173","0.14857541024684906","0.07707219012081623","0.07259505987167358","0.0846191793680191","0.0767716821283102","0.07211164385080338","0.08521127700805664"
"849","0.0890196505934","0.08190380036830902","0.09504619240760803","0.20688387006521225","0.19322246313095093","0.2158602476119995","0.15863185127576193","0.15424038469791412","0.1653270423412323","0.08983049541711807","0.08317983150482178","0.09490277618169785","0.08932935819029808","0.08194789290428162","0.09529991447925568"
"850","0.0840880535542965","0.08004093170166016","0.08867339789867401","0.19078140333294868","0.17771323025226593","0.19719438254833221","0.1452709287405014","0.13246461749076843","0.15342079102993011","0.08469123765826225","0.08073623478412628","0.08964145183563232","0.08426725119352341","0.08045723289251328","0.08846351504325867"
"851","0.08375110290944576","0.07776929438114166","0.09524891525506973","0.19898584857583046","0.18760117888450623","0.2103973776102066","0.15234523514906564","0.14428755640983582","0.16482892632484436","0.08440900035202503","0.0788232684135437","0.09514094889163971","0.08401207067072392","0.07819656282663345","0.09560379385948181"
"852","0.08667122200131416","0.08458632230758667","0.08789561688899994","0.19973674789071083","0.1925193816423416","0.2112816870212555","0.15766489009062448","0.1542859971523285","0.1601741909980774","0.08734535984694958","0.08558128774166107","0.08895418792963028","0.08688719943165779","0.08499704301357269","0.0882313996553421"
"853","0.08436874113976955","0.07722268253564835","0.0980033129453659","0.20453594624996185","0.18665899336338043","0.2217731475830078","0.16133285065491995","0.1519917994737625","0.16819581389427185","0.08502005413174629","0.07848675549030304","0.09887894988059998","0.08458498865365982","0.07702234387397766","0.0984106957912445"
"854","0.09073627553880215","0.08637995272874832","0.0947716161608696","0.21137210354208946","0.1876203864812851","0.22518329322338104","0.16259369254112244","0.15368609130382538","0.17905201017856598","0.09143292717635632","0.08604630827903748","0.09574573487043381","0.09087525121867657","0.08654170483350754","0.09522172808647156"
"855","0.08737455494701862","0.0807679295539856","0.09489651769399643","0.19916732981801033","0.18080021440982819","0.226459801197052","0.16124261915683746","0.15003617107868195","0.16884079575538635","0.08808984979987144","0.08142587542533875","0.09602117538452148","0.08772694319486618","0.08094029128551483","0.09566405415534973"
"856","0.08741521090269089","0.07954631745815277","0.10033769905567169","0.20026905462145805","0.18883512914180756","0.2189326286315918","0.1578301191329956","0.14849552512168884","0.16678307950496674","0.0881353821605444","0.07934529334306717","0.10121063888072968","0.08769629336893559","0.07997196167707443","0.10087089240550995"
"857","0.08085772767663002","0.0718216598033905","0.08580361306667328","0.19919301941990852","0.17985068261623383","0.22034834325313568","0.1465227554241816","0.13752791285514832","0.15621499717235565","0.08142270520329475","0.07270121574401855","0.086494579911232","0.08113870210945606","0.07173871994018555","0.08612100034952164"
"858","0.08609830401837826","0.08028925955295563","0.09266510605812073","0.20964835956692696","0.1965899020433426","0.221800297498703","0.15630627671877542","0.14216281473636627","0.16627907752990723","0.08683696389198303","0.08117138594388962","0.09379556775093079","0.08646161295473576","0.08020301908254623","0.09324613213539124"
"859","0.08650560863316059","0.06839579343795776","0.09881322085857391","0.19585244730114937","0.17636176943778992","0.21426832675933838","0.1587184468905131","0.15639513731002808","0.16049104928970337","0.08711390011012554","0.06930971890687943","0.09956274926662445","0.08673349767923355","0.06880836188793182","0.09944392740726471"
"860","0.08866809122264385","0.08007219433784485","0.09592355042695999","0.20688298344612122","0.18166981637477875","0.2259175181388855","0.15395227074623108","0.138159841299057","0.1733955442905426","0.08968222141265869","0.08106228709220886","0.09759681671857834","0.0891608502715826","0.08067146688699722","0.09620250761508942"
"861","0.08095066621899605","0.0698244720697403","0.09045179933309555","0.18836384266614914","0.17487874627113342","0.20393675565719604","0.14786979059378305","0.123647540807724","0.1659962385892868","0.08136890269815922","0.07039165496826172","0.09016011655330658","0.0811268500983715","0.0700787827372551","0.09083471447229385"
"862","0.08304119855165482","0.07132845371961594","0.09212277084589005","0.1920282393693924","0.17575249075889587","0.20876199007034302","0.14732595284779867","0.1336701363325119","0.15773369371891022","0.08371460810303688","0.07107827067375183","0.09303738921880722","0.08325286954641342","0.0715106800198555","0.09186060726642609"
"863","0.09207363612949848","0.07790565490722656","0.10315168648958206","0.20432966202497482","0.18604105710983276","0.23416966199874878","0.15606204668680826","0.1376160979270935","0.17102457582950592","0.092854805290699","0.07867687940597534","0.10444324463605881","0.09245278313755989","0.07837359607219696","0.1037488505244255"
"864","0.08662902563810349","0.07656807452440262","0.09394780546426773","0.20527193322777748","0.1980135589838028","0.22421181201934814","0.15217134853204092","0.14857590198516846","0.1555059552192688","0.08743038959801197","0.07636547088623047","0.09511886537075043","0.08698262833058834","0.0768066942691803","0.09447365999221802"
"865","0.08169176615774632","0.0579691082239151","0.10346169024705887","0.20503674447536469","0.1699722409248352","0.24836787581443787","0.16192872325579324","0.14150133728981018","0.1839674711227417","0.08258873410522938","0.0588507205247879","0.10547788441181183","0.08184805884957314","0.0583602711558342","0.10304795950651169"
"866","0.09100843779742718","0.08487512916326523","0.10415896773338318","0.21251768618822098","0.19279375672340393","0.2451961636543274","0.16056180000305176","0.1426035612821579","0.18592579662799835","0.09183033369481564","0.08518928289413452","0.10558688640594482","0.09126123785972595","0.08514684438705444","0.10409321635961533"
"867","0.07978742569684982","0.07274068892002106","0.08869265019893646","0.18851731345057487","0.1772748976945877","0.19572727382183075","0.14134694139162698","0.13874204456806183","0.14425873756408691","0.08038327656686306","0.07387551665306091","0.08935587108135223","0.07997081987559795","0.07249005138874054","0.08897315710783005"
"868","0.07569762878119946","0.06964240223169327","0.07960157096385956","0.18612286821007729","0.17683598399162292","0.19148707389831543","0.1384774794181188","0.12637034058570862","0.148617684841156","0.0762783158570528","0.0703480988740921","0.0801130160689354","0.07598606124520302","0.07031290978193283","0.07984770834445953"
"869","0.08722573705017567","0.08131475746631622","0.09377182275056839","0.20278238132596016","0.19260382652282715","0.21901054680347443","0.15545567870140076","0.14629317820072174","0.16206814348697662","0.08803648501634598","0.08214911818504333","0.09498058259487152","0.08756555616855621","0.08134107291698456","0.09416121244430542"
"870","0.08387538604438305","0.07672338932752609","0.09037572145462036","0.19799991697072983","0.17954722046852112","0.20984232425689697","0.15672114988168082","0.14621518552303314","0.17132321000099182","0.08442981541156769","0.07750718295574188","0.09120989590883255","0.08411948196589947","0.07658838480710983","0.09056537598371506"
"871","0.08570277132093906","0.07839226722717285","0.09611999243497849","0.20992306247353554","0.19003182649612427","0.22527475655078888","0.1508515477180481","0.13572891056537628","0.1690594106912613","0.0864358302205801","0.07951513677835464","0.09598059207201004","0.08605082705616951","0.0790446549654007","0.09651575982570648"
"872","0.08719436824321747","0.07524409145116806","0.09280084073543549","0.20100504532456398","0.1857507824897766","0.2105792760848999","0.1521243453025818","0.13143950700759888","0.1635400652885437","0.08800002187490463","0.0761316642165184","0.09254632145166397","0.08750026486814022","0.07563917338848114","0.0929550752043724"
"873","0.08511270768940449","0.07427503168582916","0.09907915443181992","0.20297888666391373","0.19113928079605103","0.21989747881889343","0.15784058968226114","0.14944565296173096","0.16459733247756958","0.08586143516004086","0.0751565545797348","0.10045129805803299","0.08553661778569221","0.07459771633148193","0.09983949363231659"
"874","0.08361445926129818","0.07908422499895096","0.08709470927715302","0.2045055292546749","0.1968395709991455","0.2153051644563675","0.15236628552277884","0.14710286259651184","0.15692730247974396","0.08443227596580982","0.08016182482242584","0.08673666417598724","0.08395509608089924","0.07889209687709808","0.08729282766580582"
"875","0.08230781368911266","0.07481985539197922","0.08602359890937805","0.19102799147367477","0.1836632937192917","0.194804847240448","0.14618737002213797","0.12631560862064362","0.15638601779937744","0.08302532881498337","0.07559114694595337","0.08710972219705582","0.08262921497225761","0.07520721107721329","0.08651109784841537"
"876","0.08480002358555794","0.08060317486524582","0.08891697227954865","0.1963394321501255","0.18551398813724518","0.20952755212783813","0.14662357668081918","0.13612577319145203","0.1596757173538208","0.08561358787119389","0.08136171847581863","0.09056314080953598","0.08523370884358883","0.08108855783939362","0.08928573131561279"
"877","0.08236663043498993","0.07351546734571457","0.09190557152032852","0.1984773613512516","0.18775276839733124","0.209000825881958","0.15195559958616892","0.1472284346818924","0.16070836782455444","0.08306665904819965","0.07399865239858627","0.09301164001226425","0.08266169019043446","0.07374843955039978","0.0918494313955307"
"878","0.0858417097479105","0.07509956508874893","0.09751962870359421","0.19445441290736198","0.17977362871170044","0.21368813514709473","0.152652179201444","0.14147619903087616","0.17289146780967712","0.08650626614689827","0.07606609910726547","0.09734106063842773","0.08609172515571117","0.0748281329870224","0.0979139655828476"
"879","0.08426393009722233","0.0786677822470665","0.09278842061758041","0.1973705068230629","0.1848374456167221","0.20804181694984436","0.14840371906757355","0.14383886754512787","0.15082994103431702","0.084926538169384","0.07952529191970825","0.09376983344554901","0.08457658998668194","0.07857073843479156","0.0933648869395256"
"880","0.08242535218596458","0.07416029274463654","0.09223237633705139","0.19065696373581886","0.17495931684970856","0.20840084552764893","0.1443043053150177","0.13752144575119019","0.15636131167411804","0.0830479059368372","0.07515248656272888","0.09320177137851715","0.08278709091246128","0.07437818497419357","0.09250187873840332"
"881","0.0870397761464119","0.07826761901378632","0.09078347682952881","0.1997934766113758","0.18051621317863464","0.21198830008506775","0.1527886986732483","0.13834485411643982","0.1628711223602295","0.0878843367099762","0.07818663120269775","0.09197637438774109","0.08729642815887928","0.07846945524215698","0.09065114706754684"
"882","0.08198773488402367","0.07432691007852554","0.0908501148223877","0.1922396793961525","0.18766210973262787","0.2015480250120163","0.1453036516904831","0.134251669049263","0.15825486183166504","0.08266116306185722","0.0752139762043953","0.09062539041042328","0.0823151245713234","0.07472783327102661","0.09129083156585693"
"883","0.08722721040248871","0.07768514752388","0.09883628040552139","0.20706220716238022","0.18195024132728577","0.24114692211151123","0.15601002673308054","0.13589389622211456","0.1791566014289856","0.08799281716346741","0.0785912275314331","0.10054060816764832","0.08746744878590107","0.07813295722007751","0.0988934263586998"
"884","0.08560348302125931","0.08177964389324188","0.08808726072311401","0.19952250644564629","0.18796184659004211","0.209959015250206","0.15062284966309866","0.13802453875541687","0.1600150167942047","0.08629965409636497","0.08281269669532776","0.08860625326633453","0.08585049770772457","0.08215106278657913","0.08833666145801544"
"885","0.09067373536527157","0.08290501683950424","0.1033819317817688","0.20882192254066467","0.19286423921585083","0.2314976155757904","0.15499626596768698","0.13827306032180786","0.1762247383594513","0.09129642695188522","0.08368463069200516","0.1031889095902443","0.09099636226892471","0.08330415934324265","0.10381259769201279"
"886","0.08818114548921585","0.08293093740940094","0.09499293565750122","0.19827056676149368","0.18730135262012482","0.20929275453090668","0.15423842271169028","0.15256009995937347","0.15508775413036346","0.08880327455699444","0.08375561982393265","0.0961732491850853","0.08833251520991325","0.0831931084394455","0.09543058276176453"
"887","0.07964837737381458","0.06769926846027374","0.09551999717950821","0.19066250696778297","0.17639803886413574","0.2039315551519394","0.14919442931811014","0.13620594143867493","0.15983060002326965","0.08032587729394436","0.06866569072008133","0.09644217789173126","0.07989037036895752","0.06814270466566086","0.09604094177484512"
"888","0.09150048904120922","0.08361135423183441","0.10045020282268524","0.20335548743605614","0.1943632811307907","0.21122244000434875","0.15585589408874512","0.14329136908054352","0.16386748850345612","0.092200368642807","0.08462708443403244","0.10149507224559784","0.09177038818597794","0.08428888022899628","0.10033733397722244"
"889","0.085222028195858","0.07296603918075562","0.09380022436380386","0.19792094081640244","0.18672680854797363","0.2117035686969757","0.15495023628075918","0.14973782002925873","0.1605682075023651","0.08583108708262444","0.0737340897321701","0.0946735069155693","0.08547098003327847","0.07324787229299545","0.09432761371135712"
"890","0.07820079661905766","0.06896380335092545","0.09317286312580109","0.18612855672836304","0.1728602647781372","0.2070309817790985","0.13753617306550345","0.12726369500160217","0.1569788157939911","0.07866412214934826","0.06961110234260559","0.09287481009960175","0.07839982584118843","0.0687023177742958","0.09339595586061478"
"891","0.08896737359464169","0.07646606862545013","0.09982862323522568","0.19839124381542206","0.18414388597011566","0.2171596884727478","0.15605716407299042","0.14695006608963013","0.1618994027376175","0.08957088179886341","0.07721920311450958","0.10088091343641281","0.08921138569712639","0.07623973488807678","0.10025407373905182"
"892","0.08594873920083046","0.07727836072444916","0.09801799803972244","0.19901320338249207","0.1804388463497162","0.221880704164505","0.15940659244855246","0.1495024710893631","0.1789417713880539","0.08680853247642517","0.07717160880565643","0.09954945743083954","0.08630815707147121","0.07751741260290146","0.09785893559455872"
"894","0.07822847366333008","0.07251758873462677","0.08155333995819092","0.18436452373862267","0.17567206919193268","0.18878263235092163","0.14015152057011923","0.1352633684873581","0.14886929094791412","0.07873158901929855","0.07339455187320709","0.08222492784261703","0.07832187600433826","0.07207484543323517","0.08173105120658875"
"895","0.08805073611438274","0.07837729901075363","0.09785374999046326","0.20172573626041412","0.18690966069698334","0.22074192762374878","0.156141459941864","0.1425844430923462","0.18189138174057007","0.08875824138522148","0.07956306636333466","0.09756973385810852","0.08838997781276703","0.07829433679580688","0.098320372402668"
"896","0.08407733030617237","0.07777457684278488","0.09804745018482208","0.19732147082686424","0.18257641792297363","0.2243621051311493","0.13852247595787048","0.13072997331619263","0.14721626043319702","0.08468169905245304","0.07840364426374435","0.098706915974617","0.08431003242731094","0.07812052220106125","0.09821130335330963"
"897","0.08763201721012592","0.06170147657394409","0.11338541656732559","0.20114420354366302","0.16331753134727478","0.2374802529811859","0.15107283492883047","0.11717653274536133","0.18748706579208374","0.08839805610477924","0.06157165765762329","0.11429077386856079","0.08795459195971489","0.061887890100479126","0.11333943158388138"
"898","0.07808767259120941","0.06860305368900299","0.08471585810184479","0.18851763755083084","0.17655572295188904","0.2074064314365387","0.1464617302020391","0.13739649951457977","0.1622563749551773","0.07877763733267784","0.06953932344913483","0.0847245529294014","0.07826771214604378","0.06891468912363052","0.08498650044202805"
"899","0.08608126640319824","0.07704216986894608","0.09370318055152893","0.19680152088403702","0.1716359406709671","0.2291930615901947","0.15127580861250559","0.12689149379730225","0.17493592202663422","0.0868516955524683","0.07795045524835587","0.09495585411787033","0.08631393127143383","0.07762426137924194","0.09348694235086441"
"900","0.08572646416723728","0.07610908150672913","0.09953401982784271","0.20118359848856926","0.1782257854938507","0.2335112988948822","0.1547685513893763","0.13676925003528595","0.1720220148563385","0.086284713819623","0.07672248780727386","0.10097729414701462","0.08588987402617931","0.07575240731239319","0.10033924877643585"
"901","0.08573535084724426","0.08387234807014465","0.08766224980354309","0.19817020371556282","0.19411489367485046","0.20727229118347168","0.1520036906003952","0.1449359655380249","0.15641027688980103","0.08632375113666058","0.08484108746051788","0.08836375921964645","0.08593112975358963","0.08444423973560333","0.08728279173374176"
"902","0.08316858671605587","0.07433711737394333","0.0956275537610054","0.19689565524458885","0.18184329569339752","0.21798308193683624","0.14718950788180032","0.12995240092277527","0.16735365986824036","0.08386195451021194","0.07530248165130615","0.09543774276971817","0.08337637223303318","0.07427428662776947","0.0956963300704956"
"903","0.0879098828881979","0.0797349140048027","0.09741570055484772","0.20202011987566948","0.18638992309570312","0.215948224067688","0.15213321646054587","0.13159385323524475","0.1735418736934662","0.08871183544397354","0.08067571371793747","0.098946712911129","0.08825377747416496","0.08019378781318665","0.0975472629070282"
"904","0.0798682514578104","0.07516966760158539","0.08387373387813568","0.18950331211090088","0.17973046004772186","0.19394421577453613","0.14562393724918365","0.14067600667476654","0.15168316662311554","0.08048835210502148","0.07503620535135269","0.08526386320590973","0.08021755516529083","0.07551317662000656","0.08433505892753601"
"905","0.08745190128684044","0.07544346153736115","0.09947380423545837","0.1991247646510601","0.18182119727134705","0.2137698084115982","0.15585508942604065","0.12911608815193176","0.17650550603866577","0.08811969868838787","0.07638289034366608","0.09948328882455826","0.08778116665780544","0.0759911835193634","0.09993565082550049"
"906","0.07988308183848858","0.07152999937534332","0.09122808277606964","0.19070476293563843","0.17681773006916046","0.20723122358322144","0.15034279227256775","0.12566834688186646","0.16358764469623566","0.0805527362972498","0.07199461758136749","0.09110221266746521","0.07995511777698994","0.07168753445148468","0.0914924293756485"
"907","0.0762932151556015","0.0677991658449173","0.08288393169641495","0.18773100152611732","0.17754969000816345","0.20009678602218628","0.13615217308203378","0.12894085049629211","0.15030911564826965","0.0770585834980011","0.06782367825508118","0.08409728109836578","0.07661353424191475","0.06804360449314117","0.0827813595533371"
"908","0.08525451831519604","0.07524728029966354","0.10311421751976013","0.2016839236021042","0.18921838700771332","0.22709189355373383","0.159606342514356","0.14070001244544983","0.1872047781944275","0.08591137453913689","0.07627620548009872","0.1031203344464302","0.08557291328907013","0.07581329345703125","0.10343179106712341"
"909","0.08586105518043041","0.06978171318769455","0.10708265006542206","0.20550335198640823","0.1794385015964508","0.24329544603824615","0.15635229150454202","0.13633248209953308","0.1899460405111313","0.08648076094686985","0.07080581039190292","0.10668075084686279","0.08619138225913048","0.06985537707805634","0.10732563585042953"
"910","0.08130460046231747","0.07412678003311157","0.08862240612506866","0.19101842492818832","0.17776726186275482","0.20829811692237854","0.14135848979155222","0.1312180459499359","0.15759924054145813","0.08206656947731972","0.0753917470574379","0.08982967585325241","0.08161723986268044","0.07402058690786362","0.08921720832586288"
"911","0.08222976699471474","0.07278798520565033","0.09146535396575928","0.19546443223953247","0.18007348477840424","0.21451106667518616","0.14621133108933768","0.1381707489490509","0.1528777927160263","0.08299561403691769","0.07257091999053955","0.09255146235227585","0.08259049989283085","0.07293809950351715","0.09222649037837982"
"912","0.08322373405098915","0.07967638969421387","0.08475898206233978","0.19524892419576645","0.18614506721496582","0.20777694880962372","0.15072913467884064","0.14351370930671692","0.157354474067688","0.08389248512685299","0.0801781713962555","0.0858263224363327","0.08340484090149403","0.07973196357488632","0.08529777824878693"
"913","0.08200884610414505","0.0710182636976242","0.09417163580656052","0.19440392777323723","0.17562800645828247","0.21522554755210876","0.14508898307879767","0.12290579825639725","0.1664450466632843","0.08262321539223194","0.07180538773536682","0.09495187550783157","0.08225784823298454","0.07145898789167404","0.0940588042140007"
"914","0.08237279765307903","0.06788481771945953","0.09194248914718628","0.1885642595589161","0.17276427149772644","0.20880144834518433","0.14064502467711767","0.12064262479543686","0.16175277531147003","0.08293821103870869","0.06840288639068604","0.09300601482391357","0.08262169733643532","0.06813383102416992","0.0923958420753479"
"915","0.08353627100586891","0.07047150284051895","0.095392607152462","0.18984929099678993","0.17261268198490143","0.2002587467432022","0.15222236017386118","0.14251476526260376","0.16477014124393463","0.0840733777731657","0.07094220817089081","0.0952184870839119","0.08380746096372604","0.07059294730424881","0.09562253952026367"
"916","0.08344966918230057","0.07533130049705505","0.09565660357475281","0.1967802830040455","0.18352606892585754","0.21124249696731567","0.1501497725645701","0.14631526172161102","0.15726609528064728","0.08438360132277012","0.0768299400806427","0.09677428752183914","0.08392222598195076","0.07565902918577194","0.09635749459266663"
"917","0.078978031873703","0.0659421905875206","0.09077967703342438","0.1836143583059311","0.16046833992004395","0.21050673723220825","0.13152799010276794","0.11310712993144989","0.16191278398036957","0.07946968637406826","0.06665011495351791","0.0906561017036438","0.07926162891089916","0.06578213721513748","0.09131079912185669"
"918","0.08391303196549416","0.0799592062830925","0.08881638199090958","0.19146569073200226","0.18600785732269287","0.20024137198925018","0.1429074058930079","0.14234280586242676","0.1434798538684845","0.08450170420110226","0.08074343204498291","0.08972147852182388","0.0842034388333559","0.07979974150657654","0.08934226632118225"
"919","0.0917434561997652","0.08869700133800507","0.09872333705425262","0.20457344502210617","0.18729162216186523","0.21698418259620667","0.155460923910141","0.14091017842292786","0.16718044877052307","0.0922459028661251","0.08947716653347015","0.09832790493965149","0.09184896387159824","0.08887727558612823","0.09888027608394623"
"920","0.08238149620592594","0.06988391280174255","0.09236720204353333","0.19230467453598976","0.17773765325546265","0.20542655885219574","0.15168235699335733","0.1322035938501358","0.16399507224559784","0.08294838108122349","0.07065040618181229","0.0921323299407959","0.08254429139196873","0.07012076675891876","0.09263148158788681"
"921","0.08383459597826004","0.07039761543273926","0.095168836414814","0.1954813189804554","0.17577719688415527","0.21560940146446228","0.15200847884019217","0.12772512435913086","0.1682511419057846","0.08442547172307968","0.07125897705554962","0.09500738978385925","0.08403792977333069","0.07092443853616714","0.09543076902627945"
"922","0.08412096835672855","0.0771612673997879","0.10114654153585434","0.18735025823116302","0.17166629433631897","0.20605798065662384","0.1485928495724996","0.13556066155433655","0.17135237157344818","0.08457539975643158","0.07775687426328659","0.10086409002542496","0.08436685055494308","0.07750388234853745","0.10136726498603821"
"923","0.08153620734810829","0.07332003116607666","0.09827278554439545","0.1879795491695404","0.1739293336868286","0.21468782424926758","0.14351273576418558","0.1283397674560547","0.1697024703025818","0.0821225680410862","0.07410305738449097","0.0978451818227768","0.08172078430652618","0.07311441004276276","0.09843575954437256"
"924","0.07570276781916618","0.06491686403751373","0.08744548261165619","0.18813078477978706","0.17018389701843262","0.22789599001407623","0.14037305613358816","0.1243983656167984","0.1698809266090393","0.07639286480844021","0.06477270275354385","0.08884550631046295","0.07596159540116787","0.06511382758617401","0.08745498955249786"
"925","0.08130590245127678","0.07553775608539581","0.09192544221878052","0.1917831413447857","0.1815788894891739","0.21707463264465332","0.14292818307876587","0.131761834025383","0.14854058623313904","0.08201284892857075","0.07619192451238632","0.09309600293636322","0.08160696737468243","0.07597453892230988","0.0924447700381279"
"926","0.08262432552874088","0.07188816368579865","0.09332560002803802","0.18535704538226128","0.1757124662399292","0.19628405570983887","0.14723674952983856","0.1306208074092865","0.1593024730682373","0.0831358041614294","0.07233275473117828","0.09435345232486725","0.08275866508483887","0.07193272560834885","0.09307116270065308"
"927","0.07985260523855686","0.06692151725292206","0.09408947825431824","0.19449586421251297","0.17260228097438812","0.21750159561634064","0.14619973301887512","0.1272967904806137","0.16985724866390228","0.08049318566918373","0.06760987639427185","0.09398065507411957","0.08024996519088745","0.06708567589521408","0.09452454000711441"
"928","0.08252165839076042","0.07790523022413254","0.08466760069131851","0.18301116302609444","0.17263446748256683","0.19237975776195526","0.14318097631136575","0.13846613466739655","0.15096469223499298","0.08301571011543274","0.07885554432868958","0.08520384132862091","0.08273278921842575","0.07792042195796967","0.08492745459079742"
"929","0.07718524150550365","0.06952230632305145","0.08101318031549454","0.18370826914906502","0.17515674233436584","0.19283145666122437","0.1388018031915029","0.13124707341194153","0.14434018731117249","0.07779833488166332","0.07037769258022308","0.08218001574277878","0.07740657031536102","0.06995534151792526","0.08110549300909042"
"930","0.07971283420920372","0.07123749703168869","0.09237678349018097","0.19620969519019127","0.18409490585327148","0.21943287551403046","0.14922739068667093","0.13542097806930542","0.16820770502090454","0.08033412508666515","0.07218673825263977","0.09348635375499725","0.07991997338831425","0.07176907360553741","0.0919981524348259"
"931","0.08875454217195511","0.06941935420036316","0.10808631032705307","0.19618138298392296","0.171000137925148","0.2208789587020874","0.15648294488588968","0.1420808732509613","0.16548871994018555","0.08941482752561569","0.07028824090957642","0.10909239947795868","0.08907723613083363","0.06986899673938751","0.10861807316541672"
"932","0.07578199543058872","0.06602532416582108","0.09449280798435211","0.180575679987669","0.16301174461841583","0.20419201254844666","0.13881695022185644","0.12440291792154312","0.14971525967121124","0.07643684558570385","0.06705042719841003","0.09568715840578079","0.07611204497516155","0.06609856337308884","0.09522479772567749"
"933","0.0879991240799427","0.06942115724086761","0.10095817595720291","0.19137445837259293","0.16915832459926605","0.2074391096830368","0.14714074631532034","0.12031739950180054","0.1699683517217636","0.08852062933146954","0.06979219615459442","0.1021544337272644","0.08823581784963608","0.06985440105199814","0.10143375396728516"
"934","0.08008187636733055","0.0747855082154274","0.08914311230182648","0.19046809524297714","0.17219990491867065","0.2141718864440918","0.1414285252491633","0.12497615814208984","0.1603616327047348","0.08053765073418617","0.07517915964126587","0.08898656070232391","0.08017679862678051","0.07483365386724472","0.08924277871847153"
"935","0.07401260174810886","0.07164926081895828","0.07756837457418442","0.1794569492340088","0.17163974046707153","0.19001199305057526","0.13265345493952432","0.12843307852745056","0.13711951673030853","0.07460523210465908","0.07254821062088013","0.0782116949558258","0.07420259900391102","0.07146816700696945","0.07780584692955017"
"936","0.08333379589021206","0.076267771422863","0.08970052003860474","0.18936556577682495","0.18081524968147278","0.19903318583965302","0.14974254866441092","0.13241904973983765","0.16084450483322144","0.08382472954690456","0.07690586149692535","0.09059300273656845","0.08353582210838795","0.07648906111717224","0.08969713002443314"
"937","0.0837611984461546","0.07792176306247711","0.08915077894926071","0.19847627729177475","0.18738874793052673","0.21143822371959686","0.14736758669217428","0.14180955290794373","0.1549847424030304","0.08449446596205235","0.07786010205745697","0.0900246649980545","0.08404463902115822","0.07810676097869873","0.08966732770204544"
"938","0.09211062826216221","0.08863712847232819","0.09650195389986038","0.20929618552327156","0.20636363327503204","0.2120065689086914","0.15637820462385812","0.1533411145210266","0.15908527374267578","0.0930041242390871","0.08860251307487488","0.09775835275650024","0.09252499230206013","0.08885963261127472","0.09726715087890625"
"939","0.0872479546815157","0.07245993614196777","0.10148631036281586","0.19310182332992554","0.1732015311717987","0.2128584384918213","0.13877944896618524","0.12013375014066696","0.15362553298473358","0.08789658918976784","0.07299761474132538","0.10245572030544281","0.0875774435698986","0.07275214046239853","0.1018889918923378"
"940","0.08719260059297085","0.06753720343112946","0.09530089795589447","0.19773603230714798","0.17079484462738037","0.21084780991077423","0.15027810136477152","0.13189095258712769","0.1648007333278656","0.08794176578521729","0.06746965646743774","0.09627729654312134","0.08746728487312794","0.067914217710495","0.09588351100683212"
"941","0.07781838439404964","0.06305642426013947","0.09179802238941193","0.1814873032271862","0.16463613510131836","0.2035772055387497","0.13022908568382263","0.1220930814743042","0.14210855960845947","0.07858691550791264","0.06290140748023987","0.09285138547420502","0.07817487418651581","0.06335819512605667","0.09221012890338898"
"942","0.0747784711420536","0.06523478031158447","0.08324848115444183","0.18010329082608223","0.16441011428833008","0.1973608136177063","0.13145993649959564","0.12516319751739502","0.13975872099399567","0.07566259056329727","0.06489424407482147","0.08493633568286896","0.07542410120368004","0.06550716608762741","0.0839587077498436"
"943","0.07423141784965992","0.06647241115570068","0.08916959911584854","0.18422922492027283","0.16910573840141296","0.20178702473640442","0.12921531995137533","0.1259983777999878","0.1343538612127304","0.07517851702868938","0.06611461937427521","0.09094256907701492","0.07472787797451019","0.06649253517389297","0.0899183377623558"
"944","0.07577487081289291","0.06806564331054688","0.08355303108692169","0.18435662984848022","0.1696588397026062","0.20417119562625885","0.13666799664497375","0.12654781341552734","0.15006887912750244","0.07683982513844967","0.06776770204305649","0.08582000434398651","0.07639616169035435","0.06816276162862778","0.08477135002613068"
"945","0.0778346685692668","0.06081779673695564","0.08821940422058105","0.18368040770292282","0.1661953330039978","0.20033800601959229","0.14115370561679205","0.11396405845880508","0.16128289699554443","0.0789905246347189","0.06179415434598923","0.08903507888317108","0.07849588803946972","0.0616770014166832","0.08837810903787613"
"946","0.08865919522941113","0.08413652330636978","0.10073428601026535","0.20624394342303276","0.20181256532669067","0.2161654233932495","0.15457792083422342","0.14951694011688232","0.16125847399234772","0.08987290784716606","0.0840463936328888","0.10199952125549316","0.08949054963886738","0.08441714942455292","0.10185761749744415"
"947","0.07208411768078804","0.06291919201612473","0.08178078383207321","0.18092849850654602","0.168644979596138","0.19272731244564056","0.13573576509952545","0.13058888912200928","0.13931237161159515","0.07301177643239498","0.06269479542970657","0.08303619176149368","0.07263868674635887","0.06317547708749771","0.08266706764698029"
"948","0.07990589737892151","0.07313041388988495","0.08897431939840317","0.18775063380599022","0.17031872272491455","0.1978144645690918","0.1386780689160029","0.13386934995651245","0.14672333002090454","0.08106081560254097","0.07283653318881989","0.09106062352657318","0.08061487041413784","0.0732528567314148","0.08984669297933578"
"949","0.0808783546090126","0.06984713673591614","0.08545437455177307","0.18142076209187508","0.16749009490013123","0.19156864285469055","0.1408994346857071","0.12948137521743774","0.1545206755399704","0.08192380331456661","0.07136456668376923","0.08683021366596222","0.08152390830218792","0.07031857222318649","0.0858025848865509"
"950","0.07401342876255512","0.0648946464061737","0.0775236114859581","0.17988215759396553","0.1739046275615692","0.1843213140964508","0.13309539357821146","0.12981873750686646","0.1357896625995636","0.07496030628681183","0.06634654849767685","0.07857555896043777","0.07463145069777966","0.06567738950252533","0.07813090831041336"
"951","0.08816362917423248","0.07728239893913269","0.09521389752626419","0.20110399276018143","0.18963560461997986","0.20941421389579773","0.16107017795244852","0.1548791080713272","0.1671675592660904","0.08934666961431503","0.07885491847991943","0.09743760526180267","0.08877891674637794","0.07799889892339706","0.09563539922237396"
"952","0.07961518876254559","0.0758064016699791","0.08369781076908112","0.19625570997595787","0.18527625501155853","0.20621554553508759","0.14842580755551657","0.1339941918849945","0.16188067197799683","0.0806246604770422","0.07675833255052567","0.08528587222099304","0.08011538349092007","0.07649344205856323","0.08426181972026825"
"953","0.08491608500480652","0.06640133261680603","0.09894797950983047","0.19220642745494843","0.1582859456539154","0.21591868996620178","0.15079415341218314","0.1307336390018463","0.16359926760196686","0.0860596988350153","0.06623412668704987","0.10004809498786926","0.08551121689379215","0.06666610389947891","0.09982215613126755"
"954","0.07062217220664024","0.05806473642587662","0.0825532078742981","0.17675599828362465","0.16624358296394348","0.18639612197875977","0.1339960197607676","0.130143404006958","0.13768276572227478","0.07152834627777338","0.05932273343205452","0.08362959325313568","0.07120837364345789","0.058514248579740524","0.08376139402389526"
"955","0.08339085057377815","0.07064713537693024","0.09510402381420135","0.19796424731612206","0.18004338443279266","0.21540381014347076","0.14222697416941324","0.12711870670318604","0.1527058631181717","0.0844557024538517","0.07137464731931686","0.09722087532281876","0.08408335968852043","0.0714293047785759","0.09614391624927521"
"956","0.08556912653148174","0.07910659909248352","0.09293227642774582","0.20162076130509377","0.1902669370174408","0.21306994557380676","0.1543275515238444","0.13982492685317993","0.17085757851600647","0.08683539368212223","0.08032546937465668","0.09286131709814072","0.08628491498529911","0.08013853430747986","0.09316578507423401"
"957","0.07983504980802536","0.07545428723096848","0.08268168568611145","0.18276438117027283","0.17590215802192688","0.19600212574005127","0.1352108269929886","0.12875622510910034","0.14448797702789307","0.08083971403539181","0.0768902599811554","0.08452550321817398","0.08049879223108292","0.07606560736894608","0.08357145637273788"
"958","0.08347468823194504","0.06466098129749298","0.09550442546606064","0.19136853888630867","0.16410773992538452","0.21059413254261017","0.14311253279447556","0.11729178577661514","0.16079214215278625","0.08461795188486576","0.0656823068857193","0.09777894616127014","0.08411111868917942","0.06541988998651505","0.09648968279361725"
"959","0.0749377142637968","0.06909040361642838","0.08004900068044662","0.18867423385381699","0.17649750411510468","0.20127750933170319","0.13382580627997717","0.12243720144033432","0.14271356165409088","0.0758698582649231","0.07041293382644653","0.08180204778909683","0.07540425471961498","0.06918424367904663","0.08084113895893097"
"960","0.07448368892073631","0.059593915939331055","0.08877099305391312","0.17546704038977623","0.14647895097732544","0.19707578420639038","0.12640720109144846","0.11184711754322052","0.15315696597099304","0.07560328114777803","0.059440772980451584","0.09052763879299164","0.0751595851033926","0.05976684391498566","0.08973687142133713"
"961","0.08273545652627945","0.0737568661570549","0.09394792467355728","0.19941262155771255","0.18734276294708252","0.20847773551940918","0.1571815311908722","0.1415415108203888","0.16571399569511414","0.08375603333115578","0.07516701519489288","0.09372378885746002","0.08328548818826675","0.07444603741168976","0.09409314393997192"
"962","0.07924174703657627","0.06534849852323532","0.08981317281723022","0.1800348162651062","0.16163969039916992","0.19487982988357544","0.14467967053254446","0.126020610332489","0.161199688911438","0.0803102869540453","0.06523384898900986","0.09117863327264786","0.07981794327497482","0.065523162484169","0.09085901081562042"
"963","0.07734062150120735","0.0742873102426529","0.08351971954107285","0.18835735693573952","0.17759159207344055","0.19663755595684052","0.14303797980149588","0.1335560828447342","0.1519700288772583","0.0782788135111332","0.07585634291172028","0.08332996070384979","0.07774426601827145","0.07459374517202377","0.08373379707336426"
"964","0.08782505057752132","0.07190333306789398","0.09947052597999573","0.19540895149111748","0.1714971661567688","0.20972171425819397","0.15073730051517487","0.12998713552951813","0.16584257781505585","0.08888021856546402","0.07336883991956711","0.10051340609788895","0.08848481439054012","0.07231105118989944","0.1004996970295906"
"965","0.08333357982337475","0.07860182970762253","0.08619493246078491","0.20009636133909225","0.1918066143989563","0.20715536177158356","0.15306629737218222","0.1416013389825821","0.16536293923854828","0.08431309461593628","0.07996959984302521","0.08720773458480835","0.08393406867980957","0.07983485609292984","0.08639242500066757"
"966","0.08937061205506325","0.07395953685045242","0.10371901839971542","0.20436883717775345","0.18143773078918457","0.2377604842185974","0.1634270449479421","0.14204591512680054","0.18630453944206238","0.09045765362679958","0.07572799175977707","0.10338985919952393","0.09008507803082466","0.07481749355792999","0.10395574569702148"
"967","0.07873327471315861","0.07462064921855927","0.08592184633016586","0.19576549530029297","0.18308167159557343","0.209571972489357","0.1488662213087082","0.14100421965122223","0.1597268283367157","0.07964037172496319","0.07585737109184265","0.08753341436386108","0.07929008454084396","0.0751279816031456","0.08633311092853546"
"968","0.07691227085888386","0.06668974459171295","0.08696208149194717","0.18245723843574524","0.17107631266117096","0.19463418424129486","0.14175852636496225","0.13267727196216583","0.14675652980804443","0.07805322110652924","0.06836971640586853","0.08857550472021103","0.07769110798835754","0.06765587627887726","0.08809451758861542"
"969","0.07929409109055996","0.07073680311441422","0.0862639993429184","0.1848086453974247","0.16995291411876678","0.20355990529060364","0.1451237847407659","0.13545040786266327","0.15266011655330658","0.08033722080290318","0.070381298661232","0.08737180382013321","0.0798753872513771","0.07086043059825897","0.08706007152795792"
"970","0.07215513475239277","0.06253091990947723","0.07954539358615875","0.18685301020741463","0.1777176856994629","0.20088674128055573","0.13543506463368735","0.1296919584274292","0.14624695479869843","0.07313437201082706","0.06223048269748688","0.0808030217885971","0.07268506661057472","0.06265254318714142","0.07981428503990173"
"971","0.07703571580350399","0.07452000677585602","0.08115362375974655","0.18341415375471115","0.17333224415779114","0.19966721534729004","0.14619041482607523","0.14418838918209076","0.14867395162582397","0.0780705064535141","0.07430604100227356","0.08265702426433563","0.07772949524223804","0.07479125261306763","0.08236387372016907"
"972","0.07445990107953548","0.06680364161729813","0.0807160958647728","0.1771073043346405","0.1705007553100586","0.18823671340942383","0.1302739679813385","0.12422405183315277","0.14118340611457825","0.07540286891162395","0.06664001941680908","0.08253166079521179","0.07509094662964344","0.06703613698482513","0.08158834278583527"
"973","0.08241002447903156","0.07381570339202881","0.09086177498102188","0.19120780751109123","0.1745249480009079","0.2073841691017151","0.1380610316991806","0.13374507427215576","0.14485886693000793","0.08336305618286133","0.07439873367547989","0.0920458510518074","0.08301174640655518","0.07423532754182816","0.09194298088550568"
"974","0.07615453191101551","0.06845259666442871","0.08174915611743927","0.18103665485978127","0.17215055227279663","0.18935814499855042","0.13891266286373138","0.13391029834747314","0.14686086773872375","0.07700630277395248","0.06988569349050522","0.08153510093688965","0.07666690275073051","0.06885088980197906","0.08213106542825699"
"975","0.08457191288471222","0.07171034812927246","0.09446296840906143","0.2001628316938877","0.1736358255147934","0.22210858762264252","0.14915549258391061","0.1223648339509964","0.16773808002471924","0.08564461953938007","0.07270428538322449","0.09605953842401505","0.08525042608380318","0.07238703966140747","0.09505461156368256"
"976","0.08442844823002815","0.07739856839179993","0.08837039023637772","0.2032134048640728","0.19466274976730347","0.21206893026828766","0.14518187940120697","0.14262716472148895","0.14797675609588623","0.0853936430066824","0.07868180423974991","0.08962063491344452","0.08513826876878738","0.07797747850418091","0.08943188935518265"
"977","0.08797798678278923","0.078034907579422","0.09717343002557755","0.1993676722049713","0.18573127686977386","0.21510666608810425","0.14962472518285116","0.13942605257034302","0.15479156374931335","0.08909134194254875","0.07759464532136917","0.09879429638385773","0.08871444314718246","0.07821455597877502","0.0984184592962265"
"978","0.07797490805387497","0.0763208419084549","0.07885023951530457","0.17918432131409645","0.17306920886039734","0.18936723470687866","0.14053715765476227","0.13313521444797516","0.1458914577960968","0.07899356819689274","0.07762570679187775","0.08061250299215317","0.0785527154803276","0.07679358124732971","0.07974733412265778"
"979","0.08356780372560024","0.0783567726612091","0.09376408159732819","0.19791406020522118","0.1845521330833435","0.22725918889045715","0.1536348561445872","0.1399645209312439","0.17524392902851105","0.08480047062039375","0.07955142855644226","0.09601805359125137","0.08427072688937187","0.07916278392076492","0.09449642896652222"
"980","0.08326545730233192","0.07453817129135132","0.09007327258586884","0.19192928075790405","0.17484581470489502","0.20572519302368164","0.14210205773512521","0.12953941524028778","0.15581949055194855","0.08430340327322483","0.07582205533981323","0.0919768214225769","0.0839490182697773","0.0755227655172348","0.0910918265581131"
"981","0.08123871125280857","0.07014480978250504","0.08810057491064072","0.19029485806822777","0.17473900318145752","0.20518064498901367","0.144196147720019","0.13072562217712402","0.1587727814912796","0.08237363398075104","0.06997160613536835","0.0894140750169754","0.08191380836069584","0.07033157348632812","0.08920444548130035"
"982","0.08415742963552475","0.07055899500846863","0.10441169142723083","0.18981684371829033","0.17769862711429596","0.21120627224445343","0.15022461613019308","0.1367790251970291","0.17253634333610535","0.08521739579737186","0.07229045778512955","0.10402294993400574","0.0848520677536726","0.07150266319513321","0.10466226190328598"
"983","0.0779211912304163","0.07050035893917084","0.085452601313591","0.18411174416542053","0.17767193913459778","0.19135500490665436","0.13761103649934134","0.12477073073387146","0.1474941521883011","0.07901746965944767","0.07178786396980286","0.08733805269002914","0.07858037762343884","0.07169050723314285","0.08652851730585098"
"984","0.08263543620705605","0.0748206377029419","0.10106262564659119","0.197651457041502","0.1766616851091385","0.23317429423332214","0.13700159390767416","0.12791676819324493","0.14519527554512024","0.08375128731131554","0.07448204606771469","0.10318642109632492","0.08335519023239613","0.0750500038266182","0.10202155262231827"
"985","0.08203550428152084","0.0782613456249237","0.088067427277565","0.19330455362796783","0.18741577863693237","0.20027229189872742","0.14494229356447855","0.14216235280036926","0.146601140499115","0.08313490077853203","0.07805313915014267","0.0892825648188591","0.08271599747240543","0.0784684419631958","0.08922740072011948"
"986","0.07930721528828144","0.0744587853550911","0.09088373929262161","0.19136060401797295","0.17515921592712402","0.21715524792671204","0.14835308492183685","0.13437223434448242","0.15868324041366577","0.08022480644285679","0.07577473670244217","0.09227774292230606","0.07991582900285721","0.07505489140748978","0.09207938611507416"
"987","0.08789265155792236","0.08356335759162903","0.09519973397254944","0.21026825159788132","0.20075109601020813","0.23033715784549713","0.16232507427533469","0.14780877530574799","0.174358069896698","0.08911722339689732","0.08332320302724838","0.09695068001747131","0.0885729268193245","0.08382494747638702","0.09569355845451355"
"988","0.06898139603435993","0.06472894549369812","0.07504622638225555","0.18071294575929642","0.1723712980747223","0.1894351840019226","0.1322589914004008","0.1267077475786209","0.13518817722797394","0.06969526782631874","0.06585612893104553","0.07582399249076843","0.06942737475037575","0.06502854824066162","0.07585559040307999"
"989","0.07927183993160725","0.07547569274902344","0.08342204242944717","0.18577632680535316","0.18124571442604065","0.18949054181575775","0.14099704722563425","0.13037171959877014","0.149381622672081","0.08015397563576698","0.0764859989285469","0.08498718589544296","0.0798213817179203","0.07570432126522064","0.08417513966560364"
"990","0.0831731054931879","0.07977074384689331","0.09097086638212204","0.19526894018054008","0.19123588502407074","0.19896012544631958","0.1482755790154139","0.1466563493013382","0.150339275598526","0.08435904234647751","0.07968045771121979","0.0923215001821518","0.08389449305832386","0.08017070591449738","0.09214027971029282"
"991","0.07957098260521889","0.07390099763870239","0.08668950200080872","0.19464953988790512","0.18253856897354126","0.2049509882926941","0.14530828098456064","0.1347751021385193","0.15718449652194977","0.0805513747036457","0.07539349794387817","0.08641143143177032","0.08021428436040878","0.07465154677629471","0.08698875457048416"
"992","0.0808484498411417","0.06888289004564285","0.08917693793773651","0.19446571916341782","0.18128299713134766","0.21504095196723938","0.1516022483507792","0.1433958113193512","0.16355378925800323","0.08186183124780655","0.07051630318164825","0.09019944071769714","0.0813616830855608","0.06969664990901947","0.0899105817079544"
"993","0.07933927513659","0.07275935262441635","0.08925683796405792","0.19532886892557144","0.18700623512268066","0.20491307973861694","0.14392564197381338","0.13257642090320587","0.15365681052207947","0.08002277463674545","0.07414840161800385","0.08883494883775711","0.07986391708254814","0.07361078262329102","0.08937190473079681"
"994","0.0860119815915823","0.08291932940483093","0.08931346237659454","0.19972116872668266","0.18440350890159607","0.21915555000305176","0.1543155014514923","0.1511572152376175","0.1595374345779419","0.08707372285425663","0.08269158005714417","0.09091389179229736","0.08667836338281631","0.08326052874326706","0.08990436047315598"
"995","0.08854682184755802","0.0803426206111908","0.09945821762084961","0.20749865472316742","0.1994870901107788","0.21528410911560059","0.15302784740924835","0.1475667953491211","0.1595936268568039","0.08954209834337234","0.08184850215911865","0.10130446404218674","0.08934623375535011","0.0810568630695343","0.10018809884786606"
"996","0.0784585140645504","0.06747404485940933","0.09935155510902405","0.1894705593585968","0.16825933754444122","0.2326411008834839","0.14070277412732443","0.12495341897010803","0.17200453579425812","0.07964559085667133","0.06727609038352966","0.10181321203708649","0.07919259183108807","0.06772047281265259","0.10029557347297668"
"997","0.09182308427989483","0.087405726313591","0.09784345328807831","0.20376887917518616","0.1891152262687683","0.21503514051437378","0.15817733108997345","0.14746299386024475","0.1665186583995819","0.09298066049814224","0.08902178704738617","0.09900392591953278","0.0925806351006031","0.08833549916744232","0.09857773780822754"
"998","0.08107338100671768","0.07426811754703522","0.08540157973766327","0.19572321698069572","0.17549046874046326","0.20445607602596283","0.14095059037208557","0.12571848928928375","0.1500445455312729","0.08194421790540218","0.07505623996257782","0.08721935749053955","0.08162668719887733","0.07491180300712585","0.08650391548871994"
"999","0.08493373915553093","0.07796187698841095","0.08963968604803085","0.1908905953168869","0.18394772708415985","0.19626104831695557","0.147530198097229","0.1422106921672821","0.15356788039207458","0.08595188893377781","0.07774017006158829","0.09128973633050919","0.08558290638029575","0.07820586860179901","0.09028534591197968"
"1000","0.078899797052145","0.07135312259197235","0.08553275465965271","0.19414695352315903","0.17843109369277954","0.20547997951507568","0.14476373294989267","0.12830020487308502","0.1602230817079544","0.07982494123280048","0.07250524312257767","0.08534424006938934","0.07949987053871155","0.07237013429403305","0.08576057106256485"
"1001","0.07795839011669159","0.07050445675849915","0.0847894698381424","0.18270117044448853","0.16675391793251038","0.1969338208436966","0.1369999349117279","0.13020110130310059","0.1433730572462082","0.07899498753249645","0.07176605612039566","0.08675454556941986","0.0786174014210701","0.07101806998252869","0.08581031113862991"
"1002","0.08168226666748524","0.07905879616737366","0.08647553622722626","0.19079631939530373","0.1819506585597992","0.2073718011379242","0.14696048200130463","0.14255639910697937","0.14939060807228088","0.08272904343903065","0.08008211106061935","0.08764942735433578","0.08230905793607235","0.08011163026094437","0.08741556107997894"
"1003","0.0804810207337141","0.07110746204853058","0.08632975071668625","0.1935059204697609","0.16935083270072937","0.21907804906368256","0.14345173289378485","0.12221039086580276","0.15733370184898376","0.08147083222866058","0.07209159433841705","0.08747699856758118","0.08103432506322861","0.07186993956565857","0.08644901216030121"
"1004","0.07859881967306137","0.07438794523477554","0.08065667003393173","0.18978315591812134","0.17663291096687317","0.20153555274009705","0.13711484769980112","0.12784826755523682","0.1488088220357895","0.07967887073755264","0.07558489590883255","0.0818134993314743","0.07927720993757248","0.07484693825244904","0.08086920529603958"
"1005","0.08074627630412579","0.07390160858631134","0.09059228003025055","0.18791785836219788","0.17841577529907227","0.20351004600524902","0.13401352365811667","0.13153205811977386","0.13824664056301117","0.08177141658961773","0.07367849349975586","0.09240758419036865","0.08130648359656334","0.07402557879686356","0.09151080250740051"
"1006","0.07862714491784573","0.06627058982849121","0.08948329091072083","0.1790660321712494","0.16622701287269592","0.18663744628429413","0.13388227423032126","0.11805187165737152","0.14429683983325958","0.07964598760008812","0.06720160692930222","0.09185938537120819","0.07931273058056831","0.06732803583145142","0.09060132503509521"
"1007","0.08923324197530746","0.07763153314590454","0.09959404915571213","0.2026473954319954","0.18654072284698486","0.22068855166435242","0.15767714381217957","0.14800065755844116","0.17180165648460388","0.09021658822894096","0.07942094653844833","0.09920865297317505","0.08987380005419254","0.07863017916679382","0.09986032545566559"
"1008","0.08568643033504486","0.07755367457866669","0.09632176160812378","0.19580961018800735","0.17626650631427765","0.21649326384067535","0.15066727499167124","0.13110260665416718","0.16338305175304413","0.08662976138293743","0.07895223796367645","0.09801942855119705","0.08620140142738819","0.07819405198097229","0.09680838882923126"
"1009","0.07910384424030781","0.07299436628818512","0.08596281707286835","0.18899209797382355","0.16131514310836792","0.20750930905342102","0.13893824319044748","0.11995279788970947","0.1494193822145462","0.08019028604030609","0.07393545657396317","0.08760246634483337","0.07984954491257668","0.07409025728702545","0.08663812279701233"
"1010","0.07460708357393742","0.06616866588592529","0.08799372613430023","0.1819782890379429","0.16981998085975647","0.19841474294662476","0.1407550722360611","0.13066861033439636","0.1515142321586609","0.07541857473552227","0.06772539764642715","0.0876510962843895","0.07517619244754314","0.06691557914018631","0.08826518058776855"
"1011","0.08733912371098995","0.07942572236061096","0.09714555740356445","0.19626886770129204","0.18660105764865875","0.21781407296657562","0.15566777686278024","0.14405688643455505","0.1692667007446289","0.08876051381230354","0.08149663358926773","0.09979575127363205","0.08822079375386238","0.08027194440364838","0.09847761690616608"
"1012","0.08653105422854424","0.08091943711042404","0.09064578264951706","0.19677844643592834","0.1894892007112503","0.20713591575622559","0.1517919401327769","0.1459333747625351","0.16155636310577393","0.0877508595585823","0.08303569257259369","0.09222878515720367","0.08729332871735096","0.08205084502696991","0.09198316931724548"
"1013","0.07837272807955742","0.07390481978654861","0.08664290606975555","0.18604035302996635","0.17868080735206604","0.20314490795135498","0.14018845558166504","0.1294025182723999","0.15547281503677368","0.0794339906424284","0.07542988657951355","0.08658840507268906","0.07904735766351223","0.07453295588493347","0.08709023147821426"
"1014","0.07539823465049267","0.07182720303535461","0.07866659760475159","0.17667648568749428","0.17067936062812805","0.18187415599822998","0.1342732310295105","0.1324968785047531","0.1366836279630661","0.07634695246815681","0.07345953583717346","0.07957491278648376","0.07598096318542957","0.07268191874027252","0.0798720121383667"
"1015","0.07499882392585278","0.06986251473426819","0.0815926268696785","0.17745938152074814","0.16381028294563293","0.19044622778892517","0.13007293393214545","0.11724864691495895","0.14634472131729126","0.07585767656564713","0.0708550214767456","0.08122512698173523","0.07548045739531517","0.0703773945569992","0.08172765374183655"
"1016","0.08348916284739971","0.07217392325401306","0.09787659347057343","0.19392898678779602","0.17812632024288177","0.2193666398525238","0.14148237307866415","0.13218621909618378","0.16005423665046692","0.08460761234164238","0.07199987769126892","0.09911838918924332","0.08423935994505882","0.0724160373210907","0.09895128011703491"
"1017","0.08161279931664467","0.07597097009420395","0.08740793168544769","0.19037922844290733","0.1822691261768341","0.19960328936576843","0.13821634650230408","0.12943953275680542","0.1465802937746048","0.08249301090836525","0.07698097825050354","0.08882777392864227","0.08212100528180599","0.07633628696203232","0.08830586075782776"
"1018","0.0796209592372179","0.07148326188325882","0.091110959649086","0.18763073533773422","0.17082194983959198","0.21046844124794006","0.13978694876035055","0.12529027462005615","0.1619424819946289","0.08068260923027992","0.07123355567455292","0.09284442663192749","0.08037684299051762","0.07188168913125992","0.09183234721422195"
"1019","0.08156880177557468","0.0691271722316742","0.08978395164012909","0.1895999051630497","0.17059600353240967","0.20803652703762054","0.15318923691908518","0.14796125888824463","0.15857113897800446","0.08257368952035904","0.07066252827644348","0.09128427505493164","0.08208191581070423","0.0697905421257019","0.0900312140583992"
"1020","0.08005583100020885","0.07368852198123932","0.09137342870235443","0.18932869657874107","0.18230146169662476","0.1973840445280075","0.1455791195233663","0.13053682446479797","0.1560683250427246","0.08101242408156395","0.07504407316446304","0.09291128814220428","0.08065533265471458","0.07431794703006744","0.09197396039962769"
"1021","0.08683772385120392","0.07832273840904236","0.0995098203420639","0.2010599598288536","0.18042781949043274","0.22714680433273315","0.14849342902501425","0.13329321146011353","0.1685042381286621","0.08780713565647602","0.07926226407289505","0.1010681539773941","0.08746647275984287","0.07914871722459793","0.10011905431747437"
"1022","0.07987848669290543","0.07369673997163773","0.09283706545829773","0.18815649300813675","0.17610982060432434","0.20950883626937866","0.14063298205534616","0.12280300259590149","0.16205713152885437","0.0807309728115797","0.07463084161281586","0.09252383559942245","0.08045237325131893","0.07445190846920013","0.09316755086183548"
"1023","0.08356066234409809","0.07031679153442383","0.09212321043014526","0.19619544595479965","0.1721508800983429","0.21135097742080688","0.1468777855237325","0.13737976551055908","0.16170759499073029","0.08473167009651661","0.07020639628171921","0.09394913911819458","0.08421091176569462","0.07059621810913086","0.09295819699764252"
"1024","0.08607979863882065","0.07879661023616791","0.09551302343606949","0.19527988508343697","0.18923605978488922","0.20160868763923645","0.1513932396968206","0.1403944343328476","0.16733336448669434","0.08696185797452927","0.08025151491165161","0.09497435390949249","0.08662844821810722","0.07920730113983154","0.09572166204452515"
"1025","0.0802389495074749","0.06523272395133972","0.0864008441567421","0.1905178315937519","0.17825821042060852","0.19865255057811737","0.1389561320344607","0.12161339074373245","0.15489253401756287","0.08132496476173401","0.06649937480688095","0.08837026357650757","0.08096822537481785","0.06583645939826965","0.0874091237783432"
"1026","0.07733295671641827","0.06839698553085327","0.09784729778766632","0.18295396491885185","0.1668584644794464","0.22052238881587982","0.13755945364634195","0.11965247988700867","0.16616255044937134","0.07824748754501343","0.06939239054918289","0.0996231883764267","0.07779208570718765","0.06925281137228012","0.0982244610786438"
"1027","0.0794440358877182","0.06451834738254547","0.0897570252418518","0.192865289747715","0.17460986971855164","0.20647504925727844","0.14718039333820343","0.1262393742799759","0.161675363779068","0.08032506331801414","0.06596335768699646","0.08994575589895248","0.0799235999584198","0.06513714045286179","0.09003716707229614"
"1028","0.08860922046005726","0.06629473716020584","0.10316713154315948","0.20709889382123947","0.18754592537879944","0.2283487617969513","0.1500095327695211","0.12465701997280121","0.17240993678569794","0.08948104456067085","0.06738419085741043","0.10285641252994537","0.08927743509411812","0.0667734444141388","0.10362245887517929"
"1029","0.0741330124437809","0.06380057334899902","0.08434778451919556","0.17591221630573273","0.1596243977546692","0.1865847110748291","0.13869676987330118","0.11698609590530396","0.1514255255460739","0.07500284537672997","0.06519323587417603","0.08489743620157242","0.07461139932274818","0.0643165186047554","0.08470320701599121"
"1030","0.08567074127495289","0.0768604427576065","0.09778948873281479","0.19326022639870644","0.172010600566864","0.2155044972896576","0.14764240880807242","0.12914012372493744","0.1702589988708496","0.086977144703269","0.07816461473703384","0.10005161166191101","0.08649869821965694","0.07807119935750961","0.09870126098394394"
"1031","0.08050134964287281","0.07657214999198914","0.08657710999250412","0.1900591179728508","0.1818971037864685","0.19965919852256775","0.14208806057771048","0.1324864625930786","0.15163755416870117","0.08159270510077477","0.07760489732027054","0.0863334909081459","0.08112038299441338","0.0775468572974205","0.08667950332164764"
"1032","0.07725516241043806","0.06239566579461098","0.08414782583713531","0.17968138679862022","0.16589324176311493","0.1897713840007782","0.14297341307004294","0.1390548199415207","0.14583200216293335","0.07812108844518661","0.06380946934223175","0.08557741343975067","0.07786644622683525","0.0630660131573677","0.08477464318275452"
"1033","0.08270234428346157","0.06591162085533142","0.09736354649066925","0.19353008270263672","0.16562852263450623","0.21799437701702118","0.13916059831778207","0.11583153903484344","0.15402014553546906","0.08384876139461994","0.0668359026312828","0.09958638995885849","0.08343221060931683","0.06695879995822906","0.09843195974826813"
"1034","0.08285623043775558","0.07452591508626938","0.0882982611656189","0.19213002175092697","0.1815200001001358","0.2017752081155777","0.13916696111361185","0.1308048963546753","0.15157583355903625","0.08397331647574902","0.07442164421081543","0.08982309699058533","0.0834626629948616","0.07466643303632736","0.08883878588676453"
"1035","0.08192883431911469","0.06960675120353699","0.09994923323392868","0.18606048449873924","0.17161260545253754","0.20365206897258759","0.14614457388718924","0.1230609267950058","0.16667652130126953","0.08297519944608212","0.07062876224517822","0.09969134628772736","0.08257246017456055","0.07046730071306229","0.10022331774234772"
"1036","0.07856635563075542","0.06588640809059143","0.0946473479270935","0.186068806797266","0.1693621426820755","0.21377064287662506","0.1420401856303215","0.11470475047826767","0.16559606790542603","0.07948729954659939","0.06654339283704758","0.09453759342432022","0.07906931638717651","0.06626267731189728","0.0949544683098793"
"1037","0.07801778428256512","0.07238773256540298","0.0867026075720787","0.1843268685042858","0.17688995599746704","0.19112244248390198","0.13909441232681274","0.1337752640247345","0.14226125180721283","0.0789042878895998","0.07409101724624634","0.0876324400305748","0.07857692055404186","0.07315042614936829","0.08750107884407043"
"1038","0.07526411861181259","0.0678459107875824","0.08691801130771637","0.17799616232514381","0.1732138693332672","0.18953430652618408","0.13207406550645828","0.12478520721197128","0.14305000007152557","0.0762212909758091","0.06822460889816284","0.08842521905899048","0.07588216103613377","0.0686531662940979","0.08751365542411804"
"1039","0.07712113857269287","0.06436213105916977","0.09043306112289429","0.1797345019876957","0.16965077817440033","0.19244910776615143","0.13364621500174204","0.12354303896427155","0.14977014064788818","0.0779675580561161","0.06419879198074341","0.09178484976291656","0.07767297327518463","0.06455972045660019","0.09107105433940887"
"1040","0.0830895621329546","0.07362215220928192","0.0928083211183548","0.18742362782359123","0.17502114176750183","0.20139096677303314","0.15000638862450918","0.14364935457706451","0.15512900054454803","0.08424578979611397","0.07342261075973511","0.09421400725841522","0.08378076367080212","0.07385095953941345","0.09384152293205261"
"1041","0.07922455482184887","0.07109273970127106","0.09555043280124664","0.18708664551377296","0.17132529616355896","0.21649929881095886","0.14766154686609903","0.12694162130355835","0.1705997735261917","0.08030606061220169","0.07212460786104202","0.09750791639089584","0.07992160134017467","0.07199326902627945","0.09640786051750183"
"1042","0.08311274833977222","0.06953496485948563","0.09382539987564087","0.19865181669592857","0.1832398772239685","0.21657195687294006","0.14990966518719992","0.1373833566904068","0.16636712849140167","0.08395233936607838","0.07091772556304932","0.0933922529220581","0.08367225155234337","0.07012481987476349","0.09393687546253204"
"1043","0.07809559628367424","0.06843593716621399","0.08847596496343613","0.19417115300893784","0.16522696614265442","0.2100497931241989","0.14372897148132324","0.12660551071166992","0.1543956995010376","0.07917622476816177","0.0682237446308136","0.08977688103914261","0.07876488007605076","0.06862159818410873","0.08964657783508301"
"1044","0.07640651799738407","0.06210740655660629","0.08942598104476929","0.18059015646576881","0.16219240427017212","0.2113814502954483","0.13577527304490408","0.12335015833377838","0.15202662348747253","0.07734775729477406","0.06354594230651855","0.09111455082893372","0.07706141844391823","0.06296443939208984","0.0900397077202797"
"1045","0.08417799696326256","0.07703099399805069","0.09509408473968506","0.19665654748678207","0.18124179542064667","0.21504256129264832","0.1515947331984838","0.13936710357666016","0.15953432023525238","0.0852239653468132","0.07677038758993149","0.09665733575820923","0.08488906919956207","0.07731833308935165","0.09643657505512238"
"1046","0.07991932891309261","0.06859555840492249","0.0877063125371933","0.18256030604243279","0.16449272632598877","0.2008126676082611","0.133274977405866","0.11998714506626129","0.1543363332748413","0.08080791868269444","0.06980248540639877","0.0893004983663559","0.08051272109150887","0.06897807121276855","0.08859920501708984"
"1047","0.08618767186999321","0.07546400278806686","0.10062387585639954","0.19386502727866173","0.18287651240825653","0.2134111225605011","0.15160388747851053","0.13503418862819672","0.17164693772792816","0.08729807659983635","0.07709798216819763","0.10025027394294739","0.0868736281991005","0.07625314593315125","0.10087530314922333"
"1048","0.07641999423503876","0.07002770155668259","0.0840321034193039","0.17601292580366135","0.17051060497760773","0.18138161301612854","0.1391241451104482","0.12469303607940674","0.14886298775672913","0.07737459056079388","0.07075124979019165","0.08376026898622513","0.07696627825498581","0.07054931670427322","0.08427732437849045"
"1049","0.08395827747881413","0.07109005004167557","0.09471520781517029","0.18688444793224335","0.1643809676170349","0.20296049118041992","0.14155474305152893","0.12685401737689972","0.16031020879745483","0.08508950471878052","0.07100722938776016","0.09621647000312805","0.08466476760804653","0.07130979001522064","0.09535276144742966"
"1050","0.08325203508138657","0.07643403112888336","0.09595096856355667","0.20249012485146523","0.1859622299671173","0.23627182841300964","0.1527402251958847","0.13486270606517792","0.17714419960975647","0.0845562070608139","0.07615192979574203","0.09818543493747711","0.08393405377864838","0.07661612331867218","0.0966079980134964"
"1051","0.07767326198518276","0.06830789148807526","0.08734375983476639","0.18476464226841927","0.17813965678215027","0.19496601819992065","0.1285693645477295","0.12352043390274048","0.13659849762916565","0.0784988533705473","0.06924393773078918","0.08896326273679733","0.07822011411190033","0.068421371281147","0.08822967112064362"
"1052","0.0823414959013462","0.0751817375421524","0.08682157099246979","0.18844738975167274","0.17421972751617432","0.19959509372711182","0.1507314294576645","0.14778317511081696","0.15450355410575867","0.08337266929447651","0.07668720185756683","0.08815876394510269","0.0829605981707573","0.07597993314266205","0.08803588151931763"
"1053","0.07420726306736469","0.06727874279022217","0.08772973716259003","0.1720687933266163","0.15974834561347961","0.191810742020607","0.13166244079669318","0.12159508466720581","0.14973300695419312","0.07512366585433483","0.06699777394533157","0.08952182531356812","0.07471227645874023","0.0673738569021225","0.08838333189487457"
"1054","0.0838991217315197","0.07959730923175812","0.08875946700572968","0.19458899646997452","0.19028574228286743","0.2011389136314392","0.1460519085327784","0.14012764394283295","0.15414933860301971","0.08491973578929901","0.08150932937860489","0.0898863673210144","0.0845151487737894","0.08057346940040588","0.0898495465517044"
"1055","0.08793670311570168","0.06675587594509125","0.1053214743733406","0.2052963599562645","0.17196448147296906","0.23171085119247437","0.15010974804560342","0.1282380074262619","0.1719665676355362","0.08905925042927265","0.06654109060764313","0.10686460137367249","0.08863638900220394","0.06698378175497055","0.10665303468704224"
"1056","0.08008547499775887","0.07750286161899567","0.08266521990299225","0.18627867475152016","0.18196967244148254","0.19066700339317322","0.14275027314821878","0.1378677934408188","0.14542125165462494","0.08120236359536648","0.07725264132022858","0.0843529924750328","0.08074467070400715","0.07763172686100006","0.08319748938083649"
"1057","0.08906283974647522","0.07982577383518219","0.10646484792232513","0.20716103538870811","0.18561317026615143","0.24474407732486725","0.16028611858685812","0.14942851662635803","0.17743098735809326","0.09037828631699085","0.08143612742424011","0.10831436514854431","0.0898401327431202","0.08074495196342468","0.10795935988426208"
"1058","0.07572462223470211","0.06504955887794495","0.08672628551721573","0.1778448335826397","0.164044588804245","0.1984671801328659","0.13452800860007605","0.12305452674627304","0.1568601429462433","0.07646331191062927","0.06608329713344574","0.086504727602005","0.07633308507502079","0.06543642282485962","0.08710727840662003"
"1059","0.0834466703236103","0.07779228687286377","0.08621734380722046","0.18216633051633835","0.1752750277519226","0.18690118193626404","0.13756952186425528","0.1251833140850067","0.1454664170742035","0.08444109559059143","0.07886875420808792","0.08783959597349167","0.08410068042576313","0.0787980705499649","0.08686434477567673"
"1060","0.08514037728309631","0.07766216993331909","0.09980389475822449","0.18873374164104462","0.17571336030960083","0.2171711027622223","0.14916091163953146","0.13619855046272278","0.16571784019470215","0.0863206572830677","0.07760050892829895","0.1015111580491066","0.08590246923267841","0.07791809737682343","0.10118600726127625"
"1061","0.08154856413602829","0.07621987164020538","0.08693044632673264","0.1937970593571663","0.18534621596336365","0.2063303142786026","0.14875041941801706","0.13469639420509338","0.16446754336357117","0.08268847689032555","0.07730603218078613","0.08661375939846039","0.08224450051784515","0.07718883454799652","0.08712689578533173"
"1062","0.08435678295791149","0.07758346199989319","0.09060356020927429","0.1892854869365692","0.17938899993896484","0.19727858901023865","0.13885455826918283","0.13272680342197418","0.14816206693649292","0.08537428267300129","0.07921628654003143","0.09041430056095123","0.08499391376972198","0.07816649973392487","0.09079241007566452"
"1063","0.08180995099246502","0.07412372529506683","0.08662457019090652","0.19543256983160973","0.18577972054481506","0.20244920253753662","0.14823149144649506","0.13887587189674377","0.1559312492609024","0.08281254209578037","0.07525555789470673","0.0881696343421936","0.08239032328128815","0.07489015907049179","0.08717017620801926"
"1064","0.08226966485381126","0.07835488766431808","0.08474469184875488","0.18915776535868645","0.18417039513587952","0.19465529918670654","0.1377603163321813","0.13530898094177246","0.1407300978899002","0.0833004005253315","0.07978889346122742","0.08613090217113495","0.08287335000932217","0.07868629693984985","0.08573215454816818"
"1065","0.08544685877859592","0.07901902496814728","0.09653332829475403","0.19450772181153297","0.18706849217414856","0.2099139392375946","0.14672139783700308","0.13908618688583374","0.16129091382026672","0.08635496534407139","0.08050209283828735","0.09630593657493591","0.08597746677696705","0.07963584363460541","0.09658871591091156"
"1066","0.08606130816042423","0.07446423918008804","0.09680725634098053","0.18844865635037422","0.1739809811115265","0.21197639405727386","0.15235953529675803","0.14312326908111572","0.15960584580898285","0.08716496452689171","0.07629305124282837","0.0982922613620758","0.08675181493163109","0.07536166906356812","0.09799444675445557"
"1067","0.07969300076365471","0.06625036150217056","0.08909323811531067","0.18072225153446198","0.17172104120254517","0.18990471959114075","0.13631599148114523","0.12686267495155334","0.1548546403646469","0.08058422058820724","0.06751356273889542","0.08882863074541092","0.08033382892608643","0.06685715913772583","0.08943067491054535"
"1068","0.0871487408876419","0.07909062504768372","0.095542311668396","0.20252258703112602","0.1855604499578476","0.21730615198612213","0.15166847904523215","0.14706066250801086","0.15430006384849548","0.08823809027671814","0.08070069551467896","0.09686627984046936","0.08778351545333862","0.0798286646604538","0.09663072973489761"
"1069","0.08299537375569344","0.07119755446910858","0.10420772433280945","0.18937762081623077","0.17873628437519073","0.2111726701259613","0.1381849100192388","0.13251768052577972","0.14455366134643555","0.08390744961798191","0.0725005716085434","0.1059451699256897","0.08360959962010384","0.0718042403459549","0.1050240620970726"
"1070","0.08419942297041416","0.07457669824361801","0.09481585025787354","0.1929732970893383","0.17837241291999817","0.2111734002828598","0.14391196270783743","0.1391262412071228","0.1526595801115036","0.08533582836389542","0.07440883666276932","0.09711988270282745","0.0849665105342865","0.07498697936534882","0.0959845781326294"
"1071","0.09033632092177868","0.08305440098047256","0.09793740510940552","0.20478016510605812","0.1954686939716339","0.21422319114208221","0.16172340512275696","0.14960509538650513","0.17619837820529938","0.09152599051594734","0.0848725438117981","0.097897469997406","0.09099591337144375","0.08383138477802277","0.09812949597835541"
"1072","0.080757737159729","0.06243976950645447","0.09178365767002106","0.19363219663500786","0.16496238112449646","0.21287226676940918","0.1542012095451355","0.14699125289916992","0.15842103958129883","0.08158611506223679","0.06348209828138351","0.09291693568229675","0.08136153593659401","0.06290169805288315","0.09287726879119873"
"1073","0.07597709447145462","0.06538993120193481","0.0874876081943512","0.1753290258347988","0.16117867827415466","0.19150017201900482","0.13083695620298386","0.11490350216627121","0.13964146375656128","0.07663342729210854","0.06633016467094421","0.08843249827623367","0.07643833942711353","0.06570899486541748","0.08836107701063156"
"1074","0.08749670162796974","0.08027888089418411","0.09276977181434631","0.19693731144070625","0.19133242964744568","0.2026754766702652","0.14981649816036224","0.14474497735500336","0.15819251537322998","0.08846792951226234","0.08162441849708557","0.09376344084739685","0.08804487250745296","0.0806671530008316","0.09350068122148514"
"1075","0.08410342037677765","0.07263222336769104","0.09078235179185867","0.20463891327381134","0.18429356813430786","0.21244189143180847","0.15182031194368997","0.1465040147304535","0.15602843463420868","0.08487764559686184","0.07379068434238434","0.0909409448504448","0.08466395735740662","0.07323672622442245","0.09117060899734497"
"1076","0.08453013934195042","0.07973956316709518","0.09240813553333282","0.1959875486791134","0.18932747840881348","0.2132725566625595","0.14660183091958365","0.13802511990070343","0.16003957390785217","0.08544374629855156","0.08125299215316772","0.09406918287277222","0.08500747010111809","0.08044829219579697","0.09288337826728821"
"1077","0.07680019736289978","0.06961531192064285","0.0806199237704277","0.1779700368642807","0.1688021421432495","0.18943512439727783","0.13350018858909607","0.12528258562088013","0.13946358859539032","0.07765144482254982","0.06935076415538788","0.08205391466617584","0.07721360959112644","0.06976883113384247","0.08118246495723724"
"1078","0.07526438869535923","0.06739451736211777","0.08157172054052353","0.17130399122834206","0.15990053117275238","0.1800459623336792","0.13462932904561362","0.13066375255584717","0.14234045147895813","0.07615327462553978","0.06890883296728134","0.08128780126571655","0.07584384828805923","0.06819212436676025","0.08192815631628036"
"1079","0.09396107494831085","0.08491212129592896","0.10606272518634796","0.20931873470544815","0.1924002468585968","0.2409953773021698","0.1581190675497055","0.14718887209892273","0.1784462034702301","0.09511598572134972","0.0846099779009819","0.1078902930021286","0.09473886527121067","0.08517137914896011","0.10654427856206894"
"1080","0.0731004886329174","0.06864055246114731","0.07659277319908142","0.17799585312604904","0.17272961139678955","0.18780983984470367","0.13029319047927856","0.11798252165317535","0.1422504484653473","0.07410354912281036","0.0697062537074089","0.07828576117753983","0.07378919422626495","0.06986028701066971","0.07723566889762878"
"1081","0.07990266382694244","0.0790112316608429","0.08055025339126587","0.18780450895428658","0.1812768280506134","0.19762282073497772","0.14291056990623474","0.1416889876127243","0.14470471441745758","0.08075499907135963","0.08020849525928497","0.08185829222202301","0.08039878122508526","0.07948058098554611","0.08095479756593704"
"1083","0.0817644540220499","0.05993971973657608","0.09478543698787689","0.19157598167657852","0.1602940559387207","0.20905104279518127","0.13804844518502554","0.11675092577934265","0.15482845902442932","0.08276962768286467","0.06114761903882027","0.0967024564743042","0.08257582876831293","0.06063428148627281","0.09589358419179916"
"1084","0.08626729622483253","0.07881197333335876","0.09225742518901825","0.18871141225099564","0.17897528409957886","0.19613207876682281","0.14364436268806458","0.12692788243293762","0.15576402842998505","0.08706984296441078","0.07993707060813904","0.09184328466653824","0.086744898930192","0.07969138026237488","0.09262190759181976"
"1085","0.08131822012364864","0.07134878635406494","0.09667037427425385","0.1867256835103035","0.1678573489189148","0.21599321067333221","0.144393523534139","0.1304585337638855","0.15825095772743225","0.08260164223611355","0.07322730869054794","0.09815584123134613","0.08218648284673691","0.07243216037750244","0.09783528000116348"
"1086","0.09125683829188347","0.0728287473320961","0.09877597540616989","0.21800585091114044","0.18590831756591797","0.24489614367485046","0.16380863388379416","0.1574251502752304","0.17442162334918976","0.0920939464122057","0.07407008856534958","0.09998629987239838","0.09172549843788147","0.07339012622833252","0.0999322384595871"
"1087","0.08192030526697636","0.07331720739603043","0.09135608375072479","0.1922939009964466","0.1680999994277954","0.2293107956647873","0.15115908781687418","0.1443164050579071","0.16424192488193512","0.0826738066971302","0.07467322051525116","0.09270022809505463","0.08237433433532715","0.07399020344018936","0.09261074662208557"
"1088","0.08348639495670795","0.07210463285446167","0.09254132211208344","0.18584244698286057","0.17347726225852966","0.19413433969020844","0.14430917302767435","0.13358061015605927","0.15047605335712433","0.08471040986478329","0.07353092730045319","0.09231777489185333","0.0843182485550642","0.0726839005947113","0.09277533739805222"
"1089","0.08263745158910751","0.07603839039802551","0.08883026242256165","0.18467659503221512","0.17359545826911926","0.19530725479125977","0.13852671285470328","0.1358582228422165","0.14256012439727783","0.08401965163648129","0.07567109912633896","0.09118354320526123","0.08364436589181423","0.07625479996204376","0.09005627036094666"
"1090","0.07417822815477848","0.07094188779592514","0.07581592351198196","0.17067640647292137","0.16275370121002197","0.1780717670917511","0.13079758485158285","0.11706945300102234","0.13789714872837067","0.07566142454743385","0.0716848373413086","0.07805190980434418","0.07524433732032776","0.07152137160301208","0.07710970938205719"
"1091","0.08314698934555054","0.07166352868080139","0.10821853578090668","0.1965443603694439","0.17307060956954956","0.24111038446426392","0.14760483304659525","0.12663017213344574","0.18552465736865997","0.08407829888164997","0.07299811393022537","0.10793831944465637","0.0837988518178463","0.07275106012821198","0.10837636142969131"
"1092","0.0823990385979414","0.07175424695014954","0.08817968517541885","0.18734222650527954","0.16636183857917786","0.20806598663330078","0.13616161545117697","0.12923435866832733","0.14116576313972473","0.08355665765702724","0.0715501680970192","0.09087680280208588","0.08298835530877113","0.07179782539606094","0.08946298062801361"
"1093","0.07955293636769056","0.061373841017484665","0.09205245226621628","0.181717649102211","0.16847367584705353","0.2060180902481079","0.1378113478422165","0.12143714725971222","0.15343549847602844","0.08053243719041348","0.06253484636545181","0.09384477138519287","0.08010842557996511","0.06196562573313713","0.09282991290092468"
"1094","0.09383755177259445","0.08517993986606598","0.10475900769233704","0.20811432600021362","0.1965179592370987","0.23568689823150635","0.16149058938026428","0.14719891548156738","0.18319374322891235","0.09480673633515835","0.08698201179504395","0.10459352284669876","0.09443188458681107","0.08600496500730515","0.10519114136695862"
"1095","0.07954006269574165","0.07715839147567749","0.0854184627532959","0.1855071857571602","0.17888769507408142","0.19165672361850739","0.13926381866137186","0.1316727101802826","0.14830893278121948","0.0804449263960123","0.07766535133123398","0.08667047321796417","0.080198734998703","0.07796820998191833","0.08612101525068283"
"1096","0.08328799717128277","0.0654221847653389","0.0990595817565918","0.18720433115959167","0.16434802114963531","0.20509271323680878","0.14083104332288107","0.11480845510959625","0.15876251459121704","0.08448213711380959","0.06608635187149048","0.10186782479286194","0.08419614285230637","0.06595652550458908","0.10122201591730118"
"1097","0.076930807903409","0.0709504783153534","0.08213591575622559","0.17612964287400246","0.16817358136177063","0.18583549559116364","0.13286239405473074","0.12267418205738068","0.13948634266853333","0.07723183557391167","0.07162436842918396","0.0830991268157959","0.07687349058687687","0.07076717913150787","0.08302398025989532"
"1098","0.07382510975003242","0.07068058848381042","0.08052279055118561","0.17660609260201454","0.16856050491333008","0.18756970763206482","0.13018563389778137","0.12242905795574188","0.14117644727230072","0.07520977407693863","0.07210499793291092","0.08389157056808472","0.07488195970654488","0.07146075367927551","0.08301226794719696"
"1099","0.0824651438742876","0.06983751058578491","0.09563764929771423","0.1827477477490902","0.16089047491550446","0.21928775310516357","0.1438180555899938","0.1271425187587738","0.15937753021717072","0.08313871920108795","0.07007935643196106","0.09688547253608704","0.08279279991984367","0.06936194002628326","0.0966387465596199"
"1100","0.082757119089365","0.06283944845199585","0.09932814538478851","0.1910180300474167","0.16484713554382324","0.2232803851366043","0.13154049714406332","0.1165262907743454","0.1416049599647522","0.08404283411800861","0.06515906751155853","0.10124289989471436","0.08376329950988293","0.06443577259778976","0.10035892575979233"
"1101","0.08508647233247757","0.07772649079561234","0.09217458218336105","0.1889118328690529","0.17635464668273926","0.20556114614009857","0.13939028481642404","0.13141000270843506","0.1485651582479477","0.08604293130338192","0.07882516086101532","0.09396935999393463","0.0856639165431261","0.078514963388443","0.09311211854219437"
"1102","0.09202597662806511","0.07220993936061859","0.114871546626091","0.2074759565293789","0.18309414386749268","0.23081186413764954","0.16460769871870676","0.13939625024795532","0.18559205532073975","0.0926287267357111","0.07386451959609985","0.11440672725439072","0.09232152998447418","0.07298073172569275","0.1153666228055954"
"1103","0.08339522406458855","0.0734071433544159","0.09661941230297089","0.19420668855309486","0.1698075532913208","0.21356651186943054","0.1499167134364446","0.14161497354507446","0.16406099498271942","0.08467620424926281","0.07497139275074005","0.09927836060523987","0.08425536192953587","0.07421176880598068","0.09804746508598328"
"1104","0.08347087725996971","0.06560485064983368","0.09459809213876724","0.1859453245997429","0.15747204422950745","0.20706523954868317","0.13865591088930765","0.11503300070762634","0.15511971712112427","0.08410101756453514","0.06659100204706192","0.09614048898220062","0.0836790669709444","0.06630003452301025","0.09513935446739197"
"1105","0.08327306061983109","0.07848726212978363","0.09229041635990143","0.18615498393774033","0.1798938512802124","0.1976172924041748","0.13770967225233713","0.13506539165973663","0.13915279507637024","0.08398979157209396","0.07832604646682739","0.09398837387561798","0.08347742445766926","0.0786028802394867","0.09303583949804306"
"1106","0.08496502228081226","0.07679762691259384","0.09227053821086884","0.187765471637249","0.18174101412296295","0.19074782729148865","0.14398276309172311","0.1371493637561798","0.14849837124347687","0.08616839721798897","0.07818670570850372","0.09408334642648697","0.0855923481285572","0.07764564454555511","0.09303402900695801"
"1107","0.08045087568461895","0.06520876288414001","0.09438431262969971","0.1840505562722683","0.16778592765331268","0.20676888525485992","0.1400959144035975","0.12122568488121033","0.15345577895641327","0.08167891018092632","0.0649656355381012","0.0957489088177681","0.08142534270882607","0.06549225747585297","0.09552750736474991"
"1108","0.07948863320052624","0.07030048221349716","0.08404932916164398","0.18540584295988083","0.1674618422985077","0.2052040696144104","0.1379678895076116","0.12646518647670746","0.14384987950325012","0.08084949478507042","0.07297383248806","0.08378483355045319","0.0805334523320198","0.07210566848516464","0.08418610692024231"
"1109","0.08458482846617699","0.07690799236297607","0.0925055518746376","0.19147012382745743","0.18419957160949707","0.20209915935993195","0.14606316884358725","0.13738399744033813","0.15896138548851013","0.0855854582041502","0.07798276841640472","0.09232388436794281","0.08525263890624046","0.07757017016410828","0.0929359421133995"
"1110","0.07362886145710945","0.0641009658575058","0.08852691948413849","0.1812605895102024","0.17072901129722595","0.2009563148021698","0.13122143348058066","0.11739276349544525","0.14804114401340485","0.07454291917383671","0.06526970863342285","0.09029097855091095","0.07428104989230633","0.06461761891841888","0.08949793130159378"
"1111","0.08039373345673084","0.07649948447942734","0.08497689664363861","0.18143612146377563","0.17276087403297424","0.1917409747838974","0.1335222472747167","0.1321924477815628","0.13441802561283112","0.08125069364905357","0.07742035388946533","0.08684416860342026","0.08092348836362362","0.0766388475894928","0.08580417931079865"
"1112","0.08506742678582668","0.07480699568986893","0.10604983568191528","0.19448895379900932","0.17608636617660522","0.23419438302516937","0.1369960904121399","0.13532432913780212","0.13842329382896423","0.08609496988356113","0.07534144818782806","0.10861534625291824","0.0856118742376566","0.07472725212574005","0.10739808529615402"
"1113","0.0770040936768055","0.0723498985171318","0.07932846993207932","0.1773652508854866","0.17215126752853394","0.18356463313102722","0.13127724826335907","0.12908414006233215","0.13325807452201843","0.07791435532271862","0.07370279729366302","0.08081936091184616","0.07747027277946472","0.07303939759731293","0.07974119484424591"
"1114","0.07834908552467823","0.06978312134742737","0.08699250966310501","0.18520858511328697","0.17364683747291565","0.19384226202964783","0.1370849311351776","0.11926305294036865","0.14905956387519836","0.07964595034718513","0.07058517634868622","0.08961544930934906","0.07931904308497906","0.07048104703426361","0.08875849097967148"
"1115","0.0850562397390604","0.07910999655723572","0.08997616916894913","0.18697744980454445","0.17915071547031403","0.19722989201545715","0.14472030599912009","0.14165976643562317","0.14775985479354858","0.0862987320870161","0.0813431590795517","0.09102847427129745","0.08585505746304989","0.0804746001958847","0.09071934968233109"
"1116","0.08138819970190525","0.07324551045894623","0.09874089062213898","0.1898026429116726","0.16947120428085327","0.2159576117992401","0.14649927616119385","0.13456016778945923","0.16300584375858307","0.08215788379311562","0.07337681949138641","0.09974388778209686","0.08190899901092052","0.07285412400960922","0.0998649150133133"
"1117","0.082809928804636","0.0728701502084732","0.09250296652317047","0.19327114149928093","0.16978244483470917","0.21738454699516296","0.13602274656295776","0.1231088936328888","0.15698668360710144","0.08386649191379547","0.07389814406633377","0.09464448690414429","0.08349603600800037","0.07365186512470245","0.09394852817058563"
"1118","0.08062084019184113","0.07412409037351608","0.09066779166460037","0.1925266720354557","0.17463162541389465","0.2125997096300125","0.13533030450344086","0.1282062977552414","0.14600710570812225","0.0823806431144476","0.07394081354141235","0.09295090287923813","0.08195006102323532","0.07425844669342041","0.09172802418470383"
"1119","0.0812697596848011","0.06981156766414642","0.09352018684148788","0.18181082978844643","0.16589923202991486","0.20097389817237854","0.13491339484850565","0.12545453011989594","0.1534956991672516","0.0820587407797575","0.06962773203849792","0.09433522075414658","0.08159690164029598","0.07009977102279663","0.09330730885267258"
"1120","0.07980028167366982","0.06880640983581543","0.08884887397289276","0.17873137444257736","0.16145317256450653","0.19540834426879883","0.13262359549601874","0.11496271938085556","0.15402552485466003","0.08070463687181473","0.06939149647951126","0.09079985320568085","0.08031487092375755","0.06922604888677597","0.08997342735528946"
"1121","0.09244544617831707","0.07849995791912079","0.10615791380405426","0.1994682289659977","0.1789599061012268","0.21471884846687317","0.14928480982780457","0.1365833282470703","0.162152498960495","0.09408464841544628","0.08212029188871384","0.10747502744197845","0.09365134499967098","0.08118546009063721","0.10718479752540588"
"1122","0.07906451635062695","0.0679861456155777","0.0942416861653328","0.18478983268141747","0.16135172545909882","0.20533141493797302","0.14095696806907654","0.1287481188774109","0.16074444353580475","0.08005627989768982","0.06785102188587189","0.09527638554573059","0.07969488762319088","0.0682864561676979","0.09441865980625153"
"1123","0.0820991899818182","0.07926847040653229","0.08823367953300476","0.18568718060851097","0.17762675881385803","0.19852621853351593","0.13594125707944235","0.12950493395328522","0.14314456284046173","0.0826789028942585","0.08052824437618256","0.08795822411775589","0.0823374018073082","0.08023490011692047","0.08716729283332825"
"1124","0.07400188781321049","0.06574201583862305","0.07984886318445206","0.17807019874453545","0.16326849162578583","0.19697344303131104","0.12455900013446808","0.11676917970180511","0.13922223448753357","0.07530250772833824","0.06546677649021149","0.08261418342590332","0.07490572333335876","0.06575094908475876","0.08185584843158722"
"1125","0.08336720615625381","0.07666382193565369","0.08938313275575638","0.1961975395679474","0.1800278127193451","0.20589977502822876","0.13824352125326791","0.13053111732006073","0.14502039551734924","0.08447349816560745","0.07652967423200607","0.09057358652353287","0.08395718969404697","0.0768323466181755","0.09040115773677826"
"1126","0.08415443450212479","0.07379613816738129","0.09740740805864334","0.18265002220869064","0.16468481719493866","0.20647883415222168","0.13437616328398386","0.12833179533481598","0.14383487403392792","0.0855446308851242","0.07623063027858734","0.09953480958938599","0.08510197326540947","0.0752614215016365","0.09829223901033401"
"1127","0.08301290310919285","0.073443703353405","0.0914437398314476","0.19117841497063637","0.1796540468931198","0.1978825479745865","0.13803636034329733","0.12648741900920868","0.14955073595046997","0.08406449854373932","0.0745343565940857","0.09345786273479462","0.0836333129554987","0.07413528114557266","0.09238023310899734"
"1128","0.07906024903059006","0.07052597403526306","0.08426457643508911","0.1848081834614277","0.1754654496908188","0.18912136554718018","0.1363544911146164","0.12703430652618408","0.1432816982269287","0.08016319014132023","0.07038646191358566","0.08539257943630219","0.07969611510634422","0.07065198570489883","0.08522052317857742"
"1129","0.08326401002705097","0.07154491543769836","0.10685449838638306","0.17921362444758415","0.1629047989845276","0.21153494715690613","0.13203097383181253","0.12506595253944397","0.1356833130121231","0.08454385586082935","0.0723797082901001","0.10932212322950363","0.08400925807654858","0.07203774899244308","0.10795362293720245"
"1130","0.08227285370230675","0.06746174395084381","0.09045802056789398","0.1837119124829769","0.172713965177536","0.19126349687576294","0.14208795130252838","0.14132359623908997","0.14326868951320648","0.08317086659371853","0.06900712847709656","0.09149319678544998","0.08283581398427486","0.06830763816833496","0.09132570028305054"
"1131","0.0750366821885109","0.06529011577367783","0.08218526840209961","0.17869499698281288","0.16375067830085754","0.18931551277637482","0.13304180155197778","0.12409011274576187","0.1408463716506958","0.07623597420752048","0.06751030683517456","0.08406279981136322","0.07591573521494865","0.06688595563173294","0.08312946557998657"
"1132","0.07764742895960808","0.0685974732041359","0.0842936635017395","0.1729782372713089","0.16138529777526855","0.17945387959480286","0.12788397570451102","0.12438252568244934","0.13389983773231506","0.07919610664248466","0.07225318998098373","0.08601391315460205","0.07892017625272274","0.07174219936132431","0.08506268262863159"
"1133","0.08117384649813175","0.07000182569026947","0.09731648117303848","0.1781131513416767","0.15630289912223816","0.20841524004936218","0.1468841185172399","0.13486787676811218","0.15566474199295044","0.08251301757991314","0.07113946229219437","0.09857846796512604","0.08226682804524899","0.07055792212486267","0.0982079803943634"
"1134","0.07329097762703896","0.0667930617928505","0.08543339371681213","0.17317665740847588","0.16610322892665863","0.18980085849761963","0.12632533411184946","0.11872443556785583","0.14091238379478455","0.07441494427621365","0.0673803985118866","0.08757883310317993","0.07387111894786358","0.0675247311592102","0.08617208898067474"
"1135","0.08033916912972927","0.07058243453502655","0.09599769115447998","0.19005019217729568","0.16985803842544556","0.2038925290107727","0.13591411958138147","0.12024898082017899","0.14674615859985352","0.08080683276057243","0.0713188424706459","0.09807060658931732","0.0804195012897253","0.07105263322591782","0.0970543771982193"
"1136","0.07706328481435776","0.07071235775947571","0.08807920664548874","0.18211181461811066","0.17247653007507324","0.20638099312782288","0.13341359297434488","0.12463091313838959","0.1477406620979309","0.0780536662787199","0.07252280414104462","0.08779725432395935","0.07774377055466175","0.0715411826968193","0.0884171575307846"
"1137","0.08304604142904282","0.07648980617523193","0.09050043672323227","0.18408307433128357","0.17314626276493073","0.19454960525035858","0.14374639093875885","0.13469582796096802","0.15183785557746887","0.08448559790849686","0.07914312183856964","0.09198623895645142","0.084120724350214","0.07837112993001938","0.09158303588628769"
"1138","0.08419312164187431","0.0723380371928215","0.09039698541164398","0.18959108740091324","0.17574511468410492","0.19760480523109436","0.14742514491081238","0.14059260487556458","0.15321841835975647","0.08492408879101276","0.07361089438199997","0.09037426859140396","0.08452934585511684","0.07278987020254135","0.09055812656879425"
"1139","0.08195765689015388","0.07514306157827377","0.09395156800746918","0.19259973987936974","0.18351797759532928","0.20341607928276062","0.14069023728370667","0.1312272846698761","0.1514531522989273","0.08257638104259968","0.07527869939804077","0.09366908669471741","0.0823464933782816","0.07469204068183899","0.09407635033130646"
"1140","0.08515726588666439","0.07485883682966232","0.0928894504904747","0.18044181168079376","0.16326096653938293","0.1911916732788086","0.1332232803106308","0.11689551174640656","0.14669957756996155","0.08607521280646324","0.07544387876987457","0.09448248147964478","0.08576966635882854","0.07537680864334106","0.09360463172197342"
"1141","0.08423957414925098","0.07558268308639526","0.10057161748409271","0.1954088807106018","0.18586985766887665","0.21643458306789398","0.14575428267319998","0.13499251008033752","0.1633436381816864","0.08553845062851906","0.07790754735469818","0.1021176427602768","0.08521297201514244","0.0770769789814949","0.10186898708343506"
"1142","0.0806931983679533","0.0694938600063324","0.09990113228559494","0.19130713492631912","0.17056965827941895","0.22220930457115173","0.14672439297040304","0.13557109236717224","0.16419991850852966","0.08077303506433964","0.07104256749153137","0.1010388433933258","0.0805126279592514","0.07018743455410004","0.10092061012983322"
"1143","0.07939360104501247","0.06599090993404388","0.09191183745861053","0.19130930304527283","0.16415905952453613","0.21543920040130615","0.1369821826616923","0.11929497122764587","0.152692049741745","0.08056438341736794","0.0679187923669815","0.0931369960308075","0.08015396818518639","0.06712749600410461","0.09275109320878983"
"1144","0.08454716205596924","0.08075375854969025","0.08683042228221893","0.18782341480255127","0.18018029630184174","0.19588159024715424","0.14606369535128275","0.1393170803785324","0.15396681427955627","0.0857574213296175","0.08258216083049774","0.08789804577827454","0.08531071059405804","0.08171017467975616","0.08757920563220978"
"1145","0.08225657418370247","0.06864936649799347","0.10062597692012787","0.18644046038389206","0.16350588202476501","0.20871755480766296","0.13451436161994934","0.12476341426372528","0.15184615552425385","0.08335950970649719","0.06848028302192688","0.10235728323459625","0.08298255316913128","0.06873206794261932","0.10169389098882675"
"1146","0.08333057723939419","0.06179026514291763","0.09386958926916122","0.19035399705171585","0.1562686711549759","0.2031438648700714","0.1559164822101593","0.15144753456115723","0.16176584362983704","0.08360998146235943","0.0632302388548851","0.09363910555839539","0.08321805577725172","0.06239761784672737","0.09404489398002625"
"1147","0.0826354417949915","0.07289417088031769","0.08689146488904953","0.18661726638674736","0.17263831198215485","0.19466069340705872","0.1397165854771932","0.12519630789756775","0.15209054946899414","0.08347871899604797","0.0738438069820404","0.08895546197891235","0.08316563256084919","0.0738246887922287","0.08785273134708405"
"1148","0.0842045359313488","0.07731005549430847","0.09214752167463303","0.18378493189811707","0.17283886671066284","0.1945611536502838","0.14249224960803986","0.13537751138210297","0.14967426657676697","0.08479154482483864","0.07704763114452362","0.09214802831411362","0.08439138159155846","0.07749385386705399","0.09129252284765244"
"1149","0.09018070809543133","0.07400371134281158","0.10653643310070038","0.19913418218493462","0.17355282604694366","0.22477039694786072","0.14817088345686594","0.12776918709278107","0.17357149720191956","0.09155790694057941","0.07654495537281036","0.10618339478969574","0.09117968752980232","0.07562986761331558","0.10694996267557144"
"1150","0.0837409496307373","0.07311870902776718","0.09178216010332108","0.1960214488208294","0.17289067804813385","0.2120532989501953","0.14212826391061148","0.13464440405368805","0.15264110267162323","0.08490575663745403","0.0744769349694252","0.0914287343621254","0.08460171520709991","0.07394744455814362","0.0920700877904892"
"1151","0.08422523364424706","0.07683692872524261","0.09121793508529663","0.1898520477116108","0.17323823273181915","0.20144514739513397","0.14990942180156708","0.13416434824466705","0.16032585501670837","0.08470837399363518","0.0779062956571579","0.09135495871305466","0.08435162715613842","0.07731951028108597","0.09022697806358337"
"1152","0.0872125718742609","0.07225940376520157","0.09965196996927261","0.1960335709154606","0.18466401100158691","0.20974072813987732","0.14243439336617789","0.13025014102458954","0.15631645917892456","0.08786331489682198","0.07192043960094452","0.10185903310775757","0.0876184031367302","0.07114586979150772","0.10070871561765671"
"1153","0.0795681606978178","0.07377989590167999","0.08584746718406677","0.18283776566386223","0.17380279302597046","0.19339555501937866","0.13996181885401407","0.133021742105484","0.14665980637073517","0.08033959195017815","0.0752006471157074","0.08683371543884277","0.08010188303887844","0.07437194883823395","0.08692698180675507"
"1154","0.07715070806443691","0.07051336020231247","0.08582073450088501","0.1793064959347248","0.16765105724334717","0.18916431069374084","0.12878674765427908","0.12451906502246857","0.13268603384494781","0.07783311419188976","0.0702095776796341","0.08751098811626434","0.07758253067731857","0.07065446674823761","0.08661504834890366"
"1155","0.08503319695591927","0.06762605905532837","0.1023872047662735","0.19973812624812126","0.18012896180152893","0.21296735107898712","0.1451964577039083","0.13077616691589355","0.15691664814949036","0.08559246361255646","0.06708630174398422","0.10399720817804337","0.08519303239881992","0.06613419204950333","0.10323704779148102"
"1156","0.08690222539007664","0.07784875482320786","0.09680198132991791","0.20548443496227264","0.1830863654613495","0.25626140832901","0.14003235598405203","0.13442106544971466","0.14590668678283691","0.08801254071295261","0.07775293290615082","0.09977360814809799","0.08762862347066402","0.078069306910038","0.098540298640728"
"1157","0.07983081415295601","0.07421235740184784","0.08394819498062134","0.18302661553025246","0.17691899836063385","0.1876876950263977","0.13722248872121176","0.13574764132499695","0.1400451958179474","0.08105118945240974","0.07641106098890305","0.08381670713424683","0.08060404099524021","0.07558760046958923","0.08409518003463745"
"1158","0.08069179579615593","0.0727759376168251","0.09227875620126724","0.19180350750684738","0.1791379302740097","0.21028470993041992","0.13690506418546042","0.12767291069030762","0.14755043387413025","0.0819577369838953","0.07350717484951019","0.09428437054157257","0.08155124820768833","0.07355146110057831","0.09319393336772919"
"1159","0.08568688668310642","0.0771830677986145","0.09914921969175339","0.1870763748884201","0.17238366603851318","0.2090107798576355","0.14389930168787637","0.13157877326011658","0.16059890389442444","0.0868702381849289","0.07853712886571884","0.09878331422805786","0.08649432472884655","0.07829947024583817","0.0992140993475914"
"1160","0.08244912885129452","0.07625208050012589","0.0910865068435669","0.1817091554403305","0.1658422350883484","0.2004445344209671","0.13067437211672464","0.12576650083065033","0.13364778459072113","0.08274541422724724","0.07585642486810684","0.0929824635386467","0.08225174434483051","0.07640251517295837","0.09183923900127411"
"1161","0.0801495611667633","0.07628703117370605","0.08457639068365097","0.1743108294904232","0.16319555044174194","0.18305662274360657","0.13033212224642435","0.12687936425209045","0.13317102193832397","0.08176800608634949","0.07771898806095123","0.08555204421281815","0.08133709989488125","0.07800418138504028","0.08523296564817429"
"1162","0.08108561299741268","0.07350354641675949","0.08770763874053955","0.1904427595436573","0.17911040782928467","0.2044019252061844","0.1350911259651184","0.13023623824119568","0.1432277262210846","0.08169220015406609","0.07326829433441162","0.0889572948217392","0.08133930712938309","0.0737362951040268","0.08834776282310486"
"1163","0.08136703819036484","0.07679547369480133","0.08763812482357025","0.18877026811242104","0.17656682431697845","0.20170477032661438","0.13649419943491617","0.12608328461647034","0.14838743209838867","0.08225245214998722","0.07781973481178284","0.08942645788192749","0.08201777189970016","0.07786430418491364","0.0884278267621994"
"1164","0.07522992230951786","0.06675203144550323","0.08041327446699142","0.18067654967308044","0.16789603233337402","0.19715431332588196","0.13926303883393606","0.13677388429641724","0.14090897142887115","0.07650315947830677","0.06816579401493073","0.08156991004943848","0.07614420540630817","0.06743074953556061","0.08117245882749557"
"1165","0.08464003168046474","0.06919950991868973","0.10321933776140213","0.1788131557404995","0.15313343703746796","0.2043575942516327","0.13597060243288675","0.11766746640205383","0.16323164105415344","0.08593708835542202","0.06907825171947479","0.10616821050643921","0.08550824783742428","0.06947462260723114","0.10491333156824112"
"1166","0.07978516072034836","0.07227831333875656","0.08902628719806671","0.17917656525969505","0.17196613550186157","0.1856302171945572","0.13827338069677353","0.12389376014471054","0.14569206535816193","0.08100990951061249","0.07317586988210678","0.0890045240521431","0.0806982945650816","0.07345473021268845","0.08928065747022629"
"1167","0.07403400167822838","0.06473242491483688","0.07919508963823318","0.16799920052289963","0.15913125872612","0.17268183827400208","0.12695089727640152","0.11170177906751633","0.1359386444091797","0.07416360080242157","0.06530866026878357","0.07852156460285187","0.07381429336965084","0.06492001563310623","0.07895688712596893"
"1168","0.07668670825660229","0.06536316871643066","0.08852511644363403","0.1825423464179039","0.15998606383800507","0.2044825255870819","0.13806617508331934","0.11424530297517776","0.15486353635787964","0.07786395959556103","0.06645660102367401","0.09013275802135468","0.07739557139575481","0.06631889939308167","0.08921664953231812"
"1169","0.08476673811674118","0.07082037627696991","0.09905019402503967","0.19610708951950073","0.17131714522838593","0.20745086669921875","0.13987495005130768","0.12087328732013702","0.15040388703346252","0.08558257482945919","0.0717901736497879","0.10094209015369415","0.08532566018402576","0.07192322611808777","0.09987278282642365"
"1170","0.07833914086222649","0.07123000919818878","0.08190219104290009","0.18254632130265236","0.17932581901550293","0.18512868881225586","0.13235589613517126","0.12454988807439804","0.13987906277179718","0.07916451431810856","0.0721614807844162","0.0828857570886612","0.07874508015811443","0.07125679403543472","0.08263052254915237"
"1171","0.07785519398748875","0.0748567283153534","0.0811808854341507","0.17888004705309868","0.17370173335075378","0.18338517844676971","0.14138242602348328","0.13404014706611633","0.14553672075271606","0.07908514514565468","0.07618197798728943","0.08098672330379486","0.07880893908441067","0.07527764141559601","0.08135093748569489"
"1172","0.07492436841130257","0.07146096229553223","0.08242114633321762","0.18013237416744232","0.17459815740585327","0.19162431359291077","0.1326735864082972","0.12498176097869873","0.14391782879829407","0.07601650059223175","0.07374025881290436","0.08221523463726044","0.07567454501986504","0.07270614802837372","0.08256565034389496"
"1173","0.08294059708714485","0.07549212872982025","0.09055137634277344","0.18619288504123688","0.17526286840438843","0.20510262250900269","0.14137643575668335","0.12889152765274048","0.15972265601158142","0.08343436010181904","0.07663112133741379","0.09248887747526169","0.08314256928861141","0.07638150453567505","0.09154995530843735"
"1174","0.07918893732130527","0.07230053097009659","0.08880184590816498","0.17648670822381973","0.1655142605304718","0.20326261222362518","0.13527819514274597","0.12587106227874756","0.14428456127643585","0.07973972335457802","0.0725715234875679","0.0900561660528183","0.07943077385425568","0.07170175015926361","0.0898694396018982"
"1175","0.09371905773878098","0.0803234651684761","0.1072319746017456","0.1981830857694149","0.17566576600074768","0.22014999389648438","0.14605499307314554","0.12860502302646637","0.16926604509353638","0.09511376544833183","0.0814146175980568","0.11052118986845016","0.09477253817021847","0.08121837675571442","0.10969062149524689"
"1176","0.08479659631848335","0.07762933522462845","0.09439271688461304","0.18711569905281067","0.17624622583389282","0.19766321778297424","0.13739697635173798","0.12952475249767303","0.14580756425857544","0.0861669760197401","0.07735838741064072","0.09528593719005585","0.08586074411869049","0.0778069719672203","0.09501249343156815"
"1177","0.08667336776852608","0.07644063234329224","0.1022452861070633","0.19362615048885345","0.17335432767868042","0.21545320749282837","0.15213014682133993","0.13176721334457397","0.173203706741333","0.08736373297870159","0.07784207165241241","0.10185852646827698","0.08709567971527576","0.07713982462882996","0.10227086395025253"
"1178","0.07727403938770294","0.07116598635911942","0.08495259284973145","0.1771526299417019","0.16535572707653046","0.18713080883026123","0.1348844120899836","0.12826400995254517","0.14145539700984955","0.07851672545075417","0.07350661605596542","0.08477939665317535","0.07813472673296928","0.07269059121608734","0.08527377247810364"
"1179","0.08468574285507202","0.07600989937782288","0.0943128913640976","0.19364720210433006","0.17153050005435944","0.20494487881660461","0.14050552248954773","0.13162049651145935","0.14689470827579498","0.08541969582438469","0.0758141577243805","0.09620431065559387","0.08496260829269886","0.07619936019182205","0.09515152126550674"
"1180","0.0860256552696228","0.07883226871490479","0.09233912825584412","0.19016503170132637","0.17748594284057617","0.20291000604629517","0.14403501152992249","0.13667544722557068","0.1519319713115692","0.08677487820386887","0.07995405048131943","0.09200871735811234","0.08650782890617847","0.07932835817337036","0.09257122129201889"
"1181","0.07588389702141285","0.07065138965845108","0.08445847034454346","0.17626527324318886","0.16739466786384583","0.19035035371780396","0.1326079765955607","0.12658652663230896","0.14121703803539276","0.07685303315520287","0.07253485918045044","0.08418884128332138","0.07661900855600834","0.07172055542469025","0.0845310389995575"
"1182","0.08273968286812305","0.07324209809303284","0.09204354137182236","0.18851640447974205","0.16834592819213867","0.20379570126533508","0.13449163486560187","0.11789796501398087","0.14838117361068726","0.08271818608045578","0.07399293035268784","0.09163366258144379","0.08236013539135456","0.07379021495580673","0.09224508702754974"
"1183","0.08787514641880989","0.07735289633274078","0.10140881687402725","0.19445502385497093","0.17728453874588013","0.211349219083786","0.1462380290031433","0.1335602104663849","0.16466937959194183","0.08883194625377655","0.07862551510334015","0.10113495588302612","0.08860490843653679","0.0780566930770874","0.10175776481628418"
"1184","0.07975069247186184","0.07588312029838562","0.08628462255001068","0.18959567323327065","0.17957106232643127","0.1971255987882614","0.1465103179216385","0.13970732688903809","0.1598799228668213","0.08075369335711002","0.07572329044342041","0.08767424523830414","0.08033040352165699","0.07614421844482422","0.08680982887744904"
"1185","0.08235821314156055","0.07376497238874435","0.08920736610889435","0.17958806082606316","0.16568097472190857","0.20020076632499695","0.14080647130807242","0.12732814252376556","0.1492038071155548","0.08341041393578053","0.07358163595199585","0.0902869701385498","0.08320280909538269","0.07414362579584122","0.0903005450963974"
"1186","0.07942995056509972","0.07703589648008347","0.08107955753803253","0.17969143763184547","0.176049143075943","0.18215098977088928","0.13451088964939117","0.1329706609249115","0.13592751324176788","0.08011228032410145","0.07744798064231873","0.08252909034490585","0.07966342754662037","0.076585553586483","0.08158542215824127"
"1187","0.08188291266560555","0.07417690008878708","0.09395397454500198","0.18458722159266472","0.17286932468414307","0.20499187707901","0.14027364800373712","0.12286920100450516","0.15808077156543732","0.08237810432910919","0.07519154250621796","0.09343269467353821","0.08189125172793865","0.07488836348056793","0.09226736426353455"
"1188","0.08157387562096119","0.06924153864383698","0.08960026502609253","0.18215545639395714","0.1657266914844513","0.19395577907562256","0.13427319129308066","0.12579724192619324","0.14742052555084229","0.08202861063182354","0.06858900189399719","0.09131234884262085","0.08175473473966122","0.06800331920385361","0.09050573408603668"
"1189","0.08428470231592655","0.07845886796712875","0.09062469005584717","0.1895674541592598","0.1785305142402649","0.20980596542358398","0.1404980570077896","0.13759136199951172","0.14525292813777924","0.08549918048083782","0.0811493992805481","0.09232288599014282","0.08519419841468334","0.08035025000572205","0.09148268401622772"
"1190","0.08516850136220455","0.07337170094251633","0.09505441784858704","0.18481655046343803","0.16950221359729767","0.19707241654396057","0.1380926916996638","0.12493674457073212","0.1536785364151001","0.08615145087242126","0.07323990762233734","0.09663599729537964","0.08560635149478912","0.07366352528333664","0.09580184519290924"
"1191","0.07512877136468887","0.06183892488479614","0.09050388634204865","0.1761399656534195","0.15877485275268555","0.1983923316001892","0.12475293626387914","0.1097981333732605","0.14311641454696655","0.075654998421669","0.06273819506168365","0.09027504175901413","0.07534134760499","0.06273243576288223","0.09068659693002701"
"1192","0.09053281880915165","0.082975372672081","0.10232080519199371","0.20430509373545647","0.17494498193264008","0.22977614402770996","0.14486835896968842","0.12796027958393097","0.16851603984832764","0.09108932316303253","0.08377690613269806","0.10200604796409607","0.09071849472820759","0.08365902304649353","0.10101401060819626"
"1193","0.07590148784220219","0.06487779319286346","0.08491159975528717","0.1724509857594967","0.16360047459602356","0.18116870522499084","0.1300540342926979","0.1225854828953743","0.13888752460479736","0.07675815559923649","0.06612013280391693","0.08653883635997772","0.07650051079690456","0.06541391462087631","0.08571932464838028"
"1194","0.08092842809855938","0.07557497173547745","0.08400511741638184","0.17933818325400352","0.1674070954322815","0.1887902319431305","0.1355500171581904","0.131785050034523","0.13779285550117493","0.081892816349864","0.075283482670784","0.08511045575141907","0.08162261731922626","0.07577201724052429","0.08499318361282349"
"1195","0.08025620132684708","0.07462148368358612","0.08611137419939041","0.17546527832746506","0.168134868144989","0.18562108278274536","0.12958992520968118","0.12188966572284698","0.13606640696525574","0.08150777593255043","0.07642337679862976","0.08763513714075089","0.08120603300631046","0.07643941044807434","0.08686615526676178"
"1196","0.08400878868997097","0.0732959434390068","0.09160233289003372","0.18426061421632767","0.1733284592628479","0.19489093124866486","0.13682356973489126","0.12138783931732178","0.1565011739730835","0.08526670932769775","0.07420531660318375","0.09404593706130981","0.08486168831586838","0.07423959672451019","0.09279982000589371"
"1197","0.08194625377655029","0.07031270861625671","0.08872479200363159","0.18295354396104813","0.1728079915046692","0.1968647539615631","0.1437613864739736","0.13996919989585876","0.14701953530311584","0.08303513377904892","0.07163339853286743","0.08968988060951233","0.08274614065885544","0.07097215950489044","0.0893372893333435"
"1198","0.08533309027552605","0.07960714399814606","0.09437766671180725","0.19498413056135178","0.17630809545516968","0.21549853682518005","0.1469635268052419","0.12913388013839722","0.1617291271686554","0.08643189258873463","0.08103853464126587","0.09574055671691895","0.08605030179023743","0.08034537732601166","0.0953603982925415"
"1199","0.09491214156150818","0.08190065622329712","0.10014913231134415","0.2036287933588028","0.18918780982494354","0.21103480458259583","0.15319124857584634","0.13840997219085693","0.16372433304786682","0.09625906124711037","0.0817410871386528","0.10285483300685883","0.09579459019005299","0.08203288912773132","0.10156503319740295"
"1200","0.0830229502171278","0.07162858545780182","0.09360222518444061","0.17713163048028946","0.16591714322566986","0.19087597727775574","0.1425794909397761","0.12332582473754883","0.15685777366161346","0.08415834978222847","0.07295597344636917","0.09615334123373032","0.08386843837797642","0.0722869485616684","0.09515509754419327"
"1201","0.07662161998450756","0.07286405563354492","0.07848504185676575","0.18233667314052582","0.16342903673648834","0.19331768155097961","0.1276925007502238","0.11928869783878326","0.13698315620422363","0.0770634077489376","0.07387158274650574","0.07999452948570251","0.0769053716212511","0.07392753660678864","0.07925981283187866"
"1202","0.07836817763745785","0.07386772334575653","0.08249616622924805","0.17637361958622932","0.16574260592460632","0.18804322183132172","0.13898257911205292","0.12920823693275452","0.1508668214082718","0.07919684238731861","0.0737408772110939","0.08343224227428436","0.07894458808004856","0.07422668486833572","0.08328045159578323"
"1203","0.08345465362071991","0.07640662789344788","0.09234920144081116","0.18635710328817368","0.17461347579956055","0.19922016561031342","0.14292017122109732","0.1356356292963028","0.15535952150821686","0.08429740183055401","0.07722051441669464","0.09205934405326843","0.08398773707449436","0.07647209614515305","0.0924803614616394"
"1204","0.07773127779364586","0.06902942061424255","0.08581710606813431","0.17950008064508438","0.16342049837112427","0.1862315982580185","0.13132333010435104","0.11961362510919571","0.138705313205719","0.07836436666548252","0.06885665655136108","0.08685465157032013","0.0781016405671835","0.06923940777778625","0.08664574474096298"
"1205","0.07583167590200901","0.0733737051486969","0.07914960384368896","0.17541728168725967","0.1745849847793579","0.17660413682460785","0.12883158524831137","0.12670651078224182","0.13239963352680206","0.07734216563403606","0.07488144934177399","0.07887689769268036","0.07690933346748352","0.07408261299133301","0.0793537050485611"
"1206","0.08799804002046585","0.08244960755109787","0.09050806611776352","0.1925569660961628","0.18815816938877106","0.1949654221534729","0.1466043641169866","0.143819659948349","0.15006691217422485","0.08899945393204689","0.08385203778743744","0.09189778566360474","0.08863209560513496","0.08314406126737595","0.09153002500534058"
"1207","0.08069816790521145","0.07357857376337051","0.08405859768390656","0.1871778629720211","0.1794804036617279","0.2031923085451126","0.13918916384379068","0.13398736715316772","0.14444458484649658","0.08184772171080112","0.07521180808544159","0.08648309111595154","0.0815944205969572","0.07452209293842316","0.08584421873092651"
"1208","0.08653984777629375","0.0705096423625946","0.09763572365045547","0.18026281893253326","0.1553410142660141","0.19670304656028748","0.14948359628518423","0.1339588612318039","0.15843525528907776","0.08703065291047096","0.07217253744602203","0.09740227460861206","0.08664157055318356","0.07136180251836777","0.09797347337007523"
"1209","0.0828753188252449","0.07810527831315994","0.09001574665307999","0.18398937955498695","0.17500455677509308","0.2000688761472702","0.1391786684592565","0.1334800273180008","0.14550086855888367","0.08397738821804523","0.07945169508457184","0.09136353433132172","0.083774508908391","0.07875707745552063","0.09141777455806732"
"1210","0.0730777271091938","0.06751760840415955","0.07654640078544617","0.17151422426104546","0.15948748588562012","0.18062445521354675","0.1273150071501732","0.12410417944192886","0.13151443004608154","0.07430936023592949","0.06933176517486572","0.07702785730361938","0.0740329772233963","0.06849109381437302","0.07677019387483597"
"1211","0.07775911316275597","0.0708092600107193","0.0850389376282692","0.17212820053100586","0.1635289192199707","0.18039289116859436","0.1305920034646988","0.12127123773097992","0.13618460297584534","0.07848868705332279","0.07163625955581665","0.08482938259840012","0.0781313069164753","0.07062691450119019","0.08530312776565552"
"1212","0.07604872807860374","0.07164904475212097","0.08394169807434082","0.16999276354908943","0.1610649824142456","0.1868438720703125","0.12299898266792297","0.1154526025056839","0.12796932458877563","0.07698305137455463","0.07264062017202377","0.0852823406457901","0.07649090513586998","0.07232601940631866","0.08433204144239426"
"1213","0.08029414899647236","0.07525701820850372","0.08978323638439178","0.18026965484023094","0.16361156105995178","0.19521090388298035","0.13381265103816986","0.12161736190319061","0.14557382464408875","0.08124872855842113","0.07659506052732468","0.08948403596878052","0.08088742569088936","0.07590187340974808","0.09004334360361099"
"1214","0.08558820188045502","0.07905921339988708","0.09459623694419861","0.19086725264787674","0.1849113255739212","0.20656564831733704","0.14824312925338745","0.13895349204540253","0.16516737639904022","0.08624827861785889","0.08087357133626938","0.0943780392408371","0.08586056716740131","0.08001474291086197","0.09486694633960724"
"1215","0.0869129840284586","0.08292283117771149","0.09219445288181305","0.19767547398805618","0.1942663937807083","0.20537112653255463","0.14969313641389212","0.1486964076757431","0.15151925384998322","0.08735667169094086","0.0846654400229454","0.09134826064109802","0.08707310259342194","0.0840345025062561","0.09058436006307602"
"1216","0.07939543575048447","0.07279975712299347","0.09125740081071854","0.17975390702486038","0.16194480657577515","0.19955387711524963","0.13104075690110525","0.12294797599315643","0.14623980224132538","0.08114337548613548","0.0736100897192955","0.09332127869129181","0.0806816965341568","0.07338312268257141","0.09226949512958527"
"1217","0.07464551366865635","0.0662510097026825","0.08677550405263901","0.17649227380752563","0.16415870189666748","0.18994656205177307","0.12333724399407704","0.11441528797149658","0.1379670798778534","0.07517338171601295","0.06644278764724731","0.08644883334636688","0.07496093772351742","0.06575325131416321","0.08710892498493195"
"1218","0.08686920069158077","0.0771009773015976","0.0945577397942543","0.18936844170093536","0.17124809324741364","0.20016050338745117","0.14555194973945618","0.1331048458814621","0.1570262610912323","0.08728556334972382","0.07672061026096344","0.09558103233575821","0.08710542134940624","0.0761396512389183","0.09548214077949524"
"1219","0.08048289828002453","0.07468486577272415","0.09234165400266647","0.18180416896939278","0.16648229956626892","0.1919778436422348","0.13139274716377258","0.11884406208992004","0.13859403133392334","0.08152731508016586","0.07537364214658737","0.09208536148071289","0.08115900680422783","0.07500350475311279","0.09254339337348938"
"1220","0.08274942636489868","0.0733114629983902","0.08797889947891235","0.18937606737017632","0.17524735629558563","0.21074476838111877","0.13312112540006638","0.12324904650449753","0.1418519765138626","0.0834727231413126","0.07316535711288452","0.0890069305896759","0.08303544297814369","0.07356063276529312","0.0886634960770607"
"1221","0.08868397027254105","0.08314209431409836","0.0958976075053215","0.19116738438606262","0.182410329580307","0.19932019710540771","0.146624227364858","0.1348264366388321","0.1566791981458664","0.08990282565355301","0.0842495933175087","0.09575104713439941","0.08937382884323597","0.0838899165391922","0.09620849043130875"
"1222","0.08031807281076908","0.07419860363006592","0.08588109910488129","0.18040865659713745","0.17478372156620026","0.18518145382404327","0.13660494486490884","0.13500647246837616","0.1381244957447052","0.08144737780094147","0.07553497701883316","0.08705027401447296","0.08113500103354454","0.07478639483451843","0.08679553121328354"
"1224","0.08555949106812477","0.08200231194496155","0.08970098197460175","0.19593939557671547","0.18378213047981262","0.213049978017807","0.1430309216181437","0.1380549967288971","0.15069139003753662","0.0868154913187027","0.08402223885059357","0.0894993245601654","0.08647922612726688","0.08320288360118866","0.08996251970529556"
"1225","0.07788615301251411","0.05975889414548874","0.08458889275789261","0.18204078823328018","0.14706072211265564","0.2026984840631485","0.12832256654898325","0.10176102817058563","0.14519372582435608","0.0788788478821516","0.060542844235897064","0.08706964552402496","0.07879033405333757","0.060513418167829514","0.08665558695793152"
"1226","0.08783498592674732","0.0723249539732933","0.10157741606235504","0.196577038615942","0.16854993999004364","0.2215966433286667","0.1473077411452929","0.12359153479337692","0.16204941272735596","0.08865872956812382","0.07277553528547287","0.10295214504003525","0.08834077417850494","0.07205896079540253","0.10278837382793427"
"1227","0.08113124966621399","0.07341530174016953","0.08871808648109436","0.1816263645887375","0.16068364679813385","0.19080251455307007","0.13630448778470358","0.11755111813545227","0.14907069504261017","0.08239809237420559","0.07423150539398193","0.09165715426206589","0.08215759508311749","0.0741879791021347","0.09082993865013123"
"1228","0.08307654969394207","0.07335246354341507","0.09139122068881989","0.18452263996005058","0.16838432848453522","0.20295275747776031","0.14122721552848816","0.1346411108970642","0.14742036163806915","0.08353494480252266","0.07463892549276352","0.09262946993112564","0.08311700448393822","0.07387078553438187","0.09222535043954849"
"1229","0.08192919567227364","0.065521240234375","0.0907256156206131","0.1816910244524479","0.16173207759857178","0.198855459690094","0.13648173213005066","0.11269335448741913","0.15659742057323456","0.08287726528942585","0.06632578372955322","0.09177260100841522","0.08254982531070709","0.06628694385290146","0.09101095795631409"
"1230","0.07687871716916561","0.0742018073797226","0.07966025918722153","0.16843825206160545","0.16399076581001282","0.17411532998085022","0.12731182078520456","0.11949983239173889","0.1313711404800415","0.0770583339035511","0.07533072680234909","0.0812797099351883","0.07670916058123112","0.07473129034042358","0.08049682527780533"
"1231","0.0783908050507307","0.06797891855239868","0.08620459586381912","0.18431011587381363","0.16615767776966095","0.194677472114563","0.12906802197297415","0.11737892031669617","0.14108815789222717","0.07903635501861572","0.06886674463748932","0.0881580114364624","0.07866036146879196","0.06871804594993591","0.08707940578460693"
"1232","0.0813025813549757","0.07350322604179382","0.08630317449569702","0.18200303614139557","0.16973207890987396","0.19529874622821808","0.13391845921675363","0.125677689909935","0.14366447925567627","0.08264556899666786","0.07340286672115326","0.08917738497257233","0.0822432991117239","0.07374761998653412","0.08828791975975037"
"1233","0.08640209957957268","0.07450440526008606","0.09979166090488434","0.19336256384849548","0.16377347707748413","0.22338713705539703","0.14204808324575424","0.11934799700975418","0.1649676263332367","0.08768068440258503","0.0755072683095932","0.10258132219314575","0.08723614737391472","0.07490471005439758","0.10175308585166931"
"1234","0.08059761859476566","0.0694110095500946","0.09040839225053787","0.18063202500343323","0.16424745321273804","0.19258642196655273","0.14265893896420798","0.13411174714565277","0.15038537979125977","0.0818182434886694","0.07081051915884018","0.09124752879142761","0.08164573274552822","0.07000892609357834","0.0913698822259903"
"1235","0.08314253762364388","0.08218694478273392","0.08488451689481735","0.18769144639372826","0.176954984664917","0.1998647153377533","0.14032872517903647","0.13586947321891785","0.1460120975971222","0.08357980288565159","0.08259324729442596","0.08460856229066849","0.0833418183028698","0.08279765397310257","0.08394068479537964"
"1236","0.08385439775884151","0.07655423134565353","0.09200085699558258","0.18462365865707397","0.17187443375587463","0.2041725367307663","0.13101758559544882","0.1284349262714386","0.1325194537639618","0.08462192490696907","0.07720824331045151","0.09359155595302582","0.08416055515408516","0.07616002857685089","0.09257842600345612"
"1237","0.07822049781680107","0.06884012371301651","0.08822546899318695","0.18000416457653046","0.16009092330932617","0.1948084682226181","0.13800707211097082","0.12193038314580917","0.14962083101272583","0.07907276414334774","0.06953281909227371","0.08928584307432175","0.07880855910480022","0.06893762201070786","0.08918856084346771"
"1238","0.07750052772462368","0.06933966279029846","0.09632104635238647","0.18123690783977509","0.16875606775283813","0.21254108846187592","0.13113880157470703","0.1194876879453659","0.1494912952184677","0.07819483056664467","0.07037866115570068","0.09729142487049103","0.07788864709436893","0.06969662010669708","0.0971388965845108"
"1239","0.07963631860911846","0.07635931670665741","0.08774608373641968","0.18086345493793488","0.17332564294338226","0.2004977911710739","0.12828909854094186","0.12805944681167603","0.1286398470401764","0.08017187379300594","0.07599955797195435","0.08898330479860306","0.07995245233178139","0.07623008638620377","0.0883028656244278"
"1240","0.0825719591230154","0.07434737682342529","0.09493835270404816","0.18433481454849243","0.16752399504184723","0.19701701402664185","0.13618273039658865","0.12381231784820557","0.15288302302360535","0.08321074768900871","0.07510247081518173","0.09466314315795898","0.08290981128811836","0.07517664134502411","0.09508867561817169"
"1241","0.08533713780343533","0.0771120935678482","0.09043701738119125","0.19215088710188866","0.18451938033103943","0.198991596698761","0.14168400565783182","0.13621920347213745","0.1519290804862976","0.08708078227937222","0.07677982747554779","0.09410281479358673","0.08659726195037365","0.07729502022266388","0.09313185513019562"
"1242","0.08115028403699398","0.07758982479572296","0.08974474668502808","0.18365900963544846","0.1791401505470276","0.1894480586051941","0.1363335202137629","0.1313721090555191","0.14586777985095978","0.08215291053056717","0.07716391980648041","0.09192138910293579","0.08183245547115803","0.07762765884399414","0.0911380797624588"
"1243","0.08149931952357292","0.06403179466724396","0.09821651875972748","0.1868825927376747","0.1554328352212906","0.21432828903198242","0.148676797747612","0.1388816237449646","0.16579672694206238","0.08195908181369305","0.06496131420135498","0.09798046946525574","0.08170502446591854","0.06457109749317169","0.09848137199878693"
"1244","0.08042501658201218","0.07171998918056488","0.09284273535013199","0.1858915351331234","0.16932806372642517","0.19638468325138092","0.13988573104143143","0.12452618032693863","0.14757658541202545","0.08192885853350163","0.074491947889328","0.09395859390497208","0.08147834800183773","0.07370338588953018","0.09361022710800171"
"1245","0.08259552344679832","0.07201004028320312","0.09067782759666443","0.18379078805446625","0.16535089910030365","0.1982865333557129","0.14284000297387442","0.13251224160194397","0.15291936695575714","0.08315554820001125","0.07320370525121689","0.09171372652053833","0.08280868455767632","0.07262811809778214","0.09132556617259979"
"1246","0.07342342287302017","0.06166625767946243","0.08191924542188644","0.17409934848546982","0.1547730714082718","0.19280396401882172","0.12321632107098897","0.10685080289840698","0.13739459216594696","0.07469047605991364","0.062266089022159576","0.08196689933538437","0.07441826723515987","0.062078461050987244","0.0823453962802887"
"1247","0.08742736838757992","0.07653680443763733","0.09476260840892792","0.19756551459431648","0.18976524472236633","0.2112773060798645","0.14873415231704712","0.13038404285907745","0.1595618724822998","0.08810071647167206","0.07737931609153748","0.0948784351348877","0.08774970285594463","0.07752279937267303","0.09385630488395691"
"1248","0.08156602643430233","0.06928901374340057","0.1015210747718811","0.17974528297781944","0.1596037745475769","0.21307912468910217","0.13790308684110641","0.11292394250631332","0.16917969286441803","0.0823880098760128","0.07024021446704865","0.1027744859457016","0.08199995197355747","0.06989729404449463","0.1017969399690628"
"1249","0.08130651153624058","0.07176724076271057","0.08974216878414154","0.18018770590424538","0.17303946614265442","0.18960683047771454","0.1357195128997167","0.1269626021385193","0.14450769126415253","0.08261298015713692","0.07322703301906586","0.08949828147888184","0.08229786157608032","0.07242060452699661","0.0900220274925232"
"1250","0.07992641068994999","0.06952559947967529","0.0904761403799057","0.17665519937872887","0.16377609968185425","0.1922011375427246","0.13131490101416907","0.1117587760090828","0.1488228440284729","0.08094470761716366","0.07046511769294739","0.09253223240375519","0.0806487500667572","0.07016973197460175","0.0916031152009964"
"1251","0.08808130398392677","0.07561396807432175","0.10228043794631958","0.18969643115997314","0.17123067378997803","0.21139495074748993","0.14466715355714163","0.13416892290115356","0.15894143283367157","0.08929686434566975","0.07740645110607147","0.103672094643116","0.08883540332317352","0.07636087387800217","0.10338153690099716"
"1252","0.08431980200111866","0.08005508035421371","0.09122373163700104","0.1855137199163437","0.17181003093719482","0.19217368960380554","0.13862277070681253","0.13328006863594055","0.14799433946609497","0.08513747714459896","0.07982367277145386","0.09247136116027832","0.08472513034939766","0.08020593225955963","0.091648630797863"
"1253","0.09007560461759567","0.07792770862579346","0.10649724304676056","0.19113728031516075","0.1718250960111618","0.2140427529811859","0.14292984704176584","0.1289743185043335","0.15784423053264618","0.09153582900762558","0.08052246272563934","0.10798747837543488","0.09126110002398491","0.07987253367900848","0.10770566761493683"
"1254","0.07632114551961422","0.06558403372764587","0.08430875092744827","0.17395734786987305","0.1617005169391632","0.18313412368297577","0.12545198698838553","0.11840815842151642","0.13585303723812103","0.07739049009978771","0.06779338419437408","0.08552601933479309","0.07723028399050236","0.06737914681434631","0.08491744846105576"
"1255","0.07859006896615028","0.07406182587146759","0.08466123044490814","0.1785673201084137","0.16721229255199432","0.20140545070171356","0.13097664713859558","0.12284272909164429","0.14592671394348145","0.07908475026488304","0.07533679902553558","0.08441238105297089","0.07883158698678017","0.0747312605381012","0.08477994054555893"
"1256","0.07918894849717617","0.07365075498819351","0.08285307139158249","0.17433388903737068","0.16943669319152832","0.17945513129234314","0.12734186400969824","0.12376702576875687","0.13152837753295898","0.07981109991669655","0.07343942672014236","0.08462341874837875","0.07960406690835953","0.07393500208854675","0.08383095264434814"
"1257","0.07821923494338989","0.06944730132818222","0.08774016797542572","0.17069574818015099","0.15548118948936462","0.18494857847690582","0.12332359453042348","0.11357799172401428","0.13104039430618286","0.07922655157744884","0.07025980949401855","0.08966093510389328","0.07881250232458115","0.07014983892440796","0.08858439326286316"
"1258","0.0755431167781353","0.07123332470655441","0.07825496047735214","0.17173374071717262","0.16355514526367188","0.17665685713291168","0.12286277363697688","0.11488591879606247","0.12892980873584747","0.07669104635715485","0.07105541229248047","0.07912953197956085","0.07635935209691525","0.07140535116195679","0.07881997525691986"
"1259","0.0743041168898344","0.06813555210828781","0.08326375484466553","0.16913296282291412","0.15559124946594238","0.18435081839561462","0.12042248249053955","0.11598145216703415","0.1278689205646515","0.0757365059107542","0.0680433139204979","0.08482058346271515","0.07535574026405811","0.0684160590171814","0.0837671235203743"
"1260","0.07254686765372753","0.06595047563314438","0.07866734266281128","0.16822117567062378","0.15677885711193085","0.175541952252388","0.12553357581297556","0.11986546218395233","0.13149872422218323","0.07329860329627991","0.06698499619960785","0.08001606166362762","0.07302149571478367","0.06605552136898041","0.07932773977518082"
"1261","0.08362690918147564","0.07641850411891937","0.09077949076890945","0.18879738077521324","0.1846831887960434","0.19865107536315918","0.13945049544175467","0.13078999519348145","0.14782942831516266","0.08469139225780964","0.07813303172588348","0.09045927971601486","0.08444701693952084","0.07722432166337967","0.09101545810699463"
"1262","0.08870806731283665","0.07715141773223877","0.101749949157238","0.18753719702363014","0.17645263671875","0.20248796045780182","0.1476434419552485","0.13139522075653076","0.1571640968322754","0.08995559625327587","0.07856111973524094","0.10290495306253433","0.08957244642078876","0.0778445228934288","0.10282190889120102"
"1263","0.08015985414385796","0.070091113448143","0.09513314813375473","0.1793859675526619","0.16784125566482544","0.20247600972652435","0.13937289516131082","0.12252397835254669","0.1614166796207428","0.08079465106129646","0.07106968015432358","0.09606403112411499","0.08054807223379612","0.07102109491825104","0.09514177590608597"
"1264","0.08290000259876251","0.07347015291452408","0.1009439080953598","0.18648791685700417","0.17331644892692566","0.20559778809547424","0.1366672987739245","0.12281949073076248","0.1561356633901596","0.0841070394963026","0.07463014870882034","0.10249828547239304","0.08388498798012733","0.07411693036556244","0.10233701020479202"
"1265","0.07073457911610603","0.0650177001953125","0.08049175143241882","0.16901139542460442","0.15996673703193665","0.17810845375061035","0.12399634470542271","0.11389537155628204","0.1356809139251709","0.0712802279740572","0.06592120975255966","0.08018217980861664","0.07101692259311676","0.06581781804561615","0.08054502308368683"
"1266","0.06997674331068993","0.06827403604984283","0.07282136380672455","0.16121604666113853","0.15406879782676697","0.17011362314224243","0.12621034185091654","0.12526436150074005","0.12696966528892517","0.0708185713738203","0.06804890185594559","0.07383457571268082","0.07042920961976051","0.06850506365299225","0.07343344390392303"
"1267","0.08172827214002609","0.06354433298110962","0.09432926028966904","0.17542614042758942","0.1555950939655304","0.18278519809246063","0.1322957177956899","0.12077133357524872","0.14112670719623566","0.08312534540891647","0.0671502947807312","0.09591346979141235","0.08282648026943207","0.06638453900814056","0.09498625993728638"
"1268","0.0780995786190033","0.07092401385307312","0.08277785032987595","0.18526016175746918","0.1751219928264618","0.19932422041893005","0.12821934123833975","0.11749303340911865","0.1374470591545105","0.07888182811439037","0.07154179364442825","0.0838308036327362","0.07854129932820797","0.07154066115617752","0.08296056091785431"
"1269","0.08501355350017548","0.07660115510225296","0.09692437946796417","0.19116447865962982","0.16920322179794312","0.21321818232536316","0.1412327140569687","0.13220499455928802","0.15469792485237122","0.08620831370353699","0.07661940902471542","0.09822247922420502","0.08573034591972828","0.07694000005722046","0.09798869490623474"
"1270","0.07751339673995972","0.06530604511499405","0.08855293691158295","0.17586782947182655","0.15446214377880096","0.1892576366662979","0.13822235663731894","0.131959468126297","0.14427173137664795","0.07833251170814037","0.06645648926496506","0.08824687451124191","0.078043969348073","0.06568516790866852","0.0887538492679596"
"1271","0.0789191722869873","0.06853176653385162","0.08687806129455566","0.17332963645458221","0.16511788964271545","0.17992351949214935","0.13369091351826987","0.11970159411430359","0.14084190130233765","0.07921546883881092","0.06925852596759796","0.0861048698425293","0.07890081219375134","0.06900626420974731","0.08541455119848251"
"1272","0.07396562770009041","0.06280440092086792","0.08298023045063019","0.1671784706413746","0.15630094707012177","0.17684468626976013","0.12368266532818477","0.11818886548280716","0.12804584205150604","0.07513429969549179","0.06406345963478088","0.0827711820602417","0.07480058819055557","0.06352034956216812","0.08301865309476852"
"1273","0.07555834203958511","0.06823602318763733","0.08619668334722519","0.16916893422603607","0.15846115350723267","0.19401656091213226","0.1223122129837672","0.11266462504863739","0.13149899244308472","0.07618443854153156","0.068883016705513","0.08779627084732056","0.07581202499568462","0.06865435093641281","0.08689871430397034"
"1274","0.08195876702666283","0.06846480816602707","0.09110762178897858","0.17681701481342316","0.15662544965744019","0.19274409115314484","0.1318932051459948","0.12230425328016281","0.14785969257354736","0.08332737535238266","0.06817534565925598","0.09286671876907349","0.08296756260097027","0.06865382939577103","0.0920882374048233"
"1275","0.07573405653238297","0.06126228719949722","0.08816058188676834","0.17873070761561394","0.15972700715065002","0.20131079852581024","0.13637331624825796","0.1218644380569458","0.14568427205085754","0.07672128360718489","0.06239565834403038","0.0879618376493454","0.07640103437006474","0.06179390102624893","0.0884154736995697"
"1276","0.0793742910027504","0.0674557089805603","0.0888027772307396","0.18167204409837723","0.16193899512290955","0.19862225651741028","0.12755541255076727","0.11704239994287491","0.13392168283462524","0.08073790185153484","0.07071167230606079","0.09043440967798233","0.08043852262198925","0.07017060369253159","0.08971986174583435"
"1277","0.08462370559573174","0.06845860183238983","0.102265864610672","0.1884700320661068","0.16495034098625183","0.2141469120979309","0.14629411697387695","0.11976300179958344","0.16910281777381897","0.08559594303369522","0.07045184075832367","0.10171760618686676","0.08545699715614319","0.0699249878525734","0.1025286614894867"
"1278","0.09380531311035156","0.07597488909959793","0.11438189446926117","0.19908379763364792","0.1759594976902008","0.22444555163383484","0.15510879953702292","0.1267046332359314","0.18004341423511505","0.09574276395142078","0.07693225890398026","0.11988264322280884","0.09531547129154205","0.07672354578971863","0.11870114505290985"
"1279","0.08222197368741035","0.07089883089065552","0.09377533942461014","0.17907099053263664","0.1640397161245346","0.19500616192817688","0.12954535583655039","0.11610956490039825","0.14156535267829895","0.0826658234000206","0.07162024825811386","0.0951896607875824","0.08229005709290504","0.07153474539518356","0.09421586990356445"
"1280","0.09163754060864449","0.08449956029653549","0.09815091639757156","0.19834618642926216","0.18403860926628113","0.22211867570877075","0.14122366905212402","0.135462686419487","0.14961044490337372","0.09217520244419575","0.08437266945838928","0.0992969423532486","0.09185473993420601","0.08476430177688599","0.09849993884563446"
"1281","0.08335935324430466","0.07294297963380814","0.09443012624979019","0.1826569214463234","0.16493850946426392","0.19564802944660187","0.1419658064842224","0.12063920497894287","0.1549064815044403","0.08417632430791855","0.0736093744635582","0.09417285025119781","0.08391843177378178","0.07377128303050995","0.09464536607265472"
"1282","0.07874616049230099","0.0693867951631546","0.08474104106426239","0.17640337347984314","0.16988104581832886","0.18389597535133362","0.13123032450675964","0.1249016523361206","0.1351790428161621","0.07957105524837971","0.07027925550937653","0.08582329005002975","0.07915309444069862","0.06988688558340073","0.08555282652378082"
"1283","0.08055195771157742","0.07451068609952927","0.09047357738018036","0.18127859383821487","0.17189007997512817","0.19369766116142273","0.13588312764962515","0.12717588245868683","0.1470906287431717","0.08089890144765377","0.07566627115011215","0.0901595950126648","0.08042333647608757","0.07485634088516235","0.09059321880340576"
"1284","0.08395844139158726","0.07346625626087189","0.09141719341278076","0.18476638942956924","0.173120379447937","0.19453325867652893","0.14132916927337646","0.12882688641548157","0.15151278674602509","0.08511972241103649","0.07324685156345367","0.09230969846248627","0.08475434221327305","0.07372172176837921","0.09210152924060822"
"1285","0.07374566607177258","0.06375967711210251","0.08000178635120392","0.17358002811670303","0.1600269377231598","0.1841479241847992","0.1287931501865387","0.11689099669456482","0.13858762383460999","0.07437084801495075","0.06408173590898514","0.08089455962181091","0.07410256750881672","0.06351171433925629","0.08073461055755615"
"1286","0.08833663165569305","0.08469875901937485","0.09706325829029083","0.18729174137115479","0.17488719522953033","0.20325928926467896","0.14403216540813446","0.13138651847839355","0.15636809170246124","0.08916784450411797","0.08565384149551392","0.09801265597343445","0.08892540447413921","0.08571955561637878","0.09702127426862717"
"1287","0.07957618869841099","0.07140834629535675","0.09092146903276443","0.17866072431206703","0.1681922972202301","0.2004125714302063","0.1330291529496511","0.11916247010231018","0.1501477062702179","0.0804163571447134","0.0730905532836914","0.09068762511014938","0.08001297898590565","0.07225911319255829","0.09096857160329819"
"1288","0.0886184573173523","0.07367169857025146","0.10126616805791855","0.19365233927965164","0.17775215208530426","0.22063221037387848","0.1363273561000824","0.12375932931900024","0.1520407646894455","0.08959263935685158","0.0746501162648201","0.10268188267946243","0.08918340876698494","0.0739322155714035","0.10255351662635803"
"1289","0.08784920163452625","0.08021044731140137","0.09844588488340378","0.1921761855483055","0.1815640926361084","0.2024727761745453","0.1429912249247233","0.13385505974292755","0.15837572515010834","0.08866625279188156","0.08110637962818146","0.09828752279281616","0.0883688423782587","0.08024010062217712","0.09873610734939575"
"1290","0.08179374784231186","0.07315149903297424","0.09385576099157333","0.17661311477422714","0.17077156901359558","0.1874937117099762","0.13382192452748617","0.12598775327205658","0.1418454647064209","0.08248213492333889","0.07436777651309967","0.09487666189670563","0.08219502121210098","0.07374176383018494","0.0948544591665268"
"1291","0.08382432907819748","0.06661036610603333","0.09881946444511414","0.1963118501007557","0.17453217506408691","0.21723227202892303","0.14984763662020364","0.14354483783245087","0.1547383815050125","0.08488296903669834","0.0678260326385498","0.0998605340719223","0.08473946154117584","0.06715652346611023","0.09992276132106781"
"1292","0.07975947298109531","0.07411074638366699","0.08359890431165695","0.17919641360640526","0.176683247089386","0.18583300709724426","0.1323959082365036","0.12564416229724884","0.13802263140678406","0.08114666678011417","0.07386887073516846","0.08693213015794754","0.08073220774531364","0.07432461529970169","0.085985466837883"
"1293","0.08144196309149265","0.07552605867385864","0.08786876499652863","0.1869009993970394","0.17574739456176758","0.20679718255996704","0.13118925193945566","0.12940141558647156","0.13277068734169006","0.08177566528320312","0.07530172169208527","0.08978259563446045","0.08144081756472588","0.07562417536973953","0.08873086422681808"
"1294","0.07716004364192486","0.06916972994804382","0.09135516732931137","0.17452850192785263","0.15826085209846497","0.1931663453578949","0.12662146240472794","0.1139083057641983","0.14426425099372864","0.07752668112516403","0.06901414692401886","0.09092196822166443","0.0772642269730568","0.06929130852222443","0.09019874781370163"
"1295","0.0837267804890871","0.0696806088089943","0.09911836683750153","0.191081915050745","0.16957280039787292","0.20743244886398315","0.13439316550890604","0.11810466647148132","0.146308034658432","0.08586685173213482","0.07045833021402359","0.10104246437549591","0.08549889549612999","0.07021784782409668","0.10013279318809509"
"1296","0.07954251766204834","0.06772518157958984","0.09252426028251648","0.17743287235498428","0.16582387685775757","0.1932976245880127","0.13467047115166983","0.13132844865322113","0.14085274934768677","0.08020731434226036","0.06900744140148163","0.09350136667490005","0.0799016933888197","0.06831371784210205","0.09341641515493393"
"1297","0.07639685459434986","0.07155613601207733","0.08378909528255463","0.17553124949336052","0.1649104803800583","0.18790245056152344","0.13156306743621826","0.12568873167037964","0.1422497034072876","0.07715976051986217","0.07236853241920471","0.08348303288221359","0.07680250704288483","0.07230176031589508","0.08384476602077484"
"1298","0.07964134588837624","0.07379953563213348","0.08513602614402771","0.17497748136520386","0.16168633103370667","0.1893962174654007","0.13710995515187582","0.13167673349380493","0.14549988508224487","0.08041209168732166","0.07496049255132675","0.0863465666770935","0.08009064011275768","0.0741928219795227","0.085531085729599"
"1299","0.08102171495556831","0.06821839511394501","0.09149859845638275","0.18363573029637337","0.16243134438991547","0.19495730102062225","0.14418613413969675","0.13408422470092773","0.15496331453323364","0.08144905045628548","0.06987626850605011","0.09122900664806366","0.08103024214506149","0.06898024678230286","0.09175696223974228"
"1300","0.08563784696161747","0.07092922925949097","0.10399001836776733","0.19228152558207512","0.17983341217041016","0.2067621797323227","0.1469577302535375","0.13384896516799927","0.15487299859523773","0.08716052956879139","0.07255731523036957","0.10508584976196289","0.08684233389794827","0.07182689011096954","0.10499370098114014"
"1301","0.07860092632472515","0.07061990350484848","0.09573571383953094","0.17616229131817818","0.16473321616649628","0.20644903182983398","0.13567150632540384","0.12153181433677673","0.1618097722530365","0.07962314784526825","0.07194921374320984","0.09532240033149719","0.07929790392518044","0.07125257700681686","0.09593178331851959"
"1302","0.09208931587636471","0.08577331900596619","0.09516724944114685","0.18743792548775673","0.17679853737354279","0.19651874899864197","0.14417601625124613","0.1307719647884369","0.154025599360466","0.09281711466610432","0.08661710470914841","0.09659144282341003","0.09243857301771641","0.08642882853746414","0.09586487710475922"
"1303","0.08402002975344658","0.07288721203804016","0.09741473197937012","0.18667621165513992","0.16443926095962524","0.2098800539970398","0.14343716700871786","0.11734607815742493","0.16111218929290771","0.08453933149576187","0.0740925520658493","0.09709625691175461","0.08426794409751892","0.07359323650598526","0.09764167666435242"
"1304","0.0831623412668705","0.07850156724452972","0.09306523203849792","0.17815571650862694","0.1679808497428894","0.1940496861934662","0.12711634735266367","0.1254281997680664","0.12815770506858826","0.08411377482116222","0.07922106981277466","0.09523539245128632","0.08369958214461803","0.07946926355361938","0.09417692571878433"
"1305","0.08017932437360287","0.0741436630487442","0.0866212323307991","0.17265811190009117","0.15988317131996155","0.18054161965847015","0.12806003292401633","0.1193808913230896","0.1363597810268402","0.08146106824278831","0.07706926763057709","0.08637423068284988","0.08130705542862415","0.07645419239997864","0.08710543811321259"
"1306","0.08484324626624584","0.07572931051254272","0.08968482911586761","0.1811421699821949","0.1749906986951828","0.19069606065750122","0.1348261535167694","0.12917691469192505","0.13804244995117188","0.08489784598350525","0.07549131661653519","0.09056642651557922","0.08468558639287949","0.07582084834575653","0.09050347656011581"
"1307","0.08135746419429779","0.07511910796165466","0.08712764084339142","0.17619168013334274","0.16839957237243652","0.1828184723854065","0.1344166894753774","0.12940570712089539","0.1389027088880539","0.08199841901659966","0.07487328350543976","0.08824987709522247","0.08162087388336658","0.07537204027175903","0.0881558284163475"
"1308","0.07652616500854492","0.06949900090694427","0.08303145319223404","0.1729731261730194","0.16430681943893433","0.181542307138443","0.13030452529589334","0.12005360424518585","0.1376132071018219","0.07675685919821262","0.07086611539125443","0.08209288865327835","0.07636374421417713","0.07021264731884003","0.08191680908203125"
"1309","0.07464410178363323","0.07021771371364594","0.07908163964748383","0.17213353514671326","0.16238737106323242","0.18145886063575745","0.12619040409723917","0.1160937249660492","0.13401059806346893","0.07551134005188942","0.0710504949092865","0.08029177784919739","0.07524976506829262","0.0709448754787445","0.07965768873691559"
"1310","0.081699563190341","0.07639756798744202","0.08868291229009628","0.17718567699193954","0.1661951243877411","0.19179068505764008","0.132455383737882","0.12831957638263702","0.13586920499801636","0.08227605558931828","0.07767558842897415","0.08833744376897812","0.08211851492524147","0.07698781043291092","0.08881956338882446"
"1311","0.0940243098884821","0.081928551197052","0.10837936401367188","0.2066277712583542","0.18295958638191223","0.2557928264141083","0.14182046055793762","0.134579136967659","0.14938630163669586","0.09514603577554226","0.08172476291656494","0.11093452572822571","0.09472792409360409","0.08223962783813477","0.10968388617038727"
"1312","0.08248098753392696","0.07483478635549545","0.09461942315101624","0.1817658320069313","0.17120984196662903","0.19677472114562988","0.13283699502547583","0.12144144624471664","0.1460934579372406","0.08355926163494587","0.0746646299958229","0.09581919014453888","0.08311474323272705","0.07499189674854279","0.09550385922193527"
"1313","0.07459371723234653","0.06857272982597351","0.08093145489692688","0.17753148823976517","0.17117410898208618","0.1858619749546051","0.12960259119669595","0.12237529456615448","0.135634645819664","0.07505237497389317","0.06847692281007767","0.0826331079006195","0.0747164748609066","0.06893932819366455","0.08178236335515976"
"1314","0.08132964931428432","0.07480191439390182","0.08617065846920013","0.18591110780835152","0.17025646567344666","0.19712281227111816","0.13576104243596396","0.12700039148330688","0.1429491639137268","0.08267580717802048","0.07669191062450409","0.08729065209627151","0.08223207294940948","0.07572029531002045","0.08716899156570435"
"1315","0.07994100451469421","0.07364116609096527","0.08776038885116577","0.17507050186395645","0.16735583543777466","0.18117982149124146","0.13585789501667023","0.13204443454742432","0.1390872448682785","0.0809816475957632","0.07485037297010422","0.08744069933891296","0.08063854463398457","0.0742008164525032","0.08786442875862122"
"1316","0.08216577023267746","0.07530912756919861","0.09297889471054077","0.1799851804971695","0.1628021001815796","0.201059490442276","0.13333010176817575","0.1217203289270401","0.15469776093959808","0.08368447795510292","0.07512890547513962","0.096863754093647","0.0832286924123764","0.07544629275798798","0.09569613635540009"
"1317","0.08182295225560665","0.06420287489891052","0.09733493626117706","0.18049030005931854","0.15450601279735565","0.2128129005432129","0.12566852321227392","0.11495239287614822","0.13344471156597137","0.08266863599419594","0.06398723274469376","0.09905610978603363","0.08226917684078217","0.06429626792669296","0.09820916503667831"
"1318","0.0803504791110754","0.06564182788133621","0.09217659384012222","0.18113159388303757","0.15178489685058594","0.20730891823768616","0.13237161189317703","0.10850650817155838","0.15113790333271027","0.08113577589392662","0.06650254875421524","0.09206928312778473","0.08088662661612034","0.06635953485965729","0.09254840761423111"
"1319","0.08524537272751331","0.07882261276245117","0.0969964861869812","0.18712857365608215","0.1747785061597824","0.20393718779087067","0.14551516870657602","0.13562269508838654","0.1625899076461792","0.08661775849759579","0.08002819120883942","0.10044432431459427","0.0861138142645359","0.07927258312702179","0.09902669489383698"
"1320","0.08347887359559536","0.07804751396179199","0.08946345001459122","0.18384606763720512","0.16902267932891846","0.20704452693462372","0.1404795820514361","0.12452351301908493","0.1568801999092102","0.08459713496267796","0.0790615975856781","0.09148376435041428","0.08428801596164703","0.0789654403924942","0.09063975512981415"
"1321","0.07177450601011515","0.06123657152056694","0.08334554731845856","0.16861922666430473","0.14870740473270416","0.19406819343566895","0.12515700608491898","0.10446511954069138","0.14371173083782196","0.0723451767116785","0.062238745391368866","0.08406760543584824","0.07211208436638117","0.061712730675935745","0.08332490175962448"
"1322","0.0798865370452404","0.06723383814096451","0.09514553844928741","0.17984779924154282","0.16465584933757782","0.19675986468791962","0.13701231280962625","0.1298360973596573","0.1502433568239212","0.08033555001020432","0.06862122565507889","0.09487737715244293","0.07998151518404484","0.06788983941078186","0.09531533718109131"
"1323","0.08004849217832088","0.07031787931919098","0.08564861118793488","0.17646728456020355","0.16683974862098694","0.1868845820426941","0.13538054625193277","0.13150501251220703","0.1430855691432953","0.0807693675160408","0.07159354537725449","0.08541590720415115","0.08050805702805519","0.07072781771421432","0.08589722216129303"
"1324","0.07249422557651997","0.0696108341217041","0.07671935856342316","0.16271934285759926","0.15503278374671936","0.17206744849681854","0.12266522645950317","0.11789963394403458","0.12629923224449158","0.07284162007272243","0.06991774588823318","0.07836043834686279","0.07255898043513298","0.07014968246221542","0.07751145958900452"
"1325","0.07058718428015709","0.06480284780263901","0.0793246254324913","0.17012451589107513","0.16364291310310364","0.17919570207595825","0.12529702484607697","0.11876994371414185","0.1305113136768341","0.07188663631677628","0.066755510866642","0.0803985595703125","0.07152772508561611","0.06597457826137543","0.0798269733786583"
"1326","0.08269265666604042","0.06841470301151276","0.10501086711883545","0.1807769574224949","0.16176572442054749","0.210430309176445","0.13865153988202414","0.12033908069133759","0.162324458360672","0.0839773416519165","0.06822577863931656","0.10620198398828506","0.08372095972299576","0.06859719753265381","0.10622411221265793"
"1327","0.08200273849070072","0.07479939609766006","0.09090835601091385","0.1824542135000229","0.16478249430656433","0.1924266368150711","0.1425638347864151","0.12860728800296783","0.15072083473205566","0.08316395059227943","0.07623685896396637","0.09040296077728271","0.08297361619770527","0.07559135556221008","0.09115492552518845"
"1328","0.08776803687214851","0.08149732649326324","0.09811568260192871","0.18115348368883133","0.17054398357868195","0.1922057569026947","0.13722161451975504","0.13362853229045868","0.14435888826847076","0.08893386647105217","0.08399568498134613","0.09971372038125992","0.08870019763708115","0.08340993523597717","0.09912215918302536"
"1329","0.07607371173799038","0.0716044008731842","0.08588279783725739","0.17339244484901428","0.16898274421691895","0.18004119396209717","0.12903005878130594","0.12718577682971954","0.13222955167293549","0.07707087323069572","0.07275024056434631","0.08687230199575424","0.07675869390368462","0.07203083485364914","0.08666007220745087"
"1330","0.08393044956028461","0.06949278712272644","0.09267943352460861","0.18930989876389503","0.1637549102306366","0.20641084015369415","0.15061098833878836","0.13385581970214844","0.1596493422985077","0.08531198650598526","0.07078209519386292","0.09568674117326736","0.08500218205153942","0.07017594575881958","0.09463787823915482"
"1331","0.08376230113208294","0.0710906907916069","0.09657387435436249","0.1765991449356079","0.15981334447860718","0.19824963808059692","0.13624014953772226","0.12634755671024323","0.1492314636707306","0.08505767025053501","0.07398169487714767","0.09744268655776978","0.08468542248010635","0.07328447699546814","0.09705127775669098"
"1332","0.08680983074009418","0.07979429513216019","0.09563079476356506","0.19041021168231964","0.18005910515785217","0.2023596614599228","0.1390120337406794","0.13377049565315247","0.1452275812625885","0.08788828365504742","0.07958415895700455","0.09741293638944626","0.0875508077442646","0.080035001039505","0.0964054986834526"
"1333","0.0873099360615015","0.06961435079574585","0.09449455142021179","0.19168772920966148","0.17040574550628662","0.20633740723133087","0.13911558936039606","0.11739511042833328","0.15427257120609283","0.08815931528806686","0.0703652873635292","0.09634333848953247","0.08781820721924305","0.06957307457923889","0.09520608186721802"
"1334","0.07719274796545506","0.06349200010299683","0.08740181475877762","0.17610055208206177","0.15557710826396942","0.18466290831565857","0.12700275083382925","0.11246548593044281","0.14042820036411285","0.07807067036628723","0.06437546014785767","0.08732510358095169","0.07783954031765461","0.06382018327713013","0.0876079648733139"
"1335","0.08297277800738811","0.07674950361251831","0.09625404328107834","0.17501361668109894","0.16313576698303223","0.19117644429206848","0.13402538498242697","0.12427519261837006","0.14773887395858765","0.08437184616923332","0.07819131016731262","0.09964612126350403","0.08408514969050884","0.07761310040950775","0.09853342920541763"
"1336","0.07701026648283005","0.07183706760406494","0.08128650486469269","0.17924802005290985","0.162333145737648","0.19019047915935516","0.1307664761940638","0.12855856120586395","0.13248130679130554","0.07748460955917835","0.0715429037809372","0.08270569145679474","0.07718697376549244","0.07193031162023544","0.08200014382600784"
"1337","0.07932828180491924","0.0662287175655365","0.08783108741044998","0.16976027563214302","0.1547466367483139","0.18127329647541046","0.1280095304052035","0.11940128356218338","0.13343435525894165","0.07901306077837944","0.06764961034059525","0.08453336358070374","0.07874728925526142","0.06688596308231354","0.08435085415840149"
"1338","0.08280025981366634","0.07415203750133514","0.08879263699054718","0.19100026041269302","0.17124195396900177","0.204005628824234","0.14466751118501028","0.1380281001329422","0.15342652797698975","0.08357854001224041","0.07577060163021088","0.08859297633171082","0.08328043296933174","0.07481435686349869","0.08902505040168762"
"1339","0.08280792832374573","0.07529895007610321","0.09378380328416824","0.18432823568582535","0.16642643511295319","0.19490398466587067","0.13785718629757562","0.12046506255865097","0.1511058211326599","0.08385168388485909","0.07625855505466461","0.09365414083003998","0.08354966528713703","0.0760030671954155","0.09412173181772232"
"1340","0.0808656420558691","0.07071318477392197","0.09644560515880585","0.17668946087360382","0.15995487570762634","0.20511814951896667","0.13345232357581457","0.11893933266401291","0.15014246106147766","0.08163449354469776","0.07222825288772583","0.09769973903894424","0.08131545968353748","0.07146292924880981","0.09752807766199112"
"1341","0.07765836361795664","0.06091881915926933","0.10229386389255524","0.18286407738924026","0.16376087069511414","0.21644723415374756","0.12019796172777812","0.11247327923774719","0.13123080134391785","0.07849647849798203","0.06211134046316147","0.10402572154998779","0.07826400361955166","0.06146920472383499","0.10324530303478241"
"1342","0.08429102785885334","0.08370635658502579","0.08493734896183014","0.17991027235984802","0.17722691595554352","0.18309256434440613","0.13674817979335785","0.13363488018512726","0.13869932293891907","0.08534170873463154","0.08337129652500153","0.08608681708574295","0.0849187858402729","0.08388987928628922","0.08545005321502686"
"1343","0.07959195598959923","0.0658547580242157","0.08994457125663757","0.1745988056063652","0.15032069385051727","0.19030745327472687","0.12888902674118677","0.10881078988313675","0.1417960226535797","0.0793903786689043","0.06638386845588684","0.08976244181394577","0.07918144576251507","0.0663650706410408","0.09031327068805695"
"1344","0.08287931978702545","0.07920362055301666","0.08491325378417969","0.19074206799268723","0.18262852728366852","0.2020431011915207","0.14028583467006683","0.13408511877059937","0.15123037993907928","0.0843321830034256","0.07893353700637817","0.08793709427118301","0.08405235037207603","0.07938596606254578","0.08716893196105957"
"1345","0.0845250878483057","0.08141002058982849","0.0878996029496193","0.18155702576041222","0.17349788546562195","0.19307908415794373","0.13972684244314829","0.13357333838939667","0.14378681778907776","0.0853915847837925","0.08255545794963837","0.08881644159555435","0.0850293654948473","0.08211847394704819","0.08883769810199738"
"1346","0.085373405367136","0.08016877621412277","0.09387616068124771","0.17535801231861115","0.16962067782878876","0.18509434163570404","0.14052357772986093","0.1290494203567505","0.15416763722896576","0.08615749888122082","0.08088739961385727","0.09379301965236664","0.08581924997270107","0.08013273030519485","0.09425199776887894"
"1347","0.08147941343486309","0.07383128255605698","0.0893024280667305","0.17834984883666039","0.16677767038345337","0.19208075106143951","0.13188673555850983","0.12863241136074066","0.13526438176631927","0.08156643994152546","0.07230761647224426","0.09078012406826019","0.0812652800232172","0.07178041338920593","0.09011472761631012"
"1348","0.07710280269384384","0.0743480771780014","0.08192078024148941","0.17457988858222961","0.16111068427562714","0.20089346170425415","0.13030128677686056","0.12080475687980652","0.14527291059494019","0.07777839340269566","0.07540304958820343","0.08168062567710876","0.07745195552706718","0.07460635155439377","0.0820062905550003"
"1349","0.08312132395803928","0.07186698913574219","0.10332351922988892","0.18520881608128548","0.1620253473520279","0.21336552500724792","0.14041012028853098","0.12400458753108978","0.15938927233219147","0.08415648341178894","0.0730375275015831","0.10438549518585205","0.08400333672761917","0.0725419744849205","0.10439465194940567"
"1350","0.08188078552484512","0.07035157084465027","0.09325343370437622","0.17930849269032478","0.16040253639221191","0.1968632936477661","0.12917600075403848","0.1200098842382431","0.14060045778751373","0.08302994258701801","0.0725090503692627","0.09516438841819763","0.08269944787025452","0.07166175544261932","0.09418141096830368"
"1351","0.0801624096930027","0.06881587952375412","0.08730751276016235","0.17145242914557457","0.16106140613555908","0.176770880818367","0.12847037116686502","0.12177269160747528","0.1396062672138214","0.08141369000077248","0.0718570128083229","0.08862490206956863","0.08116758428514004","0.07128293812274933","0.0879705548286438"
"1352","0.08176770992577076","0.07066427171230316","0.09701062738895416","0.17900757491588593","0.1664395034313202","0.20630128681659698","0.13640399277210236","0.12529592216014862","0.15478888154029846","0.08240236155688763","0.07189541310071945","0.09720423072576523","0.08207625523209572","0.07115306705236435","0.09669176489114761"
"1353","0.07645208202302456","0.06931903958320618","0.0856049507856369","0.1789558194577694","0.16771581768989563","0.19278675317764282","0.1330723911523819","0.11693274974822998","0.14209899306297302","0.07701452635228634","0.06981262564659119","0.0863206684589386","0.07672913558781147","0.06921941787004471","0.08615455776453018"
"1354","0.08676689118146896","0.07957111299037933","0.09308373928070068","0.18307986110448837","0.17803145945072174","0.19280651211738586","0.13730738560358682","0.12934988737106323","0.1486324667930603","0.0875613633543253","0.07939578592777252","0.09425698965787888","0.0872628353536129","0.07977043092250824","0.09396678954362869"
"1355","0.08220421709120274","0.0758969783782959","0.09344646334648132","0.18058663606643677","0.16442379355430603","0.20137760043144226","0.13012137512365976","0.12609174847602844","0.13355913758277893","0.0836931262165308","0.07830111682415009","0.09536175429821014","0.08339085057377815","0.07800381630659103","0.09452801942825317"
"1356","0.09119664691388607","0.08304692059755325","0.09604229032993317","0.19494014605879784","0.1896534562110901","0.20729881525039673","0.15011133750279745","0.14460229873657227","0.1533883810043335","0.09212501719594002","0.0829492062330246","0.09740468859672546","0.0916996393352747","0.0832003727555275","0.0971151739358902"
"1357","0.07829473353922367","0.07458968460559845","0.08603694289922714","0.17714981734752655","0.16820795834064484","0.1866435408592224","0.13077360888322195","0.11921149492263794","0.13695228099822998","0.07977895252406597","0.07513934373855591","0.08567279577255249","0.07949518226087093","0.07514366507530212","0.08612435311079025"
"1358","0.07546753622591496","0.07088962942361832","0.08367987722158432","0.16919764503836632","0.15867799520492554","0.19071637094020844","0.12836688260237375","0.12251879274845123","0.1392284631729126","0.07690263167023659","0.07197199016809464","0.08493322134017944","0.07662253454327583","0.0714704841375351","0.08463197946548462"
"1359","0.08171757124364376","0.07426992803812027","0.09232620894908905","0.182804387062788","0.17212878167629242","0.19230586290359497","0.13225469986597696","0.12240970134735107","0.1426936686038971","0.08244041912257671","0.07463278621435165","0.09346042573451996","0.08210313506424427","0.07410529255867004","0.09304656833410263"
"1360","0.08275010623037815","0.06267610937356949","0.09976351261138916","0.18337508291006088","0.15596263110637665","0.19937142729759216","0.13756945729255676","0.11815835535526276","0.16166359186172485","0.08331426233053207","0.06264678388834","0.09951087087392807","0.08305019419640303","0.06206481531262398","0.10003146529197693"
"1361","0.0786342304199934","0.06660416722297668","0.0863371416926384","0.17079530656337738","0.15377749502658844","0.17969344556331635","0.12681843837102255","0.11702843010425568","0.13257379829883575","0.07906965352594852","0.06624618172645569","0.08731307834386826","0.07881786301732063","0.06681741774082184","0.0871497392654419"
"1362","0.07275498285889626","0.0629163607954979","0.07985619455575943","0.16652663424611092","0.1559761017560959","0.17297647893428802","0.12458778669436772","0.11735150218009949","0.13417817652225494","0.07343126088380814","0.06316468119621277","0.0796714648604393","0.07324201427400112","0.06256074458360672","0.08024471253156662"
"1363","0.09188641794025898","0.07592536509037018","0.11166348308324814","0.1931546963751316","0.16618314385414124","0.22753289341926575","0.1564224809408188","0.14518925547599792","0.17850518226623535","0.09272037632763386","0.07710454612970352","0.11250646412372589","0.09231467917561531","0.07637438178062439","0.11137024313211441"
"1365","0.08789668790996075","0.08313947916030884","0.09564241766929626","0.19099222123622894","0.1658579260110855","0.20898032188415527","0.14190263549486795","0.1249876320362091","0.15707042813301086","0.08879965916275978","0.082095205783844","0.09489025920629501","0.08912540040910244","0.08385853469371796","0.09594503045082092"
"1366","0.07915856875479221","0.07155153900384903","0.09487711638212204","0.1760866940021515","0.15204864740371704","0.21466849744319916","0.1353785196940104","0.1148003339767456","0.16079497337341309","0.07967434450984001","0.07148797065019608","0.09608056396245956","0.07971102930605412","0.07223451137542725","0.09519734233617783"
"1367","0.08703887835144997","0.08293327689170837","0.09224752336740494","0.18511179834604263","0.17594501376152039","0.19252565503120422","0.14298496643702188","0.1381249576807022","0.14900252223014832","0.0875375997275114","0.0832519382238388","0.09267345815896988","0.0873645655810833","0.08340973407030106","0.09178217500448227"
"1368","0.07682846114039421","0.0750495120882988","0.07861653715372086","0.17315486446022987","0.1666601449251175","0.1786966323852539","0.1273991266886393","0.12172803282737732","0.1303786337375641","0.0767251905053854","0.07552764564752579","0.0777142345905304","0.07689911685883999","0.07575617730617523","0.07885530591011047"
"1369","0.08990785479545593","0.07362087815999985","0.10134348273277283","0.18575944751501083","0.16711530089378357","0.2011016309261322","0.13658198714256287","0.12389197945594788","0.14799067378044128","0.09022756479680538","0.07345202565193176","0.10370224714279175","0.09035069309175014","0.07281044870615005","0.10262033343315125"
"1370","0.0747841689735651","0.06793050467967987","0.08369571715593338","0.1662663295865059","0.15782727301120758","0.17616230249404907","0.12740672876437506","0.12171957641839981","0.13151592016220093","0.07475097104907036","0.0688946321606636","0.08355359733104706","0.07523546926677227","0.06827133148908615","0.08456019312143326"
"1371","0.08223210461437702","0.07583780586719513","0.0876031368970871","0.17852890864014626","0.16738563776016235","0.18771956861019135","0.13212476670742035","0.12697817385196686","0.14003883302211761","0.08320615440607071","0.0775614008307457","0.08830419182777405","0.08249278552830219","0.0759856104850769","0.08864101022481918"
"1372","0.08612857200205326","0.07698985189199448","0.09395041316747665","0.18090539798140526","0.16595102846622467","0.192442387342453","0.1393397425611814","0.12184520810842514","0.1481640636920929","0.0875348299741745","0.07785382121801376","0.09702010452747345","0.08729161694645882","0.07810568064451218","0.09628403186798096"
"1373","0.0840984620153904","0.07107646763324738","0.10542866587638855","0.18214058503508568","0.1598154455423355","0.2140497863292694","0.1387846196691195","0.1148846372961998","0.16384780406951904","0.08476671576499939","0.07254896312952042","0.10331563651561737","0.08512681722640991","0.07192298024892807","0.10561853647232056"
"1374","0.08500984497368336","0.08139754086732864","0.09191210567951202","0.18535039201378822","0.17752115428447723","0.19611534476280212","0.13674703737099966","0.13305345177650452","0.14300422370433807","0.08561468496918678","0.08342114835977554","0.09072930365800858","0.08531281910836697","0.08207093924283981","0.09227856248617172"
"1375","0.08199108950793743","0.07324492931365967","0.09623129665851593","0.17726785689592361","0.16490072011947632","0.19335249066352844","0.13139196236928305","0.12174011766910553","0.1506258249282837","0.08170732855796814","0.07338127493858337","0.09392009675502777","0.08158647082746029","0.07381587475538254","0.09313642233610153"
"1376","0.07517778500914574","0.06987571716308594","0.08276140689849854","0.16685665026307106","0.15044036507606506","0.18380115926265717","0.1217286263902982","0.10966116935014725","0.1295124888420105","0.07614147663116455","0.06997058540582657","0.08324959874153137","0.07585176080465317","0.06998290121555328","0.08341796696186066"
"1377","0.07594025786966085","0.062152158468961716","0.08110330998897552","0.16997244581580162","0.15468867123126984","0.17691397666931152","0.1338177224000295","0.13039885461330414","0.13617895543575287","0.07728446833789349","0.0632954016327858","0.08283376693725586","0.07678431458771229","0.06272879242897034","0.08214923739433289"
"1378","0.07179163582623005","0.06269459426403046","0.07628531008958817","0.16226483508944511","0.1453697681427002","0.17032988369464874","0.11677432308594386","0.10170721262693405","0.12450306117534637","0.07289347425103188","0.06386242806911469","0.07854533195495605","0.07251678593456745","0.06320439279079437","0.07781815528869629"
"1379","0.08243358507752419","0.07406431436538696","0.08976961672306061","0.1811777986586094","0.17524319887161255","0.19161638617515564","0.13730032245318094","0.12548063695430756","0.1485278308391571","0.08269225805997849","0.07307340204715729","0.09224800765514374","0.08330454304814339","0.07503894716501236","0.09156177937984467"
"1380","0.08072934485971928","0.07070005685091019","0.08953225612640381","0.1760255992412567","0.1662636250257492","0.18408769369125366","0.1335133562485377","0.12168845534324646","0.1416170299053192","0.08079228736460209","0.07213287055492401","0.0868300125002861","0.08102693222463131","0.07130648195743561","0.08975956588983536"
"1381","0.07880666106939316","0.07016682624816895","0.08357612788677216","0.1694531813263893","0.16525280475616455","0.17400804162025452","0.13247259457906088","0.12042956054210663","0.14066238701343536","0.0805804394185543","0.07377810776233673","0.08560647815465927","0.07944256626069546","0.07062125951051712","0.08492143452167511"
"1382","0.07583226822316647","0.06310155242681503","0.08498252183198929","0.1727607250213623","0.15331852436065674","0.19013594090938568","0.12686287860075632","0.1150021106004715","0.14036759734153748","0.07676647137850523","0.061892759054899216","0.08933775871992111","0.07573319412767887","0.06103666126728058","0.08582901954650879"
"1383","0.08160878717899323","0.07613925635814667","0.09324175119400024","0.1859545074403286","0.16262848675251007","0.20846547186374664","0.13867626835902533","0.12176664918661118","0.15583378076553345","0.0835400391370058","0.07679057121276855","0.09703397750854492","0.08276740275323391","0.07673260569572449","0.09627783298492432"
"1384","0.0810264628380537","0.07635384798049927","0.08395760506391525","0.18171753361821175","0.17498713731765747","0.1943986713886261","0.13085325062274933","0.12753725051879883","0.1348590850830078","0.0817305538803339","0.07736646384000778","0.0853777602314949","0.08109398186206818","0.0766008198261261","0.08507725596427917"
"1385","0.08608296886086464","0.07910221815109253","0.09478689730167389","0.17624615877866745","0.16857893764972687","0.18561165034770966","0.13674447933832803","0.1244836300611496","0.15078547596931458","0.08682674169540405","0.07890330255031586","0.09629802405834198","0.08671559579670429","0.0793507918715477","0.09562816470861435"
"1386","0.08332784287631512","0.07355708628892899","0.08994290232658386","0.17971834167838097","0.1584668904542923","0.1925848126411438","0.1293689707914988","0.11752873659133911","0.1433868408203125","0.08414516970515251","0.0741896778345108","0.09208622574806213","0.08394071646034718","0.07367545366287231","0.09110398590564728"
"1387","0.07679032906889915","0.07170785963535309","0.08019644021987915","0.171194676309824","0.16248679161071777","0.18271943926811218","0.12618671357631683","0.1204005628824234","0.13428550958633423","0.07708185538649559","0.07317650318145752","0.08149237930774689","0.077365817502141","0.07246915996074677","0.08099649846553802"
"1388","0.07749700732529163","0.07001487165689468","0.0884389877319336","0.17676256969571114","0.16838639974594116","0.19571007788181305","0.13007274518410364","0.12192734330892563","0.144998699426651","0.07845559902489185","0.07141095399856567","0.08942828327417374","0.0776115283370018","0.0707329511642456","0.08846328407526016"
"1389","0.07936807349324226","0.075371153652668","0.08533194661140442","0.17139310762286186","0.16724544763565063","0.17543670535087585","0.12746175130208334","0.12313655018806458","0.13278457522392273","0.08173236437141895","0.07807968556880951","0.08875284343957901","0.08034797757863998","0.07765193283557892","0.08592480421066284"
"1390","0.0797596164047718","0.07195249199867249","0.08682956546545029","0.16993676498532295","0.1560317575931549","0.18131804466247559","0.12352418651183446","0.11213981360197067","0.13730712234973907","0.0805508978664875","0.07216128706932068","0.08823274821043015","0.08047504536807537","0.07298217713832855","0.08725550770759583"
"1391","0.07891192473471165","0.07664139568805695","0.08263745158910751","0.16718007624149323","0.16097797453403473","0.17548224329948425","0.12369285275538762","0.11925087869167328","0.13065893948078156","0.07910948246717453","0.07742178440093994","0.0807291567325592","0.07912160828709602","0.07701563090085983","0.08270947635173798"
"1392","0.0824966412037611","0.07068448513746262","0.09421999752521515","0.1798282116651535","0.16571855545043945","0.18872061371803284","0.1386882265408834","0.12641620635986328","0.1508946716785431","0.08306912146508694","0.07200875878334045","0.0928419679403305","0.08316829986870289","0.07151420414447784","0.0944879949092865"
"1393","0.08037808910012245","0.0721927285194397","0.0916210412979126","0.17621012777090073","0.16412442922592163","0.19149214029312134","0.12895769874254862","0.11717412620782852","0.14631114900112152","0.08131664991378784","0.07242375612258911","0.09292463213205338","0.08082767203450203","0.07229679077863693","0.09176451712846756"
"1394","0.07843773439526558","0.06880141794681549","0.09348222613334656","0.1772289201617241","0.16147559881210327","0.2108960747718811","0.13425885637601218","0.11697112023830414","0.15701071918010712","0.07910786755383015","0.07013523578643799","0.09215100109577179","0.07880783826112747","0.06950392574071884","0.09353618323802948"
"1395","0.07360595092177391","0.06339988857507706","0.08604197204113007","0.16417863592505455","0.1514897644519806","0.18299813568592072","0.12384085853894551","0.11636956036090851","0.13779793679714203","0.07474967837333679","0.06445938348770142","0.08772681653499603","0.07425591349601746","0.06393175572156906","0.08720390498638153"
"1396","0.0821195263415575","0.06975265592336655","0.09038880467414856","0.16930603608489037","0.15218079090118408","0.1811041384935379","0.14009037613868713","0.1352933794260025","0.14356262981891632","0.08200055547058582","0.0711030587553978","0.08913910388946533","0.08227444998919964","0.07037995010614395","0.0905514508485794"
"1397","0.07536152936518192","0.06448334455490112","0.08487430214881897","0.17481611296534538","0.16450566053390503","0.18717235326766968","0.1265521099170049","0.11797040700912476","0.13474313914775848","0.07578406855463982","0.06561065465211868","0.0852191224694252","0.07587447762489319","0.06493134051561356","0.08564171195030212"
"1398","0.08301742374897003","0.07280822098255157","0.09313936531543732","0.18468685075640678","0.17132508754730225","0.19589611887931824","0.13124422977368036","0.12060115486383438","0.14357903599739075","0.08398710750043392","0.07394389063119888","0.09370548278093338","0.08348547853529453","0.07287581264972687","0.09415706992149353"
"1399","0.08166671358048916","0.07086329162120819","0.09332096576690674","0.17958444356918335","0.1632174253463745","0.20128758251667023","0.13270461559295654","0.12584856152534485","0.14551326632499695","0.08253243193030357","0.07157248258590698","0.0936305895447731","0.08218585699796677","0.07106947898864746","0.09402436763048172"
"1400","0.07445147447288036","0.07241198420524597","0.07821914553642273","0.1649794988334179","0.15656635165214539","0.17398317158222198","0.12401999284823735","0.1226143091917038","0.12547935545444489","0.0751507468521595","0.07222846150398254","0.0782717615365982","0.07475573010742664","0.07299445569515228","0.07780586928129196"
"1401","0.08310234546661377","0.06423117965459824","0.09803903102874756","0.1797986403107643","0.1436256766319275","0.2107706367969513","0.12826876093943915","0.10093040019273758","0.15575434267520905","0.08324780501425266","0.06420504301786423","0.09587887674570084","0.08364348486065865","0.06466535478830338","0.09852190315723419"
"1402","0.07833781279623508","0.0684020072221756","0.08441893756389618","0.17689631506800652","0.1549629420042038","0.19784852862358093","0.1373137285312017","0.12509219348430634","0.14825862646102905","0.07887687534093857","0.06971646100282669","0.08435703068971634","0.07854469120502472","0.06898412108421326","0.0837542861700058"
"1403","0.07246038503944874","0.06453311443328857","0.07946929335594177","0.16803698614239693","0.16136112809181213","0.17225691676139832","0.11939026166995366","0.11029624938964844","0.12503446638584137","0.07384515553712845","0.0645977035164833","0.08085773885250092","0.07341996394097805","0.06481218338012695","0.08026561886072159"
"1404","0.08390028588473797","0.07992866635322571","0.09365954995155334","0.18065572157502174","0.1752813309431076","0.18881916999816895","0.1323624700307846","0.1275755763053894","0.13770447671413422","0.08403530716896057","0.07812635600566864","0.09464282542467117","0.08433554135262966","0.08010457456111908","0.09467658400535583"
"1405","0.08169363997876644","0.07550560683012009","0.091796875","0.17429490387439728","0.1684459149837494","0.18809331953525543","0.1341639831662178","0.12367203086614609","0.14871162176132202","0.08201208338141441","0.07733336091041565","0.08916161954402924","0.0820405837148428","0.07639926671981812","0.09187153726816177"
"1406","0.08174922317266464","0.06785623729228973","0.10555028915405273","0.17614350095391273","0.15747278928756714","0.21611808240413666","0.13691588739554086","0.1185079962015152","0.16206440329551697","0.08249909989535809","0.06788729131221771","0.1064855307340622","0.08224237523972988","0.06736041605472565","0.1067526787519455"
"1407","0.08497150428593159","0.0774538442492485","0.09264905750751495","0.18949997425079346","0.17589840292930603","0.2053593099117279","0.14736707508563995","0.13527554273605347","0.15961456298828125","0.08571438491344452","0.07939735800027847","0.09316478669643402","0.08562942035496235","0.07874231040477753","0.0928960070014"
"1408","0.08544069901108742","0.08078187704086304","0.09254319220781326","0.18142928183078766","0.1668553352355957","0.2020324170589447","0.13710961490869522","0.12426304072141647","0.15119872987270355","0.08650159277021885","0.08111853897571564","0.09337153285741806","0.08607758209109306","0.08146015554666519","0.09294137358665466"
"1409","0.08705536276102066","0.06660685688257217","0.09846839308738708","0.18362778425216675","0.15054360032081604","0.2044469565153122","0.14229217420021692","0.11559867113828659","0.1612296998500824","0.08787527307868004","0.0672391951084137","0.10075540095567703","0.08786156214773655","0.06671684235334396","0.09971968829631805"
"1410","0.08446433395147324","0.07552476972341537","0.09277169406414032","0.18404491245746613","0.1724180430173874","0.19837166368961334","0.13653576374053955","0.13422538340091705","0.14093585312366486","0.08648604899644852","0.0780973806977272","0.09470274299383163","0.08561780117452145","0.0782976895570755","0.09378981590270996"
"1411","0.08298964984714985","0.07712721824645996","0.08755754679441452","0.17958642542362213","0.17156678438186646","0.1865021288394928","0.1301160454750061","0.1235424280166626","0.13819099962711334","0.0838940292596817","0.07871803641319275","0.08740299940109253","0.08356304094195366","0.0778772383928299","0.08835645020008087"
"1412","0.07798375003039837","0.07543566077947617","0.08191680163145065","0.16837407276034355","0.16024862229824066","0.175021231174469","0.12574016054471335","0.12155287712812424","0.13186028599739075","0.07891743071377277","0.07568851858377457","0.08333107829093933","0.07863184623420238","0.07562519609928131","0.08246590197086334"
"1413","0.07643307186663151","0.06533928215503693","0.0885692834854126","0.17141882702708244","0.14916270971298218","0.1882513165473938","0.12738711138566336","0.11810389161109924","0.13754257559776306","0.07766366004943848","0.0645170658826828","0.09125429391860962","0.07759491354227066","0.06541453301906586","0.08981271088123322"
"1414","0.08203067258000374","0.0780051127076149","0.08448651432991028","0.18066271394491196","0.1700073629617691","0.18773876130580902","0.1311292996009191","0.12762370705604553","0.13378000259399414","0.08377776481211185","0.07997237145900726","0.08669661730527878","0.08312618732452393","0.07939618825912476","0.08585309982299805"
"1415","0.0801582783460617","0.07172193378210068","0.08821702003479004","0.1782538704574108","0.16406384110450745","0.1942957192659378","0.13319354752699533","0.11988255381584167","0.14761024713516235","0.08179307170212269","0.07338055223226547","0.09162996709346771","0.08138911612331867","0.07269204407930374","0.09091590344905853"
"1416","0.0756218433380127","0.061924248933792114","0.0885617733001709","0.1701493039727211","0.15021955966949463","0.18638846278190613","0.12274294098218282","0.10950224101543427","0.139540895819664","0.07585967797785997","0.06021430715918541","0.0913781225681305","0.07662665750831366","0.06203005090355873","0.08998347073793411"
"1417","0.08005953952670097","0.070868119597435","0.08642660081386566","0.18164166808128357","0.16530539095401764","0.20339524745941162","0.13631223887205124","0.12423931807279587","0.1428462564945221","0.07937638275325298","0.06979964673519135","0.08531803637742996","0.08031963929533958","0.06899069249629974","0.0869860053062439"
"1418","0.0805931705981493","0.07254871726036072","0.08623412251472473","0.17532531917095184","0.1615975797176361","0.1872389316558838","0.1301510731379191","0.12383128702640533","0.13483256101608276","0.08257067203521729","0.07576455175876617","0.08918357640504837","0.08194787241518497","0.07499433308839798","0.0877455621957779"
"1419","0.0867275707423687","0.08587708324193954","0.08852481096982956","0.1953793428838253","0.18357305228710175","0.20851436257362366","0.1435648798942566","0.13569141924381256","0.14899234473705292","0.08787652291357517","0.08632263541221619","0.08885110914707184","0.08764074742794037","0.08674837648868561","0.08868303149938583"
"1420","0.07892347127199173","0.07378628849983215","0.08555461466312408","0.17806658893823624","0.1640639454126358","0.19933420419692993","0.13691660265127817","0.1335933655500412","0.14279022812843323","0.0799065139144659","0.07584520429372787","0.08575448393821716","0.07958579435944557","0.0749213844537735","0.08711524307727814"
"1421","0.08323740400373936","0.07974737882614136","0.08683568239212036","0.1865166686475277","0.17732350528240204","0.20141616463661194","0.14202563961346945","0.1391022503376007","0.14465391635894775","0.08537097461521626","0.0820656567811966","0.09060404449701309","0.08426270075142384","0.08104240149259567","0.08841727674007416"
"1422","0.07851754128932953","0.06967132538557053","0.08640333265066147","0.1790832355618477","0.16479963064193726","0.18561488389968872","0.13021477311849594","0.11444402486085892","0.13990028202533722","0.07920424081385136","0.07100442796945572","0.0842025876045227","0.07938383892178535","0.0708577111363411","0.08656467497348785"
"1423","0.08185996115207672","0.08007001876831055","0.08424416184425354","0.18536803126335144","0.1822456419467926","0.18914365768432617","0.1379472812016805","0.13647475838661194","0.14024707674980164","0.083233792334795","0.08105434477329254","0.08602450788021088","0.08262035064399242","0.08013206720352173","0.0858546793460846"
"1424","0.07487877830862999","0.06765560805797577","0.08432149887084961","0.17135504633188248","0.16495546698570251","0.1841554343700409","0.12739923348029455","0.1203637346625328","0.13805119693279266","0.07532142661511898","0.06979605555534363","0.0844891220331192","0.07519003935158253","0.06868992000818253","0.08458118885755539"
"1425","0.07694762945175171","0.06905015558004379","0.08110794425010681","0.17087026685476303","0.15448465943336487","0.1798425316810608","0.1290999303261439","0.12307985126972198","0.1324925720691681","0.07893845997750759","0.071326345205307","0.08499909937381744","0.07801342196762562","0.07078785449266434","0.08208253979682922"
"1426","0.07766521908342838","0.06339983642101288","0.09201410412788391","0.173344474285841","0.15600533783435822","0.19332000613212585","0.13656529287497202","0.12291523814201355","0.15025942027568817","0.07774594612419605","0.06553541868925095","0.08954788744449615","0.07795227319002151","0.06451380997896194","0.0922137051820755"
"1427","0.07611185312271118","0.06443199515342712","0.08648717403411865","0.17451872304081917","0.15994936227798462","0.18412452936172485","0.12627054502566656","0.11251332610845566","0.13500796258449554","0.07615740597248077","0.06337244063615799","0.08710145950317383","0.07630020752549171","0.06293340772390366","0.08769293874502182"
"1428","0.08130314573645592","0.07179681956768036","0.08858726918697357","0.18176951259374619","0.17413046956062317","0.18890652060508728","0.13569985330104828","0.12265968322753906","0.1426529437303543","0.08234153501689434","0.07117396593093872","0.0901673287153244","0.08208717964589596","0.07197444885969162","0.09003801643848419"
"1429","0.07764501310884953","0.07172016054391861","0.09052115678787231","0.17647827044129372","0.16254696249961853","0.20148570835590363","0.1328401118516922","0.11955021321773529","0.1504247784614563","0.07813519984483719","0.07206611335277557","0.08817149698734283","0.07872753031551838","0.07301682978868484","0.09079432487487793"
"1430","0.08589367382228374","0.07982733100652695","0.09605803340673447","0.1844613328576088","0.1701507270336151","0.20803657174110413","0.1311700443426768","0.12565305829048157","0.13789992034435272","0.08707250468432903","0.08080553263425827","0.09893099963665009","0.08683478087186813","0.0807989239692688","0.09732360392808914"
"1431","0.0719978604465723","0.06681105494499207","0.08015190809965134","0.16426388174295425","0.15692126750946045","0.17292271554470062","0.12445334593454997","0.11828847229480743","0.13010939955711365","0.07094091735780239","0.06385672092437744","0.07853059470653534","0.07175109907984734","0.06339914351701736","0.08136402815580368"
"1432","0.0788254626095295","0.06819528341293335","0.09172728657722473","0.18570077791810036","0.16134504973888397","0.21909832954406738","0.13437891254822412","0.11674473434686661","0.1501445472240448","0.07960524596273899","0.06799781322479248","0.09139668196439743","0.07924794219434261","0.06707371771335602","0.09330419450998306"
"1433","0.07820035517215729","0.0653403103351593","0.08903169631958008","0.17724404111504555","0.16071546077728271","0.1864739954471588","0.13006790479024252","0.11614011228084564","0.1370508074760437","0.08032621443271637","0.06812092661857605","0.090922050178051","0.07962231151759624","0.06785191595554352","0.09074116498231888"
"1434","0.07592123188078403","0.0690862163901329","0.08412227779626846","0.17514600232243538","0.15936404466629028","0.19788092374801636","0.13168284793694815","0.11501991748809814","0.14137469232082367","0.0770888477563858","0.07110287994146347","0.08255653828382492","0.07714134082198143","0.07007560133934021","0.08432795852422714"
"1435","0.07420879416167736","0.06949658691883087","0.08076874166727066","0.17210153117775917","0.16490796208381653","0.18655218183994293","0.1288697471221288","0.12319914996623993","0.13971848785877228","0.07591850869357586","0.07171447575092316","0.08353551477193832","0.07520823739469051","0.07049359381198883","0.08278175443410873"
"1436","0.08031233958899975","0.07178322225809097","0.08507898449897766","0.18350845947861671","0.16603286564350128","0.22108769416809082","0.13005086282889047","0.11908406019210815","0.13634033501148224","0.08204831555485725","0.07405908405780792","0.08808166533708572","0.0814175009727478","0.07280048727989197","0.0867556780576706"
"1437","0.07250083424150944","0.06518617272377014","0.07703211158514023","0.16735592857003212","0.16255731880664825","0.17343580722808838","0.12553889552752176","0.11428777873516083","0.13117772340774536","0.0736375991255045","0.06544779241085052","0.07688680291175842","0.07347484305500984","0.06627470254898071","0.07720468938350677"
"1438","0.07897724211215973","0.07575437426567078","0.0820736214518547","0.17605021968483925","0.1675558090209961","0.18158620595932007","0.13153257966041565","0.12842930853366852","0.13720497488975525","0.07886036857962608","0.07523144036531448","0.08177060633897781","0.07905925065279007","0.07620155811309814","0.0831558033823967"
"1439","0.07875688187777996","0.07140588015317917","0.08617793023586273","0.17514440417289734","0.15658798813819885","0.1998433619737625","0.1359061524271965","0.12164681404829025","0.15242807567119598","0.07913009077310562","0.06960899382829666","0.08679255843162537","0.07936280220746994","0.0714513435959816","0.08613350242376328"
"1440","0.08311102725565434","0.07752837240695953","0.08835852146148682","0.18387001007795334","0.17175939679145813","0.19425807893276215","0.13804526130358377","0.13450032472610474","0.1440773904323578","0.08541586995124817","0.07599033415317535","0.0924607366323471","0.08459427021443844","0.07766660302877426","0.08950524777173996"
"1441","0.07831801846623421","0.06990943849086761","0.08840760588645935","0.1719113029539585","0.1595728099346161","0.1812211573123932","0.12496098130941391","0.11677344888448715","0.1404190957546234","0.07970311678946018","0.07281062752008438","0.08829104900360107","0.07958853617310524","0.07212983071804047","0.08871456980705261"
"1442","0.0854052547365427","0.0663006454706192","0.09558854252099991","0.1866758093237877","0.15699395537376404","0.20164620876312256","0.1506823350985845","0.14221031963825226","0.15917140245437622","0.08636225014925003","0.06831245124340057","0.09710477292537689","0.08676857873797417","0.06722700595855713","0.09710536152124405"
"1443","0.07627410627901554","0.06907010078430176","0.09028562903404236","0.17592941969633102","0.16334858536720276","0.1948685348033905","0.12874786059061685","0.11723562330007553","0.14651167392730713","0.07769645377993584","0.07182631641626358","0.0907641127705574","0.07776580192148685","0.07091264426708221","0.09046710282564163"
"1444","0.07964696176350117","0.0688171237707138","0.09713811427354813","0.17036966606974602","0.15751665830612183","0.19541382789611816","0.1344564507404963","0.12174935638904572","0.15076687932014465","0.07996381260454655","0.0684598982334137","0.0972583070397377","0.08005065843462944","0.06902967393398285","0.09862938523292542"
"1445","0.0770699568092823","0.07464785873889923","0.08014446496963501","0.1745702549815178","0.17303046584129333","0.1785687655210495","0.12884947409232458","0.1232721135020256","0.1342662125825882","0.07894671894609928","0.07450506836175919","0.08352434635162354","0.07844944298267365","0.0747821033000946","0.08306282758712769"
"1446","0.08351700007915497","0.07764065265655518","0.08991900086402893","0.18229345232248306","0.17207276821136475","0.19708749651908875","0.1344923327366511","0.1303822100162506","0.1398342102766037","0.0851586889475584","0.07827258110046387","0.09261420369148254","0.08399330265820026","0.07771918177604675","0.09119141101837158"
"1447","0.07906675711274147","0.06978979706764221","0.08609206974506378","0.1745152547955513","0.16071829199790955","0.18815413117408752","0.1290959045290947","0.11695890873670578","0.13713222742080688","0.08096889220178127","0.07184717059135437","0.08873261511325836","0.08032965287566185","0.0709557980298996","0.08736196160316467"
"1448","0.07523928582668304","0.06553507596254349","0.08561360836029053","0.17162497714161873","0.15981361269950867","0.1870015263557434","0.1203195850054423","0.1127253845334053","0.12741655111312866","0.07617025636136532","0.06666387617588043","0.08815863728523254","0.07593992725014687","0.06616511940956116","0.08677002787590027"
"1449","0.07408596575260162","0.06432721018791199","0.08640384674072266","0.17696763202548027","0.15336787700653076","0.20232751965522766","0.12364839762449265","0.1088762879371643","0.1452261507511139","0.07570495828986168","0.066361203789711","0.08877815306186676","0.07510308921337128","0.06526419520378113","0.0880831703543663"
"1450","0.07990887202322483","0.07147970050573349","0.09697030484676361","0.17596006020903587","0.15699084103107452","0.20544040203094482","0.12387991199890773","0.1175156757235527","0.1351695954799652","0.08127526752650738","0.07178179174661636","0.09993113577365875","0.08116581477224827","0.0716354176402092","0.0986618846654892"
"1451","0.08099807053804398","0.07189299166202545","0.08660946786403656","0.18355625867843628","0.17206326127052307","0.20082876086235046","0.13821272055308023","0.13352498412132263","0.14304113388061523","0.08190214447677135","0.07430309802293777","0.08892099559307098","0.08180542662739754","0.07310398668050766","0.08690528571605682"
"1452","0.08176921308040619","0.0715043842792511","0.0873010903596878","0.1831739917397499","0.16448375582695007","0.19679038226604462","0.1297939121723175","0.11954951286315918","0.13841460645198822","0.08372204191982746","0.07315866649150848","0.0903586596250534","0.08319100365042686","0.07262634485960007","0.0891236886382103"
"1453","0.08079035393893719","0.07395391166210175","0.08638539910316467","0.18628836050629616","0.17130506038665771","0.19935935735702515","0.13812210907538733","0.12458395212888718","0.15727584064006805","0.08294504694640636","0.07423469424247742","0.09232628345489502","0.0828223917633295","0.07522565126419067","0.09172743558883667"
"1454","0.07636730931699276","0.06973770260810852","0.08554660528898239","0.17475857585668564","0.16190481185913086","0.2011631280183792","0.12747138738632202","0.11902207136154175","0.1432894766330719","0.0762125514447689","0.06884387880563736","0.0849958136677742","0.07661249302327633","0.0683043971657753","0.08576485514640808"
"1455","0.0800046008080244","0.06553260236978531","0.08939604461193085","0.1819460578262806","0.15407219529151917","0.2052784264087677","0.12931480755408606","0.11539831012487411","0.14521607756614685","0.08094474673271179","0.06473799794912338","0.09223179519176483","0.08042324706912041","0.06409455090761185","0.09078389406204224"
"1456","0.07620558515191078","0.06637495011091232","0.08788886666297913","0.17182326689362526","0.16384828090667725","0.1773703694343567","0.1335123876730601","0.1297251582145691","0.13706527650356293","0.07677189074456692","0.06822353601455688","0.08710776269435883","0.07738038338720798","0.0673353299498558","0.08804948627948761"
"1457","0.08689543604850769","0.08058400452136993","0.10218353569507599","0.18813971430063248","0.17545205354690552","0.20332354307174683","0.14653614660104117","0.13588616251945496","0.15595179796218872","0.08863742835819721","0.08189836889505386","0.10253722965717316","0.08816166408360004","0.08073095977306366","0.1037655919790268"
"1458","0.07964982278645039","0.0757942721247673","0.08375763893127441","0.17904047295451164","0.17128561437129974","0.19955547153949738","0.12697563568751016","0.1267036348581314","0.1272301822900772","0.0809791311621666","0.0753152072429657","0.0864633321762085","0.08074115589261055","0.07630156725645065","0.08520101755857468"
"1459","0.07623869366943836","0.07242149859666824","0.08035297691822052","0.17298663035035133","0.1695140302181244","0.17785759270191193","0.13066079219182333","0.12603038549423218","0.1338760256767273","0.07682742364704609","0.07427745312452316","0.07993364334106445","0.07665568590164185","0.07333525270223618","0.07951502501964569"
"1460","0.07884165458381176","0.07114581018686295","0.09555652737617493","0.1745053231716156","0.16607467830181122","0.19155682623386383","0.13525211066007614","0.12470366805791855","0.1538510024547577","0.0814413670450449","0.07634571194648743","0.09415538609027863","0.07999991439282894","0.07209666073322296","0.09568890929222107"
"1461","0.08460485190153122","0.0828995406627655","0.08790086954832077","0.18431412056088448","0.1671701818704605","0.19141694903373718","0.13862832883993784","0.12740777432918549","0.14541923999786377","0.08641887083649635","0.08369125425815582","0.09042170643806458","0.08581881783902645","0.08377567678689957","0.08918341994285583"
"1462","0.08985611610114574","0.08626188337802887","0.09523755311965942","0.19294482469558716","0.17695902287960052","0.21021206676959991","0.14544027547041574","0.14213460683822632","0.15153798460960388","0.08967865072190762","0.0863041877746582","0.09508779644966125","0.09044125117361546","0.08744452148675919","0.09654351323843002"
"1463","0.0742911696434021","0.07131271809339523","0.0765460878610611","0.17033477872610092","0.1643509566783905","0.17621204257011414","0.12712950011094412","0.11665798723697662","0.13606169819831848","0.07451570220291615","0.07176665961742401","0.0771561786532402","0.07448991946876049","0.07216744124889374","0.07674220204353333"
"1464","0.08230173215270042","0.0756407380104065","0.08948004245758057","0.1806199923157692","0.16462427377700806","0.19253131747245789","0.13762391606966654","0.12902536988258362","0.14924968779087067","0.08363712951540947","0.07806260883808136","0.08906064182519913","0.0834676492959261","0.07751195132732391","0.08974684774875641"
"1465","0.08486322313547134","0.06850509345531464","0.0932687371969223","0.1824374794960022","0.15446630120277405","0.19839389622211456","0.14506185054779053","0.1440608948469162","0.14592380821704865","0.08486108295619488","0.07042846828699112","0.09310922026634216","0.0859166756272316","0.06947050988674164","0.0950021743774414"
"1466","0.08507815189659595","0.07817238569259644","0.09998397529125214","0.1818440742790699","0.17327390611171722","0.20571953058242798","0.14052190879980722","0.12798000872135162","0.16134198009967804","0.08491725102066994","0.07686924934387207","0.09965646266937256","0.08535616472363472","0.07839225232601166","0.09867465496063232"
"1467","0.07447022385895252","0.06693894416093826","0.08166909962892532","0.18249071761965752","0.16393622756004333","0.2026096135377884","0.12718436866998672","0.11562786251306534","0.14433658123016357","0.0766723845154047","0.06842321157455444","0.08398038148880005","0.07607812620699406","0.06693602353334427","0.08299002796411514"
"1468","0.08257929608225822","0.07391457259654999","0.08746328204870224","0.1878715716302395","0.1806211769580841","0.19485017657279968","0.14122742414474487","0.14103280007839203","0.14134815335273743","0.08366614766418934","0.07526172697544098","0.08793312311172485","0.08369266614317894","0.07500196993350983","0.08879004418849945"
"1469","0.07622263394296169","0.06765703111886978","0.09086833894252777","0.1785474270582199","0.16489896178245544","0.19010087847709656","0.13314801951249441","0.12176959216594696","0.14434568583965302","0.07747077569365501","0.07160776853561401","0.08877956122159958","0.0776392575353384","0.0709138885140419","0.09098995476961136"
"1470","0.07504015415906906","0.06756012886762619","0.08560818433761597","0.1647813804447651","0.15631389617919922","0.17560124397277832","0.12301356593767802","0.11466746777296066","0.13277406990528107","0.0764955710619688","0.06987116485834122","0.08851964771747589","0.07630282454192638","0.06880795955657959","0.08798817545175552"
"1471","0.07847405411303043","0.06956978142261505","0.09420062601566315","0.1724870763719082","0.1573515087366104","0.1880994290113449","0.1262324998776118","0.11268676817417145","0.14329586923122406","0.07926353067159653","0.07108329981565475","0.0909930020570755","0.07941132038831711","0.07034394145011902","0.09432189166545868"
"1472","0.07310367748141289","0.06572597473859787","0.07961133122444153","0.16668153181672096","0.15771642327308655","0.1758303940296173","0.1275252103805542","0.12175396084785461","0.13494324684143066","0.07403267733752728","0.06757564097642899","0.08064163476228714","0.0736839771270752","0.06661613285541534","0.07991338521242142"
"1473","0.08177077397704124","0.07638120651245117","0.08784189075231552","0.17706138640642166","0.16872045397758484","0.18504691123962402","0.13500246653954187","0.12371683865785599","0.14077386260032654","0.08140015043318272","0.07635870575904846","0.08751910924911499","0.08213929086923599","0.077592633664608","0.08709163218736649"
"1474","0.07930740900337696","0.07467709481716156","0.08640286326408386","0.17670245468616486","0.16927775740623474","0.19164377450942993","0.1325442517797152","0.12189888209104538","0.14430464804172516","0.07970105484127998","0.07640055567026138","0.08759458363056183","0.07992535457015038","0.07566255331039429","0.08677368611097336"
"1475","0.08321267738938332","0.07462924718856812","0.09285065531730652","0.17794149741530418","0.16716933250427246","0.19249990582466125","0.13216040780146918","0.12059982866048813","0.14868709444999695","0.083672184497118","0.07514151185750961","0.09144660830497742","0.0839164424687624","0.07469916343688965","0.09303043782711029"
"1476","0.07544601522386074","0.06903614103794098","0.08229478448629379","0.17571965977549553","0.16076478362083435","0.19059854745864868","0.13709396620591482","0.1313363015651703","0.1484656035900116","0.07698126323521137","0.07066866010427475","0.08331429958343506","0.07615662552416325","0.06965314596891403","0.08238733559846878"
"1477","0.07449267245829105","0.06316713988780975","0.08228790760040283","0.16623277962207794","0.15354253351688385","0.17359179258346558","0.12405364712079366","0.11513851583003998","0.131094828248024","0.07488511502742767","0.06571962684392929","0.07948923110961914","0.07554276660084724","0.06485705822706223","0.08235729485750198"
"1478","0.07331728935241699","0.06776506453752518","0.07991911470890045","0.1737307496368885","0.1649242639541626","0.18842339515686035","0.12272029370069504","0.1145017072558403","0.12867064774036407","0.07309038937091827","0.06604897975921631","0.07906356453895569","0.07369724288582802","0.06776047497987747","0.08130168914794922"
"1479","0.0812149103730917","0.07930130511522293","0.08440978825092316","0.17739612236618996","0.17350006103515625","0.18698233366012573","0.13441526889801025","0.12483800947666168","0.1418859362602234","0.0828307643532753","0.07921858131885529","0.08724160492420197","0.08242963254451752","0.07957302033901215","0.08673666417598724"
"1480","0.07260564342141151","0.056727662682533264","0.08173983544111252","0.1621144823729992","0.13918595016002655","0.17629128694534302","0.12254638473192851","0.10751074552536011","0.13272811472415924","0.07301699835807085","0.056782785803079605","0.08356469869613647","0.07250167988240719","0.05674830824136734","0.08337085694074631"
"1481","0.08123031072318554","0.07428867369890213","0.08731019496917725","0.17862722650170326","0.1643337905406952","0.18633714318275452","0.13851946095625559","0.131589874625206","0.14988575875759125","0.08354542404413223","0.07667877525091171","0.09096567332744598","0.08266061171889305","0.07453140616416931","0.09043698012828827"
"1482","0.07762199081480503","0.06945935636758804","0.09019028395414352","0.1784154400229454","0.17376601696014404","0.18791306018829346","0.13553963601589203","0.1264684498310089","0.14854952692985535","0.07907170802354813","0.07136844098567963","0.09118518233299255","0.07845171727240086","0.07050804793834686","0.09035500884056091"
"1483","0.07907220162451267","0.07013135403394699","0.09713804721832275","0.16457679495215416","0.15571506321430206","0.1826014667749405","0.13161557416121164","0.12261311709880829","0.14599360525608063","0.07968936488032341","0.07191569358110428","0.09524887055158615","0.07956946268677711","0.07098278403282166","0.09736382961273193"
"1484","0.08089976944029331","0.0710209310054779","0.08741956949234009","0.1846540868282318","0.1646137237548828","0.19357076287269592","0.14295659959316254","0.13737213611602783","0.14619269967079163","0.08208983205258846","0.07328324019908905","0.08866162598133087","0.08170527033507824","0.07222851365804672","0.08794618397951126"
"1485","0.07922831736505032","0.06970379501581192","0.08639023452997208","0.17755009233951569","0.16519823670387268","0.19745366275310516","0.12586300820112228","0.11923614889383316","0.13177061080932617","0.07988004945218563","0.0707847997546196","0.08841080963611603","0.08001030422747135","0.07052448391914368","0.08718808740377426"
"1486","0.08326966688036919","0.08072380721569061","0.08975549042224884","0.17479762807488441","0.16702896356582642","0.18028868734836578","0.13467839856942496","0.1320299208164215","0.13705407083034515","0.0838839691132307","0.08087396621704102","0.0896330326795578","0.08379206992685795","0.08049050718545914","0.09098298847675323"
"1487","0.08005566708743572","0.06865252554416656","0.09223154187202454","0.17555075883865356","0.15395298600196838","0.19672632217407227","0.12720107535521188","0.11585267633199692","0.14130368828773499","0.08087344281375408","0.0699848011136055","0.09115518629550934","0.08088915050029755","0.06933324038982391","0.0934714823961258"
"1488","0.08779959939420223","0.0788508802652359","0.09393972158432007","0.19438399374485016","0.18980208039283752","0.20344650745391846","0.1435553878545761","0.1397242248058319","0.14881199598312378","0.08874811604619026","0.08084093034267426","0.09470057487487793","0.08894863165915012","0.08044248819351196","0.09549864381551743"
"1489","0.08252790756523609","0.0763607993721962","0.0881165862083435","0.17697151005268097","0.16304895281791687","0.18531399965286255","0.13489829997221628","0.130805104970932","0.14054863154888153","0.08413348160684109","0.0778716653585434","0.08693744987249374","0.08349322155117989","0.07754453271627426","0.08834034204483032"
"1490","0.089688615873456","0.07875736057758331","0.09734107553958893","0.19353454932570457","0.16666066646575928","0.21636977791786194","0.14401417473951975","0.1316078007221222","0.15170949697494507","0.09163795039057732","0.08121942728757858","0.10063783824443817","0.09097018465399742","0.08063207566738129","0.09877940267324448"
"1491","0.07900315709412098","0.07532535493373871","0.08514085412025452","0.17874980345368385","0.16814562678337097","0.1884119212627411","0.1313212662935257","0.120974600315094","0.1434941589832306","0.07967907562851906","0.07652038335800171","0.08537867665290833","0.07948043756186962","0.07606993615627289","0.0847807452082634"
"1492","0.07161420956254005","0.0637764036655426","0.08115668594837189","0.17067743465304375","0.15983784198760986","0.17804822325706482","0.11728983124097188","0.1104859858751297","0.12783342599868774","0.07213031500577927","0.0633806586265564","0.08061240613460541","0.0719610694795847","0.06315242499113083","0.08206672221422195"
"1493","0.08406273648142815","0.07027191668748856","0.0912308469414711","0.18392444029450417","0.1671178936958313","0.1959260255098343","0.14758274952570596","0.13987377285957336","0.1576690375804901","0.08671723678708076","0.07247967272996902","0.09672686457633972","0.08594736829400063","0.07128369063138962","0.09606248140335083"
"1494","0.08098798617720604","0.07262653112411499","0.08574146032333374","0.1763676069676876","0.1734878271818161","0.178993821144104","0.1315364489952723","0.12570253014564514","0.1357128620147705","0.0814781952649355","0.07325640320777893","0.0865267664194107","0.08163449726998806","0.07253743708133698","0.08626310527324677"
"1495","0.06943406537175179","0.06042981892824173","0.07730959355831146","0.1593218818306923","0.14498735964298248","0.16757804155349731","0.11691140880187352","0.10896527767181396","0.1289689838886261","0.0706829335540533","0.06278134137392044","0.07777909934520721","0.0699564153328538","0.060606930404901505","0.07713882625102997"
"1496","0.07676740735769272","0.06755685806274414","0.08359765261411667","0.17968134209513664","0.16041022539138794","0.21278846263885498","0.1364802767833074","0.12292900681495667","0.15525436401367188","0.0789854284375906","0.06955675780773163","0.08678516745567322","0.07811956852674484","0.06852445006370544","0.0857732892036438"
"1497","0.07841078750789165","0.06771270185709","0.09220607578754425","0.1678534485399723","0.1534329652786255","0.18116775155067444","0.13156977047522864","0.11164028197526932","0.14484195411205292","0.07965905405580997","0.06852776557207108","0.09124216437339783","0.07992312125861645","0.06837251782417297","0.09221258759498596"
"1498","0.0805766973644495","0.07002972066402435","0.09414905309677124","0.18467098474502563","0.17043736577033997","0.20159652829170227","0.14205439885457358","0.12980233132839203","0.15598759055137634","0.08136735670268536","0.0727793276309967","0.08992157876491547","0.08176542446017265","0.07203545421361923","0.09430237114429474"
"1499","0.08444472029805183","0.08082282543182373","0.08885852992534637","0.18906762450933456","0.17930565774440765","0.20243164896965027","0.1369652897119522","0.13301901519298553","0.14456415176391602","0.085714440792799","0.08076488226652145","0.09156765043735504","0.08590269833803177","0.08201490342617035","0.09034303575754166"
"1500","0.08151736110448837","0.07166257500648499","0.0859888568520546","0.18538804724812508","0.1699381023645401","0.1959230601787567","0.14181963602701822","0.1409876048564911","0.1426999568939209","0.08247363567352295","0.07365991175174713","0.0863860547542572","0.08238905854523182","0.07266809791326523","0.08745165169239044"
"1501","0.07898025214672089","0.0763063132762909","0.08139441162347794","0.17873869463801384","0.176553875207901","0.18457944691181183","0.13245139519373575","0.1299503743648529","0.1339082270860672","0.07984968647360802","0.07691436260938644","0.08360449224710464","0.07962788082659245","0.07634224742650986","0.0824989303946495"
"1502","0.08120919577777386","0.0699039176106453","0.09261177480220795","0.18361173570156097","0.16535474359989166","0.20843945443630219","0.1385655179619789","0.12384264916181564","0.1557760238647461","0.08314477279782295","0.07139260321855545","0.09343014657497406","0.08242087811231613","0.0706261545419693","0.09295809268951416"
"1503","0.08346210420131683","0.06963370740413666","0.09784311801195145","0.1808680184185505","0.16045695543289185","0.2017119824886322","0.13433301697174707","0.1150677427649498","0.15587618947029114","0.08494333922863007","0.07046255469322205","0.09935535490512848","0.08412101119756699","0.07055933773517609","0.09794062376022339"
"1504","0.0792156234383583","0.06491130590438843","0.09074020385742188","0.17779209837317467","0.15901948511600494","0.19926364719867706","0.13138829668362936","0.1094147115945816","0.15403449535369873","0.08033343590795994","0.06462278962135315","0.09317144751548767","0.07955773361027241","0.06579498201608658","0.09096547961235046"
"1505","0.08189686946570873","0.06460414826869965","0.0933445617556572","0.1825355626642704","0.15874889492988586","0.199324831366539","0.14152349531650543","0.13678164780139923","0.14761823415756226","0.0828497651964426","0.06652718037366867","0.09542842954397202","0.08248751051723957","0.06565515697002411","0.09461382031440735"
"1506","0.08201832696795464","0.07140085846185684","0.09661132097244263","0.18007738515734673","0.16192319989204407","0.20084595680236816","0.13736740251382193","0.11885210871696472","0.154518261551857","0.08235660195350647","0.07029290497303009","0.09818027913570404","0.08288773149251938","0.07282868027687073","0.09717695415019989"
"1507","0.0767692681401968","0.06829912215471268","0.08331333845853806","0.16622398421168327","0.15415224432945251","0.17561593651771545","0.12726225952307382","0.11608697474002838","0.133576437830925","0.07664596289396286","0.06870301067829132","0.0824386328458786","0.07668388448655605","0.06847283244132996","0.08423490822315216"
"1508","0.07682886626571417","0.06202295050024986","0.08863537013530731","0.1778612658381462","0.16016829013824463","0.20374080538749695","0.13423975060383478","0.12463479489088058","0.14536714553833008","0.07665668427944183","0.06339907646179199","0.08722779154777527","0.07727569714188576","0.06264764070510864","0.0887732207775116"
"1509","0.07571088336408138","0.0721801221370697","0.08444628119468689","0.1644969917833805","0.16046035289764404","0.17371727526187897","0.12563502043485641","0.11586303263902664","0.1377197504043579","0.07745226845145226","0.07340949028730392","0.08648528158664703","0.07633679918944836","0.07290560752153397","0.08458760380744934"
"1510","0.08090839721262455","0.0733337327837944","0.08848552405834198","0.1802528016269207","0.1693725883960724","0.19154267013072968","0.13212284942468008","0.12633919715881348","0.13710050284862518","0.08238485455513","0.07282470911741257","0.09035815298557281","0.08192377351224422","0.07356201112270355","0.08923502266407013"
"1511","0.07166322879493237","0.0659184530377388","0.08291928470134735","0.1645401082932949","0.1483878493309021","0.1901649832725525","0.12286216020584106","0.10876059532165527","0.1429750919342041","0.07183042913675308","0.06486999988555908","0.08223313093185425","0.0717635378241539","0.06587422639131546","0.08152102679014206"
"1512","0.07876899093389511","0.07279843091964722","0.08595010638237","0.17722290381789207","0.16827000677585602","0.18562285602092743","0.13345291217168173","0.13028660416603088","0.1352158486843109","0.08023093454539776","0.07481427490711212","0.08667129278182983","0.08039390109479427","0.07422104477882385","0.08696550130844116"
"1513","0.07415337674319744","0.06569020450115204","0.07861605286598206","0.17971263825893402","0.1624228060245514","0.18689914047718048","0.12817487120628357","0.12654468417167664","0.1292388141155243","0.07490571774542332","0.06747827678918839","0.07771017402410507","0.07485396787524223","0.06660861521959305","0.07888425886631012"
"1514","0.073310486972332","0.06743231415748596","0.08299607038497925","0.17301169782876968","0.16326306760311127","0.18329095840454102","0.12960135440031686","0.12179215252399445","0.1375603824853897","0.07489581592381","0.06765303015708923","0.08607324957847595","0.07448810338973999","0.06850364804267883","0.08536355197429657"
"1515","0.0769092682749033","0.07037114351987839","0.08111108839511871","0.1757717877626419","0.1689625084400177","0.1879817545413971","0.1298421025276184","0.11921720206737518","0.13611991703510284","0.07813342474400997","0.06945978105068207","0.0824049562215805","0.07802283577620983","0.07053353637456894","0.0824522078037262"
"1516","0.07071460597217083","0.059298574924468994","0.0793362706899643","0.1745174638926983","0.16154985129833221","0.19428464770317078","0.11881090452273686","0.11255168169736862","0.12796862423419952","0.07072271592915058","0.05863296985626221","0.08165043592453003","0.070999626070261","0.05946040153503418","0.08038543164730072"
"1517","0.07466797716915607","0.06013823300600052","0.08477576076984406","0.16843237727880478","0.14816996455192566","0.1767609566450119","0.12309633692105611","0.10725916922092438","0.13153235614299774","0.0756905684247613","0.05935915932059288","0.08679314702749252","0.07515828870236874","0.06029096990823746","0.08556520938873291"
"1518","0.07668676413595676","0.06742559373378754","0.08420757949352264","0.17454703524708748","0.16735196113586426","0.1835961639881134","0.12162745247284572","0.1110210046172142","0.13358944654464722","0.07707575708627701","0.06484726816415787","0.08562970161437988","0.07722224295139313","0.06762159615755081","0.08516418933868408"
"1519","0.08383546397089958","0.07198591530323029","0.10081310570240021","0.18310339003801346","0.1690732091665268","0.214565247297287","0.13685662547747293","0.11884661018848419","0.16119946539402008","0.08568188175559044","0.07453790307044983","0.10139904171228409","0.08432472683489323","0.07212530821561813","0.10071031004190445"
"1520","0.07497791759669781","0.07214748859405518","0.08176138997077942","0.1659940406680107","0.15976738929748535","0.17269064486026764","0.1257498785853386","0.1201171725988388","0.13684464991092682","0.07552273571491241","0.07313580811023712","0.08035993576049805","0.07565175741910934","0.07255513966083527","0.08187542855739594"
"1521","0.0711032822728157","0.06176295876502991","0.0767839103937149","0.16289464756846428","0.14661039412021637","0.17505478858947754","0.11644789824883144","0.10084737092256546","0.12976330518722534","0.07204005494713783","0.062213048338890076","0.07889587432146072","0.07136550731956959","0.0628739595413208","0.07784488797187805"
"1522","0.08262315951287746","0.07113519310951233","0.09381231665611267","0.17992797121405602","0.15972314774990082","0.1984412968158722","0.13532478362321854","0.11495918780565262","0.15029215812683105","0.08360124565660954","0.07224364578723907","0.09338995814323425","0.08336160145699978","0.07226838171482086","0.09418392926454544"
"1523","0.08637256361544132","0.07216522842645645","0.09576079249382019","0.18638338148593903","0.16489389538764954","0.20186464488506317","0.14356516301631927","0.1268467754125595","0.15501657128334045","0.08771226182579994","0.07062526047229767","0.09820419549942017","0.0875441376119852","0.07235030829906464","0.09748624265193939"
"1524","0.07820183970034122","0.06249542534351349","0.09510983526706696","0.17304522171616554","0.14497005939483643","0.19442413747310638","0.12957647691170374","0.10934104770421982","0.149118572473526","0.07983950432389975","0.06121319159865379","0.09515872597694397","0.07988795079290867","0.06261581182479858","0.09607400000095367"
"1525","0.07206502370536327","0.06812318414449692","0.07856521010398865","0.17100519686937332","0.16415944695472717","0.17521382868289948","0.12623706956704459","0.12295866012573242","0.1288146674633026","0.07295877113938332","0.06997435539960861","0.07795983552932739","0.07304796762764454","0.0690896287560463","0.07962819933891296"
"1526","0.07628317177295685","0.0684487372636795","0.08429111540317535","0.17889558523893356","0.16819408535957336","0.2065553218126297","0.12130783249934514","0.11847004294395447","0.12336123734712601","0.07781533896923065","0.07021872699260712","0.08717022091150284","0.07738947495818138","0.06982641667127609","0.0856844037771225"
"1527","0.08574968576431274","0.07217588275671005","0.10495126247406006","0.19041088223457336","0.171264186501503","0.21642501652240753","0.13648544748624167","0.12076841294765472","0.16143682599067688","0.08722755312919617","0.07097555696964264","0.10678983479738235","0.08659089729189873","0.07222720235586166","0.10580353438854218"
"1528","0.07662803865969181","0.06876683235168457","0.07989291101694107","0.1705586351454258","0.1631932258605957","0.17476163804531097","0.1262021486957868","0.11556527763605118","0.13404907286167145","0.07754945009946823","0.07043237239122391","0.08127983659505844","0.07735913619399071","0.06960844993591309","0.08067858964204788"
"1529","0.0823971051722765","0.075294628739357","0.0889086052775383","0.18861106783151627","0.1765746772289276","0.1963125765323639","0.13614211976528168","0.1257614940404892","0.14259445667266846","0.08306160941720009","0.0748717337846756","0.08925072848796844","0.08302722126245499","0.0765862911939621","0.08910082280635834"
"1530","0.08379917778074741","0.07593056559562683","0.09280028194189072","0.1840299554169178","0.16621516644954681","0.20170581340789795","0.14133268843094507","0.12324222177267075","0.15165959298610687","0.08591476455330849","0.07802803814411163","0.09555263817310333","0.08489758893847466","0.07687197625637054","0.09492845833301544"
"1531","0.08045696839690208","0.07684557884931564","0.08872005343437195","0.17680155485868454","0.16876699030399323","0.181385338306427","0.13110499580701193","0.12812533974647522","0.134076789021492","0.08123583346605301","0.07859515398740768","0.0882079005241394","0.0816104169934988","0.07802286744117737","0.09048826992511749"
"1532","0.07181149162352085","0.06270240247249603","0.08376603573560715","0.16367704421281815","0.1510249376296997","0.17601367831230164","0.12056203683217366","0.1089358925819397","0.13037621974945068","0.07310301996767521","0.06284742802381516","0.0829874649643898","0.07315274700522423","0.0637744814157486","0.08395187556743622"
"1533","0.07862097956240177","0.07081901282072067","0.08790408819913864","0.1755877397954464","0.16112715005874634","0.18970179557800293","0.1244543120265007","0.11543072015047073","0.13632652163505554","0.07878735661506653","0.07124298810958862","0.08994016796350479","0.07927646487951279","0.07202265411615372","0.0888737216591835"
"1534","0.08308961242437363","0.07395171374082565","0.09943723678588867","0.18166475743055344","0.17095376551151276","0.20430071651935577","0.14145239194234213","0.13083253800868988","0.16127170622348785","0.08440091833472252","0.07573147863149643","0.10093147307634354","0.08383615873754025","0.07475650310516357","0.10009147971868515"
"1535","0.08569200895726681","0.07977311313152313","0.09687677770853043","0.1865670084953308","0.1702614724636078","0.21391747891902924","0.1336300571759542","0.12753385305404663","0.13983473181724548","0.08733450807631016","0.08078964054584503","0.09969144314527512","0.08655624277889729","0.08084280788898468","0.09841049462556839"
"1536","0.07564545795321465","0.06448341906070709","0.08201140910387039","0.16971946135163307","0.14653058350086212","0.1858094036579132","0.12484270582596461","0.10581827908754349","0.14145955443382263","0.07630624622106552","0.06324468553066254","0.08451823890209198","0.07636339589953423","0.06544594466686249","0.08319221436977386"
"1537","0.07807628810405731","0.07215819507837296","0.08099271357059479","0.17691673710942268","0.1647752821445465","0.18464325368404388","0.12663755317529043","0.11743508279323578","0.1350385546684265","0.07960957661271095","0.0726797804236412","0.08357244729995728","0.07866761460900307","0.0732654258608818","0.08200953900814056"
"1538","0.07704141177237034","0.07076781988143921","0.08635116368532181","0.16910215467214584","0.15492862462997437","0.19414682686328888","0.12623840073744455","0.11314509809017181","0.14089569449424744","0.07911522686481476","0.0710548460483551","0.08929215371608734","0.07831086404621601","0.07092231512069702","0.08757853507995605"
"1539","0.08040161803364754","0.0704980418086052","0.08705752342939377","0.177389208227396","0.15895763039588928","0.19218376278877258","0.13347595433394113","0.11462059617042542","0.14409320056438446","0.08209669217467308","0.07382944226264954","0.08747181296348572","0.08071416988968849","0.071414515376091","0.08627304434776306"
"1540","0.07496472634375095","0.06462502479553223","0.08216781914234161","0.17562196031212807","0.1666542887687683","0.1796656996011734","0.12459772576888402","0.11544568091630936","0.12935055792331696","0.07650317810475826","0.06739123165607452","0.08228258788585663","0.07609865441918373","0.06679990887641907","0.08338067680597305"
"1541","0.07698836736381054","0.07052053511142731","0.08677398413419724","0.17021721974015236","0.15842515230178833","0.18169677257537842","0.13032605250676474","0.12229044735431671","0.13979937136173248","0.07671893201768398","0.07243000715970993","0.08463017642498016","0.07695932872593403","0.07146431505680084","0.08441119641065598"
"1542","0.07476241141557693","0.06097220629453659","0.0820707157254219","0.16682453081011772","0.15229350328445435","0.17730824649333954","0.1224525049328804","0.1053490862250328","0.13177968561649323","0.07566501758992672","0.06169086694717407","0.08303874731063843","0.0750467274338007","0.06179805099964142","0.08216695487499237"
"1543","0.07825718633830547","0.07260697335004807","0.08503507077693939","0.17159190028905869","0.16341939568519592","0.17701312899589539","0.13260005911191305","0.12418918311595917","0.1403978019952774","0.08020858652889729","0.07465226948261261","0.08676005899906158","0.0791381448507309","0.0736410915851593","0.08610524237155914"
"1544","0.07429945841431618","0.06430785357952118","0.08587145060300827","0.1726224683225155","0.14819389581680298","0.20434769988059998","0.12116276721159618","0.11408665776252747","0.12566043436527252","0.07561071962118149","0.06372025609016418","0.08888362348079681","0.07545164600014687","0.06434435397386551","0.08718416839838028"
"1545","0.08706802688539028","0.0779055655002594","0.1035059466958046","0.19019384309649467","0.17594435811042786","0.21229206025600433","0.14652925233046213","0.1300392746925354","0.16436941921710968","0.08747347630560398","0.08012809604406357","0.10157567262649536","0.08810465410351753","0.07900261878967285","0.10368156433105469"
"1546","0.082260362803936","0.07523056119680405","0.09138813614845276","0.17206688597798347","0.16192351281642914","0.185792475938797","0.13565769791603088","0.1267952173948288","0.1512555629014969","0.08279462531208992","0.075591079890728","0.09006330370903015","0.08273874782025814","0.07494942098855972","0.09150025993585587"
"1547","0.07939411886036396","0.07398435473442078","0.08424560725688934","0.1749534234404564","0.17004728317260742","0.184786856174469","0.12630201876163483","0.1214098185300827","0.13012000918388367","0.08148849382996559","0.07618410140275955","0.08662340044975281","0.08017402701079845","0.07502924650907516","0.08543786406517029"
"1548","0.07768429443240166","0.06688669323921204","0.08582757413387299","0.16879507154226303","0.15661442279815674","0.17839711904525757","0.1286799137790998","0.11643876880407333","0.13495856523513794","0.07873747684061527","0.06909480690956116","0.08424083888530731","0.07885323092341423","0.06863115727901459","0.08593622595071793"
"1549","0.07523349300026894","0.06753671169281006","0.08641433715820312","0.16776064783334732","0.15344186127185822","0.1845003366470337","0.12540497879187265","0.10813501477241516","0.14202864468097687","0.07714354246854782","0.06790751963853836","0.08823930472135544","0.07627415098249912","0.068207748234272","0.08639609068632126"
"1550","0.07701602391898632","0.06536216288805008","0.08762187510728836","0.1723727099597454","0.15287870168685913","0.19505685567855835","0.13281222681204477","0.11875602602958679","0.14128156006336212","0.0766888689249754","0.06708142906427383","0.08713067322969437","0.07759899459779263","0.0661698430776596","0.08907847106456757"
"1551","0.08699804730713367","0.07875485718250275","0.09707967191934586","0.18251866847276688","0.16503025591373444","0.2057081162929535","0.1389292577902476","0.12431217730045319","0.15021538734436035","0.08741726726293564","0.07657156884670258","0.09830570966005325","0.08763019740581512","0.0789141058921814","0.09879469871520996"
"1552","0.07542183250188828","0.07136225700378418","0.08091288805007935","0.16869549825787544","0.1599520742893219","0.17793184518814087","0.12357559551795323","0.12075958400964737","0.1265568733215332","0.07550834119319916","0.07010149955749512","0.08306559920310974","0.07585758343338966","0.07070696353912354","0.08202643692493439"
"1554","0.07386443950235844","0.06529036164283752","0.08477620035409927","0.16311272978782654","0.1562110185623169","0.17292563617229462","0.12190593282381694","0.11463889479637146","0.12963363528251648","0.0749068632721901","0.06773052364587784","0.0848526582121849","0.07478154450654984","0.06680721789598465","0.0858943834900856"
"1555","0.07259195856750011","0.0689854845404625","0.0752856582403183","0.16556184366345406","0.1632048338651657","0.16876079142093658","0.12132352342208226","0.11671681702136993","0.12869107723236084","0.07454465329647064","0.0686831846833229","0.07675807923078537","0.07295692153275013","0.06817148625850677","0.07544668018817902"
"1556","0.07734125480055809","0.07135217636823654","0.08506862074136734","0.1817149557173252","0.1668061912059784","0.19927100837230682","0.1371360570192337","0.12860216200351715","0.14664684236049652","0.07828672043979168","0.07061457633972168","0.08617202192544937","0.07808640040457249","0.07155068218708038","0.08569768071174622"
"1557","0.0792583990842104","0.05968739837408066","0.09574086964130402","0.17729613557457924","0.1478605419397354","0.20857661962509155","0.1316260372598966","0.10073228925466537","0.15396150946617126","0.08062256406992674","0.06227215752005577","0.09548007696866989","0.07991543412208557","0.060523271560668945","0.0959552749991417"
"1558","0.07967822812497616","0.07767853885889053","0.08476157486438751","0.17835263907909393","0.1712571084499359","0.1963961273431778","0.12309233099222183","0.11944488435983658","0.1252165138721466","0.08031436428427696","0.07717858254909515","0.0864458903670311","0.08021771721541882","0.07817039638757706","0.08524144440889359"
"1559","0.07330439891666174","0.06222334876656532","0.08109555393457413","0.16449838876724243","0.15032710134983063","0.17434611916542053","0.11906755218903224","0.10584762692451477","0.1282697319984436","0.0743861086666584","0.06225690245628357","0.08345985412597656","0.07418115064501762","0.06298217922449112","0.08235512673854828"
"1560","0.07905256375670433","0.07280874997377396","0.0848255380988121","0.17642275616526604","0.16589149832725525","0.18933522701263428","0.12726759165525436","0.11950316280126572","0.1311996728181839","0.07887747697532177","0.07099493592977524","0.08552126586437225","0.07952410355210304","0.07376934587955475","0.08445872366428375"
"1561","0.07427921332418919","0.06404047459363937","0.08577035367488861","0.1677667610347271","0.1540670096874237","0.18510565161705017","0.12397573391596477","0.11152543127536774","0.13507188856601715","0.07548743672668934","0.06549476832151413","0.08669281750917435","0.07490937225520611","0.06514102220535278","0.08733794093132019"
"1562","0.077137665823102","0.0742005929350853","0.08334103971719742","0.16837717592716217","0.16212405264377594","0.17428286373615265","0.12111845115820567","0.11778491735458374","0.12581545114517212","0.07788089849054813","0.07210016250610352","0.0857781320810318","0.07828313671052456","0.07503309845924377","0.08461678773164749"
"1563","0.0863556619733572","0.07864797115325928","0.09347528219223022","0.18618016690015793","0.18034347891807556","0.19229590892791748","0.1393722246090571","0.13353946805000305","0.14927427470684052","0.08727812021970749","0.08082245290279388","0.09255316853523254","0.08766576647758484","0.08031173050403595","0.09364833682775497"
"1564","0.08366817235946655","0.0747738778591156","0.09474874287843704","0.18596120551228523","0.1745309680700302","0.20789343118667603","0.13237099846204123","0.1261141002178192","0.14061573147773743","0.08469785563647747","0.07460641115903854","0.09937286376953125","0.08460566587746143","0.07403296232223511","0.09801141917705536"
"1565","0.0789539273828268","0.07069574296474457","0.08591906726360321","0.17212241515517235","0.16370438039302826","0.18654704093933105","0.12000132103761037","0.11728641390800476","0.12449634075164795","0.07914458028972149","0.0716610848903656","0.08731691539287567","0.07944424264132977","0.07126939296722412","0.08618609607219696"
"1566","0.07988814264535904","0.07243449240922928","0.08776865154504776","0.17757573351264","0.16287079453468323","0.19502003490924835","0.13676888247330984","0.13030540943145752","0.14191263914108276","0.08134097792208195","0.07322162389755249","0.08977897465229034","0.08082134835422039","0.07271155714988708","0.08914446830749512"
"1567","0.07565380167216063","0.06153515353798866","0.09165535867214203","0.1691776141524315","0.14804470539093018","0.18559280037879944","0.12607034295797348","0.1101670190691948","0.13893194496631622","0.07763010449707508","0.06396374106407166","0.09501104801893234","0.07610698230564594","0.06165707856416702","0.0928351879119873"
"1568","0.08129623159766197","0.07566583901643753","0.08893890678882599","0.1731702722609043","0.16236671805381775","0.18109336495399475","0.1294456571340561","0.11921913921833038","0.13494300842285156","0.08181390911340714","0.074483722448349","0.08769699931144714","0.0822354108095169","0.07650484144687653","0.08916117250919342"
"1569","0.07603923231363297","0.06681559234857559","0.08507014065980911","0.16729174554347992","0.15390251576900482","0.19293668866157532","0.1279159039258957","0.12231259047985077","0.13854731619358063","0.07615339383482933","0.06789721548557281","0.08672279119491577","0.07593145966529846","0.06716562807559967","0.08593730628490448"
"1570","0.07630758173763752","0.06561631709337234","0.0911797434091568","0.16544942930340767","0.14998093247413635","0.19464437663555145","0.11768848448991776","0.11282353103160858","0.12583598494529724","0.07652678526937962","0.06659263372421265","0.0921352431178093","0.07654826901853085","0.06613488495349884","0.09095537662506104"
"1571","0.08230773359537125","0.07442659884691238","0.08686965703964233","0.1773439384996891","0.16412591934204102","0.1829143911600113","0.1285481999317805","0.12013915181159973","0.13514865934848785","0.08392619714140892","0.07535184919834137","0.09060309827327728","0.08348704501986504","0.07502655684947968","0.08942469209432602"
"1572","0.0806315690279007","0.06283482909202576","0.10239062458276749","0.1879272311925888","0.15997545421123505","0.24599987268447876","0.14380173881848654","0.1177961677312851","0.17812073230743408","0.08162353746592999","0.06585599482059479","0.09966344386339188","0.0815178956836462","0.06524084508419037","0.10246720165014267"
"1573","0.07626265101134777","0.06890284270048141","0.084785096347332","0.1697211042046547","0.15744496881961823","0.18809670209884644","0.12783730526765189","0.11910726130008698","0.13755425810813904","0.07704040966928005","0.07064275443553925","0.08632797747850418","0.07690619677305222","0.07024332135915756","0.08595936000347137"
"1574","0.0924521591514349","0.07963734120130539","0.11580027639865875","0.19359717518091202","0.17304320633411407","0.2297440469264984","0.1523395429054896","0.12747174501419067","0.1782645732164383","0.09326262027025223","0.07991264015436172","0.11652445048093796","0.09300751239061356","0.08033588528633118","0.11611833423376083"
"1575","0.08055889047682285","0.07179516553878784","0.09347665309906006","0.1827830635011196","0.16282521188259125","0.21068066358566284","0.12532310684521994","0.11503057181835175","0.14261586964130402","0.08133139088749886","0.07163206487894058","0.09525389224290848","0.08083395659923553","0.07184828817844391","0.0936327576637268"
"1576","0.07976700738072395","0.06444159150123596","0.09084291756153107","0.16828738525509834","0.1447981745004654","0.1846655309200287","0.13085987170537314","0.10983695089817047","0.14834092557430267","0.08145729452371597","0.06369715183973312","0.09308470785617828","0.08098985254764557","0.06455126404762268","0.09236393868923187"
"1577","0.07549278251826763","0.07157765328884125","0.08121579885482788","0.17307927832007408","0.16761964559555054","0.1781146377325058","0.1294450412193934","0.1263720989227295","0.13510330021381378","0.07708678022027016","0.07197537273168564","0.08242031186819077","0.07662554644048214","0.07284660637378693","0.0820007175207138"
"1578","0.07680351100862026","0.06689993292093277","0.09780465066432953","0.17117448896169662","0.15655598044395447","0.2050214409828186","0.13217134525378546","0.11916261166334152","0.15133552253246307","0.0784656722098589","0.0680730938911438","0.09928230196237564","0.07816119119524956","0.06779684126377106","0.09983285516500473"
"1579","0.07594954036176205","0.0716974213719368","0.07855883985757828","0.16445732489228249","0.156052827835083","0.17012658715248108","0.12432986249526341","0.11671847850084305","0.13236266374588013","0.07698058523237705","0.07303303480148315","0.0815519392490387","0.07636967301368713","0.0725729912519455","0.08061447739601135"
"1580","0.07051308080554008","0.0661001205444336","0.07606691867113113","0.16112728416919708","0.15468807518482208","0.16921575367450714","0.1160781482855479","0.10939856618642807","0.12378451973199844","0.07191447354853153","0.06860888749361038","0.07881325483322144","0.07178396731615067","0.06849053502082825","0.07793569564819336"
"1581","0.08381318114697933","0.07945456355810165","0.08961552381515503","0.17419297993183136","0.16306428611278534","0.18737739324569702","0.13478083411852518","0.12094569206237793","0.14548780024051666","0.08421195298433304","0.079071044921875","0.08892987668514252","0.08441468328237534","0.08007699251174927","0.08981414139270782"
"1582","0.07378866337239742","0.06846792995929718","0.07790377736091614","0.17078425362706184","0.16561990976333618","0.17611601948738098","0.1196008250117302","0.11765453964471817","0.12309183925390244","0.07533062808215618","0.06990382075309753","0.0778835192322731","0.07486450113356113","0.0695272907614708","0.07811161875724792"
"1583","0.08171876147389412","0.0785961002111435","0.0840497687458992","0.17922335490584373","0.17149126529693604","0.18766464293003082","0.13210459550221762","0.12447330355644226","0.13844116032123566","0.08188358135521412","0.07711295783519745","0.08517786115407944","0.08232085406780243","0.07858425378799438","0.08515925705432892"
"1584","0.08335321396589279","0.07701438665390015","0.09421439468860626","0.1821998432278633","0.1651156097650528","0.19481687247753143","0.13694951434930167","0.12551502883434296","0.15219396352767944","0.08401860482990742","0.07748541235923767","0.09212730079889297","0.08395250514149666","0.07697689533233643","0.09455765783786774"
"1585","0.07829405553638935","0.07012269645929337","0.09104375541210175","0.1729411967098713","0.15934817492961884","0.18415795266628265","0.12370088199774425","0.11379799246788025","0.1392015516757965","0.07763608358800411","0.07026416063308716","0.09022817015647888","0.07790737971663475","0.07093143463134766","0.08934324979782104"
"1586","0.07522929832339287","0.0670711025595665","0.08077448606491089","0.16493139415979385","0.14655464887619019","0.17547005414962769","0.12227455029884975","0.11343283206224442","0.13338997960090637","0.07642363756895065","0.06726598739624023","0.08303658664226532","0.07574602030217648","0.06681804358959198","0.08194403350353241"
"1587","0.07760097272694111","0.0694684088230133","0.08882927894592285","0.17704741656780243","0.16790607571601868","0.18634073436260223","0.13172022501627603","0.12586534023284912","0.13665428757667542","0.07892353273928165","0.07065190374851227","0.08825556933879852","0.07883662730455399","0.07026414573192596","0.0901673287153244"
"1588","0.07643645256757736","0.07224585115909576","0.0801367461681366","0.16466932743787766","0.15936174988746643","0.1693764328956604","0.1283749540646871","0.12626022100448608","0.13156577944755554","0.077662518247962","0.07438048720359802","0.08002914488315582","0.07735830545425415","0.07388685643672943","0.08101066946983337"
"1589","0.07449846714735031","0.06693953275680542","0.08172735571861267","0.17184289172291756","0.16109484434127808","0.18419991433620453","0.1265270138780276","0.12068108469247818","0.13369259238243103","0.07459428533911705","0.06914260238409042","0.08125272393226624","0.07485893182456493","0.06831144541501999","0.08273542672395706"
"1590","0.07420025765895844","0.06605078279972076","0.08605282008647919","0.17610742524266243","0.1627529263496399","0.19979652762413025","0.1318345715602239","0.11763817071914673","0.1524035632610321","0.07661537826061249","0.06785610318183899","0.08899444341659546","0.07582490518689156","0.06713809072971344","0.08833096921443939"
"1591","0.07761752419173717","0.06570608168840408","0.0912686288356781","0.17552806064486504","0.1587265580892563","0.20356616377830505","0.11928176631530125","0.11158954352140427","0.1275741010904312","0.07774973101913929","0.06282363831996918","0.09301292151212692","0.077761584892869","0.06575219333171844","0.09128156304359436"
"1592","0.07589724473655224","0.0675872415304184","0.08713662624359131","0.17139838263392448","0.1677364856004715","0.17480260133743286","0.1298623283704122","0.11613677442073822","0.13859015703201294","0.07682213187217712","0.06787356734275818","0.085235096514225","0.0770367868244648","0.06831295788288116","0.087346650660038"
"1593","0.08099979534745216","0.07495862245559692","0.08385153114795685","0.17510808259248734","0.16259203851222992","0.18678845465183258","0.13001306851704916","0.11911918222904205","0.13682644069194794","0.0823881272226572","0.07355358451604843","0.08617214113473892","0.0824341457337141","0.074942447245121","0.08563441038131714"
"1594","0.07181353121995926","0.0677594542503357","0.074740931391716","0.16879503056406975","0.1603260338306427","0.1762678325176239","0.12105506658554077","0.11635246872901917","0.12397756427526474","0.07312900945544243","0.06705255806446075","0.07571682333946228","0.07312615215778351","0.06788575649261475","0.0757712870836258"
"1595","0.08308004029095173","0.0782434493303299","0.0894102156162262","0.17849703133106232","0.17498165369033813","0.1821145862340927","0.13411296407381693","0.13166558742523193","0.13645319640636444","0.08332367055118084","0.07738141715526581","0.09185069799423218","0.08330152742564678","0.07699689269065857","0.09056083112955093"
"1596","0.07179396040737629","0.06266365945339203","0.08005629479885101","0.16193946450948715","0.15471257269382477","0.1707722544670105","0.11738786349693935","0.10980057716369629","0.12530387938022614","0.07323725521564484","0.0646619200706482","0.08191338181495667","0.07255934737622738","0.06344199925661087","0.080879807472229"
"1597","0.08089028112590313","0.07022757083177567","0.09551592171192169","0.18154406175017357","0.15664850175380707","0.21718595921993256","0.13921951999266943","0.12325563281774521","0.16122734546661377","0.08166686445474625","0.07249756157398224","0.09330926835536957","0.0816857386380434","0.0714750736951828","0.09566249698400497"
"1598","0.08038206771016121","0.06853586435317993","0.09374956786632538","0.17847813665866852","0.1604447066783905","0.210822194814682","0.13619118928909302","0.11645174026489258","0.15875056385993958","0.08032234571874142","0.0708039253950119","0.09244227409362793","0.08042827807366848","0.0698242336511612","0.09147584438323975"
"1599","0.08067703433334827","0.06262566894292831","0.09131994843482971","0.17322558537125587","0.1528172791004181","0.1860925555229187","0.1355592409769694","0.1346910446882248","0.13640926778316498","0.08202945254743099","0.06308749318122864","0.09336508810520172","0.08134592231363058","0.06232285127043724","0.09246010333299637"
"1600","0.07822741195559502","0.06750811636447906","0.08765533566474915","0.18055567890405655","0.167015939950943","0.19582578539848328","0.13114096224308014","0.11906968057155609","0.1433323323726654","0.07973510585725307","0.06897449493408203","0.08975707739591599","0.07914575561881065","0.06837645918130875","0.0893779918551445"
"1601","0.07828843779861927","0.07015339285135269","0.08586691319942474","0.17068826779723167","0.15212233364582062","0.20284484326839447","0.1274775763352712","0.11844740808010101","0.14237365126609802","0.07848264835774899","0.07017917186021805","0.08583207428455353","0.07830630242824554","0.06984448432922363","0.08715420216321945"
"1602","0.0797174796462059","0.07227928936481476","0.08483386039733887","0.17892784252762794","0.16708916425704956","0.19344645738601685","0.1282273605465889","0.12012983113527298","0.13725467026233673","0.08152475208044052","0.0740688294172287","0.08810556679964066","0.08049971796572208","0.07234980165958405","0.08687315136194229"
"1603","0.07262265123426914","0.06877105683088303","0.0786755159497261","0.16025175899267197","0.1581849306821823","0.16361142694950104","0.12021275361378987","0.11618870496749878","0.12615858018398285","0.07413796335458755","0.07178782671689987","0.0779968798160553","0.07392219081521034","0.07080303132534027","0.07878020405769348"
"1604","0.07533510774374008","0.06950774788856506","0.08137519657611847","0.16996100917458534","0.15525664389133453","0.1874086856842041","0.12473945319652557","0.11355677247047424","0.13576900959014893","0.07518517039716244","0.06938734650611877","0.08042608201503754","0.07490179315209389","0.06831640750169754","0.0796436071395874"
"1605","0.07599509879946709","0.06441840529441833","0.08898141980171204","0.1770319752395153","0.15842336416244507","0.20831049978733063","0.12899223466714224","0.10886868834495544","0.1447773575782776","0.07780323177576065","0.0682547315955162","0.089179627597332","0.07759152166545391","0.06718239188194275","0.08908447623252869"
"1606","0.0804374497383833","0.07365444302558899","0.0869416818022728","0.17297102883458138","0.16332799196243286","0.1818324774503708","0.12724751234054565","0.12015592306852341","0.14022217690944672","0.08207251317799091","0.07464011013507843","0.0887526273727417","0.0815744400024414","0.07385416328907013","0.08823055773973465"
"1607","0.07396424561738968","0.06810248643159866","0.07855400443077087","0.16895901039242744","0.1614561825990677","0.1753491312265396","0.12540900707244873","0.11487490683794022","0.13717132806777954","0.07616510428488255","0.07099289447069168","0.0819530338048935","0.07497464679181576","0.0689752846956253","0.08071749657392502"
"1608","0.07500486448407173","0.06228606402873993","0.08358443528413773","0.1606254130601883","0.14445501565933228","0.1723499894142151","0.12628023823102316","0.12050065398216248","0.13016578555107117","0.07545410841703415","0.06384251266717911","0.08138742297887802","0.0756241399794817","0.06304268538951874","0.0847756490111351"
"1609","0.07763216830790043","0.06507264077663422","0.08661062270402908","0.17342443764209747","0.157181978225708","0.1848665177822113","0.1298221598068873","0.12582805752754211","0.1371089667081833","0.07853205688297749","0.06782305240631104","0.08743222802877426","0.07859086059033871","0.06711715459823608","0.08720330893993378"
"1610","0.08275179006159306","0.07280468195676804","0.09052035212516785","0.17734995484352112","0.1573244035243988","0.197383850812912","0.13934618731339773","0.12457270920276642","0.15393607318401337","0.08331522345542908","0.07119116187095642","0.09268781542778015","0.08300394006073475","0.07293781638145447","0.09206399321556091"
"1611","0.08570014126598835","0.07447080314159393","0.09442248195409775","0.1746624857187271","0.15894077718257904","0.1822630763053894","0.13456934690475464","0.11676143109798431","0.1439986675977707","0.0875420942902565","0.0754055604338646","0.09593117237091064","0.08671420067548752","0.07552239298820496","0.09530623257160187"
"1612","0.08031007833778858","0.06516966223716736","0.09612838178873062","0.18199748173356056","0.16006694734096527","0.20528937876224518","0.13925713300704956","0.11760370433330536","0.15386047959327698","0.08107518218457699","0.06604224443435669","0.09557925164699554","0.08116989769041538","0.06550917029380798","0.09741537272930145"
"1613","0.0736971665173769","0.06578727066516876","0.08227132260799408","0.1640225350856781","0.14651131629943848","0.18090727925300598","0.12014435480038325","0.11000560969114304","0.13349401950836182","0.07548620738089085","0.06745397299528122","0.08420652151107788","0.07459838688373566","0.06600513309240341","0.0834529846906662"
"1614","0.07946987822651863","0.06973552703857422","0.09315389394760132","0.17842191085219383","0.1679949164390564","0.20115050673484802","0.13137970119714737","0.11712723225355148","0.15066367387771606","0.08042310923337936","0.07166468352079391","0.09477405250072479","0.08032022416591644","0.0710064247250557","0.09415615350008011"
"1615","0.07906376384198666","0.07254540920257568","0.08870252221822739","0.16814105585217476","0.16074484586715698","0.17443054914474487","0.1316985289255778","0.12487785518169403","0.13855017721652985","0.08016646094620228","0.07681269943714142","0.0874100923538208","0.07998042739927769","0.07571768760681152","0.0887993723154068"
"1616","0.08054626546800137","0.07215103507041931","0.08874081075191498","0.17661809548735619","0.15819339454174042","0.19470883905887604","0.1350203404823939","0.12093108892440796","0.14941810071468353","0.0824835542589426","0.07165789604187012","0.09073860198259354","0.08145506121218204","0.07227445393800735","0.08997204899787903"
"1617","0.07295753993093967","0.06692354381084442","0.0765877291560173","0.17223423346877098","0.17122578620910645","0.1736004650592804","0.1225130632519722","0.12036580592393875","0.12498807907104492","0.0736197717487812","0.06994536519050598","0.07738522440195084","0.07350431010127068","0.06950154155492783","0.07682234793901443"
"1618","0.0806411411613226","0.07270567119121552","0.09362290799617767","0.17253094539046288","0.15468484163284302","0.19176708161830902","0.13212555150190988","0.113156259059906","0.14879442751407623","0.08235658332705498","0.0718318298459053","0.09737544506788254","0.08231438882648945","0.0734250545501709","0.09657946974039078"
"1619","0.07786543853580952","0.06758556514978409","0.08213083446025848","0.1710893139243126","0.15472382307052612","0.18339484930038452","0.13273987670739493","0.12997682392597198","0.136809840798378","0.07887450233101845","0.06843315064907074","0.08384113013744354","0.07863174192607403","0.06801595538854599","0.08290312439203262"
"1620","0.07820681110024452","0.07092586159706116","0.08744305372238159","0.1734469085931778","0.1653117537498474","0.19219785928726196","0.12716945509115854","0.11934231221675873","0.13626573979854584","0.07772683911025524","0.07171721011400223","0.08675148338079453","0.07809732481837273","0.07064328342676163","0.08855773508548737"
"1621","0.08269858174026012","0.0687575712800026","0.10029719769954681","0.17824969440698624","0.15670648217201233","0.20478960871696472","0.1331510196129481","0.11645007133483887","0.15349341928958893","0.08338009752333164","0.06795763224363327","0.1007460355758667","0.0834374725818634","0.06901589035987854","0.10140931606292725"
"1622","0.07861337810754776","0.07150087505578995","0.08586271852254868","0.17552165687084198","0.16474543511867523","0.18683230876922607","0.12786765396595","0.1232941597700119","0.1347707211971283","0.0804923065006733","0.07329106330871582","0.08731188625097275","0.07962636090815067","0.07164493203163147","0.0868559405207634"
"1623","0.08277683146297932","0.07534331828355789","0.09556291997432709","0.17642870172858238","0.16854900121688843","0.1915832906961441","0.13651656607786813","0.1296260803937912","0.14340391755104065","0.08444699086248875","0.07773292064666748","0.09650413691997528","0.08371678926050663","0.0770641639828682","0.09662449359893799"
"1624","0.07844552956521511","0.06299721449613571","0.08793231844902039","0.17396266385912895","0.15480586886405945","0.1885749101638794","0.12832127263148627","0.11084780842065811","0.13880711793899536","0.07892291806638241","0.06305158883333206","0.08859491348266602","0.07836404629051685","0.06265220046043396","0.0881127193570137"
"1625","0.07883570156991482","0.07660656422376633","0.08099564909934998","0.16926736384630203","0.1660534292459488","0.17463944852352142","0.12935923039913177","0.12688611447811127","0.13076628744602203","0.07953319884836674","0.07601259648799896","0.08248521387577057","0.07919777370989323","0.077410988509655","0.08047213405370712"
"1626","0.07681473903357983","0.06536811590194702","0.08801132440567017","0.17366644367575645","0.15785929560661316","0.19690100848674774","0.12625504533449808","0.11338359117507935","0.14501461386680603","0.07737718150019646","0.06678657233715057","0.08857923746109009","0.07686358690261841","0.06649278104305267","0.08809411525726318"
"1627","0.08578832447528839","0.0810219794511795","0.09066562354564667","0.18271757662296295","0.17712417244911194","0.18980416655540466","0.1371122101942698","0.13558736443519592","0.13881108164787292","0.08600341714918613","0.08090846240520477","0.09125646948814392","0.08580518327653408","0.08038738369941711","0.09081179648637772"
"1628","0.06645266804844141","0.06051856279373169","0.07288417220115662","0.15778649598360062","0.14624685049057007","0.16672994196414948","0.10872880866130193","0.1033361405134201","0.11401267349720001","0.06789897195994854","0.06095094978809357","0.07554502785205841","0.06792373396456242","0.06136225163936615","0.07462332397699356"
"1629","0.0803462602198124","0.07379409670829773","0.0897216945886612","0.17226038128137589","0.15922535955905914","0.19095316529273987","0.1316151519616445","0.12124472856521606","0.13754332065582275","0.08137371949851513","0.07587073743343353","0.0889836996793747","0.08100898191332817","0.07395053654909134","0.0909842699766159"
"1630","0.0750515777617693","0.06763257086277008","0.08532281219959259","0.16781221330165863","0.1578044891357422","0.1747918426990509","0.12298183888196945","0.11624637991189957","0.1277233213186264","0.07491512782871723","0.06730188429355621","0.08540530502796173","0.07516778446733952","0.06666111946105957","0.08642536401748657"
"1631","0.07705705799162388","0.07003790140151978","0.08597435057163239","0.1660967543721199","0.15680521726608276","0.18154370784759521","0.11531816919644673","0.1141025722026825","0.11699993908405304","0.07882428541779518","0.07113079726696014","0.0910339429974556","0.07852807268500328","0.07052284479141235","0.09002414345741272"
"1632","0.08426384069025517","0.0728546679019928","0.09327209740877151","0.17980284243822098","0.16336163878440857","0.19055086374282837","0.12790276855230331","0.1151091679930687","0.13486440479755402","0.08596045337617397","0.07425577938556671","0.09536827355623245","0.08572418242692947","0.07387413084506989","0.09399332106113434"
"1633","0.0796947255730629","0.0755905956029892","0.08377745747566223","0.171845193952322","0.161655455827713","0.18745064735412598","0.12711144238710403","0.12091172486543655","0.1375170350074768","0.0808352380990982","0.07759149372577667","0.08387819677591324","0.08031563460826874","0.0768619030714035","0.08334663510322571"
"1634","0.07834429293870926","0.06321821361780167","0.08794756978750229","0.17843156680464745","0.15755505859851837","0.19431480765342712","0.12610324968894324","0.1116480752825737","0.1458962857723236","0.07912820018827915","0.06496422737836838","0.08730455487966537","0.07917924411594868","0.06446512043476105","0.08818985521793365"
"1635","0.0803033709526062","0.06425412744283676","0.09263929724693298","0.17598065733909607","0.15819823741912842","0.20177249610424042","0.1363652174671491","0.11840645223855972","0.14977434277534485","0.08041440695524216","0.06687019765377045","0.0932089239358902","0.08115538954734802","0.06620395183563232","0.09282355010509491"
"1636","0.07874919567257166","0.061893295496702194","0.08881517499685287","0.17257679626345634","0.15316541492938995","0.19323304295539856","0.13408771653970084","0.11757001280784607","0.14853474497795105","0.08034087903797626","0.06435834616422653","0.09032907336950302","0.07995792850852013","0.0634676069021225","0.08983884751796722"
"1637","0.07235335372388363","0.06573805212974548","0.07522208988666534","0.16042610257863998","0.1525946706533432","0.1670849621295929","0.12168891231218974","0.11559510976076126","0.12674617767333984","0.0740558635443449","0.06729061901569366","0.07709615677595139","0.07298438809812069","0.06575605273246765","0.0763184130191803"
"1638","0.08668182417750359","0.07851630449295044","0.10016204416751862","0.18512452393770218","0.17222672700881958","0.21058253943920135","0.13969345887502035","0.12606045603752136","0.1623455286026001","0.08831939660012722","0.08046570420265198","0.10315971821546555","0.08814934082329273","0.07979507744312286","0.10232734680175781"
"1639","0.08430711552500725","0.07486109435558319","0.09512774646282196","0.17866374924778938","0.16646437346935272","0.1937192976474762","0.13041477650403976","0.12127435952425003","0.14039066433906555","0.08601070754230022","0.07418191432952881","0.09853921830654144","0.08529484272003174","0.07504640519618988","0.09646885842084885"
"1640","0.08796940185129642","0.07500916719436646","0.10224409401416779","0.17922696098685265","0.16653841733932495","0.1931697577238083","0.1369592845439911","0.12191168963909149","0.15064555406570435","0.08935260586440563","0.08016963303089142","0.10157130658626556","0.08950185962021351","0.07985325157642365","0.102208711206913"
"1641","0.08832421898841858","0.07872124016284943","0.09713861346244812","0.18308039754629135","0.16705334186553955","0.1930391788482666","0.1443974773089091","0.13766786456108093","0.15655791759490967","0.08896640688180923","0.07863083481788635","0.0974966287612915","0.08825568854808807","0.07832661271095276","0.09742678701877594"
"1642","0.07521688379347324","0.06596419215202332","0.08813722431659698","0.17216966673731804","0.15489551424980164","0.19785219430923462","0.1201595738530159","0.11555793136358261","0.12804338335990906","0.07785083167254925","0.06851185858249664","0.09071135520935059","0.07660892605781555","0.0661105215549469","0.08980213105678558"
"1643","0.07521465048193932","0.06994467973709106","0.08398982882499695","0.166815597563982","0.1550271213054657","0.18626150488853455","0.12629465758800507","0.11854799091815948","0.13392703235149384","0.0772821418941021","0.07305211573839188","0.08656816184520721","0.07648361660540104","0.07207972556352615","0.08533409237861633"
"1644","0.07754664123058319","0.07061032205820084","0.08407348394393921","0.17414861172437668","0.16543610394001007","0.18653804063796997","0.12594080219666162","0.11847541481256485","0.13672515749931335","0.07973294332623482","0.07412376254796982","0.08637804538011551","0.07941574789583683","0.07407888025045395","0.08545368909835815"
"1645","0.07927763275802135","0.07061360776424408","0.08441172540187836","0.17195752263069153","0.16363704204559326","0.18001924455165863","0.12314606706301372","0.11652982234954834","0.12764334678649902","0.08050909452140331","0.07314889132976532","0.08598972856998444","0.07968351617455482","0.07146019488573074","0.08503896743059158"
"1646","0.07418832741677761","0.06791926920413971","0.08646565675735474","0.16633053123950958","0.14781132340431213","0.2017907202243805","0.11371437708536784","0.10973610728979111","0.11834347248077393","0.07570795714855194","0.06831631064414978","0.09104863554239273","0.07514766603708267","0.06813490390777588","0.0895543098449707"
"1647","0.07902678288519382","0.07613102346658707","0.08119791001081467","0.1764620505273342","0.16960734128952026","0.1854223608970642","0.12996254116296768","0.12371920794248581","0.13462761044502258","0.0798332579433918","0.07708043605089188","0.08453254401683807","0.08001774549484253","0.07634806632995605","0.08382454514503479"
"1648","0.0854498278349638","0.07680734992027283","0.09724057465791702","0.17876379191875458","0.1679796278476715","0.19027552008628845","0.1339906950791677","0.12130606174468994","0.1445467621088028","0.08676165156066418","0.07549422979354858","0.09852052479982376","0.08687476627528667","0.07714757323265076","0.09870607405900955"
"1649","0.08247863687574863","0.07730789482593536","0.0887490063905716","0.1774730049073696","0.16835251450538635","0.18582846224308014","0.1310348610083262","0.1184510737657547","0.14089904725551605","0.0829522218555212","0.07785780727863312","0.08909175544977188","0.08284086175262928","0.07770398259162903","0.08855744451284409"
"1650","0.06864184513688087","0.05547458678483963","0.0786346048116684","0.16150729730725288","0.14171113073825836","0.17705148458480835","0.11171294748783112","0.09892456978559494","0.120578832924366","0.06870135758072138","0.05506281927227974","0.0798354521393776","0.0682684751227498","0.05574190244078636","0.07881949841976166"
"1651","0.07812892459332943","0.05166710168123245","0.0974438488483429","0.16887585818767548","0.13675829768180847","0.1920125037431717","0.13444762428601584","0.1241922676563263","0.14556731283664703","0.07924758084118366","0.055180273950099945","0.09840673208236694","0.07982354611158371","0.05445507913827896","0.09916079044342041"
"1652","0.07779735699295998","0.0649077445268631","0.0877215638756752","0.16410846635699272","0.14773203432559967","0.17852570116519928","0.12367610136667888","0.10519929230213165","0.13910025358200073","0.07924604788422585","0.06692970544099808","0.0897483229637146","0.07875246182084084","0.06594367325305939","0.08905589580535889"
"1653","0.08241735026240349","0.06236759573221207","0.09109481424093246","0.1827075555920601","0.15111875534057617","0.19605481624603271","0.14368836085001627","0.1385287344455719","0.14633314311504364","0.08288097381591797","0.06496745347976685","0.09294866025447845","0.0828268714249134","0.06423071771860123","0.0913538783788681"
"1654","0.08055480755865574","0.06746669858694077","0.09490818530321121","0.18143483623862267","0.15718942880630493","0.2061212658882141","0.1269110987583796","0.11162015795707703","0.14251808822155","0.082205506041646","0.06729473918676376","0.09679464995861053","0.08173605985939503","0.0675683468580246","0.09530316293239594"
"1655","0.07434292882680893","0.06643465906381607","0.08060649037361145","0.16792136803269386","0.15680740773677826","0.17673669755458832","0.12004474798838298","0.11680260300636292","0.12467321008443832","0.0736075658351183","0.06753545254468918","0.0786997377872467","0.0743933878839016","0.06705279648303986","0.08087038993835449"
"1656","0.08050251007080078","0.06872518360614777","0.08521918952465057","0.17420564219355583","0.15678158402442932","0.18633507192134857","0.12811200320720673","0.11883305013179779","0.13304413855075836","0.08194124884903431","0.07065428048372269","0.08616718649864197","0.0812829565256834","0.07028498500585556","0.08534049987792969"
"1657","0.0794585645198822","0.07444877922534943","0.08449092507362366","0.1717950776219368","0.16317516565322876","0.17837557196617126","0.1282483140627543","0.11976692080497742","0.13538478314876556","0.0809728130698204","0.07705637812614441","0.0842481255531311","0.08040996827185154","0.07568180561065674","0.08483476936817169"
"1658","0.07105107605457306","0.06225094199180603","0.08060778677463531","0.1634797267615795","0.1494067907333374","0.17524905502796173","0.11499540507793427","0.10870211571455002","0.12514859437942505","0.07277928479015827","0.06432878971099854","0.08224369585514069","0.07189874351024628","0.06373897194862366","0.08110231161117554"
"1659","0.0786548051983118","0.07424098998308182","0.08878915011882782","0.17140578106045723","0.1581767499446869","0.1914072185754776","0.1238202154636383","0.11867959052324295","0.12867188453674316","0.08001607470214367","0.07458607852458954","0.0908784493803978","0.07954565435647964","0.07442528009414673","0.08986788988113403"
"1660","0.07567539438605309","0.06500536948442459","0.08920072019100189","0.16470970958471298","0.15408644080162048","0.17765548825263977","0.1263835628827413","0.11229746043682098","0.14090022444725037","0.07661135494709015","0.06717199832201004","0.08827079087495804","0.07552995532751083","0.06595160812139511","0.08730849623680115"
"1661","0.07315748557448387","0.06764473766088486","0.07831047475337982","0.1684909462928772","0.1613028645515442","0.1745195835828781","0.11999371896187465","0.11363585293292999","0.12782315909862518","0.07447312399744987","0.06909511238336563","0.07977735251188278","0.07388747297227383","0.06879345327615738","0.0788673609495163"
"1662","0.08525960333645344","0.07775948941707611","0.0887453630566597","0.18312624469399452","0.17310644686222076","0.1909279227256775","0.12969941894213358","0.12221506237983704","0.1344665288925171","0.08714941330254078","0.08247388899326324","0.09105578064918518","0.08571129851043224","0.07865986227989197","0.08989245444536209"
"1663","0.07449734956026077","0.0683361142873764","0.07942309230566025","0.16849949583411217","0.1602470725774765","0.17548009753227234","0.12082322438557942","0.11284348368644714","0.12811577320098877","0.07699708454310894","0.06985241174697876","0.08448785543441772","0.07611463963985443","0.06923215091228485","0.08359494805335999"
"1664","0.06936682667583227","0.05753372982144356","0.08094462007284164","0.1596667617559433","0.1450624167919159","0.18136361241340637","0.11960628380378087","0.10794112086296082","0.13029411435127258","0.07076539192348719","0.058188166469335556","0.08225472271442413","0.06986981071531773","0.0574832484126091","0.08152042329311371"
"1665","0.07636204920709133","0.07110371440649033","0.08506365120410919","0.16282764449715614","0.15655077993869781","0.17869602143764496","0.12176505476236343","0.11333313584327698","0.13348151743412018","0.07730661146342754","0.0710616409778595","0.08703295886516571","0.0774694699794054","0.0722569078207016","0.08663669973611832"
"1666","0.08706772141158581","0.07767930626869202","0.09707477688789368","0.1840451918542385","0.16876693069934845","0.1952923834323883","0.1338724891344706","0.12301425635814667","0.14532947540283203","0.08768915757536888","0.07940956205129623","0.09632755815982819","0.08742546662688255","0.07848285883665085","0.09517332166433334"
"1667","0.07898884080350399","0.06384946405887604","0.09241288900375366","0.17206468433141708","0.14837117493152618","0.2036082148551941","0.12433620542287827","0.10464552789926529","0.1448090374469757","0.08021916821599007","0.06428412348031998","0.0937248170375824","0.07971481420099735","0.06398279964923859","0.09387803077697754"
"1668","0.08459502272307873","0.08140582591295242","0.08753490447998047","0.18108843639492989","0.17038469016551971","0.1921490728855133","0.13274099429448447","0.12760019302368164","0.14173623919487","0.08628329448401928","0.08364122360944748","0.08820752054452896","0.08534959889948368","0.08309336006641388","0.08768417686223984"
"1669","0.07737206947058439","0.060742851346731186","0.09514635801315308","0.17070206999778748","0.15164294838905334","0.20464551448822021","0.13082864383856455","0.10753084719181061","0.1559659242630005","0.07844440639019012","0.0642876923084259","0.09853508323431015","0.07906348444521427","0.06349518895149231","0.09796592593193054"
"1670","0.0731721743941307","0.0673200711607933","0.07778539508581161","0.16655970364809036","0.1545318365097046","0.17685723304748535","0.12719575067361197","0.11930333077907562","0.13614889979362488","0.07416691072285175","0.0683821588754654","0.07720283418893814","0.07392983138561249","0.06795725971460342","0.07791749387979507"
"1671","0.07496692426502705","0.07101708650588989","0.0837300717830658","0.16744987666606903","0.15854313969612122","0.18530046939849854","0.1258235201239586","0.11386913806200027","0.14253419637680054","0.07513592019677162","0.07126536965370178","0.08461648225784302","0.07524560950696468","0.07047977298498154","0.08412100374698639"
"1672","0.07794400304555893","0.06258490681648254","0.09308800846338272","0.16821574047207832","0.14813575148582458","0.19148796796798706","0.1326296329498291","0.10576793551445007","0.15258827805519104","0.07809319719672203","0.06434845179319382","0.09408580511808395","0.07849922403693199","0.0635531097650528","0.09357057511806488"
"1673","0.08173118904232979","0.06695089489221573","0.08976241201162338","0.18391888961195946","0.17020760476589203","0.19744059443473816","0.12682152539491653","0.1132417842745781","0.14084261655807495","0.08282406814396381","0.06767842173576355","0.09050305187702179","0.08229722641408443","0.06731497496366501","0.08981464803218842"
"1674","0.07702536508440971","0.07317598909139633","0.08395679295063019","0.1724538318812847","0.17131257057189941","0.17343461513519287","0.12621910373369852","0.12237897515296936","0.12943297624588013","0.07790458388626575","0.0722787007689476","0.08683053404092789","0.07719049043953419","0.07181912660598755","0.08531391620635986"
"1675","0.08016032353043556","0.0672723650932312","0.0994512140750885","0.18056920170783997","0.15463680028915405","0.23138542473316193","0.12389933566252391","0.11152781546115875","0.13191403448581696","0.08112401701509953","0.06828337907791138","0.10106699913740158","0.08068918436765671","0.06831111758947372","0.09945434331893921"
"1676","0.0787104107439518","0.07480312883853912","0.08652506023645401","0.17361649498343468","0.1634339690208435","0.1998414695262909","0.1305329700311025","0.1263093650341034","0.13821619749069214","0.07928179949522018","0.07585553824901581","0.08657868206501007","0.07946803793311119","0.07485859841108322","0.08781449496746063"
"1677","0.07922150567173958","0.07547888159751892","0.08534550666809082","0.17216765135526657","0.16745822131633759","0.18228688836097717","0.12281336138645808","0.12193320691585541","0.1243140697479248","0.07963310740888119","0.0741247832775116","0.08829504996538162","0.079817621037364","0.07564614713191986","0.08709947764873505"
"1678","0.08094485476613045","0.07710765302181244","0.08918888121843338","0.1682620570063591","0.16181680560112","0.17961296439170837","0.12892475724220276","0.12300866842269897","0.13208384811878204","0.08207032643258572","0.07656116783618927","0.09019435197114944","0.08177395537495613","0.07733352482318878","0.0902763307094574"
"1679","0.07360749132931232","0.059940747916698456","0.09461376070976257","0.16386458277702332","0.13630875945091248","0.20200791954994202","0.12124809622764587","0.09696511924266815","0.14480437338352203","0.07407223433256149","0.06096755713224411","0.09496887028217316","0.07372413203120232","0.06044302135705948","0.09484773129224777"
"1680","0.07708862237632275","0.07184130698442459","0.0822795182466507","0.17964428290724754","0.15606823563575745","0.18925347924232483","0.12120795498291652","0.11191941052675247","0.1306528002023697","0.07681413739919662","0.07017918676137924","0.08254853636026382","0.07741527631878853","0.07278494536876678","0.08243861049413681"
"1681","0.08577514998614788","0.06967463344335556","0.10274109989404678","0.17644038423895836","0.15210381150245667","0.19825968146324158","0.1397367169459661","0.12543058395385742","0.15353423357009888","0.08661406859755516","0.0724528357386589","0.10277851670980453","0.08674445189535618","0.07140965014696121","0.10302895307540894"
"1682","0.0769739281386137","0.058994442224502563","0.09341166168451309","0.17490586265921593","0.14854548871517181","0.204946830868721","0.129207414885362","0.09711683541536331","0.14888256788253784","0.07855845242738724","0.059822000563144684","0.09532880783081055","0.07798154186457396","0.05991845205426216","0.09476004540920258"
"1683","0.08139676414430141","0.06910041719675064","0.09871150553226471","0.17672153934836388","0.1560894250869751","0.2050561159849167","0.13483142852783203","0.1133790910243988","0.1540599763393402","0.08178393915295601","0.0691811665892601","0.09987660497426987","0.08183337934315205","0.06872899830341339","0.10017850995063782"
"1684","0.08572084829211235","0.07638531178236008","0.09634153544902802","0.18199565261602402","0.1645974963903427","0.19563663005828857","0.1333168422182401","0.12322772294282913","0.14422696828842163","0.0874282568693161","0.07723173499107361","0.09920007735490799","0.08648883365094662","0.07665432244539261","0.09771251678466797"
"1685","0.07695826143026352","0.06961631774902344","0.0859140008687973","0.16771503537893295","0.1543700098991394","0.1810309886932373","0.1196465144554774","0.1116599440574646","0.13402460515499115","0.07739323377609253","0.06849285960197449","0.08735476434230804","0.07785042375326157","0.07031019777059555","0.08698324114084244"
"1686","0.07546417601406574","0.06763774156570435","0.08626411110162735","0.16679507493972778","0.1596517264842987","0.17828243970870972","0.12320440262556076","0.1132630780339241","0.13405555486679077","0.07594693452119827","0.06823620945215225","0.08364783972501755","0.07607366889715195","0.06781076639890671","0.0866122618317604"
"1687","0.08019560016691685","0.07217536121606827","0.08944618701934814","0.1773911416530609","0.16172826290130615","0.19155320525169373","0.13338141640027365","0.12178085744380951","0.1411130726337433","0.08322443626821041","0.07464626431465149","0.09290199726819992","0.08173409476876259","0.07237698137760162","0.09094048291444778"
"1688","0.08605603687465191","0.077778160572052","0.09315423667430878","0.1821194738149643","0.17528808116912842","0.18747693300247192","0.13290065030256906","0.12310642004013062","0.1386101096868515","0.08746040612459183","0.07712949067354202","0.09617630392313004","0.08711383864283562","0.0779000073671341","0.09504906833171844"
"1689","0.08047591522336006","0.07237213850021362","0.08643749356269836","0.1766325943171978","0.1544611155986786","0.18965478241443634","0.130307175219059","0.11487262696027756","0.13815146684646606","0.08265122584998608","0.07279594242572784","0.089960977435112","0.0811309814453125","0.07236485183238983","0.08777056634426117"
"1690","0.07944818027317524","0.0731993168592453","0.08550594747066498","0.1766410656273365","0.15796923637390137","0.18911242485046387","0.12796210000912348","0.11894828826189041","0.13663697242736816","0.07978960126638412","0.07371404021978378","0.08616045117378235","0.0800999291241169","0.07270101457834244","0.08686552196741104"
"1691","0.08911764249205589","0.07960954308509827","0.0988987386226654","0.18596407026052475","0.17290569841861725","0.19804374873638153","0.14383564392725626","0.1343301385641098","0.1503104865550995","0.09090355969965458","0.0816514864563942","0.09992098808288574","0.09022560901939869","0.08043169230222702","0.1003253161907196"
"1692","0.07839238829910755","0.0703977569937706","0.09578071534633636","0.17409764975309372","0.1623983085155487","0.19744732975959778","0.1314690038561821","0.1225864440202713","0.1489059329032898","0.07999765686690807","0.07172973453998566","0.0964202731847763","0.07949031330645084","0.07041295617818832","0.09699653089046478"
"1693","0.07989152707159519","0.07408897578716278","0.08754494041204453","0.1783790923655033","0.16341152787208557","0.19558776915073395","0.12994575003782907","0.11394338309764862","0.14443832635879517","0.081222303211689","0.07463419437408447","0.09016989171504974","0.08054335415363312","0.075172558426857","0.08937089890241623"
"1695","0.08015872910618782","0.07507175207138062","0.08847066760063171","0.1759682260453701","0.1659892350435257","0.19016548991203308","0.1322239637374878","0.12812218070030212","0.14030730724334717","0.0814481321722269","0.07818476855754852","0.08685608953237534","0.08140742965042591","0.07760664075613022","0.0887170135974884"
"1696","0.07889059744775295","0.07082191109657288","0.0868479311466217","0.16780711337924004","0.15178218483924866","0.1802884042263031","0.1303804616133372","0.12639015913009644","0.1347060650587082","0.07925780676305294","0.07117833942174911","0.08762694895267487","0.07937389425933361","0.07008379697799683","0.08689320832490921"
"1697","0.08076208457350731","0.07334981858730316","0.09026829898357391","0.17116421833634377","0.1560717225074768","0.18709735572338104","0.12473194301128387","0.1109360009431839","0.14109566807746887","0.08077803999185562","0.07275579869747162","0.08919510990381241","0.08102912083268166","0.07419100403785706","0.09031762927770615"
"1698","0.08107195049524307","0.07161038368940353","0.09887760877609253","0.17303375527262688","0.16044189035892487","0.18864712119102478","0.12760982165733972","0.11484337598085403","0.14822670817375183","0.08223248273134232","0.07273183017969131","0.10044272243976593","0.08202239125967026","0.07206651568412781","0.10013732314109802"
"1699","0.08248931542038918","0.07567628473043442","0.08766298741102219","0.17706994339823723","0.16602438688278198","0.1896807700395584","0.1333522746960322","0.12591801583766937","0.13877543807029724","0.08323902077972889","0.07583992183208466","0.09065475314855576","0.0829298384487629","0.07539764046669006","0.08871883153915405"
"1700","0.08089300990104675","0.07327285408973694","0.087605319917202","0.17264467105269432","0.16137012839317322","0.18431536853313446","0.120699276526769","0.11368203163146973","0.13010720908641815","0.0819836724549532","0.07513328641653061","0.08920958638191223","0.08103116601705551","0.07449564337730408","0.0877704843878746"
"1701","0.08158526569604874","0.07771071046590805","0.08449753373861313","0.1767808198928833","0.1655796319246292","0.18752315640449524","0.1275197962919871","0.12643340229988098","0.12822914123535156","0.08283992670476437","0.08029184490442276","0.08800215274095535","0.08318500407040119","0.08022167533636093","0.08704780042171478"
"1702","0.08223394677042961","0.07709422707557678","0.09170091152191162","0.17242146283388138","0.1620168387889862","0.18266040086746216","0.12681391586860022","0.12158045917749405","0.13172049820423126","0.08267934992909431","0.07744024693965912","0.0919402539730072","0.08240828104317188","0.07722292095422745","0.09109441936016083"
"1703","0.08581521734595299","0.08001121878623962","0.08947499096393585","0.18172983080148697","0.16971227526664734","0.1953856199979782","0.13084402680397034","0.12729336321353912","0.13629800081253052","0.08732256107032299","0.08195233345031738","0.09035485982894897","0.08667374588549137","0.08151854574680328","0.08958934247493744"
"1704","0.08373695239424706","0.07092966884374619","0.09580190479755402","0.17944815382361412","0.15918585658073425","0.19761964678764343","0.1234480341275533","0.11470299959182739","0.1332755982875824","0.08369733951985836","0.06935013830661774","0.09666970372200012","0.08393361419439316","0.07212383300065994","0.09537868946790695"
"1705","0.07388533838093281","0.06768109649419785","0.08240608870983124","0.16652420163154602","0.15810033679008484","0.1758599877357483","0.12285393724838893","0.11870250850915909","0.12768793106079102","0.07648538053035736","0.07081841677427292","0.08299899846315384","0.07556126452982426","0.06985782086849213","0.08259036391973495"
"1706","0.08409463614225388","0.07800509035587311","0.08719953894615173","0.178245410323143","0.1652919203042984","0.19829605519771576","0.13151919345060983","0.1259354203939438","0.14127907156944275","0.08490687608718872","0.07708097994327545","0.08936300873756409","0.08479747176170349","0.07802054286003113","0.08831814676523209"
"1707","0.08201747201383114","0.07499627023935318","0.09097793698310852","0.17370756715536118","0.1629568338394165","0.19122594594955444","0.12928265581528345","0.12172941118478775","0.13925836980342865","0.08172898553311825","0.07535868883132935","0.09141692519187927","0.08210644125938416","0.07447999715805054","0.09069092571735382"
"1708","0.07912622950971127","0.0737588107585907","0.08945148438215256","0.16513990610837936","0.1568858027458191","0.1840709149837494","0.1248147264122963","0.11650104075670242","0.13528943061828613","0.08005039021372795","0.07409993559122086","0.09006372839212418","0.07980626448988914","0.07392245531082153","0.09068847447633743"
"1709","0.07668901979923248","0.07332608103752136","0.08252457529306412","0.16514040902256966","0.15771153569221497","0.1739678680896759","0.12396328151226044","0.11975498497486115","0.12997674942016602","0.07783845253288746","0.07259484380483627","0.08520277589559555","0.07735060527920723","0.07374819368124008","0.0840044915676117"
"1710","0.0775003656744957","0.06720875203609467","0.08908164501190186","0.16857028007507324","0.15436094999313354","0.17835591733455658","0.12676534553368887","0.1233786791563034","0.1318824291229248","0.07796317711472511","0.06768164038658142","0.0897362008690834","0.07796439528465271","0.06690056622028351","0.09000283479690552"
"1711","0.08189836889505386","0.0743739902973175","0.09311173856258392","0.176595788449049","0.16101154685020447","0.19758862257003784","0.1311342716217041","0.11922752857208252","0.14901359379291534","0.08256552368402481","0.07520690560340881","0.09250535070896149","0.08181858249008656","0.07468000054359436","0.0934433788061142"
"1712","0.07445515505969524","0.06590826064348221","0.07845078408718109","0.1702832356095314","0.15784895420074463","0.17872166633605957","0.12291778872410457","0.10944495350122452","0.13081970810890198","0.07577108405530453","0.06987611204385757","0.07904357463121414","0.07501666620373726","0.06692492216825485","0.0785469263792038"
"1713","0.07979683205485344","0.07375970482826233","0.08383595198392868","0.17163421586155891","0.15841425955295563","0.180757075548172","0.12722931057214737","0.11879656463861465","0.1355288028717041","0.0804575365036726","0.07359227538108826","0.08484188467264175","0.08004830777645111","0.07395537197589874","0.08441046625375748"
"1714","0.07812446728348732","0.06845857203006744","0.08698317408561707","0.1735064461827278","0.1654817759990692","0.18410277366638184","0.12820385893185934","0.12173475325107574","0.13245466351509094","0.07859697192907333","0.07190589606761932","0.08860431611537933","0.0787162147462368","0.07093190401792526","0.08813612908124924"
"1715","0.07388431392610073","0.06759612262248993","0.0815616175532341","0.16446299105882645","0.15539629757404327","0.1753276288509369","0.11310327301422755","0.10607616603374481","0.11706339567899704","0.07565677538514137","0.06716863811016083","0.08474652469158173","0.07494400441646576","0.06770196557044983","0.0837034061551094"
"1716","0.07632624171674252","0.07366407662630081","0.08125755190849304","0.17310313135385513","0.16871732473373413","0.1849595010280609","0.1224542111158371","0.11984647065401077","0.12463743984699249","0.07744034565985203","0.07449084520339966","0.08302745223045349","0.07692166604101658","0.07405461370944977","0.08220218122005463"
"1717","0.09041602350771427","0.06928319483995438","0.10855329036712646","0.19281674548983574","0.16221003234386444","0.22384314239025116","0.15256782869497934","0.13003410398960114","0.17020870745182037","0.09187145717442036","0.07045704126358032","0.1091807633638382","0.09205707348883152","0.06953556835651398","0.1102210283279419"
"1718","0.07466267794370651","0.07091280817985535","0.08296020328998566","0.16064303740859032","0.1527385413646698","0.166107639670372","0.12020055949687958","0.11376307904720306","0.12929871678352356","0.07551356963813305","0.07246489077806473","0.08276340365409851","0.07533340342342854","0.0715266689658165","0.08313992619514465"
"1719","0.07899958826601505","0.06739982217550278","0.09022524952888489","0.17132926359772682","0.15744727849960327","0.18629731237888336","0.12287730971972148","0.10962541401386261","0.1370278149843216","0.08053219318389893","0.06896775960922241","0.09393526613712311","0.07988068833947182","0.0684494823217392","0.09273049235343933"
"1720","0.07602793350815773","0.06832700967788696","0.08563034236431122","0.1662837415933609","0.1521798074245453","0.17965185642242432","0.11968119939168294","0.10678819566965103","0.13184919953346252","0.0767622385174036","0.0694722980260849","0.08584947884082794","0.0763016939163208","0.06901330500841141","0.08568867295980453"
"1721","0.07775658741593361","0.074386365711689","0.08165702223777771","0.16336407884955406","0.1616474688053131","0.16493386030197144","0.12218733380238216","0.11758218705654144","0.1258184164762497","0.07891512103378773","0.07668139040470123","0.08135741204023361","0.07848087884485722","0.0754544734954834","0.08177454769611359"
"1722","0.0784195214509964","0.0708358883857727","0.08569410443305969","0.16805442795157433","0.15429608523845673","0.18037891387939453","0.12873323758443198","0.11808523535728455","0.13539651036262512","0.07777848467230797","0.07078278064727783","0.08293478190898895","0.0787749383598566","0.07044217735528946","0.08596514165401459"
"1723","0.08084364794194698","0.06877924501895905","0.09605519473552704","0.16964781656861305","0.15704099833965302","0.18743982911109924","0.12522782882054648","0.1108877956867218","0.14713315665721893","0.08018360286951065","0.06843428313732147","0.09415797144174576","0.0800484698265791","0.06947118043899536","0.0937451496720314"
"1724","0.08203347399830818","0.07755790650844574","0.0878719836473465","0.1770918145775795","0.16326972842216492","0.1875765174627304","0.13428540031115213","0.12640416622161865","0.14757055044174194","0.0833583902567625","0.07727576792240143","0.08900748193264008","0.0824012290686369","0.07646575570106506","0.08794118463993073"
"1725","0.08315212838351727","0.07738179713487625","0.08841747045516968","0.17898162454366684","0.170180082321167","0.19220751523971558","0.1356200228134791","0.1309698075056076","0.13866762816905975","0.08469078876078129","0.07646453380584717","0.0915089026093483","0.08433610945940018","0.07742195576429367","0.09070606529712677"
"1726","0.08052306436002254","0.06904084980487823","0.08929839730262756","0.16966919600963593","0.14897315204143524","0.18478575348854065","0.12194682161013286","0.1081542819738388","0.13489241898059845","0.08221978135406971","0.06863433867692947","0.09120064973831177","0.08116884902119637","0.0691215917468071","0.0902240127325058"
"1727","0.08352061919867992","0.07102128118276596","0.10449819266796112","0.1839318759739399","0.1602650284767151","0.2283395230770111","0.12170428534348805","0.11632949113845825","0.12654559314250946","0.0835461039096117","0.07026037573814392","0.1043953076004982","0.08317014947533607","0.06984671950340271","0.10311800241470337"
"1728","0.07981670089066029","0.07283460348844528","0.08614236861467361","0.17354289069771767","0.15900155901908875","0.18797282874584198","0.12796874095996222","0.12115819752216339","0.13991373777389526","0.07967489957809448","0.07377222180366516","0.08523555099964142","0.08014665357768536","0.07345239073038101","0.0864250510931015"
"1729","0.08448671363294125","0.07679412513971329","0.09645738452672958","0.17943542450666428","0.16702648997306824","0.193562850356102","0.13598189502954483","0.12461239844560623","0.15370094776153564","0.0868577528744936","0.07872065901756287","0.09701062738895416","0.08561164326965809","0.07843491435050964","0.09643204510211945"
"1730","0.07946762070059776","0.06622219830751419","0.094692163169384","0.18107420206069946","0.1590631604194641","0.20439937710762024","0.12407841285069783","0.11335916817188263","0.1431684046983719","0.08075550943613052","0.06956277042627335","0.09618911147117615","0.08058184199035168","0.06925716996192932","0.09508468955755234"
"1731","0.07886042445898056","0.073203444480896","0.08446385711431503","0.177329383790493","0.1706080138683319","0.18542659282684326","0.12472688406705856","0.12026820331811905","0.12899528443813324","0.07971655949950218","0.07225784659385681","0.08662720769643784","0.07948307320475578","0.07343193888664246","0.0856972485780716"
"1732","0.08019615150988102","0.07402010262012482","0.08346188813447952","0.1739628054201603","0.15812933444976807","0.1817164421081543","0.13054629663626352","0.12409307062625885","0.1381792426109314","0.08202130533754826","0.07462470233440399","0.08639512211084366","0.082337761297822","0.07408639788627625","0.08943558484315872"
"1733","0.08095497824251652","0.07466477155685425","0.08566396683454514","0.1737659014761448","0.15889938175678253","0.18844684958457947","0.12912391622861227","0.12029853463172913","0.13398663699626923","0.08253142237663269","0.07567218691110611","0.08723871409893036","0.08234850130975246","0.07525327801704407","0.0867537409067154"
"1734","0.07639026269316673","0.06727181375026703","0.08033717423677444","0.17429934814572334","0.1499578058719635","0.20288674533367157","0.1217145323753357","0.11316656321287155","0.12700307369232178","0.07781993225216866","0.0650850161910057","0.08348075300455093","0.07780079171061516","0.06721578538417816","0.0820971131324768"
"1735","0.07647163234651089","0.06727680563926697","0.0885709822177887","0.16819483414292336","0.15158666670322418","0.18208709359169006","0.11774093409379323","0.10558700561523438","0.12718051671981812","0.07794246636331081","0.06913590431213379","0.09155301749706268","0.07716015912592411","0.06812068819999695","0.09009862691164017"
"1736","0.08317129127681255","0.06969236582517624","0.09871824085712433","0.192989069968462","0.17612870037555695","0.22039243578910828","0.1365052411953608","0.11936017870903015","0.14910265803337097","0.08428443223237991","0.0708506852388382","0.10173395276069641","0.083793880417943","0.07003296911716461","0.10006709396839142"
"1737","0.07262071967124939","0.06704694777727127","0.08552615344524384","0.15850994735956192","0.14934638142585754","0.17607104778289795","0.1206798329949379","0.11505266278982162","0.12989778816699982","0.07298555411398411","0.06717416644096375","0.08634726703166962","0.07311562448740005","0.06682130694389343","0.08672553300857544"
"1738","0.08235365152359009","0.06984427571296692","0.08896104991436005","0.1752573363482952","0.15324667096138","0.19378116726875305","0.12643286089102426","0.11272081732749939","0.1370060294866562","0.08401433937251568","0.07037916779518127","0.09067491441965103","0.08334998786449432","0.0698096752166748","0.09020238369703293"
"1739","0.0773222278803587","0.07170296460390091","0.08336757123470306","0.17338807880878448","0.1631988137960434","0.18972133100032806","0.12624651938676834","0.11712370067834854","0.13414104282855988","0.07824622839689255","0.07367558032274246","0.08353006839752197","0.0781079363077879","0.07315024733543396","0.08483637124300003"
"1740","0.08249155059456825","0.07283922284841537","0.09048077464103699","0.18265943974256516","0.17169398069381714","0.19155533611774445","0.1352228025595347","0.11861555278301239","0.14398615062236786","0.08366629108786583","0.07140245288610458","0.0900348424911499","0.08391332812607288","0.07360239326953888","0.0905456691980362"
"1741","0.0801214687526226","0.07068123668432236","0.09474876523017883","0.18069756776094437","0.160503551363945","0.19849902391433716","0.1347804069519043","0.125103160738945","0.14752140641212463","0.08215159177780151","0.07371841371059418","0.09354027360677719","0.08194742910563946","0.07357210665941238","0.09465478360652924"
"1742","0.08206450007855892","0.07045691460371017","0.09282679855823517","0.17472422868013382","0.16112561523914337","0.19069744646549225","0.13420034448305765","0.11431825160980225","0.1505303978919983","0.08384636975824833","0.07148607820272446","0.09643653780221939","0.08339225128293037","0.07142137736082077","0.09540429711341858"
"1743","0.08134379237890244","0.07710309326648712","0.0886867493391037","0.1796005219221115","0.1718284636735916","0.19286662340164185","0.13070936501026154","0.12520283460617065","0.13464897871017456","0.08097183145582676","0.07311561703681946","0.08911991864442825","0.0819321982562542","0.07723911851644516","0.08828827738761902"
"1744","0.08070303685963154","0.07195669412612915","0.09055574983358383","0.17030105739831924","0.15948224067687988","0.18842828273773193","0.12044809758663177","0.11085875332355499","0.13249471783638","0.08070679567754269","0.07212533056735992","0.09130458533763885","0.0809721015393734","0.07307052612304688","0.0902770459651947"
"1745","0.08341441676020622","0.07688060402870178","0.08843886852264404","0.18075643107295036","0.1657126396894455","0.1891094446182251","0.12463683386643727","0.11775432527065277","0.13052614033222198","0.08514338172972202","0.07801368087530136","0.09033956378698349","0.08495387807488441","0.07782641053199768","0.09001070261001587"
"1746","0.09094296023249626","0.08191550523042679","0.10280050337314606","0.19359662756323814","0.1806316077709198","0.2053396999835968","0.14575383563836417","0.14012643694877625","0.15647922456264496","0.09196399338543415","0.08352456986904144","0.10207589715719223","0.09155737049877644","0.08257754147052765","0.10299227386713028"
"1747","0.0733062420040369","0.06334914267063141","0.08216612786054611","0.16368398442864418","0.15188375115394592","0.175818532705307","0.12489877889553706","0.11649597436189651","0.12951286137104034","0.07516453415155411","0.06604132056236267","0.08476028591394424","0.07409521378576756","0.06524524092674255","0.08326144516468048"
"1748","0.07947799377143383","0.06923296302556992","0.09016881138086319","0.16906750574707985","0.15484370291233063","0.1827421486377716","0.12385741372903188","0.110328808426857","0.1424112617969513","0.08010286465287209","0.06907901167869568","0.09165642410516739","0.08006146363914013","0.07032705843448639","0.09060539305210114"
"1749","0.07738281786441803","0.06932263821363449","0.08957350254058838","0.1681572087109089","0.156009703874588","0.19000846147537231","0.1247318908572197","0.11159148067235947","0.13546013832092285","0.07790065184235573","0.06694391369819641","0.09154853224754333","0.07799535430967808","0.06953952461481094","0.09092125296592712"
"1750","0.07694506458938122","0.0597183033823967","0.08989125490188599","0.16767507418990135","0.15282262861728668","0.18446367979049683","0.12945726017157236","0.12085656821727753","0.13878852128982544","0.0778991337865591","0.06293231248855591","0.09282033145427704","0.0783405089750886","0.061979446560144424","0.09216490387916565"
"1751","0.07486521452665329","0.06713169813156128","0.08329145610332489","0.1718038097023964","0.15641039609909058","0.19648340344429016","0.12871788442134857","0.11273790895938873","0.14332327246665955","0.07662047818303108","0.07039108872413635","0.08506596833467484","0.07596538960933685","0.0694589763879776","0.08436448872089386"
"1752","0.08195757679641247","0.07266617566347122","0.08627413213253021","0.17322205007076263","0.16018953919410706","0.1860102117061615","0.12419360627730687","0.11667747050523758","0.12936393916606903","0.08101653680205345","0.07386231422424316","0.08613985776901245","0.08211521618068218","0.07349266111850739","0.08635857701301575"
"1753","0.08098602294921875","0.07798384130001068","0.08580237627029419","0.18286804854869843","0.17833606898784637","0.18559637665748596","0.13446580370267233","0.12763039767742157","0.13876168429851532","0.08331435732543468","0.08043642342090607","0.08803977817296982","0.08199164643883705","0.0796508714556694","0.08695681393146515"
"1754","0.08324048481881618","0.0824030190706253","0.08497627824544907","0.18880314752459526","0.18070589005947113","0.2014036923646927","0.13446791470050812","0.12635007500648499","0.1427937150001526","0.0856480561196804","0.0834953784942627","0.08756883442401886","0.08483966067433357","0.0831342563033104","0.08691973984241486"
"1755","0.08226404152810574","0.06892026960849762","0.09551233053207397","0.17048690095543861","0.16301456093788147","0.18334123492240906","0.12924904376268387","0.123325414955616","0.1376810520887375","0.08391887880861759","0.07207372784614563","0.0968349426984787","0.08371919952332973","0.0713350921869278","0.09564095735549927"
"1756","0.08162290789186954","0.07158832252025604","0.09902971237897873","0.1735265590250492","0.1504441797733307","0.21163120865821838","0.12595057735840479","0.1078396737575531","0.15727825462818146","0.08190068416297436","0.07154247164726257","0.099101223051548","0.08204386755824089","0.07243088632822037","0.09821799397468567"
"1757","0.077168058604002","0.07165193557739258","0.09206587076187134","0.16642938926815987","0.15253399312496185","0.17523972690105438","0.12758412957191467","0.11899333447217941","0.14326727390289307","0.08006037585437298","0.07504580914974213","0.09315118938684464","0.07881311513483524","0.07280842214822769","0.09238757193088531"
"1758","0.07520567066967487","0.06757283210754395","0.08131831884384155","0.17515993118286133","0.1626998484134674","0.1948012113571167","0.12391889343659084","0.11163979023694992","0.13010601699352264","0.07766947709023952","0.06928672641515732","0.08411720395088196","0.07674597017467022","0.06849045306444168","0.08380965143442154"
"1759","0.07485386915504932","0.06477378308773041","0.08257567137479782","0.17642711102962494","0.16132420301437378","0.1924596130847931","0.1226083238919576","0.11404698342084885","0.13130317628383636","0.07551467977464199","0.06679222732782364","0.08238688856363297","0.07602652534842491","0.06642280519008636","0.08366036415100098"
"1760","0.07624858617782593","0.06335872411727905","0.08411511033773422","0.16390249133110046","0.1489230841398239","0.1778820902109146","0.12613481283187866","0.12118474394083023","0.1352277249097824","0.07805513218045235","0.06395059823989868","0.0886441022157669","0.07729279808700085","0.06293407082557678","0.08774621039628983"
"1761","0.07556289434432983","0.07035992294549942","0.08101265132427216","0.1637817695736885","0.15646272897720337","0.17253512144088745","0.11671903481086095","0.11024627834558487","0.12279646098613739","0.07691226527094841","0.07003819197416306","0.08487284183502197","0.07692959159612656","0.07126860320568085","0.08381634205579758"
"1762","0.07386336755007505","0.05729958787560463","0.08845967054367065","0.1720607951283455","0.15172460675239563","0.18328766524791718","0.12556415299574533","0.10849370062351227","0.13416467607021332","0.07505598664283752","0.056947529315948486","0.08978026360273361","0.07480298541486263","0.05744823068380356","0.08965156972408295"
"1763","0.08226669393479824","0.07149457931518555","0.09735055267810822","0.17285125702619553","0.15997576713562012","0.19000530242919922","0.13510025044282278","0.11528187990188599","0.14956578612327576","0.08409469202160835","0.07219740003347397","0.09834659099578857","0.0826700460165739","0.071332648396492","0.09783811867237091"
"1764","0.07684987410902977","0.06740132719278336","0.08749110996723175","0.1611177921295166","0.1475880742073059","0.17358344793319702","0.12002389381329219","0.11084218323230743","0.1314702332019806","0.07803431898355484","0.07045216113328934","0.08566813170909882","0.07778479345142841","0.06995302438735962","0.08756140619516373"
"1765","0.08116098679602146","0.0749887079000473","0.09425045549869537","0.17071373760700226","0.1571384221315384","0.18377676606178284","0.12874452024698257","0.11737730354070663","0.1393919289112091","0.08138015866279602","0.07418321073055267","0.09379807114601135","0.08162525855004787","0.07504507899284363","0.09512419998645782"
"1766","0.07379562500864267","0.05694848671555519","0.08491194993257523","0.1618819423019886","0.13964509963989258","0.1718093752861023","0.11933629214763641","0.10453514754772186","0.1272594928741455","0.07351813279092312","0.058181218802928925","0.08305180072784424","0.07466692477464676","0.05777549743652344","0.08616577088832855"
"1767","0.08214435540139675","0.05995311588048935","0.09314237534999847","0.16941050440073013","0.13764160871505737","0.18805070221424103","0.1204345499475797","0.09653425961732864","0.13998548686504364","0.08288225531578064","0.059396132826805115","0.09493746608495712","0.08315028809010983","0.06106343865394592","0.09435850381851196"
"1768","0.0758685227483511","0.07075631618499756","0.08283072710037231","0.16634612902998924","0.16291001439094543","0.16868993639945984","0.12399237354596455","0.11869680136442184","0.12890920042991638","0.07637721858918667","0.07323135435581207","0.08292675763368607","0.07643862254917622","0.0724555253982544","0.0829073041677475"
"1769","0.07460352592170238","0.06661691516637802","0.08268102258443832","0.16414356976747513","0.15145447850227356","0.17343132197856903","0.11387536178032558","0.10651715844869614","0.11956988275051117","0.07598328590393066","0.06627160310745239","0.08439017832279205","0.07562450505793095","0.06666666269302368","0.08342184126377106"
"1770","0.07749353162944317","0.07348214834928513","0.0843202993273735","0.1666526384651661","0.15526536107063293","0.1747918277978897","0.11924911538759868","0.11197073757648468","0.12590809166431427","0.07858387753367424","0.07555268704891205","0.08426803350448608","0.07848454639315605","0.07642748951911926","0.08445164561271667"
"1771","0.09257369674742222","0.07683710008859634","0.1076551079750061","0.19490807503461838","0.1769264191389084","0.2252189666032791","0.14196865757306418","0.12926062941551208","0.1616225242614746","0.093896159902215","0.07936380803585052","0.10978513956069946","0.09385406970977783","0.07905225455760956","0.10923197120428085"
"1772","0.07745381817221642","0.07169581949710846","0.08743607997894287","0.17457162961363792","0.16812865436077118","0.1850406676530838","0.12693347533543906","0.12095403671264648","0.13688115775585175","0.07786009646952152","0.0713391900062561","0.08625240623950958","0.07762991264462471","0.07299984991550446","0.08570981025695801"
"1773","0.08269447274506092","0.0759359821677208","0.08844227343797684","0.17270975559949875","0.16882677376270294","0.17839986085891724","0.1331000030040741","0.12198714911937714","0.1400810033082962","0.08389965258538723","0.07777527719736099","0.08824919164180756","0.08360306546092033","0.07697471231222153","0.08852535486221313"
"1774","0.07805068418383598","0.07494287192821503","0.08096624910831451","0.16818102076649666","0.16231375932693481","0.17291398346424103","0.1244613950451215","0.1218719482421875","0.12717288732528687","0.08007718063890934","0.07843861728906631","0.08313532173633575","0.07883445173501968","0.07577783614397049","0.08234207332134247"
"1775","0.07281623780727386","0.06677262485027313","0.08068035542964935","0.1644413322210312","0.1557794213294983","0.17186367511749268","0.11572939654191335","0.11002855002880096","0.12315252423286438","0.07435408048331738","0.06938904523849487","0.08293323218822479","0.07376048155128956","0.0678454339504242","0.08189734071493149"
"1776","0.077511852607131","0.07434893399477005","0.08226020634174347","0.16442246362566948","0.15744081139564514","0.17106737196445465","0.1251352628072103","0.12071412801742554","0.1291051059961319","0.07779333926737309","0.07448557764291763","0.08365426957607269","0.07753998972475529","0.07367319613695145","0.0823313519358635"
"1777","0.07810837589204311","0.06932933628559113","0.09202374517917633","0.1733870506286621","0.15179599821567535","0.20828701555728912","0.12486421565214793","0.10971583425998688","0.14717988669872284","0.07831710949540138","0.0679125115275383","0.09184478223323822","0.07887009158730507","0.06906899064779282","0.09326032549142838"
"1778","0.09137659333646297","0.08414874970912933","0.09563898295164108","0.19352544099092484","0.17757876217365265","0.20876461267471313","0.14579818149407706","0.1371314376592636","0.15058442950248718","0.0927736945450306","0.0837845429778099","0.09888054430484772","0.09223257750272751","0.08273285627365112","0.09818008542060852"
"1779","0.07597374729812145","0.07072848826646805","0.0804058164358139","0.16483129188418388","0.14964894950389862","0.17391200363636017","0.12253974378108978","0.11441554129123688","0.1335986852645874","0.07699230127036572","0.07166656106710434","0.08308668434619904","0.07675670646131039","0.07110092043876648","0.08210163563489914"
"1780","0.08295859582722187","0.0765347108244896","0.08647934347391129","0.18386228010058403","0.16983921825885773","0.1948678195476532","0.13450414935747781","0.1220395565032959","0.14100825786590576","0.08536484651267529","0.07880795001983643","0.08864326030015945","0.08441560715436935","0.0778084248304367","0.08774936199188232"
"1781","0.07710422948002815","0.07362069189548492","0.08391623198986053","0.17255638912320137","0.1673319786787033","0.17848898470401764","0.1278108855088552","0.12152738869190216","0.1350923776626587","0.07768078707158566","0.07463409751653671","0.08290648460388184","0.07738092914223671","0.07431967556476593","0.08390872180461884"
"1782","0.08248918130993843","0.0694403275847435","0.08764547854661942","0.17431219294667244","0.16091394424438477","0.18587644398212433","0.122408722837766","0.10800100862979889","0.13210809230804443","0.08391168713569641","0.06949305534362793","0.09192647784948349","0.0837735217064619","0.06954380869865417","0.09155580401420593"
"1783","0.07748903334140778","0.07381011545658112","0.08448725938796997","0.1649535968899727","0.15487022697925568","0.18233956396579742","0.12209047377109528","0.11303994059562683","0.1338140070438385","0.07826797477900982","0.07496407628059387","0.08486303687095642","0.07809548452496529","0.07413146644830704","0.08467957377433777"
"1784","0.08669429644942284","0.0760895311832428","0.09577585011720657","0.1800391674041748","0.16701540350914001","0.1994565725326538","0.1268589918812116","0.11703596264123917","0.13882754743099213","0.08849822543561459","0.07864871621131897","0.10003902018070221","0.08786077983677387","0.07688168436288834","0.09865385293960571"
"1785","0.08058597706258297","0.05879819393157959","0.09029542654752731","0.16953743994235992","0.13298377394676208","0.19461798667907715","0.13519902527332306","0.12672901153564453","0.14048656821250916","0.08104159496724606","0.05886096507310867","0.09157197922468185","0.08091427385807037","0.058222442865371704","0.09082803130149841"
"1786","0.07791997119784355","0.06864361464977264","0.0910532996058464","0.16517088934779167","0.149262472987175","0.18563759326934814","0.12445157517989476","0.11729012429714203","0.13845227658748627","0.07850487902760506","0.06887264549732208","0.09124381840229034","0.07859209179878235","0.06811808794736862","0.09113259613513947"
"1787","0.0775357224047184","0.0731155276298523","0.08385595679283142","0.16823627054691315","0.15698689222335815","0.17630624771118164","0.12281972418228786","0.11644769459962845","0.1278386116027832","0.07980966940522194","0.07484275102615356","0.08468839526176453","0.07912701927125454","0.07309761643409729","0.08508013188838959"
"1788","0.08292577974498272","0.07064246386289597","0.09451951086521149","0.178285900503397","0.15651598572731018","0.1894148886203766","0.13628007471561432","0.1332852989435196","0.14086122810840607","0.08457347936928272","0.07481689006090164","0.09224046021699905","0.08438647165894508","0.07382973283529282","0.09458984434604645"
"1789","0.07593094371259212","0.07216726988554001","0.082349993288517","0.16871511936187744","0.1543743908405304","0.17932233214378357","0.12260191390911739","0.11028500646352768","0.137370765209198","0.07757261767983437","0.07296964526176453","0.08521238714456558","0.07736089266836643","0.07302676141262054","0.08453071862459183"
"1790","0.08009185269474983","0.06982748955488205","0.08732560276985168","0.17364094778895378","0.1581895351409912","0.1892787665128708","0.13215917845567068","0.11077558994293213","0.1429992914199829","0.07955888472497463","0.0683298259973526","0.08806096762418747","0.08035529218614101","0.07075540721416473","0.0874822735786438"
"1791","0.0840729158371687","0.07993175834417343","0.08687670528888702","0.177004586905241","0.17425177991390228","0.1804458200931549","0.1325689305861791","0.12683311104774475","0.13736699521541595","0.08481886610388756","0.08199998736381531","0.08889178931713104","0.0850315522402525","0.08089230954647064","0.08833248168230057"
"1792","0.07333670370280743","0.06397313624620438","0.08236144483089447","0.1627536304295063","0.14610470831394196","0.18231022357940674","0.12312451501687367","0.11203231662511826","0.1364259421825409","0.07407782226800919","0.06587205082178116","0.08339041471481323","0.07414112985134125","0.06515715271234512","0.08294869214296341"
"1793","0.07523464784026146","0.07200468331575394","0.07737704366445541","0.16365329176187515","0.15419617295265198","0.18074288964271545","0.11781316995620728","0.11325248330831528","0.12261025607585907","0.07614562101662159","0.0707004964351654","0.07879170030355453","0.07581237331032753","0.07205748558044434","0.0780547559261322"
"1794","0.07560218125581741","0.06349027901887894","0.0907435491681099","0.16678086668252945","0.14474476873874664","0.18591395020484924","0.12033941845099132","0.10335080325603485","0.14047551155090332","0.07669381983578205","0.063080795109272","0.0911928191781044","0.07651985809206963","0.06423471868038177","0.09093528985977173"
"1795","0.08393803983926773","0.08078057318925858","0.08914612233638763","0.1806965209543705","0.1769198775291443","0.1867469996213913","0.13291009267171225","0.1294902265071869","0.13490495085716248","0.08459760434925556","0.07861876487731934","0.09039977937936783","0.08487339317798615","0.08128833770751953","0.09017758816480637"
"1796","0.08285531960427761","0.07607221603393555","0.08888687938451767","0.18658598139882088","0.17468847334384918","0.19594459235668182","0.13555465390284857","0.12478960305452347","0.14484918117523193","0.08335737884044647","0.07585792988538742","0.09089799970388412","0.08315163291990757","0.0750475823879242","0.09027034789323807"
"1797","0.07975127547979355","0.07201128453016281","0.08552493155002594","0.1657484881579876","0.15395724773406982","0.17433220148086548","0.12794182697931925","0.11824938654899597","0.13648685812950134","0.08026735298335552","0.07176703214645386","0.08772619068622589","0.0803633313626051","0.07091598212718964","0.0869455486536026"
"1798","0.07963847368955612","0.07201750576496124","0.0905347466468811","0.17069989442825317","0.15694956481456757","0.18255943059921265","0.12600826223691305","0.11687573045492172","0.13766036927700043","0.08061572536826134","0.0711001306772232","0.09265977889299393","0.08029629476368427","0.07200640439987183","0.09203970432281494"
"1799","0.0740167498588562","0.07200269401073456","0.07662172615528107","0.15689605101943016","0.15399202704429626","0.15958483517169952","0.11737849315007527","0.11330467462539673","0.11959245800971985","0.07541690394282341","0.07360787689685822","0.07691121101379395","0.07570973224937916","0.07461778819561005","0.07674774527549744"
"1800","0.08583095297217369","0.06563588976860046","0.09978362917900085","0.17641587927937508","0.15185260772705078","0.18761247396469116","0.13320617626110712","0.11462868005037308","0.14608988165855408","0.08699027821421623","0.0690142810344696","0.09851561486721039","0.08719802834093571","0.06820925325155258","0.10089874267578125"
"1801","0.07967157661914825","0.07728737592697144","0.08310434222221375","0.16824690252542496","0.16668881475925446","0.17236432433128357","0.12840459744135538","0.122918501496315","0.13628633320331573","0.08082583546638489","0.0779118537902832","0.08448923379182816","0.08061889186501503","0.07747238874435425","0.08395229279994965"
"1802","0.07541833445429802","0.0708620622754097","0.07910522818565369","0.16324547305703163","0.1601043939590454","0.1677301675081253","0.12444896747668584","0.12306901812553406","0.12645071744918823","0.07590863108634949","0.0719396248459816","0.07828255742788315","0.07606473565101624","0.07101800292730331","0.07911252230405807"
"1803","0.08521452732384205","0.060641735792160034","0.10451051592826843","0.17750847712159157","0.1472328007221222","0.20559994876384735","0.1316708798209826","0.1001516804099083","0.15325886011123657","0.08694315049797297","0.0592023991048336","0.10879664123058319","0.08689011633396149","0.0607614740729332","0.1078382283449173"
"1804","0.07793715223670006","0.06857478618621826","0.0866711288690567","0.17139800637960434","0.1616545468568802","0.18027327954769135","0.12853586177031198","0.1195344626903534","0.13369302451610565","0.07834215089678764","0.06881721317768097","0.08567884564399719","0.07845749333500862","0.06795035302639008","0.08681748807430267"
"1805","0.0819114875048399","0.07187249511480331","0.09441874176263809","0.1825639083981514","0.1628161072731018","0.22448565065860748","0.12267649173736572","0.1179869994521141","0.1302708089351654","0.08275796845555305","0.072382852435112","0.09616776555776596","0.0823176559060812","0.07185377180576324","0.09475500881671906"
"1806","0.07932138629257679","0.07316698133945465","0.08315642923116684","0.1760971136391163","0.15466277301311493","0.19352038204669952","0.13052194565534592","0.1197124496102333","0.14045549929141998","0.08031880669295788","0.07204233855009079","0.08571404218673706","0.08047757484018803","0.0732593908905983","0.08468642085790634"
"1807","0.08630791865289211","0.06726415455341339","0.09580518305301666","0.1798129454255104","0.15784615278244019","0.1974334865808487","0.13198910901943842","0.11812613159418106","0.14254359900951385","0.08672631904482841","0.06789189577102661","0.09604619443416595","0.08661769703030586","0.06747663766145706","0.09691298753023148"
"1808","0.0645499937236309","0.05798187851905823","0.07214494049549103","0.14950892329216003","0.14290666580200195","0.15498864650726318","0.1067585622270902","0.10146857053041458","0.1137269139289856","0.06685181893408298","0.06065218895673752","0.07588402181863785","0.06593607645481825","0.060172948986291885","0.07315422594547272"
"1809","0.07900785841047764","0.0747622475028038","0.08554700762033463","0.16428564861416817","0.15206892788410187","0.1727687120437622","0.12138502548138301","0.12053418159484863","0.1226462870836258","0.07818188145756721","0.07328370213508606","0.08782932162284851","0.07904875837266445","0.07274727523326874","0.08698128163814545"
"1810","0.08240466937422752","0.07872255146503448","0.08910045027732849","0.1732054501771927","0.16201433539390564","0.183499276638031","0.13454694549242655","0.12159121036529541","0.1478005349636078","0.08291705697774887","0.07860028743743896","0.08899988979101181","0.08322086744010448","0.07899584621191025","0.0892832949757576"
"1811","0.07316073961555958","0.06717351824045181","0.07923782616853714","0.16040832921862602","0.1476687490940094","0.17728573083877563","0.11528048415978749","0.1102517694234848","0.1190706416964531","0.07367280311882496","0.06656751781702042","0.08037680387496948","0.07336272671818733","0.06718587875366211","0.07959406077861786"
"1812","0.0754691855981946","0.06096835061907768","0.09360017627477646","0.16222916916012764","0.14309372007846832","0.18908973038196564","0.1258037934700648","0.11120840907096863","0.14140762388706207","0.07672530598938465","0.06311412900686264","0.09668690711259842","0.0761250825598836","0.06219491735100746","0.09483231604099274"
"1813","0.08733690157532692","0.0768698900938034","0.09167603403329849","0.18483136221766472","0.16362401843070984","0.20404955744743347","0.13665713369846344","0.12311245501041412","0.14363321661949158","0.0893173050135374","0.07745470851659775","0.09397834539413452","0.08858224377036095","0.07702676951885223","0.09307146072387695"
"1814","0.07770317979156971","0.05925817787647247","0.09182653576135635","0.16898475587368011","0.14614465832710266","0.1894679069519043","0.12168237566947937","0.09595869481563568","0.13737301528453827","0.07854191493242979","0.058129992336034775","0.0928598940372467","0.07855140417814255","0.05944478511810303","0.09321345388889313"
"1815","0.07428953051567078","0.0695003867149353","0.08349912613630295","0.16432413086295128","0.15033279359340668","0.19284933805465698","0.1258518099784851","0.1183793917298317","0.13808684051036835","0.07367813587188721","0.06865940988063812","0.08322025835514069","0.0739296767860651","0.0676715224981308","0.0844283327460289"
"1816","0.08200753666460514","0.0784497931599617","0.08568263053894043","0.1686958484351635","0.162883922457695","0.17591314017772675","0.12975007543961206","0.124446801841259","0.13516807556152344","0.08279023319482803","0.0795348584651947","0.08708885312080383","0.08276966214179993","0.07861146330833435","0.08653303235769272"
"1817","0.08279928378760815","0.06962259113788605","0.09241977334022522","0.17994887754321098","0.16370940208435059","0.20637443661689758","0.13604523738225302","0.11896209418773651","0.1471228003501892","0.08381734043359756","0.07021781802177429","0.09374898672103882","0.0835729967802763","0.0696234256029129","0.09288381040096283"
"1818","0.08484426885843277","0.06926881521940231","0.09631422162055969","0.1845424436032772","0.17315132915973663","0.19764257967472076","0.13831735650698343","0.13205395638942719","0.148105189204216","0.08686573058366776","0.07144540548324585","0.09961580485105515","0.0862322635948658","0.0704684928059578","0.09893376380205154"
"1819","0.07574811577796936","0.07082730531692505","0.08446440100669861","0.1626409888267517","0.15434105694293976","0.1703328788280487","0.12004127353429794","0.11476299166679382","0.12384124845266342","0.07676075212657452","0.07174739241600037","0.08559936285018921","0.07621580734848976","0.07166062295436859","0.08475151658058167"
"1820","0.07663033530116081","0.06813060492277145","0.08590982854366302","0.1664249338209629","0.15140002965927124","0.187198668718338","0.12186414996782939","0.11596953868865967","0.13256943225860596","0.0774823222309351","0.07045860588550568","0.08497743308544159","0.07722122594714165","0.06985558569431305","0.08604451268911362"
"1821","0.09017954580485821","0.08019983023405075","0.11208373308181763","0.1903114691376686","0.1705295294523239","0.23164154589176178","0.14394850532213846","0.12653666734695435","0.16972163319587708","0.09142051823437214","0.08382054418325424","0.1105196624994278","0.09177382476627827","0.08286583423614502","0.11210893094539642"
"1822","0.07996066473424435","0.07353725284337997","0.08791287988424301","0.1737154759466648","0.163023442029953","0.1792207509279251","0.12800108889738718","0.11590448021888733","0.13582926988601685","0.08133972436189651","0.07417701184749603","0.08831734210252762","0.08090046606957912","0.07506327331066132","0.08786281943321228"
"1823","0.08250304125249386","0.06479497253894806","0.09470395743846893","0.1829584687948227","0.15755431354045868","0.22301708161830902","0.12866211930910745","0.10585016012191772","0.14517278969287872","0.0833938792347908","0.0664982795715332","0.09294737875461578","0.08331099525094032","0.06630492210388184","0.09490832686424255"
"1824","0.0863913744688034","0.08084135502576828","0.09526795148849487","0.17754243686795235","0.17176978290081024","0.1863965541124344","0.13421333829561868","0.12843196094036102","0.13741062581539154","0.08801549300551414","0.08103030920028687","0.09751731902360916","0.08735273033380508","0.0808873176574707","0.0964357852935791"
"1825","0.08299011364579201","0.07779351621866226","0.0897526741027832","0.17171043530106544","0.1638636291027069","0.17996133863925934","0.12869803110758463","0.1217736154794693","0.13836981356143951","0.08346827328205109","0.07655676454305649","0.09035038948059082","0.08320935815572739","0.07808275520801544","0.08937492221593857"
"1826","0.06700773537158966","0.060624055564403534","0.07566845417022705","0.15902626886963844","0.1502252072095871","0.17058005928993225","0.11181991795698802","0.10687430202960968","0.11484744399785995","0.0684960251674056","0.061185695230960846","0.07738089561462402","0.06778146978467703","0.06098564341664314","0.07637971639633179"
"1827","0.07737445458769798","0.07442975044250488","0.08021216094493866","0.16852597519755363","0.16487526893615723","0.1731574386358261","0.12472424407800038","0.11991727352142334","0.12909813225269318","0.07842175103724003","0.07539334893226624","0.08177400380373001","0.07807331904768944","0.07555639743804932","0.08073606342077255"
"1828","0.07192648574709892","0.06187678128480911","0.07864624261856079","0.15292569994926453","0.13733777403831482","0.17178691923618317","0.113866426050663","0.10178179293870926","0.1250099390745163","0.07214167900383472","0.06230996549129486","0.08025079220533371","0.07173708081245422","0.06190925091505051","0.07999139279127121"
"1829","0.07865156978368759","0.0759468674659729","0.08563428372144699","0.17723146080970764","0.16668295860290527","0.19159770011901855","0.1282534102598826","0.12012903392314911","0.13413923978805542","0.07998185604810715","0.07476866990327835","0.08814053237438202","0.07968209125101566","0.07611153274774551","0.08686602115631104"
"1830","0.07715003564953804","0.06648553907871246","0.08436271548271179","0.16480641812086105","0.14249059557914734","0.18364189565181732","0.12229486306508382","0.10421743988990784","0.13279575109481812","0.07861365005373955","0.06384582817554474","0.08788742125034332","0.07823722809553146","0.06649457663297653","0.08537442982196808"
"1831","0.08241426013410091","0.07911985367536545","0.08580730110406876","0.17525101080536842","0.16658473014831543","0.186248779296875","0.13095860679944357","0.12175697088241577","0.1399359554052353","0.08342214673757553","0.07945147156715393","0.0854966938495636","0.08303284086287022","0.08005356788635254","0.08511124551296234"
"1832","0.08041281625628471","0.06827591359615326","0.09590321034193039","0.17746364325284958","0.1513262242078781","0.20795121788978577","0.1278691589832306","0.10858133435249329","0.15061576664447784","0.08235018327832222","0.06743328273296356","0.10011208802461624","0.08190613612532616","0.06894101202487946","0.0993947982788086"
"1833","0.07986185140907764","0.07247371971607208","0.0855456069111824","0.17496703192591667","0.16960400342941284","0.18060500919818878","0.1296787386139234","0.12232907861471176","0.13409151136875153","0.08003959618508816","0.07526461035013199","0.08461947739124298","0.08093826659023762","0.07431111484766006","0.08683552592992783"
"1834","0.07735943235456944","0.07204492390155792","0.08131761848926544","0.16737016290426254","0.15938055515289307","0.17648881673812866","0.12479759007692337","0.1211613342165947","0.12679725885391235","0.07861659862101078","0.07422497868537903","0.0817120224237442","0.0779201090335846","0.0740002766251564","0.08055649697780609"
"1836","0.07557599991559982","0.06366309523582458","0.08164016902446747","0.16737942025065422","0.15119120478630066","0.17557284235954285","0.13087643682956696","0.1255374252796173","0.1383870542049408","0.07796699181199074","0.06712471693754196","0.08695710450410843","0.07762597501277924","0.06635725498199463","0.08618801832199097"
"1837","0.07451757043600082","0.06556805968284607","0.08044755458831787","0.1595667563378811","0.15071970224380493","0.17104454338550568","0.11981200923522313","0.11761796474456787","0.12140190601348877","0.07346887141466141","0.06470402330160141","0.07958313077688217","0.07388321869075298","0.06564159691333771","0.08154328912496567"
"1838","0.07888212986290455","0.07247033715248108","0.09238395094871521","0.1761212944984436","0.15929220616817474","0.20440661907196045","0.13135741154352823","0.11647012829780579","0.1498262584209442","0.0809346791356802","0.07413150370121002","0.09577829390764236","0.08013892360031605","0.07423069328069687","0.0938900038599968"
"1839","0.0790536031126976","0.07484257221221924","0.08802100270986557","0.17561715096235275","0.16060073673725128","0.191105917096138","0.12629541754722595","0.11737878620624542","0.13598716259002686","0.08026620000600815","0.07644693553447723","0.08817556500434875","0.07964307256042957","0.07556977868080139","0.08831995725631714"
"1840","0.07761413604021072","0.06535966694355011","0.10023848712444305","0.16351770609617233","0.1425338238477707","0.1978839933872223","0.12811282028754553","0.11254782229661942","0.15612438321113586","0.07837772183120251","0.0648459866642952","0.10311666131019592","0.07813016511499882","0.0642082542181015","0.1022372767329216"
"1841","0.076879708096385","0.07083382457494736","0.08527633547782898","0.16577312722802162","0.15206843614578247","0.17874523997306824","0.11891877402861913","0.11103484779596329","0.13254208862781525","0.07749726809561253","0.07162949442863464","0.0848609209060669","0.07683994993567467","0.07154218852519989","0.08375562727451324"
"1842","0.0833720937371254","0.07826875895261765","0.09065414220094681","0.17431187629699707","0.1621338129043579","0.18117102980613708","0.13304272294044495","0.12448091804981232","0.13921569287776947","0.08409871906042099","0.07797831296920776","0.09110241383314133","0.08400524966418743","0.07850589603185654","0.09178704023361206"
"1843","0.07087442092597485","0.06543685495853424","0.07729421555995941","0.15837987512350082","0.1496724784374237","0.16744136810302734","0.11364486068487167","0.10272405296564102","0.12409961223602295","0.07208526693284512","0.06673776358366013","0.07889442890882492","0.071656359359622","0.06636375188827515","0.07826285809278488"
"1844","0.07236756943166256","0.0653606578707695","0.0864352211356163","0.15932901576161385","0.1450117528438568","0.1710408329963684","0.11974496891101201","0.10980890691280365","0.13565382361412048","0.07400528714060783","0.06723631918430328","0.0879862904548645","0.07368763536214828","0.06642014533281326","0.08772815763950348"
"1845","0.0736121516674757","0.06355001777410507","0.07964077591896057","0.1631130315363407","0.15701745450496674","0.16936814785003662","0.1142805169026057","0.10706273466348648","0.12019916623830795","0.07460707798600197","0.06599965691566467","0.07952709496021271","0.07449435256421566","0.06551803648471832","0.07962348312139511"
"1846","0.06789682433009148","0.06293345987796783","0.07971034944057465","0.15557776391506195","0.14198347926139832","0.16982868313789368","0.1086437851190567","0.10013194382190704","0.12195875495672226","0.06832112185657024","0.06338115781545639","0.0776410922408104","0.06864728033542633","0.06292720139026642","0.07987309247255325"
"1847","0.07732926309108734","0.06950473040342331","0.0837545394897461","0.1606869474053383","0.14519302546977997","0.17714375257492065","0.12577393651008606","0.11471524834632874","0.13259771466255188","0.07819318026304245","0.06898815929889679","0.08340078592300415","0.07758737914264202","0.0696309357881546","0.08299431949853897"
"1848","0.08632771857082844","0.07847854495048523","0.09490089863538742","0.18135952576994896","0.16367802023887634","0.20985160768032074","0.1406805862983068","0.12849915027618408","0.1572469174861908","0.08733971416950226","0.07747752964496613","0.09678985178470612","0.08652050979435444","0.07675838470458984","0.09628955274820328"
"1849","0.07975981198251247","0.07139203697443008","0.08713528513908386","0.17633039131760597","0.16189604997634888","0.1880483329296112","0.12813649078210196","0.1158566027879715","0.13509799540042877","0.0810979064553976","0.07355305552482605","0.08690094202756882","0.08042621612548828","0.07205303758382797","0.0871654748916626"
"1850","0.07097263634204865","0.06179702281951904","0.07892905920743942","0.15885703638195992","0.14497166872024536","0.1751950979232788","0.1184878945350647","0.10509347915649414","0.1253175586462021","0.07310546189546585","0.0646686777472496","0.08050623536109924","0.07249743491411209","0.0646250993013382","0.07915647327899933"
"1851","0.08240816928446293","0.06812158226966858","0.08985647559165955","0.17269592732191086","0.15057112276554108","0.1914043128490448","0.12650082260370255","0.10901885479688644","0.13998523354530334","0.08288105018436909","0.06728354841470718","0.08957742899656296","0.08291414193809032","0.06821681559085846","0.08894896507263184"
"1852","0.08369913138449192","0.07359068095684052","0.10733682662248611","0.1776188127696514","0.15683525800704956","0.22212588787078857","0.1301446333527565","0.11090940982103348","0.16463828086853027","0.08439934067428112","0.0738520696759224","0.11047296971082687","0.0849203821271658","0.07457837462425232","0.10983099043369293"
"1853","0.07219221070408821","0.06323881447315216","0.08079318702220917","0.16286829859018326","0.14724145829677582","0.17264267802238464","0.1123560294508934","0.1043597012758255","0.12399943917989731","0.07389819622039795","0.06395499408245087","0.0833590179681778","0.07329442352056503","0.06381112337112427","0.08240947127342224"
"1854","0.08036796376109123","0.07664010673761368","0.0870039314031601","0.17811739072203636","0.1702551543712616","0.18959666788578033","0.1315383017063141","0.1259520798921585","0.13671879470348358","0.08198828808963299","0.07868054509162903","0.08906075358390808","0.08154996298253536","0.07809021323919296","0.08827296644449234"
"1855","0.08344029262661934","0.07437548041343689","0.09023787081241608","0.17005545273423195","0.15837275981903076","0.17543192207813263","0.12976592034101486","0.11684691160917282","0.13749849796295166","0.085099246352911","0.07466401904821396","0.09353309124708176","0.08483933098614216","0.0751793384552002","0.09267500042915344"
"1856","0.08979885093867779","0.07413776218891144","0.11537870764732361","0.18445900082588196","0.16708338260650635","0.2164478302001953","0.14176449676354727","0.11955578625202179","0.17005698382854462","0.09035525843501091","0.07355247437953949","0.11532089859247208","0.09032150357961655","0.07287370413541794","0.11558757722377777"
"1857","0.08109613880515099","0.06676122546195984","0.08756706118583679","0.17293443158268929","0.15853044390678406","0.1815338432788849","0.1250954046845436","0.11433439701795578","0.13283342123031616","0.08214112929999828","0.06859767436981201","0.08961198478937149","0.08188195154070854","0.06791521608829498","0.08854278177022934"
"1858","0.07670407928526402","0.06655267626047134","0.08705707639455795","0.16157526150345802","0.1450098156929016","0.17478026449680328","0.11843668917814891","0.10532579571008682","0.12734362483024597","0.07863777689635754","0.06891779601573944","0.08809452503919601","0.07774509489536285","0.06764264404773712","0.08713039755821228"
"1859","0.07644406892359257","0.06778199970722198","0.08837851136922836","0.16257762536406517","0.15290413796901703","0.17258428037166595","0.12519527226686478","0.11085096746683121","0.13719791173934937","0.07885635085403919","0.07053308933973312","0.08734254539012909","0.07845008373260498","0.0688774436712265","0.0886804461479187"
"1860","0.07554461993277073","0.07075880467891693","0.07915966957807541","0.1693035066127777","0.15794172883033752","0.1973761022090912","0.11867468059062958","0.11710555106401443","0.11990979313850403","0.07694021239876747","0.07231724262237549","0.08198992908000946","0.07654347643256187","0.07197584956884384","0.08100298792123795"
"1861","0.0868943314999342","0.07722208648920059","0.09488017857074738","0.1816074550151825","0.16598418354988098","0.20121845602989197","0.13641693194707236","0.12974143028259277","0.14371204376220703","0.08890996687114239","0.07749298214912415","0.09697191417217255","0.08818638697266579","0.07722972333431244","0.09605715423822403"
"1862","0.08508971333503723","0.07632280886173248","0.10110783576965332","0.18221266940236092","0.16026370227336884","0.20212528109550476","0.1434530715147654","0.1291016936302185","0.1600053906440735","0.08678209036588669","0.07876695692539215","0.10284442454576492","0.08617601171135902","0.07850221544504166","0.10203863680362701"
"1863","0.07902257889509201","0.07415106892585754","0.08273470401763916","0.17007099837064743","0.1610923409461975","0.17726707458496094","0.1258890504638354","0.12029760330915451","0.12974044680595398","0.08044128306210041","0.07453593611717224","0.08302929997444153","0.07962694950401783","0.07389326393604279","0.08365434408187866"
"1864","0.07300033047795296","0.06507289409637451","0.07700322568416595","0.15648763626813889","0.14542843401432037","0.17179732024669647","0.11443339784940083","0.10638430714607239","0.12237279117107391","0.07441045343875885","0.06724869459867477","0.07919545471668243","0.0740641001611948","0.06662611663341522","0.07873380184173584"
"1865","0.08315074816346169","0.07883715629577637","0.08699772506952286","0.18447977676987648","0.17244912683963776","0.1997048258781433","0.1282851646343867","0.12328402698040009","0.13817426562309265","0.08458688110113144","0.07860250771045685","0.09295684099197388","0.0844501443207264","0.07803657650947571","0.09201022237539291"
"1866","0.07545769959688187","0.0691220685839653","0.07832431048154831","0.16206331178545952","0.14915011823177338","0.17787855863571167","0.12654247879981995","0.12272542715072632","0.13284479081630707","0.07677740976214409","0.06986001133918762","0.08000437170267105","0.07608660124242306","0.0690167248249054","0.07889436930418015"
"1867","0.07822662219405174","0.07521393150091171","0.0817023292183876","0.16297650709748268","0.15114980936050415","0.17359326779842377","0.12648895382881165","0.12052218616008759","0.13314083218574524","0.0778117161244154","0.07400423288345337","0.08131726086139679","0.07780228182673454","0.07516491413116455","0.08057879656553268"
"1868","0.08099257200956345","0.07834062725305557","0.08381916582584381","0.17585087940096855","0.1624901294708252","0.18228590488433838","0.1280801718433698","0.11928904801607132","0.13722974061965942","0.08087434247136116","0.07789689302444458","0.08454880863428116","0.08166308514773846","0.07922013103961945","0.08409435302019119"
"1869","0.08142203651368618","0.07643798738718033","0.08514793962240219","0.17437412962317467","0.16569779813289642","0.1807122528553009","0.12285542488098145","0.11341699957847595","0.1292974352836609","0.0820327177643776","0.07665664702653885","0.08605757355690002","0.08165431767702103","0.07670533657073975","0.08602041006088257"
"1870","0.07952180597931147","0.06108006462454796","0.09624984860420227","0.17211074382066727","0.14811952412128448","0.1946755349636078","0.13687341411908469","0.1230739951133728","0.1492655873298645","0.08079636562615633","0.061991360038518906","0.09890258312225342","0.08009138237684965","0.060961659997701645","0.09788946807384491"
"1871","0.0729265995323658","0.06768036633729935","0.08228114992380142","0.15858497098088264","0.151177316904068","0.17208629846572876","0.11556694408257802","0.10678870230913162","0.12723477184772491","0.07251430861651897","0.06552334129810333","0.0827460065484047","0.07314223051071167","0.06768908351659775","0.08260417729616165"
"1872","0.0706698764115572","0.06898177415132523","0.07327407598495483","0.15994003787636757","0.1524493545293808","0.1667485237121582","0.11246548344691594","0.10785770416259766","0.11704155057668686","0.071479557082057","0.06839633733034134","0.07363718003034592","0.07053543068468571","0.06811170279979706","0.07275842130184174"
"1873","0.07545945048332214","0.06574025750160217","0.08654041588306427","0.1613294817507267","0.14331692457199097","0.18392954766750336","0.10895863672097524","0.10162655264139175","0.12348677963018417","0.07745780609548092","0.06683441996574402","0.09051643311977386","0.07664892449975014","0.06584563851356506","0.08943500369787216"
"1874","0.07777495123445988","0.07050236314535141","0.08475791662931442","0.17662005126476288","0.15795859694480896","0.1913323998451233","0.13034547865390778","0.1255030781030655","0.1376415193080902","0.08012940362095833","0.07146279513835907","0.08887185156345367","0.07910306006669998","0.07090163230895996","0.08837278187274933"
"1875","0.07783666998147964","0.06326199322938919","0.08984744548797607","0.17264263704419136","0.1447594165802002","0.2020713835954666","0.12972591817378998","0.10220548510551453","0.1454334557056427","0.07826879620552063","0.06338606029748917","0.09131937474012375","0.07820715382695198","0.0641149953007698","0.09054524451494217"
"1876","0.07343343459069729","0.05744960159063339","0.08068877458572388","0.1631832756102085","0.14589166641235352","0.1755957305431366","0.1190119336048762","0.09667649865150452","0.13480573892593384","0.07404379732906818","0.057613804936409","0.08303304016590118","0.07381882891058922","0.05828110873699188","0.08248832821846008"
"1877","0.0866486132144928","0.07842165231704712","0.10162201523780823","0.18239261582493782","0.1674601435661316","0.19463643431663513","0.13749543080727258","0.1246471032500267","0.14904364943504333","0.08779719285666943","0.07956937700510025","0.10177512466907501","0.08746612817049026","0.07855552434921265","0.10172280669212341"
"1878","0.07809442095458508","0.06940017640590668","0.08913789689540863","0.17226028442382812","0.15733575820922852","0.19050507247447968","0.12063456575075786","0.11414463818073273","0.13239656388759613","0.07831773906946182","0.0690920352935791","0.08883968740701675","0.07796799205243587","0.06864821910858154","0.08904528617858887"
"1879","0.08448502980172634","0.08115591108798981","0.09294721484184265","0.17660319805145264","0.1686927080154419","0.19598588347434998","0.13235478848218918","0.12480353564023972","0.14466935396194458","0.08516225032508373","0.0791267454624176","0.09635235369205475","0.08488891087472439","0.08087204396724701","0.09422357380390167"
"1880","0.07581117935478687","0.06731948256492615","0.09240740537643433","0.17007628455758095","0.1637328565120697","0.18567374348640442","0.12150157243013382","0.11268959194421768","0.1379113495349884","0.07673676125705242","0.06889249384403229","0.09273070096969604","0.076529111713171","0.06800433248281479","0.09345518797636032"
"1881","0.0834352858364582","0.06269924342632294","0.09803251922130585","0.17847882211208344","0.1460617333650589","0.20482173562049866","0.13035912811756134","0.10417419672012329","0.15599723160266876","0.08417444489896297","0.06385403126478195","0.0986284464597702","0.0840016882866621","0.0626317635178566","0.09764262288808823"
"1882","0.08228939026594162","0.07095407694578171","0.09345050156116486","0.16949205473065376","0.15331360697746277","0.18522027134895325","0.12354663014411926","0.10819733142852783","0.1379825323820114","0.08295798301696777","0.07023938745260239","0.092755027115345","0.08321954682469368","0.07105829566717148","0.094459667801857"
"1883","0.07367366924881935","0.06449562311172485","0.08577628433704376","0.15597988665103912","0.13845281302928925","0.16957098245620728","0.12123242765665054","0.11597735434770584","0.12971213459968567","0.07430044934153557","0.06616882979869843","0.0836266279220581","0.07483460381627083","0.06563930958509445","0.08584656566381454"
"1884","0.08042502775788307","0.06982237100601196","0.09071393311023712","0.1720203384757042","0.14906294643878937","0.1958203911781311","0.12256375948588054","0.11143797636032104","0.1365271806716919","0.08236376754939556","0.07166216522455215","0.09641748666763306","0.08216607011854649","0.07111472636461258","0.09476436674594879"
"1885","0.08154945075511932","0.07354991137981415","0.09115850925445557","0.17473693192005157","0.15650641918182373","0.19486966729164124","0.12230119357506435","0.11567173898220062","0.13389617204666138","0.08178111165761948","0.0724969357252121","0.09166820347309113","0.08184163644909859","0.0736725777387619","0.08977633714675903"
"1886","0.08338514901697636","0.07546640932559967","0.09165903925895691","0.17968980222940445","0.16798652708530426","0.19363707304000854","0.13052306324243546","0.1181008443236351","0.14613725244998932","0.08583254180848598","0.0758148729801178","0.09541293233633041","0.08517831191420555","0.07549081742763519","0.09501257538795471"
"1887","0.08208697102963924","0.07268964499235153","0.08805324137210846","0.18323276937007904","0.17246973514556885","0.19718343019485474","0.13705211381117502","0.12915803492069244","0.14204943180084229","0.08352882973849773","0.0764668881893158","0.08811047673225403","0.08324192278087139","0.07522840052843094","0.08921361714601517"
"1888","0.07666478212922812","0.060489583760499954","0.09041986614465714","0.17123711109161377","0.14803484082221985","0.19780543446540833","0.132012610634168","0.12175726890563965","0.1451413780450821","0.07754546031355858","0.0634600967168808","0.08994260430335999","0.07810107618570328","0.06256925314664841","0.09063512086868286"
"1889","0.07327139005064964","0.06897187232971191","0.07729852199554443","0.16644036024808884","0.15781377255916595","0.18684150278568268","0.11414068440596263","0.11145460605621338","0.11948627978563309","0.07416546158492565","0.07042878866195679","0.07940115034580231","0.0740835852921009","0.07000816613435745","0.07799935340881348"
"1890","0.07888289354741573","0.0662451833486557","0.09153202921152115","0.1773136705160141","0.1542726457118988","0.18885953724384308","0.13455080489317575","0.1294810026884079","0.1433449238538742","0.08025771751999855","0.06870069354772568","0.08993085473775864","0.08036120422184467","0.06781430542469025","0.09152735024690628"
"1891","0.08270738646388054","0.07658130675554276","0.08857612311840057","0.1893724873661995","0.17877407371997833","0.19694754481315613","0.13666958113511404","0.13259664177894592","0.14345139265060425","0.08477742038667202","0.08080311119556427","0.08841224759817123","0.08443987555801868","0.07953152060508728","0.08879734575748444"
"1892","0.07782231085002422","0.07414618134498596","0.07966633886098862","0.16537078842520714","0.16103391349315643","0.16798771917819977","0.1289451022942861","0.12656182050704956","0.13241001963615417","0.08038724958896637","0.07733882963657379","0.08307144045829773","0.07969058305025101","0.07719637453556061","0.08129118382930756"
"1893","0.07682082802057266","0.06882663816213608","0.08251173049211502","0.16600238531827927","0.15446388721466064","0.1770295798778534","0.12123699734608333","0.11175190657377243","0.1320769041776657","0.07835186645388603","0.06960076093673706","0.08373283594846725","0.0775630995631218","0.06894677132368088","0.08347538113594055"
"1894","0.08073354884982109","0.07063958793878555","0.09329474717378616","0.17921996489167213","0.16550573706626892","0.1938217580318451","0.13545246422290802","0.12799054384231567","0.1455809772014618","0.08228749223053455","0.07202541828155518","0.0974654108285904","0.08156775683164597","0.07085150480270386","0.09516912698745728"
"1895","0.07292101718485355","0.0597282275557518","0.08663763105869293","0.16915760189294815","0.15044037997722626","0.1898278295993805","0.12598788738250732","0.10571427643299103","0.13808466494083405","0.07297979295253754","0.06016978621482849","0.08689135313034058","0.07308532856404781","0.05952867120504379","0.08825227618217468"
"1896","0.07417742721736431","0.060490600764751434","0.08266068994998932","0.16696153953671455","0.16233614087104797","0.17352107167243958","0.12592504918575287","0.12210452556610107","0.12870703637599945","0.07427847199141979","0.06188887357711792","0.0806310698390007","0.07475627213716507","0.06070467829704285","0.08402305841445923"
"1897","0.07287480123341084","0.06519440561532974","0.08105514943599701","0.16606008261442184","0.14991417527198792","0.1780780553817749","0.11786876867214839","0.10710002481937408","0.13103154301643372","0.07444135472178459","0.06449991464614868","0.08415690064430237","0.07427385821938515","0.0652441680431366","0.08369037508964539"
"1898","0.0766250267624855","0.06846477836370468","0.08330874145030975","0.16837181523442268","0.1613796204328537","0.1782989799976349","0.12085342158873875","0.11237187683582306","0.12725898623466492","0.07858369685709476","0.07069776207208633","0.08572622388601303","0.0775927547365427","0.06997659802436829","0.08432607352733612"
"1899","0.07408220693469048","0.06340522319078445","0.08104709535837173","0.15588953346014023","0.1399616301059723","0.16522249579429626","0.11276670793692271","0.10424728691577911","0.11872018873691559","0.0760305393487215","0.06552733480930328","0.08211096376180649","0.07482824847102165","0.06528151035308838","0.08087989687919617"
"1900","0.07685006968677044","0.0710412785410881","0.08527962118387222","0.16350340470671654","0.15610557794570923","0.1721228063106537","0.12109556297461192","0.114511638879776","0.1328406184911728","0.07744826190173626","0.07274362444877625","0.08502320945262909","0.07743617706000805","0.07253992557525635","0.0847092866897583"
"1901","0.0720107164233923","0.05239017307758331","0.08500435948371887","0.1635083630681038","0.1424027383327484","0.17582117021083832","0.11418790618578593","0.08984334766864777","0.1285315901041031","0.07330373302102089","0.05424363166093826","0.08644703030586243","0.07304758485406637","0.05411827191710472","0.08654356747865677"
"1902","0.07054698094725609","0.06562373787164688","0.07598298788070679","0.15726156905293465","0.15115012228488922","0.16424432396888733","0.11226939658323924","0.10649867355823517","0.11690612137317657","0.07232409901916981","0.06907898187637329","0.0758172869682312","0.0722265150398016","0.06843353062868118","0.07711358368396759"
"1903","0.07178119383752346","0.060275912284851074","0.0859651267528534","0.16490043699741364","0.15208220481872559","0.18156825006008148","0.1190159022808075","0.10786380618810654","0.13309916853904724","0.07342685386538506","0.061986297369003296","0.08892590552568436","0.07299493812024593","0.06098421663045883","0.0890350267291069"
"1904","0.08308611996471882","0.07797655463218689","0.09267178177833557","0.17569279670715332","0.16401731967926025","0.20240414142608643","0.13725975652535757","0.13059712946414948","0.14510782063007355","0.0836098063737154","0.07784105837345123","0.09549462795257568","0.08311151340603828","0.07653173059225082","0.09428675472736359"
"1905","0.0761116910725832","0.06734228134155273","0.08592718094587326","0.16422271355986595","0.15128639340400696","0.1787726730108261","0.11655318488677342","0.10926298797130585","0.1309058964252472","0.07835181057453156","0.06942542642354965","0.08775147795677185","0.07722426950931549","0.0686567947268486","0.08616788685321808"
"1906","0.0756576880812645","0.06305307894945145","0.08221232891082764","0.16467130556702614","0.1472032219171524","0.1753881275653839","0.131818359096845","0.12548410892486572","0.13711345195770264","0.07811556942760944","0.06581643223762512","0.08482009172439575","0.07678458467125893","0.06472383439540863","0.08375389873981476"
"1907","0.07301814667880535","0.06984255462884903","0.07718504965305328","0.1669168397784233","0.1613771915435791","0.17832604050636292","0.1181896577278773","0.1164402961730957","0.1207645833492279","0.07439996115863323","0.07121020555496216","0.08133433759212494","0.07388580404222012","0.07115954160690308","0.07990767061710358"
"1908","0.07783565297722816","0.07207062840461731","0.09152267873287201","0.17224296927452087","0.15667620301246643","0.19283181428909302","0.12608854472637177","0.11943313479423523","0.1392233669757843","0.07804258354008198","0.0710669457912445","0.09167306125164032","0.07802141644060612","0.07050496339797974","0.0931951180100441"
"1909","0.07340076006948948","0.07018540054559708","0.07859013974666595","0.16362717747688293","0.15757852792739868","0.170407235622406","0.11629840483268102","0.11351396888494492","0.12041798233985901","0.07477237284183502","0.07006986439228058","0.08041843771934509","0.07369577512145042","0.06956750899553299","0.080088771879673"
"1910","0.07801657728850842","0.06956237554550171","0.08702664077281952","0.16610131040215492","0.15656137466430664","0.17120960354804993","0.12426853428284328","0.11153072863817215","0.13332241773605347","0.07992505840957165","0.07137482613325119","0.08768211305141449","0.07930824160575867","0.06962582468986511","0.08867168426513672"
"1911","0.07784819044172764","0.06919494271278381","0.08407067507505417","0.17290609702467918","0.16534283757209778","0.18019551038742065","0.12660107016563416","0.11992985010147095","0.13149230182170868","0.07860241457819939","0.07451586425304413","0.08375412225723267","0.07899796962738037","0.07334540039300919","0.08365936577320099"
"1912","0.07774706929922104","0.06983569264411926","0.08164514601230621","0.1659291721880436","0.15190352499485016","0.17445527017116547","0.12080710132916768","0.10822437703609467","0.13016675412654877","0.0787104070186615","0.07002858072519302","0.08343364298343658","0.07874000258743763","0.07101787626743317","0.08328443765640259"
"1913","0.07571761682629585","0.06830890476703644","0.08098897337913513","0.1656038649380207","0.1522456407546997","0.17341606318950653","0.12318001687526703","0.11143958568572998","0.13129892945289612","0.07598384842276573","0.06998579204082489","0.07980778813362122","0.07578039914369583","0.06934875249862671","0.08108397573232651"
"1914","0.0740459356456995","0.0700405165553093","0.07839636504650116","0.16558842733502388","0.1639033854007721","0.1690017431974411","0.1205694576104482","0.11642158031463623","0.1249845027923584","0.07509128749370575","0.07116998732089996","0.07843339443206787","0.07520215213298798","0.07006464898586273","0.07840578258037567"
"1915","0.07496427558362484","0.06923089176416397","0.07942698895931244","0.16926725953817368","0.15295402705669403","0.18194806575775146","0.11566757162412007","0.11242249608039856","0.12204071879386902","0.07560383342206478","0.06960122287273407","0.08027507364749908","0.07528158649802208","0.07053045928478241","0.07904686033725739"
"1916","0.07118288427591324","0.06812790036201477","0.0760425478219986","0.15828459709882736","0.15087202191352844","0.17135176062583923","0.1191599890589714","0.11750337481498718","0.12176206707954407","0.072011424228549","0.06853565573692322","0.0762457400560379","0.07177898846566677","0.06917516887187958","0.0762399435043335"
"1917","0.07672163471579552","0.06524630635976791","0.08552554249763489","0.1711513102054596","0.1463085263967514","0.18898580968379974","0.1194155290722847","0.10245699435472488","0.13599881529808044","0.07802292332053185","0.06505247950553894","0.08688311278820038","0.07802474498748779","0.06664150953292847","0.08642216771841049"
"1918","0.07245974242687225","0.06722880899906158","0.07652420550584793","0.15462451800704002","0.149155855178833","0.16152890026569366","0.11694581061601639","0.11266420781612396","0.12008240818977356","0.07433917373418808","0.069658562541008","0.07897702604532242","0.07331853173673153","0.06858684122562408","0.07745315879583359"
"1919","0.08521340042352676","0.07398711144924164","0.09102318435907364","0.1745806708931923","0.16638371348381042","0.17977023124694824","0.1296751101811727","0.11761835217475891","0.13577577471733093","0.08547856099903584","0.07299056649208069","0.09055037796497345","0.08591958694159985","0.0741371363401413","0.0927177220582962"
"1920","0.0689275125041604","0.06091476231813431","0.08398005366325378","0.15938543155789375","0.14620709419250488","0.18315620720386505","0.12028113752603531","0.11090188473463058","0.1380254030227661","0.06985116563737392","0.06343784928321838","0.08227299153804779","0.07013889960944653","0.06314581632614136","0.08402179926633835"
"1921","0.0725148469209671","0.06420569121837616","0.08288566023111343","0.16157862544059753","0.14551076292991638","0.17698600888252258","0.12316252539555232","0.10860889405012131","0.13524925708770752","0.07430150918662548","0.06486619263887405","0.08564600348472595","0.07380861788988113","0.06418118625879288","0.0853683203458786"
"1922","0.08061163499951363","0.06851564347743988","0.09568678587675095","0.17384043708443642","0.15533408522605896","0.20184552669525146","0.12974844127893448","0.11012636870145798","0.14984360337257385","0.08229551836848259","0.07182899117469788","0.0939638614654541","0.08185897581279278","0.06979359686374664","0.09580843150615692"
"1923","0.0780161414295435","0.05737823247909546","0.09458308666944504","0.18406664207577705","0.15240061283111572","0.22509871423244476","0.13803625106811523","0.11877420544624329","0.1576225459575653","0.08030043262988329","0.06038777157664299","0.09835927188396454","0.07940505631268024","0.05938903987407684","0.0965539738535881"
"1924","0.07068151608109474","0.06347187608480453","0.07727042585611343","0.16081278398633003","0.15117773413658142","0.1690862625837326","0.11600291977326076","0.11073801666498184","0.12298795580863953","0.07222319394350052","0.06473278999328613","0.07901310920715332","0.07199335657060146","0.06459831446409225","0.07855412364006042"
"1925","0.06952837854623795","0.06724964827299118","0.07123498618602753","0.1581512875854969","0.14968426525592804","0.16433769464492798","0.11149268349011739","0.10962048172950745","0.1151532381772995","0.07116331346333027","0.07004161924123764","0.07210858166217804","0.07092247158288956","0.06946509331464767","0.07243642210960388"
"1926","0.07258468493819237","0.06889575719833374","0.07554894685745239","0.16180792450904846","0.154465913772583","0.17082519829273224","0.10977174838383992","0.10433056950569153","0.11346609890460968","0.07335334457457066","0.06966235488653183","0.07571910321712494","0.07320697791874409","0.06918029487133026","0.07559756189584732"
"1927","0.07833370380103588","0.07314012944698334","0.08713710308074951","0.17539258673787117","0.15985560417175293","0.19046539068222046","0.13308138151963553","0.11841931939125061","0.14322443306446075","0.08015378192067146","0.07189330458641052","0.08991330116987228","0.07960639335215092","0.07308978587388992","0.08854064345359802"
"1928","0.07437376119196415","0.06904451549053192","0.08539299666881561","0.17088064178824425","0.15634778141975403","0.20332956314086914","0.11460954944292705","0.11452953517436981","0.11471430957317352","0.0751369558274746","0.0697040930390358","0.08949791640043259","0.07541547901928425","0.06928199529647827","0.08776427060365677"
"1929","0.07482676021754742","0.06995417922735214","0.08760757744312286","0.17084836587309837","0.15664827823638916","0.19474197924137115","0.12404179324706395","0.11657952517271042","0.13838909566402435","0.07498404942452908","0.06968279182910919","0.08814504742622375","0.07530243322253227","0.07089059054851532","0.08756784349679947"
"1930","0.0772538110613823","0.06292235851287842","0.08836005628108978","0.1700434349477291","0.15263235569000244","0.195444718003273","0.13028515626986822","0.11880229413509369","0.14931032061576843","0.07761023007333279","0.0650738775730133","0.0894831195473671","0.07811990939080715","0.0641375333070755","0.0890863835811615"
"1931","0.07755697332322598","0.07304446399211884","0.08551619946956635","0.17406921088695526","0.16595128178596497","0.18534386157989502","0.12780128916104636","0.12151435017585754","0.13665208220481873","0.07963784039020538","0.0755254328250885","0.08620727807283401","0.07881306298077106","0.07447753101587296","0.08563397824764252"
"1932","0.08115287497639656","0.07640929520130157","0.08934494853019714","0.17803466320037842","0.16925019025802612","0.19078820943832397","0.13200893501440683","0.1266075074672699","0.13968460261821747","0.08267494663596153","0.07669949531555176","0.09148021787405014","0.08214654959738255","0.07634185254573822","0.09089210629463196"
"1933","0.07695537433028221","0.07252876460552216","0.08070480078458786","0.16750949621200562","0.16560007631778717","0.1717335730791092","0.1259976103901863","0.1228351816534996","0.1293208748102188","0.07835837826132774","0.07592034339904785","0.08028367161750793","0.07831821776926517","0.074709951877594","0.08104163408279419"
"1934","0.08175404369831085","0.0765760987997055","0.0873873382806778","0.18055128306150436","0.16694276034832","0.19292770326137543","0.13159540047248205","0.1240101084113121","0.14165136218070984","0.08286572247743607","0.07896371930837631","0.08587120473384857","0.08295253664255142","0.07771856337785721","0.08744346350431442"
"1935","0.08299128897488117","0.07084763050079346","0.09150803089141846","0.17478593438863754","0.16136661171913147","0.18705162405967712","0.12892087548971176","0.11581175774335861","0.13859370350837708","0.08417304046452045","0.07110230624675751","0.09290528297424316","0.08406129293143749","0.07210710644721985","0.09139426052570343"
"1936","0.07932905852794647","0.06476540118455887","0.09557173401117325","0.17615916207432747","0.16403238475322723","0.2015024572610855","0.1342394749323527","0.12458232045173645","0.14904597401618958","0.08039280213415623","0.06650352478027344","0.09718823432922363","0.08016243577003479","0.06523377448320389","0.09745210409164429"
"1937","0.06716682575643063","0.057829320430755615","0.08143103122711182","0.15453039482235909","0.13994579017162323","0.17440198361873627","0.1089855929215749","0.09634971618652344","0.12940379977226257","0.06819959823042154","0.059953417629003525","0.07947392761707306","0.0681128203868866","0.058964699506759644","0.08157417178153992"
"1938","0.0794441532343626","0.0703214630484581","0.09017028659582138","0.17107047513127327","0.15513469278812408","0.1961580216884613","0.12422151366869609","0.10771262645721436","0.14010293781757355","0.08002645149827003","0.0717112272977829","0.08976657688617706","0.08020183444023132","0.07141216099262238","0.09177539497613907"
"1939","0.0770448949187994","0.07175256311893463","0.08260313421487808","0.16243790462613106","0.15384158492088318","0.17151375114917755","0.11831799397865932","0.11701115220785141","0.1197994202375412","0.07933293096721172","0.07569200545549393","0.08532088994979858","0.0782370138913393","0.07293352484703064","0.08398650586605072"
"1940","0.07994273118674755","0.07033920288085938","0.0881449282169342","0.18271441385149956","0.16629484295845032","0.19403859972953796","0.13578949371973673","0.12472313642501831","0.14609625935554504","0.08140117302536964","0.07197896391153336","0.0900842472910881","0.08099043741822243","0.07101499289274216","0.08829256892204285"
"1941","0.07697256095707417","0.059778884053230286","0.1052248626947403","0.1683371588587761","0.14045341312885284","0.21413877606391907","0.1314622461795807","0.1035238653421402","0.16336384415626526","0.0784328281879425","0.060796886682510376","0.10843018442392349","0.07779934257268906","0.06083099544048309","0.10690273344516754"
"1942","0.07642031274735928","0.07270855456590652","0.08434417843818665","0.16946985572576523","0.15615642070770264","0.1822068989276886","0.12059689561525981","0.11201488971710205","0.13501101732254028","0.07753580994904041","0.07309973984956741","0.08682679384946823","0.07748269848525524","0.07394047826528549","0.08627200871706009"
"1943","0.07354321517050266","0.06814546138048172","0.08015280961990356","0.16696351394057274","0.1632070392370224","0.17422005534172058","0.12194883326689403","0.11723999679088593","0.12978363037109375","0.0749946366995573","0.07121492922306061","0.08018159121274948","0.07421118207275867","0.06922782957553864","0.08034111559391022"
"1944","0.07558469846844673","0.07401306927204132","0.07872467488050461","0.17225614190101624","0.16402548551559448","0.18118691444396973","0.11765693624814351","0.11257131397724152","0.12116394937038422","0.07555509544909","0.07281090319156647","0.08055567741394043","0.07610347308218479","0.07405370473861694","0.07920417189598083"
"1945","0.07337817549705505","0.06460803747177124","0.09105934202671051","0.1613931730389595","0.1462097465991974","0.18886807560920715","0.1107633039355278","0.10188312828540802","0.11700759083032608","0.0740327350795269","0.06395488977432251","0.09234122931957245","0.07399840094149113","0.06559993326663971","0.09048229455947876"
"1946","0.07690017111599445","0.07120876759290695","0.08528970181941986","0.170036680996418","0.16314147412776947","0.18168720602989197","0.11890290180842082","0.11355861276388168","0.12481198459863663","0.07803182117640972","0.07172545790672302","0.08666184544563293","0.077597601339221","0.07136474549770355","0.0852934867143631"
"1947","0.07939325459301472","0.07249557226896286","0.08859279751777649","0.1745712161064148","0.16232198476791382","0.18125569820404053","0.12808800488710403","0.1156669333577156","0.1352517008781433","0.08151533268392086","0.0726492628455162","0.09015236794948578","0.08104262873530388","0.07424375414848328","0.08872692286968231"
"1948","0.08089138567447662","0.07773645222187042","0.08471663296222687","0.17313207685947418","0.16538026928901672","0.18229520320892334","0.13329089681307474","0.13205403089523315","0.1347445249557495","0.08198950253427029","0.07955671846866608","0.08675169944763184","0.08194065652787685","0.07948736101388931","0.08551780879497528"
"1949","0.07878213562071323","0.07221134752035141","0.08838139474391937","0.172661941498518","0.15206514298915863","0.19473625719547272","0.12219916035731633","0.11019840836524963","0.14239069819450378","0.0796485897153616","0.06998597085475922","0.08901187032461166","0.07972923293709755","0.07221148163080215","0.08847999572753906"
"1950","0.07117032259702682","0.06557080149650574","0.07840961217880249","0.15758927911520004","0.15024539828300476","0.16809120774269104","0.11429985612630844","0.10619130730628967","0.11957424134016037","0.07182317413389683","0.06648997962474823","0.0776873379945755","0.07137365080416203","0.0659908652305603","0.078453928232193"
"1951","0.0759812667965889","0.06604728102684021","0.08869807422161102","0.17323555424809456","0.17061790823936462","0.17561697959899902","0.1258815973997116","0.12107150256633759","0.1352333426475525","0.07823508977890015","0.07123006880283356","0.0881667509675026","0.07762367837131023","0.06991108506917953","0.08885757625102997"
"1952","0.08089359290897846","0.07229038327932358","0.09107768535614014","0.17313648015260696","0.1618487536907196","0.19096440076828003","0.12234198798735936","0.11283466219902039","0.13781005144119263","0.08152636140584946","0.07213548570871353","0.09077180176973343","0.08094126544892788","0.07190079987049103","0.09117670357227325"
"1953","0.07896488346159458","0.07585640996694565","0.08447720110416412","0.16675541177392006","0.16324853897094727","0.17403897643089294","0.1268428514401118","0.11758476495742798","0.13602520525455475","0.07980419136583805","0.07674303650856018","0.08498743176460266","0.07951188087463379","0.07652971148490906","0.08472661674022675"
"1954","0.07552550919353962","0.06788298487663269","0.07951585948467255","0.16402100399136543","0.14455582201480865","0.17543382942676544","0.11996925373872121","0.11373730003833771","0.12413431704044342","0.07638254389166832","0.07014697790145874","0.08055601269006729","0.07555900327861309","0.06796939671039581","0.08111142367124557"
"1955","0.07470147125422955","0.06926645338535309","0.07918489724397659","0.1694764904677868","0.1599097102880478","0.17786762118339539","0.1264977753162384","0.11825285851955414","0.1326373964548111","0.07693439722061157","0.0750708132982254","0.08074180781841278","0.07654212042689323","0.07408544421195984","0.08045732229948044"
"1956","0.07233584672212601","0.06938387453556061","0.07625629007816315","0.16343522816896439","0.16008692979812622","0.16733567416667938","0.12209662298361461","0.11577551066875458","0.12738993763923645","0.07392126880586147","0.07119611650705338","0.07856877148151398","0.07333138212561607","0.07006899267435074","0.0778612494468689"
"1957","0.07989208772778511","0.06868257373571396","0.107775017619133","0.1776503100991249","0.1574498862028122","0.22379012405872345","0.13513673345247904","0.11514366418123245","0.17510616779327393","0.08284089900553226","0.06951279193162918","0.10946154594421387","0.08135927654802799","0.06919437646865845","0.10791675001382828"
"1958","0.06908070854842663","0.06781847029924393","0.07101467996835709","0.16049079596996307","0.15742595493793488","0.1661391705274582","0.11023108412822087","0.10707759857177734","0.11457203328609467","0.06964460760354996","0.06739239394664764","0.07276243716478348","0.06969060190021992","0.06807871907949448","0.07248429954051971"
"1959","0.08234199322760105","0.07515181601047516","0.08931675553321838","0.17222881689667702","0.16667941212654114","0.17776861786842346","0.1297474205493927","0.12606117129325867","0.13553714752197266","0.08273262903094292","0.07827724516391754","0.08863319456577301","0.08268032781779766","0.07700324803590775","0.08937472850084305"
"1960","0.0805459339171648","0.06377904117107391","0.09076104313135147","0.17765558511018753","0.14727751910686493","0.20200422406196594","0.12362965693076451","0.10201316326856613","0.14476394653320312","0.08308699913322926","0.06566543132066727","0.09378726780414581","0.08211035467684269","0.06500959396362305","0.09320739656686783"
"1961","0.07656566984951496","0.06790947914123535","0.08563190698623657","0.16856328397989273","0.14720994234085083","0.19031885266304016","0.12488411863644917","0.11249028146266937","0.13728049397468567","0.0776941180229187","0.06876896321773529","0.0889272540807724","0.07691966742277145","0.0684647411108017","0.08755320310592651"
"1962","0.07400771602988243","0.06710777431726456","0.0870530754327774","0.16508302465081215","0.1505509912967682","0.18068355321884155","0.11460905522108078","0.10800877958536148","0.12753894925117493","0.0741908848285675","0.06560974568128586","0.08509097993373871","0.0751389916986227","0.06713631749153137","0.08857499063014984"
"1963","0.08259244449436665","0.08015569299459457","0.0884450152516365","0.17338600754737854","0.16588105261325836","0.18370282649993896","0.12727531790733337","0.12419493496417999","0.13170383870601654","0.08324725367128849","0.07843935489654541","0.0914333388209343","0.08385155163705349","0.08065938949584961","0.09003308415412903"
"1964","0.08565101586282253","0.07599525898694992","0.10058337450027466","0.1765238530933857","0.1661844253540039","0.19551539421081543","0.12876330812772116","0.1268143355846405","0.13212324678897858","0.08700026571750641","0.0772431343793869","0.10405673086643219","0.08679153025150299","0.07685280591249466","0.10248249024152756"
"1965","0.0782486479729414","0.07299841940402985","0.08447366207838058","0.1723409965634346","0.16435883939266205","0.18021845817565918","0.12341133505105972","0.1147800013422966","0.13320627808570862","0.07980689033865929","0.07235799729824066","0.08643005788326263","0.07952503114938736","0.07315841317176819","0.08600731194019318"
"1966","0.0760078551247716","0.06116828694939613","0.08585618436336517","0.162346750497818","0.1437908262014389","0.17248660326004028","0.11543236672878265","0.10289786756038666","0.12407615780830383","0.07778890430927277","0.06257902830839157","0.0858968198299408","0.07710722647607327","0.06226936727762222","0.08607824146747589"
"1967","0.07407712750136852","0.0697072371840477","0.07981714606285095","0.16137444227933884","0.15243902802467346","0.16799315810203552","0.115287979443868","0.11337759345769882","0.1190856322646141","0.0748977679759264","0.07197070121765137","0.07714077830314636","0.07498639263212681","0.07163667678833008","0.07979840785264969"
"1968","0.07892278209328651","0.0673762708902359","0.08629295229911804","0.16781965643167496","0.1604355275630951","0.1795930713415146","0.12491955359776814","0.1114952564239502","0.13642220199108124","0.07881390489637852","0.06675867736339569","0.08590050041675568","0.07912396639585495","0.06854482740163803","0.08643944561481476"
"1969","0.08088725619018078","0.07111316919326782","0.0896027460694313","0.16877036541700363","0.15285122394561768","0.1904398649930954","0.12117636948823929","0.11384511739015579","0.1331450343132019","0.08335962891578674","0.07305166870355606","0.09314814954996109","0.08265579678118229","0.07113528996706009","0.09169226884841919"
"1970","0.0751747116446495","0.06498518586158752","0.08698049932718277","0.16187038272619247","0.15121926367282867","0.17438507080078125","0.11889499674240749","0.10515722632408142","0.1301245540380478","0.0758548453450203","0.06570665538311005","0.08769958466291428","0.07588090188801289","0.06500192731618881","0.08712206780910492"
"1971","0.07425080426037312","0.06732864677906036","0.08079002797603607","0.15889828279614449","0.14776085317134857","0.17761045694351196","0.11897908647855122","0.11281818151473999","0.12867942452430725","0.07528672739863396","0.06797978281974792","0.0835164338350296","0.07461239397525787","0.06754343956708908","0.08080214262008667"
"1972","0.07126067765057087","0.06552642583847046","0.07678598165512085","0.16372541338205338","0.15996932983398438","0.17012275755405426","0.12258623043696086","0.11330173909664154","0.130605086684227","0.07309892401099205","0.06971648335456848","0.07671096175909042","0.07294794358313084","0.06843477487564087","0.07679587602615356"
"1973","0.08141314797103405","0.07913272082805634","0.08315020799636841","0.16528236865997314","0.1604558527469635","0.16804279386997223","0.12267405291398366","0.11767463386058807","0.12783724069595337","0.08154665865004063","0.07730620354413986","0.08442344516515732","0.0827653519809246","0.08095744252204895","0.08471831679344177"
"1974","0.07483714260160923","0.06719011813402176","0.08580461144447327","0.1643543690443039","0.15531224012374878","0.1784471571445465","0.12185531109571457","0.11002526432275772","0.13174906373023987","0.0769672654569149","0.06711829453706741","0.09001266956329346","0.0758576262742281","0.06728478521108627","0.08689326047897339"
"1975","0.07399819791316986","0.06498941779136658","0.08572922646999359","0.16445787250995636","0.14869296550750732","0.19024524092674255","0.1150806372364362","0.10944288969039917","0.12111546099185944","0.07600205019116402","0.0662865936756134","0.08914107084274292","0.0754733681678772","0.06486370414495468","0.08773535490036011"
"1976","0.08010841347277164","0.06763087213039398","0.09264220297336578","0.17695700377225876","0.16073304414749146","0.20408767461776733","0.12955029805501303","0.11146512627601624","0.15114858746528625","0.0801323689520359","0.06777677685022354","0.093488410115242","0.08020588383078575","0.0686616525053978","0.09289900958538055"
"1977","0.07690772973001003","0.05829242616891861","0.08625704795122147","0.17098842188715935","0.14789339900016785","0.1849675476551056","0.12294650077819824","0.10411497950553894","0.13758999109268188","0.0787455178797245","0.06203126162290573","0.08598506450653076","0.07828904781490564","0.061605047434568405","0.08758655935525894"
"1978","0.0865884106606245","0.07235543429851532","0.09982706606388092","0.19092267751693726","0.17090661823749542","0.20917373895645142","0.1409535308678945","0.12645180523395538","0.1541166454553604","0.0877629704773426","0.07358154654502869","0.1027974933385849","0.0873606912791729","0.072980135679245","0.10149838030338287"
"1979","0.07403570227324963","0.06159296631813049","0.08521097898483276","0.16203539445996284","0.14188744127750397","0.18515214323997498","0.1192053680618604","0.10299824923276901","0.14035707712173462","0.07511197961866856","0.06309839338064194","0.08575655519962311","0.0752390269190073","0.06282193213701248","0.08692808449268341"
"1980","0.08332603611052036","0.08158448338508606","0.08674825727939606","0.17591436579823494","0.164778470993042","0.19421479105949402","0.1299432913462321","0.12416218221187592","0.140495166182518","0.08379508182406425","0.08022972196340561","0.08686523884534836","0.08431251533329487","0.08222757279872894","0.08629250526428223"
"1981","0.07040905579924583","0.061287976801395416","0.07709088176488876","0.15678688138723373","0.142940491437912","0.1652916669845581","0.10960331310828526","0.10016530752182007","0.11706162244081497","0.07092737406492233","0.06201066076755524","0.07638901472091675","0.07091049663722515","0.061643876135349274","0.07836649566888809"
"1982","0.0792682096362114","0.068051777780056","0.08764347434043884","0.1676800735294819","0.14959800243377686","0.17682233452796936","0.12279927730560303","0.1038198471069336","0.13324452936649323","0.08135051839053631","0.06829364597797394","0.08729954063892365","0.08133792504668236","0.06945741921663284","0.08782263100147247"
"1983","0.07798664458096027","0.07161106169223785","0.09229245781898499","0.16789964213967323","0.14973920583724976","0.1865980476140976","0.1253122240304947","0.1095471978187561","0.1402265429496765","0.07980976812541485","0.07271353900432587","0.09076356887817383","0.0797360148280859","0.07277863472700119","0.09247517585754395"
"1984","0.07411422021687031","0.0700618326663971","0.07766702771186829","0.16214288026094437","0.15758934617042542","0.1697567105293274","0.11604172239700954","0.11228783428668976","0.12185455113649368","0.07545822113752365","0.07238693535327911","0.07891813665628433","0.07483774237334728","0.07140964269638062","0.07777895778417587"
"1985","0.07390051893889904","0.06598159670829773","0.08824428170919418","0.1626945100724697","0.14807312190532684","0.17293527722358704","0.11693489799896876","0.10181372612714767","0.12914812564849854","0.07492774911224842","0.06600368022918701","0.08921514451503754","0.0747602004557848","0.06591924279928207","0.08988236635923386"
"1986","0.08701449260115623","0.08246152102947235","0.09788541495800018","0.17990754917263985","0.17044347524642944","0.19479067623615265","0.13144962986310324","0.1300399750471115","0.13332177698612213","0.08841809071600437","0.08265490084886551","0.10148636996746063","0.08796588331460953","0.08216391503810883","0.09957398474216461"
"1987","0.07395644579082727","0.059874337166547775","0.08257867395877838","0.16566263884305954","0.1446937620639801","0.18206247687339783","0.11814937243858974","0.09716380387544632","0.1360662281513214","0.07522614113986492","0.06143166869878769","0.08446194231510162","0.07470087334513664","0.060654692351818085","0.08402913808822632"
"1988","0.0705445222556591","0.06233925372362137","0.07714247703552246","0.1689600571990013","0.15201081335544586","0.1887151151895523","0.12017141530911128","0.1121753454208374","0.13260430097579956","0.07017359510064125","0.06342394649982452","0.07603676617145538","0.07055550627410412","0.06251407414674759","0.07662263512611389"
"1989","0.07517993822693825","0.06763431429862976","0.08295150101184845","0.16509544849395752","0.16028329730033875","0.1721448451280594","0.12141052881876628","0.11683967709541321","0.12924937903881073","0.07731176726520061","0.06858399510383606","0.0860888883471489","0.07633978128433228","0.06838057190179825","0.08437156677246094"
"1990","0.07526644133031368","0.06261495500802994","0.0857633501291275","0.16495299711823463","0.145840123295784","0.17937231063842773","0.12030550092458725","0.10619716346263885","0.1320188045501709","0.07722499966621399","0.065937340259552","0.08558043837547302","0.07711749896407127","0.06568126380443573","0.08592316508293152"
"1991","0.07472332939505577","0.06800859421491623","0.08304520696401596","0.1564020775258541","0.15092167258262634","0.16273202002048492","0.11689040809869766","0.10326411575078964","0.12999901175498962","0.07571174763143063","0.0669853687286377","0.08153855055570602","0.07577888295054436","0.06919001042842865","0.08112592995166779"
"1992","0.07293288595974445","0.06390161067247391","0.07910170406103134","0.15589092671871185","0.140188530087471","0.1647340953350067","0.11379782855510712","0.10359913855791092","0.12877888977527618","0.07425350695848465","0.06380944699048996","0.0831378623843193","0.07410169951617718","0.06392066925764084","0.08264873921871185"
"1993","0.07194259390234947","0.0649789571762085","0.07653545588254929","0.16234136000275612","0.15681619942188263","0.16923914849758148","0.11140316476424535","0.10559926927089691","0.11707038432359695","0.07207386009395123","0.06392520666122437","0.07694633305072784","0.07231512665748596","0.06518372893333435","0.0758897066116333"
"1994","0.07215006463229656","0.0618460476398468","0.08571646362543106","0.1643037237226963","0.147246316075325","0.17835865914821625","0.11838818341493607","0.10920773446559906","0.13337351381778717","0.07319927867501974","0.062453072518110275","0.08323794603347778","0.07316647190600634","0.062081869691610336","0.08562986552715302"
"1995","0.08004309795796871","0.06904274970293045","0.08793847262859344","0.1768449880182743","0.1641586273908615","0.18615837395191193","0.12538216014703116","0.11326666176319122","0.13687455654144287","0.08131995797157288","0.07212640345096588","0.08849147707223892","0.08152642659842968","0.07190369069576263","0.08966395258903503"
"1996","0.07892795465886593","0.06540177762508392","0.0879458636045456","0.16806689649820328","0.16003024578094482","0.1770050823688507","0.1199047714471817","0.10931158065795898","0.12992708384990692","0.07900809496641159","0.06441081315279007","0.08819380402565002","0.07890218123793602","0.06656606495380402","0.08692282438278198"
"1997","0.07357384450733662","0.068496473133564","0.07802081853151321","0.16620244085788727","0.1599702090024948","0.1743645817041397","0.1234066088994344","0.11163194477558136","0.1309162825345993","0.07371407188475132","0.06986873596906662","0.07727064937353134","0.07430101931095123","0.06940028816461563","0.07797206193208694"
"1998","0.0780765525996685","0.057135581970214844","0.09041151404380798","0.17118851467967033","0.14793376624584198","0.19372162222862244","0.12325453013181686","0.0983949527144432","0.15138529241085052","0.07900380808860064","0.05883624777197838","0.09199218451976776","0.07861145492643118","0.05828282609581947","0.09156732261180878"
"1999","0.07577713765203953","0.06605447828769684","0.08974726498126984","0.17268701642751694","0.1589955985546112","0.20195788145065308","0.12317488590876262","0.10907821357250214","0.14547444880008698","0.0759028010070324","0.06627108156681061","0.08892922848463058","0.0760967805981636","0.06601066142320633","0.09137669205665588"
"2000","0.06820704787969589","0.06116705387830734","0.08040739595890045","0.15388542786240578","0.13881757855415344","0.17133671045303345","0.11243026206890742","0.09947161376476288","0.126875102519989","0.06923123821616173","0.06179593503475189","0.08232611417770386","0.06905101705342531","0.062421102076768875","0.08176581561565399"
"2001","0.07896615006029606","0.07246676087379456","0.08686021715402603","0.1793784275650978","0.1731279492378235","0.18222299218177795","0.12933324774106345","0.12756268680095673","0.1309417188167572","0.08035094290971756","0.0725608766078949","0.09054698795080185","0.07935470156371593","0.07162309437990189","0.08843611180782318"
"2002","0.0749406386166811","0.06702528148889542","0.08435261249542236","0.154712226241827","0.14389148354530334","0.1671958565711975","0.11603680501381557","0.11003299057483673","0.12709835171699524","0.07657706364989281","0.06979497522115707","0.08461837470531464","0.07596024498343468","0.06870990991592407","0.08430401980876923"
"2003","0.07669632323086262","0.07074419409036636","0.08665107935667038","0.1685994155704975","0.16186735033988953","0.1767614483833313","0.12302247434854507","0.11844076961278915","0.13097544014453888","0.0780926551669836","0.07300325483083725","0.0861564427614212","0.07848527655005455","0.07309360802173615","0.08671773225069046"
"2004","0.08395525813102722","0.07169021666049957","0.09051693975925446","0.17733071744441986","0.16668787598609924","0.1979265660047531","0.1288007547458013","0.11765480041503906","0.14151236414909363","0.08596108853816986","0.0734705999493599","0.095853291451931","0.08565094694495201","0.07305605709552765","0.0941004753112793"
"2005","0.07261609099805355","0.06427069008350372","0.08412699401378632","0.16463793069124222","0.14837199449539185","0.19053685665130615","0.12368773420651753","0.11215315759181976","0.1407761573791504","0.07378023117780685","0.06571656465530396","0.08666152507066727","0.07358624786138535","0.06474392116069794","0.08633077144622803"
"2006","0.07552025839686394","0.06907933950424194","0.08077822625637054","0.16593199968338013","0.15987879037857056","0.1743735373020172","0.12131872028112411","0.11173102259635925","0.12747378647327423","0.07694942690432072","0.07108452916145325","0.08033228665590286","0.0770569909363985","0.0707242339849472","0.08102516084909439"
"2007","0.07958942279219627","0.07088212668895721","0.09494291245937347","0.16783610731363297","0.15073063969612122","0.1926715224981308","0.12720678249994913","0.11323720961809158","0.14706990122795105","0.08037208393216133","0.07281817495822906","0.09685772657394409","0.0804167129099369","0.07150258123874664","0.09682396054267883"
"2008","0.08255387097597122","0.07880262285470963","0.0866573378443718","0.17790750786662102","0.17028185725212097","0.18822693824768066","0.1282153526941935","0.126839280128479","0.13095736503601074","0.08405748568475246","0.07999593764543533","0.08925554156303406","0.08344186469912529","0.07959804683923721","0.0874529629945755"
"2009","0.07051223330199718","0.06579742580652237","0.08225665986537933","0.15396636724472046","0.1422187089920044","0.17100264132022858","0.11431713898976643","0.10309113562107086","0.1251010149717331","0.07029852643609047","0.06484134495258331","0.08153489232063293","0.07076495513319969","0.06390032917261124","0.08370174467563629"
"2010","0.07445751875638962","0.06927352398633957","0.08597628027200699","0.16743147373199463","0.15830086171627045","0.19050054252147675","0.12347722550233205","0.11599047482013702","0.13830633461475372","0.07626065239310265","0.0707215741276741","0.08896791189908981","0.07551960274577141","0.06960435956716537","0.08847583830356598"
"2011","0.08440508879721165","0.0757187008857727","0.09971030056476593","0.17108716815710068","0.15550121665000916","0.19430413842201233","0.13537172973155975","0.123074010014534","0.15552031993865967","0.08605434559285641","0.07758942991495132","0.10027879476547241","0.08540226332843304","0.07726281881332397","0.09977522492408752"
"2012","0.07840284518897533","0.06698474287986755","0.09826323390007019","0.16388433799147606","0.14978384971618652","0.19030442833900452","0.1245487630367279","0.11243994534015656","0.14615748822689056","0.08028493076562881","0.06881984323263168","0.10217147320508957","0.07979701831936836","0.06790081411600113","0.10161532461643219"
"2013","0.070986058562994","0.06724448502063751","0.07679302245378494","0.15915707871317863","0.14755739271640778","0.17343884706497192","0.10859957337379456","0.10102005302906036","0.11836722493171692","0.07147868163883686","0.06592827290296555","0.07805418968200684","0.07169385068118572","0.0680450052022934","0.07816726714372635"
"2014","0.07570936158299446","0.07381848990917206","0.07740344852209091","0.17075830325484276","0.16492119431495667","0.18134605884552002","0.11791307479143143","0.11703819781541824","0.11946583539247513","0.07794017344713211","0.0751810073852539","0.0836535319685936","0.07755614630877972","0.07554032653570175","0.0821273922920227"
"2015","0.07581323198974133","0.06714271754026413","0.08133354783058167","0.1582474634051323","0.1445140391588211","0.1678369641304016","0.11967840542395909","0.11542075127363205","0.12298445403575897","0.0759662389755249","0.06794315576553345","0.08178219944238663","0.07571315579116344","0.0671648383140564","0.08146422356367111"
"2016","0.08170859701931477","0.07625944167375565","0.08539751172065735","0.17130142450332642","0.16103887557983398","0.1786063313484192","0.12548715124527612","0.1171625480055809","0.13410133123397827","0.08185268938541412","0.0746462345123291","0.08826503902673721","0.08176201209425926","0.07641364634037018","0.08676611632108688"
"2017","0.07643838971853256","0.06703311949968338","0.0853826254606247","0.16559841483831406","0.15677893161773682","0.17630532383918762","0.12484221905469894","0.12024237960577011","0.1303183138370514","0.07847487926483154","0.06993760913610458","0.08587436378002167","0.07773424685001373","0.06894706934690475","0.08550567179918289"
"2018","0.07447483949363232","0.06707287579774857","0.08331526815891266","0.16260742768645287","0.14794157445430756","0.17634618282318115","0.12526429941256842","0.11496688425540924","0.13594068586826324","0.07514631189405918","0.06604734063148499","0.08260859549045563","0.07520698942244053","0.06575381010770798","0.0835074931383133"
"2019","0.07795350439846516","0.06945479661226273","0.09662943333387375","0.16940832138061523","0.15581220388412476","0.1948237419128418","0.124628280599912","0.11177580058574677","0.14884905517101288","0.07832081988453865","0.06805930286645889","0.09775599837303162","0.07844783365726471","0.0693531185388565","0.09842690080404282"
"2020","0.07726885937154293","0.07072187215089798","0.08628204464912415","0.16236858814954758","0.14978349208831787","0.17625689506530762","0.12381185591220856","0.12001954019069672","0.13105535507202148","0.0778361726552248","0.07342933118343353","0.08529651165008545","0.07785174623131752","0.07234075665473938","0.0862995982170105"
"2021","0.07084942981600761","0.06768540292978287","0.07808341830968857","0.1542336791753769","0.1469540297985077","0.16525931656360626","0.11541187763214111","0.11002589762210846","0.12302245199680328","0.07204036973416805","0.06837993860244751","0.07970156520605087","0.07184063829481602","0.06837945431470871","0.07908731698989868"
"2022","0.0730879120528698","0.06441427767276764","0.07874344289302826","0.15783143788576126","0.14556896686553955","0.1691984385251999","0.11423479268948238","0.10488484054803848","0.12166070193052292","0.0737373549491167","0.06401614844799042","0.08023623377084732","0.07358983904123306","0.06373311579227448","0.08029474318027496"
"2023","0.0810468029230833","0.07636560499668121","0.08966737985610962","0.17145321890711784","0.15902450680732727","0.18422085046768188","0.12293106814225514","0.11518658697605133","0.13185825943946838","0.08175511844456196","0.07653523236513138","0.09062665700912476","0.08137461543083191","0.07745230942964554","0.08930447697639465"
"2025","0.07827775925397873","0.07064109295606613","0.08802098780870438","0.16794076934456825","0.14808575809001923","0.1878339946269989","0.13000093400478363","0.11932685971260071","0.14137722551822662","0.07862580567598343","0.06989770382642746","0.08823054283857346","0.07820279709994793","0.06880053132772446","0.08775973320007324"
"2026","0.07711225375533104","0.06227182596921921","0.08546653389930725","0.1663614809513092","0.14055410027503967","0.17766937613487244","0.11775434265534084","0.09635595232248306","0.1285952627658844","0.07814624160528183","0.06381281465291977","0.08562187850475311","0.07737115025520325","0.06325790286064148","0.08514782041311264"
"2027","0.07162131555378437","0.06874300539493561","0.0774967223405838","0.1653156466782093","0.15544521808624268","0.18300840258598328","0.10694262633721034","0.10398587584495544","0.109291672706604","0.0731168407946825","0.06778399646282196","0.0813557580113411","0.07257572934031487","0.06890994310379028","0.07975317537784576"
"2028","0.08131153509020805","0.07419455051422119","0.09532824158668518","0.18038462847471237","0.16656385362148285","0.19596071541309357","0.13136615604162216","0.1187443807721138","0.1476767510175705","0.08280566148459911","0.07616424560546875","0.09707469493150711","0.08261214382946491","0.07611994445323944","0.09681297093629837"
"2029","0.07757270149886608","0.07194975018501282","0.08555097132921219","0.16216470301151276","0.1533198356628418","0.1748494803905487","0.12138340870539348","0.11583878099918365","0.13076390326023102","0.07852165959775448","0.0744461715221405","0.08574806153774261","0.07827877253293991","0.07346869260072708","0.08524488657712936"
"2030","0.0855832789093256","0.07044282555580139","0.09983289986848831","0.17436698079109192","0.1506916880607605","0.18769320845603943","0.13688492278258005","0.12884759902954102","0.1450742781162262","0.08517885394394398","0.07136930525302887","0.09965524077415466","0.08583915792405605","0.07033657282590866","0.10137441009283066"
"2031","0.07728749886155128","0.0697346031665802","0.08521996438503265","0.17133388295769691","0.15277770161628723","0.19596907496452332","0.1257347265879313","0.10941176116466522","0.14025896787643433","0.0771978385746479","0.06870091706514359","0.08622913807630539","0.07843673229217529","0.07012036442756653","0.08678801357746124"
"2032","0.07194419763982296","0.06488136947154999","0.07802486419677734","0.16262304037809372","0.1447353959083557","0.17671746015548706","0.12153040617704391","0.11256901174783707","0.12893334031105042","0.07290604524314404","0.06686867028474808","0.08069677650928497","0.07317281514406204","0.06581399589776993","0.08033861219882965"
"2033","0.08079011179506779","0.07302799820899963","0.08663986623287201","0.17027369886636734","0.15902484953403473","0.18532228469848633","0.12896699458360672","0.1212795153260231","0.13400910794734955","0.0818763542920351","0.07269664108753204","0.0880652591586113","0.08149030804634094","0.07308607548475266","0.08772055059671402"
"2034","0.07971207797527313","0.06682239472866058","0.09209512919187546","0.1726732701063156","0.15610960125923157","0.18567553162574768","0.12718411286671957","0.10953202843666077","0.13718371093273163","0.08127099834382534","0.06746916472911835","0.0926356241106987","0.08074184507131577","0.06676904112100601","0.09221093356609344"
"2035","0.07455718517303467","0.070749431848526","0.07822971045970917","0.16336983442306519","0.15331049263477325","0.17046959698200226","0.11881003280480702","0.10979966819286346","0.1302095651626587","0.07537700422108173","0.06922450661659241","0.0790390819311142","0.0756938736885786","0.07076404988765717","0.07872691005468369"
"2036","0.07772571593523026","0.07381455600261688","0.0854649767279625","0.16930120438337326","0.1584715098142624","0.1861499547958374","0.11786992351214091","0.11746152490377426","0.11818034201860428","0.07912489585578442","0.07479186356067657","0.08700047433376312","0.07866859063506126","0.07532413303852081","0.08568205684423447"
"2037","0.07268223166465759","0.06452900171279907","0.07758396863937378","0.16208133473992348","0.14582239091396332","0.17166483402252197","0.11785875260829926","0.10502266883850098","0.13049766421318054","0.07465834356844425","0.06448887288570404","0.08015116304159164","0.07432184554636478","0.06456426531076431","0.07976594567298889"
"2038","0.07945344969630241","0.07021153718233109","0.09202057868242264","0.1693595051765442","0.15336041152477264","0.1956605166196823","0.1307672088344892","0.11551769822835922","0.1416730284690857","0.0800692904740572","0.07062574476003647","0.09278620779514313","0.08040083944797516","0.07031441479921341","0.09352156519889832"
"2039","0.0756104476749897","0.06730572879314423","0.08383452147245407","0.16665368527173996","0.15135540068149567","0.1811188906431198","0.11993962774674098","0.10968921333551407","0.1294163167476654","0.07702218368649483","0.06858783960342407","0.08323489874601364","0.07658287696540356","0.06756743043661118","0.08398032933473587"
"2040","0.08062973245978355","0.0769914910197258","0.08426767587661743","0.16842858865857124","0.16049878299236298","0.1759006381034851","0.12393984198570251","0.11943018436431885","0.130560040473938","0.08251743018627167","0.07926729321479797","0.0869235172867775","0.08186911232769489","0.078969806432724","0.08551304042339325"
"2041","0.07887631468474865","0.06721772253513336","0.08395819365978241","0.17147064208984375","0.15147845447063446","0.18199250102043152","0.12807832409938177","0.12436873465776443","0.13250863552093506","0.08092581853270531","0.06987874209880829","0.08693277835845947","0.08024189993739128","0.06898856908082962","0.08615677058696747"
"2042","0.07273990847170353","0.0633607804775238","0.0779169425368309","0.15541056916117668","0.1386549174785614","0.16456542909145355","0.11951759954293568","0.11545373499393463","0.126249298453331","0.07408565655350685","0.06243571639060974","0.08023889362812042","0.07343962322920561","0.062031131237745285","0.07937515527009964"
"2043","0.0821645762771368","0.07286310195922852","0.0948524996638298","0.17579572647809982","0.16040164232254028","0.19744303822517395","0.13083352148532867","0.12139049172401428","0.14935609698295593","0.08399654924869537","0.07499970495700836","0.09663181751966476","0.08395864441990852","0.07477350533008575","0.0967194214463234"
"2044","0.07505587115883827","0.06723088771104813","0.0808994323015213","0.15911442786455154","0.15450337529182434","0.16478683054447174","0.11917393157879512","0.1067853644490242","0.12663674354553223","0.07528170011937618","0.06847633421421051","0.08128427714109421","0.07547489181160927","0.06858281046152115","0.08071775734424591"
"2045","0.08191717229783535","0.0610375851392746","0.09065068513154984","0.17229129001498222","0.14679861068725586","0.18856224417686462","0.12324729065100352","0.09914152324199677","0.13876500725746155","0.08313719742000103","0.06378977000713348","0.09266145527362823","0.08230265974998474","0.06208052486181259","0.09123076498508453"
"2046","0.07705932855606079","0.0734957605600357","0.08153671026229858","0.16453645750880241","0.15816453099250793","0.16851277649402618","0.12103854616483052","0.11501608788967133","0.1250198930501938","0.0785703957080841","0.07436838001012802","0.08620220422744751","0.07850270345807076","0.07482026517391205","0.08483889698982239"
"2047","0.07975653372704983","0.06680358946323395","0.10359156131744385","0.17195389419794083","0.15008912980556488","0.20796909928321838","0.12467380613088608","0.10775092989206314","0.15258409082889557","0.08066663891077042","0.0675349086523056","0.1031365692615509","0.08074581623077393","0.06768236309289932","0.10538575053215027"
"2048","0.07481622509658337","0.06810449063777924","0.08670078963041306","0.16318409889936447","0.1501467525959015","0.17871397733688354","0.12368528793255489","0.11653046309947968","0.13138934969902039","0.07642160169780254","0.06670743227005005","0.08984088897705078","0.0752771832048893","0.06580051779747009","0.088154137134552"
"2049","0.06820579245686531","0.06140532344579697","0.07499535381793976","0.15424122661352158","0.14361387491226196","0.16501908004283905","0.11187397440274556","0.1056135892868042","0.12200586497783661","0.06906675919890404","0.06256334483623505","0.07413071393966675","0.0689786421135068","0.06202707067131996","0.07503405213356018"
"2050","0.08165673911571503","0.07074175029993057","0.08688666671514511","0.17904037982225418","0.15269295871257782","0.20711439847946167","0.12696684648593268","0.11269364506006241","0.14051011204719543","0.0830719918012619","0.07097878307104111","0.08809544891119003","0.08322500810027122","0.07077934592962265","0.08816282451152802"
"2051","0.08166666887700558","0.0695493072271347","0.09786610305309296","0.17885256931185722","0.16139301657676697","0.20491445064544678","0.13012835383415222","0.11632847785949707","0.1526491940021515","0.08180783875286579","0.07000376284122467","0.09608792513608932","0.08201252296566963","0.06985637545585632","0.09786856174468994"
"2052","0.07135585136711597","0.05772354453802109","0.08211188018321991","0.15957104787230492","0.1474965363740921","0.17498625814914703","0.1086851457754771","0.09803617745637894","0.12156349420547485","0.07205033581703901","0.05934235081076622","0.08340724557638168","0.0720102097839117","0.05919605493545532","0.08209492266178131"
"2053","0.07513212412595749","0.06515268981456757","0.09306873381137848","0.16469787806272507","0.14778852462768555","0.19033662974834442","0.1259432708223661","0.11352021247148514","0.14503400027751923","0.07723189890384674","0.06874921172857285","0.0958605632185936","0.07685990631580353","0.068271204829216","0.09529940783977509"
"2054","0.07173262909054756","0.05920834094285965","0.08374686539173126","0.15683947131037712","0.14380691945552826","0.17074087262153625","0.11699003477891286","0.10985668003559113","0.12620075047016144","0.07354394160211086","0.06362356245517731","0.08228375017642975","0.07402630895376205","0.0628402903676033","0.08373832702636719"
"2055","0.07464752346277237","0.07124805450439453","0.08048836886882782","0.1676039770245552","0.1580691635608673","0.1802005171775818","0.12078272799650829","0.11245489120483398","0.12695683538913727","0.07718650437891483","0.07198046147823334","0.08235439658164978","0.0764459315687418","0.07253031432628632","0.08067862689495087"
"2056","0.0763173345476389","0.07369580864906311","0.08113183081150055","0.17260218039155006","0.16837438941001892","0.1787143349647522","0.1238511676589648","0.12127310782670975","0.1251632273197174","0.07924285717308521","0.07473374903202057","0.08463212102651596","0.07807567343115807","0.07378154247999191","0.08343395590782166"
"2057","0.08463413082063198","0.08196322619915009","0.0901230201125145","0.18476521968841553","0.17438577115535736","0.19680450856685638","0.13677387436230978","0.12958602607250214","0.14132730662822723","0.08636428602039814","0.08442389965057373","0.09081009030342102","0.08593574725091457","0.0832185447216034","0.0919138640165329"
"2058","0.06481093820184469","0.05754413083195686","0.07022076845169067","0.14644145593047142","0.13490469753742218","0.15845443308353424","0.0993109221259753","0.09410814940929413","0.10288485884666443","0.06596726179122925","0.05806923657655716","0.07484885305166245","0.0659545948728919","0.058600615710020065","0.07388977706432343"
"2059","0.07640643417835236","0.06549826264381409","0.09466023743152618","0.1634436920285225","0.14843064546585083","0.1836232990026474","0.13002758473157883","0.11150283366441727","0.1451173722743988","0.07677317969501019","0.06776176393032074","0.0931425467133522","0.07726112194359303","0.0667884573340416","0.09442842751741409"
"2060","0.07021460309624672","0.06254556775093079","0.07977378368377686","0.15687298774719238","0.1475675255060196","0.16910991072654724","0.11218070238828659","0.10316695272922516","0.12131126970052719","0.07091381773352623","0.06311914324760437","0.07978126406669617","0.07051994651556015","0.06269996613264084","0.07982727140188217"
"2061","0.08188191428780556","0.07721006870269775","0.08539550006389618","0.17351703345775604","0.1631690263748169","0.18307384848594666","0.13011136651039124","0.12503041326999664","0.13462167978286743","0.08222158998250961","0.07942119240760803","0.08580239117145538","0.08284389972686768","0.07848336547613144","0.08543261885643005"
"2062","0.07315487787127495","0.06434053182601929","0.08950860798358917","0.16350390017032623","0.15664474666118622","0.1780385971069336","0.11663614710172017","0.10985592007637024","0.12907394766807556","0.07521018944680691","0.06699581444263458","0.08921696245670319","0.0744221992790699","0.06612666696310043","0.08956308662891388"
"2063","0.08013384230434895","0.06835461407899857","0.08455835282802582","0.16937009245157242","0.15516826510429382","0.17623381316661835","0.1241539294521014","0.11100051552057266","0.13073723018169403","0.08180890791118145","0.07057318091392517","0.08965244144201279","0.08146600797772408","0.06979762017726898","0.08845476806163788"
"2064","0.08403616398572922","0.07785800844430923","0.08745573461055756","0.17708785086870193","0.16505908966064453","0.19027802348136902","0.13268922766049704","0.12867885828018188","0.14060735702514648","0.08508824929594994","0.07661403715610504","0.09006459265947342","0.08507819846272469","0.07790166139602661","0.0887431651353836"
"2065","0.07658521644771099","0.07149204611778259","0.08590390533208847","0.16540832445025444","0.1576317846775055","0.1785968542098999","0.12228068461020787","0.11189635097980499","0.13554315268993378","0.07857528328895569","0.07409025728702545","0.08905647695064545","0.07839970849454403","0.07434119284152985","0.08873352408409119"
"2066","0.08147993311285973","0.0712411031126976","0.09307098388671875","0.1793503202497959","0.15223462879657745","0.20976150035858154","0.12636452168226242","0.11329670995473862","0.15148411691188812","0.08367451094090939","0.07207836955785751","0.09637174010276794","0.08278985321521759","0.07120013236999512","0.09578274190425873"
"2067","0.07916692085564137","0.05576416105031967","0.09218301624059677","0.16582362353801727","0.13527116179466248","0.18533071875572205","0.11425754427909851","0.09183838963508606","0.12648740410804749","0.0798344723880291","0.056088000535964966","0.09583434462547302","0.08028351981192827","0.055704060941934586","0.09447108209133148"
"2068","0.07465347833931446","0.07286377996206284","0.07671160250902176","0.15852587670087814","0.152517631649971","0.1664753556251526","0.11846182495355606","0.11266330629587173","0.12491611391305923","0.07626599818468094","0.07419492304325104","0.07762651145458221","0.07565854676067829","0.07430469244718552","0.07741425186395645"
"2069","0.07245855405926704","0.06101944297552109","0.08781122416257858","0.16160127520561218","0.146785169839859","0.18363329768180847","0.11931843310594559","0.11186973750591278","0.1331162452697754","0.07415165938436985","0.0663292184472084","0.08490274101495743","0.07469460740685463","0.0656057596206665","0.08799082040786743"
"2070","0.07807638123631477","0.07247430086135864","0.0853961706161499","0.1623738445341587","0.15101367235183716","0.17367735505104065","0.12726632257302603","0.1203724667429924","0.13816334307193756","0.0784174632281065","0.07266592234373093","0.08638910949230194","0.07885955460369587","0.07254628837108612","0.0862770527601242"
"2071","0.07442144863307476","0.06834711879491806","0.08443094044923782","0.16611077263951302","0.15385496616363525","0.17825102806091309","0.11192599187294643","0.10743992030620575","0.11787978559732437","0.07678116485476494","0.06999930739402771","0.08605995774269104","0.07518289051949978","0.06954853236675262","0.08480768650770187"
"2072","0.07506912760436535","0.07159934192895889","0.07896361500024796","0.17113828286528587","0.15973341464996338","0.18492071330547333","0.11660654346148173","0.11264669895172119","0.12360607087612152","0.07724327221512794","0.0721927359700203","0.08159281313419342","0.07682741060853004","0.0717044398188591","0.08103426545858383"
"2073","0.07424947526305914","0.06203671917319298","0.08682437241077423","0.17376301810145378","0.15174517035484314","0.18785259127616882","0.12350224951903026","0.10111883282661438","0.13825246691703796","0.07546906359493732","0.06141675263643265","0.09017745405435562","0.07550745457410812","0.06309837847948074","0.08973658829927444"
"2074","0.07867332547903061","0.07242915034294128","0.08342424035072327","0.16517478972673416","0.15538346767425537","0.17517247796058655","0.12315787623325984","0.11881478130817413","0.12843196094036102","0.08043462596833706","0.07482492923736572","0.08740054070949554","0.08038418740034103","0.07480928301811218","0.08625777810811996"
"2075","0.08302480541169643","0.07488665729761124","0.1034427136182785","0.17188282683491707","0.16264303028583527","0.19478537142276764","0.1283983588218689","0.11725611239671707","0.14933833479881287","0.08497312664985657","0.07520821690559387","0.10383331030607224","0.08474976569414139","0.07490360736846924","0.10501028597354889"
"2076","0.07986435852944851","0.06932945549488068","0.086857371032238","0.17299269512295723","0.15175354480743408","0.18516011536121368","0.12712077299753824","0.11104591190814972","0.13846395909786224","0.08032370917499065","0.06961075961589813","0.08796060085296631","0.0800572969019413","0.06954881548881531","0.08845974504947662"
"2077","0.07728837616741657","0.07127915322780609","0.08811366558074951","0.1705073043704033","0.161103293299675","0.17559632658958435","0.12477207432190578","0.11854889243841171","0.1308782547712326","0.07757588475942612","0.07227660715579987","0.08758194744586945","0.0780581645667553","0.07206101715564728","0.0897546038031578"
"2078","0.07417410239577293","0.0643947571516037","0.08664889633655548","0.16339906305074692","0.14665642380714417","0.18309442698955536","0.12438047180573146","0.10925544053316116","0.13902005553245544","0.0755458977073431","0.06785161048173904","0.0847073495388031","0.07524377480149269","0.06699450314044952","0.08670703321695328"
"2079","0.08268662355840206","0.06727785617113113","0.09252610802650452","0.1790771223604679","0.16312876343727112","0.19140052795410156","0.1269632081190745","0.11124920845031738","0.14417074620723724","0.08515680953860283","0.0695863887667656","0.09329768270254135","0.08431098237633705","0.06855610013008118","0.09266044199466705"
"2080","0.07821164838969707","0.07033660262823105","0.08705040067434311","0.169589351862669","0.15448249876499176","0.17876599729061127","0.1267562434077263","0.12011633068323135","0.13317261636257172","0.07848985306918621","0.07018448412418365","0.08684092015028","0.07898293808102608","0.06990911066532135","0.08706682920455933"
"2081","0.07751920819282532","0.07031379640102386","0.08629903197288513","0.1676189973950386","0.1549290120601654","0.17997971177101135","0.12057502071062724","0.11246439814567566","0.13348440825939178","0.07867960073053837","0.07131852954626083","0.08572772890329361","0.07842257246375084","0.07160758227109909","0.0863555520772934"
"2082","0.06887697242200375","0.06372624635696411","0.07320579141378403","0.15817031636834145","0.14927589893341064","0.16239288449287415","0.112816222012043","0.10386781394481659","0.11738211661577225","0.07034698501229286","0.06510499119758606","0.07517054677009583","0.0698905773460865","0.06370081007480621","0.0745922327041626"
"2083","0.08081342466175556","0.07100169360637665","0.0881294459104538","0.17040130496025085","0.15375205874443054","0.18152223527431488","0.12989391883214316","0.12552908062934875","0.13547778129577637","0.08106173574924469","0.07220502197742462","0.08981840312480927","0.08095918223261833","0.0711674764752388","0.08925158530473709"
"2084","0.08278961107134819","0.07315686345100403","0.08927187323570251","0.17956484109163284","0.1670261174440384","0.19321319460868835","0.134383092323939","0.12217485904693604","0.14532864093780518","0.0836552046239376","0.07632741332054138","0.0921696275472641","0.08412680216133595","0.07515740394592285","0.09149852395057678"
"2085","0.0832446850836277","0.07945577800273895","0.08817873895168304","0.167672760784626","0.15679815411567688","0.18182161450386047","0.12921404341856638","0.12341247498989105","0.1394977867603302","0.08518998324871063","0.08142044395208359","0.09113439917564392","0.08456946350634098","0.08032478392124176","0.09097366780042648"
"2086","0.07214811816811562","0.06458666920661926","0.07783074676990509","0.16656053438782692","0.14901793003082275","0.176032155752182","0.11535228788852692","0.10315869003534317","0.12380033731460571","0.07371674291789532","0.06493445485830307","0.08133810013532639","0.07269003055989742","0.06472254544496536","0.07904809713363647"
"2087","0.08029471337795258","0.06680692732334137","0.08847527951002121","0.17640478163957596","0.15330539643764496","0.19092366099357605","0.12472349405288696","0.10771551728248596","0.13652226328849792","0.08337929844856262","0.07061635702848434","0.08982230722904205","0.08248932100832462","0.07045707106590271","0.0885343998670578"
"2088","0.08203716948628426","0.07430218160152435","0.09473039209842682","0.18738212808966637","0.16708630323410034","0.23548521101474762","0.11853709071874619","0.11495578289031982","0.12433940917253494","0.08318412862718105","0.07520049810409546","0.0979698970913887","0.08306404016911983","0.07515090703964233","0.09646172821521759"
"2089","0.07782874815165997","0.06983762234449387","0.08646026253700256","0.16920839995145798","0.1561255007982254","0.18048618733882904","0.12326889236768086","0.10852943360805511","0.131366565823555","0.07969952933490276","0.07235416024923325","0.08696931600570679","0.07892884686589241","0.07098405063152313","0.0865965336561203"
"2090","0.07304811105132103","0.06750914454460144","0.07863768935203552","0.17117375135421753","0.1665428727865219","0.1769079864025116","0.11775464564561844","0.11102131754159927","0.12491990625858307","0.0756632573902607","0.06851156800985336","0.08272554725408554","0.0748783964663744","0.06754317134618759","0.08166663348674774"
"2091","0.07564304210245609","0.06672339141368866","0.09035128355026245","0.16338126733899117","0.1524362862110138","0.18592806160449982","0.1210988958676656","0.10806112736463547","0.1406199187040329","0.07697924971580505","0.0673813670873642","0.09252020716667175","0.07635764591395855","0.06689373403787613","0.09182880818843842"
"2092","0.07035192102193832","0.06446830928325653","0.0734572559595108","0.1560956984758377","0.14902228116989136","0.1644471138715744","0.11068588991959889","0.10469721257686615","0.11537393927574158","0.07085666991770267","0.06538499146699905","0.07497144490480423","0.07041667401790619","0.06584766507148743","0.0739348903298378"
"2093","0.08050037175416946","0.07156887650489807","0.08944657444953918","0.164078988134861","0.1550387442111969","0.17235660552978516","0.121453195810318","0.11471910774707794","0.1315377652645111","0.08144831657409668","0.07213269919157028","0.08819890767335892","0.08116418309509754","0.07194308191537857","0.08967868983745575"
"2094","0.08014252595603466","0.07719939947128296","0.08386882394552231","0.1723824329674244","0.1613055020570755","0.18046052753925323","0.12439216673374176","0.11611989140510559","0.12891921401023865","0.08128637261688709","0.07771091163158417","0.08532558381557465","0.08078772574663162","0.07853313535451889","0.08482896536588669"
"2095","0.07523072138428688","0.06567251682281494","0.08211135119199753","0.16422805190086365","0.1485651433467865","0.17557761073112488","0.12335221221049626","0.12086599320173264","0.12523183226585388","0.07522368803620338","0.0672484040260315","0.08040545880794525","0.07619845122098923","0.06623905897140503","0.0833180621266365"
"2096","0.07935882173478603","0.07281744480133057","0.08609083294868469","0.17699234560132027","0.16585195064544678","0.18752431869506836","0.12659565856059393","0.11673503369092941","0.13593032956123352","0.080268369987607","0.0740995779633522","0.0871783047914505","0.08048945479094982","0.07376794517040253","0.08808594197034836"
"2097","0.07749072462320328","0.06921879947185516","0.08201216161251068","0.17248567193746567","0.1612222045660019","0.18757952749729156","0.12487621605396271","0.11966373771429062","0.133147194981575","0.0786234438419342","0.07224743813276291","0.08326686173677444","0.07865879312157631","0.07126916944980621","0.0828099176287651"
"2098","0.07317397184669971","0.06724267452955246","0.0795527845621109","0.1644434593617916","0.1471581906080246","0.18221846222877502","0.11678531517585118","0.10732138901948929","0.12846419215202332","0.07411828823387623","0.06820709258317947","0.08156852424144745","0.07353859022259712","0.06834177672863007","0.08096501976251602"
"2099","0.08275492861866951","0.07856571674346924","0.09041065722703934","0.17657901346683502","0.1669348180294037","0.19509589672088623","0.13472923636436462","0.12367068231105804","0.14895717799663544","0.08435245789587498","0.08005894720554352","0.09250859916210175","0.08359218761324883","0.07893099635839462","0.09208808839321136"
"2100","0.07497289031744003","0.06382668018341064","0.08327600359916687","0.16972888633608818","0.14593416452407837","0.18322765827178955","0.11979551116625468","0.09660753607749939","0.1323411464691162","0.07612305507063866","0.06356348842382431","0.08439923822879791","0.07588069140911102","0.06398630887269974","0.08457225561141968"
"2101","0.07705781608819962","0.07026003301143646","0.0857795774936676","0.16026338934898376","0.14669658243656158","0.17246079444885254","0.1219942569732666","0.11519060283899307","0.13334892690181732","0.07763355411589146","0.07108158618211746","0.08502940833568573","0.07733268663287163","0.07033458352088928","0.08471771329641342"
"2102","0.0768255777657032","0.06914814561605453","0.08428508788347244","0.16446657478809357","0.1520499587059021","0.17841105163097382","0.12014862149953842","0.11183035373687744","0.13507869839668274","0.0779735129326582","0.07041028141975403","0.08699073642492294","0.0775306485593319","0.07061124593019485","0.08647573739290237"
"2103","0.0790010616183281","0.07241547852754593","0.08403825014829636","0.16777751594781876","0.1544935405254364","0.18066641688346863","0.12076614300409953","0.11117283254861832","0.13100066781044006","0.08045737072825432","0.07417617738246918","0.08570508658885956","0.07964892871677876","0.07256773859262466","0.08529241383075714"
"2104","0.07185506075620651","0.06921537220478058","0.07506053894758224","0.16036666184663773","0.15781137347221375","0.16321775317192078","0.11455561220645905","0.11349448561668396","0.11610503494739532","0.07278171181678772","0.07210074365139008","0.0731184184551239","0.07315497286617756","0.07195208966732025","0.07524336129426956"
"2105","0.07812374457716942","0.07127594202756882","0.08433052897453308","0.17004970833659172","0.15988624095916748","0.1838359832763672","0.12864026178916296","0.12080683559179306","0.13503213226795197","0.08040952123701572","0.07353793829679489","0.0847867801785469","0.07944772206246853","0.07318288087844849","0.08434293419122696"
"2106","0.07270863279700279","0.06496421992778778","0.07816964387893677","0.15985360741615295","0.14982524514198303","0.1701602041721344","0.11431515961885452","0.1027025505900383","0.12448093295097351","0.07428553141653538","0.06568342447280884","0.07992967963218689","0.07400544546544552","0.06620927155017853","0.07994675636291504"
"2107","0.07234221883118153","0.06773564964532852","0.08139008283615112","0.1638750098645687","0.1528068482875824","0.18247541785240173","0.11336307972669601","0.10630360245704651","0.1253863275051117","0.07417271472513676","0.06811075657606125","0.08324876427650452","0.07319098338484764","0.06756822764873505","0.08149118721485138"
"2108","0.07734409719705582","0.06877686083316803","0.08218476176261902","0.16785281896591187","0.15539929270744324","0.1894664168357849","0.11965455363194148","0.10689912736415863","0.13448286056518555","0.07782408036291599","0.06782720237970352","0.0842122733592987","0.07828404009342194","0.06973225623369217","0.08319857716560364"
"2109","0.07237180881202221","0.06601546704769135","0.07933788746595383","0.15874283015727997","0.14958560466766357","0.16601532697677612","0.11428317427635193","0.10612381994724274","0.11917626857757568","0.07324251718819141","0.06873977184295654","0.07749390602111816","0.07337962463498116","0.06826868653297424","0.07940292358398438"
"2110","0.07384223863482475","0.06042645126581192","0.08115719258785248","0.16080636158585548","0.14169281721115112","0.17871496081352234","0.11529544740915298","0.10484793782234192","0.12216149270534515","0.07407683879137039","0.059735409915447235","0.0821923315525055","0.0738943051546812","0.05937869846820831","0.08097585290670395"
"2111","0.08134680986404419","0.07265233993530273","0.08991127461194992","0.17352478951215744","0.16041360795497894","0.1878344863653183","0.12974670777718225","0.11726778000593185","0.14462433755397797","0.08371267654001713","0.07116559147834778","0.09300196915864944","0.08311305567622185","0.07282059639692307","0.09269783645868301"
"2112","0.07780859619379044","0.07323925197124481","0.08465885370969772","0.17000222578644753","0.166648268699646","0.17278839647769928","0.12045801679293315","0.11787332594394684","0.12413311004638672","0.0801673661917448","0.07664580643177032","0.0861515924334526","0.07982579804956913","0.076335608959198","0.0847778394818306"
"2113","0.08696475625038147","0.0825977474451065","0.09131217002868652","0.18647649139165878","0.17528820037841797","0.21523910760879517","0.13759478429953256","0.12580296397209167","0.15758511424064636","0.08919401653110981","0.08273458480834961","0.09513472020626068","0.08837167173624039","0.0827600508928299","0.09341250360012054"
"2114","0.08515476994216442","0.07161760330200195","0.11170644313097","0.1790236197412014","0.15910346806049347","0.20780165493488312","0.14116003612677255","0.11775590479373932","0.16486713290214539","0.08768093213438988","0.07477015256881714","0.11127060651779175","0.08683249168097973","0.0738435685634613","0.11181369423866272"
"2115","0.0798564925789833","0.0756818950176239","0.08597289025783539","0.17366106808185577","0.1615801751613617","0.18432076275348663","0.12762135515610376","0.11703421920537949","0.1341092586517334","0.08008825220167637","0.07525621354579926","0.08512510359287262","0.08043332770466805","0.07605636119842529","0.08610880374908447"
"2116","0.07838992215692997","0.07454575598239899","0.0816405639052391","0.16704512014985085","0.16169661283493042","0.1709800362586975","0.11961011340220769","0.11783092468976974","0.12091401219367981","0.0781920924782753","0.0747077465057373","0.08169823884963989","0.07874258980154991","0.07361607253551483","0.08320924639701843"
"2117","0.07351021096110344","0.06474952399730682","0.0918290913105011","0.1598849631845951","0.14736773073673248","0.1870763599872589","0.10504537324110667","0.10000085085630417","0.10963229089975357","0.0750684030354023","0.0672709122300148","0.09430107474327087","0.07467803545296192","0.06707288324832916","0.09303760528564453"
"2118","0.07979334145784378","0.07694008946418762","0.08204441517591476","0.17098614946007729","0.16618628799915314","0.17815320193767548","0.11929245044787724","0.11504610627889633","0.12297996878623962","0.08121614344418049","0.07717880606651306","0.08515578508377075","0.08082393184304237","0.07700584828853607","0.08385756611824036"
"2119","0.07906302064657211","0.07271277904510498","0.089427150785923","0.17086482420563698","0.1598111242055893","0.18232963979244232","0.1245367353161176","0.11856968700885773","0.13570913672447205","0.0803948175162077","0.073492132127285","0.09205149114131927","0.07969957403838634","0.07297222316265106","0.09093178808689117"
"2120","0.08056190051138401","0.0735088586807251","0.08732941746711731","0.16588249057531357","0.15665937960147858","0.17686468362808228","0.12541116525729498","0.11553702503442764","0.13320226967334747","0.08274191431701183","0.07601022720336914","0.08883236348628998","0.08162892982363701","0.07484940439462662","0.08806522190570831"
"2121","0.07892055623233318","0.07491714507341385","0.08371427655220032","0.17239484563469887","0.1570955365896225","0.18645791709423065","0.12255656222502391","0.11411570012569427","0.13253545761108398","0.07862131297588348","0.07393521070480347","0.08379585295915604","0.07914323173463345","0.07631176710128784","0.08322938531637192"
"2122","0.07498246990144253","0.06860695034265518","0.08239533007144928","0.15690230205655098","0.14663107693195343","0.1680167019367218","0.11315598090489705","0.10440752655267715","0.12351249903440475","0.07597200945019722","0.0684344619512558","0.0855250209569931","0.07529816962778568","0.06872665137052536","0.08389872312545776"
"2123","0.0815088078379631","0.06922193616628647","0.08868203312158585","0.17016638815402985","0.1511586308479309","0.18138691782951355","0.13257655253012976","0.12411085516214371","0.1394738107919693","0.08194412104785442","0.07097157835960388","0.0890989676117897","0.0823348369449377","0.06989869475364685","0.08871366083621979"
"2124","0.07262041792273521","0.06458054482936859","0.08168237656354904","0.1634192280471325","0.15286970138549805","0.17217892408370972","0.12113826721906662","0.11493437737226486","0.13058972358703613","0.07407749630510807","0.06630843877792358","0.08038564771413803","0.07352474518120289","0.06523098796606064","0.08174674212932587"
"2125","0.07342165522277355","0.06699126213788986","0.07816485315561295","0.15663955733180046","0.15227007865905762","0.1612987369298935","0.11947108805179596","0.11035659164190292","0.1240774393081665","0.07448006980121136","0.07094761729240417","0.07904394716024399","0.07459963858127594","0.06971673667430878","0.07862871885299683"
"2126","0.07089673075824976","0.06180429086089134","0.08500440418720245","0.15260447934269905","0.1376880556344986","0.1725701540708542","0.11336875210205714","0.10048748552799225","0.1337108314037323","0.07200995739549398","0.061530131846666336","0.08581075072288513","0.07170084491372108","0.0617385059595108","0.08542187511920929"
"2127","0.07018984481692314","0.06934808194637299","0.07138632237911224","0.15287698060274124","0.1520419716835022","0.15485231578350067","0.11288797110319138","0.10940197110176086","0.11511345207691193","0.07142574340105057","0.06875108927488327","0.07281474769115448","0.07102910056710243","0.07038292288780212","0.07228827476501465"
"2128","0.07708960212767124","0.06729801744222641","0.08363104611635208","0.17323116585612297","0.15828019380569458","0.18439552187919617","0.12062214314937592","0.10893484950065613","0.1317267268896103","0.0785989798605442","0.06858555227518082","0.08552230894565582","0.07820645533502102","0.06809855252504349","0.08541101217269897"
"2129","0.08289583586156368","0.07631903141736984","0.09162276983261108","0.17062348872423172","0.1493115872144699","0.19005990028381348","0.12063830097516377","0.11159764230251312","0.12675954401493073","0.0827638991177082","0.07418951392173767","0.09359006583690643","0.08360463753342628","0.0764426738023758","0.09212037175893784"
"2130","0.07778092101216316","0.07134948670864105","0.08614760637283325","0.1662842072546482","0.15196087956428528","0.17841818928718567","0.11517635236183803","0.10614354908466339","0.12104981392621994","0.07916070148348808","0.07249113917350769","0.08821026980876923","0.07899806462228298","0.07251237332820892","0.08708490431308746"
"2131","0.0811711996793747","0.06823386251926422","0.08856186270713806","0.16854644194245338","0.14787527918815613","0.17688551545143127","0.12226610879103343","0.10700201988220215","0.1323806643486023","0.08264411240816116","0.06993329524993896","0.08953337371349335","0.08190225623548031","0.06978869438171387","0.08865027129650116"
"2132","0.07896547950804234","0.06972449272871017","0.08331608772277832","0.1670071966946125","0.16203942894935608","0.17261584103107452","0.12366803487141927","0.11630910634994507","0.12869156897068024","0.0799226351082325","0.07422947883605957","0.08279287815093994","0.07977648451924324","0.07289566844701767","0.08292090147733688"
"2133","0.0760885514318943","0.07147803902626038","0.08058927953243256","0.16063879430294037","0.15445666015148163","0.1669650375843048","0.11829658349355061","0.11291325837373734","0.12234106659889221","0.07724190689623356","0.07178008556365967","0.08290059864521027","0.07664512097835541","0.07156264781951904","0.08213993906974792"
"2134","0.07242560386657715","0.06793810427188873","0.07940533757209778","0.154989555478096","0.14432454109191895","0.173127681016922","0.11595785617828369","0.11023016273975372","0.1253235936164856","0.0728601049631834","0.06739640235900879","0.08077941089868546","0.07270019501447678","0.06799867749214172","0.08056358993053436"
"2135","0.08481133356690407","0.07503701746463776","0.10452145338058472","0.1689925231039524","0.1502070426940918","0.19994762539863586","0.13572295010089874","0.12155669927597046","0.16248907148838043","0.08624604903161526","0.07728694379329681","0.10574673116207123","0.08561556786298752","0.07624366134405136","0.10506714880466461"
"2136","0.07275571301579475","0.06636910140514374","0.07773792743682861","0.15895889326930046","0.14485986530780792","0.16731514036655426","0.11123505234718323","0.10333546996116638","0.11721040308475494","0.07417727448046207","0.0681084468960762","0.07750093191862106","0.07371961511671543","0.0674697682261467","0.07791970670223236"
"2137","0.07966373860836029","0.06354366987943649","0.09106004983186722","0.17575079202651978","0.14866095781326294","0.20939156413078308","0.12231916437546413","0.09995260834693909","0.14936091005802155","0.08102137595415115","0.0635567232966423","0.09417086094617844","0.08106792531907558","0.06360271573066711","0.09375593811273575"
"2138","0.09136982634663582","0.08474507927894592","0.10474824905395508","0.1869853101670742","0.1779191493988037","0.20799700915813446","0.14025110999743143","0.13070572912693024","0.1588362604379654","0.09253915213048458","0.08709507435560226","0.10542471706867218","0.09209650941193104","0.08570533990859985","0.10489966720342636"
"2139","0.08506099693477154","0.07802322506904602","0.1002001166343689","0.17900260537862778","0.16646891832351685","0.19478246569633484","0.1251059869925181","0.1179220974445343","0.13549983501434326","0.0870071854442358","0.07836151123046875","0.10430420935153961","0.08607106283307076","0.07803003489971161","0.10297539830207825"
"2140","0.07264596223831177","0.06400840729475021","0.08410430699586868","0.16734838113188744","0.15398037433624268","0.18679511547088623","0.11060916632413864","0.10530136525630951","0.11789429932832718","0.07391917146742344","0.06480388343334198","0.08641710877418518","0.0734913069754839","0.06485696882009506","0.08517858386039734"
"2141","0.07006496377289295","0.06583648175001144","0.075397789478302","0.1542218066751957","0.15113984048366547","0.15787768363952637","0.11238994697729747","0.10897506028413773","0.11568031460046768","0.07219232805073261","0.06789109855890274","0.07653114944696426","0.07145488448441029","0.06579786539077759","0.076997309923172"
"2142","0.07694386877119541","0.07388387620449066","0.0811086967587471","0.16003480926156044","0.15602155029773712","0.1638287901878357","0.11609391371409099","0.11200983822345734","0.12212620675563812","0.07773618772625923","0.07527579367160797","0.08227312564849854","0.07766753807663918","0.0741911306977272","0.08229927718639374"
"2143","0.07413087505847216","0.06110082194209099","0.08231973648071289","0.15782370790839195","0.1416083425283432","0.17168055474758148","0.10924239208300908","0.09954901784658432","0.11673100292682648","0.07529759034514427","0.06372027099132538","0.08110945671796799","0.07561885565519333","0.06345910578966141","0.08242587745189667"
"2144","0.07357492484152317","0.06821493059396744","0.08288732171058655","0.15815258771181107","0.1491391360759735","0.16574335098266602","0.11881617208321889","0.11429183185100555","0.12754787504673004","0.07457480952143669","0.07109199464321136","0.08200979232788086","0.07492033950984478","0.07024239003658295","0.08296568691730499"
"2145","0.07206993736326694","0.06790432333946228","0.07704731822013855","0.16218942031264305","0.1563313603401184","0.1685640513896942","0.114075668156147","0.11149457842111588","0.11596370488405228","0.07422121055424213","0.07100948691368103","0.07835721224546432","0.07368918880820274","0.06915505975484848","0.07701276242733002"
"2146","0.0746570285409689","0.06844651699066162","0.08098416030406952","0.16025708615779877","0.14821046590805054","0.16986685991287231","0.11476229876279831","0.10690689086914062","0.1279187798500061","0.07585988752543926","0.06879784166812897","0.08220511674880981","0.07544894330203533","0.06942432373762131","0.08170017600059509"
"2147","0.07901340536773205","0.0759958028793335","0.08333898335695267","0.16848676279187202","0.16001015901565552","0.17504850029945374","0.12423045684893926","0.1200546994805336","0.128961443901062","0.080226581543684","0.07425961643457413","0.08484658598899841","0.08031992241740227","0.07701814919710159","0.08441279828548431"
"2148","0.07820546440780163","0.07800759375095367","0.07852626591920853","0.17516087368130684","0.16053493320941925","0.18363222479820251","0.1226198598742485","0.11741893738508224","0.12612780928611755","0.08141251280903816","0.07993965595960617","0.08290393650531769","0.0800687950104475","0.07849688827991486","0.08152978867292404"
"2149","0.07072940655052662","0.06254981458187103","0.08353044092655182","0.15660488605499268","0.14314335584640503","0.18505844473838806","0.1154606466492017","0.10602225363254547","0.13210228085517883","0.07140477187931538","0.06257142126560211","0.08450508117675781","0.07148129120469093","0.062415823340415955","0.08533687889575958"
"2150","0.07377976551651955","0.06268851459026337","0.08552824705839157","0.1627597026526928","0.14097367227077484","0.18999293446540833","0.1261592557032903","0.11894260346889496","0.14011742174625397","0.07430746033787727","0.06496590375900269","0.08323124796152115","0.07427568733692169","0.06396730244159698","0.08540815860033035"
"2151","0.0738028883934021","0.06688623875379562","0.08273550122976303","0.1640431433916092","0.15402942895889282","0.17744256556034088","0.12287283440430959","0.11190474033355713","0.13727134466171265","0.0751054659485817","0.06783999502658844","0.08544214814901352","0.07475619204342365","0.06674928963184357","0.08532854914665222"
"2152","0.07127614319324493","0.06296813488006592","0.08043244481086731","0.15799996256828308","0.14312578737735748","0.17565111815929413","0.11226062228282292","0.0974850207567215","0.12799516320228577","0.07276819832623005","0.06405157595872879","0.08343987911939621","0.07244898937642574","0.06396128982305527","0.08306276053190231"
"2153","0.0796321164816618","0.07099662721157074","0.09049586206674576","0.17208682000637054","0.15803349018096924","0.18248552083969116","0.12825184067090353","0.11737479269504547","0.1343701332807541","0.08083379827439785","0.0736539214849472","0.08962833136320114","0.081088000908494","0.07314493507146835","0.09195491671562195"
"2154","0.06968536600470543","0.06032542139291763","0.08435622602701187","0.15491468086838722","0.14098790287971497","0.1743754893541336","0.11894452820221584","0.110565185546875","0.1353435218334198","0.07051709853112698","0.059878893196582794","0.08417226374149323","0.07035654224455357","0.05952868610620499","0.08448241651058197"
"2155","0.07766487263143063","0.0707772970199585","0.08741093426942825","0.16967307031154633","0.15729713439941406","0.19138535857200623","0.12350196888049443","0.11414632201194763","0.13930390775203705","0.07999255135655403","0.07090932130813599","0.09024423360824585","0.07883519865572453","0.07075497508049011","0.08734538406133652"
"2156","0.08124523609876633","0.07221660763025284","0.08456726372241974","0.16909035667777061","0.1581486463546753","0.18117377161979675","0.11968621363242467","0.1119658350944519","0.12713390588760376","0.08153322711586952","0.07160764932632446","0.08713839203119278","0.08163012936711311","0.0713355541229248","0.08617383986711502"
"2157","0.07693610154092312","0.07069876790046692","0.08121825754642487","0.17003263160586357","0.16109077632427216","0.17437562346458435","0.12494599570830663","0.1221444308757782","0.12911313772201538","0.07786210253834724","0.07388968765735626","0.08192957192659378","0.07751124165952206","0.0725717768073082","0.08243682980537415"
"2158","0.07145125418901443","0.0689905509352684","0.07361984252929688","0.15367096662521362","0.14134147763252258","0.16364465653896332","0.10763855526844661","0.1040576696395874","0.11095795780420303","0.07416462898254395","0.07020951062440872","0.0789160281419754","0.07397823594510555","0.0700208842754364","0.07860785722732544"
"2159","0.07052440010011196","0.06264612078666687","0.08164405077695847","0.15390609577298164","0.14633207023143768","0.1674100011587143","0.11131101846694946","0.10298722982406616","0.12202420830726624","0.07140770927071571","0.06208890676498413","0.08235513418912888","0.07103807665407658","0.06273482739925385","0.08194871991872787"
"2160","0.07603523693978786","0.06888879090547562","0.08244815468788147","0.16316591948270798","0.16087298095226288","0.16680826246738434","0.11885447303454082","0.1141367107629776","0.12244097888469696","0.07628285698592663","0.0668826773762703","0.0848388522863388","0.07557988911867142","0.06643150001764297","0.08380784839391708"
"2161","0.08255860023200512","0.07397089153528214","0.09280411899089813","0.17799460142850876","0.16998156905174255","0.18678519129753113","0.13596893846988678","0.13034725189208984","0.1395668089389801","0.08495107479393482","0.07768620550632477","0.09394941478967667","0.0842785406857729","0.07665959000587463","0.09448396414518356"
"2162","0.07382897660136223","0.06962625682353973","0.0811166912317276","0.1626514084637165","0.1563638299703598","0.17050938308238983","0.11892840266227722","0.11152473092079163","0.12810026109218597","0.07526120729744434","0.07103969156742096","0.08191557228565216","0.07479947805404663","0.07096319645643234","0.08143971860408783"
"2163","0.08450121991336346","0.06789737939834595","0.09932808578014374","0.17528021335601807","0.15766002237796783","0.19683119654655457","0.13307355592648187","0.11725495010614395","0.1471961885690689","0.08513893373310566","0.07022973895072937","0.09824977070093155","0.08541976287961006","0.06917192041873932","0.09925811737775803"
"2164","0.06964456476271152","0.06119745969772339","0.0754501074552536","0.15413877367973328","0.13556793332099915","0.18128544092178345","0.11351893842220306","0.10371065884828568","0.12197475880384445","0.0700256023555994","0.061867162585258484","0.07577840983867645","0.06974743865430355","0.061765678226947784","0.0755387619137764"
"2166","0.07893962971866131","0.06662379205226898","0.08381082117557526","0.1660165935754776","0.14676284790039062","0.17928573489189148","0.1202193299929301","0.1044391393661499","0.12864907085895538","0.07939179800450802","0.06724247336387634","0.08444079011678696","0.07953868806362152","0.06609945744276047","0.08492186665534973"
"2167","0.07728932052850723","0.06031133234500885","0.08562396466732025","0.16548748686909676","0.14568619430065155","0.18126758933067322","0.11902277419964473","0.09581532329320908","0.1343470811843872","0.078840765170753","0.06008411571383476","0.08623886108398438","0.07935662195086479","0.0615401417016983","0.08571281284093857"
"2168","0.07857190072536469","0.06996159255504608","0.08561380207538605","0.16909536346793175","0.15710198879241943","0.1812344193458557","0.12247710426648457","0.10888214409351349","0.1293758600950241","0.08053688891232014","0.06914494186639786","0.0877801924943924","0.0802614614367485","0.07073777168989182","0.0874270349740982"
"2169","0.07641098089516163","0.06275967508554459","0.0863703191280365","0.1646806113421917","0.14139322936534882","0.17802852392196655","0.12175893535216649","0.10902934521436691","0.13522864878177643","0.07751264236867428","0.06409862637519836","0.08559305965900421","0.07743745855987072","0.06390375643968582","0.0860535129904747"
"2170","0.0786307342350483","0.07058857381343842","0.0880495011806488","0.1706732027232647","0.15656787157058716","0.17858479917049408","0.12473884969949722","0.12148286402225494","0.12918855249881744","0.0801270604133606","0.0721001848578453","0.08910611271858215","0.07946916110813618","0.07184241712093353","0.088324636220932"
"2171","0.07458092458546162","0.06462735682725906","0.08876227587461472","0.16802018135786057","0.1581091284751892","0.184568852186203","0.12414689113696416","0.11355946213006973","0.13718657195568085","0.07526147179305553","0.06541404873132706","0.0877445638179779","0.07546765357255936","0.06533746421337128","0.08777755498886108"
"2172","0.08289334550499916","0.0790708065032959","0.08787518739700317","0.17566123977303505","0.16734659671783447","0.18390455842018127","0.12645154943068823","0.12396354228258133","0.12981927394866943","0.08496682159602642","0.0794147476553917","0.08991865068674088","0.08424168080091476","0.08002521097660065","0.08881579339504242"
"2173","0.07409441471099854","0.06890150904655457","0.07842549681663513","0.1635928675532341","0.15587343275547028","0.16818174719810486","0.11658548812071483","0.11324569582939148","0.12199142575263977","0.07501079887151718","0.06978442519903183","0.08167485147714615","0.07417668588459492","0.06738150864839554","0.07983309030532837"
"2174","0.08012014627456665","0.06840308755636215","0.08613596856594086","0.16759880259633064","0.15442557632923126","0.17966151237487793","0.12756089866161346","0.12462060153484344","0.12917634844779968","0.08228273689746857","0.07172524929046631","0.08770107477903366","0.08132517710328102","0.06949296593666077","0.08733779937028885"
"2175","0.07887860760092735","0.07673986256122589","0.08107669651508331","0.16375324875116348","0.1612834483385086","0.1665501594543457","0.11956770718097687","0.11816269159317017","0.12123885750770569","0.08028305880725384","0.07915373146533966","0.0825384184718132","0.08038124069571495","0.07947113364934921","0.08226128667593002"
"2176","0.08159392140805721","0.06546705961227417","0.09660815447568893","0.1688060127198696","0.14405623078346252","0.1905425786972046","0.12027791142463684","0.10217501223087311","0.14360027015209198","0.08361215516924858","0.06797749549150467","0.09839184582233429","0.08230565674602985","0.06667805463075638","0.09796257317066193"
"2177","0.07377736456692219","0.06970604509115219","0.08296820521354675","0.15521397814154625","0.14966893196105957","0.16192495822906494","0.11304368078708649","0.10576733946800232","0.12557640671730042","0.0757176373153925","0.0705474242568016","0.08393648266792297","0.07466664910316467","0.07097586989402771","0.08341800421476364"
"2178","0.0757986567914486","0.07409438490867615","0.07700847834348679","0.1610437147319317","0.15763811767101288","0.1630900800228119","0.11681480209032695","0.11449306458234787","0.11886117607355118","0.07707125321030617","0.07441527396440506","0.0792517364025116","0.07683674246072769","0.07620041072368622","0.07830925285816193"
"2179","0.07970816642045975","0.07169987261295319","0.08741573989391327","0.16823576018214226","0.1519770622253418","0.18149203062057495","0.12173172334829967","0.11053219437599182","0.13680651783943176","0.08189758472144604","0.07200664281845093","0.09109329432249069","0.0803840346634388","0.07175806164741516","0.08920524269342422"
"2180","0.07436821237206459","0.0680467039346695","0.0831771194934845","0.164157897233963","0.15985330939292908","0.17303743958473206","0.11581265181303024","0.10826954245567322","0.11991199851036072","0.07617515698075294","0.06965402513742447","0.08688610792160034","0.07561881467700005","0.06950962543487549","0.0862712487578392"
"2181","0.07309511303901672","0.06754197180271149","0.0783786028623581","0.1602109782397747","0.14884981513023376","0.17711412906646729","0.11792539308468501","0.10738597810268402","0.12937816977500916","0.07386061549186707","0.0673394650220871","0.07876371592283249","0.0740246120840311","0.0688055232167244","0.07846871763467789"
"2182","0.07287192530930042","0.06301391124725342","0.08319854736328125","0.1525135077536106","0.13925480842590332","0.16511937975883484","0.11211936424175899","0.09550847858190536","0.12357495725154877","0.07375014573335648","0.0646044909954071","0.0826956033706665","0.07409296184778214","0.06429775804281235","0.08431484550237656"
"2183","0.08366640843451023","0.07186487317085266","0.09296590834856033","0.179852694272995","0.15732944011688232","0.201485738158226","0.1376327375570933","0.1313788890838623","0.14336612820625305","0.08473253063857555","0.07239994406700134","0.09292584657669067","0.08453193865716457","0.07301868498325348","0.09232886135578156"
"2184","0.07588919997215271","0.06609431654214859","0.0845663994550705","0.1675867773592472","0.15372832119464874","0.1851634383201599","0.1223749468723933","0.11180193722248077","0.1336052417755127","0.07782545685768127","0.06791103631258011","0.08813364803791046","0.0770430937409401","0.06672560423612595","0.08619648963212967"
"2185","0.0788552463054657","0.057993851602077484","0.0939200222492218","0.1686970815062523","0.13531620800495148","0.18458914756774902","0.12126773099104564","0.0977841168642044","0.13693638145923615","0.08055594749748707","0.05951201915740967","0.09463290870189667","0.07951731514185667","0.05898270383477211","0.09555051475763321"
"2186","0.08201100863516331","0.07350264489650726","0.09091775864362717","0.17542345821857452","0.1577579379081726","0.19450104236602783","0.12288996577262878","0.10987672209739685","0.14469853043556213","0.08416909351944923","0.0725996121764183","0.09456875175237656","0.08425687626004219","0.07481920719146729","0.09372685104608536"
"2187","0.06779905781149864","0.06487639993429184","0.07262679934501648","0.15168264508247375","0.14492109417915344","0.16048574447631836","0.10522888104120891","0.10286717116832733","0.10930009931325912","0.06893371976912022","0.06495438516139984","0.07703212648630142","0.06835978105664253","0.06584590673446655","0.07369643449783325"
"2188","0.08061635866761208","0.07473050057888031","0.08711808174848557","0.17834505438804626","0.1744460016489029","0.18205854296684265","0.13249650100866953","0.12988407909870148","0.13424143195152283","0.0816433485597372","0.07634270936250687","0.08782655000686646","0.08111182041466236","0.074376180768013","0.08870724588632584"
"2189","0.08043164573609829","0.06729898601770401","0.08973267674446106","0.169011652469635","0.15976332128047943","0.17768174409866333","0.12319408357143402","0.10849015414714813","0.13063567876815796","0.08198634348809719","0.06836104393005371","0.09413661807775497","0.0805285144597292","0.06806368380784988","0.09089387953281403"
"2190","0.0780179388821125","0.06877171248197556","0.08831357955932617","0.16551125422120094","0.15768466889858246","0.17543596029281616","0.12313003093004227","0.11860714852809906","0.13106369972229004","0.07845073379576206","0.06932991743087769","0.08665434271097183","0.07928982004523277","0.06847519427537918","0.08925306797027588"
"2191","0.07239306345582008","0.0683758482336998","0.07729655504226685","0.16369619220495224","0.1534382402896881","0.17832237482070923","0.11622505138317744","0.11004579067230225","0.12497777491807938","0.07302268967032433","0.07026440650224686","0.07795510441064835","0.07336538471281528","0.07094287872314453","0.07729558646678925"
"2192","0.08426144905388355","0.07581636309623718","0.10165173560380936","0.17239467427134514","0.15215232968330383","0.1895924210548401","0.13306821882724762","0.11971805989742279","0.1466396152973175","0.08363827876746655","0.07515977323055267","0.10124465078115463","0.08432087861001492","0.07658796012401581","0.10086529701948166"
"2193","0.08199098147451878","0.06743057817220688","0.09412865340709686","0.17156106606125832","0.1491784006357193","0.19151847064495087","0.1313066134850184","0.12194056808948517","0.1404140293598175","0.0827950295060873","0.0682518407702446","0.09531669318675995","0.08184867911040783","0.06547164916992188","0.09586881846189499"
"2194","0.08405661955475807","0.07736682146787643","0.09139933437108994","0.1785539761185646","0.16053536534309387","0.20406487584114075","0.12578363716602325","0.12173660099506378","0.13203556835651398","0.08503100275993347","0.07675964385271072","0.0940067321062088","0.08426802977919579","0.07637997716665268","0.09097877889871597"
"2195","0.06832319404929876","0.053248222917318344","0.08180428296327591","0.15099040418863297","0.13012869656085968","0.16466504335403442","0.1162956307331721","0.10564391314983368","0.12653738260269165","0.06992978882044554","0.05448928847908974","0.08369965106248856","0.06939047109335661","0.05529763922095299","0.083366259932518"
"2196","0.07433606684207916","0.07174182683229446","0.08013096451759338","0.159047182649374","0.15214478969573975","0.16337153315544128","0.11428923159837723","0.1082155629992485","0.11852594465017319","0.07508102431893349","0.07151488214731216","0.08067264407873154","0.07460690103471279","0.0722232460975647","0.08098255097866058"
"2197","0.0736689418554306","0.06500650942325592","0.08091498911380768","0.1620994657278061","0.14147844910621643","0.1806359887123108","0.12283144394556682","0.11488111317157745","0.12752099335193634","0.07457662373781204","0.06647682189941406","0.08094937354326248","0.07453231327235699","0.0668780580163002","0.08067214488983154"
"2198","0.07789628580212593","0.062148675322532654","0.0901208147406578","0.16719747707247734","0.14999517798423767","0.18395106494426727","0.11379309743642807","0.0995757207274437","0.12403403967618942","0.0797796193510294","0.06466629356145859","0.09274029731750488","0.07888906076550484","0.06319885700941086","0.09138403087854385"
"2199","0.08067396096885204","0.07091828435659409","0.09820456802845001","0.17157603800296783","0.15591871738433838","0.1958460807800293","0.1308757265408834","0.1121818870306015","0.14400140941143036","0.08097050338983536","0.07103462517261505","0.0986885130405426","0.08087667264044285","0.07062090933322906","0.09967190772294998"
"2200","0.0742319468408823","0.062708780169487","0.08513405919075012","0.16035788878798485","0.14684200286865234","0.17655807733535767","0.11857308199008305","0.10388432443141937","0.13009420037269592","0.07496144995093346","0.06240708380937576","0.0871753990650177","0.07492316234856844","0.0620330311357975","0.08645814657211304"
"2201","0.07893583178520203","0.0632793977856636","0.08803419768810272","0.16589731350541115","0.15304458141326904","0.1747647225856781","0.12287149826685588","0.11627861112356186","0.12787635624408722","0.07974079810082912","0.0658700242638588","0.08892713487148285","0.07993192970752716","0.06461519747972488","0.08920299261808395"
"2202","0.07514457032084465","0.07258915901184082","0.07807928323745728","0.15994513034820557","0.15290507674217224","0.166215181350708","0.11679571618636449","0.11219463497400284","0.12009008228778839","0.07591686770319939","0.06957805156707764","0.07990788668394089","0.07610510848462582","0.07238445430994034","0.0795997753739357"
"2203","0.08199550583958626","0.07831036299467087","0.08414029330015182","0.17968740686774254","0.17031651735305786","0.1875063180923462","0.12981495261192322","0.12771926820278168","0.13269072771072388","0.08330551348626614","0.07836724817752838","0.08542723208665848","0.08313055895268917","0.07827836275100708","0.08576875180006027"
"2204","0.08320857584476471","0.07899311929941177","0.090977743268013","0.17355968058109283","0.166944220662117","0.18025439977645874","0.1297698070605596","0.12311030924320221","0.1341703236103058","0.08522483333945274","0.07882978022098541","0.09527511149644852","0.08381654694676399","0.07848753035068512","0.09239549934864044"
"2205","0.07680099457502365","0.07016602158546448","0.08459228277206421","0.16507520526647568","0.15049457550048828","0.18045416474342346","0.11932842185099919","0.11080510914325714","0.12711215019226074","0.07776559330523014","0.07025136798620224","0.08694522082805634","0.07746165432035923","0.06973396241664886","0.08684398978948593"
"2206","0.07305067777633667","0.06499527394771576","0.08283509314060211","0.16192571446299553","0.14650878310203552","0.1799309104681015","0.11145040641228358","0.10564275085926056","0.11738178879022598","0.07465937174856663","0.06543990224599838","0.08603113889694214","0.07480761967599392","0.06766751408576965","0.08405753970146179"
"2207","0.07890510372817516","0.0757952630519867","0.083004429936409","0.1637224331498146","0.1590748429298401","0.1697838008403778","0.12142656495173772","0.11906155943870544","0.12292498350143433","0.07929893210530281","0.07567526400089264","0.0863523781299591","0.07915604673326015","0.07536976039409637","0.08486033231019974"
"2208","0.07112954370677471","0.062054216861724854","0.07882577180862427","0.1582709513604641","0.1471996009349823","0.17585526406764984","0.1086931402484576","0.1032487154006958","0.11549213528633118","0.07147344201803207","0.06408069282770157","0.07971065491437912","0.07197895273566246","0.06368958950042725","0.0793301910161972"
"2209","0.08410663343966007","0.07563096284866333","0.09252696484327316","0.18330148980021477","0.16105686128139496","0.2233601212501526","0.12626168876886368","0.11658407002687454","0.13129375874996185","0.08454952016472816","0.07479479908943176","0.0943462923169136","0.08435434848070145","0.07659099251031876","0.09267929196357727"
"2210","0.06868407968431711","0.05816369876265526","0.08051043003797531","0.14974071830511093","0.1335717886686325","0.16391690075397491","0.10524775336186092","0.09179283678531647","0.12028783559799194","0.07002805359661579","0.058665454387664795","0.08216356486082077","0.06979000195860863","0.05899534374475479","0.08091645687818527"
"2211","0.08133836835622787","0.06873747706413269","0.0869644433259964","0.1738024465739727","0.15262295305728912","0.19475561380386353","0.12102567652861278","0.10708673298358917","0.13018491864204407","0.08343108929693699","0.07073177397251129","0.0910896509885788","0.08270200528204441","0.07018475979566574","0.0880509614944458"
"2212","0.0808823611587286","0.07411324977874756","0.08715072274208069","0.16370245814323425","0.1476609855890274","0.17793482542037964","0.1226336086789767","0.11147836595773697","0.12974706292152405","0.08106204308569431","0.07202032208442688","0.08589751273393631","0.08026360161602497","0.07106313854455948","0.085215263068676"
"2213","0.07688240520656109","0.06555791944265366","0.08991488814353943","0.16427859663963318","0.1518530547618866","0.18022975325584412","0.1224207803606987","0.10855492204427719","0.13344264030456543","0.07913693599402905","0.06585521250963211","0.09254361689090729","0.07804569974541664","0.06563697010278702","0.09120330959558487"
"2214","0.07734537310898304","0.05773935467004776","0.09202730655670166","0.17095134034752846","0.1444096863269806","0.18774177134037018","0.12441890686750412","0.10005388408899307","0.14523154497146606","0.07877645827829838","0.05907352268695831","0.09038569033145905","0.07825251761823893","0.05881904438138008","0.09329070150852203"
"2215","0.07436028122901917","0.06938868761062622","0.08389924466609955","0.15724636986851692","0.1485626995563507","0.17063646018505096","0.10956349968910217","0.10319306701421738","0.12228061258792877","0.0760389007627964","0.07065820693969727","0.08356904238462448","0.0749282743781805","0.07059233635663986","0.08357159793376923"
"2216","0.08371674083173275","0.0655987411737442","0.09685340523719788","0.16925904154777527","0.14588549733161926","0.18888437747955322","0.13417206207911173","0.11697177588939667","0.14524371922016144","0.08403084427118301","0.06733200699090958","0.09644092619419098","0.08415573090314865","0.06830864399671555","0.09642390161752701"
"2217","0.07835027948021889","0.0722842663526535","0.09163287281990051","0.17398641258478165","0.1607004702091217","0.20375779271125793","0.1294771507382393","0.1134539470076561","0.15530261397361755","0.0806120615452528","0.07402605563402176","0.09425118565559387","0.07894152589142323","0.07249437272548676","0.0905735120177269"
"2218","0.06835863459855318","0.06247149035334587","0.07588785141706467","0.14917610958218575","0.1393037885427475","0.15853989124298096","0.10385962078968684","0.09546113759279251","0.1132608950138092","0.06942309997975826","0.061143189668655396","0.07862313836812973","0.06859507225453854","0.06090090423822403","0.0763055682182312"
"2219","0.08096022717654705","0.06868632882833481","0.10078395903110504","0.17601758986711502","0.14476388692855835","0.20709459483623505","0.12400008241335551","0.10372188687324524","0.1525503695011139","0.08220457844436169","0.06677162647247314","0.10136821866035461","0.082497488707304","0.06991471350193024","0.10078990459442139"
"2220","0.07293499819934368","0.06564374268054962","0.08644622564315796","0.15689853951334953","0.14155641198158264","0.1849161684513092","0.1170259639620781","0.1059911772608757","0.13477550446987152","0.07566558010876179","0.06566713750362396","0.08954963088035583","0.07473866268992424","0.0653388500213623","0.08806465566158295"
"2221","0.07916560024023056","0.07039035111665726","0.08745802938938141","0.17352065816521645","0.16743291914463043","0.1848258376121521","0.12381320198376973","0.11215189099311829","0.13582924008369446","0.08013288863003254","0.07147037982940674","0.08640725165605545","0.08028803952038288","0.07159548997879028","0.08818274736404419"
"2222","0.07641386240720749","0.06723231822252274","0.08641905337572098","0.1628047153353691","0.14987260103225708","0.18105530738830566","0.11123022685448329","0.10392097383737564","0.12400035560131073","0.07713683135807514","0.06712138652801514","0.08925680816173553","0.07704911194741726","0.06865797936916351","0.08793213963508606"
"2223","0.07177720963954926","0.06746865063905716","0.073867067694664","0.1570122204720974","0.15235857665538788","0.16178421676158905","0.1152945061524709","0.10716763138771057","0.12242057919502258","0.07418888993561268","0.06933141499757767","0.07759597897529602","0.07411262579262257","0.06871505826711655","0.07752643525600433"
"2224","0.08018323220312595","0.07047895342111588","0.09523624181747437","0.1673400104045868","0.15557090938091278","0.18607622385025024","0.12473935882250468","0.11287140101194382","0.14409148693084717","0.08083807304501534","0.07064706087112427","0.09642684459686279","0.08008829317986965","0.0704307034611702","0.09410525113344193"
"2225","0.07687339745461941","0.0638776570558548","0.08640886843204498","0.16090337932109833","0.1427612006664276","0.17551764845848083","0.12247500816980998","0.11720491200685501","0.12978829443454742","0.07794958166778088","0.06563912332057953","0.08751334995031357","0.0774088203907013","0.06452276557683945","0.08707829564809799"
"2226","0.07468845136463642","0.06023866683244705","0.08639349043369293","0.16518080607056618","0.1418047547340393","0.18370166420936584","0.1117553139726321","0.10017955303192139","0.1295538991689682","0.07539316173642874","0.05874165520071983","0.08785535395145416","0.07537574879825115","0.06048420071601868","0.08614154905080795"
"2227","0.07520887441933155","0.0657040998339653","0.08187194913625717","0.1708357371389866","0.14928805828094482","0.20148883759975433","0.11913949251174927","0.10228340327739716","0.1313854306936264","0.07637447863817215","0.06614266335964203","0.08140616118907928","0.0761153195053339","0.0668424740433693","0.08093811571598053"
"2228","0.07245053723454475","0.06447067856788635","0.07660213112831116","0.15353400632739067","0.14813923835754395","0.15976552665233612","0.11362016946077347","0.1119309589266777","0.1169910877943039","0.07423385232686996","0.06727971136569977","0.07810430973768234","0.07366620190441608","0.06726409494876862","0.07767844200134277"
"2229","0.07442362979054451","0.06829716265201569","0.07964532822370529","0.16479754820466042","0.15213094651699066","0.17899709939956665","0.1191339244445165","0.10526538640260696","0.12995600700378418","0.075865238904953","0.06862948089838028","0.08102808892726898","0.07605069316923618","0.07056346535682678","0.08133117109537125"
"2230","0.08199068903923035","0.07335080951452255","0.10580548644065857","0.1694679856300354","0.15615807473659515","0.19900749623775482","0.1261415754755338","0.11185020208358765","0.1543637365102768","0.0828002281486988","0.07413800060749054","0.10576339066028595","0.08330020494759083","0.07448718696832657","0.10876914858818054"
"2231","0.08126340247690678","0.06520095467567444","0.10205645859241486","0.1746959574520588","0.1560100018978119","0.20657220482826233","0.1274314522743225","0.10444141924381256","0.15303058922290802","0.08331026136875153","0.06609287858009338","0.10310758650302887","0.08221178501844406","0.06574270129203796","0.10061459243297577"
"2232","0.06973295100033283","0.0668172836303711","0.07273215055465698","0.15094764158129692","0.14275415241718292","0.16198872029781342","0.11172405630350113","0.10779742896556854","0.11568690091371536","0.07103784382343292","0.06769561767578125","0.07365558296442032","0.07113152369856834","0.06808849424123764","0.07381189614534378"
"2233","0.08423717878758907","0.07853712141513824","0.08820780366659164","0.1782403066754341","0.16707095503807068","0.19632458686828613","0.13433347642421722","0.13212692737579346","0.13652323186397552","0.08551291562616825","0.0829797238111496","0.08791431784629822","0.08584176935255527","0.08227624744176865","0.08934596180915833"
"2234","0.06997421570122242","0.0665438249707222","0.07271168380975723","0.15415183082222939","0.141950786113739","0.1626109778881073","0.10934000958998998","0.1016535609960556","0.11435478925704956","0.07072429917752743","0.06640200316905975","0.07324669510126114","0.07053692638874054","0.06645699590444565","0.07281788438558578"
"2235","0.07604980282485485","0.06951025873422623","0.08062310516834259","0.1651371344923973","0.15112286806106567","0.18397951126098633","0.11627497027317683","0.11032350361347198","0.12309903651475906","0.0785521399229765","0.0736078992486","0.08416163176298141","0.07701829820871353","0.07089546322822571","0.08055800199508667"
"2236","0.07876219227910042","0.0662478357553482","0.08696550130844116","0.1656673327088356","0.1451144814491272","0.1831037402153015","0.11870599786440532","0.1016702800989151","0.13913488388061523","0.07999536022543907","0.06510964781045914","0.08839938044548035","0.07936863414943218","0.0654703825712204","0.08776029944419861"
"2237","0.07814371772110462","0.06760697066783905","0.08828646689653397","0.1724889986217022","0.14377766847610474","0.19057975709438324","0.11554890374342601","0.1019849106669426","0.12809427082538605","0.08052349649369717","0.06960248202085495","0.09228433668613434","0.07937158271670341","0.06845056265592575","0.09190620481967926"
"2238","0.07419002987444401","0.07026109099388123","0.0799059048295021","0.1590050831437111","0.15321952104568481","0.167211651802063","0.11554261048634847","0.11172537505626678","0.12239837646484375","0.0756396297365427","0.07181524485349655","0.08342508971691132","0.07471383735537529","0.07159017026424408","0.08141625672578812"
"2239","0.07362817414104939","0.06800223886966705","0.07833018898963928","0.15490545332431793","0.14915718138217926","0.16256266832351685","0.11491696784893672","0.11026772111654282","0.1233140081167221","0.07452012412250042","0.06851540505886078","0.07982681691646576","0.07442695647478104","0.06651278585195541","0.07961404323577881"
"2240","0.07563077844679356","0.06256471574306488","0.09362204372882843","0.16374757140874863","0.14784450829029083","0.19079342484474182","0.11965663482745488","0.10010627657175064","0.14481735229492188","0.07822034694254398","0.06291797757148743","0.09896786510944366","0.0780932642519474","0.06374427676200867","0.0985977053642273"
"2241","0.06867237761616707","0.06481683999300003","0.07774242758750916","0.14779707416892052","0.14130567014217377","0.15995855629444122","0.10322949786980946","0.10185067355632782","0.10468730330467224","0.06924837082624435","0.06357935070991516","0.07957939803600311","0.06883144751191139","0.063270702958107","0.0795249193906784"
"2242","0.07829922810196877","0.07423403859138489","0.08632799983024597","0.1649531126022339","0.15157553553581238","0.17288216948509216","0.11819369594256084","0.10815849900245667","0.12761801481246948","0.07963828928768635","0.074924997985363","0.0866183191537857","0.0792080108076334","0.07582834362983704","0.08641956746578217"
"2243","0.07359195314347744","0.06481151282787323","0.08033875375986099","0.16235306486487389","0.14856944978237152","0.17142245173454285","0.11576386789480846","0.10746346414089203","0.12217539548873901","0.07616414688527584","0.06482219696044922","0.08332628011703491","0.0753829125314951","0.06718606501817703","0.0815262645483017"
"2244","0.07659718301147223","0.06002109870314598","0.0863690972328186","0.16213713213801384","0.14056676626205444","0.17485149204730988","0.1253753254810969","0.12102945148944855","0.12761235237121582","0.07895571179687977","0.06263282150030136","0.09039928019046783","0.078128632158041","0.06132190674543381","0.08786098659038544"
"2245","0.08088211715221405","0.07523991912603378","0.08427812159061432","0.17456122487783432","0.16494372487068176","0.17958778142929077","0.13068163891633353","0.12842373549938202","0.13377176225185394","0.08186353370547295","0.07815349847078323","0.0847209244966507","0.08149714022874832","0.07665508985519409","0.08450846374034882"
"2246","0.07862833142280579","0.06880305707454681","0.09025844931602478","0.16613508760929108","0.15022452175617218","0.18744590878486633","0.12334872782230377","0.10962064564228058","0.14238548278808594","0.08033568039536476","0.0683901384472847","0.09334559738636017","0.07913714274764061","0.06821517646312714","0.09191800653934479"
"2247","0.08459920808672905","0.0748099833726883","0.10244451463222504","0.17784599587321281","0.1623072624206543","0.2103060781955719","0.1349345420797666","0.11625228077173233","0.15860605239868164","0.08496559411287308","0.07470837235450745","0.10307368636131287","0.08465346321463585","0.0757644921541214","0.10226108133792877"
"2248","0.07319905795156956","0.06784091889858246","0.08405986428260803","0.16381457820534706","0.15590929985046387","0.17352987825870514","0.11902905752261479","0.11281683295965195","0.13116665184497833","0.0749848484992981","0.07022463530302048","0.08628033846616745","0.0740739107131958","0.06941564381122589","0.08427277952432632"
"2249","0.07974371500313282","0.06798456609249115","0.08880509436130524","0.17108112946152687","0.15363575518131256","0.18600738048553467","0.12779063483079275","0.11757148802280426","0.13503794372081757","0.08095408976078033","0.06966768950223923","0.08774666488170624","0.08039720728993416","0.0683780163526535","0.08757972717285156"
"2250","0.0830231998115778","0.08078846335411072","0.08580324798822403","0.1689654029905796","0.16732175648212433","0.1735149472951889","0.12477484842141469","0.12375853955745697","0.12609514594078064","0.0837161485105753","0.08141583204269409","0.08857511729001999","0.08484017662703991","0.08226412534713745","0.08931075781583786"
"2251","0.07525777630507946","0.06572601944208145","0.08709447085857391","0.16419757157564163","0.14536157250404358","0.18604661524295807","0.1186052958170573","0.1052754670381546","0.1384091079235077","0.0764800626784563","0.06766955554485321","0.08614980429410934","0.07677677646279335","0.06750766187906265","0.08773840218782425"
"2252","0.07916794903576374","0.07175984233617783","0.08834153413772583","0.1686011143028736","0.15549376606941223","0.1829010397195816","0.11617184430360794","0.11349217593669891","0.11978939175605774","0.0800592340528965","0.07248356193304062","0.0910552516579628","0.07923370227217674","0.07294099032878876","0.0888541117310524"
"2253","0.07850407809019089","0.07447906583547592","0.08567637950181961","0.1643562912940979","0.1563982367515564","0.17072653770446777","0.12408496936162312","0.11758242547512054","0.13164487481117249","0.07984571158885956","0.07276283204555511","0.08758854866027832","0.07979554496705532","0.07432921975851059","0.08699001371860504"
"2254","0.07931993342936039","0.0741197019815445","0.08398696035146713","0.1758907176554203","0.16776061058044434","0.18348020315170288","0.12266906102498372","0.1160852313041687","0.1284702718257904","0.07977945171296597","0.07422970235347748","0.08395341783761978","0.08081512525677681","0.07540690898895264","0.08625081181526184"
"2255","0.07469330355525017","0.06917234510183334","0.07950901240110397","0.1598079465329647","0.15744586288928986","0.1641574651002884","0.11943529049555461","0.11702780425548553","0.12104172259569168","0.07605938240885735","0.0696786493062973","0.08077605068683624","0.07559788972139359","0.06964656710624695","0.08021888881921768"
"2256","0.08061743527650833","0.07359874993562698","0.0907333493232727","0.16866980865597725","0.1568692922592163","0.18097832798957825","0.1263082524140676","0.11809737980365753","0.1352567821741104","0.08259667456150055","0.07713676244020462","0.09258195757865906","0.08200236223638058","0.0755455270409584","0.09226366877555847"
"2257","0.08080010302364826","0.07396368682384491","0.09081732481718063","0.1773112751543522","0.15888595581054688","0.19607101380825043","0.12645736585060754","0.11176953464746475","0.13725954294204712","0.08210949040949345","0.07436785101890564","0.09133441746234894","0.08158949390053749","0.07373921573162079","0.09242521226406097"
"2258","0.07325460948050022","0.06333742290735245","0.07835819572210312","0.1580924354493618","0.1538916975259781","0.1631040722131729","0.11613578846057256","0.11036339402198792","0.11905437707901001","0.07344825565814972","0.061892539262771606","0.07822571694850922","0.07432503625750542","0.06386393308639526","0.07977655529975891"
"2259","0.0783529281616211","0.06420721858739853","0.0934402346611023","0.16533085703849792","0.14662376046180725","0.18210385739803314","0.12575588872035345","0.10148295015096664","0.13795159757137299","0.07891472987830639","0.06574641168117523","0.09204596281051636","0.07931264489889145","0.06506675481796265","0.09456084668636322"
"2260","0.0783773921430111","0.06592632085084915","0.08638442307710648","0.16534322127699852","0.14789961278438568","0.17695343494415283","0.11369191606839497","0.10197078436613083","0.12474364042282104","0.08018345572054386","0.06876549124717712","0.08733058720827103","0.0791234765201807","0.06851826608181","0.08633197844028473"
"2261","0.07307808939367533","0.05981358513236046","0.08618953824043274","0.16182811185717583","0.14517439901828766","0.18516135215759277","0.11705091844002406","0.10496648401021957","0.12486770749092102","0.07318209856748581","0.06076199561357498","0.08323486894369125","0.0733769815415144","0.060774609446525574","0.08401912450790405"
"2262","0.08130756579339504","0.0703437477350235","0.09205533564090729","0.16823600605130196","0.15280333161354065","0.18245846033096313","0.13071099172035852","0.11570576578378677","0.14162084460258484","0.08223351836204529","0.07171311974525452","0.09405943006277084","0.08327735774219036","0.07354029268026352","0.09347444772720337"
"2263","0.08561024814844131","0.07381446659564972","0.0948357805609703","0.17188720777630806","0.15218256413936615","0.18142828345298767","0.1291068196296692","0.11296351253986359","0.1477244645357132","0.08749412186443806","0.07624809443950653","0.09723994135856628","0.08726341649889946","0.07590842992067337","0.09608794003725052"
"2264","0.07702729292213917","0.06917840987443924","0.08597679436206818","0.16347618773579597","0.1527213156223297","0.17861473560333252","0.11907792588075002","0.10602324455976486","0.12870588898658752","0.07713604718446732","0.06941542029380798","0.08572428673505783","0.07806070521473885","0.07065596431493759","0.0873289704322815"
"2265","0.08195468038320541","0.0736599862575531","0.08801957964897156","0.17154062539339066","0.1647522896528244","0.17903374135494232","0.12730877101421356","0.1228918731212616","0.13195928931236267","0.08194353803992271","0.07308710366487503","0.0878952220082283","0.08158335648477077","0.07285895198583603","0.08787989616394043"
"2266","0.08318618312478065","0.07957223057746887","0.08866121619939804","0.17684946209192276","0.16539937257766724","0.18505629897117615","0.1309285561243693","0.12568128108978271","0.1340988129377365","0.08462564460933208","0.08096036314964294","0.08809743821620941","0.08476975560188293","0.07964027673006058","0.09020835906267166"
"2267","0.07323008030653","0.06262408196926117","0.08312772214412689","0.16198734194040298","0.15002188086509705","0.17417803406715393","0.11786121875047684","0.10548830777406693","0.12714551389217377","0.07455423288047314","0.06308649480342865","0.08372291922569275","0.07470500841736794","0.06292324513196945","0.08459825813770294"
"2268","0.07983938232064247","0.07363967597484589","0.08985062688589096","0.16724178194999695","0.15796568989753723","0.18290968239307404","0.12527667979399362","0.11626085638999939","0.13902941346168518","0.08139378949999809","0.07601619511842728","0.0906778872013092","0.08174157328903675","0.07534844428300858","0.0930057168006897"
"2269","0.07250734604895115","0.06807702034711838","0.08027581870555878","0.15878182649612427","0.15165358781814575","0.16790305078029633","0.11267708241939545","0.106476791203022","0.11814840883016586","0.07420759461820126","0.0690360963344574","0.08243666589260101","0.07366961985826492","0.0682407096028328","0.0814853310585022"
"2270","0.07890524715185165","0.06739641726016998","0.09295780956745148","0.1711924411356449","0.15046967566013336","0.19309298694133759","0.12103451788425446","0.11218936741352081","0.1319907158613205","0.07954759523272514","0.0665961429476738","0.09417130798101425","0.07867715694010258","0.06640402972698212","0.0926300510764122"
"2271","0.08640669845044613","0.08138854801654816","0.09284945577383041","0.18216879665851593","0.1675303429365158","0.2009882926940918","0.13660122950871786","0.1263817697763443","0.14602525532245636","0.08773757144808769","0.0822644755244255","0.09424209594726562","0.08667717687785625","0.0811183750629425","0.09443064033985138"
"2272","0.07849610038101673","0.07283569872379303","0.089014932513237","0.1714024916291237","0.15863507986068726","0.17754286527633667","0.12118815879027049","0.11554233729839325","0.1297546923160553","0.07955750823020935","0.07327993959188461","0.09094978868961334","0.07888740301132202","0.07410571724176407","0.08824362605810165"
"2273","0.08031250908970833","0.07863496243953705","0.08374184370040894","0.17077891156077385","0.15917330980300903","0.17785389721393585","0.12136725336313248","0.11498207598924637","0.1301197111606598","0.08171327784657478","0.07872173190116882","0.08445282280445099","0.08043018542230129","0.07731752097606659","0.08420019596815109"
"2274","0.07519607990980148","0.0695691704750061","0.08316909521818161","0.16148990392684937","0.14576102793216705","0.1702045500278473","0.11299107472101848","0.10184076428413391","0.12260963022708893","0.07634141482412815","0.06913091242313385","0.0835895836353302","0.07664076052606106","0.07068857550621033","0.08380778133869171"
"2275","0.07699315436184406","0.0695708766579628","0.08323925733566284","0.16057677567005157","0.15139643847942352","0.16936692595481873","0.12178157269954681","0.1179034560918808","0.1272803246974945","0.07686862722039223","0.07077279686927795","0.08497127890586853","0.07823636382818222","0.07129701972007751","0.08461684733629227"
"2276","0.06979866698384285","0.06549113988876343","0.07701415568590164","0.15237608551979065","0.1406724452972412","0.16830942034721375","0.11292205254236858","0.10573402047157288","0.12362861633300781","0.07076173275709152","0.06688959151506424","0.0782540962100029","0.0705413892865181","0.06579166650772095","0.07804980874061584"
"2277","0.0789853185415268","0.06691267341375351","0.09108099341392517","0.16526588797569275","0.1457435041666031","0.1849997341632843","0.11483491957187653","0.10473236441612244","0.12197957187891006","0.07964343391358852","0.06626028567552567","0.09366154670715332","0.07910867035388947","0.06782902777194977","0.09032164514064789"
"2278","0.08146843127906322","0.06867451965808868","0.0940752625465393","0.17584305629134178","0.1501585990190506","0.19515922665596008","0.1308628941575686","0.10842127352952957","0.1447279453277588","0.08296019956469536","0.06997016072273254","0.09350099414587021","0.08206173032522202","0.06986531615257263","0.09239894151687622"
"2279","0.07603430934250355","0.06799905747175217","0.08303694427013397","0.16417907923460007","0.15458893775939941","0.17828401923179626","0.12180857857068379","0.10988903045654297","0.1309954673051834","0.07746842317283154","0.07131513208150864","0.08437111973762512","0.0763127077370882","0.06814910471439362","0.0819053128361702"
"2280","0.07108677737414837","0.06309957802295685","0.07662708312273026","0.14960423111915588","0.1375284343957901","0.15801896154880524","0.10618022580941518","0.09767799824476242","0.11435013264417648","0.07250349409878254","0.0650869756937027","0.07613067328929901","0.07186434417963028","0.06480462849140167","0.07726463675498962"
"2281","0.07867579720914364","0.07516814023256302","0.08100014925003052","0.17074528709053993","0.15659408271312714","0.1798475980758667","0.12152952700853348","0.11887899786233902","0.12623673677444458","0.07972835004329681","0.07507637143135071","0.08384022861719131","0.07961412891745567","0.076666459441185","0.08329939842224121"
"2282","0.07716960273683071","0.06830528378486633","0.08596248924732208","0.15909945964813232","0.1432841569185257","0.1748451441526413","0.11340728898843129","0.1035393476486206","0.12777799367904663","0.07872850634157658","0.06768589466810226","0.0899321660399437","0.07788795977830887","0.06716672331094742","0.08771812170743942"
"2283","0.07773901335895061","0.0709652528166771","0.08519373834133148","0.16589666530489922","0.15522602200508118","0.18025098741054535","0.12204563369353612","0.11246085166931152","0.1376194804906845","0.0787940863519907","0.07022391259670258","0.08951253443956375","0.07922948524355888","0.07241472601890564","0.08883059769868851"
"2284","0.07981184497475624","0.06670127809047699","0.09912309050559998","0.16682040691375732","0.1447489857673645","0.2068728506565094","0.1246154357989629","0.10838906466960907","0.15394997596740723","0.08080744929611683","0.06906958669424057","0.09870597720146179","0.08074912987649441","0.06868192553520203","0.10127438604831696"
"2285","0.07480728253722191","0.06413955241441727","0.08758068084716797","0.1549016237258911","0.14051610231399536","0.17349815368652344","0.11414168775081635","0.1011468768119812","0.1262822151184082","0.0758702177554369","0.0642765611410141","0.08884240686893463","0.0756638702005148","0.06405628472566605","0.08888840675354004"
"2286","0.08160741627216339","0.07591097056865692","0.08453106880187988","0.16922590881586075","0.1574382185935974","0.17611297965049744","0.12593642373879751","0.12489472329616547","0.12777096033096313","0.0823938176035881","0.07723534107208252","0.0881374254822731","0.08170536532998085","0.07436418533325195","0.08586595207452774"
"2287","0.07973380759358406","0.0725233405828476","0.086127869784832","0.16273579746484756","0.15368452668190002","0.1703816056251526","0.12249606599410374","0.11469253152608871","0.13072490692138672","0.08104845881462097","0.07564941048622131","0.08601008355617523","0.08102697879076004","0.0731646940112114","0.08748066425323486"
"2288","0.07365227863192558","0.06682129204273224","0.08082342147827148","0.1607859767973423","0.14699970185756683","0.169742152094841","0.11403813461462657","0.10686939209699631","0.12294197082519531","0.07540297880768776","0.06863468885421753","0.0817413181066513","0.07479102537035942","0.06797425448894501","0.07990571856498718"
"2289","0.08016863465309143","0.0767315924167633","0.08724736422300339","0.16953527927398682","0.16183766722679138","0.18850964307785034","0.12644627938667932","0.1208786815404892","0.13433204591274261","0.08226247131824493","0.07831764221191406","0.09156551212072372","0.08081697300076485","0.07704035192728043","0.0889335572719574"
"2290","0.07860618829727173","0.06776683777570724","0.0863514170050621","0.17158230394124985","0.1515360176563263","0.18248113989830017","0.11882472038269043","0.10879601538181305","0.12387014180421829","0.07941127195954323","0.06988983601331711","0.08755770325660706","0.07894984260201454","0.06966618448495865","0.08600518107414246"
"2291","0.08023309893906116","0.07222172617912292","0.09372830390930176","0.16738544031977654","0.15757279098033905","0.18769507110118866","0.12248425930738449","0.11110226809978485","0.14104889333248138","0.08180266804993153","0.07072805613279343","0.09840282052755356","0.0814608745276928","0.07169993966817856","0.09807297587394714"
"2292","0.0823252908885479","0.0703495591878891","0.09172814339399338","0.1820695921778679","0.1643802374601364","0.19813208281993866","0.12512437999248505","0.11165019869804382","0.1425556242465973","0.0830049104988575","0.06949605792760849","0.09149697422981262","0.08242443203926086","0.06957469880580902","0.0912197083234787"
"2293","0.07460992410779","0.07287400960922241","0.0771695002913475","0.15808142349123955","0.14895173907279968","0.16307102143764496","0.11284838865200679","0.10820585489273071","0.1175789088010788","0.07543304562568665","0.07202980667352676","0.08064831793308258","0.07521469332277775","0.07167991995811462","0.07985913753509521"
"2294","0.07369078136980534","0.06690514832735062","0.07819847017526627","0.15413284301757812","0.1392132043838501","0.16604730486869812","0.10710849612951279","0.09837031364440918","0.11373180150985718","0.07458425872027874","0.06729113310575485","0.08137336373329163","0.07451632805168629","0.06779026985168457","0.0793461725115776"
"2295","0.07790068536996841","0.06382832676172256","0.08426106721162796","0.17415325716137886","0.15320488810539246","0.18295583128929138","0.12116795281569163","0.10490697622299194","0.12967748939990997","0.08005626313388348","0.0666758269071579","0.0857984721660614","0.0795113630592823","0.06518398970365524","0.08529502153396606"
"2296","0.07974023930728436","0.07502225786447525","0.08453971147537231","0.16982301324605942","0.16253069043159485","0.17475676536560059","0.12116282184918721","0.1153770238161087","0.1287875920534134","0.0805800911039114","0.07583460211753845","0.08582382649183273","0.08011427894234657","0.07603821158409119","0.08530215173959732"
"2297","0.07406728155910969","0.0719529390335083","0.07782857865095139","0.15568259730935097","0.15058273077011108","0.1624877005815506","0.1154310976465543","0.11171092838048935","0.11993709206581116","0.07393190078437328","0.07156866788864136","0.07746239006519318","0.07408708706498146","0.07104099541902542","0.07682996988296509"
"2298","0.069159597158432","0.058832742273807526","0.08214259147644043","0.1491837240755558","0.14074987173080444","0.16527320444583893","0.10211518903573354","0.09805385768413544","0.1074121817946434","0.07005432993173599","0.06047941744327545","0.08241352438926697","0.07008807454258204","0.0603424571454525","0.0821380540728569"
"2299","0.07977606914937496","0.07218459248542786","0.08778099715709686","0.16848019883036613","0.15781867504119873","0.17734703421592712","0.12466903775930405","0.11930740624666214","0.13192707300186157","0.08085985295474529","0.07416286319494247","0.08993903547525406","0.07968791201710701","0.07214963436126709","0.08929108083248138"
"2300","0.07942468672990799","0.07005899399518967","0.08445024490356445","0.17143800109624863","0.15993422269821167","0.18584072589874268","0.11891576151053111","0.10635139048099518","0.13172119855880737","0.08191021159291267","0.07034263014793396","0.08926144242286682","0.08113095164299011","0.07161194086074829","0.08613532781600952"
"2301","0.0735881682485342","0.06929265707731247","0.07705292105674744","0.15438486635684967","0.14987847208976746","0.15745022892951965","0.11157973359028499","0.10846363008022308","0.11330623924732208","0.07459934242069721","0.06874418258666992","0.07958345115184784","0.07499032095074654","0.07045488804578781","0.07919234037399292"
"2302","0.08132458105683327","0.07542350888252258","0.08833368122577667","0.16604376211762428","0.15440434217453003","0.18131640553474426","0.12020180871089299","0.10903552174568176","0.13809069991111755","0.08207005076110363","0.07384315133094788","0.0911935344338417","0.08256737142801285","0.07575179636478424","0.0902596265077591"
"2303","0.07536477595567703","0.06870272755622864","0.08104883134365082","0.16022984310984612","0.151834174990654","0.17120720446109772","0.11753306537866592","0.11375226080417633","0.1212436854839325","0.07670539803802967","0.07031482458114624","0.08337078243494034","0.07663930952548981","0.07092683017253876","0.08211778104305267"
"2304","0.07542523369193077","0.06994888931512833","0.08233003318309784","0.15377753227949142","0.14289279282093048","0.1686019003391266","0.11237109452486038","0.10355406999588013","0.12208664417266846","0.07716272585093975","0.07061615586280823","0.08329630643129349","0.07667567022144794","0.070572629570961","0.08375903964042664"
"2305","0.07963068410754204","0.0718468725681305","0.08366400748491287","0.1643998622894287","0.16048860549926758","0.168325737118721","0.11941450585921605","0.11626511812210083","0.1225273385643959","0.0801310334354639","0.07540937513113022","0.08390167355537415","0.08027950301766396","0.07515758275985718","0.08494704216718674"
"2307","0.08326091431081295","0.06697811931371689","0.10583147406578064","0.1686454564332962","0.14483793079853058","0.18876340985298157","0.13359310229619345","0.12113155424594879","0.15091678500175476","0.08415995351970196","0.06923479586839676","0.10477329045534134","0.08440478704869747","0.06747022271156311","0.10535621643066406"
"2308","0.07184956036508083","0.06271519511938095","0.0829930379986763","0.15685749053955078","0.1379787176847458","0.17422080039978027","0.10847468425830205","0.09595556557178497","0.1294405460357666","0.0730415228754282","0.061959899961948395","0.0850786566734314","0.07279019616544247","0.06304849684238434","0.08262580633163452"
"2309","0.08419925533235073","0.07751966267824173","0.091673344373703","0.17533865198493004","0.16343286633491516","0.18862691521644592","0.1254653682311376","0.11614151298999786","0.13708646595478058","0.08530626446008682","0.07543151080608368","0.09539282321929932","0.08515367843210697","0.07587029784917831","0.09319595247507095"
"2310","0.07925941236317158","0.07218527793884277","0.08591003715991974","0.1645023077726364","0.15484219789505005","0.16951796412467957","0.12748531997203827","0.12401995062828064","0.1319112628698349","0.08090844191610813","0.07506202906370163","0.0872393473982811","0.07960368320345879","0.07410995662212372","0.08757278323173523"
"2311","0.0734182670712471","0.062380000948905945","0.08614856749773026","0.15785149484872818","0.14489075541496277","0.1734519898891449","0.11935715128978093","0.10306394100189209","0.1317901611328125","0.07468688488006592","0.06478499621152878","0.08755538612604141","0.07501953653991222","0.06478903442621231","0.08797451853752136"
"2312","0.0819372870028019","0.07563412189483643","0.08564530313014984","0.16967589408159256","0.1535344123840332","0.17984288930892944","0.12140296151240666","0.11094146221876144","0.1296316236257553","0.08290320634841919","0.07609535753726959","0.08650755882263184","0.08194531127810478","0.07635851204395294","0.08551417291164398"
"2313","0.0738846305757761","0.06829914450645447","0.08067949116230011","0.15984800830483437","0.14958709478378296","0.17416465282440186","0.11409056931734085","0.10617781430482864","0.12579655647277832","0.07463759556412697","0.0684266984462738","0.0820029079914093","0.07461894303560257","0.06728042662143707","0.08358222991228104"
"2314","0.07957051880657673","0.0754873976111412","0.08703841269016266","0.1675804704427719","0.15602146089076996","0.17988042533397675","0.12609795977671942","0.11698625236749649","0.13193541765213013","0.07984018325805664","0.07446760684251785","0.0871296226978302","0.08014915697276592","0.07503722608089447","0.0896650105714798"
"2315","0.08279836736619473","0.06926511973142624","0.09194052964448929","0.17357958853244781","0.1536911278963089","0.18664652109146118","0.1361809273560842","0.1309783160686493","0.14340028166770935","0.08363770134747028","0.07299748808145523","0.09038985520601273","0.08317666687071323","0.0705588161945343","0.09145203977823257"
"2316","0.07500973716378212","0.06334361433982849","0.08919694274663925","0.15998975932598114","0.14963386952877045","0.1731596440076828","0.11605470875898997","0.10740940272808075","0.12678909301757812","0.07577184587717056","0.06649474054574966","0.08839213103055954","0.07615070417523384","0.06660374999046326","0.090456523001194"
"2317","0.0759673984721303","0.05982591584324837","0.09175077825784683","0.16717035323381424","0.14760370552539825","0.19023272395133972","0.11854031930367152","0.10015112161636353","0.1389804482460022","0.0785445123910904","0.0632905662059784","0.09264471381902695","0.07783390767872334","0.062110140919685364","0.09311652183532715"
"2318","0.07698546163737774","0.06498522311449051","0.08941257745027542","0.16728227958083153","0.1505417376756668","0.1839061975479126","0.11919553329547246","0.10008224099874496","0.12955713272094727","0.07700411789119244","0.06605064123868942","0.08752356469631195","0.07721072807908058","0.06546365469694138","0.08830522745847702"
"2319","0.07213918212801218","0.05728525295853615","0.08101518452167511","0.1642940640449524","0.1494092047214508","0.1761794239282608","0.11355697611967723","0.09881483018398285","0.12449721992015839","0.07433778513222933","0.06019210442900658","0.0842205137014389","0.07424225099384785","0.05706164985895157","0.08520563691854477"
"2320","0.08052008785307407","0.07239286601543427","0.08393772691488266","0.1726062335073948","0.16448436677455902","0.18337580561637878","0.12717439234256744","0.12017327547073364","0.1327744573354721","0.08221193961799145","0.07303774356842041","0.08745671808719635","0.08271416835486889","0.07304557412862778","0.08672478049993515"
"2321","0.07353036105632782","0.06483641266822815","0.0805971547961235","0.1583215296268463","0.1463702917098999","0.16911906003952026","0.11726781229178111","0.11088135838508606","0.12155014276504517","0.07513471134006977","0.06584472209215164","0.08434973657131195","0.07484743185341358","0.06617571413516998","0.08277052640914917"
"2322","0.08185144886374474","0.06987816095352173","0.08919534832239151","0.16980838775634766","0.15100574493408203","0.18082644045352936","0.12032514562209447","0.101709745824337","0.13062132894992828","0.08426777087152004","0.07369635999202728","0.09075118601322174","0.08267199993133545","0.07241453230381012","0.08867113292217255"
"2323","0.07814743556082249","0.07183971256017685","0.08536278456449509","0.16899394243955612","0.15896004438400269","0.17998409271240234","0.1244385614991188","0.11970717459917068","0.13139645755290985","0.07910570874810219","0.07177369296550751","0.08800366520881653","0.07842815481126308","0.07053056359291077","0.0861862301826477"
"2324","0.07543492130935192","0.06367118656635284","0.08672849088907242","0.15942984074354172","0.14629140496253967","0.17216919362545013","0.11522756268580754","0.10899821668863297","0.12247548997402191","0.07587649673223495","0.06239748001098633","0.09040907025337219","0.07616796903312206","0.06335319578647614","0.09001681208610535"
"2325","0.07450663857161999","0.06029488146305084","0.08672044426202774","0.16327419877052307","0.14231017231941223","0.18485404551029205","0.11171609908342361","0.09560492634773254","0.12133955955505371","0.07560371980071068","0.061016350984573364","0.08921796083450317","0.0755560863763094","0.061296746134757996","0.08676499128341675"
"2326","0.08054329082369804","0.06920435279607773","0.09609561413526535","0.16925601661205292","0.15255576372146606","0.18873462080955505","0.12020579973856609","0.10666339844465256","0.14058688282966614","0.08089944161474705","0.07013110816478729","0.09461342543363571","0.08009891211986542","0.06891518831253052","0.09516318142414093"
"2327","0.0786762461066246","0.0700579285621643","0.08405975997447968","0.1671125739812851","0.14946000277996063","0.18398021161556244","0.1157594695687294","0.09972958266735077","0.12965238094329834","0.08013827539980412","0.06755642592906952","0.08727143704891205","0.07961409538984299","0.06962776929140091","0.08630920201539993"
"2328","0.08049898408353329","0.07373973727226257","0.08491145074367523","0.1724936179816723","0.16361600160598755","0.18391293287277222","0.13149441281954447","0.1255204677581787","0.14133992791175842","0.08149804174900055","0.07596766948699951","0.0855843722820282","0.0811744723469019","0.07476876676082611","0.08595544844865799"
"2329","0.07519765011966228","0.06921394914388657","0.08600049465894699","0.1637558452785015","0.15504203736782074","0.17773161828517914","0.11484286934137344","0.1087445318698883","0.11858126521110535","0.07594272494316101","0.06944210827350616","0.0871613547205925","0.07604429870843887","0.0690697729587555","0.08735460042953491"
"2330","0.07890921551734209","0.05521051958203316","0.09520237892866135","0.1735805943608284","0.14263178408145905","0.19198592007160187","0.11736571292082469","0.09542882442474365","0.13922592997550964","0.0788509575650096","0.05420156940817833","0.09795546531677246","0.07835035026073456","0.054230011999607086","0.0958239734172821"
"2331","0.07897160947322845","0.07243439555168152","0.08738160133361816","0.16511288285255432","0.15411344170570374","0.1756032109260559","0.12302067379156749","0.1144140213727951","0.12756283581256866","0.08140205033123493","0.07558106631040573","0.08879096060991287","0.08056437037885189","0.07489055395126343","0.08716152608394623"
"2332","0.0865645557641983","0.07431148737668991","0.09490428119897842","0.1825435683131218","0.16584669053554535","0.20075292885303497","0.1353513648112615","0.12271462380886078","0.15127015113830566","0.08826362155377865","0.07733407616615295","0.0942152887582779","0.0872902050614357","0.07338699698448181","0.0945892482995987"
"2333","0.07358884625136852","0.06358684599399567","0.08155126124620438","0.15749526023864746","0.1495800018310547","0.16629762947559357","0.11510303616523743","0.10907334089279175","0.1246362030506134","0.07500691339373589","0.06593871116638184","0.08260039985179901","0.07523376867175102","0.06392402201890945","0.0845634788274765"
"2334","0.07616508193314075","0.0600646510720253","0.08632144331932068","0.1711251363158226","0.1480024755001068","0.18773260712623596","0.12775380164384842","0.1163925901055336","0.13603748381137848","0.07927657850086689","0.06629501283168793","0.09003422409296036","0.07916202768683434","0.06524666398763657","0.08946315199136734"
"2335","0.07199432514607906","0.06781958788633347","0.07559098303318024","0.15406067669391632","0.14484494924545288","0.1626589000225067","0.10827904939651489","0.10470149666070938","0.1127537339925766","0.07356065511703491","0.06752417981624603","0.07672203332185745","0.07314592972397804","0.06783536076545715","0.07560272514820099"
"2336","0.07679720036685467","0.06829603016376495","0.0885084718465805","0.1616498865187168","0.15286865830421448","0.1806895136833191","0.11637721210718155","0.10543834418058395","0.13438959419727325","0.0771949477493763","0.0679769217967987","0.09207545220851898","0.07703463919460773","0.06809083372354507","0.09229825437068939"
"2337","0.0686045978218317","0.06285060197114944","0.07457543164491653","0.14905476197600365","0.14190369844436646","0.15380072593688965","0.10576295852661133","0.10007453709840775","0.10872573405504227","0.06913572177290916","0.06601263582706451","0.0730663612484932","0.07038956321775913","0.06510123610496521","0.07481935620307922"
"2338","0.0767098069190979","0.06614979356527328","0.08510863780975342","0.15812844038009644","0.14181697368621826","0.16603773832321167","0.12144312262535095","0.12045049667358398","0.12199877202510834","0.0778252873569727","0.0673786997795105","0.08547931909561157","0.07720471732318401","0.06556642055511475","0.08591366559267044"
"2339","0.07708192244172096","0.06738370656967163","0.0910128504037857","0.1603103205561638","0.1437794417142868","0.18856307864189148","0.12128384908040364","0.11115063726902008","0.13829973340034485","0.07931903749704361","0.06835030019283295","0.09636043012142181","0.07814444415271282","0.06881515681743622","0.09407813102006912"
"2340","0.07353548146784306","0.0647311732172966","0.08386120200157166","0.1592385247349739","0.14269375801086426","0.17246012389659882","0.10854576528072357","0.10072644054889679","0.11987930536270142","0.0748179443180561","0.06499896943569183","0.08590436726808548","0.07490578666329384","0.06503333151340485","0.08607690036296844"
"2341","0.07992728054523468","0.0710853710770607","0.09147290885448456","0.17549150437116623","0.15160980820655823","0.19499357044696808","0.13152879973252615","0.12180101871490479","0.1405702829360962","0.08143038116395473","0.07232090830802917","0.09237164258956909","0.08159755542874336","0.07246097177267075","0.09248698502779007"
"2342","0.07899651676416397","0.06764735281467438","0.09029603004455566","0.17158221453428268","0.1568039208650589","0.18195666372776031","0.11735132833321889","0.10869824886322021","0.12906213104724884","0.08047214895486832","0.0680859386920929","0.09144479781389236","0.07907681539654732","0.06842012703418732","0.09008738398551941"
"2343","0.07447676733136177","0.06766796857118607","0.07787669450044632","0.15806690603494644","0.15276889503002167","0.16404181718826294","0.11376069237788518","0.10916141420602798","0.11922626197338104","0.07576088793575764","0.06980137526988983","0.08085688948631287","0.07495448365807533","0.06936405599117279","0.07808634638786316"
"2344","0.070009870454669","0.06297144293785095","0.07655233144760132","0.1554230861365795","0.1467253565788269","0.1644364297389984","0.10511503120263417","0.09750974178314209","0.11850804090499878","0.0701273288577795","0.06239500641822815","0.07708936929702759","0.07005407847464085","0.06345096975564957","0.0769248977303505"
"2345","0.08103679865598679","0.07881089299917221","0.08291689306497574","0.17359501123428345","0.16584590077400208","0.18137037754058838","0.12181666245063145","0.11429530382156372","0.13108380138874054","0.08238877914845943","0.08030776679515839","0.08488151431083679","0.08253173343837261","0.08068342506885529","0.08514763414859772"
"2346","0.07436178904026747","0.06106729432940483","0.08371119946241379","0.15906432643532753","0.14462512731552124","0.17061467468738556","0.11526207377513249","0.10369995981454849","0.12846803665161133","0.07441042643040419","0.06055239960551262","0.08450354635715485","0.07515500113368034","0.06071029603481293","0.08456657081842422"
"2347","0.07398092187941074","0.06912821531295776","0.07975906878709793","0.15594332292675972","0.15334157645702362","0.158813014626503","0.11258307099342346","0.10932934284210205","0.1176074743270874","0.07522928342223167","0.07179723680019379","0.08145369589328766","0.07510216161608696","0.0726442039012909","0.08158697187900543"
"2348","0.08367944322526455","0.07330220937728882","0.09317557513713837","0.1778051145374775","0.15789274871349335","0.19487912952899933","0.1303137019276619","0.11790650337934494","0.1406007707118988","0.08459739573299885","0.07585032284259796","0.09445268660783768","0.08505510911345482","0.07594510167837143","0.09428282827138901"
"2349","0.07696818560361862","0.06500881910324097","0.08178912103176117","0.16097361966967583","0.13976381719112396","0.17630130052566528","0.11600501835346222","0.10207386314868927","0.12402936816215515","0.07924175262451172","0.0655079334974289","0.08502917736768723","0.07819275185465813","0.06579122692346573","0.08388331532478333"
"2350","0.08172073028981686","0.07445468753576279","0.08845201134681702","0.16555755957961082","0.15597912669181824","0.17628765106201172","0.11698041607936223","0.11195973306894302","0.1253979504108429","0.08210211619734764","0.07559368014335632","0.09035331010818481","0.08259942941367626","0.07625674456357956","0.08899843692779541"
"2351","0.07645523548126221","0.06412314623594284","0.09190773218870163","0.17045335471630096","0.14996622502803802","0.20818763971328735","0.12619524945815405","0.10606209188699722","0.14759379625320435","0.07720006629824638","0.06717398762702942","0.09542500972747803","0.0762237124145031","0.06453351676464081","0.09302039444446564"
"2352","0.0806826576590538","0.07154978811740875","0.09039157629013062","0.16506031155586243","0.15017665922641754","0.18334563076496124","0.11641532182693481","0.10989774763584137","0.12938955426216125","0.08108995854854584","0.07230489701032639","0.09127938747406006","0.08072102256119251","0.07080314308404922","0.09102210402488708"
"2353","0.08535000868141651","0.08095686137676239","0.08949679136276245","0.17412811890244484","0.16585806012153625","0.18910008668899536","0.12886167069276175","0.12357626855373383","0.13310444355010986","0.08601396158337593","0.08207814395427704","0.09041516482830048","0.08531142398715019","0.08224131166934967","0.090937539935112"
"2354","0.0785751175135374","0.07516157627105713","0.08150215446949005","0.16389452666044235","0.1563294231891632","0.17015358805656433","0.11855988949537277","0.11290066689252853","0.12581413984298706","0.07951685786247253","0.07563301175832748","0.08211775869131088","0.07922064699232578","0.07612317055463791","0.08213026821613312"