"Step","optimizer_name: nadam - train_loss","optimizer_name: nadam - train_loss__MIN","optimizer_name: nadam - train_loss__MAX","optimizer_name: sgd - train_loss","optimizer_name: sgd - train_loss__MIN","optimizer_name: sgd - train_loss__MAX","optimizer_name: sgdm - train_loss","optimizer_name: sgdm - train_loss__MIN","optimizer_name: sgdm - train_loss__MAX","optimizer_name: adamw - train_loss","optimizer_name: adamw - train_loss__MIN","optimizer_name: adamw - train_loss__MAX","optimizer_name: adam - train_loss","optimizer_name: adam - train_loss__MIN","optimizer_name: adam - train_loss__MAX"
"0","14.91809892654419","14.595473289489746","15.079391479492188","14.903818448384603","14.595473289489746","15.079391479492188","14.91809892654419","14.595473289489746","15.079391479492188","14.91809892654419","14.595473289489746","15.079391479492188","14.91809892654419","14.595473289489746","15.079391479492188"
"1","13.374670267105103","12.644769668579102","13.761734962463379","14.932215054829916","14.732382774353027","15.070491790771484","14.607937335968018","13.404888153076172","15.092649459838867","14.135814666748047","13.416059494018555","14.512176513671875","13.051487922668457","11.331804275512695","13.757963180541992"
"2","11.563059568405151","9.871970176696777","12.702281951904297","14.551149686177572","14.175854682922363","14.791921615600586","13.238714694976807","8.363302230834961","15.000509262084961","12.507339715957642","11.472495079040527","13.470396041870117","10.18576991558075","6.206085681915283","11.569817543029785"
"3","9.474637985229492","5.940859794616699","11.263158798217773","14.53349749247233","14.353155136108398","14.770711898803711","11.57043832540512","2.0109307765960693","15.003397941589355","11.047223806381226","9.725276947021484","13.054418563842773","8.296467661857605","3.2396597862243652","10.186570167541504"
"4","7.446811020374298","3.785327196121216","9.809057235717773","14.248689333597818","13.790650367736816","14.50445556640625","11.334734231233597","1.362815022468567","14.810897827148438","9.150760531425476","6.7704339027404785","11.430961608886719","5.634634077548981","1.188899278640747","7.493202209472656"
"5","5.663427025079727","1.9815088510513306","8.065263748168945","14.3102388381958","14.143937110900879","14.586069107055664","11.284952491521835","1.3224176168441772","14.690914154052734","7.313988089561462","5.133039951324463","10.537256240844727","4.4219748973846436","1.0054969787597656","6.000226974487305"
"6","4.041106402873993","1.2222018241882324","5.833915710449219","14.019895235697428","13.791248321533203","14.325838088989258","11.213038057088852","1.3325904607772827","14.818804740905762","5.914984822273254","3.4727439880371094","9.434938430786133","3.170352816581726","0.8488225936889648","4.151165008544922"
"7","3.0876708030700684","1.1176822185516357","4.672206878662109","13.728620847066244","13.393013000488281","14.23476505279541","11.12121570110321","1.7257027626037598","14.764952659606934","4.827452003955841","2.5187430381774902","8.813323974609375","2.3318565487861633","0.8202800750732422","3.146425247192383"
"8","2.380444884300232","1.0069265365600586","3.6893177032470703","13.643548965454102","12.882290840148926","14.174644470214844","11.03847861289978","1.8384723663330078","14.427436828613281","3.594411998987198","1.3614288568496704","6.797565460205078","1.4027075469493866","0.6801038980484009","2.0491011142730713"
"9","1.6047520488500595","0.8898383975028992","2.3174779415130615","13.194183349609375","12.995400428771973","13.44396686553955","10.912159621715546","1.9782207012176514","14.149368286132812","2.6212492287158966","1.1727782487869263","5.694938659667969","1.0510797500610352","0.5929921865463257","1.242039680480957"
"10","1.2856964319944382","0.8367161154747009","1.6277339458465576","12.876340866088867","12.155847549438477","13.444952011108398","11.064314663410187","1.8872654438018799","14.573055267333984","2.180061936378479","1.0891690254211426","5.013167381286621","0.9485501423478127","0.47788968682289124","1.1566249132156372"
"11","1.096261203289032","0.6835633516311646","1.3400119543075562","12.863296508789062","12.050348281860352","13.354613304138184","10.851837277412415","1.8665099143981934","14.036009788513184","1.8420623540878296","0.9800217151641846","4.0473175048828125","0.8623683452606201","0.3866249918937683","1.0464491844177246"
"12","1.001330390572548","0.5643578171730042","1.2623522281646729","12.737536748250326","12.014047622680664","13.16731071472168","10.956571817398071","1.6016883850097656","14.460931777954102","1.6707975566387177","0.919456958770752","3.568328857421875","0.8189765512943268","0.33195626735687256","1.0234181880950928"
"13","0.901890754699707","0.4186329245567322","1.1684423685073853","12.021971066792807","11.57210922241211","12.365523338317871","10.19054263830185","1.404325246810913","13.153203964233398","1.4534104019403458","0.8454285264015198","2.910399913787842","0.7489450573921204","0.30582112073898315","0.9412621259689331"
"14","0.7578350529074669","0.3500162661075592","0.9948831796646118","12.080880165100098","10.86192512512207","12.921687126159668","10.477211773395538","1.2197010517120361","13.6317138671875","1.2672286629676819","0.7962996959686279","2.5009515285491943","0.6589666157960892","0.2517828941345215","0.8098032474517822"
"15","0.7440719455480576","0.31190502643585205","0.9854634404182434","11.71450169881185","11.139259338378906","12.7112455368042","10.061123698949814","1.0954679250717163","13.434104919433594","1.0514329820871353","0.7905286550521851","1.628017544746399","0.6598623767495155","0.22856256365776062","0.8077213168144226"
"16","0.6666110977530479","0.25643977522850037","0.903163731098175","11.529003461201986","10.686935424804688","12.296709060668945","9.925879210233688","1.1215895414352417","13.07175064086914","0.9473301768302917","0.718795120716095","1.3907428979873657","0.6163958683609962","0.23112455010414124","0.7690004110336304"
"17","0.5531053096055984","0.23023998737335205","0.763464093208313","11.20880381266276","10.72789192199707","11.728628158569336","9.66695088148117","0.9954421520233154","12.651338577270508","0.8002249747514725","0.6125653982162476","1.1083307266235352","0.5268766209483147","0.20210185647010803","0.6483587026596069"
"18","0.5439119189977646","0.22506248950958252","0.7820581793785095","10.933426221211752","9.347898483276367","11.75128173828125","9.861574649810791","1.0610017776489258","13.267776489257812","0.8043757081031799","0.5870673060417175","1.11891770362854","0.5189267881214619","0.20701368153095245","0.6623846292495728"
"19","0.48888903111219406","0.2016695737838745","0.7053714990615845","11.124724388122559","9.832740783691406","12.163681030273438","10.008628994226456","1.009112000465393","13.1534423828125","0.7518294304609299","0.5196030735969543","1.06843900680542","0.46830611675977707","0.20269480347633362","0.5768172144889832"
"20","0.42284174636006355","0.21582384407520294","0.5941242575645447","10.516236941019693","9.319316864013672","11.470662117004395","9.580002069473267","1.000056266784668","12.572583198547363","0.6765703484416008","0.47058239579200745","0.966253399848938","0.4102342501282692","0.19437173008918762","0.49902868270874023"
"21","0.39816609025001526","0.18714183568954468","0.5665181875228882","10.23497486114502","9.137649536132812","10.9882173538208","9.50030505657196","1.0311942100524902","12.971056938171387","0.6611533835530281","0.39458468556404114","1.0239007472991943","0.37161505967378616","0.18952906131744385","0.47636693716049194"
"23","0.3434668816626072","0.1917603462934494","0.4752076268196106","9.78132438659668","8.840800285339355","10.469809532165527","9.142168194055557","0.9608408212661743","12.17148494720459","0.5999876335263252","0.3534497320652008","0.9722896814346313","0.3260556235909462","0.18206873536109924","0.3861677646636963"
"24","0.30041375011205673","0.182297021150589","0.4163048267364502","9.293336232503256","7.6050004959106445","10.383768081665039","9.380029678344727","1.015655517578125","12.657724380493164","0.5525592789053917","0.31099003553390503","0.9826041460037231","0.28127553686499596","0.179597869515419","0.33382710814476013"
"25","0.27460866793990135","0.1966719776391983","0.3514927923679352","8.184905370076498","6.375429153442383","9.70131778717041","8.560171082615852","0.938214123249054","11.235159873962402","0.4942508935928345","0.30722829699516296","0.8540387153625488","0.26846807450056076","0.19063711166381836","0.3130355477333069"
"26","0.2573911100625992","0.1709577888250351","0.32347574830055237","8.379524230957031","6.635910987854004","9.886615753173828","8.548757806420326","0.8987599015235901","11.276445388793945","0.48393508791923523","0.2618703842163086","0.8983206152915955","0.24557046592235565","0.18000885844230652","0.2771338224411011"
"27","0.24917684122920036","0.18781103193759918","0.2985193431377411","7.950127760569255","6.299449443817139","9.023942947387695","8.494001030921936","0.901526927947998","11.371973991394043","0.4653509631752968","0.2723132371902466","0.8858835697174072","0.24223146587610245","0.17084145545959473","0.27362701296806335"
"28","0.21898828446865082","0.17157384753227234","0.2588531970977783","7.121721903483073","5.3007612228393555","8.334665298461914","8.058420240879059","0.8587667942047119","10.758712768554688","0.4079486206173897","0.24052733182907104","0.7955492734909058","0.2166357785463333","0.17178241908550262","0.24030934274196625"
"29","0.20426441356539726","0.15524816513061523","0.2402193248271942","7.485015233357747","5.637552738189697","9.398477554321289","8.260741472244263","0.7584867477416992","11.078535079956055","0.37147046253085136","0.20684589445590973","0.7522439956665039","0.20326826721429825","0.17640957236289978","0.2201647162437439"
"30","0.2185424193739891","0.16484609246253967","0.24465548992156982","6.696745077768962","5.1519646644592285","8.390604972839355","7.696808189153671","0.7809251546859741","10.149755477905273","0.38255320116877556","0.2217896729707718","0.7471499443054199","0.2186218835413456","0.17818103730678558","0.24214386940002441"
"31","0.19043075665831566","0.15400508046150208","0.2163383960723877","6.495776971181233","4.48245096206665","8.148110389709473","7.71796315908432","0.744957685470581","10.353246688842773","0.3461182117462158","0.20506194233894348","0.7024010419845581","0.19366008415818214","0.16464518010616302","0.2097894549369812"
"32","0.19592201337218285","0.16056731343269348","0.21984310448169708","6.659279823303223","4.489288330078125","8.549077033996582","7.883749827742577","0.7405189871788025","10.528782844543457","0.3377789109945297","0.20444419980049133","0.677688717842102","0.19781459867954254","0.17186474800109863","0.2191941887140274"
"33","0.18195126578211784","0.15808352828025818","0.19818785786628723","5.951038519541423","4.47649621963501","7.501346588134766","7.534150928258896","0.6503528356552124","10.329570770263672","0.3188658282160759","0.20095190405845642","0.6433728933334351","0.18800688907504082","0.16690027713775635","0.20176419615745544"
"34","0.18471841141581535","0.17399752140045166","0.1962888240814209","5.686082522074382","4.12028694152832","6.843061447143555","7.047096788883209","0.6575138568878174","9.917556762695312","0.30849403887987137","0.20342355966567993","0.5972170829772949","0.18821199238300323","0.15614622831344604","0.21340599656105042"
"35","0.17659331485629082","0.14592117071151733","0.19293852150440216","5.110546827316284","3.527574300765991","6.22671365737915","6.754709959030151","0.632781982421875","9.535106658935547","0.2852151580154896","0.18056544661521912","0.5426095724105835","0.18038463220000267","0.16258150339126587","0.19398616254329681"
"36","0.1800893284380436","0.16257412731647491","0.19148877263069153","5.052528381347656","3.7049484252929688","6.778969764709473","6.704440057277679","0.630197286605835","8.96945571899414","0.2793102227151394","0.19503067433834076","0.5087721943855286","0.18658433482050896","0.17267833650112152","0.19782298803329468"
"37","0.17283599823713303","0.15541194379329681","0.18227830529212952","4.5454481442769366","2.7385902404785156","6.37200403213501","6.482860878109932","0.5968278050422668","8.534463882446289","0.25997844338417053","0.1848525106906891","0.46349239349365234","0.1758553348481655","0.15980535745620728","0.18260090053081512"
"38","0.17447899281978607","0.15486662089824677","0.18535107374191284","4.384942054748535","3.5972342491149902","5.335555553436279","5.834192126989365","0.575194239616394","8.104120254516602","0.2536192797124386","0.1823536604642868","0.4343942403793335","0.1763925962150097","0.15450210869312286","0.19297316670417786"
"39","0.14717838913202286","0.12746024131774902","0.1565880924463272","4.063511371612549","2.9159622192382812","5.186151504516602","5.687568217515945","0.5573846101760864","8.028199195861816","0.21556273102760315","0.15040628612041473","0.3769804537296295","0.15086712688207626","0.14256539940834045","0.15804460644721985"
"40","0.16393697634339333","0.14398840069770813","0.18300287425518036","3.928652366002401","2.647372007369995","5.068331718444824","5.831623584032059","0.6037155389785767","8.04426097869873","0.22562141716480255","0.17238375544548035","0.37114548683166504","0.16819757968187332","0.16387604176998138","0.17011287808418274"
"41","0.16177288815379143","0.14206786453723907","0.1815551519393921","3.695688247680664","2.548694133758545","5.01652717590332","5.097342938184738","0.5629347562789917","7.00963020324707","0.2177443876862526","0.1640765368938446","0.33602404594421387","0.16503067687153816","0.1499083787202835","0.18757659196853638"
"42","0.17131007835268974","0.1588556170463562","0.1838533878326416","3.3941062291463218","2.6308839321136475","3.998685836791992","4.933894693851471","0.5719387531280518","7.039085865020752","0.21677319705486298","0.1672958880662918","0.30955368280410767","0.17550839483737946","0.16163022816181183","0.19246606528759003"
"43","0.1638731211423874","0.1441495418548584","0.17519643902778625","3.4452176888783774","2.4164297580718994","3.9599075317382812","5.071136385202408","0.6053663492202759","7.758033752441406","0.20334846153855324","0.16831815242767334","0.27578485012054443","0.16830414161086082","0.15642035007476807","0.17790114879608154"
"44","0.17383796349167824","0.1596701741218567","0.18781903386116028","3.1023072401682534","2.556258201599121","3.547543525695801","4.306245312094688","0.5785073637962341","6.080272674560547","0.21170006692409515","0.18231123685836792","0.2914976477622986","0.176433514803648","0.17064467072486877","0.18101659417152405"
"46","0.15894931554794312","0.15164905786514282","0.1705293357372284","2.8780325253804526","2.2342700958251953","3.5579309463500977","4.116250365972519","0.5533961057662964","5.686129570007324","0.18951616808772087","0.15991543233394623","0.2456681877374649","0.16467303782701492","0.1552513837814331","0.17485234141349792"
"47","0.16404245048761368","0.14090797305107117","0.1778414398431778","3.245283524195353","2.242003917694092","4.184264659881592","4.36399607360363","0.5984408259391785","6.280277252197266","0.19248291850090027","0.16474123299121857","0.2311147153377533","0.1691841222345829","0.1571045219898224","0.18266929686069489"
"48","0.14826276525855064","0.1462429165840149","0.1533173769712448","2.5824134349823","2.2617597579956055","3.041548013687134","3.5063255727291107","0.510100245475769","4.7266950607299805","0.17600007355213165","0.1548135131597519","0.21161633729934692","0.15460587292909622","0.14128945767879486","0.17392775416374207"
"49","0.16024702414870262","0.14596039056777954","0.17092925310134888","2.5799100399017334","2.1380057334899902","3.257873296737671","3.423170119524002","0.5260154008865356","4.563528537750244","0.1852239966392517","0.16936051845550537","0.22214800119400024","0.16619709506630898","0.16112519800662994","0.17419634759426117"
"50","0.14405503496527672","0.1393633782863617","0.1498269885778427","2.5963762601216636","2.3948795795440674","2.9403440952301025","3.2863523960113525","0.49269700050354004","4.399496078491211","0.1682300977408886","0.1490962952375412","0.19716063141822815","0.1510034315288067","0.14284871518611908","0.160179004073143"
"51","0.1481277048587799","0.12832389771938324","0.15836568176746368","2.841986894607544","2.22670316696167","3.413400650024414","3.412595123052597","0.5032347440719604","5.07420539855957","0.16966598480939865","0.1475526988506317","0.20208358764648438","0.1515541411936283","0.1442011594772339","0.16164767742156982"
"52","0.15447998046875","0.1432909518480301","0.1736355572938919","2.476714769999186","2.0422511100769043","2.817002296447754","3.163902126252651","0.4963417947292328","4.374034404754639","0.17727342620491982","0.15184444189071655","0.22229106724262238","0.15745655074715614","0.14756332337856293","0.16402758657932281"
"53","0.14558085799217224","0.14030857384204865","0.15067635476589203","2.538954814275106","2.154571056365967","2.8731424808502197","2.9232805371284485","0.5216104984283447","4.189137935638428","0.16915666311979294","0.14963564276695251","0.19621966779232025","0.15198605135083199","0.14118698239326477","0.16184355318546295"
"54","0.14452766999602318","0.13169504702091217","0.1602555811405182","2.6210621992746987","1.8786132335662842","3.447641372680664","3.205414518713951","0.5379442572593689","4.209055423736572","0.1661899946630001","0.15181194245815277","0.17810755968093872","0.1505824476480484","0.12793639302253723","0.1662357747554779"
"55","0.15720728784799576","0.14543789625167847","0.16207298636436462","2.3059845765431723","2.006626605987549","2.49647855758667","2.6281569451093674","0.5026199221611023","3.7200706005096436","0.1768893040716648","0.1668091118335724","0.1959584355354309","0.16283059120178223","0.15342941880226135","0.1695440113544464"
"56","0.1487467959523201","0.13671794533729553","0.15833362936973572","2.390899181365967","1.9570221900939941","2.662111759185791","2.5354277342557907","0.4830772280693054","3.877669334411621","0.16845467314124107","0.15352380275726318","0.18209441006183624","0.15214582905173302","0.13015466928482056","0.16458407044410706"
"57","0.1482635699212551","0.14163191616535187","0.16459223628044128","2.187872529029846","1.8715318441390991","2.3881731033325195","2.462170273065567","0.4842938184738159","3.428882598876953","0.16740085184574127","0.15299701690673828","0.20068508386611938","0.15354815870523453","0.14935390651226044","0.15742628276348114"
"58","0.1458672732114792","0.1416088342666626","0.15578919649124146","2.411940654118856","1.8874669075012207","2.979130268096924","2.60782403498888","0.47999218106269836","3.5543160438537598","0.16421960666775703","0.15466387569904327","0.17227722704410553","0.15025293081998825","0.12808029353618622","0.16216549277305603"
"59","0.14558541029691696","0.13056644797325134","0.15238803625106812","2.206039865811666","1.9066745042800903","2.484398603439331","2.236943170428276","0.4769431948661804","3.260598659515381","0.16394616290926933","0.14778496325016022","0.18159961700439453","0.15143419802188873","0.14305835962295532","0.16049829125404358"
"60","0.14424213021993637","0.13965652883052826","0.15306907892227173","2.081936160723368","1.678744912147522","2.5023205280303955","2.189743161201477","0.49909257888793945","2.8758397102355957","0.16250019520521164","0.1544625461101532","0.17008811235427856","0.15057381987571716","0.1335788518190384","0.16243895888328552"
"61","0.13960839062929153","0.13175199925899506","0.15689724683761597","2.3756911754608154","2.1262030601501465","2.7978579998016357","2.2031608521938324","0.4646512269973755","3.0783658027648926","0.15792053937911987","0.1429775059223175","0.17021524906158447","0.14803262799978256","0.1392359435558319","0.167218416929245"
"62","0.13195649161934853","0.12575672566890717","0.14183849096298218","2.237895409266154","2.019564390182495","2.3590824604034424","2.196930453181267","0.4672226309776306","3.274956703186035","0.14967280253767967","0.14099736511707306","0.17267343401908875","0.1394624225795269","0.1376173198223114","0.14333708584308624"
"63","0.1460413672029972","0.12600798904895782","0.15457989275455475","2.032728433609009","1.743440866470337","2.3489131927490234","2.058141514658928","0.48682039976119995","2.699739456176758","0.1635109819471836","0.14305590093135834","0.18202483654022217","0.15104733034968376","0.1379319280385971","0.16570837795734406"
"64","0.1354706510901451","0.12770973145961761","0.14610958099365234","2.1882117986679077","1.9660226106643677","2.3102502822875977","2.158639073371887","0.45427393913269043","3.0087928771972656","0.151911199092865","0.1448346972465515","0.17184500396251678","0.14193635433912277","0.13946402072906494","0.14353986084461212"
"65","0.1335571315139532","0.12380798906087875","0.14266210794448853","2.1784175634384155","1.9888211488723755","2.535841941833496","2.0169293209910393","0.46925684809684753","2.6699483394622803","0.14980733022093773","0.13811126351356506","0.15530940890312195","0.1407613381743431","0.1270124912261963","0.1516008973121643"
"66","0.1377144642174244","0.12774325907230377","0.145024374127388","2.0304416020711265","1.8539597988128662","2.3211026191711426","1.986680991947651","0.46458700299263","2.6799778938293457","0.1547376923263073","0.14399246871471405","0.1605609953403473","0.14490603283047676","0.1322985589504242","0.1568368524312973"
"67","0.1347324587404728","0.12228146195411682","0.14499124884605408","2.107906937599182","1.9132705926895142","2.4072699546813965","2.0293291062116623","0.44635528326034546","2.6732492446899414","0.15078463032841682","0.1362411379814148","0.16502302885055542","0.14089711382985115","0.13106591999530792","0.15289506316184998"
"69","0.13289516791701317","0.11973752081394196","0.13924795389175415","1.9199456373850505","1.7712421417236328","2.164372682571411","1.7427506297826767","0.4594866633415222","2.224581241607666","0.1517515853047371","0.1510339081287384","0.15216003358364105","0.14100702106952667","0.12055467069149017","0.1501625031232834"
"70","0.13104110583662987","0.12430621683597565","0.14277103543281555","2.0041592915852866","1.8366947174072266","2.3348617553710938","1.8194905817508698","0.4340587854385376","2.3997607231140137","0.1466757394373417","0.13696110248565674","0.15966996550559998","0.13848324120044708","0.1284433901309967","0.15341639518737793"
"71","0.14081334695219994","0.11934162676334381","0.1600888967514038","2.093222459157308","1.820892333984375","2.3479814529418945","1.9231086075305939","0.49829351902008057","2.5192737579345703","0.15899432078003883","0.13246552646160126","0.17660465836524963","0.1492343656718731","0.13207054138183594","0.17233380675315857"
"72","0.12463713623583317","0.12080398201942444","0.13230282068252563","1.9475901921590169","1.7440667152404785","2.2796101570129395","1.740551769733429","0.44745707511901855","2.3185763359069824","0.14142561331391335","0.13570213317871094","0.1468314528465271","0.13356225937604904","0.1270265281200409","0.14568336308002472"
"73","0.12256369180977345","0.11352802813053131","0.13742198050022125","1.7625808318456013","1.6182901859283447","1.9741028547286987","1.6645653396844864","0.41082221269607544","2.2331597805023193","0.13933679834008217","0.12402333319187164","0.16813287138938904","0.13004632852971554","0.12358713895082474","0.14134645462036133"
"74","0.12316417880356312","0.1142319068312645","0.13855773210525513","1.8963686625162761","1.7768404483795166","1.9836881160736084","1.7012719511985779","0.42200708389282227","2.2952613830566406","0.13981617614626884","0.12666070461273193","0.15237212181091309","0.13081866689026356","0.11696663498878479","0.1522715538740158"
"75","0.1231739204376936","0.11299075186252594","0.13237634301185608","1.8414454857508342","1.7100380659103394","2.020972728729248","1.6547884345054626","0.39707326889038086","2.0917210578918457","0.14072054997086525","0.1275893896818161","0.16068041324615479","0.13067318126559258","0.12356995046138763","0.13551361858844757"
"76","0.13687187060713768","0.12335821986198425","0.14953705668449402","1.7699633836746216","1.61764657497406","1.9033112525939941","1.6215017959475517","0.4158407151699066","2.120246410369873","0.15180376917123795","0.13491205871105194","0.1643001139163971","0.14437880367040634","0.1361512541770935","0.1544969081878662"
"77","0.12360643967986107","0.11475875228643417","0.13295601308345795","2.0208328564961753","1.8030195236206055","2.250802516937256","1.7809381633996964","0.4160977005958557","2.3387937545776367","0.14049481227993965","0.12751363217830658","0.15222103893756866","0.1320997979491949","0.12079776078462601","0.14937233924865723"
"78","0.12268281169235706","0.11186102777719498","0.13012781739234924","1.8393943309783936","1.6462382078170776","2.026829481124878","1.6450445875525475","0.4157942235469818","2.1436808109283447","0.14046792313456535","0.1288880854845047","0.14801551401615143","0.13138114288449287","0.12173042446374893","0.14329957962036133"
"79","0.12432162649929523","0.11202118545770645","0.14263322949409485","1.7908029158910115","1.6562962532043457","1.9177175760269165","1.6035605520009995","0.42234498262405396","2.2405283451080322","0.14075510576367378","0.12751959264278412","0.15736879408359528","0.13245881162583828","0.12220646440982819","0.15937870740890503"
"80","0.11793041601777077","0.09708234667778015","0.1302180141210556","1.8010365565617878","1.6556808948516846","1.9657198190689087","1.632667601108551","0.3840280771255493","2.100731134414673","0.13492427952587605","0.10924171656370163","0.1575300097465515","0.1257358193397522","0.10223299264907837","0.14256173372268677"
"81","0.11646444164216518","0.10533470660448074","0.12566426396369934","1.7263532082239788","1.6788239479064941","1.8145809173583984","1.5224117264151573","0.4173586070537567","1.9677255153656006","0.13492389768362045","0.12526391446590424","0.1388445347547531","0.1253249179571867","0.1090024784207344","0.13412345945835114"
"82","0.12032558768987656","0.11203086376190186","0.13794101774692535","1.8753392696380615","1.6810669898986816","2.1498255729675293","1.6448261141777039","0.39778053760528564","2.145899534225464","0.13877027109265327","0.12766523659229279","0.14969965815544128","0.12979921884834766","0.12019684165716171","0.14214862883090973"
"83","0.1241552047431469","0.12081870436668396","0.1265772581100464","1.8151400486628215","1.720170021057129","1.8881405591964722","1.5978851616382599","0.43104279041290283","2.144993305206299","0.14021297171711922","0.13470135629177094","0.14302700757980347","0.1327403262257576","0.12286122143268585","0.1447618156671524"
"84","0.11382468231022358","0.09683731943368912","0.12185965478420258","1.8888703187306721","1.7348822355270386","2.113273859024048","1.5814363658428192","0.3888510465621948","2.10929799079895","0.13093552738428116","0.12339599430561066","0.1336783468723297","0.1210724301636219","0.09265720844268799","0.13722097873687744"
"85","0.11477814055979252","0.09555681049823761","0.12972533702850342","1.7916926542917888","1.644634485244751","2.0736489295959473","1.5280603989958763","0.3593171536922455","2.0715889930725098","0.13070149719715118","0.11044766008853912","0.1412699818611145","0.12202367559075356","0.10639810562133789","0.13633543252944946"
"86","0.1161747258156538","0.10520519316196442","0.12433288246393204","1.6972795327504475","1.6516904830932617","1.7749388217926025","1.454191416501999","0.3941159248352051","1.849397897720337","0.1329094711691141","0.11728858202695847","0.1534038484096527","0.12414879351854324","0.12097813189029694","0.12750975787639618"
"87","0.11988850310444832","0.10386496782302856","0.13479763269424438","1.7614001433054607","1.7229597568511963","1.8368496894836426","1.4823703318834305","0.3843229413032532","1.9231290817260742","0.1338439267128706","0.11687564104795456","0.1468392163515091","0.1287810280919075","0.11331428587436676","0.1448727250099182"
"88","0.11269288137555122","0.10578127205371857","0.12258034944534302","1.8706396023432414","1.7779183387756348","1.9471958875656128","1.5818095952272415","0.37756580114364624","2.098203182220459","0.12849327363073826","0.11440108716487885","0.1498522162437439","0.12078719958662987","0.10710611939430237","0.1295841783285141"
"89","0.10810564272105694","0.0973968431353569","0.11586396396160126","1.7531840403874714","1.6216323375701904","1.8877454996109009","1.4968888685107231","0.33707866072654724","1.9460433721542358","0.12274617701768875","0.11156939715147018","0.14011766016483307","0.11545148678123951","0.10745006054639816","0.12020720541477203"
"90","0.11710795387625694","0.11052688956260681","0.12303981184959412","1.6413764556248982","1.5920805931091309","1.6826425790786743","1.420113667845726","0.3894481062889099","1.8925330638885498","0.1315515637397766","0.12894505262374878","0.13273070752620697","0.12468697316944599","0.11328160017728806","0.13667434453964233"
"91","0.10594314150512218","0.09475924074649811","0.1159207820892334","1.7388153473536174","1.6436337232589722","1.7910239696502686","1.5081339105963707","0.3623504340648651","1.9751009941101074","0.12033654004335403","0.10975451022386551","0.1286545991897583","0.1130343358963728","0.10542856156826019","0.12327802181243896"
"92","0.10998587124049664","0.10476168990135193","0.11710867285728455","1.6744011640548706","1.640055775642395","1.7328962087631226","1.4080652371048927","0.35400643944740295","1.8302605152130127","0.12573949433863163","0.11680847406387329","0.1439509391784668","0.11770984157919884","0.11303842067718506","0.12243305146694183"
"93","0.11170488595962524","0.09854362159967422","0.12605221569538116","1.6938521067301433","1.6131972074508667","1.8424009084701538","1.4572092592716217","0.3860304355621338","1.8335754871368408","0.12561817467212677","0.12007204443216324","0.13349848985671997","0.1190903764218092","0.10573724657297134","0.12508124113082886"
"94","0.10869855247437954","0.10023174434900284","0.11810736358165741","1.6586482524871826","1.5895588397979736","1.7086589336395264","1.4750013053417206","0.3782581090927124","1.9835116863250732","0.12140608765184879","0.11739518493413925","0.12878106534481049","0.11597180552780628","0.10634002834558487","0.13498011231422424"
"95","0.11240457370877266","0.09909766912460327","0.12430468201637268","1.741871953010559","1.681437611579895","1.8061649799346924","1.515076957643032","0.3741527497768402","2.0139079093933105","0.12611083313822746","0.1149272620677948","0.1392623484134674","0.11995835602283478","0.11001238971948624","0.1266900897026062"
"96","0.11444435827434063","0.09841378033161163","0.13230480253696442","1.6157077153523762","1.485933542251587","1.6906938552856445","1.4510431736707687","0.3859027028083801","1.8797061443328857","0.12598111107945442","0.10614393651485443","0.1508413851261139","0.1195040363818407","0.1114867702126503","0.13238409161567688"
"97","0.10608789883553982","0.09809689968824387","0.1144484430551529","1.6268348693847656","1.5251271724700928","1.6866462230682373","1.3815365433692932","0.3627434968948364","1.8316965103149414","0.11816924065351486","0.11233343929052353","0.12228965014219284","0.11250048317015171","0.10292637348175049","0.12515510618686676"
"98","0.1103710550814867","0.10990071296691895","0.11172352731227875","1.7515751520792644","1.6803867816925049","1.890655517578125","1.5022047534585","0.3899262249469757","1.9338397979736328","0.1227414608001709","0.11738067120313644","0.1290411353111267","0.1184206660836935","0.1093827560544014","0.12704682350158691"
"99","0.10685969330370426","0.09790842980146408","0.11209774017333984","1.6681581735610962","1.5418726205825806","1.8047645092010498","1.3980807811021805","0.35330790281295776","1.95425283908844","0.11880061589181423","0.11081470549106598","0.13270491361618042","0.11350493878126144","0.10657957941293716","0.12396252900362015"
"101","0.10775458440184593","0.09564215689897537","0.11726735532283783","1.7265662749608357","1.6780521869659424","1.7625068426132202","1.467827931046486","0.36880773305892944","1.8875436782836914","0.11891576647758484","0.10265859961509705","0.13137468695640564","0.11391470395028591","0.10898555815219879","0.11683939397335052"
"102","0.10980443097651005","0.104144386947155","0.11325021833181381","1.7181932926177979","1.5959751605987549","1.846245527267456","1.4611115008592606","0.3787851929664612","1.8403868675231934","0.11989988759160042","0.11198839545249939","0.12671567499637604","0.11655339412391186","0.1071566715836525","0.12173201888799667"
"103","0.09957005828619003","0.09547793865203857","0.1023615300655365","1.7101520697275798","1.5157110691070557","1.8753056526184082","1.4994612485170364","0.34341830015182495","1.9101972579956055","0.11034167185425758","0.0995485782623291","0.12260039150714874","0.10624524392187595","0.09423034638166428","0.11417820304632187"
"104","0.10186947882175446","0.09599478542804718","0.10934146493673325","1.6634613672892253","1.5453002452850342","1.7411556243896484","1.4231820702552795","0.35260021686553955","1.8997918367385864","0.11228539980947971","0.11059169471263885","0.11425335705280304","0.10852927714586258","0.10193262994289398","0.11733508110046387"
"105","0.1082315519452095","0.09972956031560898","0.11419180780649185","1.713708758354187","1.5635507106781006","1.9181604385375977","1.4872720390558243","0.3721291422843933","2.1202962398529053","0.11947121098637581","0.10280562937259674","0.13550634682178497","0.11487722583115101","0.09531529992818832","0.1303764283657074"
"106","0.10896739922463894","0.10081571340560913","0.11527586728334427","1.6394445896148682","1.5410802364349365","1.7404847145080566","1.4032298773527145","0.3658289313316345","1.9052519798278809","0.11787507683038712","0.10801517963409424","0.12372737377882004","0.11457349359989166","0.11291548609733582","0.11697772145271301"
"107","0.10096835158765316","0.09682288765907288","0.10562315583229065","1.605258544286092","1.5731077194213867","1.631169319152832","1.3544762209057808","0.3305990993976593","1.7431471347808838","0.11080780252814293","0.10037322342395782","0.11806837469339371","0.10724490322172642","0.09547974169254303","0.11478941142559052"
"108","0.10634003765881062","0.09386804699897766","0.12858568131923676","1.6477772792180378","1.6115636825561523","1.7032904624938965","1.3807535246014595","0.35659363865852356","1.860302448272705","0.11545264162123203","0.10469362139701843","0.13148435950279236","0.11279513128101826","0.1016136109828949","0.12549197673797607"
"109","0.10454798676073551","0.09359346330165863","0.11220954358577728","1.6445265611012776","1.5393222570419312","1.7255489826202393","1.4163491874933243","0.33822280168533325","1.8348605632781982","0.11320465989410877","0.09881456196308136","0.12233695387840271","0.10949253663420677","0.10405299812555313","0.11862212419509888"
"110","0.10459890402853489","0.10033931583166122","0.10804558545351028","1.6246064106623332","1.521743893623352","1.7905182838439941","1.3680209815502167","0.350136399269104","1.7738884687423706","0.11222225427627563","0.1058492660522461","0.11780838668346405","0.11003045551478863","0.10196305811405182","0.11409762501716614"
"111","0.10296638309955597","0.09603828936815262","0.11207173764705658","1.573338468869527","1.4856326580047607","1.709112524986267","1.3124334663152695","0.3225565552711487","1.7031805515289307","0.10994333028793335","0.10524128377437592","0.11755962669849396","0.10733261704444885","0.10089383274316788","0.12393627315759659"
"112","0.10018105991184711","0.09328287839889526","0.11039850115776062","1.8082103331883748","1.6714040040969849","1.8776211738586426","1.530456006526947","0.3522423505783081","2.0872697830200195","0.10778540931642056","0.0961182564496994","0.11553460359573364","0.10614443570375443","0.09090792387723923","0.12283551692962646"
"113","0.10424891486763954","0.09019362926483154","0.11172719299793243","1.63068954149882","1.5575116872787476","1.7423958778381348","1.3877094760537148","0.35585060715675354","1.7648948431015015","0.11207927949726582","0.10500216484069824","0.12102428078651428","0.10921741835772991","0.09506795555353165","0.11811250448226929"
"114","0.09881335310637951","0.08927023410797119","0.10691247135400772","1.669234275817871","1.5527615547180176","1.7618343830108643","1.4022580906748772","0.32143673300743103","1.9163604974746704","0.10646171309053898","0.09832610934972763","0.11008310317993164","0.10334932804107666","0.0955904945731163","0.11586019396781921"
"115","0.10085486993193626","0.08497688919305801","0.1162620261311531","1.559885859489441","1.481321096420288","1.6257461309432983","1.3042804822325706","0.3095637261867523","1.778125524520874","0.10849046893417835","0.09291000664234161","0.12169834226369858","0.10643629543483257","0.09044896811246872","0.12899798154830933"
"116","0.09953431971371174","0.09391874074935913","0.10489018261432648","1.6579216321309407","1.5881699323654175","1.7321386337280273","1.3703306913375854","0.3373023271560669","1.789659023284912","0.10586801543831825","0.09547939896583557","0.11404715478420258","0.10502301901578903","0.0914369449019432","0.11139018088579178"
"117","0.10158801078796387","0.08440931141376495","0.110699862241745","1.6648793617884319","1.5600883960723877","1.7288398742675781","1.4138449355959892","0.34673771262168884","1.8332525491714478","0.10854022763669491","0.08898228406906128","0.12417750060558319","0.10627382062375546","0.09435902535915375","0.1168513298034668"
"118","0.09996660053730011","0.09158308804035187","0.10782048851251602","1.592991590499878","1.4649397134780884","1.7123533487319946","1.351911723613739","0.34883856773376465","1.7228596210479736","0.10659039206802845","0.10177183896303177","0.11681944876909256","0.10453568771481514","0.0975797027349472","0.11388462781906128"
"119","0.10161801241338253","0.0964054986834526","0.10608696937561035","1.568751295407613","1.4949593544006348","1.6404155492782593","1.3478548228740692","0.3269038200378418","1.7437103986740112","0.10809312202036381","0.10064849257469177","0.1177244633436203","0.10700524784624577","0.10362663865089417","0.11435024440288544"
"120","0.10637405328452587","0.09460854530334473","0.11375921219587326","1.5408045450846355","1.4588407278060913","1.6180860996246338","1.3289119601249695","0.3285866975784302","1.7336764335632324","0.11130767688155174","0.09884694963693619","0.12197621911764145","0.11076384596526623","0.1018931195139885","0.1193162351846695"
"121","0.10216731950640678","0.09330780804157257","0.11852461844682693","1.6009111404418945","1.554477334022522","1.6373636722564697","1.3231902569532394","0.3018612265586853","1.7092511653900146","0.1077940333634615","0.09647722542285919","0.11924627423286438","0.10700221732258797","0.1001698449254036","0.11532518267631531"
"122","0.10550431162118912","0.0935278981924057","0.11610869318246841","1.6372771660486858","1.5452545881271362","1.6852502822875977","1.3562187999486923","0.31858426332473755","1.8089394569396973","0.11148798279464245","0.10130428522825241","0.12828320264816284","0.10977970622479916","0.09893131256103516","0.12251699715852737"
"124","0.09558388218283653","0.09267029166221619","0.10088837146759033","1.524401108423869","1.4830036163330078","1.5872161388397217","1.2998555526137352","0.30837711691856384","1.723069190979004","0.10021685808897018","0.09502162039279938","0.10690435767173767","0.09930325858294964","0.09125274419784546","0.10499736666679382"
"125","0.10328570939600468","0.09711241722106934","0.10779166221618652","1.4901276429494221","1.4525874853134155","1.5423158407211304","1.2400963455438614","0.30946415662765503","1.5727250576019287","0.1085600946098566","0.10388901084661484","0.11790554225444794","0.10602790676057339","0.10197605937719345","0.11047596484422684"
"126","0.09546750597655773","0.09056262671947479","0.10262564569711685","1.693395972251892","1.6228171586990356","1.8299024105072021","1.3969884291291237","0.29791775345802307","1.8238286972045898","0.10145850665867329","0.09702058881521225","0.10579593479633331","0.09928837232291698","0.09281551092863083","0.11049370467662811"
"127","0.09879051707684994","0.09100311249494553","0.10547173023223877","1.5743335882822673","1.5264703035354614","1.634118914604187","1.3214596956968307","0.2975844740867615","1.7189456224441528","0.10325037129223347","0.09788277745246887","0.1105819046497345","0.10212916322052479","0.09561578184366226","0.10772454738616943"
"128","0.1039749775081873","0.09965068846940994","0.10819630324840546","1.4689752260843914","1.432309865951538","1.527348279953003","1.2223915606737137","0.3077518343925476","1.557564616203308","0.10941710323095322","0.10064925253391266","0.12025249004364014","0.107905063778162","0.09624086320400238","0.11583451926708221"
"129","0.09428756311535835","0.08902230113744736","0.09903967380523682","1.6586557229359944","1.5746517181396484","1.7601535320281982","1.3676604628562927","0.3009859323501587","1.7528754472732544","0.09880946762859821","0.09225606173276901","0.10283354669809341","0.09719792939722538","0.09493614733219147","0.10096483677625656"
"130","0.10245359875261784","0.09705056995153427","0.1052541434764862","1.605984052022298","1.5837218761444092","1.638524055480957","1.3109931498765945","0.2802487015724182","1.7462726831436157","0.10800305008888245","0.10269426554441452","0.11662548035383224","0.10572842136025429","0.10094524174928665","0.11004464328289032"
"131","0.09749448671936989","0.08193527162075043","0.11120659112930298","1.6392521063486736","1.5712294578552246","1.7225439548492432","1.318546898663044","0.2644011080265045","1.735917091369629","0.10206923075020313","0.08678948879241943","0.12002819031476974","0.10075882449746132","0.08519792556762695","0.11631941795349121"
"132","0.09352120757102966","0.08978012949228287","0.09845922887325287","1.5981754064559937","1.5718910694122314","1.6201567649841309","1.2964728623628616","0.29048484563827515","1.707223892211914","0.09820803813636303","0.09409718215465546","0.10479213297367096","0.09736635535955429","0.0935414731502533","0.10255740582942963"
"133","0.09846050292253494","0.09123601019382477","0.10475891828536987","1.5160653591156006","1.424378514289856","1.6110862493515015","1.247268594801426","0.26896193623542786","1.607027292251587","0.10287597961723804","0.09917215257883072","0.10729759186506271","0.10204515233635902","0.09732045978307724","0.11223679780960083"
"134","0.09633668325841427","0.08673036098480225","0.10733217000961304","1.5483348369598389","1.4575083255767822","1.6112934350967407","1.291463017463684","0.2764294147491455","1.6789095401763916","0.10018726997077465","0.08803454041481018","0.11508005112409592","0.09834440611302853","0.08626031130552292","0.10930688679218292"
"135","0.09877506457269192","0.09229463338851929","0.10671522468328476","1.5613656838734944","1.4943090677261353","1.6158932447433472","1.2903745770454407","0.2933708429336548","1.7119994163513184","0.10200074315071106","0.09591882675886154","0.10692492127418518","0.10244803875684738","0.09652980417013168","0.11061032116413116"
"136","0.09790214709937572","0.0942535549402237","0.10736344009637833","1.528106927871704","1.4866764545440674","1.5765330791473389","1.2593907713890076","0.28909850120544434","1.6122851371765137","0.1014805044978857","0.09646549820899963","0.10884132236242294","0.10126508213579655","0.09811514616012573","0.10526999086141586"
"137","0.09346680715680122","0.07998250424861908","0.10234512388706207","1.584010124206543","1.4745399951934814","1.651742696762085","1.3106150478124619","0.2829269766807556","1.7360179424285889","0.09805472195148468","0.08976391702890396","0.10496747493743896","0.09752160869538784","0.08881775289773941","0.10328701138496399"
"138","0.10151921398937702","0.09434644877910614","0.10600366443395615","1.5353707472483318","1.5087554454803467","1.578136920928955","1.267364226281643","0.28603777289390564","1.6140925884246826","0.10447625257074833","0.09781671315431595","0.10730813443660736","0.10471827164292336","0.0997171550989151","0.11166305840015411"
"139","0.09901214204728603","0.09488379210233688","0.10226741433143616","1.5296553373336792","1.4465765953063965","1.670335054397583","1.249966099858284","0.2831416726112366","1.6630220413208008","0.10280308127403259","0.09931400418281555","0.10617682337760925","0.10165463760495186","0.09633074700832367","0.10937638580799103"
"140","0.0960388295352459","0.08650920540094376","0.10323656350374222","1.4838414986928303","1.440838098526001","1.5255744457244873","1.2176524847745895","0.2489275336265564","1.6274245977401733","0.09998084977269173","0.09161743521690369","0.1042572408914566","0.09891296736896038","0.08991920948028564","0.10904966294765472"
"141","0.0973647516220808","0.09345372021198273","0.10054706037044525","1.537847677866618","1.4934697151184082","1.604386806488037","1.2709686756134033","0.2773939371109009","1.6181122064590454","0.10135004669427872","0.09855305403470993","0.10817613452672958","0.10033314861357212","0.09518538415431976","0.10549960285425186"
"142","0.09830431267619133","0.09046480804681778","0.10569608211517334","1.5547629992167156","1.5100948810577393","1.5789568424224854","1.2590665072202682","0.2601693272590637","1.675827145576477","0.10160098597407341","0.0948311984539032","0.10754669457674026","0.10187594778835773","0.09350152313709259","0.11161303520202637"
"143","0.09191959537565708","0.08279059082269669","0.10318119823932648","1.5718293190002441","1.5070600509643555","1.6212499141693115","1.2919594198465347","0.2758691906929016","1.6745641231536865","0.09582515247166157","0.08518360555171967","0.10766033828258514","0.09467630460858345","0.08537314832210541","0.10606483370065689"
"144","0.09552356787025928","0.07946401089429855","0.10426793992519379","1.557284156481425","1.519291639328003","1.597955346107483","1.2737725973129272","0.27588319778442383","1.651047945022583","0.09845203906297684","0.08481578528881073","0.10655224323272705","0.09744608402252197","0.0828711986541748","0.10972616076469421"
"145","0.10077696107327938","0.09635544568300247","0.10648728162050247","1.4975151618321736","1.4432871341705322","1.5692837238311768","1.2268702685832977","0.2767336368560791","1.565197467803955","0.10395834967494011","0.10204017162322998","0.10923092067241669","0.10351054929196835","0.09913768619298935","0.11342565715312958"
"147","0.09638767316937447","0.09251043945550919","0.09916999191045761","1.4913921356201172","1.4413292407989502","1.5316441059112549","1.215461254119873","0.2696521282196045","1.5781382322311401","0.10030200891196728","0.0989079624414444","0.10209168493747711","0.10010989382863045","0.09594154357910156","0.10380972176790237"
"148","0.09701118804514408","0.09043572843074799","0.10649047791957855","1.549469232559204","1.4938806295394897","1.6294786930084229","1.2596080675721169","0.26323702931404114","1.7602869272232056","0.09995581582188606","0.09271073341369629","0.10574875771999359","0.09936569817364216","0.09580403566360474","0.1027933657169342"
"149","0.09860185720026493","0.0906519815325737","0.10577084869146347","1.5494146744410198","1.4862092733383179","1.649648904800415","1.2999667078256607","0.27963024377822876","1.6862033605575562","0.10210233554244041","0.09275709092617035","0.11039000004529953","0.10145648755133152","0.0926065593957901","0.10832574963569641"
"150","0.10684811696410179","0.08756736665964127","0.12056390941143036","1.4687610467274983","1.4428682327270508","1.5192475318908691","1.2077394500374794","0.2944472134113312","1.5216643810272217","0.10913514345884323","0.09047012776136398","0.12044978886842728","0.10980236902832985","0.09384231269359589","0.11898970603942871"
"151","0.10057182982563972","0.09149942547082901","0.10585881769657135","1.5182865858078003","1.4667668342590332","1.6186474561691284","1.2442663311958313","0.28101956844329834","1.613563060760498","0.10285573452711105","0.0952826514840126","0.10827573388814926","0.10270714573562145","0.0945376455783844","0.11274626106023788"
"152","0.09441633895039558","0.08694267272949219","0.10362040996551514","1.492754340171814","1.4090405702590942","1.540107250213623","1.2424335666000843","0.24981589615345","1.6311273574829102","0.09757439605891705","0.09025774896144867","0.10293407738208771","0.09704427421092987","0.08907124400138855","0.10054145753383636"
"153","0.10121935419738293","0.09761886298656464","0.10571640729904175","1.4962270657221477","1.4278746843338013","1.54744291305542","1.2325930148363113","0.25527530908584595","1.5908645391464233","0.10399686358869076","0.1006467342376709","0.10906656086444855","0.1030683871358633","0.09969165921211243","0.105893574655056"
"154","0.09367336705327034","0.0822475403547287","0.10788466781377792","1.5878465175628662","1.5280728340148926","1.6409451961517334","1.2957741618156433","0.26791977882385254","1.6797581911087036","0.09569572284817696","0.08688533306121826","0.10680188238620758","0.09538839757442474","0.08654482662677765","0.10403698682785034"
"155","0.10056466795504093","0.09186244010925293","0.10874700546264648","1.4895211060841878","1.4427660703659058","1.52647066116333","1.2194537669420242","0.27414363622665405","1.5792675018310547","0.10223950259387493","0.09380695223808289","0.10814867168664932","0.10252310894429684","0.09772256016731262","0.10584121197462082"
"156","0.09516081772744656","0.08739382773637772","0.1000153198838234","1.473347266515096","1.406186580657959","1.5693928003311157","1.2258564308285713","0.26283183693885803","1.5640279054641724","0.09852375648915768","0.0864124447107315","0.10782099515199661","0.0969929937273264","0.08395415544509888","0.1033678874373436"
"157","0.09246784634888172","0.07935062795877457","0.10013431310653687","1.4949310620625813","1.4275766611099243","1.5376330614089966","1.2412705570459366","0.270091712474823","1.5953238010406494","0.09489267878234386","0.08192098140716553","0.10356809198856354","0.09503097645938396","0.08511979877948761","0.10203568637371063"
"158","0.08853495307266712","0.08265548944473267","0.09480717778205872","1.4574989080429077","1.4199446439743042","1.515263319015503","1.1961848586797714","0.24802786111831665","1.5236046314239502","0.09148845076560974","0.08081921190023422","0.09785383939743042","0.09067650884389877","0.07853946834802628","0.10115484148263931"
"159","0.09677930176258087","0.08766993880271912","0.10615509003400803","1.4645731846491497","1.4210822582244873","1.510696291923523","1.1983437836170197","0.25642645359039307","1.5359890460968018","0.09918835945427418","0.09076009690761566","0.10680700838565826","0.09836439602077007","0.08924351632595062","0.1052720844745636"
"160","0.08747243508696556","0.0838661640882492","0.09140855818986893","1.3968469301859539","1.3342034816741943","1.4429609775543213","1.1657982617616653","0.24787253141403198","1.4910171031951904","0.09006215631961823","0.08631034940481186","0.0920134112238884","0.08924360387027264","0.08821005374193192","0.09005103260278702"
"161","0.09652223065495491","0.08969135582447052","0.10222278535366058","1.5017033418019612","1.4530885219573975","1.5766758918762207","1.2055994123220444","0.2569703459739685","1.5710208415985107","0.09870016761124134","0.0927627757191658","0.1040327325463295","0.09769732318818569","0.0911949872970581","0.10128918290138245"
"162","0.09059324115514755","0.08652215451002121","0.09352385997772217","1.4517523050308228","1.420597791671753","1.4824868440628052","1.2228405252099037","0.2507989704608917","1.6146109104156494","0.0928216390311718","0.08482178300619125","0.09855328500270844","0.09253980219364166","0.08235163241624832","0.09891711920499802"
"163","0.0914118979126215","0.08436736464500427","0.10200880467891693","1.4637715021769206","1.4074687957763672","1.5034658908843994","1.2002972699701786","0.2403896003961563","1.5675538778305054","0.09399772062897682","0.08697179704904556","0.10503632575273514","0.09347900934517384","0.08564475923776627","0.10730940103530884"
"164","0.10046317428350449","0.08427490293979645","0.10692275315523148","1.5377027193705242","1.4862396717071533","1.5634467601776123","1.2723031640052795","0.27018988132476807","1.63771390914917","0.10311279259622097","0.08955361694097519","0.11012206971645355","0.10250698402523994","0.08785673975944519","0.112940214574337"
"165","0.09412956051528454","0.08734802901744843","0.10198675841093063","1.5388906002044678","1.451380729675293","1.6124167442321777","1.254718467593193","0.25765031576156616","1.6370453834533691","0.09643039852380753","0.08854256570339203","0.10482781380414963","0.09548002295196056","0.08653286099433899","0.10764169692993164"
"166","0.09742744825780392","0.08347545564174652","0.10878252238035202","1.4401402473449707","1.396993637084961","1.4874112606048584","1.165817715227604","0.2593521177768707","1.4937723875045776","0.0998055748641491","0.0861499160528183","0.10693010687828064","0.09916741959750652","0.08919961005449295","0.10456910729408264"
"167","0.09520519152283669","0.08860127627849579","0.10308453440666199","1.463310440381368","1.4126181602478027","1.5112334489822388","1.1864312216639519","0.23840293288230896","1.5567517280578613","0.09713948145508766","0.09069499373435974","0.10150600224733353","0.0968519039452076","0.0895262062549591","0.10290153324604034"
"168","0.09454920329153538","0.08414929360151291","0.10003089159727097","1.530642827351888","1.4694334268569946","1.5792964696884155","1.2452291883528233","0.23610736429691315","1.6278715133666992","0.09654864482581615","0.08643113821744919","0.10507906973361969","0.09651152789592743","0.08492324501276016","0.10552649199962616"
"169","0.0932313259691","0.09221425652503967","0.09526839107275009","1.5054766337076824","1.3870329856872559","1.6981275081634521","1.2553272396326065","0.25250548124313354","1.694204330444336","0.09585101902484894","0.09390976279973984","0.09908486902713776","0.09502020291984081","0.09165652841329575","0.09862818568944931"
"170","0.08507184125483036","0.07858094573020935","0.0958065390586853","1.481765866279602","1.4414347410202026","1.515094518661499","1.2051386088132858","0.227175772190094","1.5917540788650513","0.08679604344069958","0.08211417496204376","0.09419499337673187","0.08648880571126938","0.08032016456127167","0.09294949471950531"
"171","0.09299454651772976","0.0855933353304863","0.10044341534376144","1.4360710382461548","1.3850460052490234","1.4819098711013794","1.1933532059192657","0.24876105785369873","1.5241405963897705","0.09492178075015545","0.08987314999103546","0.10326758027076721","0.09429706074297428","0.08842907845973969","0.10585953295230865"
"172","0.09071148186922073","0.08932070434093475","0.09308969974517822","1.402398943901062","1.359052300453186","1.4762141704559326","1.1585846170783043","0.23235973715782166","1.4871466159820557","0.09268053621053696","0.09103801101446152","0.09366931021213531","0.09195290505886078","0.08942849934101105","0.09699024260044098"
"173","0.09025896899402142","0.08816391229629517","0.09400351345539093","1.466002106666565","1.404442548751831","1.509343147277832","1.2044222727417946","0.25208595395088196","1.553220510482788","0.09209050424396992","0.08665643632411957","0.09795510023832321","0.09140930883586407","0.08460395783185959","0.09566627442836761"
"174","0.08960067853331566","0.08594100922346115","0.09378518164157867","1.4869321982065837","1.4717073440551758","1.5143301486968994","1.2242350056767464","0.2406558096408844","1.6024765968322754","0.09220738336443901","0.08441847562789917","0.09993520379066467","0.09202262759208679","0.08282828330993652","0.09887096285820007"
"175","0.08802559413015842","0.08081002533435822","0.10032234340906143","1.4892985820770264","1.4436966180801392","1.5792697668075562","1.219065099954605","0.22964274883270264","1.5738167762756348","0.09084473922848701","0.08443018794059753","0.09823949635028839","0.09019209258258343","0.08318020403385162","0.09636081755161285"
"176","0.08814673312008381","0.07958140969276428","0.10123798251152039","1.5047461589177449","1.4457268714904785","1.5605309009552002","1.2301547415554523","0.2232770472764969","1.5719724893569946","0.0902260672301054","0.08464889973402023","0.09937769174575806","0.09002042002975941","0.08371307700872421","0.09781312942504883"
"177","0.09386969916522503","0.08550404012203217","0.10288378596305847","1.4394096930821736","1.366939663887024","1.4871177673339844","1.1916946545243263","0.23360756039619446","1.5694019794464111","0.09550397656857967","0.08729201555252075","0.10519763827323914","0.0945014450699091","0.08628636598587036","0.10739578306674957"
"179","0.09077916294336319","0.08057297766208649","0.10135364532470703","1.3340809345245361","1.2757630348205566","1.3678176403045654","1.0966730900108814","0.2278164178133011","1.425213098526001","0.09186489507555962","0.08305954933166504","0.09956548362970352","0.09104717709124088","0.08545766770839691","0.09756597876548767"
"180","0.0904278215020895","0.083811916410923","0.09947141259908676","1.5010402997334797","1.444885015487671","1.533862829208374","1.2202801555395126","0.25274938344955444","1.5964946746826172","0.09209335409104824","0.08248394727706909","0.10190597176551819","0.09142804145812988","0.08090025186538696","0.10065370798110962"
"181","0.09223315864801407","0.08581875264644623","0.0993308275938034","1.4476281801859539","1.3761537075042725","1.497408390045166","1.1857017688453197","0.23355691134929657","1.548250436782837","0.09462277963757515","0.08828207850456238","0.10246507823467255","0.09337259270250797","0.08585153520107269","0.10507422685623169"
"182","0.09092343412339687","0.07960005104541779","0.10623103380203247","1.433672587076823","1.4056161642074585","1.447996735572815","1.1702811270952225","0.2176714539527893","1.5110135078430176","0.09297305531799793","0.08181187510490417","0.10948310047388077","0.09195439703762531","0.08071216940879822","0.11174383759498596"
"183","0.09134187549352646","0.08712699264287949","0.09513027220964432","1.422432820002238","1.3792665004730225","1.495896816253662","1.15649826079607","0.2495957911014557","1.49458646774292","0.09300375171005726","0.09117235988378525","0.09404289722442627","0.09373004734516144","0.09167143702507019","0.09565316885709763"
"184","0.09118154086172581","0.0772344246506691","0.09822539240121841","1.4502712488174438","1.39015531539917","1.5183185338974","1.1871258094906807","0.23266103863716125","1.5157848596572876","0.09313860908150673","0.07992566376924515","0.10270975530147552","0.0916490163654089","0.08205361664295197","0.09722096472978592"
"185","0.09182433597743511","0.08187199383974075","0.1035643219947815","1.510361115137736","1.3854840993881226","1.59986412525177","1.2476599290966988","0.22729375958442688","1.6312386989593506","0.09335651993751526","0.08493010699748993","0.10618048906326294","0.09394906274974346","0.08736784011125565","0.10837893187999725"
"186","0.09066780842840672","0.08426765352487564","0.09746585786342621","1.4397387107213337","1.352709174156189","1.5356032848358154","1.1767278537154198","0.24917849898338318","1.5357608795166016","0.09272421523928642","0.08218882977962494","0.10029080510139465","0.09189737774431705","0.08041821420192719","0.09891735762357712"
"187","0.0965257752686739","0.09306465089321136","0.10062484443187714","1.4805971781412761","1.391440510749817","1.5754269361495972","1.2084749825298786","0.22814233601093292","1.682832956314087","0.09878527373075485","0.09298896789550781","0.10678562521934509","0.0977204330265522","0.09140115976333618","0.10296735167503357"
"188","0.08496469631791115","0.0767311155796051","0.09564755856990814","1.4473729133605957","1.4025378227233887","1.4861624240875244","1.180002722889185","0.1986715942621231","1.5211268663406372","0.08652495592832565","0.0785667821764946","0.09400632232427597","0.08532513119280338","0.07768542319536209","0.0928608700633049"
"189","0.09324125945568085","0.09149956703186035","0.0945337563753128","1.3721596002578735","1.3371535539627075","1.393323540687561","1.1255377233028412","0.22244656085968018","1.4447498321533203","0.09381279908120632","0.08974238485097885","0.09624026715755463","0.09381763823330402","0.08844408392906189","0.09819725900888443"
"190","0.09664423018693924","0.08449168503284454","0.10411316901445389","1.4539655844370525","1.3489621877670288","1.534633994102478","1.1928301975131035","0.24531778693199158","1.5591241121292114","0.09790944866836071","0.08638861775398254","0.10650231689214706","0.09765979275107384","0.08590537309646606","0.10524676740169525"
"191","0.08749801106750965","0.07613062858581543","0.09253520518541336","1.4121118783950806","1.3491413593292236","1.446491003036499","1.1843491420149803","0.23107358813285828","1.5555399656295776","0.08916028402745724","0.07876201719045639","0.09715445339679718","0.08732995577156544","0.0805976465344429","0.09179447591304779"
"192","0.08761152252554893","0.07575519382953644","0.0984329953789711","1.495582103729248","1.4488780498504639","1.55039644241333","1.2313504479825497","0.22801755368709564","1.6036337614059448","0.08954749070107937","0.07809822261333466","0.10380690544843674","0.08834253624081612","0.08047783374786377","0.09898962080478668"
"193","0.08648529462516308","0.08000031113624573","0.09959425777196884","1.4641282161076863","1.4200005531311035","1.4902335405349731","1.1969589591026306","0.2248070240020752","1.5578442811965942","0.0881059393286705","0.08431901782751083","0.09723421931266785","0.08796418085694313","0.0840667262673378","0.0959315150976181"
"194","0.09452181309461594","0.09010681509971619","0.10112051665782928","1.4406185150146484","1.3821643590927124","1.5247249603271484","1.184654675424099","0.22682830691337585","1.5216690301895142","0.09600600227713585","0.09177137166261673","0.10325004160404205","0.09543894231319427","0.09076143801212311","0.10523119568824768"
"195","0.08457872271537781","0.07564833760261536","0.09068136662244797","1.489861289660136","1.4175703525543213","1.574004054069519","1.2115111574530602","0.22997698187828064","1.5711078643798828","0.08642522245645523","0.07801822572946548","0.09237010776996613","0.08569612726569176","0.07951223105192184","0.09142246842384338"
"196","0.08943236619234085","0.08272919058799744","0.09934133291244507","1.3839240074157715","1.3473261594772339","1.4025651216506958","1.124475747346878","0.21605157852172852","1.4726786613464355","0.08989825285971165","0.08475241810083389","0.09959211945533752","0.08970164693892002","0.08391077816486359","0.09917817264795303"
"197","0.09058922715485096","0.08588369935750961","0.09673900902271271","1.413938085238139","1.3543391227722168","1.459421157836914","1.151668556034565","0.22624972462654114","1.4894492626190186","0.0911467894911766","0.08798167109489441","0.09417812526226044","0.09105640463531017","0.0889945775270462","0.09278485178947449"
"198","0.09927034378051758","0.09184883534908295","0.10250013321638107","1.368512789408366","1.33697509765625","1.389058232307434","1.1336155459284782","0.23824355006217957","1.4708592891693115","0.10141082666814327","0.09842593967914581","0.10467623919248581","0.10000934638082981","0.09376271069049835","0.10660326480865479"
"199","0.0903986282646656","0.08817490935325623","0.09227502346038818","1.430967132250468","1.4112619161605835","1.4593448638916016","1.1575704328715801","0.21589522063732147","1.4795949459075928","0.0912686437368393","0.08858537673950195","0.09331288933753967","0.09104324318468571","0.08750034868717194","0.09443623572587967"
"200","0.09783199802041054","0.09389060735702515","0.10174078494310379","1.3651212851206462","1.3074345588684082","1.434905767440796","1.1301103122532368","0.23493047058582306","1.4372409582138062","0.09936124086380005","0.09644684195518494","0.10339422523975372","0.09854881651699543","0.09555582702159882","0.10238480567932129"
"202","0.08943275548517704","0.08251999318599701","0.09447339922189713","1.4873770872751872","1.4193793535232544","1.5475492477416992","1.2160868123173714","0.2255338728427887","1.565202236175537","0.09061554074287415","0.0857841894030571","0.09430599212646484","0.09001525491476059","0.08392858505249023","0.09339992702007294"
"203","0.09309948235750198","0.07632329314947128","0.10568509995937347","1.3293284972508748","1.2921369075775146","1.3677536249160767","1.082184374332428","0.20237672328948975","1.3802438974380493","0.09485197253525257","0.07792027294635773","0.1094810962677002","0.09328064508736134","0.07706388831138611","0.10365141183137894"
"204","0.0882785189896822","0.0806276798248291","0.0942339226603508","1.4212551514307659","1.3495947122573853","1.4826171398162842","1.1628857105970383","0.21903890371322632","1.5042707920074463","0.08911916241049767","0.08240573108196259","0.0918969213962555","0.0887449998408556","0.08381297439336777","0.09094890207052231"
"205","0.09274852089583874","0.07963338494300842","0.09973564743995667","1.3599465290705364","1.323053002357483","1.4083547592163086","1.1099198758602142","0.22411704063415527","1.4069621562957764","0.09390846826136112","0.08173946291208267","0.09922070801258087","0.09369555674493313","0.08309870958328247","0.09828272461891174"
"206","0.09277551621198654","0.08107459545135498","0.09973181039094925","1.4161055485407512","1.391451120376587","1.439864993095398","1.1451456248760223","0.21090233325958252","1.5195040702819824","0.09452712163329124","0.08288131654262543","0.10426981747150421","0.09421678446233273","0.08180329203605652","0.1037769764661789"
"207","0.09299488738179207","0.07695058733224869","0.10165665298700333","1.4412510792414348","1.3973898887634277","1.4764113426208496","1.1867225281894207","0.22281567752361298","1.5432162284851074","0.09416073188185692","0.07940972596406937","0.09987173974514008","0.09293618239462376","0.0809822827577591","0.09854859858751297"
"208","0.08796674013137817","0.0822213888168335","0.09352811425924301","1.3338449796040852","1.2646751403808594","1.3737797737121582","1.115108422935009","0.22808536887168884","1.4392839670181274","0.08923904038965702","0.08324460685253143","0.09520063549280167","0.08886530809104443","0.08217552304267883","0.09482437372207642"
"209","0.09210558049380779","0.0864974707365036","0.10351868718862534","1.388549526532491","1.3784176111221313","1.3965306282043457","1.1511209793388844","0.2209598571062088","1.5390005111694336","0.09369138441979885","0.08641750365495682","0.10742852091789246","0.09273884072899818","0.08562076091766357","0.1040550172328949"
"210","0.08996309340000153","0.08163443207740784","0.09605588018894196","1.3264149030049641","1.25522780418396","1.4068105220794678","1.0910589322447777","0.21044060587882996","1.4067133665084839","0.09129401482641697","0.08383737504482269","0.09542432427406311","0.09041642025113106","0.08532288670539856","0.09289288520812988"
"211","0.09001866169273853","0.08314169198274612","0.09782643616199493","1.377557357152303","1.3133776187896729","1.429481029510498","1.1197308152914047","0.20214980840682983","1.4527721405029297","0.09138379618525505","0.08452187478542328","0.09641149640083313","0.09083543345332146","0.08371266722679138","0.09488542377948761"
"212","0.0939150732010603","0.08874312788248062","0.104895681142807","1.347503622372945","1.2495641708374023","1.4618216753005981","1.1128968447446823","0.20941704511642456","1.463026523590088","0.09513062983751297","0.09066648781299591","0.10271307080984116","0.0941811166703701","0.08846975862979889","0.10165795683860779"
"213","0.08914273045957088","0.08205834031105042","0.09955790638923645","1.3695324261983235","1.292554259300232","1.442421555519104","1.1241021826863289","0.20585957169532776","1.4412331581115723","0.08988443203270435","0.08353511989116669","0.09742102026939392","0.08958320505917072","0.08301801979541779","0.09636402875185013"
"214","0.090217100456357","0.07857471704483032","0.09629815816879272","1.3418646256128948","1.30281662940979","1.3646631240844727","1.0901877880096436","0.216688871383667","1.4120864868164062","0.09212023578584194","0.07715663313865662","0.10101278126239777","0.0911949910223484","0.07655736804008484","0.09765373170375824"
"215","0.08975808881223202","0.08053400367498398","0.09672461450099945","1.35519274075826","1.3088114261627197","1.4091761112213135","1.0909247510135174","0.19970135390758514","1.4098045825958252","0.09089905582368374","0.08188697695732117","0.09800171107053757","0.09030529670417309","0.08115130662918091","0.09591351449489594"
"216","0.09288517385721207","0.08235646784305573","0.10478705167770386","1.4551097949345906","1.3879317045211792","1.5212693214416504","1.2032635286450386","0.24041703343391418","1.609884262084961","0.09501316584646702","0.08473248034715652","0.10610760748386383","0.09386533312499523","0.08630151301622391","0.10513916611671448"
"217","0.08849465101957321","0.08062495291233063","0.09252595901489258","1.4000428120295207","1.3813194036483765","1.4325482845306396","1.1232114844024181","0.2092832773923874","1.4425203800201416","0.09018280357122421","0.0820775032043457","0.09700174629688263","0.08911507949233055","0.08107809722423553","0.09331966191530228"
"218","0.09390256740152836","0.08382473886013031","0.10191819071769714","1.382159153620402","1.3514368534088135","1.3997679948806763","1.1218140199780464","0.21513178944587708","1.4799025058746338","0.0958178211003542","0.08630841970443726","0.10132274031639099","0.09436979331076145","0.08757296204566956","0.09868043661117554"
"219","0.09057592786848545","0.07935158908367157","0.09966418892145157","1.3427356084187825","1.3144700527191162","1.3866503238677979","1.0768631547689438","0.22303932905197144","1.386132001876831","0.09178804606199265","0.07799132913351059","0.10202570259571075","0.09110871702432632","0.07699675112962723","0.1008593887090683"
"220","0.08806337974965572","0.0760226771235466","0.0948285311460495","1.3717648188273113","1.3401298522949219","1.419673204421997","1.1047144681215286","0.18362575769424438","1.4190313816070557","0.09027708508074284","0.07750006765127182","0.10145106911659241","0.08879348449409008","0.07660170644521713","0.09606818854808807"
"221","0.08721173740923405","0.08546720445156097","0.08879394829273224","1.4421809911727905","1.4085958003997803","1.4771989583969116","1.1652268022298813","0.21634453535079956","1.4996801614761353","0.08841978013515472","0.08632183074951172","0.09026387333869934","0.08777992986142635","0.08550788462162018","0.09070863574743271"
"222","0.09337843023240566","0.0790814682841301","0.10596664249897003","1.389427940050761","1.3358097076416016","1.4694230556488037","1.126475889235735","0.2355402261018753","1.4689874649047852","0.09435462765395641","0.08091187477111816","0.10743427276611328","0.09393210522830486","0.0822325348854065","0.10646078735589981"
"223","0.09030854515731335","0.07929854094982147","0.09855318814516068","1.3049269517262776","1.2293182611465454","1.3501708507537842","1.069157250225544","0.19392278790473938","1.3898468017578125","0.09175824746489525","0.08050954341888428","0.09678151458501816","0.090977368876338","0.07992540299892426","0.0958571583032608"
"225","0.0937860906124115","0.08491821587085724","0.10953474044799805","1.3767175277074177","1.3653948307037354","1.3888612985610962","1.0896714963018894","0.19838596880435944","1.461181402206421","0.0951066855341196","0.08223912864923477","0.11234492808580399","0.0939094852656126","0.08107328414916992","0.11384479701519012"
"226","0.0874776728451252","0.08263595402240753","0.09264788031578064","1.3339241743087769","1.3108575344085693","1.3584305047988892","1.0732377022504807","0.21266895532608032","1.4036214351654053","0.08940437063574791","0.0809585452079773","0.09453382343053818","0.0881192795932293","0.08033428341150284","0.09367877244949341"
"227","0.08882687613368034","0.08025021851062775","0.09816340357065201","1.40601642926534","1.3485419750213623","1.4606478214263916","1.1623470112681389","0.20547804236412048","1.530601143836975","0.0903290156275034","0.08252894878387451","0.09979072958230972","0.09044486656785011","0.0833253562450409","0.09895582497119904"
"228","0.09188923425972462","0.08498376607894897","0.09820996224880219","1.3672599792480469","1.3037623167037964","1.4129939079284668","1.1293908506631851","0.2031192183494568","1.4544261693954468","0.09350048378109932","0.08915236592292786","0.10018885135650635","0.09278161823749542","0.08642101287841797","0.10152187943458557"
"229","0.0997709222137928","0.09623263031244278","0.10524626076221466","1.357266108194987","1.3132030963897705","1.3881089687347412","1.0809911265969276","0.22240737080574036","1.387457013130188","0.10073197446763515","0.09794110059738159","0.10655046254396439","0.10013487190008163","0.09735166281461716","0.10488210618495941"
"230","0.09153508581221104","0.09054587781429291","0.09345363825559616","1.381909728050232","1.325395107269287","1.4542564153671265","1.1547180190682411","0.2198876440525055","1.4722027778625488","0.09289268963038921","0.08965730667114258","0.09524056315422058","0.09160018898546696","0.08885786682367325","0.09430836886167526"
"231","0.0900471918284893","0.08501691371202469","0.09642238914966583","1.415760596593221","1.3198802471160889","1.517225980758667","1.1494556069374084","0.20340943336486816","1.516272783279419","0.0916170533746481","0.08276665955781937","0.09834028780460358","0.09060226567089558","0.08184419572353363","0.09979960322380066"
"232","0.08773757331073284","0.08498191833496094","0.09326701611280441","1.406697432200114","1.3927078247070312","1.4203732013702393","1.1386856772005558","0.20775951445102692","1.4745521545410156","0.08924783766269684","0.08776423335075378","0.0923456996679306","0.08834153227508068","0.08505991101264954","0.09163953363895416"
"233","0.08682176098227501","0.08101841807365417","0.09917563199996948","1.3588664531707764","1.3110039234161377","1.4249382019042969","1.0981582179665565","0.19300833344459534","1.4237244129180908","0.08778380416333675","0.0827348530292511","0.09786731004714966","0.08753420040011406","0.08273354172706604","0.096859410405159"
"234","0.08831286989152431","0.08030492067337036","0.09752261638641357","1.3526239395141602","1.3212860822677612","1.380597710609436","1.1121838763356209","0.21334579586982727","1.468859076499939","0.09052996896207333","0.08576443791389465","0.09537439048290253","0.08856161497533321","0.07957030832767487","0.09456679224967957"
"235","0.08871913887560368","0.08044183254241943","0.09660965204238892","1.4259006977081299","1.4007660150527954","1.4452126026153564","1.1436945907771587","0.19567827880382538","1.483583927154541","0.09035074897110462","0.08190077543258667","0.10036860406398773","0.0876606423407793","0.08091752231121063","0.09243495017290115"
"236","0.09312084130942822","0.08568178862333298","0.10189083218574524","1.3493631680806477","1.2849533557891846","1.3931000232696533","1.0932026579976082","0.20792892575263977","1.4230183362960815","0.09587636217474937","0.08382388204336166","0.10937942564487457","0.09330207668244839","0.08318310976028442","0.10012167692184448"
"237","0.08632983267307281","0.07590419054031372","0.09081567823886871","1.3693501551946003","1.341324806213379","1.4013004302978516","1.1298455446958542","0.21878212690353394","1.4540915489196777","0.08892917446792126","0.07941850274801254","0.09632863849401474","0.08676278963685036","0.0801723301410675","0.08928138017654419"
"238","0.07759925536811352","0.0708993524312973","0.08325310796499252","1.365570068359375","1.2740478515625","1.447166919708252","1.0764154121279716","0.19395288825035095","1.377454161643982","0.07965208776295185","0.07387665659189224","0.08449448645114899","0.07744886912405491","0.07200183719396591","0.0834159404039383"
"239","0.08184387162327766","0.07698960602283478","0.08842039853334427","1.4004397789637248","1.3133492469787598","1.4635229110717773","1.1195558309555054","0.21041667461395264","1.462579369544983","0.08386069349944592","0.07486271113157272","0.08979262411594391","0.08157414384186268","0.07421564310789108","0.08856160938739777"
"240","0.08412464521825314","0.07983362674713135","0.09197094291448593","1.2545088926951091","1.1889407634735107","1.336853265762329","0.9881939888000488","0.1835871934890747","1.2679355144500732","0.08661714754998684","0.0781608521938324","0.09958616644144058","0.0845737885683775","0.07770837843418121","0.09230613708496094"
"241","0.08608213812112808","0.08305679261684418","0.09202481806278229","1.4044814507166545","1.3623104095458984","1.4452699422836304","1.1506055258214474","0.1997452825307846","1.4805116653442383","0.08813225664198399","0.08485223352909088","0.09095343947410583","0.08708535321056843","0.0836411640048027","0.08898323774337769"
"242","0.08762968145310879","0.08656945824623108","0.08856435865163803","1.3897865613301594","1.296776294708252","1.4695396423339844","1.0851620435714722","0.20736539363861084","1.4033678770065308","0.08963661268353462","0.08477514237165451","0.09351284801959991","0.08766297809779644","0.08428259938955307","0.0930894985795021"
"243","0.08462711051106453","0.07708659768104553","0.09505552798509598","1.3793608744939168","1.3338027000427246","1.4451630115509033","1.1156804487109184","0.19818732142448425","1.4448914527893066","0.086730245500803","0.08115121722221375","0.09294573217630386","0.08434301055967808","0.0742463544011116","0.09243191033601761"
"244","0.08187763392925262","0.07370511442422867","0.08771239966154099","1.4280096292495728","1.3836333751678467","1.4658657312393188","1.1417500115931034","0.19417358934879303","1.488916277885437","0.08420376107096672","0.08030394464731216","0.0911419540643692","0.08169658668339252","0.070853590965271","0.09191309660673141"
"245","0.08150811679661274","0.0761466845870018","0.08886964619159698","1.3831827640533447","1.3020260334014893","1.4304529428482056","1.1290683448314667","0.1992858648300171","1.4556801319122314","0.08354496024549007","0.08030035346746445","0.08988697826862335","0.08160934783518314","0.07356272637844086","0.08868859708309174"
"246","0.09503672644495964","0.08451114594936371","0.10384557396173477","1.3637079795201619","1.2585854530334473","1.4326237440109253","1.1042339131236076","0.20860394835472107","1.4329522848129272","0.09733491577208042","0.08720056712627411","0.10213296115398407","0.0947400201112032","0.08785112202167511","0.1016141027212143"
"247","0.08441522158682346","0.07694566249847412","0.09293117374181747","1.338108499844869","1.270371675491333","1.378685474395752","1.09291373193264","0.2100657820701599","1.4024677276611328","0.08650362864136696","0.08028944581747055","0.09128820151090622","0.08496726304292679","0.08076530694961548","0.09077467024326324"
"248","0.09095635078847408","0.08753963559865952","0.09283462166786194","1.3660919666290283","1.328465223312378","1.4103296995162964","1.1008198857307434","0.2049034833908081","1.4129558801651","0.09310058318078518","0.09075186401605606","0.0990743637084961","0.0897260420024395","0.08627872914075851","0.0916445404291153"
"249","0.08433234132826328","0.07638964056968689","0.08960384130477905","1.3816256523132324","1.3341325521469116","1.4334818124771118","1.1050171330571175","0.19884565472602844","1.4327549934387207","0.08609499409794807","0.08016146719455719","0.09098927676677704","0.08419456519186497","0.07309888303279877","0.091886967420578"
"250","0.08663337863981724","0.0801636204123497","0.09709702432155609","1.3606295188268025","1.3151884078979492","1.397672414779663","1.112036406993866","0.21870172023773193","1.438852071762085","0.08864538371562958","0.08045873790979385","0.0984756350517273","0.08601680211722851","0.0762183740735054","0.09717945009469986"
"251","0.08986259624361992","0.07488909363746643","0.10540478676557541","1.3615760405858357","1.2801318168640137","1.443490982055664","1.1376939043402672","0.222846120595932","1.4650124311447144","0.09162606857717037","0.07986795157194138","0.10677295178174973","0.08955922536551952","0.07303651422262192","0.10547244548797607"
"252","0.08542939275503159","0.07906024903059006","0.0951782763004303","1.3746448357899983","1.2917274236679077","1.4554460048675537","1.1082935705780983","0.18417075276374817","1.4942526817321777","0.08683107607066631","0.0804826095700264","0.09314592182636261","0.08522780239582062","0.07610663771629333","0.09276354312896729"
"253","0.08375773206353188","0.07474818825721741","0.0925917848944664","1.3552661339441936","1.2677035331726074","1.4256709814071655","1.095111671835184","0.17628838121891022","1.428314208984375","0.08595892786979675","0.07261385023593903","0.09853550791740417","0.08444363623857498","0.07201817631721497","0.09674224257469177"
"254","0.08476938493549824","0.07593972235918045","0.09185749292373657","1.3217145601908367","1.2735567092895508","1.3633334636688232","1.086462989449501","0.204942524433136","1.4292736053466797","0.08638536557555199","0.07981045544147491","0.09290875494480133","0.0839272141456604","0.07100821286439896","0.09200379997491837"
"255","0.08532549254596233","0.08363810181617737","0.08669711649417877","1.3436154921849568","1.3165899515151978","1.3919925689697266","1.125793021172285","0.20393089950084686","1.458243727684021","0.08761108294129372","0.081632599234581","0.09244397282600403","0.08574165962636471","0.08121557533740997","0.08915441483259201"
"257","0.08931014128029346","0.0863635465502739","0.09391766041517258","1.3419466416041057","1.3040164709091187","1.3744189739227295","1.1169901564717293","0.20755353569984436","1.4698361158370972","0.09085569344460964","0.08629991114139557","0.09698894619941711","0.08865717612206936","0.08390285074710846","0.09584147483110428"
"258","0.08558678068220615","0.07682401686906815","0.10557988286018372","1.376302679379781","1.3245848417282104","1.4266787767410278","1.1093708500266075","0.1774662435054779","1.4423236846923828","0.0875813402235508","0.07954166829586029","0.10337546467781067","0.0852783303707838","0.07644953578710556","0.10311521589756012"
"259","0.08061914332211018","0.07334499061107635","0.09018681943416595","1.3282177050908406","1.2245370149612427","1.402759313583374","1.0474830195307732","0.1788979470729828","1.4044948816299438","0.08240540139377117","0.07523368299007416","0.09705978631973267","0.07991262711584568","0.07428137212991714","0.08770669996738434"
"260","0.0867071133106947","0.07487863302230835","0.09079109877347946","1.328650991121928","1.3205846548080444","1.3381776809692383","1.0871835723519325","0.20269158482551575","1.435161828994751","0.08819136209785938","0.07777363061904907","0.09526131302118301","0.08590474165976048","0.07854285091161728","0.08961766958236694"
"261","0.0879098866134882","0.08465149998664856","0.09567994624376297","1.3522004286448162","1.2933226823806763","1.4169888496398926","1.1286464110016823","0.19356778264045715","1.4746979475021362","0.08936814963817596","0.08651553839445114","0.09447680413722992","0.08724765107035637","0.08180952817201614","0.09402644634246826"
"262","0.07764362171292305","0.0689508393406868","0.08385883271694183","1.3974630037943523","1.3346099853515625","1.4318525791168213","1.1222421564161777","0.1958313137292862","1.4536075592041016","0.07941598072648048","0.06704220920801163","0.08706207573413849","0.07844752445816994","0.06645895540714264","0.08566280454397202"
"263","0.08823352120816708","0.08709405362606049","0.08988553285598755","1.3478761116663616","1.3385754823684692","1.3634649515151978","1.1084456853568554","0.19927363097667694","1.4592411518096924","0.09098097309470177","0.08500950783491135","0.09726554155349731","0.08820215612649918","0.08469933271408081","0.09154705703258514"
"264","0.08411030285060406","0.07993800938129425","0.09029027074575424","1.3331693808237712","1.2633401155471802","1.4040744304656982","1.0697385929524899","0.1909613460302353","1.4040758609771729","0.08568163216114044","0.0783444195985794","0.09238740801811218","0.08344124257564545","0.07791869342327118","0.093085378408432"
"265","0.08686369471251965","0.08320119976997375","0.09035748988389969","1.3277080059051514","1.2636029720306396","1.3719326257705688","1.1030492149293423","0.18751190602779388","1.435304880142212","0.08876699022948742","0.0875670537352562","0.09004838764667511","0.08637556247413158","0.08013096451759338","0.09066937863826752"
"266","0.08253580145537853","0.06885198503732681","0.09257866442203522","1.2841633160909016","1.1871838569641113","1.3721184730529785","1.0300320833921432","0.16965609788894653","1.3732863664627075","0.08546105958521366","0.07189299166202545","0.10058575868606567","0.08277913555502892","0.07110480964183807","0.09062811732292175"
"267","0.08680292218923569","0.07678498327732086","0.09816531836986542","1.3483195702234905","1.3189069032669067","1.3763923645019531","1.1179021522402763","0.1895448863506317","1.476110577583313","0.08897098898887634","0.0796302855014801","0.10302776098251343","0.08645588904619217","0.08018255233764648","0.09366227686405182"
"268","0.08766557835042477","0.08618331700563431","0.09159553050994873","1.3306502501169841","1.315934419631958","1.3554267883300781","1.0816417336463928","0.19242334365844727","1.4519679546356201","0.08895995281636715","0.08709290623664856","0.08999030292034149","0.08768519386649132","0.08495263010263443","0.09019836038351059"
"269","0.08237469755113125","0.07456427067518234","0.09385663270950317","1.3318617343902588","1.2580721378326416","1.4065743684768677","1.0652161054313183","0.17494885623455048","1.4074541330337524","0.08470475301146507","0.07650058716535568","0.10068849474191666","0.08239160664379597","0.07694476842880249","0.09226198494434357"
"270","0.0829706322401762","0.07553279399871826","0.09043958783149719","1.3664825757344563","1.2936491966247559","1.4358620643615723","1.1037299074232578","0.18047358095645905","1.4404644966125488","0.08502141200006008","0.0760895386338234","0.08900757133960724","0.08302031643688679","0.07525680214166641","0.08877435326576233"
"271","0.08770362846553326","0.0830109640955925","0.09573274850845337","1.3026658693949382","1.2397470474243164","1.3446152210235596","1.0536812245845795","0.18948841094970703","1.3567512035369873","0.09034806676208973","0.08125664293766022","0.10106061398983002","0.08817211538553238","0.08073383569717407","0.09293841570615768"
"272","0.09239045530557632","0.09017869085073471","0.09500248730182648","1.3330743312835693","1.282273769378662","1.3737380504608154","1.0983931981027126","0.19411538541316986","1.419877290725708","0.0925644151866436","0.08841478824615479","0.09603972733020782","0.09089083410799503","0.08791954815387726","0.09667050838470459"
"273","0.08620022982358932","0.0771343857049942","0.09718223661184311","1.3294893105824788","1.2924420833587646","1.3694756031036377","1.0869574844837189","0.18034148216247559","1.4421584606170654","0.08869591727852821","0.08094563335180283","0.09528277814388275","0.08693038672208786","0.07866517454385757","0.09496577829122543"
"274","0.08476203866302967","0.08301208168268204","0.08734563738107681","1.3349498510360718","1.2884292602539062","1.380013346672058","1.1059460528194904","0.18180198967456818","1.4384255409240723","0.08489077538251877","0.08289743959903717","0.08611220121383667","0.08401078917086124","0.08218547701835632","0.08625838160514832"
"275","0.08417591266334057","0.07400436699390411","0.09576626121997833","1.3319423198699951","1.2904695272445679","1.3908915519714355","1.06797706335783","0.1823178231716156","1.4156891107559204","0.08713659644126892","0.07326165586709976","0.09963478147983551","0.0843304730951786","0.07283136248588562","0.10027962177991867"
"276","0.08596697263419628","0.07894475758075714","0.09572868794202805","1.289629618326823","1.270350456237793","1.3207120895385742","1.0797169134020805","0.2004382312297821","1.4114351272583008","0.08886431157588959","0.08377891033887863","0.09908828884363174","0.08690992929041386","0.0767398476600647","0.09808337688446045"
"277","0.07687666267156601","0.06977283954620361","0.08820915222167969","1.3351767460505168","1.2749137878417969","1.388006567955017","1.0973841659724712","0.1894100159406662","1.4332475662231445","0.07925080507993698","0.07153432071208954","0.09027072787284851","0.07770420238375664","0.06762059032917023","0.08952566981315613"
"278","0.0896219965070486","0.08419829607009888","0.09393582493066788","1.3133467833201091","1.2614045143127441","1.3657492399215698","1.081450179219246","0.20390325784683228","1.4018744230270386","0.09136088192462921","0.08701884746551514","0.09490977227687836","0.08946103788912296","0.08475527167320251","0.09388546645641327"
"280","0.0858207605779171","0.08006098866462708","0.0909220352768898","1.3337686856587727","1.3105497360229492","1.369052529335022","1.09065543115139","0.1879025101661682","1.42611563205719","0.08647740446031094","0.07863204181194305","0.09521962702274323","0.08457711152732372","0.07831941545009613","0.08794070035219193"
"281","0.0871496181935072","0.074785515666008","0.09392180293798447","1.3504654963811238","1.2409003973007202","1.4183515310287476","1.0845481120049953","0.20368240773677826","1.3999805450439453","0.08823046647012234","0.07918773591518402","0.09381784498691559","0.08654843643307686","0.0798458456993103","0.0927376076579094"
"282","0.09090951271355152","0.08219662308692932","0.10265679657459259","1.3184561332066853","1.2070434093475342","1.3899602890014648","1.0370194874703884","0.18408988416194916","1.3590672016143799","0.09270080737769604","0.08519242703914642","0.10063371062278748","0.09096353501081467","0.08561088889837265","0.1003461629152298"
"283","0.086990961804986","0.08095651865005493","0.09619110077619553","1.260563333829244","1.2357251644134521","1.2954944372177124","1.0414098091423512","0.20276768505573273","1.345674991607666","0.08948569186031818","0.07881706953048706","0.09737828373908997","0.08703011833131313","0.07838451117277145","0.09626513719558716"
"284","0.08702843077480793","0.08500596880912781","0.08938880264759064","1.3348931471506755","1.2929229736328125","1.4059233665466309","1.0819167457520962","0.18410490453243256","1.4058427810668945","0.08732139691710472","0.08629705011844635","0.08858795464038849","0.08575263060629368","0.08313794434070587","0.08783267438411713"
"285","0.0895608700811863","0.08216232061386108","0.10226161032915115","1.2879934708277385","1.2606593370437622","1.308182716369629","1.0639051720499992","0.19022104144096375","1.4216252565383911","0.0913433637470007","0.08223733305931091","0.10549600422382355","0.08958292752504349","0.08001700043678284","0.10627584904432297"
"286","0.08496814407408237","0.0800766795873642","0.09790569543838501","1.3071829477945964","1.255834937095642","1.393850564956665","1.050253089517355","0.19803009927272797","1.3965728282928467","0.08628522977232933","0.07844968140125275","0.10333429276943207","0.08420515060424805","0.07814677804708481","0.09548582136631012"
"287","0.08774314820766449","0.08077337592840195","0.10155453532934189","1.2966520388921101","1.2325787544250488","1.356549859046936","1.0592312403023243","0.1839723140001297","1.3623754978179932","0.08992751128971577","0.08370564132928848","0.09963549673557281","0.08746721781790257","0.08107812702655792","0.09917214512825012"
"288","0.08634215965867043","0.0831846371293068","0.0908198431134224","1.3443224827448528","1.220381259918213","1.4411243200302124","1.0973679795861244","0.1795525848865509","1.4417505264282227","0.08787876553833485","0.08288896083831787","0.09614092111587524","0.08591901510953903","0.08273599296808243","0.08949209004640579"
"289","0.08316058292984962","0.08154922723770142","0.08412188291549683","1.3357370297114055","1.2758500576019287","1.3710839748382568","1.1119076386094093","0.1815965473651886","1.485203504562378","0.08508778922259808","0.0814228281378746","0.08830171823501587","0.08348990045487881","0.08114033937454224","0.08706735074520111"
"290","0.08692527376115322","0.07942763715982437","0.09302827715873718","1.3028823932011921","1.2437458038330078","1.3584238290786743","1.094200722873211","0.1710122525691986","1.4347748756408691","0.08786071464419365","0.08158613741397858","0.09575746953487396","0.08741513639688492","0.0806175172328949","0.09641148149967194"
"291","0.0885267648845911","0.08361466228961945","0.09417244791984558","1.346110502878825","1.1938923597335815","1.4272860288619995","1.076154425740242","0.18256741762161255","1.4286822080612183","0.09029759652912617","0.08462754637002945","0.09964680671691895","0.0879755150526762","0.08364826440811157","0.09130293130874634"
"292","0.08295016922056675","0.07814367860555649","0.09402178227901459","1.293271541595459","1.272430181503296","1.311586856842041","1.0870147049427032","0.19211745262145996","1.4497977495193481","0.08519268594682217","0.07661034911870956","0.09377920627593994","0.0835895799100399","0.07606782019138336","0.09258942306041718"
"293","0.0802011638879776","0.07288332283496857","0.08708219975233078","1.3056543668111165","1.2754952907562256","1.3396098613739014","1.0430578365921974","0.17532756924629211","1.3469960689544678","0.08240631222724915","0.07384148240089417","0.09294204413890839","0.08078381046652794","0.07310408353805542","0.09348621964454651"
"294","0.08568004332482815","0.07262864708900452","0.09870406985282898","1.320261001586914","1.2944610118865967","1.352524757385254","1.0691193602979183","0.17365215718746185","1.4581353664398193","0.08769749850034714","0.07278807461261749","0.10575588047504425","0.0850805900990963","0.07200169563293457","0.09589260816574097"
"295","0.08239676430821419","0.0774044394493103","0.08984498679637909","1.3302990198135376","1.2532885074615479","1.3972402811050415","1.0789281725883484","0.1794290542602539","1.3982689380645752","0.08266263455152512","0.07755458354949951","0.0879584401845932","0.08089601993560791","0.07714657485485077","0.0877286046743393"
"296","0.08828610740602016","0.0807880163192749","0.09819676727056503","1.2606795231501262","1.2144837379455566","1.3133478164672852","1.0025115087628365","0.17917874455451965","1.3155622482299805","0.09077582880854607","0.08486112952232361","0.10431303083896637","0.08827178366482258","0.08436649292707443","0.09500251710414886"
"297","0.08374593779444695","0.07796033471822739","0.08900577574968338","1.3487604061762493","1.3194037675857544","1.3956468105316162","1.0885573476552963","0.16780251264572144","1.4299941062927246","0.08540773205459118","0.07842771708965302","0.0919894203543663","0.08369633182883263","0.07798636704683304","0.0920105129480362"
"298","0.08457168005406857","0.07733327150344849","0.09120862931013107","1.2936934630076091","1.2257850170135498","1.3431174755096436","1.06529501080513","0.168035626411438","1.4461781978607178","0.086451331153512","0.07859168201684952","0.09480275213718414","0.08477427810430527","0.07769206166267395","0.08902911841869354"
"299","0.08991616033017635","0.07671201974153519","0.09682994335889816","1.3079177538553874","1.2132655382156372","1.3770722150802612","1.043775748461485","0.19691209495067596","1.3776664733886719","0.0920733492821455","0.07551242411136627","0.10097572952508926","0.09045199304819107","0.07526544481515884","0.10202492773532867"
"300","0.08396263420581818","0.07844989746809006","0.0898391380906105","1.284472107887268","1.2209314107894897","1.3534035682678223","1.0504021272063255","0.17461714148521423","1.355299949645996","0.0866955928504467","0.07747432589530945","0.09394713491201401","0.08407262340188026","0.0770602822303772","0.09429195523262024"
"301","0.0915718525648117","0.08850686997175217","0.093994140625","1.3185313940048218","1.2813525199890137","1.3579614162445068","1.0948471799492836","0.1903569996356964","1.4246113300323486","0.09293611347675323","0.09254658967256546","0.09322286397218704","0.09083127975463867","0.08524297177791595","0.0937516987323761"
"303","0.08851215057075024","0.07758808135986328","0.10022743046283722","1.289065917332967","1.2117538452148438","1.3508377075195312","1.0613796412944794","0.1888810396194458","1.3652609586715698","0.09042378142476082","0.07966136932373047","0.09870617091655731","0.08855577930808067","0.0802987739443779","0.09829581528902054"
"304","0.09084986709058285","0.08270013332366943","0.1055409386754036","1.323317050933838","1.282747507095337","1.3664084672927856","1.0954765304923058","0.21712931990623474","1.463001012802124","0.09265894629061222","0.08066880702972412","0.1072424128651619","0.09022391028702259","0.0803254023194313","0.1060289517045021"
"305","0.09093398787081242","0.07645697891712189","0.10504211485385895","1.3202524185180664","1.2360093593597412","1.3863521814346313","1.0535482093691826","0.21109840273857117","1.3874624967575073","0.09292884729802608","0.08297139406204224","0.10374438017606735","0.0913099143654108","0.07739423215389252","0.10244680196046829"
"306","0.0861378163099289","0.07532786577939987","0.0969882607460022","1.2797205448150635","1.2249763011932373","1.3479008674621582","1.0100888013839722","0.1619272232055664","1.3116941452026367","0.08705100044608116","0.07643406093120575","0.09922721982002258","0.08576506562530994","0.07563816756010056","0.09991278499364853"
"307","0.08185738883912563","0.07314662635326385","0.09028537571430206","1.307712237040202","1.2685332298278809","1.3369325399398804","1.0702508464455605","0.1744418442249298","1.4103320837020874","0.08356475085020065","0.07456506788730621","0.09127423912286758","0.08159399032592773","0.07503426820039749","0.09105616062879562"
"308","0.08150998502969742","0.07577647268772125","0.09221456199884415","1.2958726088205974","1.2817697525024414","1.3230500221252441","1.0383184254169464","0.16510987281799316","1.3609797954559326","0.08331882208585739","0.0780673548579216","0.09262143075466156","0.08179713226854801","0.07720516622066498","0.09242404252290726"
"309","0.08109710179269314","0.0755167081952095","0.08936303108930588","1.314798633257548","1.232183575630188","1.4164586067199707","1.07129667699337","0.17870742082595825","1.4172942638397217","0.08175979182124138","0.0786127969622612","0.08698927611112595","0.08063064329326153","0.07492441684007645","0.08653616905212402"
"310","0.09097821824252605","0.08247238397598267","0.10079671442508698","1.3375980456670125","1.2795360088348389","1.4143707752227783","1.0810421667993069","0.21273492276668549","1.4442983865737915","0.09296564385294914","0.08520103245973587","0.10247332602739334","0.09122398868203163","0.08494272828102112","0.10121022164821625"
"311","0.08347568102180958","0.07512129098176956","0.09084843099117279","1.271442453066508","1.2105350494384766","1.3039909601211548","1.0619931891560555","0.190079003572464","1.4041523933410645","0.08562130108475685","0.07819730043411255","0.09029856324195862","0.08383194729685783","0.07868402451276779","0.08913161605596542"
"312","0.08154325000941753","0.07303120940923691","0.08534805476665497","1.2742152611414592","1.181418776512146","1.3745161294937134","1.0241759158670902","0.1886686235666275","1.3293055295944214","0.08419865183532238","0.07726641744375229","0.08863227814435959","0.08132378943264484","0.06700444221496582","0.08857007324695587"
"313","0.08395102247595787","0.07858268916606903","0.08858074247837067","1.3352652390797932","1.220205545425415","1.4034838676452637","1.0486930385231972","0.18382540345191956","1.3837409019470215","0.08701732009649277","0.08478999137878418","0.09102681279182434","0.08406739309430122","0.07415690273046494","0.08980264514684677"
"314","0.08221648260951042","0.07228580862283707","0.09156274795532227","1.2476714452107747","1.1469011306762695","1.3485817909240723","1.0243145860731602","0.1821972280740738","1.3505622148513794","0.08411205187439919","0.0697406679391861","0.09809404611587524","0.08067969977855682","0.06981063634157181","0.08554131537675858"
"315","0.08854704163968563","0.07614144682884216","0.09744304418563843","1.2820472717285156","1.228538990020752","1.31940495967865","1.0453738160431385","0.19645138084888458","1.3878231048583984","0.09121807478368282","0.08410856872797012","0.09563880413770676","0.08810330368578434","0.07361677289009094","0.094332255423069"
"316","0.08910492993891239","0.0848238468170166","0.09413528442382812","1.298721194267273","1.2810206413269043","1.3311361074447632","1.071393858641386","0.18202702701091766","1.390670895576477","0.09167391993105412","0.0872635543346405","0.10240305215120316","0.08825530670583248","0.08604192733764648","0.09037746489048004"
"317","0.07817213982343674","0.07431308925151825","0.08373167365789413","1.2932640314102173","1.243591070175171","1.320237398147583","1.0668247900903225","0.17623518407344818","1.393154501914978","0.07929921709001064","0.07285165786743164","0.09098212420940399","0.07611061632633209","0.07275523245334625","0.07932364195585251"
"318","0.07540890108793974","0.061645809561014175","0.08897171914577484","1.2732365528742473","1.2094519138336182","1.3552634716033936","1.0391765385866165","0.15703755617141724","1.3554370403289795","0.07769098691642284","0.06408529728651047","0.09342984855175018","0.0742934662848711","0.0630037933588028","0.081073097884655"
"319","0.0802972111850977","0.07109234482049942","0.08492862433195114","1.294184962908427","1.2473028898239136","1.3268605470657349","1.040205255150795","0.17480403184890747","1.3308613300323486","0.08232717588543892","0.07655899226665497","0.08749371767044067","0.07983178272843361","0.06717341393232346","0.08758413046598434"
"320","0.07712345570325851","0.07193775475025177","0.08140856772661209","1.2281869649887085","1.1641911268234253","1.29600989818573","1.0064693056046963","0.17393313348293304","1.2971386909484863","0.0801029521971941","0.07669384032487869","0.08350981771945953","0.07742414064705372","0.06711281836032867","0.08263421803712845"
"321","0.08234251849353313","0.07731573283672333","0.08516377210617065","1.2957197030385335","1.2567239999771118","1.371446132659912","1.0526082627475262","0.18454568088054657","1.372586965560913","0.0837318655103445","0.0808868557214737","0.08947007358074188","0.08108515851199627","0.07991619408130646","0.08372726291418076"
"322","0.08424760960042477","0.07461574673652649","0.09068892896175385","1.236728310585022","1.2030278444290161","1.2738933563232422","1.0152207650244236","0.183898463845253","1.3494398593902588","0.08769568800926208","0.07866496592760086","0.09094717353582382","0.08442848548293114","0.07867488265037537","0.09085088968276978"
"323","0.07664332166314125","0.07361666858196259","0.08127059787511826","1.2962157328923543","1.2264355421066284","1.3375556468963623","1.0521586537361145","0.16881561279296875","1.353411316871643","0.07786472514271736","0.07203023135662079","0.08362472057342529","0.0747726671397686","0.06940656155347824","0.08351744711399078"
"324","0.0780521035194397","0.07702171057462692","0.07933900505304337","1.2453829844792683","1.2028999328613281","1.277307391166687","1.012899026274681","0.17641514539718628","1.3025314807891846","0.08094385266304016","0.07904774695634842","0.08319456875324249","0.07781014032661915","0.071888767182827","0.08158910274505615"
"325","0.08134257793426514","0.07533615827560425","0.08927786350250244","1.2568068901697795","1.1707777976989746","1.3227615356445312","1.0119542852044106","0.17502668499946594","1.3223762512207031","0.08417028561234474","0.07788322865962982","0.09614314138889313","0.08094998821616173","0.07778660953044891","0.0845722109079361"
"326","0.08289400115609169","0.07789111137390137","0.09193827211856842","1.2689433097839355","1.2112059593200684","1.3188068866729736","1.0148777328431606","0.17813538014888763","1.3225682973861694","0.08547166362404823","0.0808277577161789","0.09314609318971634","0.08243238180875778","0.07367591559886932","0.09355376660823822"
"327","0.0728108286857605","0.06275226920843124","0.08277823030948639","1.2944016456604004","1.1991009712219238","1.3460111618041992","1.0352398604154587","0.15960270166397095","1.3392153978347778","0.07502871006727219","0.06549780070781708","0.08821544796228409","0.07197839394211769","0.06567048281431198","0.07696915417909622"
"328","0.08698043785989285","0.08246178925037384","0.08961093425750732","1.2711856365203857","1.2198010683059692","1.316747784614563","1.0159465819597244","0.17802101373672485","1.3182991743087769","0.08977685496211052","0.0799151137471199","0.09672512114048004","0.08660284243524075","0.0787847638130188","0.09643512219190598"
"329","0.0769684948027134","0.07108843326568604","0.08810931444168091","1.293100357055664","1.1745936870574951","1.369253396987915","1.0200933553278446","0.17760230600833893","1.3367546796798706","0.07830118574202061","0.06947387009859085","0.08765702694654465","0.07559213414788246","0.06774722784757614","0.08647564053535461"
"330","0.07979842461645603","0.0744146853685379","0.08466871827840805","1.2818231185277302","1.2648603916168213","1.297156572341919","1.0692960545420647","0.16138693690299988","1.4255975484848022","0.08170314878225327","0.0756903812289238","0.0839971974492073","0.07894070819020271","0.07321710139513016","0.08401793986558914"
"331","0.07952154241502285","0.07449716329574585","0.08310247212648392","1.2476177612940471","1.196349024772644","1.2905306816101074","1.0316197276115417","0.17714273929595947","1.3592658042907715","0.08013356849551201","0.07817324995994568","0.08347752690315247","0.07745817117393017","0.06844991445541382","0.08366040885448456"
"332","0.07962704263627529","0.07673868536949158","0.0823087990283966","1.2736277182896931","1.114469289779663","1.3987452983856201","1.0200593620538712","0.17532950639724731","1.3994207382202148","0.08250366151332855","0.07596953213214874","0.08685372769832611","0.07946304604411125","0.07430151104927063","0.08686928451061249"
"333","0.07838951610028744","0.07549173384904861","0.08412852883338928","1.2704754273096721","1.2181611061096191","1.3343074321746826","1.0455127954483032","0.17944681644439697","1.3370778560638428","0.08159704692661762","0.07729880511760712","0.08939796686172485","0.07852846011519432","0.07720465213060379","0.07974029332399368"
"335","0.08733748458325863","0.07761809229850769","0.09953505545854568","1.2810369729995728","1.264356255531311","1.3079428672790527","1.040973737835884","0.17460399866104126","1.3850226402282715","0.08888236992061138","0.07682958245277405","0.10158014297485352","0.08535693772137165","0.07668092101812363","0.10142873227596283"
"336","0.08003765903413296","0.0777304619550705","0.08399476110935211","1.2787219285964966","1.2141226530075073","1.3372273445129395","1.0584025606513023","0.17062076926231384","1.3623199462890625","0.0827696043998003","0.07610645890235901","0.09038321673870087","0.0796553660184145","0.07615580409765244","0.08512653410434723"
"337","0.08107026293873787","0.07861829549074173","0.08471491187810898","1.2498313585917156","1.225494623184204","1.2830078601837158","1.0480657406151295","0.17807133495807648","1.3759669065475464","0.08135935664176941","0.07656539976596832","0.08650724589824677","0.0788298062980175","0.07631805539131165","0.08218607306480408"
"338","0.07987367361783981","0.07101458311080933","0.08344483375549316","1.2750803629557292","1.1717578172683716","1.32767653465271","1.0096694491803646","0.17742548882961273","1.3266737461090088","0.08252477459609509","0.0755501464009285","0.087832510471344","0.07982712239027023","0.07516667991876602","0.08351166546344757"
"339","0.08654468134045601","0.07293467968702316","0.09771109372377396","1.2936538060506184","1.2421807050704956","1.3527125120162964","1.0287854224443436","0.17335611581802368","1.3549829721450806","0.0896290335804224","0.07712399214506149","0.10421158373355865","0.0859370157122612","0.07702669501304626","0.09377971291542053"
"340","0.07953698188066483","0.07624517381191254","0.08363349735736847","1.2628894249598186","1.2163410186767578","1.3068326711654663","1.0180283933877945","0.1790969967842102","1.314692735671997","0.08190481923520565","0.07610979676246643","0.0895911231637001","0.07874242588877678","0.06947283446788788","0.08963587880134583"
"341","0.08103678189218044","0.07665698230266571","0.08887303620576859","1.2775177955627441","1.2383637428283691","1.328660488128662","1.0353906117379665","0.17879794538021088","1.3301268815994263","0.08249276876449585","0.08112936466932297","0.08517079055309296","0.07943632826209068","0.07035303860902786","0.08515727519989014"
"342","0.08527224138379097","0.0821417048573494","0.08848077803850174","1.2288178602854412","1.130102276802063","1.3281322717666626","1.0165046118199825","0.17710624635219574","1.3301949501037598","0.0875056516379118","0.08691427111625671","0.08847063034772873","0.08505423739552498","0.07872636616230011","0.08726921677589417"
"343","0.07719641551375389","0.07446867972612381","0.0814041942358017","1.2719037532806396","1.1904549598693848","1.3447849750518799","1.0266210958361626","0.16746065020561218","1.3470412492752075","0.07945347018539906","0.07331625372171402","0.0828009769320488","0.07674137316644192","0.07209865003824234","0.08289475739002228"
"344","0.07738019712269306","0.07598356157541275","0.07997860014438629","1.2111909786860149","1.1682772636413574","1.254659652709961","1.015550035983324","0.17554254829883575","1.3186458349227905","0.07951901108026505","0.07435786724090576","0.08550786972045898","0.0770571194589138","0.07439109683036804","0.07873031497001648"
"345","0.08683512173593044","0.07847292721271515","0.09152316302061081","1.2507425546646118","1.2013405561447144","1.3146893978118896","1.0267667099833488","0.1664162576198578","1.3873887062072754","0.08926840499043465","0.07823938876390457","0.09523794054985046","0.08673138357698917","0.07715940475463867","0.09542889893054962"
"346","0.08157015033066273","0.0747692883014679","0.08855926245450974","1.259008765220642","1.168086051940918","1.3621013164520264","1.031632762402296","0.17327921092510223","1.3643416166305542","0.08368566818535328","0.0802547037601471","0.08677775412797928","0.0811813697218895","0.07574019581079483","0.08548686653375626"
"347","0.07685345411300659","0.07129395753145218","0.08173557370901108","1.265497128168742","1.1820917129516602","1.3086048364639282","1.0271197110414505","0.16985684633255005","1.3385701179504395","0.07936956733465195","0.07584425806999207","0.08273712545633316","0.07692907378077507","0.0667717456817627","0.08179021626710892"
"348","0.07825642265379429","0.07488388568162918","0.08711271733045578","1.2623509565989177","1.2407170534133911","1.295060634613037","1.037722758948803","0.17752060294151306","1.3678293228149414","0.0810942929238081","0.07669226825237274","0.08389666676521301","0.07766895927488804","0.06735719740390778","0.08385069668292999"
"349","0.07868200913071632","0.07273149490356445","0.08282145112752914","1.2733434836069744","1.2120823860168457","1.3158996105194092","1.0313251949846745","0.17486561834812164","1.3425002098083496","0.08011428080499172","0.07495768368244171","0.0881994217634201","0.07727477513253689","0.07497371733188629","0.07944595068693161"
"350","0.08717036992311478","0.0799032673239708","0.09166062623262405","1.2653751770655315","1.2307873964309692","1.3322551250457764","1.029962446540594","0.17647622525691986","1.335174798965454","0.0885616522282362","0.07816317677497864","0.09678778052330017","0.08525111526250839","0.07714956998825073","0.09123285859823227"
"351","0.07710175961256027","0.07114935666322708","0.09064441174268723","1.2716542879740398","1.1823713779449463","1.3218300342559814","1.0224958881735802","0.18328556418418884","1.3230700492858887","0.07832411676645279","0.07341670989990234","0.08866394311189651","0.07531952485442162","0.06595946848392487","0.0874800980091095"
"352","0.08413197658956051","0.07757272571325302","0.08750338107347488","1.2328155438105266","1.1948658227920532","1.3039281368255615","1.0038490667939186","0.1741521656513214","1.3052394390106201","0.08686412312090397","0.08136731386184692","0.09364518523216248","0.08357870392501354","0.0803605318069458","0.08887140452861786"
"353","0.08287805318832397","0.07316280156373978","0.08875306695699692","1.2519179979960124","1.231801986694336","1.2637972831726074","1.0449743159115314","0.18060274422168732","1.4271643161773682","0.0858129020780325","0.07312296330928802","0.09174297004938126","0.08301416039466858","0.07319694757461548","0.09188507497310638"
"354","0.0793884675949812","0.07072459161281586","0.08721168339252472","1.2524981498718262","1.1738609075546265","1.2950931787490845","1.0263161770999432","0.19088034331798553","1.3319358825683594","0.08152118511497974","0.07625102251768112","0.08955764770507812","0.07931790128350258","0.06883824616670609","0.08840491622686386"
"355","0.08008607663214207","0.0645499974489212","0.08712256699800491","1.2468299865722656","1.1573652029037476","1.3215460777282715","1.0228108242154121","0.18014100193977356","1.3259496688842773","0.08157871104776859","0.06821610033512115","0.08924613147974014","0.07930243946611881","0.06820371001958847","0.08434537053108215"
"356","0.07938821241259575","0.07278232276439667","0.08441125601530075","1.2357666492462158","1.1924726963043213","1.2768458127975464","0.9919098317623138","0.17263317108154297","1.2970554828643799","0.08270143158733845","0.07827982306480408","0.08855262398719788","0.08040682971477509","0.07057441025972366","0.08824855089187622"
"358","0.08096690103411674","0.07665126770734787","0.08413004130125046","1.258882204691569","1.2149550914764404","1.3156177997589111","1.0336580127477646","0.1671963334083557","1.3283445835113525","0.08322633989155293","0.07684651017189026","0.09232563525438309","0.07983966171741486","0.07575713098049164","0.08227398991584778"
"359","0.08332943543791771","0.07586383819580078","0.08797822147607803","1.2153302033742268","1.145499587059021","1.310253381729126","0.9930878542363644","0.1808020919561386","1.3125451803207397","0.0851596798747778","0.0808936208486557","0.08970163017511368","0.0823002178221941","0.07947131246328354","0.08900474011898041"
"360","0.08033248223364353","0.07618899643421173","0.08415301144123077","1.1814887921015422","1.1015405654907227","1.2363494634628296","0.9637626111507416","0.1805175542831421","1.248098611831665","0.08351449482142925","0.08181238919496536","0.08531347662210464","0.08099649287760258","0.07670372724533081","0.08377974480390549"
"361","0.08439351990818977","0.07877633720636368","0.09075821191072464","1.2787433465321858","1.2265074253082275","1.329101324081421","1.0328589268028736","0.18279822170734406","1.3442033529281616","0.08622070215642452","0.0792718306183815","0.09752483665943146","0.08310332894325256","0.07928737998008728","0.08644472062587738"
"362","0.08206260949373245","0.06672775000333786","0.0888146460056305","1.2316762208938599","1.1710892915725708","1.283313274383545","1.0102903321385384","0.18203392624855042","1.2911508083343506","0.08275221474468708","0.06877731531858444","0.0931948721408844","0.08029099740087986","0.06877067685127258","0.08434206992387772"
"363","0.0783982016146183","0.07202842831611633","0.08511175960302353","1.2607637643814087","1.1987258195877075","1.318397045135498","1.0422034673392773","0.17755500972270966","1.3577380180358887","0.08016833662986755","0.0753183513879776","0.08579672873020172","0.07782424241304398","0.07237575203180313","0.08469230681657791"
"364","0.076199721544981","0.07003358006477356","0.08444197475910187","1.2706915140151978","1.2291276454925537","1.3390419483184814","1.055199310183525","0.17624765634536743","1.3845359086990356","0.07894556596875191","0.07475221157073975","0.08524122089147568","0.07639428041875362","0.06624038517475128","0.08501877635717392"
"365","0.08461369574069977","0.07683607935905457","0.08915798366069794","1.2687387863794963","1.2287390232086182","1.316970705986023","1.0341508202254772","0.18556098639965057","1.319390058517456","0.08667326904833317","0.07404306530952454","0.09205512702465057","0.08344253338873386","0.07405107468366623","0.09065426886081696"
"366","0.08570287935435772","0.07999999076128006","0.09282399713993073","1.230801781018575","1.1495826244354248","1.3000234365463257","0.9938242100179195","0.1889624446630478","1.2752742767333984","0.08803183399140835","0.07717043161392212","0.09558321535587311","0.08463035151362419","0.0773422122001648","0.09425622224807739"
"367","0.08357935957610607","0.07622923702001572","0.08858412504196167","1.2482035160064697","1.1985677480697632","1.2964551448822021","1.0245526805520058","0.18914154171943665","1.3390421867370605","0.08558190241456032","0.0793132334947586","0.09101060777902603","0.08226477913558483","0.07899844646453857","0.08752337843179703"
"368","0.08878456801176071","0.07806004583835602","0.10217251628637314","1.2001028855641682","1.1482897996902466","1.231443166732788","0.9697277806699276","0.1693105548620224","1.2474639415740967","0.09253261238336563","0.0798926055431366","0.10388119518756866","0.0902289804071188","0.07885519415140152","0.1040179580450058"
"369","0.0813644640147686","0.07703429460525513","0.08951730281114578","1.2484360535939534","1.179361343383789","1.2992278337478638","1.018271118402481","0.1892852783203125","1.3136250972747803","0.08318334631621838","0.07569146901369095","0.09153011441230774","0.08019149489700794","0.07558280974626541","0.09015998244285583"
"370","0.08270421624183655","0.07417795807123184","0.09467655420303345","1.2413681348164876","1.1511400938034058","1.3341567516326904","1.0070621706545353","0.1683817058801651","1.336456298828125","0.08585600927472115","0.07605909556150436","0.09641267359256744","0.0833511333912611","0.07600601017475128","0.0960366278886795"
"371","0.08147198334336281","0.07018748670816422","0.08990134298801422","1.2224864562352498","1.1975009441375732","1.272175908088684","0.9875224009156227","0.1602206528186798","1.3107823133468628","0.08385097607970238","0.07208798825740814","0.09639053046703339","0.07999266870319843","0.07110641896724701","0.0843205451965332"
"372","0.08085710741579533","0.07436566799879074","0.09128968417644501","1.245431661605835","1.1664893627166748","1.2942984104156494","1.0008234605193138","0.17504295706748962","1.3114066123962402","0.08243602886795998","0.07301102578639984","0.09486691653728485","0.08052520267665386","0.07300378382205963","0.09512285888195038"
"373","0.08311391621828079","0.07671521604061127","0.09199214726686478","1.2325226068496704","1.2046177387237549","1.2677797079086304","1.0090899765491486","0.1719425916671753","1.3116017580032349","0.08501086756587029","0.07908960431814194","0.09794797748327255","0.08216162770986557","0.0792369470000267","0.08746099472045898"
"374","0.08550868928432465","0.0802478939294815","0.09569216519594193","1.23408842086792","1.1244546175003052","1.3411366939544678","0.9988586865365505","0.1905597299337387","1.342828392982483","0.08806073851883411","0.07966703176498413","0.0976177453994751","0.08487718552350998","0.07615311443805695","0.0963888019323349"
"375","0.08128287643194199","0.07805866003036499","0.0858391746878624","1.234439214070638","1.1640660762786865","1.3236658573150635","1.0157139748334885","0.17231935262680054","1.3261313438415527","0.0834460761398077","0.07855772972106934","0.08955734968185425","0.08044452033936977","0.0731654241681099","0.08947093784809113"
"376","0.07997646927833557","0.0705932080745697","0.08971309661865234","1.2362929582595825","1.1595762968063354","1.285942792892456","1.0081686675548553","0.1762775182723999","1.3019416332244873","0.08053577691316605","0.06765475869178772","0.09468723088502884","0.07765620574355125","0.06743661314249039","0.0845453143119812"
"377","0.07565562799572945","0.06703615188598633","0.08344633877277374","1.2024068435033162","1.1347723007202148","1.287617802619934","1.0065257176756859","0.16408702731132507","1.290537714958191","0.07905014976859093","0.06973296403884888","0.08748628944158554","0.07677039504051208","0.06966271251440048","0.08767309784889221"
"378","0.07932784408330917","0.06979788839817047","0.08891841024160385","1.2301199833552043","1.163675308227539","1.2777605056762695","1.0108568370342255","0.17181861400604248","1.308184266090393","0.08046354912221432","0.07297012209892273","0.0877782329916954","0.07848777808248997","0.06624098867177963","0.08761759847402573"
"379","0.07854169048368931","0.07275819778442383","0.0847303569316864","1.2018149693806965","1.160484790802002","1.2789747714996338","1.0051975175738335","0.17991778254508972","1.2880680561065674","0.08018332533538342","0.07510070502758026","0.08697014302015305","0.07790299132466316","0.0670984610915184","0.08592911064624786"
"381","0.08384393155574799","0.07395846396684647","0.0951116606593132","1.1830170551935832","1.1214144229888916","1.293850302696228","0.9816417768597603","0.1795673668384552","1.296234130859375","0.0867172870784998","0.0736115574836731","0.10094770789146423","0.08386869914829731","0.0736566036939621","0.09061609953641891"
"382","0.08123552054166794","0.07270804792642593","0.08987005054950714","1.225490927696228","1.1973223686218262","1.2397512197494507","1.0198658183217049","0.1750880777835846","1.346526861190796","0.08516076020896435","0.07676899433135986","0.09190227091312408","0.08212148956954479","0.0768347978591919","0.09197118133306503"
"383","0.08296676725149155","0.07569368183612823","0.089105524122715","1.2305467128753662","1.1758925914764404","1.2672209739685059","0.9738954715430737","0.1764613837003708","1.2722694873809814","0.08569149486720562","0.08179609477519989","0.09363031387329102","0.08291634730994701","0.0818902924656868","0.08406095951795578"
"384","0.08051191829144955","0.07239285856485367","0.08892515301704407","1.21744704246521","1.2015435695648193","1.2323379516601562","1.0011275857686996","0.15825730562210083","1.3167599439620972","0.08317388966679573","0.07560252398252487","0.09500987827777863","0.08009281381964684","0.07476242631673813","0.08522439002990723"
"385","0.08032330498099327","0.0768674984574318","0.08794159442186356","1.254975954691569","1.208487868309021","1.3215770721435547","1.0157813355326653","0.16784736514091492","1.3235746622085571","0.08200258947908878","0.07823474705219269","0.0901595950126648","0.07931867986917496","0.07119208574295044","0.09016817808151245"
"386","0.08812250383198261","0.08686380088329315","0.0901564285159111","1.2637540896733601","1.173038125038147","1.3142433166503906","1.0120587460696697","0.17939047515392303","1.3059728145599365","0.0894879475235939","0.08699867874383926","0.09212258458137512","0.08681688830256462","0.08214136958122253","0.09035816788673401"
"387","0.0791306272149086","0.07665342092514038","0.08257689327001572","1.2251565059026082","1.1549036502838135","1.2828997373580933","0.9934733733534813","0.17536720633506775","1.2854119539260864","0.08187648840248585","0.07953023165464401","0.08488442003726959","0.07960746809840202","0.07324150204658508","0.08382660150527954"
"388","0.07585269771516323","0.06989544630050659","0.08766654133796692","1.1905951102574666","1.151636004447937","1.237658977508545","0.9692473262548447","0.16848140954971313","1.2646541595458984","0.0787524338811636","0.07392313331365585","0.08705892413854599","0.07725629396736622","0.06892429292201996","0.08700831234455109"
"389","0.08216609805822372","0.07443173974752426","0.08652421832084656","1.2337036927541096","1.151908040046692","1.3193103075027466","1.006962426006794","0.16723600029945374","1.3213770389556885","0.08363649062812328","0.07300475984811783","0.08873464167118073","0.08091987110674381","0.0729813352227211","0.08889104425907135"