"Step","optimizer_name: nadam - train_loss","optimizer_name: nadam - train_loss__MIN","optimizer_name: nadam - train_loss__MAX","optimizer_name: sgd - train_loss","optimizer_name: sgd - train_loss__MIN","optimizer_name: sgd - train_loss__MAX","optimizer_name: sgdm - train_loss","optimizer_name: sgdm - train_loss__MIN","optimizer_name: sgdm - train_loss__MAX","optimizer_name: adamw - train_loss","optimizer_name: adamw - train_loss__MIN","optimizer_name: adamw - train_loss__MAX","optimizer_name: adam - train_loss","optimizer_name: adam - train_loss__MIN","optimizer_name: adam - train_loss__MAX"
"0","13.7291579246521","13.35804557800293","14.124663352966309","13.7291579246521","13.35804557800293","14.124663352966309","13.7291579246521","13.35804557800293","14.124663352966309","13.597322781880697","13.35804557800293","13.804753303527832","13.7291579246521","13.35804557800293","14.124663352966309"
"1","7.8425997495651245","5.740677356719971","9.40999984741211","8.81602168083191","8.634198188781738","9.023445129394531","8.872324228286743","8.707732200622559","9.066507339477539","6.472036997477214","5.475833892822266","8.302237510681152","9.890152931213379","9.156469345092773","11.730888366699219"
"2","3.075338065624237","2.3308396339416504","4.477726936340332","3.2965779900550842","3.081796646118164","3.5493593215942383","2.059476613998413","1.9938116073608398","2.1649885177612305","1.8447415828704834","1.3450431823730469","2.7968878746032715","5.028566837310791","3.9973816871643066","7.914015293121338"
"3","1.649838775396347","1.2005996704101562","2.6915857791900635","2.255286753177643","2.0283565521240234","2.3847196102142334","1.6703264117240906","1.6368305683135986","1.7284866571426392","1.0821482340494792","1.0402085781097412","1.1652064323425293","2.369194447994232","1.350509524345398","4.81550407409668"
"4","1.1694198846817017","1.0482313632965088","1.3325917720794678","2.0218461751937866","1.9264333248138428","2.134251117706299","1.718243271112442","1.6810286045074463","1.784684658050537","0.8828852574030558","0.809238076210022","0.9873600006103516","1.5765862464904785","1.1314878463745117","2.8596439361572266"
"5","0.963730588555336","0.8587620258331299","1.117816686630249","1.8493716716766357","1.8082869052886963","1.9074727296829224","1.8157717883586884","1.668691635131836","2.0208866596221924","0.6321354707082113","0.5495760440826416","0.745672345161438","1.060522422194481","0.9300134778022766","1.3990111351013184"
"6","0.7914115786552429","0.6578595638275146","0.980184018611908","1.731199473142624","1.6897234916687012","1.7931413650512695","1.9985851645469666","1.8565187454223633","2.1036734580993652","0.5182764232158661","0.46872827410697937","0.5964555740356445","0.8981755673885345","0.7802037000656128","1.1427509784698486"
"7","0.6693815439939499","0.5150402784347534","0.8847801685333252","1.7421956360340118","1.7063604593276978","1.7965106964111328","1.9935382306575775","1.7994623184204102","2.1774802207946777","0.4803267816702525","0.4388146698474884","0.5584427118301392","0.7272008806467056","0.5693219304084778","1.080663800239563"
"8","0.5366623550653458","0.4028511345386505","0.7563410997390747","1.7592284679412842","1.685665488243103","1.8015843629837036","2.0889205038547516","1.9668241739273071","2.232478618621826","0.44101787606875104","0.41242003440856934","0.4851037859916687","0.647615060210228","0.5130488872528076","0.9895656108856201"
"9","0.4275769591331482","0.3470485210418701","0.612591028213501","1.73417267203331","1.679870843887329","1.7759692668914795","2.1333765983581543","1.8857612609863281","2.403425931930542","0.4095348318417867","0.3823385238647461","0.4500356912612915","0.5801931098103523","0.45405447483062744","0.8959895372390747"
"10","0.3736434653401375","0.31681326031684875","0.5010865926742554","1.6595035195350647","1.6475694179534912","1.6815438270568848","1.9500857591629028","1.7286697626113892","2.291564464569092","0.3731677234172821","0.3483874797821045","0.4017377495765686","0.5103414133191109","0.41848647594451904","0.7677805423736572"
"11","0.3295062184333801","0.2832173705101013","0.41047918796539307","1.68361496925354","1.6546361446380615","1.7178776264190674","1.7161950767040253","1.633134365081787","1.804099202156067","0.3305005431175232","0.30986952781677246","0.37073391675949097","0.43256836384534836","0.36537283658981323","0.6023377180099487"
"12","0.30982744693756104","0.2893105149269104","0.35875192284584045","1.7163942754268646","1.6928386688232422","1.756347894668579","1.7007730603218079","1.585712194442749","1.8306256532669067","0.3225419720013936","0.306898295879364","0.3319433927536011","0.4074406921863556","0.3473597764968872","0.5593469738960266"
"13","0.29722337424755096","0.2744758427143097","0.3173163831233978","1.6708210110664368","1.6024158000946045","1.7159258127212524","1.5806101858615875","1.4003653526306152","1.7343045473098755","0.30726813276608783","0.30035990476608276","0.31350600719451904","0.38009370118379593","0.32047373056411743","0.5138430595397949"
"14","0.2744945362210274","0.2516898214817047","0.3114503026008606","1.5348843336105347","1.5098416805267334","1.5523898601531982","1.4505667686462402","1.2827517986297607","1.6100728511810303","0.28769007325172424","0.2733287215232849","0.31289708614349365","0.34820613265037537","0.3017261028289795","0.4656273126602173"
"15","0.27232253551483154","0.2531792223453522","0.297767698764801","1.6600165367126465","1.617546796798706","1.6743669509887695","1.4447064399719238","1.3362852334976196","1.6045392751693726","0.29062095284461975","0.2764507234096527","0.31564760208129883","0.3399037793278694","0.29974108934402466","0.4317628741264343"
"16","0.2647513635456562","0.24702958762645721","0.2849574387073517","1.561063677072525","1.5457866191864014","1.5703835487365723","1.326735258102417","1.2692553997039795","1.4245755672454834","0.2844647169113159","0.278539776802063","0.29205983877182007","0.3240237310528755","0.29305604100227356","0.39351993799209595"
"17","0.25162362679839134","0.24184904992580414","0.25861096382141113","1.5013059973716736","1.4884716272354126","1.5206739902496338","1.2283769845962524","1.159559965133667","1.3124053478240967","0.2741512060165405","0.27381592988967896","0.27477842569351196","0.3046893775463104","0.2734315097332001","0.3660570979118347"
"18","0.24720286950469017","0.2316410392522812","0.27888548374176025","1.543568104505539","1.5253167152404785","1.5662298202514648","1.2431765496730804","1.161736249923706","1.3527851104736328","0.2663472791512807","0.2486182451248169","0.28799012303352356","0.2966853454709053","0.2715812623500824","0.3492712378501892"
"19","0.23566782101988792","0.21640950441360474","0.2708631455898285","1.5316081643104553","1.519418716430664","1.5442537069320679","1.1996870636940002","1.1203222274780273","1.3033957481384277","0.2587364614009857","0.2406260073184967","0.2839531898498535","0.28402257710695267","0.2616523504257202","0.32510101795196533"
"20","0.23568345233798027","0.21657000482082367","0.25636327266693115","1.509014368057251","1.4995222091674805","1.517903208732605","1.1340514719486237","1.0961999893188477","1.2220796346664429","0.25389984250068665","0.24319347739219666","0.2676236629486084","0.28295791149139404","0.261142760515213","0.3356283903121948"
"21","0.22965852916240692","0.21144342422485352","0.2521321773529053","1.5873210430145264","1.5551913976669312","1.6007072925567627","1.1368747055530548","1.095655918121338","1.1604846715927124","0.25380714734395343","0.2472328543663025","0.26668593287467957","0.2743748724460602","0.2572028934955597","0.3053486943244934"
"22","0.22840826585888863","0.21771183609962463","0.2381470501422882","1.5352756679058075","1.4973793029785156","1.5538743734359741","1.069777250289917","0.9876993894577026","1.1290334463119507","0.2510984887679418","0.24398832023143768","0.2578064203262329","0.27418577671051025","0.24406349658966064","0.31723466515541077"
"23","0.21420009806752205","0.20300737023353577","0.23795121908187866","1.4202975630760193","1.414447546005249","1.4326120615005493","0.9912135004997253","0.9437037706375122","1.033778429031372","0.241557776927948","0.21701554954051971","0.2612766623497009","0.2572471424937248","0.23185351490974426","0.29306551814079285"
"24","0.2184610292315483","0.20642021298408508","0.2391211986541748","1.4818960428237915","1.4542489051818848","1.495133399963379","0.9699701815843582","0.9115985035896301","1.0082268714904785","0.24529707431793213","0.22761482000350952","0.25618210434913635","0.26071636378765106","0.2442854344844818","0.28925269842147827"
"25","0.2206149697303772","0.197479248046875","0.24222823977470398","1.4937885105609894","1.4822704792022705","1.509411334991455","0.9293685406446457","0.8855772018432617","1.0146821737289429","0.2449371467034022","0.23584966361522675","0.25449487566947937","0.2619122192263603","0.2399260401725769","0.2893691062927246"
"26","0.2199159897863865","0.19052043557167053","0.23769685626029968","1.4718943238258362","1.448758840560913","1.4872827529907227","0.8727275431156158","0.7862858772277832","0.9897884130477905","0.2396980474392573","0.23467013239860535","0.2491683065891266","0.26425017416477203","0.23330050706863403","0.31439828872680664"
"27","0.2151203565299511","0.20306260883808136","0.2226771116256714","1.4522614479064941","1.4348427057266235","1.4770160913467407","0.8388611674308777","0.7769325375556946","0.9216701984405518","0.24061769247055054","0.21559113264083862","0.2696678638458252","0.25538235157728195","0.2292582094669342","0.28996938467025757"
"28","0.19972161576151848","0.18963001668453217","0.20805981755256653","1.42583566904068","1.4017874002456665","1.44718337059021","0.8026025742292404","0.7658982872962952","0.8935847878456116","0.21923511723677316","0.2011672556400299","0.24808147549629211","0.23877396434545517","0.21136048436164856","0.27597928047180176"
"29","0.20123417675495148","0.1872851848602295","0.22657641768455505","1.548093467950821","1.5285714864730835","1.5785835981369019","0.7868236303329468","0.6959257125854492","0.9323879480361938","0.22326979537804922","0.2063637375831604","0.23722392320632935","0.23872075602412224","0.22142843902111053","0.2638791799545288"
"30","0.19494755938649178","0.18826982378959656","0.20222721993923187","1.4520334899425507","1.41899573802948","1.485378384590149","0.7213970869779587","0.6280763745307922","0.8393821120262146","0.21287651856740317","0.20049689710140228","0.22690169513225555","0.23171310499310493","0.2131137102842331","0.2723518908023834"
"31","0.19787143170833588","0.18288516998291016","0.20774102210998535","1.3861396312713623","1.369586706161499","1.3998241424560547","0.7028860449790955","0.6112370491027832","0.8334810733795166","0.2179078757762909","0.21351885795593262","0.22215943038463593","0.23507052287459373","0.21685953438282013","0.26456159353256226"
"32","0.19234832376241684","0.1797942817211151","0.20010505616664886","1.3873197734355927","1.3823745250701904","1.3908660411834717","0.664757028222084","0.607530415058136","0.79001784324646","0.2209761987129847","0.20001327991485596","0.2486201822757721","0.23156215995550156","0.21537676453590393","0.2481294572353363"
"33","0.19905612617731094","0.18718783557415009","0.20892532169818878","1.433411419391632","1.4060043096542358","1.4535011053085327","0.6698022484779358","0.6055377721786499","0.792807936668396","0.2228179524342219","0.2159632444381714","0.22805500030517578","0.23870689049363136","0.22906428575515747","0.26267728209495544"
"34","0.18445934727787971","0.1704660952091217","0.1935964673757553","1.3812543153762817","1.360711693763733","1.3921549320220947","0.6206964999437332","0.5546970963478088","0.740195631980896","0.2098695288101832","0.19793356955051422","0.22520822286605835","0.21788017824292183","0.20877549052238464","0.22664909064769745"
"35","0.18801411986351013","0.1614527851343155","0.20661231875419617","1.4390543699264526","1.4238470792770386","1.4614545106887817","0.6167722642421722","0.522965669631958","0.7459583282470703","0.20868604381879172","0.19947275519371033","0.2197934091091156","0.22529425099492073","0.20420226454734802","0.24997013807296753"
"36","0.18146313354372978","0.17250539362430573","0.19279620051383972","1.3676047325134277","1.3503433465957642","1.3772213459014893","0.5780476480722427","0.5293126106262207","0.677811861038208","0.203081543246905","0.1917991191148758","0.21655631065368652","0.21768053621053696","0.20001673698425293","0.23502683639526367"
"37","0.18412335216999054","0.15742117166519165","0.19951924681663513","1.3932174444198608","1.3760368824005127","1.4228074550628662","0.5727041661739349","0.5297126770019531","0.6587571501731873","0.2037715564171473","0.1929250806570053","0.20954255759716034","0.22305676713585854","0.20040158927440643","0.2512272894382477"
"38","0.1872055120766163","0.16906538605690002","0.20614726841449738","1.3675623536109924","1.3278802633285522","1.4054131507873535","0.5678534805774689","0.5067288875579834","0.6652417182922363","0.2051711231470108","0.19166821241378784","0.21835139393806458","0.22392882406711578","0.20092806220054626","0.2512366473674774"
"39","0.17573756724596024","0.15648344159126282","0.19247393310070038","1.2940681278705597","1.268595576286316","1.333636999130249","0.5187709927558899","0.4616491198539734","0.6045596599578857","0.1905964066584905","0.18002483248710632","0.2041425257921219","0.20988566055893898","0.18688668310642242","0.23987427353858948"
"40","0.18320614472031593","0.17297247052192688","0.2000962495803833","1.299282282590866","1.2856554985046387","1.3057547807693481","0.5476033985614777","0.5116037130355835","0.5739340782165527","0.20408578713734946","0.18164831399917603","0.21864813566207886","0.2181304283440113","0.1956171840429306","0.2318599969148636"
"41","0.17473335564136505","0.16481880843639374","0.1897997111082077","1.303431123495102","1.2857918739318848","1.3143730163574219","0.5058357566595078","0.44849640130996704","0.5503824949264526","0.1945611536502838","0.18181492388248444","0.20440247654914856","0.20726270601153374","0.18946175277233124","0.21947792172431946"
"42","0.17836233600974083","0.1641799807548523","0.18645446002483368","1.3283213675022125","1.315298080444336","1.3496496677398682","0.5124925896525383","0.4884761869907379","0.5423623919487","0.19717621803283691","0.19518962502479553","0.20046466588974","0.21361524984240532","0.2012452483177185","0.23687151074409485"
"43","0.17208698764443398","0.15623784065246582","0.18367163836956024","1.2784916758537292","1.262080430984497","1.2997844219207764","0.49547579884529114","0.472461998462677","0.5278884172439575","0.19166376690069833","0.18771716952323914","0.19369685649871826","0.20600846782326698","0.19325748085975647","0.22371670603752136"
"44","0.17510388791561127","0.16868574917316437","0.18144243955612183","1.2990344762802124","1.2851557731628418","1.3163187503814697","0.49149513244628906","0.457242488861084","0.5267022252082825","0.19279809792836508","0.1835605800151825","0.20854219794273376","0.20841259509325027","0.19663852453231812","0.22402960062026978"
"45","0.1658603996038437","0.14743182063102722","0.17598363757133484","1.294398933649063","1.2688522338867188","1.3049581050872803","0.47530701756477356","0.447733998298645","0.5291155576705933","0.18965875109036764","0.17842857539653778","0.20674557983875275","0.19914047792553902","0.1868789792060852","0.21417346596717834"
"46","0.1636345200240612","0.14740408957004547","0.17855797708034515","1.3358456790447235","1.3278350830078125","1.3420851230621338","0.4791070893406868","0.45936349034309387","0.5068681836128235","0.18405922750631967","0.17753306031227112","0.18815556168556213","0.19795498251914978","0.1883251667022705","0.2043434977531433"
"47","0.16303563117980957","0.14912301301956177","0.17992398142814636","1.281369924545288","1.262383222579956","1.3031365871429443","0.4522097408771515","0.4392024874687195","0.47038307785987854","0.1793879270553589","0.17262990772724152","0.18849100172519684","0.19483820721507072","0.183997243642807","0.2110535353422165"
"48","0.15619190782308578","0.1439550817012787","0.16909079253673553","1.2212845087051392","1.2057790756225586","1.2364652156829834","0.4368199408054352","0.4155588150024414","0.47208014130592346","0.17391316095987955","0.17067238688468933","0.17658203840255737","0.1857995204627514","0.18039245903491974","0.19525226950645447"
"49","0.16033342480659485","0.141728937625885","0.18693327903747559","1.300256460905075","1.2758111953735352","1.32683527469635","0.45095591247081757","0.421756386756897","0.46800491213798523","0.17854619026184082","0.1690533459186554","0.19375604391098022","0.19051766023039818","0.1776925027370453","0.20353472232818604"
"50","0.16169120743870735","0.1510409563779831","0.17901840806007385","1.3123212158679962","1.2989401817321777","1.3259035348892212","0.4706539213657379","0.44998085498809814","0.5025631189346313","0.17507022619247437","0.1615278720855713","0.18271130323410034","0.19359605014324188","0.17587225139141083","0.20993760228157043"
"51","0.1656169444322586","0.14799080789089203","0.18462800979614258","1.1848829984664917","1.169196367263794","1.2137888669967651","0.43657004088163376","0.4139975905418396","0.47016653418540955","0.1867267737785975","0.18121203780174255","0.1927247792482376","0.19632503390312195","0.1888960897922516","0.20453430712223053"
"52","0.16152746230363846","0.13602571189403534","0.18719671666622162","1.207465499639511","1.189989686012268","1.2274513244628906","0.44738592207431793","0.4198465943336487","0.4737165570259094","0.17489458123842874","0.16174857318401337","0.19263063371181488","0.19074230268597603","0.17406068742275238","0.20568865537643433"
"53","0.1563965231180191","0.15120801329612732","0.1649530827999115","1.2298076748847961","1.2186219692230225","1.2401320934295654","0.44430921226739883","0.4002196490764618","0.5071603655815125","0.1708482305208842","0.15490692853927612","0.1855974793434143","0.1876770406961441","0.16860385239124298","0.20011349022388458"
"54","0.15400922670960426","0.14726924896240234","0.1663440465927124","1.187214732170105","1.1683224439620972","1.208261489868164","0.4273095205426216","0.3825254440307617","0.4811837673187256","0.1685458024342855","0.1544516384601593","0.17876239120960236","0.18378953635692596","0.16438202559947968","0.19939292967319489"
"55","0.15407901629805565","0.14227063953876495","0.1729860007762909","1.1708965301513672","1.1420422792434692","1.2010154724121094","0.4469345733523369","0.3929629921913147","0.4888541102409363","0.17007777094841003","0.15576432645320892","0.18047523498535156","0.18651201575994492","0.1661003977060318","0.2011987566947937"
"56","0.15193113312125206","0.1328539252281189","0.17071811854839325","1.1208660006523132","1.1040802001953125","1.15150785446167","0.44277115166187286","0.3970666229724884","0.4912080466747284","0.16732504467169443","0.16096369922161102","0.1776074320077896","0.1822059415280819","0.17226171493530273","0.19177274405956268"
"57","0.15048755705356598","0.14022186398506165","0.16213399171829224","1.14457967877388","1.1272822618484497","1.1747164726257324","0.4316720515489578","0.3997577130794525","0.47294387221336365","0.16420617699623108","0.16277097165584564","0.1670255959033966","0.18164494261145592","0.17377015948295593","0.19437019526958466"
"58","0.15104036405682564","0.1393653005361557","0.1610826700925827","1.1572977602481842","1.1307686567306519","1.1810083389282227","0.42334622889757156","0.3893866539001465","0.4732820391654968","0.16512682537237802","0.1574970781803131","0.1761852502822876","0.18184445798397064","0.16897445917129517","0.19259363412857056"
"59","0.145266555249691","0.14060209691524506","0.1499454379081726","1.1119119226932526","1.0973929166793823","1.1440491676330566","0.4209827408194542","0.3722834289073944","0.46332865953445435","0.15605860451857248","0.1473567634820938","0.16775178909301758","0.17566832900047302","0.15946228802204132","0.19557899236679077"
"60","0.14969749748706818","0.1390099823474884","0.15862338244915009","1.1549258530139923","1.1177315711975098","1.1889326572418213","0.40999191999435425","0.3641369342803955","0.4469422698020935","0.16134260594844818","0.15465047955513","0.16541539132595062","0.17833863198757172","0.16433537006378174","0.19731739163398743"
"61","0.15068070963025093","0.13107433915138245","0.1682463437318802","1.1671152114868164","1.1542763710021973","1.1881402730941772","0.4345885142683983","0.3822975158691406","0.47206830978393555","0.16325430075327554","0.15679141879081726","0.17294877767562866","0.18334532901644707","0.170165553689003","0.1987348198890686"
"62","0.14142953604459763","0.12315124273300171","0.17274798452854156","1.1049774885177612","1.0959248542785645","1.1191149950027466","0.3956902548670769","0.3718023896217346","0.4287276864051819","0.16015517711639404","0.14212238788604736","0.18009616434574127","0.17177996784448624","0.15664413571357727","0.18969585001468658"
"63","0.1457727588713169","0.1369227170944214","0.15549559891223907","1.092657595872879","1.0661696195602417","1.1082940101623535","0.41239719092845917","0.36697840690612793","0.4758979082107544","0.16172878940900168","0.15815986692905426","0.16573062539100647","0.1750756800174713","0.1709916591644287","0.18119308352470398"
"64","0.13228895887732506","0.11930941045284271","0.14817844331264496","1.062722533941269","1.0282673835754395","1.098655343055725","0.3957839459180832","0.35810577869415283","0.4322229325771332","0.1422415847579638","0.1225728765130043","0.15518702566623688","0.1632537841796875","0.13948026299476624","0.1803317815065384"
"65","0.13831110671162605","0.12224459648132324","0.15488015115261078","1.0984456837177277","1.0566418170928955","1.1363250017166138","0.40049953013658524","0.33354878425598145","0.45540744066238403","0.1466627170642217","0.1289423108100891","0.1590106040239334","0.16488539800047874","0.1384151428937912","0.1854880005121231"
"66","0.14147838205099106","0.13327088952064514","0.15652666985988617","1.0888683199882507","1.0565935373306274","1.125917673110962","0.39540012925863266","0.3564460277557373","0.42905718088150024","0.15446370343367258","0.14877916872501373","0.16002623736858368","0.17092981934547424","0.15975917875766754","0.1803937554359436"
"67","0.1370115801692009","0.12297424674034119","0.14914707839488983","1.0511140525341034","1.0263375043869019","1.0722886323928833","0.3874094933271408","0.35356831550598145","0.4193946421146393","0.14858810603618622","0.14345844089984894","0.15183177590370178","0.1653340496122837","0.15980768203735352","0.1746094673871994"
"68","0.1465612668544054","0.12451153248548508","0.17016133666038513","1.0395421385765076","1.0217944383621216","1.0585720539093018","0.4134006053209305","0.38862115144729614","0.4617967903614044","0.1626876244942347","0.15250276029109955","0.17633718252182007","0.17432984709739685","0.1679951697587967","0.18720278143882751"
"70","0.1452261358499527","0.13100731372833252","0.15758094191551208","1.0813245475292206","1.0398600101470947","1.1440742015838623","0.40924227237701416","0.3598373830318451","0.4625549912452698","0.14985903600851694","0.13930466771125793","0.1617104411125183","0.17082719504833221","0.15171505510807037","0.19821736216545105"
"71","0.13873984664678574","0.12730003893375397","0.15207991003990173","0.9979777038097382","0.9547860622406006","1.0193182229995728","0.3990417346358299","0.3248530328273773","0.4464031457901001","0.14980005224545798","0.13355188071727753","0.16049504280090332","0.16169023886322975","0.1387259066104889","0.1717541515827179"
"72","0.1346696950495243","0.12750457227230072","0.14254122972488403","1.0230969786643982","1.0069575309753418","1.045799970626831","0.39304783940315247","0.33614790439605713","0.45486217737197876","0.14740248521169028","0.13602465391159058","0.1564125418663025","0.15998989716172218","0.14621154963970184","0.1688953936100006"
"73","0.14106015674769878","0.12299468368291855","0.1578391194343567","1.0211962461471558","1.0056850910186768","1.0347981452941895","0.40618517994880676","0.38697347044944763","0.46095114946365356","0.15776756902535757","0.14744657278060913","0.16459253430366516","0.16781259328126907","0.1604909896850586","0.1756877601146698"
"74","0.1434410698711872","0.1261957585811615","0.15489929914474487","0.9752581715583801","0.9456371068954468","1.012711763381958","0.4014967381954193","0.34116190671920776","0.4383849799633026","0.150880366563797","0.14593058824539185","0.1602061539888382","0.16789021342992783","0.15233439207077026","0.18948876857757568"
"75","0.13175605610013008","0.11207985877990723","0.14892573654651642","1.027688980102539","0.9976463317871094","1.0575637817382812","0.4021837189793587","0.3707072138786316","0.4145640432834625","0.14264153440793356","0.1293436884880066","0.153463214635849","0.1567017324268818","0.14470234513282776","0.165404811501503"
"76","0.12888624519109726","0.11510065197944641","0.14339035749435425","0.9784415066242218","0.9548431634902954","0.9997595548629761","0.39706314355134964","0.3624480962753296","0.4147791266441345","0.13993987441062927","0.1333332061767578","0.14660078287124634","0.15389008074998856","0.1474023014307022","0.1626717746257782"
"77","0.13189932703971863","0.10178103297948837","0.1597466766834259","0.9681683629751205","0.9303741455078125","1.0170814990997314","0.37053339928388596","0.314780056476593","0.4141806662082672","0.13801703105370203","0.10586956888437271","0.16554684937000275","0.1561213955283165","0.11812959611415863","0.1811881959438324"
"78","0.12419520504772663","0.11196663230657578","0.13014188408851624","0.9481374770402908","0.918060302734375","0.993212103843689","0.376702219247818","0.3438614308834076","0.4132083058357239","0.12983901798725128","0.1267087757587433","0.13456395268440247","0.1460050456225872","0.13890473544597626","0.16356424987316132"
"79","0.12627418152987957","0.1184026226401329","0.14347194135189056","0.9172654896974564","0.8802250027656555","0.9553297758102417","0.3649730831384659","0.30069059133529663","0.4171885550022125","0.1317471961180369","0.12444350123405457","0.14305903017520905","0.14855073019862175","0.1307024359703064","0.17420601844787598"
"80","0.12565691582858562","0.11454635858535767","0.14737658202648163","0.9129886031150818","0.8793171048164368","0.9302927851676941","0.3731735274195671","0.3391580283641815","0.42001163959503174","0.13758391390244165","0.12070579081773758","0.1523878574371338","0.1484024077653885","0.13052994012832642","0.15951232612133026"
"81","0.12743481807410717","0.12101808935403824","0.13494616746902466","0.9642940759658813","0.9428273439407349","1.00478196144104","0.36484139412641525","0.3344285488128662","0.4040636718273163","0.13606625298659006","0.12770149111747742","0.14099934697151184","0.148254856467247","0.13832905888557434","0.1616031527519226"
"82","0.13675082847476006","0.12728522717952728","0.14220763742923737","0.9695534557104111","0.9559681415557861","0.9888519048690796","0.38315921276807785","0.34749341011047363","0.42813074588775635","0.1488330364227295","0.14392389357089996","0.15825045108795166","0.1573517732322216","0.14876210689544678","0.16768544912338257"
"83","0.1365748904645443","0.12000268697738647","0.14611683785915375","0.8874359726905823","0.8694840669631958","0.907646656036377","0.38025519251823425","0.35930073261260986","0.4330025315284729","0.14888624350229898","0.14196600019931793","0.15317532420158386","0.15423545986413956","0.14992579817771912","0.16136744618415833"
"84","0.13222919404506683","0.12137532234191895","0.14409008622169495","0.8822292387485504","0.8567206859588623","0.912779688835144","0.377152644097805","0.3482376039028168","0.4059569239616394","0.14546391864617667","0.13808199763298035","0.1502256840467453","0.1521509401500225","0.14609789848327637","0.15835314989089966"
"85","0.1265370324254036","0.11727061867713928","0.13528260588645935","0.9199672341346741","0.9115931391716003","0.9385697841644287","0.37048351764678955","0.344497412443161","0.4035961627960205","0.13512598474820456","0.13122035562992096","0.1415899097919464","0.14696479588747025","0.1389155089855194","0.1607436239719391"
"86","0.13240955211222172","0.12416321784257889","0.14439043402671814","0.9081594347953796","0.8898478746414185","0.9393206834793091","0.3719770759344101","0.3339866101741791","0.41171854734420776","0.14180063704649606","0.13912145793437958","0.14629122614860535","0.14921172335743904","0.14626580476760864","0.153336763381958"
"87","0.12562992982566357","0.11421074718236923","0.14323803782463074","0.8683234751224518","0.8571131825447083","0.8965005278587341","0.35704897344112396","0.34350574016571045","0.3862176537513733","0.13874768217404684","0.12939906120300293","0.14929097890853882","0.14199106767773628","0.1350587159395218","0.15224593877792358"
"88","0.1288033463060856","0.118890181183815","0.13836798071861267","0.8673625141382217","0.8376106023788452","0.9156712293624878","0.36763255298137665","0.3241428732872009","0.3950847387313843","0.13456248740355173","0.1330467015504837","0.13538536429405212","0.14494455233216286","0.13634847104549408","0.16202384233474731"
"89","0.12304800190031528","0.11235514283180237","0.14040033519268036","0.836134061217308","0.8142632842063904","0.8571528196334839","0.35922667384147644","0.3127184808254242","0.3971533179283142","0.1351434886455536","0.12997639179229736","0.14469319581985474","0.14170240238308907","0.13224345445632935","0.15806341171264648"
"90","0.1265277899801731","0.11474617570638657","0.134865865111351","0.8690808862447739","0.8384124040603638","0.8922396302223206","0.37761106342077255","0.3202321231365204","0.44558629393577576","0.13650074104468027","0.11996091902256012","0.1492110788822174","0.14222603663802147","0.12213864922523499","0.15569216012954712"
"91","0.15922048687934875","0.12147629261016846","0.2526513934135437","0.86783067882061","0.8301383852958679","0.9058383703231812","0.3803991302847862","0.3415040373802185","0.4219381511211395","0.13601981600125632","0.1286942958831787","0.14254599809646606","0.14765522256493568","0.1351759433746338","0.16212894022464752"
"92","0.1364363171160221","0.129116490483284","0.14832773804664612","0.7820610553026199","0.7688867449760437","0.8011689186096191","0.3539598658680916","0.3286057412624359","0.3825552463531494","0.14460801084836325","0.13332614302635193","0.1547641158103943","0.14762720838189125","0.1394602507352829","0.1569531261920929"
"93","0.12177498824894428","0.11196241527795792","0.13014432787895203","0.827824056148529","0.8220487833023071","0.8392949104309082","0.3557721748948097","0.3313419818878174","0.38510751724243164","0.12876011431217194","0.1241992861032486","0.13531041145324707","0.1360202543437481","0.13217481970787048","0.13898582756519318"
"94","0.1305248960852623","0.11378958821296692","0.14234791696071625","0.7966438084840775","0.7749362587928772","0.820685625076294","0.36513104289770126","0.33524543046951294","0.4300782084465027","0.13961724936962128","0.11887775361537933","0.15824981033802032","0.1440475508570671","0.1252204179763794","0.16475719213485718"
"95","0.12107423692941666","0.11201556771993637","0.13001684844493866","0.7836309671401978","0.7541357278823853","0.8167757987976074","0.35771653056144714","0.3240725100040436","0.416769415140152","0.1308503399292628","0.11743029952049255","0.14792686700820923","0.13686183094978333","0.12549254298210144","0.1523311883211136"
"96","0.12682395242154598","0.11117994040250778","0.13427534699440002","0.7761940658092499","0.7515374422073364","0.8196262121200562","0.3626484051346779","0.3320382833480835","0.38442230224609375","0.13187865416208902","0.1251235008239746","0.1387738436460495","0.14050119742751122","0.13062933087348938","0.15111176669597626"
"97","0.12287272326648235","0.11274369060993195","0.14069797098636627","0.7661961019039154","0.7439067363739014","0.7885280847549438","0.3521532714366913","0.3370458781719208","0.3779928982257843","0.13171556095282236","0.1216384619474411","0.14840109646320343","0.13681388273835182","0.12896490097045898","0.14813710749149323"
"98","0.12157764658331871","0.10696278512477875","0.1414506882429123","0.7967806905508041","0.7902927994728088","0.810104250907898","0.36824434995651245","0.34840279817581177","0.40229809284210205","0.1336357146501541","0.12405367195606232","0.14648088812828064","0.13505501486361027","0.12317345291376114","0.1482718139886856"
"99","0.1297044325619936","0.12107526510953903","0.13919872045516968","0.7401932179927826","0.7332053184509277","0.7477726936340332","0.36873383820056915","0.33805757761001587","0.418026864528656","0.14080669979254404","0.13609245419502258","0.14497211575508118","0.14512955397367477","0.1382778137922287","0.1492716670036316"
"100","0.12775881588459015","0.12024807929992676","0.13660681247711182","0.7408325374126434","0.7153646945953369","0.7805241346359253","0.34702957421541214","0.3092164993286133","0.3831484615802765","0.13266138235727945","0.1264030933380127","0.13715434074401855","0.14203079417347908","0.13290853798389435","0.1525881588459015"
"101","0.12650311179459095","0.10996470600366592","0.13586941361427307","0.7257185876369476","0.7048664093017578","0.7761268019676208","0.34781476855278015","0.317367821931839","0.37761032581329346","0.13121372212966284","0.12345200031995773","0.14168071746826172","0.13992435857653618","0.13040809333324432","0.1502428948879242"
"102","0.12913541682064533","0.1212012842297554","0.14147499203681946","0.7329928427934647","0.7174144387245178","0.7579800486564636","0.34826739877462387","0.3294185996055603","0.3899686336517334","0.1342723419268926","0.12263837456703186","0.14630267024040222","0.13935916125774384","0.13179445266723633","0.14859256148338318"
"103","0.12392660044133663","0.11309757083654404","0.13355591893196106","0.706559956073761","0.6817042827606201","0.7451503872871399","0.3501519113779068","0.3211275637149811","0.3777182102203369","0.12466001758972804","0.11288485676050186","0.13708293437957764","0.13426625169813633","0.1186857745051384","0.1489393413066864"
"104","0.13239897973835468","0.1235167607665062","0.14736899733543396","0.7290936708450317","0.709801197052002","0.7381211519241333","0.35396507382392883","0.3387465476989746","0.38826507329940796","0.14078314105669656","0.13169045746326447","0.1533023864030838","0.14462721720337868","0.1381661593914032","0.1545335054397583"
"105","0.1191299594938755","0.10476821660995483","0.13155217468738556","0.7337894141674042","0.7006739377975464","0.7871832847595215","0.3564148545265198","0.33730435371398926","0.37606632709503174","0.12360083560148875","0.11593811213970184","0.1382398009300232","0.13213587552309036","0.12074723839759827","0.14569036662578583"
"106","0.12583830207586288","0.10706537961959839","0.14376452565193176","0.7392340153455734","0.7279489636421204","0.7574036121368408","0.3616243898868561","0.3452095091342926","0.3929581344127655","0.13137570271889368","0.1192174106836319","0.1514817625284195","0.13928187265992165","0.12739861011505127","0.15193819999694824"
"107","0.12995746172964573","0.10773959010839462","0.14252902567386627","0.6631711721420288","0.6503087282180786","0.6965694427490234","0.35427094995975494","0.3222375214099884","0.38076573610305786","0.1312818576892217","0.11545546352863312","0.14463308453559875","0.1408617291599512","0.12282843142747879","0.1571115404367447"
"108","0.12523667141795158","0.11982838809490204","0.13425767421722412","0.6673130989074707","0.6480504274368286","0.6936283707618713","0.3577132448554039","0.32711589336395264","0.4061320126056671","0.1307972917954127","0.122825026512146","0.1395930051803589","0.1374666430056095","0.12793312966823578","0.14315204322338104"
"109","0.12838828191161156","0.11984682083129883","0.14074832201004028","0.6993702352046967","0.6665706038475037","0.7202360033988953","0.360477477312088","0.31305861473083496","0.39628028869628906","0.13553092877070108","0.13118776679039001","0.1427917331457138","0.14090585336089134","0.13091325759887695","0.14877364039421082"
"110","0.12544824182987213","0.10742753744125366","0.14236432313919067","0.6382034122943878","0.61625075340271","0.6568636894226074","0.3410510718822479","0.32078999280929565","0.3606947064399719","0.13599920272827148","0.11865966022014618","0.14679394662380219","0.13549021817743778","0.1225254088640213","0.14839166402816772"
"111","0.12459578737616539","0.11682065576314926","0.1429162621498108","0.6748544722795486","0.6490325927734375","0.6968253254890442","0.34346940368413925","0.2978593111038208","0.3794040083885193","0.1279698188106219","0.12417057901620865","0.13172860443592072","0.1343113947659731","0.12262517958879471","0.14471706748008728"
"112","0.11721934750676155","0.10643243044614792","0.12930122017860413","0.657064899802208","0.6496731042861938","0.6710900664329529","0.3501754179596901","0.3268212676048279","0.3860154449939728","0.12584728499253592","0.11949293315410614","0.1292722225189209","0.12741521000862122","0.11988039314746857","0.13631995022296906"
"113","0.12436991930007935","0.11468592286109924","0.14222900569438934","0.6469185799360275","0.628143310546875","0.667992889881134","0.3587869629263878","0.3169299364089966","0.44131672382354736","0.1335759311914444","0.11702348291873932","0.15406057238578796","0.13474459573626518","0.12473148107528687","0.16055859625339508"
"114","0.12049712054431438","0.10626368224620819","0.13747183978557587","0.6586268693208694","0.6156237721443176","0.679861307144165","0.3443853184580803","0.29152238368988037","0.4188757538795471","0.12958139181137085","0.1136360913515091","0.1476898193359375","0.12996704131364822","0.11314329504966736","0.1555939018726349"
"115","0.11906728520989418","0.11055753380060196","0.12951946258544922","0.6097435802221298","0.5964726209640503","0.6305895447731018","0.3418925628066063","0.32716742157936096","0.37740442156791687","0.12647114445765814","0.12010031938552856","0.1344434916973114","0.12863796204328537","0.12226739525794983","0.13518020510673523"
"116","0.12993383407592773","0.12629123032093048","0.13182701170444489","0.5899054259061813","0.5679609775543213","0.6240615844726562","0.345830038189888","0.3036755919456482","0.39805251359939575","0.13372383018334708","0.12459041178226471","0.13888952136039734","0.1396896168589592","0.1336509734392166","0.14578142762184143"
"117","0.12981399707496166","0.10828129947185516","0.18322622776031494","0.59994275867939","0.5801151990890503","0.6363653540611267","0.3200291618704796","0.284208208322525","0.37251579761505127","0.15863969177007675","0.11939574778079987","0.2335062474012375","0.13234672136604786","0.11758079379796982","0.16379210352897644"
"118","0.1326953824609518","0.10232800990343094","0.1566343903541565","0.5967894792556763","0.5790048837661743","0.6239180564880371","0.35295823216438293","0.3136506974697113","0.4092475175857544","0.1390307495991389","0.12981611490249634","0.14924386143684387","0.1353127881884575","0.112838014960289","0.14886876940727234"
"119","0.15698514133691788","0.10909634828567505","0.2706218361854553","0.565425455570221","0.5430530309677124","0.5932925343513489","0.32461922615766525","0.297299861907959","0.364684522151947","0.14717468122641245","0.10926275700330734","0.2133379578590393","0.15200303494930267","0.11538748443126678","0.2348836064338684"
"120","0.12777836248278618","0.11327122151851654","0.14733877778053284","0.6106290221214294","0.5902702808380127","0.6292773485183716","0.34413427859544754","0.3194294273853302","0.3787374794483185","0.1291857659816742","0.122317835688591","0.13647061586380005","0.13076738268136978","0.1261933296918869","0.13450242578983307"
"121","0.1282109972089529","0.1133618876338005","0.15545792877674103","0.5926353335380554","0.5677587389945984","0.6189388036727905","0.34387100487947464","0.3172767162322998","0.386272668838501","0.13063125809033713","0.11953665316104889","0.1494583636522293","0.13336990773677826","0.1241823136806488","0.1468687206506729"
"122","0.12275141663849354","0.10906806588172913","0.13808009028434753","0.5849484503269196","0.5668214559555054","0.6221023201942444","0.3532465696334839","0.31776753067970276","0.3755946457386017","0.12729775408903757","0.11780482530593872","0.13789592683315277","0.131231851875782","0.12414030730724335","0.13681481778621674"
"123","0.12437635660171509","0.12000368535518646","0.1330558806657791","0.5465239584445953","0.534755527973175","0.5593598484992981","0.333615280687809","0.2990507483482361","0.3897116780281067","0.13176394502321878","0.12552949786186218","0.1382472813129425","0.13378671929240227","0.13046318292617798","0.1376490741968155"
"124","0.12996824458241463","0.11689651012420654","0.13940133154392242","0.5537253767251968","0.5335417985916138","0.572111189365387","0.3482031151652336","0.31539374589920044","0.4031323492527008","0.14083115259806314","0.13259026408195496","0.1479121744632721","0.13946664333343506","0.1263618767261505","0.14610281586647034"
"125","0.12448924221098423","0.11350291222333908","0.13245590031147003","0.5788736343383789","0.562632143497467","0.6020511388778687","0.3477906808257103","0.3124951124191284","0.39461013674736023","0.1282777413725853","0.12153948098421097","0.13628065586090088","0.13422417268157005","0.1289898157119751","0.1433737874031067"
"126","0.12260717526078224","0.10877195000648499","0.1309979259967804","0.5547359734773636","0.5488741397857666","0.5598121881484985","0.35136449337005615","0.321580708026886","0.40327009558677673","0.13018925239642462","0.12403786927461624","0.14024847745895386","0.13113299570977688","0.11754357069730759","0.13966991007328033"
"127","0.11181553453207016","0.09576810896396637","0.125620037317276","0.5431825220584869","0.5168319344520569","0.5755765438079834","0.3242936134338379","0.2783429026603699","0.3500248193740845","0.11331966271003087","0.10210594534873962","0.12535271048545837","0.11945131234824657","0.10765531659126282","0.13122637569904327"
"128","0.12747782096266747","0.11517111957073212","0.14848826825618744","0.5311815589666367","0.5047639608383179","0.5544137954711914","0.34198804199695587","0.3009715676307678","0.3898993134498596","0.13691463569800058","0.12454956769943237","0.14954529702663422","0.1355817411094904","0.122798852622509","0.15444006025791168"
"129","0.12101537734270096","0.11405609548091888","0.13312993943691254","0.5349221974611282","0.5028090476989746","0.5694019198417664","0.32986193895339966","0.2931479215621948","0.3981270492076874","0.1280582770705223","0.11529389768838882","0.14159277081489563","0.1276275608688593","0.11953390389680862","0.14534267783164978"
"130","0.11668426170945168","0.10941112041473389","0.12461066246032715","0.5567498654127121","0.5351601839065552","0.5860843658447266","0.3397524207830429","0.3068651854991913","0.3811650276184082","0.1194525808095932","0.11379089206457138","0.12505188584327698","0.12375684082508087","0.11793024837970734","0.12915962934494019"
"131","0.12110456079244614","0.10888583958148956","0.12969185411930084","0.537558451294899","0.5279444456100464","0.5483922958374023","0.3271404281258583","0.2977025508880615","0.38807982206344604","0.12375258406003316","0.10923561453819275","0.1334920972585678","0.12826850824058056","0.11398019641637802","0.13370996713638306"
"132","0.12450706586241722","0.10597743093967438","0.1347162127494812","0.5063034296035767","0.4907433092594147","0.5292884707450867","0.3267202451825142","0.29174941778182983","0.35012781620025635","0.1254140386978785","0.11051751673221588","0.13490095734596252","0.13163775019347668","0.11825913935899734","0.13930068910121918"
"133","0.12620026990771294","0.12147372961044312","0.13036130368709564","0.4926067218184471","0.46585097908973694","0.5135313272476196","0.33086302131414413","0.28294527530670166","0.3967835307121277","0.12937728067239126","0.12489455938339233","0.13605833053588867","0.13284779340028763","0.12321406602859497","0.14088022708892822"
"134","0.11337049305438995","0.10421044379472733","0.1212763786315918","0.5229984223842621","0.5107743144035339","0.5366179943084717","0.31886689364910126","0.28829488158226013","0.3666255474090576","0.11800069361925125","0.11183218657970428","0.12608946859836578","0.1199848297983408","0.11537223309278488","0.12484247982501984"
"135","0.1214979737997055","0.11997439712285995","0.12519370019435883","0.4898955523967743","0.48269176483154297","0.4974327087402344","0.3268074169754982","0.29103460907936096","0.367870569229126","0.12481480091810226","0.12144078314304352","0.12811501324176788","0.1285812295973301","0.1237674355506897","0.1332244575023651"
"136","0.11366700194776058","0.10136580467224121","0.11983169615268707","0.5051285848021507","0.4795129895210266","0.5296984910964966","0.3274439200758934","0.2795812487602234","0.381537526845932","0.11621855944395065","0.10674422979354858","0.12465447187423706","0.12068622559309006","0.10405940562486649","0.1303028166294098"
"137","0.11748619563877583","0.10388438403606415","0.1288292407989502","0.5041038691997528","0.4901700019836426","0.5359833240509033","0.330818809568882","0.29495346546173096","0.3575196862220764","0.11780369033416112","0.10924416780471802","0.12216262519359589","0.12388720363378525","0.11357060819864273","0.13668116927146912"
"138","0.11818293109536171","0.11411378532648087","0.12319447100162506","0.5183979868888855","0.49787282943725586","0.5386868715286255","0.3282831087708473","0.30061084032058716","0.37429994344711304","0.12021847814321518","0.11549043655395508","0.12451346218585968","0.12447440437972546","0.11930298805236816","0.13043615221977234"
"140","0.1175969559699297","0.11517058312892914","0.11909312754869461","0.4834524244070053","0.468960165977478","0.4965561628341675","0.314286969602108","0.27042248845100403","0.37058839201927185","0.12163490305344264","0.11568638682365417","0.12486760318279266","0.12428910098969936","0.11961911618709564","0.12915873527526855"
"141","0.11378971673548222","0.1031879186630249","0.12882943451404572","0.47123199701309204","0.4588579535484314","0.4989689588546753","0.30871904641389847","0.2712233066558838","0.3446540832519531","0.11212512354056041","0.1062718853354454","0.11941663175821304","0.12096729688346386","0.11454886943101883","0.13685129582881927"
"142","0.1238916851580143","0.11675235629081726","0.1321248710155487","0.4998953714966774","0.4827193021774292","0.5114907026290894","0.33207129687070847","0.29945114254951477","0.36293697357177734","0.12649351606766382","0.12258463352918625","0.13055869936943054","0.12947866693139076","0.12517304718494415","0.13524563610553741"
"143","0.10852826572954655","0.10353479534387589","0.11909691989421844","0.4831666499376297","0.4728116989135742","0.4914199411869049","0.3168804496526718","0.29574161767959595","0.36526644229888916","0.11258341372013092","0.10292978584766388","0.12355178594589233","0.11408467404544353","0.10763945430517197","0.12170135229825974"
"144","0.11548674292862415","0.10317018628120422","0.12773315608501434","0.4983026906847954","0.46550583839416504","0.5386267900466919","0.31938718259334564","0.2779541611671448","0.3733007311820984","0.11536439011494319","0.10411248356103897","0.1250724047422409","0.120792206376791","0.10674172639846802","0.1337784230709076"
"145","0.12178846821188927","0.10753025114536285","0.13719448447227478","0.48350945115089417","0.4600093960762024","0.5142264366149902","0.32703980803489685","0.2670019268989563","0.40487271547317505","0.1277288223306338","0.11167164891958237","0.1435539424419403","0.12780671380460262","0.10938725620508194","0.14799296855926514"
"146","0.12327520176768303","0.11265677213668823","0.13221147656440735","0.47837111353874207","0.4437693953514099","0.5077545642852783","0.3358702287077904","0.3031414747238159","0.4114995002746582","0.12809023757775626","0.11149273812770844","0.13742348551750183","0.12876633554697037","0.11580902338027954","0.1411880999803543"
"147","0.12347957864403725","0.11675821244716644","0.13187339901924133","0.5016573965549469","0.48815301060676575","0.5186654329299927","0.3232116103172302","0.2786632478237152","0.3971177041530609","0.1291712075471878","0.12080401182174683","0.13908995687961578","0.12937255762517452","0.120122529566288","0.1433493196964264"
"148","0.11466379091143608","0.1081659272313118","0.12499359995126724","0.4788020923733711","0.4703785479068756","0.4878304600715637","0.30475054681301117","0.2771654725074768","0.34794145822525024","0.11675300200780232","0.10709895938634872","0.1267850399017334","0.11959783546626568","0.1113031730055809","0.12663060426712036"
"149","0.11966973543167114","0.11491572856903076","0.12884187698364258","0.4651450216770172","0.4454118013381958","0.4770931005477905","0.3228456526994705","0.2864936888217926","0.3731839060783386","0.1252763271331787","0.11874540150165558","0.12968295812606812","0.1257241740822792","0.11694122850894928","0.1336689293384552"
"150","0.11049138754606247","0.10421872138977051","0.11762279272079468","0.44415000081062317","0.43368756771087646","0.46841925382614136","0.3162689879536629","0.28804802894592285","0.37283384799957275","0.11651992549498875","0.1117357462644577","0.12206093221902847","0.11644374579191208","0.10994330793619156","0.12030410766601562"
"151","0.11460648663341999","0.10615834593772888","0.1296854168176651","0.45863088965415955","0.4389389157295227","0.4700009822845459","0.30772659182548523","0.26838481426239014","0.3412562310695648","0.11674508949120839","0.11000896990299225","0.12825767695903778","0.12036902084946632","0.11166179180145264","0.1334250122308731"
"152","0.10815713554620743","0.10120392590761185","0.11583779007196426","0.43876963108778","0.41760289669036865","0.46200481057167053","0.3100893497467041","0.2664946913719177","0.35719600319862366","0.10864719500144322","0.10476894676685333","0.11520318686962128","0.11273116059601307","0.10301978886127472","0.11889561265707016"
"153","0.12162407115101814","0.10884736478328705","0.13400577008724213","0.45493603497743607","0.44153904914855957","0.4603920578956604","0.31803305447101593","0.29494306445121765","0.3612939715385437","0.12324607620636623","0.11336257308721542","0.13809216022491455","0.12672242149710655","0.11805996298789978","0.13617539405822754"
"154","0.11709009110927582","0.10254257917404175","0.1327453851699829","0.43815039098262787","0.41859519481658936","0.4659804105758667","0.32111044228076935","0.29043346643447876","0.3656020760536194","0.11417688429355621","0.10763143002986908","0.12640729546546936","0.12262417003512383","0.11053168028593063","0.1397685408592224"
"155","0.11169653758406639","0.09967122226953506","0.13234388828277588","0.4535326063632965","0.43715256452560425","0.4639521837234497","0.29806818068027496","0.2731010913848877","0.34478360414505005","0.11824633677800496","0.10366092622280121","0.13385486602783203","0.11722936667501926","0.10393977910280228","0.1353767067193985"
"156","0.11215311847627163","0.1016661673784256","0.12549754977226257","0.44342878460884094","0.4208780527114868","0.4632219672203064","0.30973052978515625","0.28343525528907776","0.3322591781616211","0.10947129378716151","0.10508584976196289","0.11438275873661041","0.11690236255526543","0.10856713354587555","0.13025975227355957"
"157","0.111085906624794","0.10040471702814102","0.1284392923116684","0.43326207250356674","0.4136714041233063","0.46241074800491333","0.30923156440258026","0.28610289096832275","0.33682483434677124","0.10762992004553477","0.1021268218755722","0.11617722362279892","0.11577032878994942","0.10536655783653259","0.1332830935716629"
"158","0.1226110178977251","0.10729885846376419","0.13222864270210266","0.4353000745177269","0.4272766411304474","0.44374483823776245","0.31858349591493607","0.29777729511260986","0.36283770203590393","0.13109755019346872","0.1274951845407486","0.13421887159347534","0.12794515304267406","0.11202608793973923","0.1364184021949768"
"159","0.11766129732131958","0.09866920113563538","0.1323746144771576","0.42964141070842743","0.40040767192840576","0.443757563829422","0.3237885311245918","0.31525230407714844","0.3404266834259033","0.11962789793809255","0.10336075723171234","0.13426025211811066","0.12268925458192825","0.10786916315555573","0.13359849154949188"
"160","0.11589743383228779","0.107884481549263","0.12568773329257965","0.46581529825925827","0.45701128244400024","0.47727537155151367","0.31080055981874466","0.27191081643104553","0.3658936619758606","0.11933804800113042","0.10971508175134659","0.12522965669631958","0.12110400944948196","0.10875298082828522","0.12897305190563202"
"161","0.12165689654648304","0.10017096251249313","0.13386571407318115","0.46804850548505783","0.43778085708618164","0.4948159158229828","0.31772003322839737","0.27889397740364075","0.3716353178024292","0.1306734581788381","0.1289866715669632","0.1332976222038269","0.12560429982841015","0.10546792298555374","0.13734973967075348"
"162","0.12463991902768612","0.11691132187843323","0.13544398546218872","0.45063263922929764","0.4377366006374359","0.46506059169769287","0.3201650083065033","0.2756151556968689","0.38135385513305664","0.12911457320054373","0.12260299921035767","0.13556474447250366","0.1289587840437889","0.12232235074043274","0.1389831304550171"
"163","0.11517633497714996","0.10301247239112854","0.12265463173389435","0.4184841215610504","0.4083009958267212","0.4314771890640259","0.2993219494819641","0.2643177807331085","0.36191263794898987","0.11712202181418736","0.1026856079697609","0.12556609511375427","0.1192672960460186","0.1057576835155487","0.12849438190460205"
"164","0.11541265062987804","0.10569870471954346","0.12592338025569916","0.43315915763378143","0.4248688817024231","0.4368753731250763","0.29585596919059753","0.26979225873947144","0.3541308641433716","0.12070568650960922","0.10936785489320755","0.12764185667037964","0.11920438148081303","0.11022064834833145","0.12864434719085693"
"165","0.12350331246852875","0.10901986062526703","0.1309034377336502","0.4476529508829117","0.4300355911254883","0.4736446142196655","0.312201552093029","0.2846308946609497","0.34782689809799194","0.12167064845561981","0.11089326441287994","0.1294972449541092","0.1272693295031786","0.1154395118355751","0.1364555060863495"
"166","0.11985526978969574","0.10304564237594604","0.13611112534999847","0.4357725977897644","0.4195140600204468","0.4497602581977844","0.31322555989027023","0.28770673274993896","0.3423692584037781","0.120451753338178","0.10770972073078156","0.1375228315591812","0.1249109748750925","0.11309289187192917","0.13729193806648254"
"167","0.12409087084233761","0.11555744707584381","0.13976189494132996","0.42709267139434814","0.40368854999542236","0.45890647172927856","0.33162691444158554","0.28390005230903625","0.3925149738788605","0.12142892181873322","0.1143825352191925","0.13006767630577087","0.12866505980491638","0.1180247962474823","0.14545927941799164"
"168","0.11060917191207409","0.10403718799352646","0.12109129875898361","0.4253505766391754","0.41015684604644775","0.4385892450809479","0.3072035685181618","0.2690313458442688","0.37941959500312805","0.11258698254823685","0.1032727062702179","0.1243693009018898","0.11434793658554554","0.10654608905315399","0.12732747197151184"
"169","0.11304380185902119","0.10711716115474701","0.11906090378761292","0.4157296121120453","0.4032292664051056","0.4234587550163269","0.2984807938337326","0.26235535740852356","0.34049344062805176","0.11527131994565327","0.11101603507995605","0.12019991874694824","0.11729970946907997","0.11289240419864655","0.12264999747276306"
"170","0.11125203035771847","0.09221325069665909","0.12249764800071716","0.43466833233833313","0.40988874435424805","0.4514157772064209","0.31016288697719574","0.2861756384372711","0.34325188398361206","0.11445644001166026","0.0977676510810852","0.12320177257061005","0.11580236442387104","0.1024421900510788","0.12491592764854431"
"171","0.11217954009771347","0.10022719204425812","0.12181161344051361","0.4163818210363388","0.3940965533256531","0.4389045834541321","0.2965553365647793","0.24212242662906647","0.34890154004096985","0.11301812032858531","0.10175204277038574","0.12041094899177551","0.11653782986104488","0.10214810818433762","0.1251983642578125"
"172","0.10968415252864361","0.1065046638250351","0.11689591407775879","0.40309761464595795","0.3964916169643402","0.41244685649871826","0.286102257668972","0.2529483735561371","0.3326272964477539","0.11263708273569743","0.10667972266674042","0.12184721976518631","0.11378668807446957","0.10935092717409134","0.1247534528374672"
"173","0.11668860167264938","0.0972747877240181","0.13135698437690735","0.428921140730381","0.40730324387550354","0.44565820693969727","0.3001837283372879","0.28324592113494873","0.3254711627960205","0.11791182557741801","0.10221700370311737","0.13430705666542053","0.12110608071088791","0.10600321739912033","0.13228218257427216"
"174","0.11054789461195469","0.10226541757583618","0.12127766758203506","0.41637855023145676","0.38637229800224304","0.44276970624923706","0.2987206503748894","0.2701077461242676","0.3619081377983093","0.11455730845530827","0.10083085298538208","0.12175224721431732","0.11506813764572144","0.10466518998146057","0.125259667634964"
"175","0.1106949932873249","0.09224484860897064","0.13060951232910156","0.40819840133190155","0.3811998963356018","0.42034757137298584","0.2922081798315048","0.28509241342544556","0.30687540769577026","0.11278918385505676","0.09536577016115189","0.13221053779125214","0.11455035768449306","0.10000486671924591","0.1317494809627533"
"176","0.10628395155072212","0.09360077232122421","0.12426294386386871","0.40943072736263275","0.3942173719406128","0.44487255811691284","0.2834111452102661","0.2559877038002014","0.31525737047195435","0.10163274655739467","0.09670146554708481","0.11103403568267822","0.10994821414351463","0.09930872917175293","0.12918098270893097"
"177","0.11730765923857689","0.10684166848659515","0.13619138300418854","0.41259077936410904","0.3940448760986328","0.4298746585845947","0.30936622619628906","0.28314486145973206","0.3652939796447754","0.12256349623203278","0.1101439893245697","0.1383972465991974","0.1210134532302618","0.11128951609134674","0.13769212365150452"
"178","0.11726315878331661","0.10663621127605438","0.12243624031543732","0.4179475009441376","0.40031352639198303","0.43104854226112366","0.3008577525615692","0.2514675259590149","0.35980159044265747","0.11578439424435298","0.10843989998102188","0.12190651893615723","0.1216504480689764","0.10683467984199524","0.130299910902977"
"179","0.1221694890409708","0.11465102434158325","0.13280349969863892","0.39670704305171967","0.3894025385379791","0.40332937240600586","0.29731354862451553","0.25662583112716675","0.35806944966316223","0.12137304246425629","0.11545024812221527","0.12673650681972504","0.12336241081357002","0.11519033461809158","0.12996280193328857"
"180","0.115194758400321","0.10619180649518967","0.1246681660413742","0.38043247163295746","0.37459516525268555","0.39060133695602417","0.30499153584241867","0.28733766078948975","0.3503335118293762","0.1172301818927129","0.10771335661411285","0.12736356258392334","0.11674626357853413","0.11018301546573639","0.12520824372768402"
"181","0.11652915924787521","0.10683280229568481","0.12053217738866806","0.41138196736574173","0.39702314138412476","0.42056676745414734","0.3104342520236969","0.27778160572052","0.37137967348098755","0.11604956537485123","0.10621161758899689","0.12236136198043823","0.11984537541866302","0.10934676229953766","0.12670642137527466"
"182","0.11600489169359207","0.098497673869133","0.12852340936660767","0.4055029898881912","0.3872174322605133","0.4256994426250458","0.2972840443253517","0.280680388212204","0.32158488035202026","0.11864946285883586","0.10140199959278107","0.1277550607919693","0.11991342715919018","0.10583362728357315","0.1309543401002884"
"183","0.11361690051853657","0.10300082713365555","0.1217571496963501","0.3837403729557991","0.3752443492412567","0.39811646938323975","0.29400184005498886","0.2696300148963928","0.32754236459732056","0.11567150553067525","0.10551197826862335","0.12107503414154053","0.1169859953224659","0.10883236676454544","0.12414105981588364"
"184","0.12161515653133392","0.11197734624147415","0.13059137761592865","0.4134459048509598","0.4064660668373108","0.42900586128234863","0.3198442831635475","0.28030771017074585","0.38797980546951294","0.12640274067719778","0.12035258114337921","0.13493666052818298","0.12512987293303013","0.11700481921434402","0.13828617334365845"
"185","0.11821546405553818","0.10661175847053528","0.1309947520494461","0.422079935669899","0.41287368535995483","0.43656301498413086","0.3086295798420906","0.2794044017791748","0.37709176540374756","0.12393295764923096","0.11119811236858368","0.1339682787656784","0.12208781763911247","0.11102990806102753","0.1322907954454422"
"186","0.10693130642175674","0.09852609038352966","0.11275828629732132","0.40085478872060776","0.3865315616130829","0.4126211702823639","0.2863587737083435","0.25949591398239136","0.3362223505973816","0.10869506498177846","0.0978589653968811","0.11530403792858124","0.10988747887313366","0.10055340826511383","0.11736958473920822"
"187","0.11215969920158386","0.09646881371736526","0.12870833277702332","0.41342929750680923","0.38956478238105774","0.4408283829689026","0.2881002426147461","0.25485628843307495","0.3214232921600342","0.10744814574718475","0.09559304267168045","0.1240864172577858","0.11550306715071201","0.09855413436889648","0.13235028088092804"
"188","0.11676279455423355","0.11351197957992554","0.11818093061447144","0.42173776030540466","0.4057282507419586","0.4355437159538269","0.30311083048582077","0.27008819580078125","0.36415931582450867","0.11762774735689163","0.11520571261644363","0.12053488940000534","0.12004991061985493","0.11391545832157135","0.12487819045782089"
"189","0.17737607844173908","0.11396059393882751","0.35366740822792053","0.39517655223608017","0.3920556902885437","0.3987281620502472","0.29675085097551346","0.277366042137146","0.34661030769348145","0.19340781370798746","0.11908036470413208","0.3372512459754944","0.1651126891374588","0.117430180311203","0.2985445559024811"
"190","0.12252687104046345","0.11626554280519485","0.1306360363960266","0.3977193683385849","0.3876727521419525","0.40824654698371887","0.3027745857834816","0.2701070308685303","0.36313608288764954","0.1234747941295306","0.12143022567033768","0.12610900402069092","0.12382619455456734","0.11931240558624268","0.1294156014919281"
"191","0.11757861822843552","0.1057487204670906","0.13411246240139008","0.41072095930576324","0.3944225013256073","0.42679697275161743","0.29272476583719254","0.2588905096054077","0.34183773398399353","0.12215651571750641","0.11385497450828552","0.13332314789295197","0.12034500949084759","0.11058264970779419","0.13594143092632294"
"192","0.11701779253780842","0.10600388050079346","0.13011538982391357","0.4001726359128952","0.37966156005859375","0.42479848861694336","0.3007122650742531","0.2615385055541992","0.3899564743041992","0.11772156258424123","0.10562175512313843","0.13052405416965485","0.11944679915904999","0.1079784408211708","0.1341918706893921"
"193","0.11450593546032906","0.10593787580728531","0.12311610579490662","0.3874494507908821","0.36625874042510986","0.40135452151298523","0.2943035215139389","0.24603289365768433","0.3629752993583679","0.11300899585088094","0.10636098682880402","0.12410537898540497","0.11820586211979389","0.10711483657360077","0.1276087611913681"
"194","0.11556345783174038","0.10839049518108368","0.12140753120183945","0.4039716571569443","0.39201444387435913","0.4136655628681183","0.2805253565311432","0.26638028025627136","0.313854843378067","0.11865971237421036","0.11361753940582275","0.12189211696386337","0.11931448057293892","0.11539016664028168","0.12323878705501556"
"195","0.10806268826127052","0.09796641767024994","0.1125289723277092","0.3844294473528862","0.3735889792442322","0.3988221287727356","0.2820098102092743","0.2577243745326996","0.31384405493736267","0.10910223176081975","0.10563870519399643","0.11273043602705002","0.11217981390655041","0.10689331591129303","0.11693808436393738"
"196","0.11232968978583813","0.10829098522663116","0.11697377264499664","0.3823225051164627","0.3767462372779846","0.3947402834892273","0.279943123459816","0.25116366147994995","0.3289059102535248","0.11368986964225769","0.11198895424604416","0.11501037329435349","0.11602995358407497","0.11375553905963898","0.12144249677658081"
"197","0.11221757717430592","0.10021357983350754","0.11634491384029388","0.400402195751667","0.3927594721317291","0.4076031744480133","0.29526714235544205","0.26975011825561523","0.35914406180381775","0.11782895773649216","0.11597329378128052","0.12150570750236511","0.11506988666951656","0.10387711971998215","0.12420396506786346"
"198","0.11107382737100124","0.10066286474466324","0.11708386242389679","0.39274291694164276","0.38766902685165405","0.40284526348114014","0.28778956085443497","0.25928765535354614","0.33892351388931274","0.11104095975557964","0.10554318130016327","0.11496522277593613","0.11497248522937298","0.10861167311668396","0.12096437811851501"
"199","0.10352995991706848","0.09786640107631683","0.10664151608943939","0.3526422455906868","0.34784966707229614","0.35665690898895264","0.28636590391397476","0.2609776258468628","0.3408464789390564","0.10351187239090602","0.10250216722488403","0.1048474982380867","0.10664879344403744","0.10399778187274933","0.11059416085481644"
"200","0.11543617956340313","0.10948293656110764","0.12443377077579498","0.3831849619746208","0.37013983726501465","0.39230504631996155","0.29191890358924866","0.26418206095695496","0.3350747525691986","0.11670455584923427","0.10820645838975906","0.125681072473526","0.11901827342808247","0.10990627110004425","0.1264459490776062"
"201","0.11908895336091518","0.10598242282867432","0.12882810831069946","0.4108530953526497","0.40726345777511597","0.4172138571739197","0.2962726578116417","0.26486480236053467","0.35343918204307556","0.12248964607715607","0.10705956816673279","0.13048672676086426","0.12295861914753914","0.10756329447031021","0.1342024952173233"
"202","0.11171108856797218","0.10832823067903519","0.11580361425876617","0.39602381736040115","0.3920878767967224","0.39979779720306396","0.2828849330544472","0.26419973373413086","0.3259620666503906","0.1145460233092308","0.11136864125728607","0.11735864728689194","0.11521188542246819","0.11349687725305557","0.11660593003034592"
"203","0.1125365924090147","0.10529343783855438","0.11601109802722931","0.38038139045238495","0.3676038384437561","0.3910669684410095","0.2836402431130409","0.2566409409046173","0.3369442820549011","0.11341939121484756","0.10561153292655945","0.11901479214429855","0.11653683334589005","0.10753339529037476","0.12215597927570343"
"204","0.11466146260499954","0.10053835809230804","0.1256178468465805","0.37906960397958755","0.36561816930770874","0.39553403854370117","0.2917143553495407","0.26470744609832764","0.3676348328590393","0.12134331961472829","0.11121800541877747","0.12994161248207092","0.11830946244299412","0.10448833554983139","0.13227906823158264"
"205","0.1148306392133236","0.10815180838108063","0.1254538893699646","0.39287249743938446","0.3888736963272095","0.39658215641975403","0.29555464535951614","0.26804211735725403","0.3569723963737488","0.11850099513928096","0.111517995595932","0.12677019834518433","0.11868762969970703","0.11128415912389755","0.12676969170570374"
"206","0.10924107395112514","0.09074170887470245","0.1185235008597374","0.37595146149396896","0.36090078949928284","0.3850201964378357","0.2959248870611191","0.2626940906047821","0.3523291349411011","0.11666808029015859","0.11426295340061188","0.1190594732761383","0.11211462505161762","0.09267538785934448","0.11901777982711792"
"207","0.11628015339374542","0.10051525384187698","0.13986685872077942","0.3955896869301796","0.3866623640060425","0.4093564748764038","0.29582736641168594","0.2597539722919464","0.3374185264110565","0.11850938200950623","0.09972432255744934","0.14329297840595245","0.11917650513350964","0.1020650565624237","0.1414155811071396"
"208","0.10859073139727116","0.10032516717910767","0.12244982272386551","0.36981698125600815","0.35738226771354675","0.38380497694015503","0.28347906470298767","0.25698089599609375","0.33832210302352905","0.11394958694775899","0.10564838349819183","0.12449783831834793","0.11141066625714302","0.10202014446258545","0.12352773547172546"
"210","0.12317241914570332","0.11784306913614273","0.1302270144224167","0.40051183849573135","0.39549410343170166","0.4042375683784485","0.30746401846408844","0.2692960500717163","0.371749609708786","0.1257807513078054","0.11939692497253418","0.1302812397480011","0.1264912560582161","0.11915959417819977","0.13229429721832275"
"211","0.11522055603563786","0.10416904091835022","0.12303471565246582","0.3850543946027756","0.367118775844574","0.39861881732940674","0.28691231459379196","0.2705419063568115","0.3220047950744629","0.11745897680521011","0.10727345198392868","0.1226779893040657","0.11753419227898121","0.1090187281370163","0.12494378536939621"
"212","0.1126639973372221","0.10802733898162842","0.11620739102363586","0.38981446623802185","0.38047486543655396","0.408292680978775","0.2828035354614258","0.2496703565120697","0.3272381126880646","0.11331568906704585","0.11158578842878342","0.11668632924556732","0.11582631058990955","0.11177518963813782","0.11935936659574509"
"213","0.1176154762506485","0.10846953094005585","0.13222727179527283","0.39164236932992935","0.3833432197570801","0.40503445267677307","0.29994286596775055","0.26512178778648376","0.3543507158756256","0.12225756545861562","0.11566825211048126","0.13085561990737915","0.1215758491307497","0.11245503276586533","0.13405156135559082"
"214","0.1139791440218687","0.11128982156515121","0.1187373697757721","0.3651524782180786","0.358586847782135","0.3709372878074646","0.2797241844236851","0.2460819035768509","0.3359978497028351","0.11415779838959376","0.11269374936819077","0.11654900014400482","0.11698921024799347","0.112759530544281","0.12140968441963196"
"215","0.11742672324180603","0.1015753448009491","0.149143248796463","0.3830261379480362","0.36825257539749146","0.4238124191761017","0.28696075454354286","0.24327526986598969","0.3206583261489868","0.10848796119292577","0.10585188120603561","0.11186008155345917","0.1206957008689642","0.10741600394248962","0.15337830781936646"
"216","0.12076920457184315","0.10986967384815216","0.13406236469745636","0.3873141407966614","0.3782455325126648","0.40057373046875","0.3036763668060303","0.26603275537490845","0.35974058508872986","0.12531423817078272","0.11639038473367691","0.13330531120300293","0.12364148534834385","0.11391805112361908","0.13568052649497986"
"217","0.11845948919653893","0.11360780149698257","0.12237879633903503","0.38836055248975754","0.3847576379776001","0.3965974748134613","0.29201456904411316","0.26206329464912415","0.35694172978401184","0.11883677293856938","0.11406470835208893","0.12314411997795105","0.12154926732182503","0.11476727575063705","0.12508097290992737"
"218","0.10991525650024414","0.09792708605527878","0.12470324337482452","0.3780667260289192","0.3507671058177948","0.4050140380859375","0.2810726761817932","0.2598002552986145","0.3059498965740204","0.1062415639559428","0.1006360650062561","0.11592814326286316","0.11299166455864906","0.10310036689043045","0.12874101102352142"
"219","0.1203785315155983","0.11247026920318604","0.13146597146987915","0.37980466336011887","0.37202930450439453","0.3921392261981964","0.29033762961626053","0.260500967502594","0.3648092746734619","0.12286338955163956","0.11686448007822037","0.12797263264656067","0.12242477759718895","0.11581979691982269","0.1305636763572693"
"220","0.11246316134929657","0.10283628106117249","0.1221003383398056","0.37656427919864655","0.37198156118392944","0.38231930136680603","0.27458406239748","0.2467816174030304","0.34171098470687866","0.11455737302700679","0.1087758019566536","0.12146322429180145","0.11356627009809017","0.10607007145881653","0.12351275980472565"
"221","0.11160760372877121","0.10129064321517944","0.11634571850299835","0.3908304274082184","0.373595267534256","0.41724297404289246","0.28048697859048843","0.26189374923706055","0.3117663562297821","0.11110790818929672","0.10404521971940994","0.11783883720636368","0.11584512144327164","0.10609535872936249","0.12069933861494064"
"222","0.10794497653841972","0.09273546934127808","0.11589235067367554","0.363108791410923","0.35266250371932983","0.37507498264312744","0.27888209372758865","0.25874266028404236","0.3073667883872986","0.10798879464467366","0.09539114683866501","0.11490471661090851","0.11150547303259373","0.09856091439723969","0.12151037901639938"
"223","0.11284261383116245","0.09974346309900284","0.13189250230789185","0.37287096679210663","0.3517163097858429","0.39885327219963074","0.28042517602443695","0.23496145009994507","0.3553260862827301","0.11825983971357346","0.10391098260879517","0.13231809437274933","0.11600873619318008","0.10314525663852692","0.13437429070472717"
"224","0.10820304788649082","0.10116417706012726","0.11292169988155365","0.3481975942850113","0.34323036670684814","0.35241392254829407","0.2715072073042393","0.24604450166225433","0.3092976212501526","0.10861771057049434","0.10194338858127594","0.11497721821069717","0.11040706187486649","0.10191129893064499","0.11521290987730026"
"225","0.11099477857351303","0.09918487071990967","0.11763527244329453","0.3738873451948166","0.3543139696121216","0.4074718654155731","0.2815547585487366","0.2520010471343994","0.34850895404815674","0.11588285615046819","0.10942315310239792","0.1205892264842987","0.11377509497106075","0.10228091478347778","0.12326446175575256"
"226","0.11459318920969963","0.10481070727109909","0.12421811372041702","0.37365415692329407","0.36068448424339294","0.3823636770248413","0.27941831201314926","0.2577124238014221","0.3283565640449524","0.11800967901945114","0.10663148015737534","0.12391063570976257","0.11757585033774376","0.10893325507640839","0.12683838605880737"
"227","0.11823565326631069","0.11515212059020996","0.12645672261714935","0.37285540252923965","0.35700568556785583","0.3895147442817688","0.28490790724754333","0.2506735026836395","0.34771496057510376","0.12069465219974518","0.11561541259288788","0.12780974805355072","0.12141467444598675","0.11558008193969727","0.12950265407562256"
"228","0.108585424721241","0.09304894506931305","0.12048375606536865","0.37123432010412216","0.34870025515556335","0.3858512043952942","0.28507528454065323","0.2662445902824402","0.31300297379493713","0.11179794371128082","0.09527662396430969","0.12148673087358475","0.1118057519197464","0.09733305871486664","0.12200658768415451"
"229","0.10630703531205654","0.09689445793628693","0.1208382099866867","0.3666968494653702","0.35314175486564636","0.3793053925037384","0.27763377875089645","0.2522073984146118","0.32618552446365356","0.10986375560363133","0.09578346461057663","0.12219451367855072","0.10896872542798519","0.09850753098726273","0.12181124836206436"
"230","0.10755535028874874","0.0936642587184906","0.11444772779941559","0.34814347326755524","0.3285332918167114","0.3643192946910858","0.2755478620529175","0.2628895342350006","0.3032461404800415","0.10659022629261017","0.09602287411689758","0.11500038951635361","0.11055980063974857","0.09972608089447021","0.11597238481044769"
"231","0.10976363718509674","0.10432645678520203","0.11431977152824402","0.357098750770092","0.3411990702152252","0.3776269257068634","0.2820392735302448","0.2497761994600296","0.34438079595565796","0.10999405632416408","0.10390011966228485","0.11849408596754074","0.11287947930395603","0.10626089572906494","0.12089742720127106"
"232","0.11099385842680931","0.09880610555410385","0.12477302551269531","0.36354418098926544","0.34765100479125977","0.37709271907806396","0.278428141027689","0.24566467106342316","0.31914082169532776","0.10952518880367279","0.09738717973232269","0.1261346936225891","0.11385250836610794","0.10060284286737442","0.12541885673999786"
"233","0.11098095960915089","0.10509761422872543","0.12380129098892212","0.3611000254750252","0.35348862409591675","0.3749368488788605","0.28137465566396713","0.25738221406936646","0.32512354850769043","0.11275015274683635","0.1080186516046524","0.1213495284318924","0.1141644474118948","0.10899601131677628","0.12479701638221741"
"234","0.1085680890828371","0.09904517233371735","0.11645009368658066","0.3618615046143532","0.3470740020275116","0.37751662731170654","0.2838362529873848","0.2548474669456482","0.32061368227005005","0.10605994115273158","0.10101079940795898","0.11566614359617233","0.11198131926357746","0.10488133132457733","0.12107370048761368"
"235","0.10192568972706795","0.09497024118900299","0.11135083436965942","0.36021771281957626","0.35058408975601196","0.37303072214126587","0.26934530586004257","0.24817964434623718","0.32075735926628113","0.10510257631540298","0.09498956799507141","0.11178633570671082","0.10485472343862057","0.09653262794017792","0.1119886189699173"
"236","0.11323457770049572","0.10844337940216064","0.11942572146654129","0.3792279288172722","0.36289095878601074","0.38965946435928345","0.28372907638549805","0.24906310439109802","0.33913570642471313","0.1140747641523679","0.11126311123371124","0.11796198040246964","0.11711168102920055","0.11290229856967926","0.12276839464902878"
"237","0.10813073255121708","0.10348138213157654","0.11479933559894562","0.3651876151561737","0.3493979573249817","0.3873881697654724","0.26988890767097473","0.23587527871131897","0.3080248236656189","0.10802805175383885","0.1041160523891449","0.11464895308017731","0.11197002045810223","0.10442259907722473","0.1175563782453537"
"238","0.10526729002594948","0.10011853277683258","0.1129080057144165","0.3589554950594902","0.353202223777771","0.370927095413208","0.27726973593235016","0.25061362981796265","0.3309808671474457","0.1051120509703954","0.1004849374294281","0.1139790415763855","0.10830185003578663","0.10029976069927216","0.11823739111423492"
"239","0.10471300221979618","0.09362147748470306","0.11861684918403625","0.3640969693660736","0.3572584390640259","0.3744264841079712","0.2739545740187168","0.2359226495027542","0.3250388503074646","0.10845004767179489","0.09622272849082947","0.11683575063943863","0.10789562202990055","0.09664654731750488","0.11984650045633316"
"240","0.10996428318321705","0.10154813528060913","0.11663827300071716","0.37603485584259033","0.3649488687515259","0.3882147967815399","0.27642618119716644","0.25186583399772644","0.3278394937515259","0.10887521257003148","0.10436256974935532","0.116950124502182","0.11309992522001266","0.10723144561052322","0.11888633668422699"
"241","0.1072471383959055","0.09898021072149277","0.11361537873744965","0.36810507625341415","0.35482367873191833","0.3785848617553711","0.2782946303486824","0.24203914403915405","0.33856773376464844","0.10901989042758942","0.09986553341150284","0.11467830091714859","0.11008519865572453","0.0991160199046135","0.11669882386922836"
"242","0.10982430540025234","0.10042978823184967","0.11710023880004883","0.35260607302188873","0.34313181042671204","0.36381542682647705","0.2801831439137459","0.2586376667022705","0.31165260076522827","0.10693290829658508","0.10036145895719528","0.11063743382692337","0.11282023973762989","0.10598278045654297","0.1209830641746521"
"243","0.1035454124212265","0.09055723249912262","0.11704602837562561","0.3444638177752495","0.33214715123176575","0.35418981313705444","0.2651822455227375","0.23374418914318085","0.304145872592926","0.10884090264638265","0.10269993543624878","0.11846619099378586","0.10659450851380825","0.09479641914367676","0.11847227811813354"
"244","0.10818037018179893","0.10273391008377075","0.11627581715583801","0.36029689759016037","0.3479365110397339","0.3712362051010132","0.26391974091529846","0.24786385893821716","0.30387985706329346","0.11005135377248128","0.10561253130435944","0.11657117307186127","0.11148596554994583","0.10864909738302231","0.11712751537561417"
"245","0.10018688999116421","0.09276031702756882","0.10592279583215714","0.34848544746637344","0.33820489048957825","0.35618478059768677","0.26821472123265266","0.24940960109233856","0.3151071071624756","0.10322357217470805","0.1006731390953064","0.10569864511489868","0.10306230559945107","0.09635091572999954","0.10658089071512222"
"246","0.10362548194825649","0.08636468648910522","0.1158483475446701","0.35926273465156555","0.3389632999897003","0.37167811393737793","0.2762533649802208","0.25986334681510925","0.2959059178829193","0.10363189627726872","0.08865386247634888","0.11400880664587021","0.1071333959698677","0.09152284264564514","0.11757734417915344"
"247","0.11180231720209122","0.10600131005048752","0.12260963022708893","0.3589897081255913","0.35360658168792725","0.3687991201877594","0.28194449096918106","0.2679898738861084","0.3192552626132965","0.11273027956485748","0.10690954327583313","0.1226460337638855","0.11461752466857433","0.11038705706596375","0.12311927229166031"
"248","0.11008444800972939","0.10526534169912338","0.1152823269367218","0.35666390508413315","0.34252843260765076","0.36828380823135376","0.26843611150979996","0.2456902265548706","0.32176876068115234","0.11212819317976634","0.10885507613420486","0.11642050743103027","0.11274456977844238","0.10975625365972519","0.11607570201158524"
"249","0.10760576650500298","0.09793232381343842","0.11230860650539398","0.3495471253991127","0.33961212635040283","0.3580312132835388","0.2743803411722183","0.2547924220561981","0.3183688521385193","0.10807796816031139","0.10154903680086136","0.11199208348989487","0.11084715649485588","0.10454228520393372","0.11338703334331512"
"250","0.10490299761295319","0.09863221645355225","0.11660024523735046","0.35854149609804153","0.34418991208076477","0.3810941278934479","0.2688788138329983","0.2369648516178131","0.34028637409210205","0.10601956894000371","0.09663790464401245","0.11949359625577927","0.10826181061565876","0.099326491355896","0.12417782843112946"
"251","0.1031130887567997","0.08632729202508926","0.1152290478348732","0.3436792269349098","0.31926989555358887","0.35720962285995483","0.2661045715212822","0.24808219075202942","0.28956183791160583","0.10341291626294453","0.08789248019456863","0.11331425607204437","0.10562547855079174","0.09138784557580948","0.11621393263339996"
"252","0.10227990709245205","0.09271617978811264","0.11919473111629486","0.353692926466465","0.34143584966659546","0.3739432692527771","0.2620449848473072","0.22854354977607727","0.31592607498168945","0.10505853096644084","0.09259672462940216","0.11693578958511353","0.10482870414853096","0.09350904822349548","0.11946804821491241"
"253","0.10830024629831314","0.10131008177995682","0.12023874372243881","0.3597279042005539","0.3476841449737549","0.37653088569641113","0.27970485389232635","0.251281201839447","0.3402821719646454","0.1104464406768481","0.10215838998556137","0.12035723775625229","0.11040281131863594","0.10421212762594223","0.12048980593681335"
"254","0.11163332127034664","0.10554081946611404","0.12186752259731293","0.3685733750462532","0.352211594581604","0.3898787796497345","0.27301274985074997","0.24750849604606628","0.3431553244590759","0.11513730883598328","0.10910612344741821","0.12538425624370575","0.11484266445040703","0.1093883365392685","0.1283777952194214"
"255","0.10679138451814651","0.09392181038856506","0.12407316267490387","0.35393866151571274","0.3444979786872864","0.368906706571579","0.2688498757779598","0.2446492314338684","0.318684458732605","0.11147059500217438","0.09859098494052887","0.12464838474988937","0.10983173176646233","0.09915494173765182","0.12487829476594925"
"256","0.1018020547926426","0.09452450275421143","0.11036784946918488","0.36422473192214966","0.3521283268928528","0.3744775652885437","0.26300250366330147","0.24366305768489838","0.30308425426483154","0.10065575192372005","0.09594109654426575","0.10951894521713257","0.10422405041754246","0.09898345172405243","0.10997623950242996"
"257","0.12785564735531807","0.10888998955488205","0.17723411321640015","0.3677283003926277","0.3577469289302826","0.37407219409942627","0.2686583325266838","0.2372693121433258","0.3236484229564667","0.1117936447262764","0.10777996480464935","0.1140650287270546","0.12313601188361645","0.10987987369298935","0.15181893110275269"
"258","0.11644699610769749","0.10872291028499603","0.12690603733062744","0.3607665002346039","0.3477323353290558","0.3740772604942322","0.27529671788215637","0.2522178888320923","0.31426915526390076","0.11943379044532776","0.11267545819282532","0.12754644453525543","0.11870719492435455","0.1119512990117073","0.12640480697155"
"259","0.10553747601807117","0.09470304101705551","0.11397992074489594","0.3481084555387497","0.3323677182197571","0.369579553604126","0.26108231768012047","0.23557794094085693","0.3258697986602783","0.10907374819119771","0.09743357449769974","0.11563974618911743","0.10799035802483559","0.09784066677093506","0.11960417032241821"
"260","0.1157543957233429","0.10655111074447632","0.13061964511871338","0.36811696738004684","0.34683650732040405","0.3933938145637512","0.2836505025625229","0.25208592414855957","0.3223413825035095","0.11580102642377217","0.10425813496112823","0.13015390932559967","0.11835908144712448","0.1072971522808075","0.13065949082374573"
"261","0.10357045568525791","0.08787834644317627","0.11865051090717316","0.3445643186569214","0.3270845413208008","0.36051252484321594","0.2662658132612705","0.23948942124843597","0.3070888817310333","0.10839173942804337","0.09650471806526184","0.11697068065404892","0.1057658102363348","0.09149420261383057","0.11986694484949112"
"262","0.11505392752587795","0.10443592816591263","0.13594990968704224","0.3697030171751976","0.3459020256996155","0.3965029716491699","0.27966926246881485","0.24423763155937195","0.3683469891548157","0.11807054777940114","0.10243503749370575","0.1376248151063919","0.1180976927280426","0.10555844753980637","0.1414552628993988"
"263","0.11321906745433807","0.10485339909791946","0.12248094379901886","0.36596736311912537","0.34885653853416443","0.37972626090049744","0.28204894810914993","0.25821101665496826","0.32771366834640503","0.11612508694330852","0.10886818170547485","0.1230124980211258","0.1160416342318058","0.10866886377334595","0.12303579598665237"
"264","0.10424315929412842","0.09994219243526459","0.1147100180387497","0.3488733693957329","0.33635520935058594","0.361477792263031","0.26538702845573425","0.24118277430534363","0.31638839840888977","0.10543738057216008","0.0984344407916069","0.11515150219202042","0.10716968588531017","0.10148704051971436","0.11527508497238159"
"265","0.11129301227629185","0.10640057921409607","0.1215270608663559","0.35684145241975784","0.3446440100669861","0.37665456533432007","0.26383936777710915","0.23819933831691742","0.311048686504364","0.10843910276889801","0.1057344377040863","0.11099722981452942","0.11416659504175186","0.1076379343867302","0.12583525478839874"
"266","0.10671314783394337","0.09936683624982834","0.11168436706066132","0.34572846442461014","0.3315289616584778","0.35194358229637146","0.2589852623641491","0.2274176925420761","0.30515146255493164","0.10610994696617126","0.0985993891954422","0.11020542681217194","0.10935084335505962","0.09964354336261749","0.11330501735210419"
"267","0.1080494150519371","0.1062546819448471","0.10988107323646545","0.35180965065956116","0.3406963348388672","0.35743066668510437","0.27531155943870544","0.2536451816558838","0.3280189335346222","0.10911308228969574","0.10694460570812225","0.11284084618091583","0.11151663400232792","0.10742402821779251","0.115717813372612"
"268","0.10490097105503082","0.1006743311882019","0.11175541579723358","0.33815352618694305","0.3291538655757904","0.35377928614616394","0.26824431866407394","0.24097150564193726","0.3227689862251282","0.10553904622793198","0.10259366780519485","0.11015424877405167","0.10810413584113121","0.10366809368133545","0.11256300657987595"
"269","0.11121602542698383","0.09697046875953674","0.1228289008140564","0.34459369629621506","0.32611823081970215","0.36574363708496094","0.2766527980566025","0.2460784614086151","0.33810898661613464","0.11689951519171397","0.10449110716581345","0.12462953478097916","0.11431927047669888","0.10066813975572586","0.12845391035079956"
"270","0.11475226283073425","0.10572773218154907","0.1188572347164154","0.3517792448401451","0.342879056930542","0.3600924611091614","0.28558018058538437","0.2584429979324341","0.35144901275634766","0.117795430123806","0.11605580896139145","0.11988028883934021","0.11724666878581047","0.1095043420791626","0.12389477342367172"
"271","0.10521754436194897","0.09754935652017593","0.1221478283405304","0.3401360884308815","0.32548558712005615","0.3616364002227783","0.2565108686685562","0.22234681248664856","0.31247952580451965","0.10701734572649002","0.09791873395442963","0.11730097234249115","0.10766994766891003","0.09847916662693024","0.12122873961925507"
"272","0.10260862857103348","0.09536346793174744","0.11115548014640808","0.34254902601242065","0.3270299434661865","0.3530183434486389","0.2597706541419029","0.23271188139915466","0.3231385350227356","0.10503433396418889","0.09463734179735184","0.11108449101448059","0.10478004440665245","0.09737974405288696","0.11163856089115143"
"273","0.1124650128185749","0.10581131279468536","0.119991734623909","0.36035215109586716","0.34714996814727783","0.3720409870147705","0.27084696665406227","0.24133145809173584","0.3407894968986511","0.11469640334447224","0.10862870514392853","0.12264834344387054","0.11532057449221611","0.10907000303268433","0.12523746490478516"
"274","0.10000530257821083","0.08648039400577545","0.11210642755031586","0.3386790454387665","0.317482054233551","0.3604699969291687","0.2531965337693691","0.21591787040233612","0.32618582248687744","0.10066743195056915","0.08511758595705032","0.11456649750471115","0.10232669301331043","0.08760318905115128","0.11677230149507523"
"275","0.10873973369598389","0.09053784608840942","0.12234269082546234","0.3790142834186554","0.3603505492210388","0.4052402377128601","0.2614889182150364","0.23197533190250397","0.28326916694641113","0.10416055222352345","0.09287512302398682","0.11849482357501984","0.11186590790748596","0.096828892827034","0.12783516943454742"
"276","0.10204380564391613","0.09290129691362381","0.10736635327339172","0.33866381645202637","0.3267248868942261","0.3475415110588074","0.2542869485914707","0.23569528758525848","0.293392539024353","0.10237309088309605","0.09533129632472992","0.10740066319704056","0.1045282669365406","0.09853945672512054","0.10767829418182373"
"277","0.10494516417384148","0.09190506488084793","0.1148730143904686","0.3395976722240448","0.324990451335907","0.34713321924209595","0.2540947273373604","0.24178585410118103","0.28603243827819824","0.10468234618504842","0.09318717569112778","0.11157343536615372","0.10697643086314201","0.09564398229122162","0.11436451226472855"
"278","0.10900745913386345","0.10140316188335419","0.12349541485309601","0.34417063742876053","0.3337186574935913","0.3577757775783539","0.2631814777851105","0.24097105860710144","0.29644665122032166","0.10900336007277171","0.10243549197912216","0.12174477428197861","0.11164676211774349","0.10279712826013565","0.12441715598106384"
"279","0.10811191238462925","0.09978565573692322","0.11547014862298965","0.3526572734117508","0.3416506052017212","0.36107173562049866","0.2653093561530113","0.2386026829481125","0.32501810789108276","0.1114917869369189","0.1068677008152008","0.11843917518854141","0.11085720360279083","0.1038016825914383","0.12183874845504761"
"280","0.1019918192178011","0.09149870276451111","0.11079545319080353","0.32839273661375046","0.31443652510643005","0.33953040838241577","0.262846976518631","0.24456718564033508","0.30198097229003906","0.10126792639493942","0.09401486814022064","0.11103709042072296","0.10401821695268154","0.09621110558509827","0.111208975315094"
"281","0.10335824079811573","0.09488532692193985","0.10728980600833893","0.33263229578733444","0.3200238049030304","0.3394640386104584","0.25896453112363815","0.23035728931427002","0.31037503480911255","0.10360368341207504","0.09417706727981567","0.10946074873209","0.1059276107698679","0.09624938666820526","0.11201097071170807"
"282","0.10422023572027683","0.10165516287088394","0.10998507589101791","0.34139231592416763","0.3326539099216461","0.34985217452049255","0.2633870504796505","0.23939009010791779","0.30510929226875305","0.10538178930679958","0.10045861452817917","0.1105579137802124","0.10695290192961693","0.10284741222858429","0.11011597514152527"
"283","0.10084534250199795","0.08206005394458771","0.11155596375465393","0.33256155252456665","0.30689096450805664","0.35199663043022156","0.25708428770303726","0.2399521768093109","0.2696738839149475","0.0986407349507014","0.08366644382476807","0.10944995284080505","0.1033027321100235","0.08688202500343323","0.11205033957958221"
"284","0.11213049292564392","0.10024641454219818","0.12591156363487244","0.359769344329834","0.3433513939380646","0.38117530941963196","0.27087488025426865","0.24181944131851196","0.32642853260040283","0.11686851332585017","0.10982122272253036","0.12697893381118774","0.11505016125738621","0.10379838943481445","0.12642544507980347"
"285","0.10477518662810326","0.09632916748523712","0.10901637375354767","0.357019767165184","0.33744269609451294","0.37365996837615967","0.2605685517191887","0.2298424243927002","0.3162654638290405","0.1035166506965955","0.09627068787813187","0.10896384716033936","0.10770938917994499","0.09689591825008392","0.11303170025348663"
"286","0.11182069778442383","0.09956265240907669","0.1198614314198494","0.341819629073143","0.32769858837127686","0.3511684834957123","0.2647739090025425","0.2407110184431076","0.30518245697021484","0.10956794768571854","0.10296430438756943","0.11303441226482391","0.1146082803606987","0.10563726723194122","0.12408728897571564"
"287","0.10505454055964947","0.10050702095031738","0.11007072031497955","0.33815792202949524","0.3235394358634949","0.3461095988750458","0.2694900333881378","0.24034187197685242","0.3264393210411072","0.1061572755376498","0.09866701811552048","0.11147570610046387","0.1083446629345417","0.10109461843967438","0.11197416484355927"
"288","0.10955044254660606","0.0957479253411293","0.12334542721509933","0.3299177289009094","0.31447744369506836","0.3472311496734619","0.2630736790597439","0.24248717725276947","0.2987824082374573","0.10519251724084218","0.09896235913038254","0.11136980354785919","0.11157500371336937","0.100247323513031","0.12637698650360107"
"289","0.10349874384701252","0.09310800582170486","0.11139339208602905","0.3383193463087082","0.3255981504917145","0.3550986051559448","0.2628028355538845","0.23876385390758514","0.32628095149993896","0.10728624959786733","0.10050736367702484","0.11386899650096893","0.10617976263165474","0.09628260880708694","0.11720453202724457"
"290","0.11134910956025124","0.10596670210361481","0.12299366295337677","0.3592391610145569","0.3539697527885437","0.36594629287719727","0.26926958560943604","0.24747586250305176","0.3174597918987274","0.11438222726186116","0.1103285700082779","0.12190304696559906","0.11445934325456619","0.11005913466215134","0.12397300451993942"
"291","0.09750080108642578","0.08631661534309387","0.1093762218952179","0.3242243826389313","0.30525898933410645","0.3428482115268707","0.24705670401453972","0.21457768976688385","0.2752278447151184","0.09370923787355423","0.08689364790916443","0.10505329817533493","0.09990377724170685","0.0864761471748352","0.11400975286960602"
"292","0.10497080907225609","0.10221321880817413","0.1073102355003357","0.3217455819249153","0.313101589679718","0.33771494030952454","0.2544611990451813","0.22949934005737305","0.3093353807926178","0.10508824388186137","0.10237505286931992","0.1096499040722847","0.10742378234863281","0.10202080011367798","0.11238659918308258"
"293","0.11043433658778667","0.10038076341152191","0.11743496358394623","0.3357272148132324","0.3127899765968323","0.34986141324043274","0.2635357826948166","0.23764315247535706","0.29155856370925903","0.10898458709319432","0.10375188291072845","0.11550948768854141","0.11280642822384834","0.10443871468305588","0.12103145569562912"
"294","0.11648226156830788","0.10714125633239746","0.12116587162017822","0.35265883803367615","0.3306376338005066","0.36657238006591797","0.26961224153637886","0.23405899107456207","0.3278261125087738","0.11716056366761525","0.10553239285945892","0.12391424179077148","0.1189468689262867","0.10735516995191574","0.12480662763118744"
"295","0.10174109227955341","0.09389816969633102","0.10889799147844315","0.3383868783712387","0.33455419540405273","0.34472349286079407","0.24899350479245186","0.23536834120750427","0.2755988836288452","0.10294314473867416","0.09755238145589828","0.11000916361808777","0.10429852642118931","0.09937771409749985","0.10904175043106079"
"296","0.10659897327423096","0.09524394571781158","0.1255427449941635","0.32850999385118484","0.3154735565185547","0.3483988642692566","0.25488100945949554","0.22285962104797363","0.328217089176178","0.10727538168430328","0.09617866575717926","0.127693772315979","0.1095154769718647","0.09606792032718658","0.13131467998027802"
"297","0.10469600558280945","0.10407149791717529","0.10623302310705185","0.32994817942380905","0.32466772198677063","0.33402305841445923","0.25371111929416656","0.23324909806251526","0.29729682207107544","0.1053698758284251","0.10202483832836151","0.10935363173484802","0.10718145407736301","0.1043897420167923","0.11125611513853073"
"298","0.10463619790971279","0.10184057056903839","0.11021767556667328","0.33220379799604416","0.3277844190597534","0.3362571895122528","0.2510419748723507","0.23086196184158325","0.29280886054039","0.10491800059874852","0.09975387156009674","0.1103050485253334","0.10693390108644962","0.10151299834251404","0.11043976247310638"
"299","0.11177335679531097","0.09372236579656601","0.1329037845134735","0.33555757999420166","0.3125265836715698","0.3615145683288574","0.27123991027474403","0.22406832873821259","0.31764400005340576","0.11206852893034618","0.09428483992815018","0.13046739995479584","0.11439135484397411","0.09440335631370544","0.13344892859458923"
"300","0.11230281181633472","0.10729014873504639","0.11919043958187103","0.3321530744433403","0.32127827405929565","0.3505841791629791","0.27685370296239853","0.24786600470542908","0.32837745547294617","0.11083790163199107","0.1056625247001648","0.11651310324668884","0.11496677808463573","0.10848256945610046","0.12303583323955536"
"301","0.10251727886497974","0.08904334902763367","0.11102724075317383","0.3191043734550476","0.3029880225658417","0.3315778374671936","0.2588820569217205","0.2198800891637802","0.31160587072372437","0.10319453477859497","0.09036710858345032","0.10965418815612793","0.10519567504525185","0.08966479450464249","0.11202391982078552"
"303","0.10964026860892773","0.09633973240852356","0.12263203412294388","0.33218979090452194","0.325543075799942","0.34847360849380493","0.25717901065945625","0.23806773126125336","0.29474958777427673","0.11373788863420486","0.10963618010282516","0.11956197023391724","0.11236207373440266","0.10134667158126831","0.12330203503370285"
"304","0.11239650472998619","0.10409356653690338","0.12123420834541321","0.3393857181072235","0.33097606897354126","0.3466365933418274","0.26439913734793663","0.23074860870838165","0.3047458231449127","0.11138126999139786","0.10613053292036057","0.11876806616783142","0.11569163016974926","0.10967030376195908","0.12249153107404709"
"305","0.10876229964196682","0.105619415640831","0.11011312901973724","0.3475763499736786","0.34081366658210754","0.3569110035896301","0.2562355101108551","0.23614826798439026","0.30193495750427246","0.11043664813041687","0.10831011831760406","0.11229179054498672","0.11151635274291039","0.11108125746250153","0.11246567964553833"
"306","0.10860221646726131","0.09863661974668503","0.123178631067276","0.3410235196352005","0.32628920674324036","0.3670516014099121","0.26616566628217697","0.2410494089126587","0.30161553621292114","0.1116759901245435","0.1030750721693039","0.12073871493339539","0.11120022274553776","0.10341189801692963","0.12392663210630417"
"307","0.09886619448661804","0.08904425799846649","0.10754130780696869","0.32296208292245865","0.30967089533805847","0.3368113338947296","0.24799295887351036","0.22704878449440002","0.2777852714061737","0.09782551725705464","0.09252117574214935","0.10528936982154846","0.10159906558692455","0.09461063891649246","0.10768117010593414"
"308","0.10257070139050484","0.08970850706100464","0.11570235341787338","0.331999272108078","0.31336331367492676","0.35315418243408203","0.2509789764881134","0.2177419513463974","0.29991018772125244","0.09796022127072017","0.08854710310697556","0.10856454074382782","0.10505795292556286","0.08945593237876892","0.1198870912194252"
"309","0.10846267640590668","0.09337090700864792","0.12519067525863647","0.33098500967025757","0.3101097345352173","0.3563082814216614","0.26672058552503586","0.23273561894893646","0.33254319429397583","0.10347891350587209","0.0934135764837265","0.12269942462444305","0.11081879399716854","0.09482897818088531","0.12840861082077026"
"310","0.10055175796151161","0.09680857509374619","0.10891672968864441","0.3395766019821167","0.3221110701560974","0.3502534031867981","0.2577553763985634","0.23219043016433716","0.3196452260017395","0.10205002625783284","0.09729181230068207","0.11145016551017761","0.10307939909398556","0.09794784337282181","0.11326517164707184"
"311","0.11158117465674877","0.10501405596733093","0.11801518499851227","0.34261155128479004","0.3289033770561218","0.35736995935440063","0.2645471766591072","0.2382906824350357","0.32562845945358276","0.11399182925621669","0.1072923019528389","0.12043435871601105","0.1135935541242361","0.10602128505706787","0.1231968030333519"
"312","0.1100976224988699","0.10143133997917175","0.11848455667495728","0.3345174416899681","0.3204610347747803","0.35034090280532837","0.258516862988472","0.23196455836296082","0.3242233693599701","0.11251361668109894","0.10262974351644516","0.11758321523666382","0.11245673522353172","0.10459224879741669","0.12131050229072571"
"313","0.10375163331627846","0.0897926464676857","0.11645205318927765","0.32509109377861023","0.31035512685775757","0.34108251333236694","0.2529682368040085","0.23474591970443726","0.27761101722717285","0.09941449264685313","0.0911119133234024","0.10944624245166779","0.10602222755551338","0.09364165365695953","0.12092939019203186"
"314","0.10855946876108646","0.10343556851148605","0.11364215612411499","0.32785072922706604","0.3257007598876953","0.33020392060279846","0.25586310774087906","0.24138788878917694","0.29604125022888184","0.11021282523870468","0.10734352469444275","0.11199512332677841","0.1114507857710123","0.10926507413387299","0.11451195180416107"
"315","0.10312949120998383","0.09952113032341003","0.10700561106204987","0.3387013301253319","0.32909393310546875","0.34716159105300903","0.2457546517252922","0.22326433658599854","0.2969728708267212","0.10337848713000615","0.09734904766082764","0.10888354480266571","0.10589402355253696","0.10098126530647278","0.11199367791414261"
"316","0.10167156904935837","0.08768667280673981","0.11614425480365753","0.3114709407091141","0.29250478744506836","0.32710421085357666","0.24440345540642738","0.2213447540998459","0.27130889892578125","0.09615056465069453","0.08759662508964539","0.1080467477440834","0.10394225269556046","0.09088963270187378","0.12138116359710693"
"317","0.10329900495707989","0.09150496125221252","0.11730241775512695","0.3236455172300339","0.3094000220298767","0.34265434741973877","0.2629174403846264","0.23251968622207642","0.31322234869003296","0.10726708173751831","0.09920963644981384","0.1175539419054985","0.10626605711877346","0.09637030959129333","0.11796940863132477"
"318","0.1034979298710823","0.09560547769069672","0.1116797924041748","0.31628257781267166","0.307092547416687","0.3309516906738281","0.24732540547847748","0.22956764698028564","0.2827143669128418","0.10352908819913864","0.09725651144981384","0.11088964343070984","0.1059489008039236","0.09988339990377426","0.11277320981025696"
"319","0.10404048673808575","0.09100162237882614","0.11266734451055527","0.31148676574230194","0.29127106070518494","0.32597532868385315","0.251352746039629","0.2321905493736267","0.28203725814819336","0.10270503411690395","0.09307797253131866","0.11347635090351105","0.10625665448606014","0.09496685117483139","0.11371982097625732"
"320","0.10898943431675434","0.09943246841430664","0.12396788597106934","0.3379811719059944","0.32359468936920166","0.35398557782173157","0.25756673142313957","0.226069837808609","0.30374377965927124","0.11243589222431183","0.10512039065361023","0.12173061072826385","0.1118564885109663","0.10354951024055481","0.12507420778274536"
"321","0.1011643148958683","0.09295731782913208","0.10798616707324982","0.3242233470082283","0.31110766530036926","0.3328024744987488","0.24777556583285332","0.23787888884544373","0.27407652139663696","0.10138892630736034","0.094225212931633","0.10903823375701904","0.10358303412795067","0.09716799855232239","0.10929127782583237"
"322","0.1111899483948946","0.09617843478918076","0.12358906865119934","0.34280189871788025","0.3207018971443176","0.35856857895851135","0.25916535779833794","0.2287052720785141","0.29868659377098083","0.11647568643093109","0.11188818514347076","0.12417018413543701","0.1130727007985115","0.09828127920627594","0.12424831092357635"
"323","0.106847720220685","0.10131143778562546","0.11207149922847748","0.3080877363681793","0.2991355359554291","0.31423288583755493","0.24773265421390533","0.21952754259109497","0.29698076844215393","0.10485113163789113","0.10010906308889389","0.11072905361652374","0.1085540596395731","0.10155659168958664","0.11474770307540894"
"324","0.10751396417617798","0.09782683104276657","0.11496786028146744","0.3370363414287567","0.31429323554039","0.35326337814331055","0.24929362908005714","0.23453524708747864","0.2807016670703888","0.10528162618478139","0.09885014593601227","0.11209467053413391","0.1094106137752533","0.10152974724769592","0.11756822466850281"
"325","0.09904138557612896","0.08899224549531937","0.11186132580041885","0.3132621496915817","0.2997558116912842","0.3239061236381531","0.24444515630602837","0.2297418713569641","0.26329919695854187","0.10193052639563878","0.09072699397802353","0.11059924215078354","0.10097884573042393","0.0928281843662262","0.1123456060886383"
"326","0.1068491879850626","0.0971669852733612","0.12042297422885895","0.33554935455322266","0.31830906867980957","0.3508204221725464","0.25704458728432655","0.218993678689003","0.3030279278755188","0.10617474466562271","0.09726061671972275","0.11951129138469696","0.10932394117116928","0.09721638262271881","0.12121137976646423"
"327","0.10781662538647652","0.099416583776474","0.11308705061674118","0.33654192835092545","0.3210070729255676","0.3463035821914673","0.25625720247626305","0.23161903023719788","0.30670642852783203","0.11023143182198207","0.10937408357858658","0.11120684444904327","0.10981798358261585","0.10352003574371338","0.11279341578483582"
"328","0.10692497529089451","0.09995189309120178","0.11931009590625763","0.3256869539618492","0.31506121158599854","0.3389890193939209","0.25056684762239456","0.22389164566993713","0.2987441122531891","0.10270280887683232","0.09791074693202972","0.1075768917798996","0.10958994179964066","0.1008853167295456","0.12332551181316376"
"329","0.11313170753419399","0.10572251677513123","0.11914922297000885","0.34268608689308167","0.3382539451122284","0.3500659465789795","0.26262853667140007","0.23629620671272278","0.3258576989173889","0.11593678593635559","0.10972708463668823","0.12147121131420135","0.11511233635246754","0.10890962928533554","0.12274321168661118"
"330","0.10375526547431946","0.09693823754787445","0.11252269148826599","0.3236886262893677","0.30877259373664856","0.34124821424484253","0.24231169745326042","0.2177160680294037","0.28586509823799133","0.103228194018205","0.09601928293704987","0.11287013441324234","0.10634616762399673","0.09834495186805725","0.11303222179412842"
"331","0.10622607171535492","0.09388182312250137","0.1121331974864006","0.32684382051229477","0.30630773305892944","0.33891889452934265","0.2415054365992546","0.20617419481277466","0.2970670163631439","0.10446384300788243","0.09122367948293686","0.11188124120235443","0.10889396071434021","0.0935705155134201","0.11607764661312103"
"332","0.1096384022384882","0.10192771255970001","0.1269097477197647","0.32215167582035065","0.30984485149383545","0.33730021119117737","0.26015331968665123","0.23746532201766968","0.28656452894210815","0.11039041479428609","0.10193736851215363","0.125730961561203","0.11159727722406387","0.10239648818969727","0.12688426673412323"
"333","0.10001832246780396","0.08903329074382782","0.10537438839673996","0.3237726390361786","0.30411654710769653","0.3401840925216675","0.24535544961690903","0.2079060971736908","0.30443379282951355","0.1000194400548935","0.09012182801961899","0.1054576188325882","0.1021431814879179","0.08976336568593979","0.1085059866309166"
"334","0.09871588833630085","0.09329076111316681","0.10817034542560577","0.3175286129117012","0.3116319179534912","0.3333771824836731","0.24055590480566025","0.2209315299987793","0.28205299377441406","0.1007233460744222","0.0940711498260498","0.1086469441652298","0.10069792903959751","0.09580859541893005","0.10919857025146484"
"335","0.10625523701310158","0.09888206422328949","0.11130771040916443","0.32316336035728455","0.3104451894760132","0.32952988147735596","0.2481280006468296","0.21598830819129944","0.3003993332386017","0.10516668359438579","0.09981609880924225","0.1143261194229126","0.10886183939874172","0.10031724721193314","0.11675961315631866"
"336","0.09899519011378288","0.09115897864103317","0.113837331533432","0.3119880333542824","0.2971968650817871","0.33694717288017273","0.24095305055379868","0.21644935011863708","0.28060662746429443","0.09420998146136601","0.08933072537183762","0.10011838376522064","0.10153726302087307","0.09169857949018478","0.11789103597402573"
"337","0.10510688833892345","0.09333430975675583","0.1160639151930809","0.3256877139210701","0.3081655502319336","0.34119468927383423","0.2389615960419178","0.21687285602092743","0.26142045855522156","0.10284031927585602","0.09532537311315536","0.11539965867996216","0.10726551525294781","0.09800532460212708","0.1158711239695549"
"338","0.10555030591785908","0.08975427597761154","0.11265486478805542","0.3263111859560013","0.2985711991786957","0.33891424536705017","0.24603720009326935","0.23935823142528534","0.2628777027130127","0.10391252239545186","0.09259525686502457","0.11255807429552078","0.10796273313462734","0.09455746412277222","0.1150413304567337"
"339","0.10661781951785088","0.10021215677261353","0.11064604669809341","0.31883134692907333","0.3076748251914978","0.3273698389530182","0.25052057206630707","0.2218043953180313","0.30226436257362366","0.10665042450030644","0.10045454651117325","0.11143684387207031","0.108592314645648","0.10068447887897491","0.11399804800748825"
"340","0.10791866481304169","0.10255784541368484","0.11110024899244308","0.3366476744413376","0.3293721675872803","0.3434062600135803","0.2517263926565647","0.23217608034610748","0.2917366325855255","0.10993252694606781","0.10916553437709808","0.11112284660339355","0.11021774262189865","0.10605503618717194","0.1130770593881607"
"341","0.1103823222219944","0.10011451691389084","0.12083079665899277","0.325529582798481","0.30720025300979614","0.3425065279006958","0.254907738417387","0.22243177890777588","0.31842362880706787","0.11217929671208064","0.10086057335138321","0.12302783131599426","0.11285351030528545","0.10094398260116577","0.12549370527267456"
"342","0.11106310971081257","0.09890177845954895","0.12116509675979614","0.31980011612176895","0.2971688508987427","0.33859536051750183","0.25605567544698715","0.2231825292110443","0.31699344515800476","0.11346201598644257","0.09773702919483185","0.12298988550901413","0.11316824704408646","0.09993338584899902","0.1255331039428711"
"343","0.10802577994763851","0.10219438374042511","0.11534363031387329","0.32401102036237717","0.31378933787345886","0.33433812856674194","0.2554303854703903","0.23545484244823456","0.29234468936920166","0.10727992902199428","0.10123135149478912","0.11516493558883667","0.10997946374118328","0.1035972461104393","0.1157517284154892"
"344","0.10178903304040432","0.09048768132925034","0.10980544984340668","0.3217937722802162","0.30044320225715637","0.33896273374557495","0.2386099323630333","0.20903316140174866","0.29483115673065186","0.10584234942992528","0.09837976098060608","0.11124394088983536","0.103911017999053","0.09298057109117508","0.11371659487485886"
"345","0.1096647847443819","0.10222708433866501","0.12351952493190765","0.32522083073854446","0.311240017414093","0.33782294392585754","0.25474345684051514","0.23106268048286438","0.30158597230911255","0.11174653470516205","0.10539364814758301","0.12367420643568039","0.11173877865076065","0.10518594831228256","0.12439213693141937"
"346","0.10197446495294571","0.09607329219579697","0.10907595604658127","0.3136504143476486","0.3053390383720398","0.32467201352119446","0.2465609274804592","0.22267191112041473","0.28213244676589966","0.10009294499953587","0.09730604290962219","0.10453035682439804","0.10435976646840572","0.0994911938905716","0.11177477985620499"
"347","0.10237786173820496","0.09360209107398987","0.10980018973350525","0.32203102856874466","0.3100697696208954","0.33599501848220825","0.2398686408996582","0.2176324874162674","0.2752548158168793","0.10516122231880824","0.10018251091241837","0.10940542817115784","0.10446244478225708","0.09718917310237885","0.10975740849971771"
"348","0.1042332835495472","0.09883217513561249","0.11139412224292755","0.3056783154606819","0.29732105135917664","0.31513306498527527","0.24326268956065178","0.2199687659740448","0.2808718979358673","0.10249486317237218","0.10071886330842972","0.10451523214578629","0.10658117942512035","0.10205807536840439","0.11560685932636261"
"349","0.11093984730541706","0.10454148799180984","0.11553296446800232","0.329292468726635","0.3157896399497986","0.3354209065437317","0.2563188374042511","0.2354770302772522","0.2993188202381134","0.11350446194410324","0.1109587550163269","0.11554522812366486","0.1130216047167778","0.10742398351430893","0.11572660505771637"
"350","0.10026061162352562","0.09165051579475403","0.11201135814189911","0.3056488037109375","0.28928861021995544","0.3262195885181427","0.25104279071092606","0.22337301075458527","0.3155251741409302","0.10298032561937968","0.09699930995702744","0.11316020041704178","0.15183413960039616","0.09633013606071472","0.2943751811981201"
"351","0.10817449726164341","0.0947083905339241","0.12191502749919891","0.33252033591270447","0.32074832916259766","0.35024961829185486","0.24966523051261902","0.23343481123447418","0.27505117654800415","0.11087276041507721","0.09772761166095734","0.12175562977790833","0.11054831370711327","0.09977386146783829","0.12195899337530136"
"352","0.10536863096058369","0.10285809636116028","0.11115044355392456","0.34178269654512405","0.3356729745864868","0.3483567535877228","0.24803400039672852","0.23186875879764557","0.282675176858902","0.10557996730009715","0.10226748883724213","0.11087019741535187","0.10786009952425957","0.10424679517745972","0.11183138191699982"
"353","0.11181505769491196","0.1065250113606453","0.11753694713115692","0.32880041003227234","0.3129886984825134","0.33500123023986816","0.24733277037739754","0.2213890254497528","0.2971716523170471","0.11119152853886287","0.10552781820297241","0.11820327490568161","0.11382747814059258","0.10729514062404633","0.12106975167989731"
"354","0.10972432047128677","0.10379418730735779","0.11332850158214569","0.3188130408525467","0.3153904974460602","0.3234889507293701","0.2482021115720272","0.23559336364269257","0.28460317850112915","0.11223569015661876","0.11010369658470154","0.11392553150653839","0.11243968829512596","0.10878480970859528","0.11469791829586029"
"355","0.10479821637272835","0.08795265853404999","0.11980187147855759","0.3167063817381859","0.2966359257698059","0.33626049757003784","0.24329661577939987","0.21948260068893433","0.26425254344940186","0.10863682627677917","0.08900518715381622","0.11893751472234726","0.10710935294628143","0.09167883545160294","0.1208583414554596"
"356","0.10625530406832695","0.09292062371969223","0.11788748949766159","0.33067966997623444","0.30880531668663025","0.3405194580554962","0.24158267304301262","0.21029089391231537","0.28884801268577576","0.11060892293850581","0.10222458094358444","0.11565443873405457","0.10854679718613625","0.09624452143907547","0.11863058805465698"
"357","0.10953371226787567","0.10246767848730087","0.1164732277393341","0.32429930567741394","0.3095163106918335","0.3377346098423004","0.24866456910967827","0.22414889931678772","0.30533915758132935","0.11241495112578075","0.10403768718242645","0.11937612295150757","0.11192546784877777","0.10606473684310913","0.12076631933450699"
"358","0.10434500314295292","0.1008535698056221","0.10809486359357834","0.31823524832725525","0.31069454550743103","0.32468411326408386","0.2523656487464905","0.22852739691734314","0.30010920763015747","0.10415817548831303","0.10130591690540314","0.10984906554222107","0.1071747001260519","0.10209839046001434","0.11227158457040787"
"359","0.09590553864836693","0.08769857883453369","0.10198241472244263","0.30872607231140137","0.300173282623291","0.31956160068511963","0.23261723294854164","0.210845947265625","0.2757478356361389","0.09383390595515569","0.086137555539608","0.1012144684791565","0.0980804767459631","0.08917520940303802","0.10639403015375137"
"360","0.10118399374186993","0.09486840665340424","0.1111113503575325","0.3249608278274536","0.31161221861839294","0.33945566415786743","0.2341788485646248","0.21196967363357544","0.28747087717056274","0.10360889881849289","0.09687013924121857","0.11357912421226501","0.10349326208233833","0.0968034416437149","0.11523173004388809"
"361","0.09521535784006119","0.08446606993675232","0.1023227870464325","0.3052702471613884","0.29019981622695923","0.31368982791900635","0.2286664955317974","0.21130448579788208","0.25556880235671997","0.09261330713828404","0.08510728180408478","0.09638661891222","0.09760330058634281","0.0871293693780899","0.10793301463127136"
"362","0.11057260632514954","0.10837804526090622","0.114797443151474","0.32038773596286774","0.3126419484615326","0.3257199227809906","0.2533562332391739","0.23530998826026917","0.29398173093795776","0.11135519295930862","0.10720101743936539","0.11532823741436005","0.113289849832654","0.10940992832183838","0.11533688008785248"
"363","0.1152596864849329","0.10051392763853073","0.1284221112728119","0.3204021453857422","0.3012732267379761","0.33425796031951904","0.25666890293359756","0.22458434104919434","0.2891344428062439","0.1117531955242157","0.0995182991027832","0.12743496894836426","0.11793013289570808","0.10115331411361694","0.13098721206188202"
"364","0.10621442086994648","0.09944793581962585","0.12196227163076401","0.3210015594959259","0.3045538663864136","0.3388911187648773","0.2442089579999447","0.21920864284038544","0.2777971923351288","0.10707864910364151","0.09922098368406296","0.11939272284507751","0.10786057449877262","0.09866338968276978","0.12251938879489899"
"365","0.10790997929871082","0.0999971330165863","0.12541192770004272","0.3221499174833298","0.306768536567688","0.34020698070526123","0.24953396618366241","0.23078010976314545","0.2743389308452606","0.10217064370711644","0.10171426087617874","0.10279987752437592","0.109746428206563","0.10208304226398468","0.12843678891658783"
"366","0.1012803390622139","0.09359686821699142","0.1115279495716095","0.3027069941163063","0.2824583053588867","0.3157791495323181","0.2462044432759285","0.21438127756118774","0.290682315826416","0.10161486516396205","0.09413200616836548","0.1099996492266655","0.10375738516449928","0.0941479280591011","0.11158673465251923"
"367","0.10072924196720123","0.09004831314086914","0.10896711051464081","0.30785562843084335","0.29816412925720215","0.32761868834495544","0.23083268478512764","0.21208907663822174","0.256447434425354","0.09782813986142476","0.09105248749256134","0.10224134474992752","0.1022991519421339","0.09342173486948013","0.11138056963682175"
"368","0.10128115117549896","0.08186713606119156","0.11093752086162567","0.30563708394765854","0.28441300988197327","0.31514519453048706","0.23052119091153145","0.19524018466472626","0.28018897771835327","0.10795219490925471","0.10284576565027237","0.11181628704071045","0.10334767960011959","0.08515147119760513","0.11175739765167236"
"369","0.10217933356761932","0.0925150066614151","0.11135472357273102","0.32420188933610916","0.3126298785209656","0.3416813611984253","0.24330256506800652","0.21849925816059113","0.27173447608947754","0.09912906835476558","0.09257703274488449","0.11063461005687714","0.10441902279853821","0.09547844529151917","0.11565658450126648"
"370","0.10568954050540924","0.09367065876722336","0.11765635758638382","0.3223439007997513","0.3068152070045471","0.3395193815231323","0.24399220570921898","0.21470944583415985","0.27941006422042847","0.10481525957584381","0.09271105378866196","0.11860229074954987","0.10771196521818638","0.0944669246673584","0.11852974444627762"
"371","0.10131842643022537","0.09341918677091599","0.11187105625867844","0.3160243034362793","0.3055436611175537","0.32713693380355835","0.24029216915369034","0.21563675999641418","0.30169329047203064","0.1041160598397255","0.0981457531452179","0.11293112486600876","0.10383931919932365","0.09760194271802902","0.1160959005355835"
"373","0.1213072557002306","0.11055006831884384","0.13714808225631714","0.3468879759311676","0.3269658386707306","0.3653234839439392","0.2707207426428795","0.24543431401252747","0.29408806562423706","0.11517634242773056","0.11122483015060425","0.11780265718698502","0.12338744103908539","0.11415161192417145","0.14202846586704254"
"374","0.10283713974058628","0.0919516310095787","0.11601761728525162","0.30290500074625015","0.27999627590179443","0.3178018033504486","0.23583737760782242","0.2052159160375595","0.2833881676197052","0.10539065053065617","0.09278135001659393","0.11342435330152512","0.10499537363648415","0.09291621297597885","0.11609260737895966"
"375","0.10284646227955818","0.09656761586666107","0.11183442920446396","0.3111920952796936","0.292900413274765","0.3270213305950165","0.23905238509178162","0.21122819185256958","0.2730630040168762","0.10300429413715999","0.09683634340763092","0.11004460602998734","0.1048987228423357","0.09685957431793213","0.11242495477199554"
"376","0.10440738126635551","0.09429417550563812","0.12114378064870834","0.33174680918455124","0.3153030574321747","0.35391101241111755","0.2423269897699356","0.22095942497253418","0.2606269121170044","0.09879271686077118","0.0948234274983406","0.10197748988866806","0.10603312030434608","0.0975763201713562","0.12429463118314743"
"377","0.10922726429998875","0.0994672104716301","0.11410839855670929","0.311482697725296","0.30317115783691406","0.3259035050868988","0.24376274645328522","0.22153602540493011","0.28269845247268677","0.10848316053549449","0.09783389419317245","0.1162797212600708","0.11112790554761887","0.10046616196632385","0.11710256338119507"
"378","0.10670481063425541","0.10011428594589233","0.1127977967262268","0.3160536140203476","0.2994539737701416","0.3350851535797119","0.24260664358735085","0.21083271503448486","0.3022625148296356","0.1083941509326299","0.10047151893377304","0.11506866663694382","0.10931418091058731","0.10129520297050476","0.11738887429237366"
"379","0.10087667964398861","0.09044873714447021","0.11032943427562714","0.310500830411911","0.30109769105911255","0.32300710678100586","0.2392316572368145","0.2141432911157608","0.2914106547832489","0.10405184825261433","0.09903986752033234","0.11068790405988693","0.10318613052368164","0.09410738945007324","0.11400533467531204"
"380","0.11013778299093246","0.10654251277446747","0.11697454750537872","0.32409388571977615","0.31507372856140137","0.33411794900894165","0.24330955743789673","0.22042900323867798","0.28419023752212524","0.10781123737494151","0.10494360327720642","0.11131875216960907","0.11194289848208427","0.1063004732131958","0.12051327526569366"
"381","0.10813465714454651","0.09083874523639679","0.12186095118522644","0.31559234112501144","0.28824982047080994","0.33389610052108765","0.24409502372145653","0.20560774207115173","0.28405600786209106","0.11404081185658772","0.10975702106952667","0.12183642387390137","0.11042171344161034","0.09382357448339462","0.12187445908784866"
"382","0.10895356722176075","0.09641838073730469","0.11786554008722305","0.3220788240432739","0.3101847767829895","0.33394694328308105","0.2516191489994526","0.23779504001140594","0.2772856056690216","0.10850238800048828","0.09714570641517639","0.1166132390499115","0.11061984486877918","0.10024624317884445","0.11856609582901001"
"383","0.1045712623745203","0.10115418583154678","0.10692733526229858","0.31873197853565216","0.3177703320980072","0.319582462310791","0.2396073341369629","0.22629883885383606","0.2759421467781067","0.10617083311080933","0.10376310348510742","0.10840467363595963","0.1064350213855505","0.10368973016738892","0.10874788463115692"
"384","0.09949907846748829","0.09385006129741669","0.10741580277681351","0.319967620074749","0.30717000365257263","0.33186107873916626","0.22898824885487556","0.20962223410606384","0.2700190544128418","0.10021151850620906","0.09394003450870514","0.10769239813089371","0.10168062336742878","0.09404435753822327","0.11135601997375488"
"385","0.10599655285477638","0.098854199051857","0.11501339077949524","0.3171405643224716","0.31279492378234863","0.3215232491493225","0.23631605505943298","0.2198614776134491","0.2698925733566284","0.10839820156494777","0.1008143499493599","0.11437995731830597","0.1080961748957634","0.1027199923992157","0.11599034070968628"
"386","0.10432218387722969","0.09571729600429535","0.11499898880720139","0.3067573830485344","0.2942412793636322","0.31980177760124207","0.23904379457235336","0.22620244324207306","0.2626495361328125","0.10343388964732488","0.09563741087913513","0.11505238711833954","0.10575734078884125","0.09782571345567703","0.11426221579313278"
"387","0.10251264832913876","0.09513291716575623","0.11334732919931412","0.3107854500412941","0.29979681968688965","0.32708054780960083","0.23179537430405617","0.20819464325904846","0.26408106088638306","0.09921339154243469","0.09510872513055801","0.10257554054260254","0.10464364662766457","0.09517987072467804","0.11698770523071289"
"388","0.10787989757955074","0.10004598647356033","0.1126580536365509","0.3145885765552521","0.30398428440093994","0.3241012692451477","0.2397528439760208","0.21874186396598816","0.2684631049633026","0.10642480353514354","0.0991208553314209","0.11293875426054001","0.11064010113477707","0.10078590363264084","0.11653708666563034"
"389","0.1052504051476717","0.09770393371582031","0.11281777918338776","0.31287771463394165","0.30401575565338135","0.32059210538864136","0.24846560880541801","0.23295143246650696","0.2840883135795593","0.10658978174130122","0.09945232421159744","0.11270630359649658","0.10750865377485752","0.10216572880744934","0.11337008327245712"
"390","0.10838749073445797","0.100229911506176","0.11756227165460587","0.31734558194875717","0.30716389417648315","0.3266390860080719","0.24019643291831017","0.21753473579883575","0.2777603566646576","0.11009686688582103","0.10123226046562195","0.11581884324550629","0.11020101606845856","0.10082557797431946","0.1174144372344017"
"391","0.10747084766626358","0.09575524926185608","0.12649041414260864","0.3131137117743492","0.2930329442024231","0.33979326486587524","0.2500029429793358","0.22120007872581482","0.26580479741096497","0.10596805562575658","0.09503467381000519","0.12710215151309967","0.10919477231800556","0.096731998026371","0.1273796558380127"
"392","0.10954124666750431","0.10313534736633301","0.12782588601112366","0.31154613196849823","0.29490137100219727","0.33231791853904724","0.24694352969527245","0.22368162870407104","0.3049500584602356","0.11145121604204178","0.10168270766735077","0.12914685904979706","0.1117810569703579","0.10296083986759186","0.13174884021282196"
"393","0.09951391629874706","0.08512742817401886","0.11239077150821686","0.30431487411260605","0.28402402997016907","0.3275170922279358","0.2321695312857628","0.2243681699037552","0.23924002051353455","0.09991240253051122","0.0863112136721611","0.11255227029323578","0.10159699618816376","0.08834314346313477","0.11306723952293396"
"394","0.11458810977637768","0.1074642539024353","0.12469015270471573","0.3300093784928322","0.32251039147377014","0.3418954014778137","0.24760060384869576","0.22475071251392365","0.2791646122932434","0.11702986309925716","0.10987299680709839","0.12600062787532806","0.11647352576255798","0.1095213070511818","0.1257559061050415"
"395","0.10676480457186699","0.10007153451442719","0.11629615724086761","0.3061579391360283","0.2945256233215332","0.3260914087295532","0.23684902489185333","0.21296130120754242","0.26919347047805786","0.10346945871909459","0.1003103032708168","0.10809675604104996","0.10900154709815979","0.10045638680458069","0.12109433859586716"
"396","0.11227675527334213","0.10608340799808502","0.12092462927103043","0.3179018795490265","0.30539095401763916","0.3265039920806885","0.24969498440623283","0.22642768919467926","0.29419752955436707","0.11481661349534988","0.10767152160406113","0.1203232929110527","0.1144721657037735","0.1075664758682251","0.12174773216247559"
"397","0.11020416766405106","0.09755182266235352","0.12549114227294922","0.3217078149318695","0.30987870693206787","0.34547215700149536","0.24447496235370636","0.22846226394176483","0.2725438177585602","0.11066306134064992","0.09922327101230621","0.12573006749153137","0.11232955381274223","0.1011015921831131","0.12634950876235962"
"398","0.10356167517602444","0.09406369179487228","0.11237680912017822","0.3062701001763344","0.2929967939853668","0.32061514258384705","0.24220571294426918","0.22200322151184082","0.2899740934371948","0.1061496411760648","0.10069353133440018","0.1131606325507164","0.10555044747889042","0.09704473614692688","0.1168869286775589"
"399","0.11024464666843414","0.10165487229824066","0.12164575606584549","0.31488241255283356","0.3073280453681946","0.32949724793434143","0.24509113281965256","0.2252555936574936","0.2749011516571045","0.1130304088195165","0.10566990077495575","0.12255778163671494","0.11223064363002777","0.10519008338451385","0.12203222513198853"
"400","0.10434148646891117","0.09338510036468506","0.11715581268072128","0.30416393280029297","0.2916046977043152","0.3216956853866577","0.23658673092722893","0.21385827660560608","0.28546276688575745","0.10863828162352245","0.09943770617246628","0.11965376883745193","0.10648897662758827","0.09711538255214691","0.12187346071004868"
"401","0.10921832174062729","0.09773370623588562","0.12535354495048523","0.3126891851425171","0.2975075840950012","0.33557483553886414","0.2486012801527977","0.22552436590194702","0.2717580199241638","0.11204865574836731","0.0989578366279602","0.12478993833065033","0.11079610511660576","0.1000061109662056","0.12495987862348557"
"402","0.10457857511937618","0.09452079236507416","0.11829210817813873","0.31717249006032944","0.30004167556762695","0.334730863571167","0.2372274324297905","0.21580970287322998","0.2590213119983673","0.10244750728209813","0.09259139001369476","0.11800657957792282","0.10638276860117912","0.09487590193748474","0.11877116560935974"
"403","0.10836242325603962","0.10143624991178513","0.1165461391210556","0.3181462064385414","0.30376675724983215","0.3342662453651428","0.24678464978933334","0.21971561014652252","0.289191871881485","0.10553096483151118","0.10019785910844803","0.11246795207262039","0.11008885689079762","0.10181043297052383","0.12024137377738953"
"404","0.10393663495779037","0.09544794261455536","0.11567318439483643","0.301412858068943","0.29172420501708984","0.3221757411956787","0.23635435476899147","0.217862069606781","0.2854582965373993","0.1070503294467926","0.09941694885492325","0.11765872687101364","0.10572873800992966","0.09783816337585449","0.11953328549861908"
"405","0.10884854011237621","0.1035376563668251","0.11472664773464203","0.3164028450846672","0.300447016954422","0.32657527923583984","0.24741395562887192","0.22276481986045837","0.29426461458206177","0.10732197513182958","0.10255254805088043","0.1157260611653328","0.11114429123699665","0.10372833907604218","0.11918866634368896"
"406","0.110757390037179","0.10234993696212769","0.11981794238090515","0.3065083622932434","0.29023540019989014","0.32082611322402954","0.24465089663863182","0.22261777520179749","0.2801135778427124","0.11342402050892512","0.10870228707790375","0.11869210004806519","0.11213887482881546","0.10522066056728363","0.1206943541765213"
"407","0.09587174281477928","0.08714000880718231","0.10060135275125504","0.29699963331222534","0.28099310398101807","0.30903032422065735","0.22499608993530273","0.1952269822359085","0.2654411196708679","0.09464712689320247","0.08561797440052032","0.09941254556179047","0.0982803963124752","0.08772262185811996","0.10479675978422165"
"408","0.11153450235724449","0.10368107259273529","0.12868408858776093","0.3209790959954262","0.30939340591430664","0.3397466838359833","0.25614721700549126","0.24049001932144165","0.2751270532608032","0.11258043348789215","0.10430628061294556","0.12741529941558838","0.11338461562991142","0.10662226378917694","0.12915626168251038"
"409","0.10935291275382042","0.09417915344238281","0.11554989218711853","0.3126453533768654","0.29577600955963135","0.32692286372184753","0.2401200607419014","0.22558680176734924","0.247866690158844","0.10807931174834569","0.09561474621295929","0.11561569571495056","0.11145749315619469","0.09698629379272461","0.11690492928028107"
"410","0.0974263846874237","0.08265266567468643","0.10942651331424713","0.2933805361390114","0.27630361914634705","0.3083701431751251","0.2211734913289547","0.19502682983875275","0.2503451108932495","0.09311442573865254","0.08085940778255463","0.10192007571458817","0.0989394560456276","0.0833418145775795","0.1116088330745697"
"411","0.10166980139911175","0.09382401406764984","0.1103367730975151","0.3113154098391533","0.30265823006629944","0.3224427402019501","0.22842688858509064","0.20831376314163208","0.26362353563308716","0.10445536673069","0.10118577629327774","0.10882067680358887","0.1035368014127016","0.09661920368671417","0.11116227507591248"
"412","0.09873521700501442","0.07728724181652069","0.11232908815145493","0.28051334619522095","0.25812453031539917","0.3006545305252075","0.22684191539883614","0.19241942465305328","0.27392399311065674","0.10552538683017094","0.09888768196105957","0.11289889365434647","0.10106130130589008","0.08037205785512924","0.1174292117357254"
"413","0.10219389759004116","0.09118489176034927","0.11423750221729279","0.3071899563074112","0.2932811975479126","0.32044917345046997","0.23215338215231895","0.21984261274337769","0.24879591166973114","0.10202511896689732","0.09203075617551804","0.11411909759044647","0.10379831865429878","0.09443041682243347","0.11415840685367584"
"414","0.10255123116075993","0.09481827914714813","0.10973098129034042","0.3009445294737816","0.29035520553588867","0.30974480509757996","0.24210388958454132","0.22402028739452362","0.28431734442710876","0.10346157848834991","0.09456965327262878","0.11102977395057678","0.10458360612392426","0.095735564827919","0.11347100883722305"
"415","0.10701976902782917","0.09831840544939041","0.12223891168832779","0.3032936453819275","0.2902376651763916","0.32993730902671814","0.233334731310606","0.21601200103759766","0.2486533224582672","0.10157067080338796","0.09899859875440598","0.10412394255399704","0.1086872611194849","0.10102774947881699","0.1256207525730133"
"416","0.10190903581678867","0.09516039490699768","0.11003987491130829","0.30528178811073303","0.28997015953063965","0.3171529173851013","0.2353089191019535","0.21303454041481018","0.28716009855270386","0.10323553035656612","0.09413453936576843","0.11083491146564484","0.10384131781756878","0.09628669917583466","0.11314421147108078"
"417","0.10439797677099705","0.09570441395044327","0.11090229451656342","0.31491634994745255","0.3115472197532654","0.3180237412452698","0.23786157742142677","0.22148409485816956","0.27812278270721436","0.10673812280098598","0.10310014337301254","0.11154773831367493","0.10582681372761726","0.09818065166473389","0.11358248442411423"
"418","0.11636734753847122","0.10692134499549866","0.12901006639003754","0.315973237156868","0.30776625871658325","0.330691397190094","0.2545332796871662","0.23578014969825745","0.3055376410484314","0.11816119650999705","0.10732217133045197","0.13010230660438538","0.11814089678227901","0.10708639770746231","0.1323779821395874"
"419","0.10732389986515045","0.09697861224412918","0.12185674905776978","0.3131221532821655","0.2976524233818054","0.34432530403137207","0.24287164956331253","0.22041043639183044","0.3013845980167389","0.1106602003177007","0.0979897528886795","0.12407003343105316","0.1098211444914341","0.09838875383138657","0.1266801506280899"
"420","0.10020284354686737","0.09056061506271362","0.1116250678896904","0.3052363023161888","0.2932088375091553","0.3317011594772339","0.22293483465909958","0.20364201068878174","0.2499917596578598","0.09614744285742442","0.08905499428510666","0.10210391134023666","0.1026483029127121","0.09169766306877136","0.11617176979780197"
"421","0.10575841926038265","0.09210845828056335","0.1155698150396347","0.3146342262625694","0.2974609136581421","0.3316608965396881","0.22906827181577682","0.19750085473060608","0.2687961161136627","0.10278468827406566","0.09074003249406815","0.1158302053809166","0.10782661102712154","0.09232687950134277","0.11864038556814194"
"422","0.09400288388133049","0.08699285984039307","0.09918747842311859","0.29746388643980026","0.2903778553009033","0.3074710965156555","0.22516222298145294","0.20465612411499023","0.26940980553627014","0.0969177857041359","0.09341106563806534","0.10197842866182327","0.0961462240666151","0.09039075672626495","0.10286831855773926"
"423","0.10779199562966824","0.09387348592281342","0.12077886611223221","0.31494008749723434","0.29389825463294983","0.3306046724319458","0.2443777322769165","0.2344857156276703","0.2534034848213196","0.10831532627344131","0.09461341798305511","0.12115277349948883","0.10971428640186787","0.09657107293605804","0.12124477326869965"
"424","0.10583223775029182","0.10186411440372467","0.11098005622625351","0.31272420287132263","0.3056230843067169","0.31764912605285645","0.2412378415465355","0.21758820116519928","0.26961761713027954","0.10669227441151936","0.1033029854297638","0.10940424352884293","0.10797137767076492","0.10253308713436127","0.11160029470920563"
"425","0.09853586181998253","0.09057757258415222","0.10626047104597092","0.28796587884426117","0.2768925130367279","0.30121880769729614","0.22756635397672653","0.21530619263648987","0.24101577699184418","0.10078987727562587","0.09193543344736099","0.1053394079208374","0.10030495375394821","0.09403827786445618","0.10734716802835464"
"426","0.11217442527413368","0.10515983402729034","0.12362849712371826","0.31430407613515854","0.3005675673484802","0.32851237058639526","0.24432190135121346","0.22244875133037567","0.2877207398414612","0.11176453282435735","0.10400649160146713","0.1262575387954712","0.1136324554681778","0.10473359376192093","0.1270502358675003"
"427","0.11290503852069378","0.10536210238933563","0.11907272785902023","0.3202250152826309","0.311262309551239","0.32902613282203674","0.24399767443537712","0.22962065041065216","0.2646568715572357","0.11134847005208333","0.10638569295406342","0.11755843460559845","0.11472165212035179","0.1091528832912445","0.12047405540943146"
"428","0.1070826668292284","0.10299817472696304","0.11236091703176498","0.305025152862072","0.29593029618263245","0.3112907111644745","0.23717910796403885","0.223672017455101","0.2692963480949402","0.10647410899400711","0.10165158659219742","0.11078764498233795","0.10888455249369144","0.10407408326864243","0.11255104839801788"
"429","0.10596493072807789","0.1003803014755249","0.11533773690462112","0.30477088689804077","0.2986273169517517","0.3094272315502167","0.2331773042678833","0.21692907810211182","0.2598015367984772","0.10827154914538066","0.10505619645118713","0.11443798243999481","0.10778219997882843","0.10319240391254425","0.11565488576889038"
"430","0.10161808133125305","0.09065204113721848","0.10979191958904266","0.2925945147871971","0.27841341495513916","0.3032382130622864","0.23995715379714966","0.2097700536251068","0.26335999369621277","0.09892887870470683","0.08876350522041321","0.10865525156259537","0.1035590898245573","0.0908312052488327","0.11388712376356125"
"431","0.10554007440805435","0.09314703941345215","0.11415008455514908","0.302190937101841","0.2789963483810425","0.3209782838821411","0.22564511746168137","0.19920474290847778","0.24984151124954224","0.10420256356398265","0.09240487217903137","0.11221809685230255","0.10725324228405952","0.09241490066051483","0.1147061213850975"
"432","0.09954769536852837","0.09606097638607025","0.10389058291912079","0.3121781721711159","0.3056526184082031","0.31895822286605835","0.22057855501770973","0.2045612931251526","0.25197499990463257","0.1010414610306422","0.09953981637954712","0.10370485484600067","0.10124419815838337","0.09862514585256577","0.10478909313678741"
"433","0.10481023229658604","0.09878535568714142","0.11088336259126663","0.2951650023460388","0.28304553031921387","0.30877912044525146","0.23156897351145744","0.21571093797683716","0.27210310101509094","0.1073053702712059","0.10295607894659042","0.11248519271612167","0.10674942098557949","0.10145486891269684","0.11515969038009644"
"434","0.10811629518866539","0.09750057011842728","0.12574872374534607","0.3127695918083191","0.30077558755874634","0.3303813934326172","0.2360842414200306","0.21210336685180664","0.2589687705039978","0.11097677052021027","0.09814547002315521","0.12523694336414337","0.10992367565631866","0.09991204738616943","0.12620750069618225"
"435","0.10526394844055176","0.08987481892108917","0.11314093321561813","0.3056257516145706","0.2808271646499634","0.3219841718673706","0.23620983958244324","0.20515671372413635","0.2732590138912201","0.10295792172352473","0.09010826051235199","0.11269763857126236","0.10737651400268078","0.09052100777626038","0.11735127866268158"
"436","0.10040520876646042","0.09279932081699371","0.1052493304014206","0.29664748907089233","0.28425997495651245","0.3041250705718994","0.22526643425226212","0.20616745948791504","0.25941622257232666","0.10308057069778442","0.10102736949920654","0.10554623603820801","0.10311719961464405","0.10039148479700089","0.10781758278608322"
"437","0.10168008506298065","0.09418784826993942","0.11193696409463882","0.2892168238759041","0.2805367112159729","0.2987631559371948","0.23013683035969734","0.20952346920967102","0.2570892572402954","0.10334701587756474","0.09703347831964493","0.11091576516628265","0.10363038443028927","0.09824543446302414","0.11210136115550995"
"438","0.10763875395059586","0.10439752042293549","0.11276170611381531","0.31199096888303757","0.3045966625213623","0.3180219233036041","0.23302298784255981","0.2224053144454956","0.2573922276496887","0.1089124505718549","0.10416348278522491","0.11309699714183807","0.10952454432845116","0.10626158118247986","0.1128002181649208"
"439","0.10692217200994492","0.1015150398015976","0.11346764862537384","0.3008466884493828","0.28971347212791443","0.31598055362701416","0.23459568619728088","0.2194996476173401","0.25243473052978516","0.1052999198436737","0.10391490161418915","0.10737074911594391","0.10869097150862217","0.10334616899490356","0.11792906373739243"
"440","0.10441263765096664","0.0876501202583313","0.11545856297016144","0.30777112394571304","0.28664565086364746","0.3225865960121155","0.22787005826830864","0.19842416048049927","0.2662643790245056","0.10987061510483424","0.10443086177110672","0.1135299950838089","0.10669073648750782","0.09185297042131424","0.1159551590681076"
"441","0.09871619008481503","0.09208191931247711","0.10358576476573944","0.2993607670068741","0.28135034441947937","0.30567264556884766","0.22318276390433311","0.197617769241333","0.2562752962112427","0.09668110559384029","0.0922035425901413","0.1045742779970169","0.10036238096654415","0.09178069233894348","0.10693952441215515"
"443","0.10137663967907429","0.09595329314470291","0.10951763391494751","0.2963034361600876","0.2885132431983948","0.3061540722846985","0.234330702573061","0.21625645458698273","0.2572678327560425","0.10130919267733891","0.09528087079524994","0.1103304997086525","0.10368987172842026","0.09669659286737442","0.10963797569274902"
"444","0.10339045710861683","0.09323733299970627","0.10900828242301941","0.28606414049863815","0.27892735600471497","0.29136043787002563","0.2268221527338028","0.21603193879127502","0.2435120940208435","0.10226454585790634","0.09420044720172882","0.10943533480167389","0.10599121823906898","0.09750398993492126","0.11030185222625732"
"445","0.11053180508315563","0.09751188009977341","0.12401260435581207","0.3089519813656807","0.2922322452068329","0.32316938042640686","0.24588942527770996","0.21843427419662476","0.2799849808216095","0.1056067297856013","0.09565406292676926","0.11548756808042526","0.11205768957734108","0.09752011299133301","0.12695854902267456"
"446","0.09903268702328205","0.09063339978456497","0.10467949509620667","0.31064265966415405","0.2878015637397766","0.33828914165496826","0.2212410494685173","0.20198321342468262","0.2493954300880432","0.09707431495189667","0.0909014418721199","0.10194706916809082","0.100627850741148","0.09124128520488739","0.10805641114711761"
"447","0.10610884614288807","0.09795087575912476","0.10987728089094162","0.30251895636320114","0.2946188747882843","0.3070834279060364","0.22405897825956345","0.20627331733703613","0.257907509803772","0.10463948796192805","0.09841030836105347","0.109290212392807","0.10793990828096867","0.09822098165750504","0.11359964311122894"
"448","0.10015306808054447","0.09503897279500961","0.1053633764386177","0.3082519993185997","0.29883745312690735","0.3255840241909027","0.22378937527537346","0.20673160254955292","0.24530723690986633","0.10106868048508962","0.09717244654893875","0.10367516428232193","0.10191285982728004","0.09797418862581253","0.10668731480836868"
"449","0.10148023813962936","0.09480717033147812","0.1095723956823349","0.28925302624702454","0.2733296751976013","0.307699978351593","0.2290184535086155","0.2198333442211151","0.237857386469841","0.1015574187040329","0.09588010609149933","0.10927145183086395","0.10343912988901138","0.09846614301204681","0.11018073558807373"
"450","0.10853093303740025","0.09188851714134216","0.11728872358798981","0.29652854800224304","0.2751481831073761","0.3132784068584442","0.23503452911973","0.205238476395607","0.2705567181110382","0.11344198882579803","0.10890578478574753","0.11779940873384476","0.11020739562809467","0.09509869664907455","0.11979448050260544"
"451","0.10671907849609852","0.09976081550121307","0.11410153657197952","0.30568237602710724","0.2899637222290039","0.3132374882698059","0.2291651852428913","0.2079886794090271","0.24879425764083862","0.10517007112503052","0.10014746338129044","0.11363331228494644","0.10871009342372417","0.10217373818159103","0.11454808712005615"
"452","0.11223625391721725","0.09555291384458542","0.1287897229194641","0.3088829070329666","0.28597116470336914","0.32308346033096313","0.23529816791415215","0.2196294218301773","0.24346810579299927","0.11461361745993297","0.09623868763446808","0.12913332879543304","0.11400346271693707","0.09821916371583939","0.1293357014656067"
"453","0.10721974447369576","0.10173235833644867","0.11124927550554276","0.3005797117948532","0.2805674374103546","0.31033265590667725","0.2289096862077713","0.20912517607212067","0.26364782452583313","0.1056300550699234","0.10106155276298523","0.10972388088703156","0.10904807038605213","0.10141463577747345","0.11464699357748032"
"454","0.10281004384160042","0.08607377111911774","0.11376485228538513","0.293708011507988","0.27636054158210754","0.30899161100387573","0.2286575809121132","0.19138413667678833","0.26434484124183655","0.09935410817464192","0.08636003732681274","0.11172424256801605","0.10469290614128113","0.08681058138608932","0.11705372482538223"
"455","0.10554671287536621","0.09292128682136536","0.11807278543710709","0.2999827563762665","0.28625380992889404","0.310308575630188","0.22814477235078812","0.21679151058197021","0.23823198676109314","0.1015021950006485","0.09411107003688812","0.10545504093170166","0.10715844854712486","0.09604715555906296","0.12145804613828659"
"456","0.10297580435872078","0.09754195809364319","0.10907938331365585","0.28921153396368027","0.2717010974884033","0.30931296944618225","0.22496073693037033","0.20482255518436432","0.23997968435287476","0.10142948478460312","0.09786555916070938","0.10704430192708969","0.10488558374345303","0.09758725762367249","0.11078768223524094"
"457","0.10368864610791206","0.08937402069568634","0.11373195052146912","0.29862818866968155","0.2819983661174774","0.3068198561668396","0.22637458890676498","0.20415636897087097","0.2360779047012329","0.10014091432094574","0.08808615058660507","0.11381972581148148","0.10566961206495762","0.08986864238977432","0.11812545359134674"
"458","0.10784861072897911","0.09888474643230438","0.11892629414796829","0.3022081181406975","0.2874941825866699","0.3231971859931946","0.23051733523607254","0.21894802153110504","0.24373741447925568","0.10871856411298116","0.09893889725208282","0.11823545396327972","0.1092087235301733","0.10131938755512238","0.11890163272619247"
"459","0.10316798649728298","0.09328646957874298","0.11105852574110031","0.2892828956246376","0.27414342761039734","0.29989874362945557","0.22560005635023117","0.206027090549469","0.2604275047779083","0.1064101109902064","0.10010620206594467","0.11213511973619461","0.10528822615742683","0.09713168442249298","0.11462125182151794"
"460","0.10930637270212173","0.10343323647975922","0.11556258797645569","0.3080720975995064","0.295681893825531","0.3214535415172577","0.23377354815602303","0.2163315862417221","0.254652738571167","0.10694501797358195","0.104194775223732","0.10866894572973251","0.11134195514023304","0.10662497580051422","0.11948338150978088"
"461","0.10253972001373768","0.09093218296766281","0.1163601279258728","0.29126858711242676","0.26758837699890137","0.31670594215393066","0.2234194092452526","0.19923053681850433","0.27249807119369507","0.10575520992279053","0.0907120481133461","0.11845607310533524","0.10478791035711765","0.09200888872146606","0.12057982385158539"
"462","0.10717350617051125","0.09672964364290237","0.11681433022022247","0.3032613769173622","0.28760483860969543","0.31783056259155273","0.2327653169631958","0.22436417639255524","0.24111279845237732","0.10763699064652126","0.09922564029693604","0.1155516505241394","0.10954833030700684","0.10058053582906723","0.11805859208106995"
"463","0.10031535290181637","0.09374075382947922","0.10766629874706268","0.28488586097955704","0.2770996689796448","0.2947453558444977","0.22165638580918312","0.20478194952011108","0.25810909271240234","0.09918216367562611","0.09227786958217621","0.10776257514953613","0.10223960131406784","0.09373848885297775","0.11066743731498718"
"464","0.10540458932518959","0.09978640079498291","0.10912143439054489","0.2909441962838173","0.2864880859851837","0.29833313822746277","0.22583046928048134","0.2116081267595291","0.24412137269973755","0.10394012928009033","0.10001174360513687","0.10790158063173294","0.10703948698937893","0.10224808007478714","0.1121268942952156"
"465","0.10638927668333054","0.09167306870222092","0.11528317630290985","0.29908280074596405","0.28271862864494324","0.31398385763168335","0.22654229775071144","0.21744945645332336","0.23434659838676453","0.10501959919929504","0.09221543371677399","0.11524521559476852","0.10841468162834644","0.09377362579107285","0.1169949471950531"
"466","0.09415352903306484","0.09048398584127426","0.09672434628009796","0.2860995903611183","0.2683563232421875","0.29348811507225037","0.21816232800483704","0.20314659178256989","0.24461281299591064","0.09264080226421356","0.09015215188264847","0.09564147889614105","0.09675279259681702","0.0926344096660614","0.10144472122192383"
"467","0.09812742471694946","0.08889470994472504","0.10504758358001709","0.281864695250988","0.2761196792125702","0.28830111026763916","0.22640385851264","0.21786615252494812","0.24304260313510895","0.09737774233023326","0.09032458066940308","0.1038905456662178","0.10092465579509735","0.09323757886886597","0.10559970140457153"
"468","0.10536681860685349","0.09815728664398193","0.11106503009796143","0.3057241663336754","0.3001667559146881","0.3198114335536957","0.22648261860013008","0.2135474979877472","0.24812182784080505","0.10682136068741481","0.10283342003822327","0.1096300408244133","0.10855413042008877","0.10386265069246292","0.11266673356294632"
"469","0.09493094682693481","0.08692023158073425","0.10257682204246521","0.29174695909023285","0.27520525455474854","0.3061612844467163","0.22441894561052322","0.20735591650009155","0.24682363867759705","0.09319343666235606","0.08755864202976227","0.10039511322975159","0.09787735529243946","0.08869309723377228","0.10481125116348267"
"470","0.09749836660921574","0.08827713131904602","0.10383154451847076","0.2909531965851784","0.2755487859249115","0.2969174385070801","0.2230592630803585","0.20302774012088776","0.248908132314682","0.09965507437785466","0.0976787731051445","0.10119958221912384","0.09993761032819748","0.09248888492584229","0.10452011972665787"
"471","0.10569357685744762","0.09810429811477661","0.11339767277240753","0.3035893589258194","0.2974918782711029","0.3152593970298767","0.24087616428732872","0.22358183562755585","0.2779403328895569","0.10565187782049179","0.0976206436753273","0.11325094848871231","0.10909656248986721","0.10013600438833237","0.11824613809585571"
"472","0.0995591189712286","0.08921307325363159","0.11688397824764252","0.30345242470502853","0.2875415086746216","0.33787330985069275","0.23117001354694366","0.2117232382297516","0.25183480978012085","0.09305612991253535","0.08855947107076645","0.09708429127931595","0.10236857272684574","0.0923231914639473","0.1228560209274292"
"473","0.10146525502204895","0.09526246786117554","0.10799245536327362","0.3020760640501976","0.2956262230873108","0.31584805250167847","0.23098289221525192","0.20960155129432678","0.2673064172267914","0.10359296947717667","0.09518466889858246","0.10825538635253906","0.10452469997107983","0.09657308459281921","0.11221102625131607"
"474","0.09258580021560192","0.08720459043979645","0.10373000055551529","0.2918957993388176","0.27656662464141846","0.3143385350704193","0.2187182381749153","0.2025134265422821","0.24519996345043182","0.08864373465379079","0.08673325181007385","0.09036289900541306","0.09538944624364376","0.0882822722196579","0.10861451178789139"
"475","0.09719191864132881","0.08744073659181595","0.10608653724193573","0.29662857204675674","0.28998446464538574","0.30633407831192017","0.2172822207212448","0.20846663415431976","0.23144927620887756","0.09652329236268997","0.08745307475328445","0.10406476259231567","0.09963722713291645","0.09099168330430984","0.10640136897563934"
"476","0.09767253510653973","0.08268959820270538","0.11158740520477295","0.29391005635261536","0.2783927917480469","0.30488601326942444","0.22546659037470818","0.1983707696199417","0.252850741147995","0.0948966642220815","0.08241080492734909","0.10763312131166458","0.09979901649057865","0.08339078724384308","0.1112014651298523"
"477","0.10310445167124271","0.10111799091100693","0.1048336923122406","0.30498453229665756","0.30139145255088806","0.3114278316497803","0.2323409542441368","0.22046878933906555","0.26370373368263245","0.10346952577431996","0.10072984546422958","0.10564503818750381","0.10603955201804638","0.10299713164567947","0.10755854845046997"
"478","0.09500015527009964","0.08324067294597626","0.10093715786933899","0.28525731712579727","0.2710094749927521","0.29166707396507263","0.2208423689007759","0.21494710445404053","0.228590726852417","0.09323713680108388","0.08413880318403244","0.09808389097452164","0.09734181873500347","0.08682693541049957","0.1035551130771637"
"479","0.10027268528938293","0.08649689704179764","0.11450354754924774","0.29955557733774185","0.27401280403137207","0.32590803503990173","0.22617397084832191","0.19759441912174225","0.2632206082344055","0.10437715550263722","0.09449383616447449","0.11561435461044312","0.1025274321436882","0.09047777950763702","0.11589683592319489"
"480","0.0969561766833067","0.09280622005462646","0.10180063545703888","0.2863580137491226","0.2760383188724518","0.2917346656322479","0.2255401723086834","0.21510110795497894","0.2493116855621338","0.09623364855845769","0.0909474790096283","0.10186725854873657","0.09957407601177692","0.09339302033185959","0.10338114202022552"
"481","0.101987449452281","0.09042517840862274","0.11378608644008636","0.2908990979194641","0.27627336978912354","0.3075633645057678","0.2271927073597908","0.20916369557380676","0.23829522728919983","0.10262727737426758","0.08962053060531616","0.1136941909790039","0.10433967597782612","0.09285544604063034","0.11491422355175018"
"482","0.09629982709884644","0.08885154873132706","0.09965536743402481","0.2868930250406265","0.27591627836227417","0.2942824959754944","0.21651651710271835","0.1992761790752411","0.24648267030715942","0.0980492780605952","0.09705138951539993","0.09948423504829407","0.09879888407886028","0.09389226138591766","0.1033918485045433"
"483","0.10342465341091156","0.09780336171388626","0.11654583364725113","0.300427682697773","0.2840067446231842","0.3219412565231323","0.23333455994725227","0.21694284677505493","0.2505108714103699","0.10382025688886642","0.0980086550116539","0.11367674171924591","0.10636350698769093","0.09906306862831116","0.11731871962547302"
"484","0.10598558560013771","0.10095910727977753","0.11510947346687317","0.30565839260816574","0.3028623163700104","0.30864766240119934","0.2334742322564125","0.22078940272331238","0.25438231229782104","0.1057465672492981","0.10113675147294998","0.11115550994873047","0.10872309096157551","0.10461881756782532","0.11496806144714355"
"485","0.09575898945331573","0.08923465758562088","0.10028417408466339","0.27972107380628586","0.27269938588142395","0.28670844435691833","0.2212863750755787","0.2125023603439331","0.24409309029579163","0.09482035785913467","0.08918888121843338","0.09834897518157959","0.09821361303329468","0.09036538004875183","0.10167752206325531"
"486","0.10455118119716644","0.09193065762519836","0.11899502575397491","0.3049970418214798","0.27744731307029724","0.3270708918571472","0.232206542044878","0.20161642134189606","0.27529627084732056","0.10394206643104553","0.08984461426734924","0.11880937218666077","0.10705985315144062","0.09211698174476624","0.12290343642234802"
"487","0.09737729281187057","0.09335950016975403","0.10212908685207367","0.2922472581267357","0.28607892990112305","0.3040226697921753","0.22181664034724236","0.21262019872665405","0.23793846368789673","0.09499651441971461","0.09324125200510025","0.0976807028055191","0.09981524012982845","0.09496554732322693","0.10756386071443558"
"488","0.10162224620580673","0.09624585509300232","0.10447819530963898","0.30209634453058243","0.289193719625473","0.3106365203857422","0.22644472494721413","0.22141127288341522","0.23910529911518097","0.10000059256951015","0.09589669108390808","0.10225177556276321","0.10417968593537807","0.09944968670606613","0.10881809890270233"
"489","0.09736156649887562","0.08469649404287338","0.11531528830528259","0.28596602380275726","0.2719929814338684","0.3107811212539673","0.22278261929750443","0.20137713849544525","0.24124474823474884","0.09094927708307902","0.08516494929790497","0.09685122966766357","0.10041346587240696","0.08707216382026672","0.11996777355670929"
"490","0.09077014774084091","0.08286188542842865","0.10671696811914444","0.28484903275966644","0.2720402181148529","0.3055307865142822","0.21429559215903282","0.19241775572299957","0.2399689257144928","0.08522699524958928","0.0811242014169693","0.09010049700737","0.09352234192192554","0.08282420039176941","0.11152736842632294"
"491","0.09883524104952812","0.09458518028259277","0.10553789138793945","0.29071055352687836","0.27849245071411133","0.3023660480976105","0.22225897386670113","0.204205721616745","0.24953100085258484","0.09779683500528336","0.09195049852132797","0.1053093746304512","0.10115509107708931","0.09397320449352264","0.10883601754903793"
"492","0.10425250791013241","0.09495068341493607","0.11200734972953796","0.30269836634397507","0.2877412736415863","0.3191397190093994","0.22711826860904694","0.21495677530765533","0.233110249042511","0.10059621681769688","0.09507354348897934","0.10910336673259735","0.10693511553108692","0.09886214882135391","0.11689150333404541"
"493","0.09480537474155426","0.0885910838842392","0.10358116030693054","0.2732227221131325","0.2671102285385132","0.27976953983306885","0.21568498015403748","0.20014767348766327","0.24649354815483093","0.0914112776517868","0.08747977763414383","0.09880760312080383","0.09726919233798981","0.08925369381904602","0.10791149735450745"
"494","0.10387210920453072","0.09157490730285645","0.11616601794958115","0.2886182367801666","0.2744120955467224","0.2976420223712921","0.23554932326078415","0.21519848704338074","0.2719001770019531","0.10261558244625728","0.09121182560920715","0.11649085581302643","0.10628187656402588","0.092646524310112","0.11975786089897156"
"495","0.09940910711884499","0.09122630953788757","0.10716069489717484","0.2867126911878586","0.27244144678115845","0.30304059386253357","0.21485446393489838","0.1945001631975174","0.2513432800769806","0.09905639787515004","0.08861631155014038","0.1074962243437767","0.10204835049808025","0.0919569730758667","0.11046764254570007"
"496","0.09875949285924435","0.08749687671661377","0.1129506379365921","0.29449640959501266","0.28056931495666504","0.3139931857585907","0.2231113724410534","0.20462213456630707","0.23897698521614075","0.10228745887676875","0.09604333341121674","0.11056112498044968","0.10170077160000801","0.09301690012216568","0.11354140937328339"
"497","0.08805282600224018","0.08203011751174927","0.09680712223052979","0.2794671878218651","0.2699970006942749","0.293635755777359","0.21447189524769783","0.2005867213010788","0.24729704856872559","0.088414433101813","0.08213526010513306","0.0967322438955307","0.09032182209193707","0.08317384868860245","0.09942541271448135"
"498","0.093914944678545","0.08536387979984283","0.11030237376689911","0.2754369527101517","0.2584555149078369","0.3134276866912842","0.20849428325891495","0.18924909830093384","0.2290874868631363","0.09623345235983531","0.08663143217563629","0.10927209258079529","0.09635573998093605","0.08836095035076141","0.11119471490383148"
"499","0.094084857031703","0.08465883880853653","0.10054284334182739","0.28165675699710846","0.2642337679862976","0.29781919717788696","0.2174408957362175","0.21101553738117218","0.22504951059818268","0.09148978193600972","0.08519648760557175","0.09875327348709106","0.09653611108660698","0.08784961700439453","0.10581990331411362"
"500","0.0930327158421278","0.08022648096084595","0.10084768384695053","0.2917320728302002","0.272294282913208","0.3048551082611084","0.21295837685465813","0.20902059972286224","0.2216813564300537","0.08929781119028728","0.07989905774593353","0.0951886773109436","0.09561051800847054","0.08335017412900925","0.1069132387638092"
"501","0.10262948088347912","0.09874854236841202","0.11249232292175293","0.29196055233478546","0.27914896607398987","0.3081711530685425","0.23522889614105225","0.21861732006072998","0.2603447139263153","0.10296882937351863","0.09883235394954681","0.1105089858174324","0.10542247630655766","0.10091079771518707","0.11324618756771088"
"502","0.10069242306053638","0.09534968435764313","0.1059708446264267","0.2933446317911148","0.28439295291900635","0.30056634545326233","0.22432474046945572","0.21035583317279816","0.24954256415367126","0.10165172566970189","0.0976218581199646","0.10599520057439804","0.10282708145678043","0.09930369257926941","0.1096232533454895"
"503","0.09458075650036335","0.09064923971891403","0.09938627481460571","0.2766662687063217","0.26875385642051697","0.2858579754829407","0.2172091081738472","0.21101528406143188","0.232288658618927","0.09358049184083939","0.09034178406000137","0.09723883867263794","0.09694094583392143","0.09380681812763214","0.1002873107790947"
"504","0.0978556927293539","0.08968565613031387","0.12016873061656952","0.29142430424690247","0.2771449089050293","0.32307547330856323","0.2200452759861946","0.1986517608165741","0.24618838727474213","0.09903101623058319","0.08634326606988907","0.12115000933408737","0.10062991827726364","0.08922655135393143","0.12254338711500168"
"505","0.0933592189103365","0.08858003467321396","0.09809631109237671","0.2879346013069153","0.2833085358142853","0.30020642280578613","0.2231494076550007","0.2127673625946045","0.23175911605358124","0.09300317615270615","0.0889524444937706","0.09930276870727539","0.09629828669130802","0.09235551953315735","0.1009054034948349"
"506","0.09611123986542225","0.08433158695697784","0.10645883530378342","0.28536518663167953","0.2720978856086731","0.30352821946144104","0.2187817059457302","0.20031504333019257","0.2265918254852295","0.09852800518274307","0.08850035816431046","0.10599559545516968","0.09873767755925655","0.08975766599178314","0.1078241616487503"
"507","0.10290970839560032","0.08899515867233276","0.11500111222267151","0.292328342795372","0.2725856900215149","0.3088761270046234","0.22997115552425385","0.20400404930114746","0.26236820220947266","0.09956391404072444","0.08789427578449249","0.11463795602321625","0.10580392368137836","0.08998190611600876","0.11870089173316956"
"508","0.09896376542747021","0.09251762926578522","0.11593887209892273","0.29537805169820786","0.27838826179504395","0.3226800560951233","0.2272823043167591","0.2142539918422699","0.2403641939163208","0.10005771368741989","0.09301737695932388","0.11380419135093689","0.10166249237954617","0.09427032619714737","0.11635088920593262"
"509","0.10485419444739819","0.1023210808634758","0.11032865941524506","0.29659944027662277","0.286455899477005","0.309462308883667","0.22752920538187027","0.21631255745887756","0.2556851804256439","0.10472080111503601","0.10174769163131714","0.11003340780735016","0.10718083381652832","0.10418485105037689","0.11404383182525635"
"510","0.10008745081722736","0.09532366693019867","0.1071692705154419","0.2993101105093956","0.27998656034469604","0.3165300190448761","0.23024019226431847","0.21757109463214874","0.2471836805343628","0.09705142180124919","0.09487587958574295","0.09909467399120331","0.10257484577596188","0.09613081067800522","0.11196309328079224"
"511","0.09129316546022892","0.08210274577140808","0.09922747313976288","0.28478601574897766","0.26707929372787476","0.29321834444999695","0.21063942462205887","0.19312234222888947","0.23868225514888763","0.09129365781943004","0.08185314387083054","0.09743766486644745","0.09378633089363575","0.08334323763847351","0.0997525304555893"
"512","0.104369405657053","0.10020741820335388","0.11112949997186661","0.3031681180000305","0.2948809266090393","0.3224782645702362","0.22518306598067284","0.21389231085777283","0.24189330637454987","0.10319023579359055","0.09699542820453644","0.11128775775432587","0.10704927332699299","0.10064660757780075","0.11288456618785858"
"513","0.0938679464161396","0.08499784767627716","0.10084927082061768","0.28282690048217773","0.26006045937538147","0.29472026228904724","0.21688325330615044","0.19683513045310974","0.24750715494155884","0.09150147934754689","0.08454295992851257","0.09691277891397476","0.09558931738138199","0.08643639087677002","0.09966369718313217"
"514","0.09302211925387383","0.08529479801654816","0.09750635921955109","0.277716763317585","0.2640836238861084","0.2877947986125946","0.21537544578313828","0.2054656594991684","0.22892746329307556","0.09062740703423817","0.08546531200408936","0.09450782835483551","0.09496388398110867","0.08581334352493286","0.10128480941057205"
"515","0.08689708076417446","0.07576815038919449","0.10013742744922638","0.26677384227514267","0.2548103332519531","0.28461119532585144","0.19543245062232018","0.1716504544019699","0.21164558827877045","0.08178745210170746","0.0755445584654808","0.0858987346291542","0.08906852453947067","0.07636868208646774","0.10485050082206726"
"516","0.09515313431620598","0.08501721918582916","0.10113783180713654","0.27416741847991943","0.2577921748161316","0.2828446924686432","0.208833247423172","0.18523827195167542","0.23414495587348938","0.09334872166315715","0.08158474415540695","0.10238877683877945","0.09746010974049568","0.08428173512220383","0.1056332141160965"
"517","0.11062085814774036","0.1066599190235138","0.11444243043661118","0.3057911917567253","0.29755690693855286","0.3190873861312866","0.23184683546423912","0.21633772552013397","0.2423417866230011","0.10787795235713322","0.10466744750738144","0.11361151188611984","0.11343001015484333","0.10817264765501022","0.11993532627820969"
"518","0.09802753292024136","0.08214161545038223","0.10684440284967422","0.27313923463225365","0.24064098298549652","0.2882213294506073","0.21975669637322426","0.19035568833351135","0.2460424154996872","0.10281297564506531","0.10024937987327576","0.10507294535636902","0.10018729604780674","0.08640287816524506","0.10716322809457779"
"519","0.09900086186826229","0.08709090203046799","0.10878238081932068","0.28018034249544144","0.27099189162254333","0.2957024872303009","0.21471114829182625","0.19278576970100403","0.23696935176849365","0.0953384389479955","0.0872451663017273","0.10527878999710083","0.10181385837495327","0.08836265653371811","0.11532558500766754"
"520","0.0967769380658865","0.08830118179321289","0.10311384499073029","0.27658063918352127","0.2732921838760376","0.28088101744651794","0.21553874760866165","0.20051594078540802","0.2319539487361908","0.09909547368685405","0.09698687493801117","0.10303965210914612","0.09895476140081882","0.09202227741479874","0.10433296859264374"
"521","0.10018490627408028","0.08373042941093445","0.11707791686058044","0.2911389619112015","0.2681442201137543","0.30728721618652344","0.22955765575170517","0.20212627947330475","0.25624045729637146","0.10442572335402171","0.09355022758245468","0.11604700237512589","0.1022688988596201","0.08877309411764145","0.11776730418205261"
"522","0.10057301446795464","0.08831571042537689","0.11749158799648285","0.28830791264772415","0.2806476354598999","0.2993452548980713","0.22051867097616196","0.19823235273361206","0.2615954279899597","0.10077589998642604","0.08716948330402374","0.1181468814611435","0.10275785066187382","0.08909830451011658","0.12101560086011887"
"523","0.09856205247342587","0.09188350290060043","0.1058327704668045","0.2869105786085129","0.27323129773139954","0.3014458417892456","0.21492444351315498","0.20080316066741943","0.2288886308670044","0.09554718434810638","0.09191989153623581","0.1004864051938057","0.10137784667313099","0.09529156237840652","0.11138240993022919"
"524","0.09435405768454075","0.09150804579257965","0.09674621373414993","0.2868909314274788","0.26976191997528076","0.2987947165966034","0.2130974680185318","0.2059432566165924","0.2220151424407959","0.0922177682320277","0.091016486287117","0.09428171813488007","0.09635688923299313","0.09272821247577667","0.10118506848812103"
"525","0.10022561252117157","0.0927293673157692","0.10919424891471863","0.28395654261112213","0.2627033591270447","0.2971571683883667","0.220445204526186","0.2041904330253601","0.23596495389938354","0.09677304824193318","0.09343372285366058","0.10022067278623581","0.10283398069441319","0.09353693574666977","0.11444029957056046"
"526","0.09907720610499382","0.08949770033359528","0.10770554840564728","0.2820196971297264","0.2691406309604645","0.2908717393875122","0.21715131774544716","0.20442155003547668","0.22891905903816223","0.09737963726123174","0.09011289477348328","0.10533139109611511","0.10180895030498505","0.09348783642053604","0.10867895185947418"
"527","0.09846347197890282","0.09660302102565765","0.10003890842199326","0.28844208270311356","0.28378209471702576","0.29451751708984375","0.21968933194875717","0.20818856358528137","0.23988546431064606","0.09772720684607823","0.0953454002737999","0.1000446155667305","0.10055962204933167","0.09715046733617783","0.10408461093902588"
"528","0.10232094116508961","0.09593059122562408","0.10958787798881531","0.29504410922527313","0.2842586636543274","0.3041517734527588","0.22637242451310158","0.20957520604133606","0.2498541921377182","0.10400008658568065","0.09957459568977356","0.10891766846179962","0.1049863900989294","0.10023385286331177","0.11092794686555862"
"529","0.09304316155612469","0.08625093847513199","0.10023464262485504","0.2821225970983505","0.271008163690567","0.290494441986084","0.21296776458621025","0.19546228647232056","0.2350264936685562","0.08987246702114741","0.08378297090530396","0.09786739945411682","0.09527306072413921","0.08609644323587418","0.10510773211717606"
"530","0.0955905094742775","0.08547801524400711","0.10006193816661835","0.2841023951768875","0.270402729511261","0.29991209506988525","0.22506918758153915","0.20216429233551025","0.2474188655614853","0.09824679046869278","0.09690506011247635","0.10092790424823761","0.0981190837919712","0.09021811187267303","0.10437469184398651"
"531","0.09766220115125179","0.0883878618478775","0.10535258054733276","0.29569071531295776","0.2769388258457184","0.31262755393981934","0.2121104970574379","0.2021845579147339","0.22579917311668396","0.09429592142502467","0.08920232951641083","0.09853878617286682","0.09996784292161465","0.09236885607242584","0.10992559790611267"
"532","0.09935883060097694","0.0948486328125","0.1024165153503418","0.29328329861164093","0.2849862575531006","0.30525821447372437","0.22022219002246857","0.20917189121246338","0.23453335464000702","0.09729531904061635","0.09197421371936798","0.10079928487539291","0.10179807990789413","0.09463513642549515","0.10767380893230438"
"533","0.09887596778571606","0.09217070043087006","0.10970890522003174","0.2911255583167076","0.2804797887802124","0.3010919690132141","0.21723823249340057","0.2093116044998169","0.22796010971069336","0.09775853405396144","0.0918692871928215","0.10863403975963593","0.10089200735092163","0.09516461193561554","0.10972180962562561"
"534","0.09872688353061676","0.09182387590408325","0.11220157146453857","0.2796424999833107","0.269828736782074","0.2969561517238617","0.21868563443422318","0.2034340500831604","0.22912845015525818","0.09819935262203217","0.09088163077831268","0.11109326779842377","0.10112444125115871","0.09367452561855316","0.11317002028226852"
"536","0.10099923051893711","0.08912342041730881","0.11509819328784943","0.2829419821500778","0.26183196902275085","0.3045347034931183","0.22810884192585945","0.2062952071428299","0.2415686696767807","0.09527695178985596","0.0890277624130249","0.10019803047180176","0.10362867638468742","0.08991505205631256","0.1208278238773346"
"537","0.10344954580068588","0.09739978611469269","0.11516056954860687","0.2926860824227333","0.28843629360198975","0.30146071314811707","0.22141549736261368","0.21126078069210052","0.24970099329948425","0.10452751815319061","0.09692223370075226","0.1159847229719162","0.10609897039830685","0.10034114867448807","0.11906031519174576"
"538","0.09199966862797737","0.08192667365074158","0.10566926747560501","0.26761067658662796","0.2578384578227997","0.2918822169303894","0.20781724527478218","0.1904188096523285","0.22712428867816925","0.09291836122671764","0.08200912177562714","0.10467997193336487","0.09416726976633072","0.0844302624464035","0.10668542981147766"
"539","0.10355737060308456","0.09526538848876953","0.1091887578368187","0.2984562888741493","0.28821122646331787","0.3069217801094055","0.22417430579662323","0.21713387966156006","0.2295703887939453","0.10223159442345302","0.0967421606183052","0.10845166444778442","0.10672831535339355","0.09909603744745255","0.11360426247119904"
"540","0.10558323562145233","0.0896267369389534","0.12075705826282501","0.28950968384742737","0.2677961587905884","0.31070318818092346","0.21463483944535255","0.20866674184799194","0.22746866941452026","0.10368875414133072","0.09048881381750107","0.11787340044975281","0.10777335241436958","0.09322016686201096","0.12064456939697266"
"541","0.09923453070223331","0.08967283368110657","0.11017075926065445","0.29301684349775314","0.2758043706417084","0.30617618560791016","0.2228574976325035","0.20074701309204102","0.2525167763233185","0.1012583573659261","0.08972806483507156","0.10852040350437164","0.10189446993172169","0.09111568331718445","0.11109790205955505"
"542","0.09497766755521297","0.08743083477020264","0.1056341677904129","0.2790178954601288","0.27138352394104004","0.2901204526424408","0.21141956746578217","0.19747182726860046","0.22543182969093323","0.09691404799620311","0.0903148502111435","0.10519330948591232","0.09742855653166771","0.0915466919541359","0.10695754736661911"
"543","0.09691708534955978","0.07733681052923203","0.11066531389951706","0.2726360820233822","0.23391036689281464","0.29941433668136597","0.21965638548135757","0.18678583204746246","0.26215749979019165","0.10223561028639476","0.093768410384655","0.11107747256755829","0.09908519312739372","0.08104968816041946","0.11417435109615326"
"544","0.09505080431699753","0.08088789135217667","0.11561959981918335","0.2780550941824913","0.2568116784095764","0.3102387487888336","0.2131943479180336","0.1878402680158615","0.23227974772453308","0.0989375188946724","0.08923251926898956","0.11526922136545181","0.09705200977623463","0.08434326946735382","0.11602843552827835"
"545","0.10259419120848179","0.09060418605804443","0.11718989163637161","0.29177334159612656","0.2668286859989166","0.3110247850418091","0.22002536803483963","0.19765669107437134","0.23703482747077942","0.09693201134602229","0.08988801389932632","0.104363352060318","0.10483268275856972","0.09136731922626495","0.12152895331382751"
"546","0.0941145047545433","0.09331364929676056","0.09524461627006531","0.28584587574005127","0.28169092535972595","0.29505738615989685","0.21340983361005783","0.2047913670539856","0.22953256964683533","0.09379069010416667","0.09353415668010712","0.09400241076946259","0.09622892364859581","0.09466518461704254","0.09784871339797974"
"547","0.10258469916880131","0.0956972986459732","0.10854354500770569","0.2887982204556465","0.27943769097328186","0.29589396715164185","0.21995509788393974","0.20754311978816986","0.2382829636335373","0.09963387995958328","0.09529289603233337","0.10417185723781586","0.10489835776388645","0.09665077924728394","0.11363746225833893"
"548","0.10204748436808586","0.09482035040855408","0.10662631690502167","0.2806457281112671","0.2663986384868622","0.3026454448699951","0.22096886113286018","0.2016153484582901","0.24542008340358734","0.10445489237705867","0.10032860189676285","0.10719577968120575","0.10482725128531456","0.09988036751747131","0.10938502848148346"
"549","0.10136903077363968","0.09762846678495407","0.11025956273078918","0.2904943972826004","0.2855323553085327","0.2993618845939636","0.21979906037449837","0.2090253382921219","0.22906649112701416","0.10104665656884511","0.09523622691631317","0.11025437712669373","0.10352369956672192","0.09754966199398041","0.11222843825817108"
"550","0.10790112800896168","0.09911316633224487","0.1261036992073059","0.2922079339623451","0.27284884452819824","0.326517254114151","0.22738580405712128","0.2111881673336029","0.24811305105686188","0.10900263736645381","0.09974034130573273","0.12309350818395615","0.10996901243925095","0.10199135541915894","0.1260075718164444"
"551","0.09281526692211628","0.08950985968112946","0.09799472242593765","0.27845022082328796","0.26953986287117004","0.28692615032196045","0.2089308798313141","0.19294466078281403","0.22207196056842804","0.092009832461675","0.08893757313489914","0.0978342741727829","0.09476142562925816","0.09121403098106384","0.09942657500505447"
"552","0.1024273931980133","0.08900006860494614","0.12126021832227707","0.2856253832578659","0.2662857472896576","0.3129141628742218","0.22429658472537994","0.21714121103286743","0.2413005381822586","0.10331268856922786","0.08872498571872711","0.11887867003679276","0.10488492995500565","0.09151015430688858","0.12218549847602844"
"553","0.0954659003764391","0.0886092483997345","0.10650290548801422","0.28115660697221756","0.26961612701416016","0.2950066030025482","0.21730342134833336","0.20570582151412964","0.24251021444797516","0.09744314104318619","0.0921815037727356","0.10653739422559738","0.09802493266761303","0.093403160572052","0.10982029139995575"
"554","0.09760499745607376","0.08977006375789642","0.10374973714351654","0.28098930418491364","0.270982563495636","0.2849079966545105","0.2183241806924343","0.20313239097595215","0.23477688431739807","0.09683508922656377","0.0893009752035141","0.10075774043798447","0.09975804574787617","0.09087775647640228","0.10400743037462234"
"555","0.10127423144876957","0.10061616450548172","0.10202035307884216","0.2950498014688492","0.28803104162216187","0.301666796207428","0.2248845137655735","0.21539181470870972","0.24427153170108795","0.10116409510374069","0.10023051500320435","0.10173880308866501","0.10367399454116821","0.10208333283662796","0.10507337749004364"
"556","0.10328641720116138","0.09069538116455078","0.11218594759702682","0.29103558510541916","0.2720518112182617","0.30849963426589966","0.22504781186580658","0.20038685202598572","0.25224241614341736","0.10690510769685109","0.10182389616966248","0.11014896631240845","0.10554770566523075","0.0946468636393547","0.11262058466672897"
"557","0.10430116020143032","0.09724365174770355","0.11165213584899902","0.29337775707244873","0.27104514837265015","0.30843085050582886","0.22143955156207085","0.20596331357955933","0.24565210938453674","0.10626651595036189","0.09928536415100098","0.11053822189569473","0.10702085681259632","0.10008782148361206","0.11261925846338272"
"558","0.10192848183214664","0.08723355829715729","0.11764129996299744","0.29249919950962067","0.27842748165130615","0.3076264560222626","0.21605921536684036","0.20146812498569489","0.23064610362052917","0.10043744494517644","0.08796294033527374","0.11480191349983215","0.10433023609220982","0.08813796937465668","0.11761076003313065"
"559","0.10473060794174671","0.09216035902500153","0.12407715618610382","0.292304128408432","0.2665339708328247","0.31651562452316284","0.22898856177926064","0.2012031227350235","0.24993851780891418","0.10356390476226807","0.0900881290435791","0.1253730058670044","0.1077677421271801","0.09236004948616028","0.12655244767665863"
"560","0.09084362350404263","0.0863574743270874","0.09548121690750122","0.26405297219753265","0.25534218549728394","0.2705893814563751","0.20247653126716614","0.1917153298854828","0.211939737200737","0.08882168183724086","0.0846502035856247","0.09416551142930984","0.09286915138363838","0.08636660128831863","0.0992598906159401"
"561","0.10120008885860443","0.08940096199512482","0.10724545270204544","0.2817922607064247","0.267977237701416","0.2910933792591095","0.22227011993527412","0.20181132853031158","0.23317749798297882","0.10427704205115636","0.10023412108421326","0.1080063134431839","0.10336018353700638","0.0919627696275711","0.1096595972776413"
"562","0.09790388122200966","0.0864466205239296","0.1073681190609932","0.2820282354950905","0.26053914427757263","0.2975713312625885","0.2180270068347454","0.19959314167499542","0.2359556257724762","0.0989855130513509","0.08623278141021729","0.10593543946743011","0.10049200430512428","0.08766742795705795","0.108414426445961"
"563","0.09629249386489391","0.08039054274559021","0.11389894783496857","0.27997273206710815","0.25925135612487793","0.3028241693973541","0.2098526507616043","0.1857483834028244","0.24764560163021088","0.10093910992145538","0.0922093540430069","0.11406770348548889","0.09848293475806713","0.08406846225261688","0.11700186878442764"
"564","0.09813980385661125","0.09046389162540436","0.1073475182056427","0.2870982065796852","0.27869051694869995","0.3003120422363281","0.2140958532691002","0.20129013061523438","0.22382909059524536","0.09704071034987767","0.08940494805574417","0.10704293102025986","0.09970296174287796","0.09249020367860794","0.10719351470470428"
"565","0.09111149981617928","0.08119544386863708","0.09902645647525787","0.27200236916542053","0.25447314977645874","0.28608378767967224","0.20604762062430382","0.18714794516563416","0.22721067070960999","0.09102404614289601","0.08037405461072922","0.09653955698013306","0.09299587830901146","0.08186116814613342","0.0995350331068039"
"566","0.0966673195362091","0.09129633009433746","0.10064415633678436","0.2775939404964447","0.26821601390838623","0.2843509316444397","0.21275655180215836","0.19895894825458527","0.22552965581417084","0.09606020152568817","0.08908852189779282","0.10100963711738586","0.09945539012551308","0.09203910082578659","0.10261745005846024"
"567","0.09655636921525002","0.08417876064777374","0.1109832227230072","0.27458830922842026","0.25253841280937195","0.2925463318824768","0.2102232277393341","0.18964645266532898","0.22299912571907043","0.10030316064755122","0.09427460283041","0.10898832976818085","0.09883461706340313","0.08829692006111145","0.11088170856237411"
"568","0.09801836311817169","0.09564514458179474","0.09981770813465118","0.28588442504405975","0.2787337601184845","0.2912296950817108","0.2125113382935524","0.19768056273460388","0.23419064283370972","0.0979984203974406","0.09525221586227417","0.10000351816415787","0.10043794475495815","0.09753597527742386","0.10314756631851196"
"569","0.0949554294347763","0.08953116089105606","0.10746856033802032","0.28017886728048325","0.2666642963886261","0.2946075201034546","0.21561409160494804","0.20134077966213226","0.22632408142089844","0.09013636161883672","0.08702854812145233","0.09288384020328522","0.09729034267365932","0.08982133120298386","0.11105665564537048"
"570","0.10122984647750854","0.09403587877750397","0.10867398232221603","0.27771609276533127","0.26763248443603516","0.28866979479789734","0.20515698939561844","0.19468531012535095","0.21307343244552612","0.10258055726687114","0.09563176333904266","0.10762611031532288","0.10290069505572319","0.09735295921564102","0.10889682918787003"
"571","0.10135866701602936","0.09297800809144974","0.11233001947402954","0.28270232677459717","0.27159011363983154","0.3013916015625","0.2150435596704483","0.2001631110906601","0.22707819938659668","0.09953145186106364","0.09289135038852692","0.11189065873622894","0.10367688722908497","0.09534728527069092","0.1137530729174614"
"572","0.10825215838849545","0.09818276762962341","0.11664967983961105","0.2970581501722336","0.2936484217643738","0.3014039695262909","0.2256651483476162","0.21639308333396912","0.23185859620571136","0.10685127228498459","0.09860314428806305","0.11622593551874161","0.11013047583401203","0.10157705098390579","0.11770129203796387"
"573","0.09458561427891254","0.08275365084409714","0.10932698100805283","0.26354310661554337","0.24548116326332092","0.27500641345977783","0.2097371108829975","0.20286469161510468","0.22316914796829224","0.09434109677871068","0.08227572590112686","0.10756868869066238","0.09666488319635391","0.08544309437274933","0.11014825105667114"
"574","0.10447822697460651","0.09789013117551804","0.11147478222846985","0.28152380883693695","0.2591300308704376","0.2987178564071655","0.2149532102048397","0.19879832863807678","0.24340850114822388","0.10189183801412582","0.09611235558986664","0.11153169721364975","0.10720706358551979","0.09851182252168655","0.11589610576629639"
"575","0.10137457959353924","0.09443672746419907","0.1184319406747818","0.2836628407239914","0.2683044672012329","0.3031923174858093","0.22042065486311913","0.20740768313407898","0.23570306599140167","0.09573568403720856","0.09497109055519104","0.09638525545597076","0.1035406943410635","0.09585771709680557","0.12183641642332077"
"576","0.09676668606698513","0.0909232646226883","0.10347167402505875","0.2669922932982445","0.26584258675575256","0.2678864896297455","0.21503063663840294","0.2046682983636856","0.22663122415542603","0.0987123375137647","0.09424665570259094","0.10366902500391006","0.09900950454175472","0.09418085217475891","0.10421271622180939"
"577","0.10173789970576763","0.09450282156467438","0.1104540079832077","0.28219328075647354","0.2603563070297241","0.29512739181518555","0.22048230469226837","0.20016971230506897","0.23752140998840332","0.09822533528010051","0.09250056743621826","0.1035873144865036","0.10411287844181061","0.09452186524868011","0.11512389779090881"
"578","0.09512881748378277","0.0905299186706543","0.09913881123065948","0.27518654614686966","0.27199023962020874","0.2770136892795563","0.211182601749897","0.2025756686925888","0.2224620282649994","0.09331572304169337","0.09116864949464798","0.09679973125457764","0.09757215157151222","0.09401657432317734","0.10397730767726898"
"579","0.10101022012531757","0.09419002383947372","0.10885775089263916","0.2984980493783951","0.29146653413772583","0.30956220626831055","0.21715852990746498","0.20662987232208252","0.23812375962734222","0.10135618348916371","0.09155698120594025","0.10890345275402069","0.1033938080072403","0.09493332356214523","0.11010413616895676"
"580","0.09684090502560139","0.09017641097307205","0.10423349589109421","0.27843111008405685","0.2720150351524353","0.28548330068588257","0.2097671627998352","0.19673609733581543","0.22916334867477417","0.09870741764704387","0.09174658358097076","0.10431964695453644","0.09911814890801907","0.09385485202074051","0.10478007793426514"
"581","0.10037149302661419","0.08793842792510986","0.11666890233755112","0.28656305372714996","0.26883721351623535","0.3075270354747772","0.2144308090209961","0.20829685032367706","0.2274143397808075","0.10004323969284694","0.08771172165870667","0.1139272153377533","0.10272170789539814","0.09055091440677643","0.11722572147846222"
"582","0.09269382432103157","0.08321675658226013","0.10275198519229889","0.26685289293527603","0.25459638237953186","0.277626097202301","0.20095670595765114","0.18691614270210266","0.22366324067115784","0.09466779728730519","0.08310949802398682","0.10049977153539658","0.09509969316422939","0.08414952456951141","0.10383544862270355"
"583","0.09898259304463863","0.08864230662584305","0.11606400460004807","0.2759230509400368","0.2645846903324127","0.2901408076286316","0.2127217762172222","0.1960529237985611","0.22549070417881012","0.10143819202979405","0.09044497460126877","0.1135593056678772","0.10088276118040085","0.092471644282341","0.11587370187044144"
"584","0.09940382651984692","0.0924568846821785","0.1058531403541565","0.2812780514359474","0.26327675580978394","0.29375261068344116","0.21716077625751495","0.21476587653160095","0.22008876502513885","0.09866065780321757","0.09464967995882034","0.10453296452760696","0.10185640677809715","0.0960257276892662","0.10756790637969971"
"585","0.10433517768979073","0.09118668735027313","0.11341875046491623","0.2768036425113678","0.2596389949321747","0.2932414710521698","0.22200372070074081","0.199590265750885","0.2416156679391861","0.10215417047341664","0.08858704566955566","0.11237531900405884","0.10636942461133003","0.09094984829425812","0.11361131072044373"
"586","0.10320408083498478","0.0912647396326065","0.11285334825515747","0.28492555767297745","0.27178001403808594","0.2965877950191498","0.21560591086745262","0.2035389542579651","0.22852931916713715","0.10409582902987798","0.09185408055782318","0.11057864874601364","0.10554876364767551","0.09405265003442764","0.11327268183231354"
"587","0.09653057903051376","0.09091276675462723","0.10521162301301956","0.2814435362815857","0.2706412076950073","0.29976382851600647","0.2118210531771183","0.20464086532592773","0.2244051843881607","0.09304359803597133","0.09173239767551422","0.095266193151474","0.09888669662177563","0.0945364236831665","0.11000955104827881"
"588","0.10418315976858139","0.09469273686408997","0.11686746776103973","0.2994835898280144","0.2864215672016144","0.3218193054199219","0.22365381196141243","0.20524978637695312","0.257615327835083","0.1028403714299202","0.09233659505844116","0.11785082519054413","0.10675516538321972","0.09491059929132462","0.12064803391695023"
"589","0.1100582517683506","0.0978095680475235","0.1234336644411087","0.2888985052704811","0.2718607485294342","0.3077493906021118","0.23144658282399178","0.21069127321243286","0.2413792908191681","0.1046780173977216","0.09572268277406693","0.11687607318162918","0.11231330409646034","0.09854518622159958","0.1289120316505432"
"590","0.09385643899440765","0.08987361192703247","0.09886860847473145","0.27667979896068573","0.2662314772605896","0.2907879948616028","0.2053612805902958","0.18801508843898773","0.22134143114089966","0.09478743622700374","0.08801621198654175","0.0999908521771431","0.09584703855216503","0.09064899384975433","0.10008613765239716"
"591","0.10137846320867538","0.0921006128191948","0.10931592434644699","0.2851385250687599","0.2702473998069763","0.30128076672554016","0.22056730836629868","0.20224176347255707","0.24152521789073944","0.09851104766130447","0.09025820344686508","0.10401533544063568","0.10417026095092297","0.09199482202529907","0.11469919979572296"
"592","0.09830210730433464","0.08842996507883072","0.10804703831672668","0.29099472612142563","0.27398520708084106","0.3021492660045624","0.2120974212884903","0.19907373189926147","0.23666971921920776","0.09509417663017909","0.08653435856103897","0.10879400372505188","0.10034133493900299","0.08823779225349426","0.11101033538579941"
"593","0.09741940908133984","0.09209853410720825","0.1017015278339386","0.27519717812538147","0.26602959632873535","0.2875613570213318","0.20520015805959702","0.19847650825977325","0.21612665057182312","0.0969160720705986","0.09195411205291748","0.10174679011106491","0.10001426190137863","0.09620849043130875","0.10285244882106781"
"594","0.09715517051517963","0.0885857418179512","0.10465766489505768","0.2729966714978218","0.26244625449180603","0.2808828055858612","0.2091587595641613","0.20237354934215546","0.2151617705821991","0.09759027759234111","0.08977767825126648","0.103316530585289","0.09977614879608154","0.09185454994440079","0.10628493875265121"
"595","0.09666942618787289","0.09326533228158951","0.099015012383461","0.27121245861053467","0.2673850357532501","0.2807844877243042","0.2124161794781685","0.20782098174095154","0.2164258062839508","0.09667149682839711","0.0956222265958786","0.09800294786691666","0.09872646816074848","0.0982133001089096","0.09910161048173904"
"596","0.10801807790994644","0.09538580477237701","0.1183449774980545","0.2811258062720299","0.2714078426361084","0.29790717363357544","0.22446339577436447","0.21366636455059052","0.23256078362464905","0.10559773941834767","0.09475786983966827","0.11632943153381348","0.1102889385074377","0.09594099223613739","0.11937566846609116"
"597","0.0918527189642191","0.07874026894569397","0.11034756898880005","0.2704193890094757","0.24410781264305115","0.30550849437713623","0.2085419036448002","0.19473132491111755","0.23050391674041748","0.08972486853599548","0.07939723134040833","0.10963504016399384","0.09320061281323433","0.08137087523937225","0.11002926528453827"
"598","0.09598574601113796","0.08893123269081116","0.10186159610748291","0.2769160568714142","0.2609189748764038","0.2892521321773529","0.21531319618225098","0.20427118241786957","0.22368696331977844","0.09347304950157802","0.08891458809375763","0.09856470674276352","0.09807802364230156","0.0900147408246994","0.10629735141992569"
"599","0.10257787629961967","0.09039457142353058","0.11201724410057068","0.2904730513691902","0.27287960052490234","0.2997336983680725","0.22079038619995117","0.2031724900007248","0.2469128966331482","0.10044004023075104","0.09043018519878387","0.11153799295425415","0.10503794997930527","0.09235599637031555","0.11612457036972046"
"600","0.09790387190878391","0.09113359451293945","0.10287651419639587","0.2810095101594925","0.2729262113571167","0.2875685691833496","0.21240228787064552","0.20805010199546814","0.21855014562606812","0.0983596220612526","0.09243913739919662","0.10179334878921509","0.10060703568160534","0.09538862854242325","0.10308193415403366"
"601","0.10140519216656685","0.09109048545360565","0.10829456895589828","0.2851707264780998","0.27092939615249634","0.2957330644130707","0.21467211097478867","0.21091550588607788","0.22207947075366974","0.10081044087807338","0.09141751378774643","0.10899993777275085","0.10381114110350609","0.09325653314590454","0.11203581094741821"
"602","0.1019007358700037","0.09276425093412399","0.10819006711244583","0.2827941104769707","0.2706924378871918","0.28974395990371704","0.22278909012675285","0.20342567563056946","0.24291273951530457","0.10129548112551372","0.09093727171421051","0.10896424949169159","0.10449429601430893","0.09313850849866867","0.10945592820644379"
"603","0.10081039182841778","0.09238581359386444","0.11107310652732849","0.276293121278286","0.26878705620765686","0.2831861674785614","0.21708011999726295","0.20494233071804047","0.2289857417345047","0.10121376812458038","0.09027455002069473","0.11175291985273361","0.10349547490477562","0.0929882675409317","0.11388588696718216"
"604","0.10826885513961315","0.09937532991170883","0.11565180122852325","0.28584423661231995","0.2686413824558258","0.29972362518310547","0.2261476218700409","0.21105730533599854","0.23534724116325378","0.10711233814557393","0.09886611998081207","0.11269734799861908","0.11101069115102291","0.10115859657526016","0.11568036675453186"
"606","0.10170211084187031","0.08857262879610062","0.11198951303958893","0.2756764516234398","0.2565697431564331","0.2875380218029022","0.21078840270638466","0.1873607039451599","0.23732157051563263","0.10532496869564056","0.0964498519897461","0.10988672822713852","0.10397510044276714","0.09243851900100708","0.11392763257026672"
"607","0.10652289725840092","0.09674306213855743","0.12082275003194809","0.2863657847046852","0.2731078565120697","0.304151326417923","0.22455980628728867","0.2129645049571991","0.236689031124115","0.1091369812687238","0.10294251888990402","0.12056486308574677","0.10871977917850018","0.1013471931219101","0.1224467009305954"
"608","0.09775357693433762","0.08908514678478241","0.10309230536222458","0.2808128818869591","0.26547813415527344","0.29031842947006226","0.2131258174777031","0.19107525050640106","0.22855214774608612","0.09659945716460545","0.08840146660804749","0.10336130857467651","0.09973664209246635","0.0895146057009697","0.10575126856565475"
"609","0.09651829674839973","0.09426454454660416","0.09949285537004471","0.27197473496198654","0.2667764723300934","0.27869725227355957","0.21370110288262367","0.2076624184846878","0.2258705049753189","0.09614687661329906","0.09403245151042938","0.09987127780914307","0.09855559282004833","0.09538634866476059","0.10268770158290863"
"610","0.09889032319188118","0.08969132602214813","0.11230072379112244","0.2837166115641594","0.2637871205806732","0.300803542137146","0.2133043222129345","0.19483838975429535","0.23813661932945251","0.10206679006417592","0.09008261561393738","0.11292243003845215","0.10106476210057735","0.09066546708345413","0.11583031713962555"
"611","0.09410074353218079","0.08854158222675323","0.10022604465484619","0.2735406532883644","0.26200249791145325","0.2820483148097992","0.20417556539177895","0.19053003191947937","0.21240082383155823","0.09182624767223994","0.08792605251073837","0.09647098928689957","0.09656097926199436","0.08910977840423584","0.10472910106182098"
"612","0.09790314175188541","0.08882459998130798","0.11214742809534073","0.2787449359893799","0.26568055152893066","0.30146050453186035","0.2077442966401577","0.19565002620220184","0.2213788628578186","0.10025545209646225","0.09098309278488159","0.11116887629032135","0.09996173903346062","0.0922161191701889","0.1124764084815979"
"613","0.10397838242352009","0.08630400151014328","0.11910861730575562","0.27885907143354416","0.2547954320907593","0.2975552976131439","0.21520613878965378","0.2052062749862671","0.22975222766399384","0.10306248317162196","0.08810360729694366","0.11798545718193054","0.106167146936059","0.08943148702383041","0.11938326805830002"
"614","0.0947531946003437","0.07772748917341232","0.10770397633314133","0.2624524384737015","0.2408626675605774","0.283183217048645","0.20195400342345238","0.1923324316740036","0.2137247920036316","0.09356476118167241","0.07864181697368622","0.10688242316246033","0.09671913459897041","0.08116327226161957","0.10835082083940506"
"615","0.10492682084441185","0.09120722115039825","0.11818186938762665","0.2774248719215393","0.25848981738090515","0.28762972354888916","0.21678362414240837","0.21149727702140808","0.2216084897518158","0.10310761133829753","0.0921873152256012","0.11513637006282806","0.10712022706866264","0.0940723568201065","0.11782872676849365"
"616","0.09441385045647621","0.08999539911746979","0.10143469274044037","0.2774045616388321","0.26977652311325073","0.28880882263183594","0.21304989233613014","0.20418290793895721","0.23607228696346283","0.0950581431388855","0.08994626998901367","0.10179334133863449","0.09634684771299362","0.09201721847057343","0.10436657816171646"
"617","0.09731331653892994","0.09018481522798538","0.1082620844244957","0.2652168422937393","0.2533908486366272","0.28886914253234863","0.20855463668704033","0.19746877253055573","0.22272764146327972","0.09704617162545522","0.09119996428489685","0.10797972977161407","0.09962061606347561","0.09331650286912918","0.10954746603965759"
"618","0.09382927231490612","0.08819567412137985","0.10880403220653534","0.266334168612957","0.2462778091430664","0.30007171630859375","0.19701159745454788","0.18690398335456848","0.2124306559562683","0.09419502317905426","0.08597519993782043","0.10810680687427521","0.09546077996492386","0.08870925009250641","0.10888369381427765"
"619","0.10536372475326061","0.09995541721582413","0.11376005411148071","0.2874063551425934","0.27922773361206055","0.2947298288345337","0.2193484865128994","0.20541734993457794","0.24209657311439514","0.1052021011710167","0.097924143075943","0.11400441825389862","0.10778783075511456","0.0998859703540802","0.11715666949748993"
"620","0.09786630794405937","0.089297354221344","0.10226504504680634","0.2789255902171135","0.2704279124736786","0.2867891192436218","0.2123900167644024","0.21065838634967804","0.21591168642044067","0.09559609989325206","0.08896146714687347","0.10135991871356964","0.09987947903573513","0.09247087687253952","0.10569051653146744"
"621","0.0959459412842989","0.08488306403160095","0.11085977405309677","0.26939263939857483","0.2565414607524872","0.29123690724372864","0.20874851942062378","0.1913730502128601","0.2241450697183609","0.0906830628712972","0.0853147953748703","0.100725457072258","0.09791913069784641","0.08559738099575043","0.11514569073915482"
"622","0.1000637374818325","0.0954064354300499","0.10456666350364685","0.28020501881837845","0.2643972337245941","0.2870965898036957","0.21455639600753784","0.20122770965099335","0.22506240010261536","0.098501722017924","0.0939183309674263","0.10173526406288147","0.10291864350438118","0.09598664194345474","0.110589399933815"
"623","0.09660452418029308","0.09157884120941162","0.10502075403928757","0.2714652717113495","0.25915855169296265","0.28786325454711914","0.20487045124173164","0.1885349154472351","0.2123814970254898","0.09742314120133717","0.09224733710289001","0.10242202877998352","0.09856154583394527","0.09526875615119934","0.10498504340648651"
"624","0.10398629866540432","0.09574872255325317","0.12473370134830475","0.2886527106165886","0.2746114730834961","0.31698134541511536","0.2176293507218361","0.19975700974464417","0.24207013845443726","0.10619499286015828","0.09446094930171967","0.12430496513843536","0.10603002272546291","0.09673570841550827","0.12530040740966797"
"625","0.09069820120930672","0.08320082724094391","0.09652924537658691","0.2634303569793701","0.24862827360630035","0.2799442708492279","0.19885004311800003","0.18426039814949036","0.21051618456840515","0.0878123864531517","0.08179791271686554","0.09658067673444748","0.09243969805538654","0.08296282589435577","0.10012542456388474"
"626","0.09614580310881138","0.09138103574514389","0.10732485353946686","0.2660075053572655","0.25573065876960754","0.2773943841457367","0.20529289171099663","0.19682002067565918","0.21424928307533264","0.09735905627409618","0.09308914840221405","0.10557878017425537","0.09807809442281723","0.09352021664381027","0.10740254074335098"
"627","0.10062688030302525","0.09238043427467346","0.10443920642137527","0.2781245931982994","0.2712154984474182","0.2853890359401703","0.21281735971570015","0.20121298730373383","0.2359110414981842","0.09917699793974559","0.09263494610786438","0.10327668488025665","0.10316253826022148","0.09446404874324799","0.10862518101930618"
"628","0.09934394992887974","0.08837878704071045","0.10835650563240051","0.2771220803260803","0.26711273193359375","0.29129523038864136","0.20716401934623718","0.19678433239459991","0.21497467160224915","0.09936236590147018","0.08828233182430267","0.10728230327367783","0.10149206034839153","0.09129516035318375","0.10968922078609467"
"629","0.0967223085463047","0.07289713621139526","0.11117134988307953","0.2628130242228508","0.2305532991886139","0.2810705900192261","0.20806849002838135","0.17004242539405823","0.2410193532705307","0.10382723063230515","0.09661847352981567","0.11136746406555176","0.09868544898927212","0.07680387049913406","0.11415057629346848"
"630","0.09732157178223133","0.08579510450363159","0.10695679485797882","0.27148930728435516","0.246648371219635","0.28614771366119385","0.20925217494368553","0.18804238736629486","0.2166234403848648","0.1012391025821368","0.09846805036067963","0.1057678833603859","0.09990613907575607","0.09094739705324173","0.10727918148040771"
"631","0.10072110407054424","0.09869498014450073","0.10510232299566269","0.2752498984336853","0.2658901810646057","0.2822405695915222","0.20737426728010178","0.19739079475402832","0.21779000759124756","0.10114039232333501","0.10019085556268692","0.10274849832057953","0.10311700403690338","0.1021880954504013","0.10516797751188278"
"632","0.1008546482771635","0.09325489401817322","0.10773830860853195","0.27800779789686203","0.26063141226768494","0.29603609442710876","0.21210334822535515","0.20402812957763672","0.22197705507278442","0.0977850283185641","0.0940009355545044","0.10235196352005005","0.1033888440579176","0.09658981114625931","0.11320359259843826"
"633","0.10302880220115185","0.10106809437274933","0.10415709763765335","0.28138381242752075","0.27765804529190063","0.2853083610534668","0.21002629399299622","0.20292644202709198","0.21644115447998047","0.1022358387708664","0.1009538322687149","0.1033589243888855","0.10509171709418297","0.10355793684720993","0.10809526592493057"
"634","0.09641909971833229","0.08097416907548904","0.11492615938186646","0.26531706005334854","0.2413972020149231","0.2928392291069031","0.2049579620361328","0.1897890567779541","0.22759440541267395","0.09543301910161972","0.08105197548866272","0.1154952347278595","0.09856737591326237","0.08279451727867126","0.1172669380903244"
"635","0.10190167278051376","0.09582336246967316","0.10783705860376358","0.2771708592772484","0.27266567945480347","0.28320246934890747","0.2166764736175537","0.20815041661262512","0.22692060470581055","0.10098009804884593","0.09577963501214981","0.10680707544088364","0.104186050593853","0.09948399662971497","0.10883648693561554"
"636","0.08827717788517475","0.08162988722324371","0.10066027194261551","0.2635106071829796","0.255911260843277","0.2768147587776184","0.19830000028014183","0.18933016061782837","0.20731626451015472","0.08920026073853175","0.08256775140762329","0.09959577023983002","0.09044689498841763","0.08488577604293823","0.10183069109916687"
"637","0.09854501113295555","0.09400642663240433","0.10466733574867249","0.27170922607183456","0.26748794317245483","0.27616310119628906","0.21062364056706429","0.2005995661020279","0.22671742737293243","0.09995845953623454","0.09555556625127792","0.10291703045368195","0.10116944089531898","0.09638164937496185","0.10519891232252121"
"638","0.09730004519224167","0.09305397421121597","0.10148279368877411","0.276771642267704","0.270528107881546","0.28232982754707336","0.20638954266905785","0.19973823428153992","0.21136078238487244","0.09584252287944157","0.09141737967729568","0.10222955048084259","0.09954480826854706","0.0944797694683075","0.10511001944541931"
"639","0.1008384209126234","0.08957625925540924","0.1087038516998291","0.28156818449497223","0.271638423204422","0.28613579273223877","0.2124738097190857","0.20214438438415527","0.22312653064727783","0.09930253525575002","0.08927614986896515","0.10659559071063995","0.10307151265442371","0.09087757021188736","0.10881072282791138"
"640","0.10427188128232956","0.09118981659412384","0.12480999529361725","0.2804263085126877","0.2623497247695923","0.3094322085380554","0.21707969903945923","0.20077389478683472","0.23789964616298676","0.10775864124298096","0.09261440485715866","0.12418241053819656","0.10650746710598469","0.09443525969982147","0.1256721317768097"
"641","0.10306837968528271","0.09209570288658142","0.10944976657629013","0.2750985771417618","0.24993646144866943","0.28722184896469116","0.21577265858650208","0.2010260671377182","0.23579338192939758","0.10263883074124654","0.092878058552742","0.11017291992902756","0.10550729930400848","0.09312105178833008","0.11322876811027527"
"642","0.09551347978413105","0.08601740002632141","0.10527177155017853","0.26925937086343765","0.2572439908981323","0.2814178764820099","0.204169362783432","0.1908622831106186","0.21571916341781616","0.09703352550665538","0.08759400248527527","0.10283678770065308","0.0977343712002039","0.08993653208017349","0.10502714663743973"
"643","0.09351677261292934","0.08359643816947937","0.10664137452840805","0.26639220118522644","0.2532142102718353","0.28430017828941345","0.2019813433289528","0.1837950050830841","0.2290177047252655","0.08843209594488144","0.08276902139186859","0.09825973957777023","0.09555111080408096","0.08384416252374649","0.11132394522428513"
"644","0.1004666481167078","0.09002681076526642","0.11247407644987106","0.2748982459306717","0.26230406761169434","0.28331610560417175","0.20524820312857628","0.18975158035755157","0.21325606107711792","0.10328801969687144","0.09841860830783844","0.11045785248279572","0.10240629874169827","0.09296605736017227","0.11296479403972626"
"645","0.10112038627266884","0.096424400806427","0.10764780640602112","0.2760878726840019","0.26599034667015076","0.28361162543296814","0.20794837549328804","0.19101764261722565","0.22410225868225098","0.10227816303571065","0.10067861527204514","0.10505892336368561","0.10328730754554272","0.10006178170442581","0.10721888393163681"
"646","0.0936187170445919","0.08092495799064636","0.09931757301092148","0.2593165785074234","0.23958000540733337","0.2725883722305298","0.19958601519465446","0.1894877552986145","0.2078375667333603","0.0918637861808141","0.08011502027511597","0.09837232530117035","0.09538782760500908","0.08278565108776093","0.09988649934530258"
"647","0.10662492923438549","0.0960794985294342","0.12286537885665894","0.27333175390958786","0.2591332793235779","0.29151368141174316","0.2199004963040352","0.21091048419475555","0.23435752093791962","0.10537366569042206","0.09518571943044662","0.11973579227924347","0.10805504024028778","0.09674891829490662","0.12252676486968994"
"648","0.10678531229496002","0.09809976071119308","0.11221899837255478","0.2821709141135216","0.27513620257377625","0.28631260991096497","0.22111666947603226","0.20778727531433105","0.23707152903079987","0.10578968127568562","0.09777701646089554","0.11025510728359222","0.10941645503044128","0.09927687793970108","0.1143660694360733"
"649","0.101516954600811","0.0873272493481636","0.11854756623506546","0.27428776770830154","0.245092511177063","0.3019241988658905","0.20872234553098679","0.18477706611156464","0.22829802334308624","0.10621717820564906","0.0990450531244278","0.11905338615179062","0.10368259996175766","0.0908057689666748","0.11990592628717422"
"650","0.09159745462238789","0.08328943699598312","0.10229646414518356","0.2589973881840706","0.24964767694473267","0.27296480536460876","0.19549501314759254","0.18307383358478546","0.21723246574401855","0.0920208990573883","0.08286331593990326","0.10256566852331161","0.09319466166198254","0.0842156633734703","0.10454420000314713"
"651","0.09356396086513996","0.08847584575414658","0.10035095363855362","0.26705828309059143","0.2592107355594635","0.2741864323616028","0.2080998495221138","0.19896431267261505","0.2138546109199524","0.09138450771570206","0.08809306472539902","0.09530647099018097","0.09596303105354309","0.08987189829349518","0.10438138246536255"
"652","0.09718708321452141","0.08471263945102692","0.11173835396766663","0.2658129334449768","0.25032633543014526","0.2876010239124298","0.21394145488739014","0.20401886105537415","0.2331719845533371","0.09878880033890407","0.08500903844833374","0.11124153435230255","0.09913595020771027","0.08780300617218018","0.11269398778676987"
"653","0.09750571474432945","0.0926995798945427","0.10237495601177216","0.2709328457713127","0.26076966524124146","0.2851390242576599","0.20564209297299385","0.19247901439666748","0.2268814593553543","0.0993287240465482","0.09474088996648788","0.10434599220752716","0.09982420317828655","0.09588399529457092","0.10564889013767242"
"654","0.09833074547350407","0.09296133369207382","0.10441005229949951","0.275980606675148","0.2617635130882263","0.2883616089820862","0.21009733900427818","0.19836150109767914","0.2290021926164627","0.09941921134789784","0.09352460503578186","0.10407967865467072","0.1002572663128376","0.0939759761095047","0.10699491202831268"
"655","0.10449125617742538","0.10021817684173584","0.11216039955615997","0.2894597128033638","0.2748798131942749","0.3126401901245117","0.21408899873495102","0.2059081643819809","0.22174876928329468","0.10164421300093333","0.10047658532857895","0.10316985100507736","0.10692948661744595","0.1015901044011116","0.11584582924842834"
"656","0.09582951851189137","0.09143654257059097","0.10572484135627747","0.2647863104939461","0.25800931453704834","0.2759590148925781","0.2077201008796692","0.19702549278736115","0.21549981832504272","0.09635923306147258","0.09037292003631592","0.10356134176254272","0.0974731557071209","0.0922253280878067","0.10581405460834503"
"657","0.0982036404311657","0.08352485299110413","0.11183469742536545","0.28270813077688217","0.2622901201248169","0.3237813413143158","0.20460981503129005","0.1978231966495514","0.21903270483016968","0.09319017082452774","0.08321774005889893","0.10025554150342941","0.09998632967472076","0.0860980972647667","0.11461491882801056"
"658","0.09486961178481579","0.08715102076530457","0.11429433524608612","0.26633159816265106","0.25587135553359985","0.29276615381240845","0.2024618647992611","0.18935902416706085","0.22021277248859406","0.09581829359134038","0.08768808841705322","0.11178803443908691","0.09647707641124725","0.0892854630947113","0.11427818238735199"
"659","0.08949650637805462","0.08171772956848145","0.10466564446687698","0.26350612938404083","0.25225675106048584","0.28795522451400757","0.19104007631540298","0.17641830444335938","0.21066176891326904","0.09088049829006195","0.08213993906974792","0.10263535380363464","0.0909422691911459","0.08370906114578247","0.10504142194986343"
"660","0.09950472973287106","0.09378120303153992","0.11006757616996765","0.26715661585330963","0.259055495262146","0.2841622233390808","0.20789727941155434","0.19749999046325684","0.21902266144752502","0.10032838582992554","0.09434796869754791","0.10986101627349854","0.1015529353171587","0.09729278087615967","0.11056627333164215"
"661","0.09764362499117851","0.08712214231491089","0.10454054921865463","0.26560957729816437","0.25128111243247986","0.2794228494167328","0.20429625362157822","0.18705150485038757","0.21348777413368225","0.10034328947464626","0.09539809077978134","0.10287487506866455","0.09950500354170799","0.09048208594322205","0.1050257757306099"
"662","0.09824019111692905","0.08927426487207413","0.10297892242670059","0.26358164101839066","0.24437439441680908","0.2790950834751129","0.20746204629540443","0.18998661637306213","0.21984966099262238","0.09651169180870056","0.08768995106220245","0.10311801731586456","0.10021038167178631","0.08921878039836884","0.1064891591668129"
"663","0.10016381926834583","0.09420542418956757","0.11108723282814026","0.270965151488781","0.2601943612098694","0.28995972871780396","0.20667588710784912","0.19555188715457916","0.22370533645153046","0.09986967345078786","0.09282436221837997","0.11101257055997849","0.10187802277505398","0.09507007896900177","0.11160537600517273"
"664","0.09602519683539867","0.08887612074613571","0.10842190682888031","0.26177237182855606","0.250789999961853","0.2760535180568695","0.1988641694188118","0.18448086082935333","0.20992060005664825","0.09190261115630467","0.08713310211896896","0.09967488050460815","0.09834248945116997","0.088892363011837","0.1130981594324112"
"665","0.10268006101250648","0.0930137187242508","0.11010047793388367","0.284820556640625","0.25538572669029236","0.3235854506492615","0.20965266972780228","0.19982361793518066","0.2185138314962387","0.09883169829845428","0.09251755475997925","0.10457569360733032","0.10481974668800831","0.09382394701242447","0.11432263255119324"
"666","0.09845601953566074","0.08865076303482056","0.108992800116539","0.2657907232642174","0.24386516213417053","0.28468528389930725","0.20233896002173424","0.1838884949684143","0.22385483980178833","0.0945548564195633","0.08883371949195862","0.10478875041007996","0.10088616795837879","0.09024995565414429","0.11340481042861938"
"667","0.10040576197206974","0.08474994450807571","0.11422565579414368","0.26972629874944687","0.24654024839401245","0.29020750522613525","0.21486105024814606","0.1917881965637207","0.23285703361034393","0.09589861830075581","0.08418101072311401","0.11010398715734482","0.10254059173166752","0.08525119721889496","0.1185849979519844"
"668","0.09660814516246319","0.09033661335706711","0.10151438415050507","0.2679417282342911","0.2541656494140625","0.2765779495239258","0.20823068544268608","0.19965778291225433","0.22026485204696655","0.09430093814929326","0.0901871919631958","0.09680112451314926","0.09845519252121449","0.0910618007183075","0.10512978583574295"
"669","0.09924199804663658","0.09354166686534882","0.11018039286136627","0.26779428869485855","0.24970903992652893","0.28480589389801025","0.20491720363497734","0.18869949877262115","0.21729838848114014","0.09997662405172984","0.09236690402030945","0.1080532819032669","0.10125471465289593","0.09353159368038177","0.11031052470207214"
"670","0.09318104572594166","0.08693336695432663","0.09893997013568878","0.26026250422000885","0.24470296502113342","0.2685915529727936","0.19761297851800919","0.1922989785671234","0.20154212415218353","0.0905287836988767","0.08727501332759857","0.09623837471008301","0.09467587433755398","0.08927104622125626","0.10141276568174362"
"671","0.09857325442135334","0.09083196520805359","0.10589200258255005","0.2733774855732918","0.2554644048213959","0.2934555113315582","0.20758963376283646","0.19424965977668762","0.220160573720932","0.09495500475168228","0.08943071961402893","0.09855317324399948","0.10068738088011742","0.0910918116569519","0.11032229661941528"
"672","0.10560288652777672","0.09902048110961914","0.11277318745851517","0.27049577236175537","0.25888240337371826","0.2848593592643738","0.21243805810809135","0.19991476833820343","0.23117925226688385","0.10707506785790126","0.0999210923910141","0.11337143182754517","0.10773602686822414","0.10146322846412659","0.11568997800350189"
"673","0.0977366603910923","0.09107520431280136","0.10601402074098587","0.26729637384414673","0.25680315494537354","0.2754288911819458","0.19745402038097382","0.18477819859981537","0.20513147115707397","0.09976746638615926","0.09418196976184845","0.10484133660793304","0.09977416321635246","0.09416712820529938","0.10667421668767929"
"674","0.09976748004555702","0.09763075411319733","0.101470448076725","0.2710357829928398","0.265959233045578","0.278405100107193","0.20923224836587906","0.2029515504837036","0.21529299020767212","0.09929457306861877","0.09876605868339539","0.0997314453125","0.10225936211645603","0.10086420178413391","0.10554251074790955"
"676","0.09927189536392689","0.0915350541472435","0.1158469170331955","0.2747843489050865","0.2669219374656677","0.28774040937423706","0.21032870188355446","0.19589748978614807","0.2352711260318756","0.09935513138771057","0.08975677192211151","0.1156170517206192","0.10170278511941433","0.09299098700284958","0.116923488676548"
"677","0.10191762633621693","0.08987607061862946","0.11086491495370865","0.2762705385684967","0.25980648398399353","0.29540637135505676","0.20932844653725624","0.19233091175556183","0.2245159149169922","0.09841404606898625","0.08881460875272751","0.1033184751868248","0.10473034344613552","0.092849962413311","0.11528880149126053"
"678","0.09892759658396244","0.09315292537212372","0.1042117178440094","0.2786290571093559","0.26893150806427","0.28717267513275146","0.20606909692287445","0.19683125615119934","0.2163849174976349","0.09821367512146632","0.0910855159163475","0.10460078716278076","0.10119176097214222","0.09386219084262848","0.10576217621564865"
"679","0.09576588124036789","0.08498582243919373","0.11365949362516403","0.27498651295900345","0.2569524943828583","0.29979637265205383","0.20460915565490723","0.19194182753562927","0.22800137102603912","0.09782436490058899","0.08587803691625595","0.11049974709749222","0.0972870234400034","0.08638148754835129","0.11049558222293854"
"680","0.09773091599345207","0.08379838615655899","0.10516241192817688","0.26042071357369423","0.24845470488071442","0.2711109220981598","0.2017524316906929","0.18295203149318695","0.21553467214107513","0.10215975095828374","0.0986018180847168","0.10511669516563416","0.10019687935709953","0.0880855917930603","0.107125423848629"
"681","0.09947359375655651","0.09261754155158997","0.11353087425231934","0.26716212928295135","0.25256794691085815","0.29926231503486633","0.2104465402662754","0.19710597395896912","0.2315230667591095","0.10134801020224889","0.09292948246002197","0.11422575265169144","0.10170049965381622","0.09546671062707901","0.11574453115463257"
"682","0.09660454653203487","0.08406178653240204","0.10301557183265686","0.26974765956401825","0.2507713735103607","0.28619086742401123","0.19783344492316246","0.1850573569536209","0.2081664800643921","0.09382947782675426","0.08409029245376587","0.10253072530031204","0.09828649088740349","0.08624301850795746","0.10615984350442886"
"683","0.0957354623824358","0.0866701602935791","0.10112454742193222","0.2688305824995041","0.25597482919692993","0.278393417596817","0.1986062042415142","0.18666648864746094","0.21212531626224518","0.0955503558119138","0.08415849506855011","0.10243888199329376","0.09818445891141891","0.08762389421463013","0.10429388284683228"
"684","0.09205006808042526","0.08809681981801987","0.09646140038967133","0.26310592889785767","0.2562156617641449","0.2675161361694336","0.1973675936460495","0.18526557087898254","0.21148183941841125","0.08988086879253387","0.08655442297458649","0.09606240689754486","0.09365467168390751","0.08754357695579529","0.10039497911930084"
"685","0.09824209287762642","0.08793175965547562","0.10456963628530502","0.26170409098267555","0.2445565015077591","0.27344703674316406","0.2018197663128376","0.19546359777450562","0.2081979215145111","0.09651562074820201","0.08873452991247177","0.10204862803220749","0.10041224770247936","0.09063617140054703","0.10603450983762741"
"686","0.09324209205806255","0.08560505509376526","0.10257802158594131","0.2625427693128586","0.24687618017196655","0.2750641703605652","0.2015840709209442","0.18983739614486694","0.21482858061790466","0.09306766341129939","0.08631403744220734","0.10140196233987808","0.09593072906136513","0.08874985575675964","0.10306225717067719"
"687","0.10545089282095432","0.08175049722194672","0.11526013910770416","0.2771299257874489","0.2404862344264984","0.2897352874279022","0.2192825861275196","0.1835527867078781","0.23559044301509857","0.1030517965555191","0.08167558163404465","0.1149316132068634","0.10801818408071995","0.08279047906398773","0.1180015504360199"
"688","0.10147123038768768","0.09354525059461594","0.11208057403564453","0.2733858823776245","0.2654293179512024","0.2932995557785034","0.21280315145850182","0.20297454297542572","0.23657891154289246","0.102083720266819","0.0941728875041008","0.11146927624940872","0.1032893005758524","0.09471075236797333","0.11500298231840134"
"689","0.09772877395153046","0.08295568823814392","0.10728171467781067","0.2670937366783619","0.24652476608753204","0.28568655252456665","0.20993513613939285","0.19439509510993958","0.22020864486694336","0.09410390506188075","0.08303899317979813","0.10365511476993561","0.09947335347533226","0.08379955589771271","0.11231845617294312"
"690","0.09950909577310085","0.0931650698184967","0.10650864243507385","0.2725973278284073","0.25952833890914917","0.2849518954753876","0.20654531195759773","0.19033131003379822","0.2273571491241455","0.09612997124592464","0.09192907810211182","0.10417594760656357","0.10214720852673054","0.09385630488395691","0.11148865520954132"
"691","0.09322865679860115","0.0813690796494484","0.10742893069982529","0.2645811587572098","0.24447253346443176","0.278911292552948","0.19791841879487038","0.17805366218090057","0.21650996804237366","0.09448031584421794","0.08154366165399551","0.10573648661375046","0.09539007395505905","0.08274988830089569","0.10775241255760193"
"692","0.10258781351149082","0.09730152040719986","0.11573542654514313","0.28061001747846603","0.2607773244380951","0.2965148687362671","0.21124255284667015","0.20184989273548126","0.22228839993476868","0.10337034861246745","0.09638522565364838","0.1133255735039711","0.10390858724713326","0.09728845208883286","0.11500226706266403"
"693","0.09501340426504612","0.0889776423573494","0.10234395414590836","0.2567237578332424","0.245797261595726","0.2649129033088684","0.19783880189061165","0.1902192384004593","0.2104807049036026","0.09669450422128041","0.09207125753164291","0.10269558429718018","0.09727384336292744","0.09253326803445816","0.1054627001285553"
"694","0.09622721374034882","0.08904798328876495","0.10847029089927673","0.2577056735754013","0.24901846051216125","0.28071093559265137","0.19682763889431953","0.1861136555671692","0.21785485744476318","0.0969317654768626","0.09140949696302414","0.10694326460361481","0.09796491637825966","0.09323780983686447","0.10843302309513092"
"695","0.10199436917901039","0.09880726039409637","0.10500083118677139","0.2728801742196083","0.26742416620254517","0.2792838513851166","0.2112782634794712","0.20403268933296204","0.2203395813703537","0.10186928510665894","0.10094551742076874","0.10257591307163239","0.10386752523481846","0.10304692387580872","0.10501410812139511"
"696","0.09919312037527561","0.09143722057342529","0.10867440700531006","0.2637563720345497","0.25014981627464294","0.28267574310302734","0.2009144388139248","0.1909618079662323","0.22460022568702698","0.10075901448726654","0.09400308132171631","0.10860610008239746","0.10088781639933586","0.09513228386640549","0.1123068556189537"
"697","0.09803284145891666","0.09501920640468597","0.10119105875492096","0.260438472032547","0.25677490234375","0.2631233334541321","0.2048342488706112","0.1957942694425583","0.21673911809921265","0.09854414314031601","0.09548255801200867","0.10211267322301865","0.10012103617191315","0.0978846475481987","0.10530340671539307"
"698","0.09799863025546074","0.08642177283763885","0.10461869835853577","0.2763839289546013","0.26540565490722656","0.28345736861228943","0.20567547529935837","0.18985982239246368","0.21461725234985352","0.1002810796101888","0.09973862022161484","0.10135055333375931","0.09974278323352337","0.09046294540166855","0.10439498722553253"
"699","0.09263892471790314","0.07951417565345764","0.10570346564054489","0.2606414705514908","0.24205227196216583","0.2814866900444031","0.20632626116275787","0.18883726000785828","0.2253514677286148","0.09490642696619034","0.07986553013324738","0.10244348645210266","0.09499883092939854","0.08294704556465149","0.1045646220445633"
"700","0.08961428143084049","0.08431940525770187","0.09675823897123337","0.26529132574796677","0.2547856569290161","0.275218665599823","0.20109325274825096","0.19148972630500793","0.21612051129341125","0.08827760815620422","0.08378897607326508","0.09620839357376099","0.09314265847206116","0.08665600419044495","0.10080988705158234"
"701","0.0916977096349001","0.08582302927970886","0.09827133268117905","0.27493900805711746","0.2666352391242981","0.2827666103839874","0.20518933236598969","0.20266667008399963","0.2091647982597351","0.08854894091685613","0.08607389032840729","0.0902348980307579","0.09478476271033287","0.0898406058549881","0.10388714075088501"
"702","0.08945365063846111","0.08646878600120544","0.09501661360263824","0.27258631587028503","0.2632908821105957","0.28403133153915405","0.19901474565267563","0.18870288133621216","0.211528480052948","0.08922628810008366","0.08491955697536469","0.09516465663909912","0.09212184511125088","0.08776148408651352","0.09928768128156662"
"703","0.08689277805387974","0.07779566943645477","0.0997425988316536","0.2639296054840088","0.25496989488601685","0.2817065715789795","0.19196771457791328","0.1850002557039261","0.20403939485549927","0.08674669762452443","0.07793478667736053","0.09707166999578476","0.089935302734375","0.08195188641548157","0.09996239095926285"
"704","0.08924832940101624","0.07222703099250793","0.1092715784907341","0.26160119473934174","0.2245323657989502","0.29656079411506653","0.19591552764177322","0.1716710925102234","0.224981427192688","0.0807022750377655","0.07117144763469696","0.08939196169376373","0.09130356088280678","0.07417194545269012","0.11629006266593933"
"705","0.10492396540939808","0.09487542510032654","0.11238978058099747","0.27773429453372955","0.27547210454940796","0.284099817276001","0.21409929171204567","0.20345759391784668","0.22888220846652985","0.10308832426865895","0.09362760186195374","0.11152613162994385","0.10793597996234894","0.09610138833522797","0.11684863269329071"
"706","0.09008823707699776","0.08761525899171829","0.09281961619853973","0.2578839808702469","0.2469053566455841","0.2660783529281616","0.1994803622364998","0.18938075006008148","0.21240048110485077","0.08756723999977112","0.08494900166988373","0.0902094691991806","0.09265901893377304","0.08754216134548187","0.09823799878358841"
"707","0.09231812134385109","0.08762633055448532","0.09672195464372635","0.26355842500925064","0.25072625279426575","0.27243080735206604","0.2023228108882904","0.19456928968429565","0.21533361077308655","0.09068562835454941","0.08488761633634567","0.09713032841682434","0.0955769531428814","0.0874941498041153","0.10134240984916687"
"708","0.0891044121235609","0.083016037940979","0.09352131187915802","0.2564994990825653","0.2534271478652954","0.2644364535808563","0.192943025380373","0.1850779950618744","0.20400647819042206","0.08732336014509201","0.08277028053998947","0.09312939643859863","0.09193520434200764","0.08724496513605118","0.09596691280603409"
"709","0.09741456620395184","0.093081995844841","0.1025916039943695","0.26841505616903305","0.26299169659614563","0.27358514070510864","0.2089342623949051","0.20406776666641235","0.21337823569774628","0.09477112193902333","0.09304118156433105","0.09774848818778992","0.10001788102090359","0.09603434056043625","0.10815920680761337"
"710","0.09617183730006218","0.08544915169477463","0.10740291327238083","0.26885366439819336","0.25476545095443726","0.28339695930480957","0.2093067280948162","0.1921221911907196","0.2323472797870636","0.0989700232942899","0.0926186814904213","0.10713210701942444","0.09934720955789089","0.0908876359462738","0.11187605559825897"
"711","0.09828312695026398","0.08675944060087204","0.10890103131532669","0.2660083547234535","0.2516185939311981","0.2794885039329529","0.20717753469944","0.19220514595508575","0.21703371405601501","0.09326438109079997","0.0856536403298378","0.10318470746278763","0.10151965357363224","0.09085151553153992","0.11530967056751251"
"712","0.10288071446120739","0.08878862857818604","0.11308250576257706","0.2754000201821327","0.2560270130634308","0.2942081391811371","0.2157423421740532","0.19807761907577515","0.22777439653873444","0.09768687188625336","0.08854515850543976","0.10791477560997009","0.10584563761949539","0.09049659967422485","0.11960593611001968"
"713","0.08681588806211948","0.08268135040998459","0.088814876973629","0.25482190400362015","0.2476411759853363","0.25804999470710754","0.1947624422609806","0.18575438857078552","0.19971409440040588","0.08499240378538768","0.07891003787517548","0.0884687751531601","0.08992048911750317","0.08248363435268402","0.09462111443281174"
"714","0.08989943005144596","0.07923345267772675","0.09527388215065002","0.2604444585740566","0.23978985846042633","0.2718200385570526","0.19671369716525078","0.179554745554924","0.2039201855659485","0.08706381420294444","0.0770915299654007","0.09246526658535004","0.09264348447322845","0.0793619304895401","0.10031063854694366"
"715","0.08961375802755356","0.07227121293544769","0.1004803478717804","0.2612638361752033","0.23700876533985138","0.2756170332431793","0.20145461335778236","0.17944224178791046","0.21315957605838776","0.08629392335812251","0.07163751870393753","0.09743601828813553","0.0926217120140791","0.07569953799247742","0.1023092120885849"
"716","0.09418386034667492","0.09098224341869354","0.09727954864501953","0.2729976773262024","0.2676329016685486","0.2874673008918762","0.20719384029507637","0.2008194774389267","0.21607831120491028","0.09202860792477925","0.08749659359455109","0.09737426042556763","0.0964769795536995","0.09052129089832306","0.10247340798377991"
"717","0.09121431782841682","0.08207499980926514","0.09724612534046173","0.26360878348350525","0.24157685041427612","0.28543806076049805","0.19975026324391365","0.1848161816596985","0.2208215296268463","0.08963017414013545","0.0807676613330841","0.09609147161245346","0.09418973326683044","0.08361996710300446","0.1012929230928421"
"718","0.09882790222764015","0.0864209309220314","0.1080683022737503","0.2738679498434067","0.25349798798561096","0.2907024025917053","0.2069883830845356","0.18745599687099457","0.22768019139766693","0.10152304669221242","0.09810741990804672","0.10794982314109802","0.10164782777428627","0.09191824495792389","0.11383423954248428"
"719","0.09117253310978413","0.08264366537332535","0.1002344861626625","0.2627473324537277","0.2524263262748718","0.27310726046562195","0.1965140476822853","0.18853537738323212","0.20427517592906952","0.08822074780861537","0.0819375291466713","0.09766070544719696","0.09379682317376137","0.0859682485461235","0.10211533308029175"
"720","0.09054012969136238","0.08803042024374008","0.09554934501647949","0.2700899839401245","0.2645605802536011","0.27296870946884155","0.1996188461780548","0.18983453512191772","0.2084353119134903","0.09037582079569499","0.08866114169359207","0.0925668403506279","0.09304754249751568","0.08979619294404984","0.09500128030776978"
"721","0.09717150591313839","0.08736235648393631","0.1078234538435936","0.26529455929994583","0.247715562582016","0.2789944112300873","0.20620940625667572","0.19460511207580566","0.21754810214042664","0.0926538457473119","0.0871175155043602","0.09754247963428497","0.10045420192182064","0.09130313992500305","0.11418657004833221"
"722","0.09202529303729534","0.08448641747236252","0.10125281661748886","0.2585587687790394","0.2434123307466507","0.27418357133865356","0.20399605482816696","0.18870887160301208","0.2159804105758667","0.08751581360896428","0.08365260064601898","0.0935869887471199","0.0952403824776411","0.08619628101587296","0.1082136407494545"
"723","0.09185444191098213","0.0801909938454628","0.10331590473651886","0.2608930543065071","0.2428041398525238","0.2735936641693115","0.20345883071422577","0.18568885326385498","0.2197425812482834","0.08640728394190471","0.07917015254497528","0.09627997875213623","0.095054492354393","0.08126591891050339","0.11037378013134003"
"724","0.09141417033970356","0.085855633020401","0.0976288840174675","0.26932942122220993","0.2575673758983612","0.27477285265922546","0.19801530987024307","0.18593046069145203","0.20746590197086334","0.08916509648164113","0.08312548696994781","0.09655191004276276","0.09436375834047794","0.08660061657428741","0.10026558488607407"
"725","0.09800195507705212","0.09309409558773041","0.10379112511873245","0.2768585607409477","0.2658717632293701","0.286722332239151","0.20704027265310287","0.19427311420440674","0.2168074995279312","0.09751612444718678","0.08942657709121704","0.10480113327503204","0.10037788935005665","0.09182669967412949","0.10642248392105103"
"726","0.09789218008518219","0.09364762157201767","0.10457660257816315","0.2780115306377411","0.2731037735939026","0.28380823135375977","0.20972295850515366","0.20042577385902405","0.22235697507858276","0.09668683509031932","0.09116010367870331","0.1037607342004776","0.10088718123733997","0.09317580610513687","0.10690470039844513"
"727","0.09003377519547939","0.0861707329750061","0.0938994437456131","0.2583715468645096","0.25243011116981506","0.26190340518951416","0.1954817771911621","0.19492380321025848","0.19604751467704773","0.08756111313899358","0.08570359647274017","0.09037348628044128","0.0920940674841404","0.08931680768728256","0.09783025085926056"
"728","0.0887050461024046","0.08312075585126877","0.09609458595514297","0.258650254458189","0.24853076040744781","0.270734041929245","0.1986413635313511","0.19263574481010437","0.2029915452003479","0.08492902914683025","0.082558274269104","0.08705457299947739","0.09097206965088844","0.08528682589530945","0.10128667205572128"
"729","0.0884510688483715","0.08540728688240051","0.09475921094417572","0.2608952894806862","0.25404447317123413","0.2739582657814026","0.19698626175522804","0.1892450451850891","0.20312270522117615","0.0881316860516866","0.08474358171224594","0.09249428659677505","0.09090772084891796","0.08764079213142395","0.0949786901473999"
"730","0.09082967974245548","0.08422517031431198","0.10172618180513382","0.2606267184019089","0.2477436065673828","0.27573221921920776","0.19722501933574677","0.19095337390899658","0.20771168172359467","0.08919638146956761","0.08304636925458908","0.09844871610403061","0.09360340610146523","0.08627340942621231","0.10272443294525146"
"731","0.0885954201221466","0.08350847661495209","0.09562260657548904","0.25761930271983147","0.24134503304958344","0.2747920751571655","0.19426902383565903","0.18669244647026062","0.2032163441181183","0.08480846385161082","0.08288291841745377","0.08693395555019379","0.09135540015995502","0.084961898624897","0.10113772749900818"
"732","0.09344171732664108","0.07643846422433853","0.10504912585020065","0.2721945606172085","0.24509568512439728","0.2970043122768402","0.20275193080306053","0.18080244958400726","0.2315954566001892","0.08968537300825119","0.0758325383067131","0.10485731065273285","0.09621516428887844","0.07862943410873413","0.10889147967100143"
"733","0.10033287480473518","0.09877023100852966","0.10273982584476471","0.2709280475974083","0.26851099729537964","0.2738092541694641","0.2105761617422104","0.20647449791431427","0.21629300713539124","0.09961666911840439","0.09929663687944412","0.09993618726730347","0.10331626795232296","0.10170822590589523","0.1052836999297142"
"734","0.09517264552414417","0.08675117045640945","0.10482458025217056","0.27355942130088806","0.2617753744125366","0.2783374488353729","0.205857552587986","0.199930340051651","0.20966710150241852","0.09401083489259084","0.0863286703824997","0.10179486870765686","0.09824594110250473","0.09018990397453308","0.10513931512832642"
"735","0.09817653708159924","0.08694121986627579","0.10673890262842178","0.26381222903728485","0.24151843786239624","0.2832443416118622","0.20848331600427628","0.19820182025432587","0.22662484645843506","0.09633605182170868","0.08656691759824753","0.10683500021696091","0.10090209171175957","0.08946658670902252","0.11053381860256195"
"736","0.09418397583067417","0.08109546452760696","0.10312626510858536","0.2708851397037506","0.2491428554058075","0.28145378828048706","0.20608804374933243","0.18467792868614197","0.22102096676826477","0.09712167332569759","0.09383150935173035","0.10194055736064911","0.09679881669580936","0.08692006766796112","0.10492470860481262"
"737","0.09957984276115894","0.08402102440595627","0.1093752533197403","0.27540114521980286","0.24893176555633545","0.2870251536369324","0.21112198755145073","0.1883780062198639","0.2233140617609024","0.09614373495181401","0.08267250657081604","0.10523325204849243","0.1024428028613329","0.08497422188520432","0.11183398962020874"
"738","0.09615255892276764","0.08698631823062897","0.10025417804718018","0.2712814658880234","0.2576645314693451","0.27855250239372253","0.20078616589307785","0.19189579784870148","0.21031847596168518","0.09391847252845764","0.08720821142196655","0.09928835183382034","0.09979674592614174","0.09046059846878052","0.10467028617858887"
"739","0.09483861178159714","0.09050589054822922","0.09888409823179245","0.2702947035431862","0.26323509216308594","0.27864912152290344","0.20396897941827774","0.1951947659254074","0.20915263891220093","0.09216628968715668","0.08799132704734802","0.09549760818481445","0.09708833321928978","0.0883798822760582","0.104220911860466"
"740","0.09407133795320988","0.08363568782806396","0.10588352382183075","0.25918833166360855","0.23989306390285492","0.28018057346343994","0.20162709429860115","0.18088044226169586","0.21749642491340637","0.0943761517604192","0.08110406249761581","0.1050877645611763","0.09724011272192001","0.08579854667186737","0.10736435651779175"
"741","0.08920272625982761","0.08221352845430374","0.09728441387414932","0.2567969895899296","0.24055133759975433","0.2745858430862427","0.1922784298658371","0.1763121485710144","0.21368414163589478","0.0903884693980217","0.083139568567276","0.09802833944559097","0.09244999475777149","0.08514438569545746","0.10239274799823761"
"742","0.09477085620164871","0.0919155552983284","0.09638333320617676","0.26425375789403915","0.2612420320510864","0.2675212025642395","0.2046544812619686","0.20090684294700623","0.21068575978279114","0.09383946408828099","0.09234503656625748","0.09469659626483917","0.09658928588032722","0.09302831441164017","0.09808303415775299"
"743","0.09108810871839523","0.08421619236469269","0.09814941138029099","0.2536163032054901","0.24869221448898315","0.2629587948322296","0.19912248104810715","0.19387641549110413","0.20458178222179413","0.0903048465649287","0.08421176671981812","0.09466134011745453","0.09330948814749718","0.0879412591457367","0.0966239720582962"
"744","0.0818692110478878","0.07940687984228134","0.08444183319807053","0.23556159436702728","0.22773823142051697","0.2396702617406845","0.181396946310997","0.171138733625412","0.18821412324905396","0.08128786087036133","0.07632900029420853","0.08425983786582947","0.08458651602268219","0.08075249940156937","0.0874360054731369"
"745","0.09133526496589184","0.08584843575954437","0.09962223470211029","0.2619662955403328","0.2539607882499695","0.27674832940101624","0.20360668748617172","0.19715966284275055","0.21860021352767944","0.0909523790081342","0.08533727377653122","0.09889645874500275","0.09430653043091297","0.08945976942777634","0.10203762352466583"
"746","0.09515181370079517","0.09029313921928406","0.10436476022005081","0.26651930063962936","0.257016658782959","0.28530198335647583","0.20543694868683815","0.19316253066062927","0.2246536761522293","0.09456175814072292","0.0873071625828743","0.10333939641714096","0.09815030358731747","0.09091265499591827","0.10786351561546326"
"747","0.09875546395778656","0.09395144879817963","0.10366066545248032","0.2679305449128151","0.2590904235839844","0.27635401487350464","0.20749660208821297","0.20443254709243774","0.21160496771335602","0.09567975252866745","0.09380145370960236","0.09928631782531738","0.10093866474926472","0.09613394737243652","0.10852156579494476"
"748","0.09392609633505344","0.08950463682413101","0.0966653823852539","0.2664778605103493","0.24973195791244507","0.27612876892089844","0.20316515490412712","0.19806963205337524","0.20961250364780426","0.09193767110506694","0.08915534615516663","0.09351682662963867","0.09689836762845516","0.09224938601255417","0.10117214173078537"
"749","0.09115976095199585","0.08765862882137299","0.09399466216564178","0.26084018126130104","0.24802334606647491","0.26674801111221313","0.20344509929418564","0.19260060787200928","0.2112778127193451","0.09086413929859798","0.08964971452951431","0.09183859825134277","0.09379044733941555","0.09285186231136322","0.0954744815826416"
"750","0.09215836226940155","0.08710906654596329","0.09694478660821915","0.26151684671640396","0.2545800805091858","0.2684173285961151","0.1985515132546425","0.1893593966960907","0.20726734399795532","0.09198425710201263","0.08659029006958008","0.09574948996305466","0.09455421566963196","0.08876748383045197","0.10018493980169296"
"751","0.09521846286952496","0.08976203203201294","0.10359940677881241","0.2715940624475479","0.26668015122413635","0.28344541788101196","0.20722147077322006","0.20284909009933472","0.21370498836040497","0.09089060376087825","0.08893916755914688","0.09195098280906677","0.09818360209465027","0.09361755847930908","0.1095162108540535"
"752","0.08512182906270027","0.0789678618311882","0.09094107896089554","0.25593844056129456","0.25367534160614014","0.25865280628204346","0.19068025052547455","0.18250295519828796","0.20013463497161865","0.0856753836075465","0.07869598269462585","0.09128877520561218","0.08670680597424507","0.08256366103887558","0.09312085807323456"
"753","0.0979161486029625","0.07961253076791763","0.11458556354045868","0.2723614498972893","0.24549108743667603","0.29536551237106323","0.20821484923362732","0.19364386796951294","0.22684377431869507","0.09446075061957042","0.07928773760795593","0.11348167061805725","0.10079055652022362","0.08331479132175446","0.11677490174770355"
"754","0.08940951153635979","0.08525583148002625","0.09347869455814362","0.2599901109933853","0.25132620334625244","0.2670131325721741","0.19735660403966904","0.19002388417720795","0.20553001761436462","0.08859102427959442","0.08432850241661072","0.09115904569625854","0.09179025143384933","0.08817975223064423","0.0943949818611145"
"755","0.10061799176037312","0.09193138778209686","0.10810302942991257","0.27727223187685013","0.2592954933643341","0.2886422872543335","0.20659911632537842","0.1961105316877365","0.22381937503814697","0.09992323567469914","0.09184425324201584","0.10709401965141296","0.10326446779072285","0.094204381108284","0.11184237152338028"
"756","0.09807460010051727","0.09062956273555756","0.10619788616895676","0.2696792110800743","0.2596385180950165","0.2753070592880249","0.2040097750723362","0.1911061406135559","0.21014252305030823","0.09925325214862823","0.09059426188468933","0.10385076701641083","0.10045331716537476","0.09327845275402069","0.1069856733083725"
"757","0.08758843317627907","0.0785926803946495","0.09886673837900162","0.25665541365742683","0.2489074319601059","0.26437726616859436","0.19211986660957336","0.18485280871391296","0.20662584900856018","0.08651718993981679","0.07864145189523697","0.09877856075763702","0.08960827626287937","0.08130817860364914","0.09951328486204147"
"758","0.09362362697720528","0.09149613231420517","0.096757672727108","0.2644404172897339","0.25542259216308594","0.2808018624782562","0.2033914215862751","0.1951962113380432","0.21871913969516754","0.09231086075305939","0.09003876149654388","0.09611430764198303","0.09697879292070866","0.09509901702404022","0.09825244545936584"
"759","0.10268902219831944","0.0935743898153305","0.11055856943130493","0.2755119055509567","0.2572663426399231","0.2925621271133423","0.2079964429140091","0.20065632462501526","0.2160923331975937","0.09896550575892131","0.09346740692853928","0.10721803456544876","0.1052198875695467","0.09684664011001587","0.11696961522102356"
"760","0.0878063477575779","0.08040141314268112","0.0990171730518341","0.258733082562685","0.24738089740276337","0.2723311185836792","0.19337613880634308","0.17787358164787292","0.20587775111198425","0.08741714805364609","0.0798954963684082","0.09402336180210114","0.08958089537918568","0.0822959616780281","0.09783284366130829"
"761","0.08924932591617107","0.08150692284107208","0.09961747378110886","0.26093103736639023","0.25324082374572754","0.2670563757419586","0.19327951967716217","0.18354836106300354","0.20628370344638824","0.08849622557560603","0.0818680003285408","0.09886764734983444","0.09241418354213238","0.08520323038101196","0.10144434869289398"
"762","0.09447384439408779","0.08599098026752472","0.10681207478046417","0.26166170835494995","0.25515982508659363","0.2777250409126282","0.2007165364921093","0.1942143589258194","0.21236146986484528","0.0887963945666949","0.08486874401569366","0.09273295849561691","0.09708626009523869","0.08742102980613708","0.11344263702630997"
"763","0.08887614496052265","0.07363802939653397","0.10517489165067673","0.25547539815306664","0.2426629662513733","0.2717701494693756","0.19736357033252716","0.1782720386981964","0.2122822403907776","0.09251895795265834","0.08430534601211548","0.10237354040145874","0.0906276311725378","0.07797346264123917","0.10344997048377991"
"764","0.09296118281781673","0.0847015231847763","0.09898266941308975","0.25760020315647125","0.2394600808620453","0.27851420640945435","0.20060262829065323","0.19165228307247162","0.22271481156349182","0.09293376902739207","0.08499624580144882","0.09900882840156555","0.09579423628747463","0.08610006421804428","0.10317762941122055"
"765","0.09594332985579967","0.08515165746212006","0.1118580624461174","0.2612585723400116","0.24198421835899353","0.2880817949771881","0.20752742141485214","0.1895831972360611","0.23467794060707092","0.0976238598426183","0.09053065627813339","0.11005010455846786","0.09747593849897385","0.0899844616651535","0.1149299368262291"
"766","0.0896798837929964","0.08307437598705292","0.09893355518579483","0.2545386403799057","0.244644433259964","0.26962047815322876","0.19152123481035233","0.18118833005428314","0.20454435050487518","0.0855846181511879","0.08244742453098297","0.08835949748754501","0.09202895686030388","0.08537790924310684","0.10467974096536636"
"767","0.09201546758413315","0.0892871618270874","0.09652925282716751","0.25932586938142776","0.2512180805206299","0.2663356363773346","0.1964215449988842","0.18626202642917633","0.21364207565784454","0.09122816721598308","0.08819424360990524","0.09623081237077713","0.09518799930810928","0.09190834313631058","0.1001197099685669"
"769","0.08816087990999222","0.07962840795516968","0.0956319198012352","0.2509058825671673","0.2412148118019104","0.2603190243244171","0.19542980566620827","0.1903819441795349","0.20137645304203033","0.08585461477438609","0.07873986661434174","0.09211741387844086","0.09070635959506035","0.08135264366865158","0.09567318856716156"
"770","0.09501256607472897","0.08338391780853271","0.10012176632881165","0.26986878365278244","0.24412497878074646","0.28007495403289795","0.20185565203428268","0.18876416981220245","0.21753740310668945","0.09256767729918162","0.08266668021678925","0.10040068626403809","0.09820939786732197","0.08468952775001526","0.10643374919891357"
"771","0.09986842423677444","0.09488604962825775","0.10802723467350006","0.26563768088817596","0.2553059160709381","0.2746185064315796","0.2077215276658535","0.2054511308670044","0.21123474836349487","0.09856585413217545","0.09509129822254181","0.10353735834360123","0.10299169458448887","0.09815286844968796","0.10890336334705353"
"772","0.09381817281246185","0.08921615779399872","0.0995817705988884","0.25891420245170593","0.24236178398132324","0.27662307024002075","0.19991713017225266","0.19389581680297852","0.2047261893749237","0.09224387754996617","0.08889449387788773","0.09891724586486816","0.09734641015529633","0.09141135215759277","0.10242168605327606"
"773","0.0922031793743372","0.08810767531394958","0.10131537914276123","0.25578344613313675","0.24682915210723877","0.2666777968406677","0.19720587506890297","0.1858467161655426","0.20791196823120117","0.08767583966255188","0.085320845246315","0.08907854557037354","0.09466016106307507","0.08898307383060455","0.10553540289402008"
"774","0.08497634902596474","0.0803368091583252","0.09408542513847351","0.24849718809127808","0.2444276213645935","0.2562461197376251","0.1899534836411476","0.18482926487922668","0.1977642923593521","0.08485302080710729","0.08059356361627579","0.09155421704053879","0.08702266961336136","0.08338458091020584","0.09364840388298035"
"775","0.09332098998129368","0.0898507833480835","0.0989866852760315","0.2647119089961052","0.25346192717552185","0.2771245539188385","0.1983487345278263","0.1913212090730667","0.20388510823249817","0.09290591875712077","0.08950549364089966","0.0965728908777237","0.09607989527285099","0.09361959248781204","0.09815701842308044"
"776","0.09610305353999138","0.0864008367061615","0.10538649559020996","0.2695096433162689","0.2579200863838196","0.27915626764297485","0.20100001990795135","0.18506385385990143","0.21066196262836456","0.09764695664246877","0.09526705741882324","0.10125937312841415","0.09769563190639019","0.09006395190954208","0.10345225036144257"
"777","0.0929440688341856","0.08836546540260315","0.09927641600370407","0.26657334715127945","0.2618691027164459","0.27694228291511536","0.19930342957377434","0.19216272234916687","0.21382829546928406","0.09228526055812836","0.08753010630607605","0.0993490070104599","0.09536896459758282","0.08969469368457794","0.10286644101142883"
"778","0.0919751487672329","0.09088782966136932","0.09260615706443787","0.25607169419527054","0.253306120634079","0.25961369276046753","0.19416192173957825","0.19142088294029236","0.19689154624938965","0.09055106341838837","0.08973540365695953","0.09105393290519714","0.09505354426801205","0.09316202253103256","0.0982246845960617"
"779","0.09143163450062275","0.08526799082756042","0.09811612963676453","0.25410790741443634","0.2506922483444214","0.2592870891094208","0.19580283761024475","0.18692398071289062","0.20763763785362244","0.09103627502918243","0.08464091271162033","0.09707796573638916","0.09489753842353821","0.08679912984371185","0.10138213634490967"
"780","0.09250559471547604","0.08561818301677704","0.09923415631055832","0.26172200217843056","0.2474585622549057","0.2719928026199341","0.1988304741680622","0.1837712824344635","0.20563718676567078","0.09460136542717616","0.09032729268074036","0.09697411954402924","0.09560353681445122","0.09179434925317764","0.09920383989810944"
"781","0.09870224446058273","0.09417630732059479","0.1030048131942749","0.2586831822991371","0.24549832940101624","0.2672227621078491","0.20571858435869217","0.1928531378507614","0.21325156092643738","0.09903572251399358","0.09545497596263885","0.10205626487731934","0.1014354657381773","0.09600068628787994","0.10462862253189087"
"782","0.08934026956558228","0.0813564658164978","0.09555689990520477","0.2564700171351433","0.23882389068603516","0.2681846618652344","0.19222143292427063","0.17996624112129211","0.19844025373458862","0.0855374460419019","0.08084578812122345","0.0889102891087532","0.09148407727479935","0.08405019342899323","0.10026590526103973"
"783","0.09768063388764858","0.08726989477872849","0.10854094475507736","0.27026892453432083","0.2526591420173645","0.28722888231277466","0.20565352961421013","0.1904272437095642","0.2214462161064148","0.09298314154148102","0.08627890050411224","0.10095280408859253","0.10068435594439507","0.0885126069188118","0.11615236848592758"
"784","0.09883730113506317","0.08598557859659195","0.11141789704561234","0.26923955976963043","0.25105828046798706","0.2847121059894562","0.20392247661948204","0.1830376386642456","0.22426894307136536","0.10154744982719421","0.09357894212007523","0.11048418283462524","0.10192098096013069","0.09059830009937286","0.11296671628952026"
"785","0.08901791460812092","0.08047477900981903","0.09632667154073715","0.24845607951283455","0.235989511013031","0.25666430592536926","0.19144104793667793","0.17667725682258606","0.19971127808094025","0.08792309711376826","0.07877255231142044","0.09465746581554413","0.09110143035650253","0.08032277226448059","0.09649430960416794"
"786","0.09903072007000446","0.09073306620121002","0.10884049534797668","0.26066677644848824","0.24870361387729645","0.26957929134368896","0.20244980230927467","0.19380199909210205","0.2142828106880188","0.09697048117717107","0.08962707221508026","0.10526872426271439","0.10154692642390728","0.09326200187206268","0.11053763329982758"
"787","0.09091963991522789","0.08274649828672409","0.09914355725049973","0.25561991333961487","0.24110126495361328","0.2696645259857178","0.19271501898765564","0.1835174709558487","0.2042483687400818","0.09052678445974986","0.08203437924385071","0.0981598049402237","0.09343880228698254","0.08517985045909882","0.10102201253175735"
"788","0.09511837922036648","0.09234078228473663","0.09710629284381866","0.2646266520023346","0.2597280740737915","0.2680490016937256","0.21066856756806374","0.20478077232837677","0.22075358033180237","0.09418609489997228","0.09218038618564606","0.09552869945764542","0.0976222362369299","0.09521296620368958","0.10085950046777725"
"789","0.08184310980141163","0.07029032707214355","0.09429931640625","0.25229715555906296","0.24010509252548218","0.2759501338005066","0.18705195933580399","0.17590783536434174","0.20569318532943726","0.0766576553384463","0.07035917788743973","0.08315794914960861","0.08463925868272781","0.07176482677459717","0.09925052523612976"
"790","0.09469730220735073","0.08257190883159637","0.10640046000480652","0.25164154917001724","0.23072674870491028","0.2724613845348358","0.1956777721643448","0.1776525229215622","0.2130286991596222","0.09317409495512645","0.08019083738327026","0.10539720952510834","0.09661297872662544","0.0817314088344574","0.10915245860815048"
"791","0.10038245841860771","0.07608692348003387","0.11497713625431061","0.27713942900300026","0.24514462053775787","0.28949135541915894","0.2060270607471466","0.1732385903596878","0.22998659312725067","0.09707959741353989","0.0742107480764389","0.1138438805937767","0.10314951837062836","0.07844023406505585","0.11787708103656769"
"792","0.08920789323747158","0.07523851841688156","0.09902069717645645","0.2639683596789837","0.24762161076068878","0.27232620120048523","0.19735942780971527","0.1775771528482437","0.21029481291770935","0.09277160217364629","0.08520974218845367","0.09729424118995667","0.09249725565314293","0.08277393877506256","0.09951535612344742"
"793","0.09406914934515953","0.08882609009742737","0.10587678849697113","0.25718196853995323","0.2445783168077469","0.2796381413936615","0.19893836975097656","0.18602493405342102","0.21766990423202515","0.09378278503815334","0.08624608814716339","0.1052599623799324","0.09717840701341629","0.08861535787582397","0.1096695065498352"
"794","0.09734444878995419","0.0890999436378479","0.1079312115907669","0.2622274272143841","0.24198614060878754","0.27970606088638306","0.19548865407705307","0.18498237431049347","0.21289533376693726","0.09665822237730026","0.08837234973907471","0.10772224515676498","0.10017446056008339","0.09048808366060257","0.11225898563861847"
"795","0.09672753140330315","0.08671260625123978","0.10711105167865753","0.2683814987540245","0.2561635375022888","0.28316065669059753","0.20209124311804771","0.18867197632789612","0.21393966674804688","0.09908336400985718","0.09110458195209503","0.10412080585956573","0.100096195936203","0.09240070730447769","0.10850730538368225"
"796","0.09305872954428196","0.08138307929039001","0.10516346246004105","0.2644123360514641","0.24869316816329956","0.2780963182449341","0.19537918269634247","0.18575036525726318","0.20713195204734802","0.09158461540937424","0.08024729788303375","0.10238641500473022","0.09640241786837578","0.08427753299474716","0.10640526562929153"
"797","0.10297601483762264","0.10002590715885162","0.1058565303683281","0.27381681650877","0.26034295558929443","0.2966834306716919","0.21101760119199753","0.20339474081993103","0.21637940406799316","0.1024543767174085","0.09998075664043427","0.10466315597295761","0.1060766689479351","0.10502269119024277","0.10711195319890976"
"798","0.09348762407898903","0.08029304444789886","0.10339711606502533","0.2607068419456482","0.2456849217414856","0.27489158511161804","0.19684335589408875","0.18212395906448364","0.20957964658737183","0.08935073266426723","0.08069650083780289","0.0959797352552414","0.09626240469515324","0.0831194669008255","0.11128047853708267"
"799","0.09026211127638817","0.08441823720932007","0.09596830606460571","0.24346254020929337","0.23076120018959045","0.25484079122543335","0.19344766438007355","0.18032246828079224","0.20209920406341553","0.09153831005096436","0.08546585589647293","0.09554710984230042","0.09191908501088619","0.0879526287317276","0.09805936366319656"
"800","0.09539417177438736","0.08671137690544128","0.10172858089208603","0.26137448102235794","0.24724560976028442","0.2727698087692261","0.2005034275352955","0.18581523001194","0.2136627584695816","0.0957230677207311","0.08448271453380585","0.10136577486991882","0.09876491501927376","0.08793993294239044","0.10486675798892975"
"801","0.09335034340620041","0.08497294783592224","0.10037288069725037","0.2609566003084183","0.25195521116256714","0.27291494607925415","0.19414003938436508","0.17460346221923828","0.21379269659519196","0.09459961950778961","0.0920076072216034","0.09718790650367737","0.09533571638166904","0.09049095213413239","0.0988864079117775"
"802","0.09191243350505829","0.08179507404565811","0.10002630949020386","0.26209525391459465","0.2458328753709793","0.28146296739578247","0.19312283396720886","0.17616860568523407","0.2105158418416977","0.09386501957972844","0.08529379963874817","0.09987778216600418","0.09486258588731289","0.08683356642723083","0.10217216610908508"
"803","0.09485148079693317","0.08526316285133362","0.11463093757629395","0.2558298408985138","0.2407657951116562","0.2838084101676941","0.1957361102104187","0.17375892400741577","0.21805018186569214","0.09603295723597209","0.08438269793987274","0.10969585180282593","0.0966443233191967","0.08781705796718597","0.11422280967235565"
"804","0.09973699785768986","0.07904534786939621","0.11455361545085907","0.25602837651968","0.2254388928413391","0.27670642733573914","0.20313062891364098","0.17314527928829193","0.22189801931381226","0.10520005722840627","0.09618690609931946","0.1108945980668068","0.10211326740682125","0.08491712063550949","0.11378289759159088"
"805","0.0942692719399929","0.08347418904304504","0.09948515892028809","0.255738340318203","0.2403540015220642","0.26834002137184143","0.19424789398908615","0.17360255122184753","0.21312612295150757","0.09317512810230255","0.08097454905509949","0.09985831379890442","0.09700673632323742","0.08358897268772125","0.10274291038513184"
"806","0.09331722185015678","0.08719145506620407","0.09701356291770935","0.2488999217748642","0.23718059062957764","0.25439730286598206","0.19628460705280304","0.18395817279815674","0.20572729408740997","0.09125722448031108","0.08415714651346207","0.0964725986123085","0.0958838164806366","0.08839086443185806","0.10104114562273026"
"807","0.08554496243596077","0.07980166375637054","0.08963249623775482","0.25130975246429443","0.24075275659561157","0.2563791573047638","0.1857166290283203","0.18323774635791779","0.18816930055618286","0.0847953235109647","0.07974283397197723","0.08737652003765106","0.08845554478466511","0.08141358196735382","0.09104476869106293"
"808","0.09272647090256214","0.08672283589839935","0.0965600311756134","0.24959401786327362","0.2366972267627716","0.2566785216331482","0.19273533299565315","0.1829296499490738","0.1973971426486969","0.09103401750326157","0.08366133272647858","0.09577327221632004","0.09502198733389378","0.08759531378746033","0.09999788552522659"
"809","0.09014740027487278","0.07742955535650253","0.09617279469966888","0.2572161331772804","0.23929661512374878","0.2675466537475586","0.19379893317818642","0.1729113906621933","0.20257946848869324","0.08699647337198257","0.07533040642738342","0.09435046464204788","0.09253899939358234","0.07650882750749588","0.10189013928174973"
"810","0.09516132809221745","0.08778885006904602","0.10810535401105881","0.26204244792461395","0.25451797246932983","0.27882882952690125","0.20509302243590355","0.1912916898727417","0.21847166121006012","0.09639749179283778","0.08933927863836288","0.10454671084880829","0.09727896004915237","0.0911683440208435","0.10695847123861313"
"811","0.09405150450766087","0.08827409893274307","0.10523457080125809","0.25598854571580887","0.2527541518211365","0.2621118724346161","0.19504709914326668","0.18895679712295532","0.20277178287506104","0.09359374642372131","0.0879410058259964","0.10276034474372864","0.0971598457545042","0.08991877734661102","0.10574183613061905"
"812","0.09560251608490944","0.07922995835542679","0.10852885991334915","0.2606663331389427","0.23743242025375366","0.27475059032440186","0.1934879906475544","0.17659394443035126","0.2027517855167389","0.09377559771140416","0.07957141101360321","0.10588555783033371","0.09655994363129139","0.08133678138256073","0.10386057198047638"
"813","0.09363242797553539","0.08812472969293594","0.09925901889801025","0.25464384630322456","0.24636641144752502","0.2759958803653717","0.1970185711979866","0.1857661008834839","0.20816637575626373","0.09137859692176183","0.08590811491012573","0.09422580152750015","0.09719289094209671","0.0886773020029068","0.10641899704933167"
"814","0.0974756870418787","0.08811761438846588","0.11053769290447235","0.25563401728868484","0.23923659324645996","0.2886557877063751","0.19758756458759308","0.1821729987859726","0.22266942262649536","0.09964365760485332","0.08639079332351685","0.11102734506130219","0.10042862594127655","0.09081178903579712","0.11282157152891159"
"815","0.0948155838996172","0.08767387270927429","0.09872816503047943","0.25605737790465355","0.2434569150209427","0.2680370807647705","0.19436869770288467","0.18299266695976257","0.2014389932155609","0.0951845720410347","0.09287773072719574","0.09807043522596359","0.09706562012434006","0.09274445474147797","0.1015193909406662"
"816","0.09420642256736755","0.08933904767036438","0.10371758043766022","0.25805428624153137","0.24147364497184753","0.268863320350647","0.19803740829229355","0.18746063113212585","0.20689427852630615","0.09032069146633148","0.08768695592880249","0.09417068958282471","0.09774884954094887","0.09136578440666199","0.10875987261533737"
"817","0.09755034558475018","0.08549100905656815","0.11484469473361969","0.2559613361954689","0.24388068914413452","0.276089072227478","0.20098764821887016","0.18607372045516968","0.22819268703460693","0.10028767834107082","0.0919257402420044","0.11459159851074219","0.1006388422101736","0.0927751436829567","0.11633089184761047"
"818","0.08808503858745098","0.08097714930772781","0.09621238708496094","0.25307847559452057","0.2444930076599121","0.2614332139492035","0.19820130243897438","0.19163993000984192","0.2074592411518097","0.08406415333350499","0.08051209151744843","0.08626340329647064","0.09101573750376701","0.08363567292690277","0.10145095735788345"
"819","0.08582795411348343","0.08038008213043213","0.09227427840232849","0.25313403084874153","0.24811728298664093","0.2600710391998291","0.17987093701958656","0.171759694814682","0.18973317742347717","0.08269433677196503","0.07807397842407227","0.08894579112529755","0.088998569175601","0.08267821371555328","0.09744139015674591"
"820","0.09309408813714981","0.07874013483524323","0.11095356941223145","0.2575533613562584","0.24445921182632446","0.27680879831314087","0.19594381749629974","0.1888064742088318","0.21012793481349945","0.0930500254034996","0.07901537418365479","0.1086537316441536","0.09558543004095554","0.08243709802627563","0.10925024747848511"
"821","0.09573560953140259","0.09050442278385162","0.10053124278783798","0.2636772319674492","0.2592947781085968","0.2672363221645355","0.1973876766860485","0.19551518559455872","0.20066873729228973","0.09268338233232498","0.09072849154472351","0.09453427046537399","0.09783976152539253","0.09427730739116669","0.1040107011795044"
"822","0.09716691263020039","0.0893142819404602","0.11574507504701614","0.2509947903454304","0.24137622117996216","0.2717946767807007","0.1919073574244976","0.18138161301612854","0.21143823862075806","0.08888840923706691","0.08591309934854507","0.09052491188049316","0.09832209348678589","0.08765283226966858","0.1192159503698349"
"823","0.09362709149718285","0.08925896883010864","0.09872989356517792","0.2566488981246948","0.2538372874259949","0.26129215955734253","0.19724306464195251","0.19531121850013733","0.19988003373146057","0.09179568787415822","0.08988568186759949","0.09500497579574585","0.09637954272329807","0.09198282659053802","0.10016071796417236"
"824","0.09293502755463123","0.08623693138360977","0.10452631115913391","0.25328439846634865","0.2467082291841507","0.26885300874710083","0.19159409776329994","0.18398329615592957","0.20694948732852936","0.08784431219100952","0.08605709671974182","0.09133398532867432","0.09600838460028172","0.0880616307258606","0.112350232899189"
"825","0.09286718256771564","0.08144921064376831","0.10819645971059799","0.2525658383965492","0.23692217469215393","0.2706720530986786","0.19442487508058548","0.180698424577713","0.2089492380619049","0.08670039723316829","0.08059196174144745","0.09140980988740921","0.09524640254676342","0.08485906571149826","0.11440470814704895"
"826","0.09062188677489758","0.08279836922883987","0.10583238303661346","0.2503160834312439","0.23710760474205017","0.26635071635246277","0.1909538023173809","0.1750258505344391","0.2102806270122528","0.09156235804160436","0.08112023025751114","0.10418961942195892","0.09228486008942127","0.08137161284685135","0.10686808079481125"
"827","0.09277460537850857","0.08921810239553452","0.09815774857997894","0.2522169314324856","0.24443095922470093","0.2664663791656494","0.18999626860022545","0.1843082308769226","0.2017097920179367","0.09298798441886902","0.0903131440281868","0.09732230752706528","0.09597029536962509","0.0938858762383461","0.09936864674091339"
"828","0.09919015504419804","0.08701511472463608","0.1137583777308464","0.2615121379494667","0.254788875579834","0.27820831537246704","0.19649314507842064","0.18531164526939392","0.21429751813411713","0.10221179574728012","0.0932944118976593","0.11391425132751465","0.10258967243134975","0.0936211496591568","0.11706554889678955"
"829","0.0945690106600523","0.09152023494243622","0.09998762607574463","0.2591667100787163","0.25447750091552734","0.26540476083755493","0.20315222442150116","0.1978265941143036","0.21453605592250824","0.0945582389831543","0.09136031568050385","0.09882543981075287","0.09766617976129055","0.09356343746185303","0.10280096530914307"
"830","0.08468908444046974","0.08190501481294632","0.08781012892723083","0.24263419955968857","0.23782221972942352","0.2455584555864334","0.18424813821911812","0.18194174766540527","0.18717965483665466","0.08172785490751266","0.07993089407682419","0.08327697217464447","0.0869449432939291","0.08300035446882248","0.09332650899887085"
"831","0.09178401716053486","0.08503007888793945","0.09612417966127396","0.2504850775003433","0.23752084374427795","0.2631080746650696","0.19205918908119202","0.17678162455558777","0.20440392196178436","0.09257925301790237","0.08993696421384811","0.09599998593330383","0.09446332976222038","0.09037409722805023","0.10015884041786194"
"832","0.09117243252694607","0.07939980179071426","0.10202033072710037","0.2620570436120033","0.24530571699142456","0.2796969711780548","0.19491978362202644","0.1768091470003128","0.21488738059997559","0.08626143882671992","0.0789458379149437","0.09895734488964081","0.0939197987318039","0.08156779408454895","0.10602022707462311"
"833","0.09021042101085186","0.08130284398794174","0.1018465906381607","0.2538154125213623","0.2448849081993103","0.26060280203819275","0.1878747195005417","0.1735544055700302","0.2040301263332367","0.09209264318148296","0.08142593502998352","0.10182954370975494","0.09285739623010159","0.08347844332456589","0.10362140834331512"
"834","0.0944537166506052","0.08645595610141754","0.10989299416542053","0.25492437183856964","0.24006053805351257","0.2744535505771637","0.19719772040843964","0.1841229796409607","0.21832327544689178","0.0937005802989006","0.08527902513742447","0.10778692364692688","0.0963208470493555","0.08919436484575272","0.10593734681606293"
"835","0.09418905526399612","0.08774784952402115","0.09968879073858261","0.2578946724534035","0.24751219153404236","0.2691507935523987","0.19523192942142487","0.1828082948923111","0.20348933339118958","0.09499351680278778","0.09361351281404495","0.09654495865106583","0.09689489379525185","0.093327097594738","0.09920469671487808"
"836","0.09583694115281105","0.08624392747879028","0.10075943171977997","0.2609250470995903","0.24508896470069885","0.2819247841835022","0.2020966038107872","0.19021111726760864","0.21524733304977417","0.09315792471170425","0.08602921664714813","0.09903862327337265","0.09899125061929226","0.08996707201004028","0.10469144582748413"
"837","0.0959576927125454","0.08340072631835938","0.10389431565999985","0.2649625092744827","0.2517162263393402","0.2759811580181122","0.2030235081911087","0.18720543384552002","0.21471363306045532","0.09343647708495458","0.08379890024662018","0.10257620364427567","0.09890532493591309","0.08717761933803558","0.10596402734518051"
"839","0.09228185936808586","0.08479620516300201","0.10606955736875534","0.25003532320261","0.24110901355743408","0.2675548791885376","0.19423991441726685","0.18592263758182526","0.21532131731510162","0.0932868296901385","0.08697894960641861","0.10460556298494339","0.09456446208059788","0.0889785885810852","0.1081264391541481"
"840","0.08997873589396477","0.08064469695091248","0.10861079394817352","0.2526027783751488","0.2435634434223175","0.26823097467422485","0.18438928201794624","0.17337480187416077","0.20988966524600983","0.09091694404681523","0.07793805003166199","0.10802736133337021","0.09184437058866024","0.08072903007268906","0.11031724512577057"
"841","0.09274937771260738","0.08360722661018372","0.09903527796268463","0.2577814906835556","0.24403470754623413","0.26835986971855164","0.1884618178009987","0.17351506650447845","0.20264732837677002","0.0910258839527766","0.08017891645431519","0.09875696897506714","0.09561819210648537","0.08426418155431747","0.10303816199302673"
"842","0.09424896165728569","0.0895538255572319","0.10010098665952682","0.2552093006670475","0.24037586152553558","0.2703425884246826","0.19236689433455467","0.17750535905361176","0.20149418711662292","0.09151566525300343","0.0878085196018219","0.0943983793258667","0.09751633368432522","0.08900204300880432","0.10657446086406708"
"843","0.09303532540798187","0.0872417688369751","0.09563780575990677","0.25018567591905594","0.24700260162353516","0.2550550103187561","0.1886529102921486","0.1795402616262436","0.19401907920837402","0.09404576073090236","0.09318822622299194","0.0952896922826767","0.094491021707654","0.09028976410627365","0.09678055346012115"
"844","0.08435701206326485","0.07352269440889359","0.09075906872749329","0.23092899098992348","0.20917028188705444","0.25590065121650696","0.18344872444868088","0.16248531639575958","0.19902563095092773","0.08322348942359288","0.07187733054161072","0.09087199717760086","0.08777602948248386","0.07735870033502579","0.09303785860538483"
"845","0.09267483837902546","0.08708392828702927","0.09835498034954071","0.2524612136185169","0.2429567575454712","0.2613440454006195","0.18837400898337364","0.18276110291481018","0.19342249631881714","0.09062085797389348","0.08765444159507751","0.09584203362464905","0.0959245152771473","0.09068681299686432","0.10359405726194382"
"846","0.09053046070039272","0.08618246763944626","0.09916519373655319","0.2470960058271885","0.22792282700538635","0.27179521322250366","0.19264771044254303","0.1773374378681183","0.21178561449050903","0.09077787647644679","0.08383500576019287","0.09809334576129913","0.09248548746109009","0.08525972068309784","0.10047328472137451"
"847","0.0957122202962637","0.07350551337003708","0.11737309396266937","0.25334182009100914","0.23227819800376892","0.28169548511505127","0.19277092069387436","0.16833125054836273","0.2180621176958084","0.09508545696735382","0.07423317432403564","0.11791355907917023","0.09811039827764034","0.07569153606891632","0.11906452476978302"
"848","0.09089644998311996","0.07164895534515381","0.11435870081186295","0.24606187641620636","0.21744370460510254","0.28223422169685364","0.18975849822163582","0.16939133405685425","0.21556636691093445","0.08960024764140447","0.07120572030544281","0.1119219958782196","0.09331532754004002","0.07335304468870163","0.11351222544908524"
"849","0.09362925216555595","0.07732686400413513","0.10330752283334732","0.25668951123952866","0.2407991886138916","0.2729344069957733","0.1956109143793583","0.17655247449874878","0.20389680564403534","0.0892777368426323","0.07479943335056305","0.09860662370920181","0.09577758051455021","0.07837112247943878","0.10923827439546585"
"850","0.09591202065348625","0.0935482531785965","0.10202176868915558","0.25646620616316795","0.2471943348646164","0.2603948712348938","0.19411129131913185","0.19110074639320374","0.19885030388832092","0.09570032606522243","0.0931209921836853","0.0994451716542244","0.09710358455777168","0.0955679640173912","0.10044235736131668"
"851","0.0948486253619194","0.0825510323047638","0.10412998497486115","0.25062844902276993","0.24098780751228333","0.26313674449920654","0.19775046408176422","0.1889537274837494","0.20607414841651917","0.09060215204954147","0.08085189759731293","0.10215674340724945","0.09748553484678268","0.08419986814260483","0.1083059310913086"
"852","0.08565051481127739","0.07800126075744629","0.0914222002029419","0.24861067160964012","0.24227163195610046","0.2527344226837158","0.18145524710416794","0.17096909880638123","0.19037577509880066","0.0831709975997607","0.07839621603488922","0.0870487317442894","0.08809554763138294","0.08058838546276093","0.09615400433540344"
"853","0.10171892121434212","0.08916766941547394","0.11692990362644196","0.2618778347969055","0.25299909710884094","0.2864827513694763","0.20235402882099152","0.19095288217067719","0.2230246365070343","0.09531331310669582","0.08848920464515686","0.09997004270553589","0.10427705757319927","0.0906001627445221","0.12220244854688644"
"854","0.09062522649765015","0.08517717570066452","0.10160953551530838","0.2566720023751259","0.245753675699234","0.26098158955574036","0.19341930747032166","0.17947602272033691","0.2097727358341217","0.08999381711085637","0.08370769768953323","0.1010761633515358","0.09412507712841034","0.08832603693008423","0.10269200801849365"
"855","0.09253765642642975","0.08587440848350525","0.10160525143146515","0.2525302730500698","0.24024103581905365","0.26563140749931335","0.18989358842372894","0.17573381960391998","0.20841211080551147","0.09193980197111766","0.08329440653324127","0.10237564891576767","0.09634530730545521","0.09113273024559021","0.10531125217676163"
"856","0.09542701952159405","0.09014732390642166","0.09913662075996399","0.252030111849308","0.24322740733623505","0.26752716302871704","0.19479330256581306","0.18544615805149078","0.20408734679222107","0.0961598629752795","0.09318985044956207","0.09860832989215851","0.09704258665442467","0.09347845613956451","0.10030480474233627"
"857","0.09206412360072136","0.08089549839496613","0.09883365035057068","0.2620626911520958","0.24060949683189392","0.2770334482192993","0.19140936061739922","0.16926458477973938","0.2032625526189804","0.09098168710867564","0.07874122262001038","0.09947045147418976","0.09484818205237389","0.08093668520450592","0.10124403238296509"
"858","0.09584922716021538","0.09040874242782593","0.09785911440849304","0.2545737735927105","0.24835090339183807","0.260653018951416","0.19815173745155334","0.19266678392887115","0.20315870642662048","0.09389181931813557","0.08982239663600922","0.09771764278411865","0.09849409386515617","0.09273448586463928","0.10416178405284882"
"859","0.09813385270535946","0.08292002230882645","0.10736281424760818","0.2659670002758503","0.24073512852191925","0.2814991772174835","0.19727978482842445","0.1792747676372528","0.21296735107898712","0.09623999396959941","0.08292245864868164","0.10660147666931152","0.10046534053981304","0.08466938138008118","0.11008022725582123"
"860","0.08740102499723434","0.07968427985906601","0.09267671406269073","0.24664157629013062","0.23560363054275513","0.2594662010669708","0.18874004483222961","0.1784670054912567","0.19774428009986877","0.08477226396401723","0.07974405586719513","0.09084992110729218","0.08998351730406284","0.0831347107887268","0.09721160680055618"
"861","0.09870713390409946","0.09367670863866806","0.10901310294866562","0.26542652398347855","0.25591689348220825","0.27452853322029114","0.2036190666258335","0.19265905022621155","0.22273573279380798","0.09868272642294566","0.09104873239994049","0.10861105471849442","0.10100851207971573","0.09182921051979065","0.11078786849975586"
"862","0.09370386600494385","0.0914580300450325","0.0967896580696106","0.2522718086838722","0.24607008695602417","0.2576614022254944","0.18974917382001877","0.17978981137275696","0.19734734296798706","0.0934432124098142","0.08878159523010254","0.09642022848129272","0.09592561796307564","0.08949090540409088","0.09867797046899796"
"863","0.08914576470851898","0.08543086796998978","0.0947704017162323","0.24739062413573265","0.23781754076480865","0.26757535338401794","0.18415088579058647","0.17685797810554504","0.20006981492042542","0.08789919813474019","0.08378902822732925","0.09437751770019531","0.09107477404177189","0.08437259495258331","0.096432626247406"
"864","0.08811907097697258","0.08247076719999313","0.09396777302026749","0.24719242006540298","0.24043355882167816","0.25500866770744324","0.1862812303006649","0.17904093861579895","0.1957264542579651","0.08616914848486583","0.08258269727230072","0.09259114414453506","0.09003130346536636","0.08500110357999802","0.0947972908616066"
"865","0.09731343947350979","0.09314147382974625","0.10278148949146271","0.25165099650621414","0.23823074996471405","0.2769728899002075","0.19628143683075905","0.18932661414146423","0.21269014477729797","0.09821023792028427","0.09470444917678833","0.10270346701145172","0.1004098653793335","0.09846900403499603","0.1046765148639679"
"866","0.08977467939257622","0.08538737148046494","0.09226750582456589","0.24258316680788994","0.23629873991012573","0.24984478950500488","0.1884855329990387","0.17716288566589355","0.1944606602191925","0.08794936041037242","0.08185850828886032","0.0925123393535614","0.09272359497845173","0.08550842851400375","0.09838901460170746"
"867","0.09396370872855186","0.08741322159767151","0.10273978859186172","0.2561068870127201","0.23296792805194855","0.2979012429714203","0.19334547221660614","0.17707538604736328","0.20989075303077698","0.09035217016935349","0.08676407486200333","0.09708511829376221","0.09715533256530762","0.08971291035413742","0.10856439918279648"
"868","0.08669733069837093","0.08380384743213654","0.09229342639446259","0.24475861713290215","0.24092882871627808","0.24904634058475494","0.18874257430434227","0.1850683093070984","0.19143441319465637","0.08389978855848312","0.08350427448749542","0.08449698239564896","0.08895249292254448","0.08554509282112122","0.09512552618980408"
"869","0.09900889545679092","0.08675946295261383","0.10900619626045227","0.26531946659088135","0.24252301454544067","0.28047406673431396","0.20127782225608826","0.18426784873008728","0.2187274843454361","0.09452791015307109","0.08630110323429108","0.10173007845878601","0.10165826044976711","0.09030146151781082","0.11450400948524475"
"870","0.09570233523845673","0.08620762825012207","0.10059458017349243","0.25511179119348526","0.24168220162391663","0.2606898546218872","0.19358665496110916","0.1768452376127243","0.2044166773557663","0.09202180057764053","0.08461964130401611","0.09819407761096954","0.09761327132582664","0.08626661449670792","0.10750118643045425"
"871","0.09551180899143219","0.0857638269662857","0.10362406075000763","0.2607712373137474","0.2398572564125061","0.27493900060653687","0.19889818876981735","0.1836862862110138","0.20795708894729614","0.09169543286164601","0.08532875776290894","0.09724190086126328","0.09835517220199108","0.08662845939397812","0.11028855293989182"
"872","0.09671228006482124","0.087164007127285","0.1107528954744339","0.25918740779161453","0.24962878227233887","0.27823248505592346","0.19827837869524956","0.18688111007213593","0.21036510169506073","0.0986136645078659","0.0913633406162262","0.10763159394264221","0.10003620944917202","0.09453850984573364","0.11196833848953247"
"873","0.09291020408272743","0.08592313528060913","0.1002378761768341","0.2557314820587635","0.24874922633171082","0.26822224259376526","0.19040865078568459","0.17878492176532745","0.2058902233839035","0.09337141116460164","0.08605609834194183","0.0995538979768753","0.095618337392807","0.0892360582947731","0.10543850064277649"
"874","0.09559016674757004","0.08529176563024521","0.10587538778781891","0.25839920341968536","0.24909883737564087","0.26834216713905334","0.19576674327254295","0.18101800978183746","0.2116987705230713","0.09496407955884933","0.08417685329914093","0.1059345155954361","0.09886767156422138","0.086735799908638","0.10859513282775879"
"875","0.0984403844922781","0.09097816050052643","0.11155688017606735","0.2581699937582016","0.24296265840530396","0.285620778799057","0.20345864072442055","0.19237375259399414","0.2269422560930252","0.09884267797072728","0.0912376344203949","0.1109737902879715","0.10143362358212471","0.09421201050281525","0.112404003739357"
"876","0.0982205756008625","0.09715951234102249","0.09893828630447388","0.25707773119211197","0.2509169578552246","0.2599775195121765","0.2018168792128563","0.1917007714509964","0.21168379485607147","0.09711486846208572","0.09652236104011536","0.09799253195524216","0.10167954489588737","0.1000971645116806","0.1030275970697403"
"877","0.09314046613872051","0.07230693846940994","0.10933848470449448","0.246173195540905","0.21775925159454346","0.27713489532470703","0.1962761953473091","0.1674582064151764","0.22406846284866333","0.09888451546430588","0.09093190729618073","0.10756402462720871","0.09532000496983528","0.07772266119718552","0.11074723303318024"
"878","0.09836512058973312","0.08884688466787338","0.10951849818229675","0.2629016488790512","0.25451770424842834","0.2738606333732605","0.1950935646891594","0.17974784970283508","0.20936641097068787","0.09968617558479309","0.09120294451713562","0.10815435647964478","0.10012009553611279","0.09229152649641037","0.11307992041110992"
"879","0.09326743520796299","0.08490519225597382","0.10318367928266525","0.25399361178278923","0.23366792500019073","0.269712895154953","0.1932726912200451","0.18093456327915192","0.20618417859077454","0.09213998913764954","0.08376377075910568","0.10254831612110138","0.09593538381159306","0.08607175946235657","0.10513567924499512"
"880","0.09132417663931847","0.08091579377651215","0.10193268209695816","0.25324732065200806","0.24530911445617676","0.263086199760437","0.1922156997025013","0.18086369335651398","0.2091718316078186","0.09101362774769466","0.08091829717159271","0.10099373012781143","0.09433944337069988","0.08507414907217026","0.10422531515359879"
"881","0.09210146404802799","0.07827349007129669","0.10573920607566833","0.24627073109149933","0.22627219557762146","0.26876577734947205","0.18212872371077538","0.1637069582939148","0.19747358560562134","0.09545410176118214","0.08761073648929596","0.10310029983520508","0.09394844062626362","0.0815064087510109","0.10594898462295532"
"882","0.09289013594388962","0.07911939918994904","0.1083444133400917","0.250473465770483","0.2317705750465393","0.2640239894390106","0.1939493753015995","0.18161116540431976","0.20549392700195312","0.09092891961336136","0.07836861908435822","0.10582264512777328","0.09524731710553169","0.0804438367486","0.10731019824743271"
"883","0.09632546082139015","0.08625384420156479","0.10662060230970383","0.264252133667469","0.25842607021331787","0.27211153507232666","0.19601232558488846","0.1860547959804535","0.20502614974975586","0.09608448296785355","0.08699321001768112","0.1040639877319336","0.09857283718883991","0.0893736407160759","0.1063520610332489"
"884","0.09720503352582455","0.08643843233585358","0.10489629954099655","0.2583673782646656","0.24718110263347626","0.2672168016433716","0.19782784581184387","0.1853780746459961","0.20498399436473846","0.0945487841963768","0.08538331091403961","0.1029815748333931","0.09985998086631298","0.08698096871376038","0.10841873288154602"
"885","0.08863243274390697","0.08001859486103058","0.09689202159643173","0.24945184215903282","0.24346043169498444","0.25969409942626953","0.19006610661745071","0.17918682098388672","0.1998848021030426","0.09108529488245647","0.0838916003704071","0.09811700880527496","0.09125696122646332","0.08456382155418396","0.10134798288345337"
"886","0.09171038493514061","0.08093740046024323","0.09706209599971771","0.25342103093862534","0.23501837253570557","0.26167765259742737","0.1886429488658905","0.18080726265907288","0.19438132643699646","0.09005288283030193","0.08013378083705902","0.09684357792139053","0.09396755695343018","0.08180253207683563","0.09873490035533905"
"887","0.09928500093519688","0.09164438396692276","0.1030833050608635","0.260689340531826","0.24784940481185913","0.2669149935245514","0.208507988601923","0.19508886337280273","0.22206369042396545","0.10073904693126678","0.09655947238206863","0.1029706746339798","0.10263814590871334","0.09761226177215576","0.10680969059467316"
"888","0.09476025030016899","0.08062765747308731","0.10446638613939285","0.2617519274353981","0.24089869856834412","0.27388203144073486","0.19209232181310654","0.16993458569049835","0.20931118726730347","0.0994174654285113","0.09216935932636261","0.10337026417255402","0.09767226316034794","0.08517776429653168","0.10506798326969147"
"889","0.09189272671937943","0.08223684132099152","0.10502183437347412","0.2491563856601715","0.24231256544589996","0.26686397194862366","0.1953194960951805","0.18535690009593964","0.21608002483844757","0.09312210977077484","0.08154736459255219","0.10479919612407684","0.09440887533128262","0.08298445492982864","0.10944610834121704"
"890","0.10563737526535988","0.0928317978978157","0.11875239759683609","0.2734753265976906","0.24634307622909546","0.29738959670066833","0.20736845955252647","0.19291898608207703","0.22616389393806458","0.10523900389671326","0.09292735159397125","0.1188850849866867","0.1085963323712349","0.09450329095125198","0.12177770584821701"
"891","0.09375841729342937","0.08713216334581375","0.09662135690450668","0.2574825957417488","0.24632936716079712","0.262321412563324","0.19707388430833817","0.18374565243721008","0.2065984308719635","0.09131940950949986","0.08433008193969727","0.0953923910856247","0.0957815982401371","0.08559513092041016","0.10236876457929611"
"892","0.0938337855041027","0.0849020928144455","0.10825297236442566","0.2608305253088474","0.24544742703437805","0.2794787883758545","0.19058261066675186","0.18007192015647888","0.2046293020248413","0.0919908732175827","0.08417525887489319","0.1057262271642685","0.09628361091017723","0.08725401014089584","0.10992331802845001"
"893","0.09798314049839973","0.0861307829618454","0.11194728314876556","0.2644185423851013","0.2534065842628479","0.27977538108825684","0.1999628059566021","0.1833137422800064","0.2210659682750702","0.10117420057455699","0.09442954510450363","0.11136344075202942","0.10185145027935505","0.09251047670841217","0.11436372995376587"
"894","0.08948387205600739","0.08278930932283401","0.09633084386587143","0.25534719228744507","0.2500481903553009","0.262590616941452","0.18781908228993416","0.1803015172481537","0.19542551040649414","0.08923302094141643","0.0832720547914505","0.0943266898393631","0.09264974854886532","0.08679330348968506","0.09847770631313324"
"895","0.09672488458454609","0.08565028011798859","0.10853256285190582","0.25094591826200485","0.24157601594924927","0.2671493887901306","0.19776420667767525","0.18537145853042603","0.21543475985527039","0.09783685952425003","0.08564481139183044","0.10742083936929703","0.09868431836366653","0.08698368072509766","0.10999251902103424"
"896","0.09121520072221756","0.07832612097263336","0.09831425547599792","0.2518029808998108","0.230377197265625","0.26536956429481506","0.1836651898920536","0.16402240097522736","0.19950535893440247","0.08921402196089427","0.07835327088832855","0.0977698266506195","0.09340027906000614","0.07888735830783844","0.10046738386154175"
"897","0.09938105009496212","0.09325134754180908","0.10578694194555283","0.2614838406443596","0.25009822845458984","0.26945778727531433","0.19865773245692253","0.1839590072631836","0.20833724737167358","0.09646640717983246","0.0917387455701828","0.09944730997085571","0.1022614948451519","0.09377629309892654","0.10945332795381546"
"898","0.09473533183336258","0.09051436185836792","0.09973259270191193","0.25709256529808044","0.24645182490348816","0.26525017619132996","0.19499508291482925","0.18849414587020874","0.20043973624706268","0.0936875691016515","0.09011933207511902","0.09730134904384613","0.09699328616261482","0.09523524343967438","0.10047504305839539"
"899","0.08852440305054188","0.08610321581363678","0.09509199857711792","0.24257058650255203","0.2300650179386139","0.2523372173309326","0.1833113543689251","0.1733279526233673","0.19173607230186462","0.08801164974768956","0.08459033071994781","0.09465809166431427","0.09091613069176674","0.08688303083181381","0.09874103963375092"
"900","0.09157917089760303","0.0844259262084961","0.09949173778295517","0.2425159364938736","0.23845414817333221","0.24554136395454407","0.18307209387421608","0.17701798677444458","0.1884402632713318","0.09128026912609737","0.08379075676202774","0.09671987593173981","0.09442311152815819","0.08596828579902649","0.0982101634144783"
"901","0.09216146543622017","0.08692725002765656","0.09930440783500671","0.25249842554330826","0.2422272264957428","0.27068889141082764","0.18251477926969528","0.1739126592874527","0.19672679901123047","0.0920703758796056","0.08655055612325668","0.09893211722373962","0.09390231408178806","0.08875575661659241","0.10124022513628006"
"902","0.09832420758903027","0.09169135987758636","0.10737891495227814","0.2564304508268833","0.24184542894363403","0.2760546803474426","0.2024766094982624","0.19253814220428467","0.21808771789073944","0.09980677564938863","0.09258297830820084","0.10738108307123184","0.10048887692391872","0.09189217537641525","0.11204981803894043"
"903","0.09122318215668201","0.0875159427523613","0.09824006259441376","0.24473603069782257","0.23363476991653442","0.2642025351524353","0.19037634134292603","0.1824841946363449","0.2024981677532196","0.09017996986707051","0.08541904389858246","0.0972021073102951","0.09418703615665436","0.0881883054971695","0.09917651116847992"
"904","0.09504142962396145","0.08380617201328278","0.11288426071405411","0.2500239834189415","0.22708642482757568","0.28735339641571045","0.19163309782743454","0.17406465113162994","0.2252122163772583","0.09560738255580266","0.08223094791173935","0.11197426915168762","0.09722786396741867","0.08632296323776245","0.11392825096845627"
"905","0.09321396239101887","0.08756209164857864","0.10523903369903564","0.2553708925843239","0.23927950859069824","0.2741734981536865","0.1884167678654194","0.1801529824733734","0.2003246247768402","0.0933674971262614","0.08864952623844147","0.10184825956821442","0.09592119418084621","0.09050208330154419","0.10391080379486084"
"906","0.09721975214779377","0.08834145218133926","0.10389430075883865","0.250919871032238","0.2359684407711029","0.261070191860199","0.19117550551891327","0.1831885278224945","0.20032092928886414","0.09731331219275792","0.08821065723896027","0.10312538594007492","0.09897776693105698","0.09056703746318817","0.10482296347618103"
"907","0.09145497344434261","0.07735041528940201","0.10444825887680054","0.25314297154545784","0.23417136073112488","0.27672702074050903","0.19148152321577072","0.17105263471603394","0.20991870760917664","0.09237194061279297","0.07741238176822662","0.10316593945026398","0.0937282145023346","0.0803339034318924","0.10649162530899048"
"909","0.10244058817625046","0.08621782064437866","0.11479157954454422","0.26685549318790436","0.25131237506866455","0.27944520115852356","0.2026696652173996","0.18165868520736694","0.21544377505779266","0.10639290263255437","0.09698692709207535","0.1113511472940445","0.10456357523798943","0.09185920655727386","0.1139322817325592"
"910","0.08827857114374638","0.0825238823890686","0.0991237610578537","0.24051177501678467","0.23099303245544434","0.260627806186676","0.19263629242777824","0.17997348308563232","0.20953205227851868","0.08405003199974696","0.08151441812515259","0.08826209604740143","0.09091210551559925","0.08332635462284088","0.10351080447435379"
"911","0.08994700387120247","0.06907229870557785","0.1053449958562851","0.24719467386603355","0.21528486907482147","0.27088645100593567","0.18759741261601448","0.15418285131454468","0.21773609519004822","0.08819505323966344","0.06869606673717499","0.10478682816028595","0.09216238185763359","0.06905270367860794","0.10747438669204712"
"912","0.09723064117133617","0.09291774779558182","0.1004638820886612","0.2577490508556366","0.24220675230026245","0.2716667354106903","0.19586841762065887","0.18804705142974854","0.20386232435703278","0.09719176838795344","0.09514453262090683","0.09856247156858444","0.09960460662841797","0.09744086861610413","0.10214444249868393"
"913","0.08755619078874588","0.08134292811155319","0.09431866556406021","0.24677029997110367","0.22705894708633423","0.2632046341896057","0.1857742741703987","0.17978399991989136","0.19510051608085632","0.08654812971750896","0.08091650903224945","0.09307189285755157","0.09009070321917534","0.0841749832034111","0.09552737325429916"
"914","0.09964725747704506","0.08730261772871017","0.11466363817453384","0.26255592331290245","0.2462305724620819","0.2840406596660614","0.20002588257193565","0.18482178449630737","0.21940216422080994","0.10091352959473927","0.08732245117425919","0.11297079175710678","0.10230893641710281","0.08988367021083832","0.11543197929859161"
"915","0.09333021752536297","0.08767323195934296","0.09605361521244049","0.2500855475664139","0.2410832941532135","0.2574254870414734","0.18592927232384682","0.17635118961334229","0.1950135976076126","0.09104531755050023","0.0873764231801033","0.09298813343048096","0.09464711509644985","0.08732084929943085","0.10096833109855652"
"916","0.08729388751089573","0.08029253780841827","0.09908506274223328","0.24568768218159676","0.2351347953081131","0.26251620054244995","0.1812758669257164","0.17499099671840668","0.1939096748828888","0.08649563789367676","0.08114566653966904","0.09697747230529785","0.0898228045552969","0.08215902745723724","0.10012977570295334"
"917","0.09221689030528069","0.09100024402141571","0.09331239014863968","0.2514664977788925","0.24575042724609375","0.2552241086959839","0.19156217947602272","0.18666046857833862","0.19950325787067413","0.09047065923611324","0.08920909464359283","0.09153338521718979","0.09460582211613655","0.09353503584861755","0.0964677557349205"
"918","0.09944549947977066","0.09082673490047455","0.11543986201286316","0.2525523081421852","0.24344462156295776","0.2762683033943176","0.19992207363247871","0.18850627541542053","0.2246924638748169","0.1017557183901469","0.09484446793794632","0.11542659252882004","0.10239737667143345","0.09533260762691498","0.11777149140834808"
"919","0.0924870278686285","0.084547258913517","0.10013473033905029","0.2455657795071602","0.2342216670513153","0.25845760107040405","0.19126150384545326","0.18130908906459808","0.19846341013908386","0.08953597644964854","0.08528319746255875","0.09729501605033875","0.09460416249930859","0.08650609105825424","0.10507090389728546"
"920","0.08615748584270477","0.076476089656353","0.0924832820892334","0.24426786601543427","0.2303600162267685","0.25226524472236633","0.18094339221715927","0.17511659860610962","0.18836617469787598","0.08482043941815694","0.07612846791744232","0.0928211361169815","0.08799372985959053","0.07788364589214325","0.09427444636821747"
"921","0.10495913028717041","0.0956043154001236","0.11376283317804337","0.271880567073822","0.26176488399505615","0.2861356735229492","0.20508652552962303","0.18951895833015442","0.22065426409244537","0.10747350504000981","0.10268508642911911","0.11441801488399506","0.10712992958724499","0.10045267641544342","0.11829075962305069"
"922","0.092404680326581","0.07651722431182861","0.10323274880647659","0.25096917897462845","0.23026785254478455","0.2610419988632202","0.18790656328201294","0.1679147183895111","0.19784203171730042","0.09710424393415451","0.0947575718164444","0.10014455020427704","0.09552477672696114","0.08129645884037018","0.10485416650772095"
"923","0.09336312115192413","0.09001560509204865","0.0961485430598259","0.2520417794585228","0.24386855959892273","0.25722381472587585","0.18733714520931244","0.18181180953979492","0.19669198989868164","0.0918596088886261","0.08916965872049332","0.09581288695335388","0.09537658467888832","0.09043657779693604","0.10106272995471954"
"924","0.0929738450795412","0.0824708491563797","0.1021377369761467","0.2508849650621414","0.23403239250183105","0.26469919085502625","0.1920282356441021","0.17739391326904297","0.2068384885787964","0.09449983139832814","0.0818905234336853","0.1026591807603836","0.09461566805839539","0.08400727808475494","0.10468022525310516"
"925","0.09962446987628937","0.0891040712594986","0.1091962531208992","0.2576739676296711","0.24873991310596466","0.27116185426712036","0.20135097205638885","0.19461265206336975","0.20767131447792053","0.09523465981086095","0.08959232270717621","0.10178593546152115","0.10298346355557442","0.09097710251808167","0.11410169303417206"
"926","0.09038383141160011","0.08176997303962708","0.10021331906318665","0.2502247430384159","0.24118219316005707","0.25946155190467834","0.18627730011940002","0.17634916305541992","0.20404788851737976","0.09198339531819026","0.08313959836959839","0.09988738596439362","0.09429650940001011","0.0877079889178276","0.10206396877765656"
"927","0.09433544240891933","0.09229503571987152","0.09665264189243317","0.2524653449654579","0.2499491572380066","0.25461938977241516","0.18739959970116615","0.18206283450126648","0.19098731875419617","0.09377240389585495","0.09230931103229523","0.09465241432189941","0.09532639384269714","0.09441708028316498","0.09639990329742432"
"928","0.09717694111168385","0.08905080705881119","0.1070455014705658","0.2550952807068825","0.24185127019882202","0.27058371901512146","0.19195923954248428","0.17539462447166443","0.20474448800086975","0.09891742467880249","0.09176760166883469","0.10400199145078659","0.09862585365772247","0.09243717044591904","0.10612934082746506"
"929","0.09520948491990566","0.08578415215015411","0.1024613156914711","0.2553836293518543","0.24364064633846283","0.27103549242019653","0.1910744123160839","0.17963853478431702","0.20119811594486237","0.09737062950929005","0.09427528083324432","0.10224137455224991","0.09755275212228298","0.09134986996650696","0.10532622039318085"
"930","0.092994824051857","0.08217869699001312","0.10999856144189835","0.2521822899580002","0.23270633816719055","0.2792883813381195","0.18673580512404442","0.16606804728507996","0.21197976171970367","0.09579721093177795","0.0838201493024826","0.10808354616165161","0.09523089416325092","0.08557987213134766","0.11169259995222092"
"931","0.0957835428416729","0.08416856080293655","0.11020281910896301","0.2540391758084297","0.22763529419898987","0.2766817510128021","0.1908930167555809","0.17749755084514618","0.20445886254310608","0.0941100890437762","0.08271733671426773","0.10781194269657135","0.09801127016544342","0.08455250412225723","0.10940147936344147"
"932","0.09412483498454094","0.07900802046060562","0.10288163274526596","0.26147890090942383","0.23064306378364563","0.2777806520462036","0.19978850334882736","0.18100838363170624","0.21600279211997986","0.09202613184849422","0.07753199338912964","0.10175575315952301","0.09701304323971272","0.08033663034439087","0.10835519433021545"
"933","0.08893036842346191","0.07871947437524796","0.09654093533754349","0.2528170347213745","0.2328297346830368","0.2711993157863617","0.18878768011927605","0.17176322638988495","0.20126944780349731","0.08775665362675984","0.07878394424915314","0.09596516191959381","0.09204941615462303","0.08106638491153717","0.09866376221179962"
"934","0.0865542571991682","0.08273345232009888","0.0910089761018753","0.24636508896946907","0.23887501657009125","0.25232160091400146","0.18841419741511345","0.18313410878181458","0.19130398333072662","0.08410906791687012","0.08110901713371277","0.08671528100967407","0.08924141153693199","0.08426105231046677","0.09314844012260437"
"935","0.08766818232834339","0.08216827362775803","0.09373271465301514","0.2532495856285095","0.2389044165611267","0.26848119497299194","0.19216631725430489","0.17977838218212128","0.19960668683052063","0.08775697151819865","0.08102098107337952","0.09264223277568817","0.09184676222503185","0.08506876975297928","0.09767372906208038"
"936","0.08471873588860035","0.07629847526550293","0.092294842004776","0.24798111617565155","0.24105143547058105","0.25767600536346436","0.18510832265019417","0.17805740237236023","0.19574961066246033","0.0830844094355901","0.0761624276638031","0.09192124009132385","0.08758938871324062","0.07893311232328415","0.09412096440792084"
"937","0.09304966405034065","0.08679819852113724","0.0995277538895607","0.2575276494026184","0.2510766088962555","0.26680320501327515","0.1980249062180519","0.18986786901950836","0.2054145187139511","0.09309144814809163","0.08750186860561371","0.09609498828649521","0.09627395495772362","0.0922142043709755","0.10074178129434586"
"938","0.08861508592963219","0.08257745951414108","0.10094468295574188","0.2540196068584919","0.2429911345243454","0.2715514898300171","0.19364851340651512","0.17889727652072906","0.2076144814491272","0.0892862727244695","0.08178849518299103","0.0983477383852005","0.0930645652115345","0.08533314615488052","0.10381162911653519"
"939","0.09130747243762016","0.08562403917312622","0.09471471607685089","0.2519616335630417","0.24541349709033966","0.25869661569595337","0.19075262174010277","0.1836666464805603","0.19702234864234924","0.08894581596056621","0.0863335132598877","0.09104442596435547","0.0950420405715704","0.09039082378149033","0.10145507752895355"
"940","0.09123962186276913","0.0842285007238388","0.09774375706911087","0.2515258304774761","0.23682759702205658","0.26227229833602905","0.18874497711658478","0.17429231107234955","0.19727948307991028","0.09164140373468399","0.08796939998865128","0.09477067738771439","0.09377585351467133","0.08967454731464386","0.09834550321102142"
"941","0.0967077761888504","0.08760231733322144","0.10309042036533356","0.2688257545232773","0.24621379375457764","0.2860194444656372","0.19717876985669136","0.1809656322002411","0.2080492228269577","0.09820248186588287","0.09247930347919464","0.10351066291332245","0.1005689725279808","0.09464137256145477","0.10844382643699646"
"942","0.0867619626224041","0.07735937833786011","0.09817016869783401","0.2420298419892788","0.22596430778503418","0.25754493474960327","0.1888369433581829","0.17246876657009125","0.1995169222354889","0.08822605758905411","0.08421053737401962","0.09432389587163925","0.08982872031629086","0.083516925573349","0.09897943586111069"
"943","0.08311466686427593","0.07152010500431061","0.09038654714822769","0.23792124167084694","0.2168041616678238","0.2501026391983032","0.183051448315382","0.1692647933959961","0.1967628300189972","0.08055067559083302","0.07126317918300629","0.08934733271598816","0.08537503890693188","0.07342454046010971","0.09288583695888519"
"944","0.08924172632396221","0.08393487334251404","0.09457030147314072","0.24675286933779716","0.23132410645484924","0.26405155658721924","0.1901414506137371","0.17742396891117096","0.19940567016601562","0.08503190179665883","0.0793246477842331","0.09155887365341187","0.0923788733780384","0.08251170068979263","0.10183011740446091"
"945","0.09522413462400436","0.08851194381713867","0.10255792737007141","0.26090995594859123","0.24934084713459015","0.27692553400993347","0.19953470304608345","0.19145435094833374","0.21227149665355682","0.09571079164743423","0.08934725075960159","0.10273590683937073","0.09797316044569016","0.092963807284832","0.10703296959400177"
"946","0.09200761467218399","0.08997054398059845","0.0973733514547348","0.2494884580373764","0.23900672793388367","0.25630971789360046","0.19013899937272072","0.18118536472320557","0.19848494231700897","0.09055019666751225","0.0864567831158638","0.09642283618450165","0.09465418197214603","0.08925719559192657","0.09938903152942657"
"947","0.08665819838643074","0.0795910656452179","0.09222406148910522","0.2525656707584858","0.24052853882312775","0.25994542241096497","0.19226255640387535","0.17764657735824585","0.19879619777202606","0.08769902090231578","0.08487868309020996","0.09044843912124634","0.09002418629825115","0.08552306145429611","0.09287481755018234"
"948","0.09068235196173191","0.08634024113416672","0.09426677972078323","0.2528041675686836","0.23572760820388794","0.2710007429122925","0.19272136315703392","0.18885067105293274","0.20149129629135132","0.0892205759882927","0.08321984112262726","0.09396011382341385","0.09431117400527","0.08868402242660522","0.09812876582145691"
"949","0.08991425670683384","0.08440700173377991","0.09757667779922485","0.26154443249106407","0.24939344823360443","0.2728516161441803","0.1880154088139534","0.18055009841918945","0.19569312036037445","0.08664883176485698","0.08310611546039581","0.09325052797794342","0.09148136526346207","0.0856206864118576","0.09843748807907104"
"950","0.09061874076724052","0.07753508538007736","0.1023884043097496","0.25503121316432953","0.2426210641860962","0.2686607837677002","0.18672024086117744","0.1732923984527588","0.20448151230812073","0.09325344860553741","0.080375075340271","0.10022333264350891","0.09428177773952484","0.08483348786830902","0.10389479994773865"
"951","0.0858689732849598","0.07729188352823257","0.11013704538345337","0.2521817572414875","0.23238037526607513","0.2873404324054718","0.19210997596383095","0.17606215178966522","0.23117446899414062","0.086748406291008","0.07461212575435638","0.10829778760671616","0.09012198448181152","0.08007778227329254","0.1132248193025589"
"952","0.08398744091391563","0.07317931950092316","0.0894542932510376","0.23865529894828796","0.2312239557504654","0.2454187572002411","0.1866905316710472","0.17753088474273682","0.19245952367782593","0.08052263657251994","0.07173053920269012","0.08631771802902222","0.0862342119216919","0.07529342174530029","0.09500472247600555"
"953","0.09208178706467152","0.08288918435573578","0.10076740384101868","0.25296900421380997","0.23934917151927948","0.26766157150268555","0.19112009555101395","0.17886683344841003","0.20389112830162048","0.0891805166999499","0.0824032872915268","0.09677013009786606","0.09576655365526676","0.08547528088092804","0.1025438979268074"
"954","0.08970164321362972","0.07571989297866821","0.09894898533821106","0.2608743943274021","0.23975248634815216","0.2750282287597656","0.1864534094929695","0.16753891110420227","0.19938302040100098","0.08468577514092128","0.07490034401416779","0.09365866333246231","0.09333890676498413","0.077887624502182","0.1073039323091507"
"955","0.0963282659649849","0.08675706386566162","0.10224884003400803","0.26218678802251816","0.25344306230545044","0.2700659930706024","0.1959562748670578","0.18555130064487457","0.21164080500602722","0.09482416013876598","0.08699178695678711","0.1011403352022171","0.0994823519140482","0.08961965143680573","0.10561230033636093"
"956","0.08810829557478428","0.08404374867677689","0.09139065444469452","0.2457934282720089","0.2377985268831253","0.2546355128288269","0.1939372830092907","0.18408210575580597","0.20391401648521423","0.08670357863108318","0.08312635123729706","0.09021370112895966","0.09201427921652794","0.08642183244228363","0.09694413095712662"
"957","0.09291187487542629","0.08466282486915588","0.10166941583156586","0.24940689280629158","0.23536013066768646","0.262687087059021","0.1968112215399742","0.18517950177192688","0.2147389054298401","0.09273199737071991","0.08463478088378906","0.09948253631591797","0.09565329924225807","0.08750639110803604","0.10384896397590637"
"958","0.08626089990139008","0.07417000830173492","0.09973163157701492","0.24398573115468025","0.2257077395915985","0.263365238904953","0.18529287725687027","0.16583380103111267","0.20140820741653442","0.08089533696571986","0.07250946760177612","0.09534409642219543","0.08842950314283371","0.07574933022260666","0.10151190310716629"
"959","0.08905676379799843","0.08072361350059509","0.10134328901767731","0.2559003159403801","0.24269497394561768","0.2670637369155884","0.188250582665205","0.17257748544216156","0.2033758908510208","0.08942827085653941","0.08005984872579575","0.09804241359233856","0.09173603355884552","0.08464108407497406","0.1006157249212265"
"960","0.08688529022037983","0.07463808357715607","0.09491387009620667","0.24531065672636032","0.23545724153518677","0.2513944208621979","0.1835695207118988","0.16937915980815887","0.1924162209033966","0.08245604236920674","0.0743737667798996","0.08838418126106262","0.09030790627002716","0.07722848653793335","0.1024375855922699"
"961","0.09252083674073219","0.08695830404758453","0.10802790522575378","0.24948352202773094","0.23627741634845734","0.2694738507270813","0.18845102936029434","0.17660468816757202","0.204782173037529","0.09224262833595276","0.08565550297498703","0.10361549258232117","0.09511006809771061","0.0898391380906105","0.10723824054002762"
"962","0.0881566945463419","0.0838070958852768","0.09567995369434357","0.24601741880178452","0.23639993369579315","0.25993165373802185","0.18503105267882347","0.17598602175712585","0.20117461681365967","0.0865226462483406","0.08242977410554886","0.09285975247621536","0.09062856808304787","0.08615244925022125","0.09738435596227646"
"963","0.08885369449853897","0.0796165019273758","0.0961093008518219","0.241549301892519","0.22144567966461182","0.2520902454853058","0.18378505110740662","0.17383132874965668","0.19099277257919312","0.08460405717293422","0.07797977328300476","0.09114039689302444","0.09125922247767448","0.08157676458358765","0.09963691979646683"
"964","0.08898091688752174","0.07369468361139297","0.10330978035926819","0.2457067333161831","0.23255619406700134","0.25956976413726807","0.1858225204050541","0.17691390216350555","0.193992480635643","0.08533357580502827","0.07297687232494354","0.09874194860458374","0.0919512752443552","0.07574403285980225","0.10345973074436188"
"965","0.08535947650671005","0.07941886782646179","0.0902697890996933","0.24427837505936623","0.237589031457901","0.25218164920806885","0.18124915286898613","0.1760847121477127","0.1889772266149521","0.08362975964943568","0.07792534679174423","0.08972328156232834","0.0881459191441536","0.08200813829898834","0.09214098751544952"
"966","0.09632277302443981","0.09217105060815811","0.1000014990568161","0.2509020119905472","0.24217846989631653","0.2671498656272888","0.19904492050409317","0.18876703083515167","0.20777320861816406","0.09252236783504486","0.09036676585674286","0.09502807259559631","0.0991279799491167","0.09376656264066696","0.10718312859535217"
"967","0.09732015617191792","0.08812956511974335","0.10879752039909363","0.2592223100364208","0.2447187900543213","0.28057634830474854","0.19625430926680565","0.18675023317337036","0.2076667845249176","0.09687927613655727","0.08661451935768127","0.10508932173252106","0.10033346153795719","0.09049303084611893","0.10708886384963989"
"968","0.09118493087589741","0.08860848844051361","0.09663870930671692","0.2490738220512867","0.2430809736251831","0.2578655183315277","0.1897677294909954","0.17958027124404907","0.19832603633403778","0.0903249482313792","0.0865914449095726","0.09591720998287201","0.09407584927976131","0.08853422105312347","0.09893444180488586"
"969","0.08849738352000713","0.07214459776878357","0.10644615441560745","0.24762867391109467","0.22388803958892822","0.27005302906036377","0.185191348195076","0.15933960676193237","0.2062435746192932","0.0854285756746928","0.07134467363357544","0.10227955132722855","0.09133235178887844","0.0755656361579895","0.10665500164031982"
"970","0.08976920880377293","0.07840178906917572","0.10021629929542542","0.24766062945127487","0.22794389724731445","0.26639917492866516","0.18311084806919098","0.1615796983242035","0.20462638139724731","0.09188942611217499","0.08685517311096191","0.09845810383558273","0.09288163110613823","0.08399957418441772","0.10390898585319519"
"971","0.08538824319839478","0.07699568569660187","0.09802597016096115","0.23450655862689018","0.22067701816558838","0.2516646385192871","0.18321182951331139","0.17308521270751953","0.19836784899234772","0.08527583380540212","0.07604987919330597","0.09469433128833771","0.08774641714990139","0.07985763996839523","0.09659730643033981"
"972","0.0869777612388134","0.08017602562904358","0.09694508463144302","0.240934818983078","0.23042698204517365","0.25368809700012207","0.18595965951681137","0.17379489541053772","0.20442955195903778","0.08367039014895757","0.0771087035536766","0.09513910859823227","0.08959774114191532","0.07846365869045258","0.09964694082736969"
"973","0.09375567734241486","0.0855366513133049","0.09722383320331573","0.2545604966580868","0.24516411125659943","0.26338282227516174","0.1971450038254261","0.19001546502113342","0.2030002474784851","0.09091320882240932","0.08522093296051025","0.09572620689868927","0.09678146988153458","0.08841115236282349","0.1025984063744545"
"974","0.09496246837079525","0.09287901222705841","0.09615525603294373","0.25887782871723175","0.2493874728679657","0.26900503039360046","0.2012881189584732","0.1919505000114441","0.21219171583652496","0.09303117543458939","0.09141913801431656","0.09483356773853302","0.09862072952091694","0.0964701697230339","0.10148061066865921"
"975","0.08670457825064659","0.07682865858078003","0.09300705790519714","0.24391164258122444","0.22942961752414703","0.25681614875793457","0.18636756017804146","0.17202672362327576","0.195887491106987","0.08307579159736633","0.07708490639925003","0.08643045276403427","0.08886688575148582","0.08155311644077301","0.09983470290899277"
"976","0.08506777137517929","0.08102557063102722","0.09437908232212067","0.2467212863266468","0.23285456001758575","0.2622244358062744","0.18874981254339218","0.1775929182767868","0.20324498414993286","0.08069017281134923","0.07768850028514862","0.08317527174949646","0.0876364391297102","0.07988493889570236","0.10067518800497055"
"977","0.09039773046970367","0.07885666191577911","0.0981871709227562","0.2529619336128235","0.24342608451843262","0.26204395294189453","0.1941354051232338","0.17577147483825684","0.2116587907075882","0.08959813167651494","0.07815775275230408","0.09619176387786865","0.09347755275666714","0.08298596739768982","0.10029780864715576"
"978","0.08525203727185726","0.07551146298646927","0.09837859869003296","0.2554549537599087","0.2329263538122177","0.2774062156677246","0.18228868767619133","0.1622699648141861","0.20421260595321655","0.08302817990382512","0.07358606159687042","0.09665317833423615","0.08871887065470219","0.07610415667295456","0.10233744978904724"
"979","0.08269265852868557","0.06866283714771271","0.09121688455343246","0.2477906495332718","0.23252218961715698","0.2596436142921448","0.17459901422262192","0.1564140021800995","0.1871265023946762","0.08598072826862335","0.08106591552495956","0.0887330174446106","0.08575576171278954","0.07384876161813736","0.0919293686747551"
"980","0.0871714185923338","0.07676380127668381","0.10272501409053802","0.2578853890299797","0.23801979422569275","0.2729346454143524","0.18996242061257362","0.16852125525474548","0.21325133740901947","0.0877925381064415","0.07351633161306381","0.10098247230052948","0.09014231711626053","0.07839307188987732","0.10424169898033142"
"981","0.08902890421450138","0.08534270524978638","0.09317963570356369","0.24444328993558884","0.23351721465587616","0.26227274537086487","0.18732858821749687","0.17864561080932617","0.20214077830314636","0.08703195055325826","0.08460213243961334","0.09150013327598572","0.09311041608452797","0.0898084044456482","0.09640371799468994"
"982","0.08870995417237282","0.07757498323917389","0.09773306548595428","0.24537155032157898","0.2346816062927246","0.2527633011341095","0.18812290206551552","0.17571741342544556","0.19456228613853455","0.0909363975127538","0.08515233546495438","0.09439536184072495","0.09270398691296577","0.08361676335334778","0.09952246397733688"
"983","0.09684125147759914","0.09022748470306396","0.10530562698841095","0.26330211013555527","0.2530117630958557","0.28212815523147583","0.19899921864271164","0.19066855311393738","0.21582786738872528","0.09437700361013412","0.08928508311510086","0.10333435982465744","0.09947400167584419","0.09233642369508743","0.1074577271938324"
"984","0.09795778430998325","0.08965758979320526","0.10841405391693115","0.26134416833519936","0.24428509175777435","0.2742246091365814","0.20141587406396866","0.18184897303581238","0.2157871574163437","0.09791535635789235","0.09202197194099426","0.10525818169116974","0.10021021775901318","0.0957777351140976","0.11079815775156021"
"985","0.08586711809039116","0.07991087436676025","0.09578967094421387","0.23960113525390625","0.23131299018859863","0.2512051463127136","0.18280931562185287","0.1691027283668518","0.19447776675224304","0.08657435576121013","0.08277502655982971","0.09274421632289886","0.08830453641712666","0.08441337198019028","0.09554915130138397"
"986","0.08674821443855762","0.08155545592308044","0.0961805209517479","0.2486700788140297","0.23788556456565857","0.2576472759246826","0.18446055427193642","0.17515292763710022","0.19027704000473022","0.0872568463285764","0.0832434818148613","0.0937911793589592","0.0899094995111227","0.08648854494094849","0.09448680281639099"
"987","0.0847080647945404","0.0739770159125328","0.0914735198020935","0.24842379987239838","0.22507444024085999","0.2670923173427582","0.18255602195858955","0.1624070256948471","0.19756507873535156","0.08653971304496129","0.08237451314926147","0.0905374214053154","0.08749387226998806","0.07911299169063568","0.09334316849708557"
"988","0.08444716967642307","0.07418999075889587","0.09309899061918259","0.24991732090711594","0.23924164474010468","0.2638676166534424","0.1813834235072136","0.1672964096069336","0.19814971089363098","0.08668270458777745","0.08076076209545135","0.09306854754686356","0.08688193373382092","0.07989422976970673","0.0957445278763771"
"989","0.09346648678183556","0.0868602767586708","0.10123509168624878","0.249038428068161","0.23581662774085999","0.26879119873046875","0.18899666145443916","0.1764325499534607","0.2023940533399582","0.09417117883761723","0.09034193307161331","0.09804196655750275","0.09541691280901432","0.09247179329395294","0.09859777987003326"
"990","0.08406858332455158","0.07923895120620728","0.09198012948036194","0.24297568574547768","0.2346915304660797","0.2554689347743988","0.17901775240898132","0.17127549648284912","0.193227156996727","0.08206894497076671","0.07767044752836227","0.08781837671995163","0.08609357103705406","0.08289539813995361","0.09044013917446136"
"991","0.09075580351054668","0.08494055271148682","0.09390950202941895","0.25159720703959465","0.24305914342403412","0.2590494155883789","0.18782446905970573","0.17612047493457794","0.1969461441040039","0.08805153767267863","0.08190716803073883","0.09203611314296722","0.09269317612051964","0.0849420428276062","0.09600944817066193"
"992","0.09642257168889046","0.08634908497333527","0.10628348588943481","0.26362188905477524","0.24726611375808716","0.27595144510269165","0.1955118179321289","0.1820911467075348","0.20592518150806427","0.09141906847556432","0.0849202424287796","0.09543314576148987","0.09934942610561848","0.08815258741378784","0.1136002242565155"
"993","0.08905376680195332","0.0781617984175682","0.10197584331035614","0.2486530989408493","0.23474092781543732","0.2689799666404724","0.19172358512878418","0.1818983554840088","0.2125300019979477","0.08789737274249394","0.0772806778550148","0.09953831136226654","0.09215223975479603","0.08025391399860382","0.10058648884296417"
"994","0.09050112217664719","0.0851576030254364","0.0944209098815918","0.24758923426270485","0.24016904830932617","0.25197404623031616","0.18568721786141396","0.18339034914970398","0.18929752707481384","0.08812132974465688","0.08417097479104996","0.09051614254713058","0.09386713989078999","0.08714325726032257","0.09891456365585327"
"995","0.09032496251165867","0.07060379534959793","0.10352975875139236","0.24456511065363884","0.21574077010154724","0.26552075147628784","0.18774226680397987","0.162669375538826","0.21104824542999268","0.08829561620950699","0.07038627564907074","0.10207121074199677","0.09268234297633171","0.07358440011739731","0.10571370273828506"
"996","0.07950303517282009","0.07271890342235565","0.08469060063362122","0.24303778260946274","0.23762936890125275","0.25372475385665894","0.17463011667132378","0.1627630591392517","0.18348689377307892","0.0807252824306488","0.07837963104248047","0.08504607528448105","0.08181930892169476","0.07802517712116241","0.08877748250961304"
"997","0.0923699140548706","0.07916919887065887","0.10101863741874695","0.24650691077113152","0.22728420794010162","0.26485931873321533","0.18700334802269936","0.16675466299057007","0.2004879266023636","0.08730585128068924","0.0770510658621788","0.09707066416740417","0.09546452760696411","0.07909452170133591","0.10770834982395172"
"998","0.08814805746078491","0.07125058770179749","0.09882370382547379","0.24827991425991058","0.23235976696014404","0.26441144943237305","0.18383124843239784","0.16363856196403503","0.20400138199329376","0.09241314977407455","0.0815945640206337","0.09869465231895447","0.09049081057310104","0.07616057991981506","0.101202592253685"
"999","0.08695192262530327","0.08063702285289764","0.0939098447561264","0.24527237936854362","0.23655782639980316","0.2547548711299896","0.18932071328163147","0.17658092081546783","0.2076391726732254","0.08719692875941594","0.08163201063871384","0.09226736426353455","0.08995400555431843","0.085643470287323","0.09647426009178162"
"1000","0.08705165050923824","0.07224127650260925","0.10088703781366348","0.23675870895385742","0.2054436355829239","0.25854504108428955","0.1808406449854374","0.15329425036907196","0.19881144165992737","0.08073164771000545","0.07091229408979416","0.08855056762695312","0.08986950106918812","0.07550061494112015","0.10686078667640686"
"1002","0.08604191988706589","0.07754479348659515","0.09231197834014893","0.24047650396823883","0.22764858603477478","0.25515925884246826","0.18178177997469902","0.17849895358085632","0.18982237577438354","0.08176113416751225","0.07697196304798126","0.086172915995121","0.08789909072220325","0.07938138395547867","0.09732604026794434"
"1003","0.09177074208855629","0.08852966874837875","0.09598396718502045","0.25174228474497795","0.24220767617225647","0.2588147222995758","0.1930629424750805","0.19027239084243774","0.19789142906665802","0.08828942477703094","0.08813896775245667","0.08858764171600342","0.09396214596927166","0.09030954539775848","0.10270379483699799"
"1004","0.08941138349473476","0.08547388762235641","0.09568071365356445","0.2473268248140812","0.2394331395626068","0.25628790259361267","0.18799931183457375","0.17590199410915375","0.19836392998695374","0.0902108649412791","0.08621887117624283","0.09611771255731583","0.09247213788330555","0.08765038102865219","0.10119634866714478"
"1005","0.09487184323370457","0.08361463993787766","0.10173390060663223","0.26217276975512505","0.2239248901605606","0.2885608673095703","0.19759877398610115","0.1812172532081604","0.20556269586086273","0.09274579087893169","0.08141427487134933","0.10084320604801178","0.09748702310025692","0.08547201752662659","0.1036190539598465"
"1006","0.09239577315747738","0.08531422913074493","0.1021374836564064","0.25834162160754204","0.24782951176166534","0.2757726013660431","0.18529018387198448","0.16999901831150055","0.20009717345237732","0.09268848846356074","0.08159763365983963","0.10040513426065445","0.0950337965041399","0.08560579270124435","0.10645627230405807"
"1007","0.0843572486191988","0.07930614799261093","0.08906034380197525","0.242264773696661","0.23323681950569153","0.2572813332080841","0.18368607759475708","0.1750437319278717","0.2020879089832306","0.08377112696568172","0.07754628360271454","0.08762648701667786","0.08799118548631668","0.07999791204929352","0.09262341260910034"
"1008","0.08363286219537258","0.07831978797912598","0.08942773193120956","0.2347443699836731","0.2221478670835495","0.24950379133224487","0.17308230325579643","0.16127198934555054","0.19033296406269073","0.08298235883315404","0.07783739268779755","0.0874095931649208","0.0861051008105278","0.0834471583366394","0.0917460173368454"
"1009","0.08614392392337322","0.0771808847784996","0.09096136689186096","0.2420414388179779","0.2210288643836975","0.25898081064224243","0.18587611243128777","0.1669086217880249","0.20312276482582092","0.08701379845539729","0.08486613631248474","0.08948425203561783","0.08937909826636314","0.08339673280715942","0.0951387882232666"
"1010","0.08713161759078503","0.07438947260379791","0.0965866968035698","0.242892075330019","0.2372211515903473","0.250063955783844","0.17918739467859268","0.16651518642902374","0.19375821948051453","0.08493342747290929","0.07491137087345123","0.09655231237411499","0.09117114543914795","0.07933543622493744","0.100202277302742"
"1011","0.08414134755730629","0.08026809990406036","0.09082736819982529","0.2411300390958786","0.22699207067489624","0.2507830858230591","0.1783895529806614","0.16976164281368256","0.18531280755996704","0.08251404017210007","0.0794520378112793","0.08819664269685745","0.0866540651768446","0.08220694959163666","0.0908479392528534"
"1012","0.08386224322021008","0.07817966490983963","0.09216427057981491","0.23890970647335052","0.22634738683700562","0.25627875328063965","0.17555101588368416","0.16877570748329163","0.18604776263237","0.0794799377520879","0.07689006626605988","0.08290733397006989","0.08676726557314396","0.07831615209579468","0.10034061968326569"
"1013","0.09177952818572521","0.07946979999542236","0.09789471328258514","0.2528776377439499","0.23307356238365173","0.27279818058013916","0.18970375880599022","0.17441952228546143","0.2023022472858429","0.08931957681973775","0.07925917208194733","0.09544894844293594","0.09509146586060524","0.08416064828634262","0.10038059204816818"
"1014","0.08392396569252014","0.08022229373455048","0.08859075605869293","0.23650862276554108","0.22560681402683258","0.24573594331741333","0.1767638735473156","0.16605637967586517","0.18160134553909302","0.0824529230594635","0.07994642853736877","0.08467131853103638","0.08764068223536015","0.0821777731180191","0.09161725640296936"
"1015","0.08866865001618862","0.07708019763231277","0.0963599681854248","0.24325579404830933","0.22372938692569733","0.2585304379463196","0.18702299520373344","0.16671383380889893","0.20190395414829254","0.09050312886635463","0.0848374292254448","0.0937378853559494","0.09049843065440655","0.08038938045501709","0.09631629288196564"
"1016","0.08923478983342648","0.07161834836006165","0.10229255259037018","0.24111662805080414","0.21424058079719543","0.26036134362220764","0.18548108264803886","0.1576899290084839","0.20369070768356323","0.08277469873428345","0.07115107774734497","0.09033641219139099","0.09194946847856045","0.07552099972963333","0.10829239338636398"
"1017","0.0899674016982317","0.08451550453901291","0.09425071626901627","0.24744902178645134","0.23857688903808594","0.253883421421051","0.192434374243021","0.18970245122909546","0.19513805210590363","0.08869905521472295","0.08405303955078125","0.0922631174325943","0.09284309484064579","0.0875394195318222","0.09606552124023438"
"1018","0.08754695579409599","0.07892332226037979","0.09820430725812912","0.24635352939367294","0.23451441526412964","0.26118969917297363","0.1817607581615448","0.17327123880386353","0.19288583099842072","0.08813868463039398","0.07920697331428528","0.09403793513774872","0.09033957496285439","0.08341299742460251","0.09717822819948196"
"1019","0.08944506384432316","0.08461479097604752","0.09480239450931549","0.24640372022986412","0.2402108907699585","0.25402161478996277","0.18548158556222916","0.17923201620578766","0.19573736190795898","0.08792569488286972","0.08436749875545502","0.08993572741746902","0.09201025776565075","0.08741326630115509","0.09383644163608551"
"1020","0.09122206456959248","0.08652642369270325","0.09528802335262299","0.25644389167428017","0.2454693764448166","0.2700864374637604","0.18387321755290031","0.17853209376335144","0.19402454793453217","0.08752703666687012","0.08501890301704407","0.08973339200019836","0.09278582036495209","0.08680254220962524","0.1018756777048111"
"1021","0.08905931562185287","0.0830698162317276","0.09551072865724564","0.2401227504014969","0.22552695870399475","0.25420185923576355","0.1874648854136467","0.1785328984260559","0.1976088136434555","0.08515095959107082","0.079560786485672","0.09050870686769485","0.09143697842955589","0.08181582391262054","0.10077498853206635"
"1022","0.08357836864888668","0.0692308098077774","0.09615525603294373","0.2421848587691784","0.2262054681777954","0.25317472219467163","0.17402567341923714","0.15530835092067719","0.18403826653957367","0.08587020138899486","0.08097654581069946","0.09225448966026306","0.08552334271371365","0.0741281658411026","0.09350316226482391"
"1023","0.09441277012228966","0.08858312666416168","0.10018055886030197","0.2453414350748062","0.23073971271514893","0.254301518201828","0.18635568395256996","0.1761886477470398","0.19889548420906067","0.09166455765565236","0.08712734282016754","0.09932947903871536","0.09743449836969376","0.09143948554992676","0.10228917747735977"
"1024","0.08796163462102413","0.07630335539579391","0.09458207339048386","0.24659229815006256","0.22895780205726624","0.2594427466392517","0.18624284863471985","0.17876100540161133","0.1922280192375183","0.08453876773516338","0.07582283020019531","0.0948193222284317","0.09079614467918873","0.07885412871837616","0.10121486335992813"
"1025","0.09010977670550346","0.07846724987030029","0.0983395054936409","0.24640672653913498","0.2373659908771515","0.25459396839141846","0.1883459873497486","0.17984607815742493","0.19464072585105896","0.08811471611261368","0.07752852886915207","0.09392520040273666","0.09316153638064861","0.08206051588058472","0.1002684235572815"
"1026","0.08707096241414547","0.08385591208934784","0.0920395478606224","0.23808826506137848","0.22806784510612488","0.2609386444091797","0.17958089336752892","0.1713423728942871","0.19351553916931152","0.08617456008990605","0.08199208229780197","0.09054576605558395","0.09063614718616009","0.08512134850025177","0.09491255134344101"
"1027","0.09199441224336624","0.0851750373840332","0.09752732515335083","0.25707074254751205","0.24345147609710693","0.26733434200286865","0.18703335523605347","0.17949552834033966","0.19661429524421692","0.08799105882644653","0.0843190923333168","0.09081175178289413","0.09397639892995358","0.0874306783080101","0.10314749926328659"
"1028","0.08646108955144882","0.07356911897659302","0.10554835200309753","0.2466411218047142","0.22163794934749603","0.2757057547569275","0.17944569513201714","0.155114084482193","0.2066367268562317","0.08806232611338298","0.07157841324806213","0.10145848989486694","0.08967972919344902","0.07363183051347733","0.10783864557743073"
"1029","0.09147410653531551","0.06717468053102493","0.10589593648910522","0.2457278147339821","0.21974942088127136","0.26224640011787415","0.187546718865633","0.16539227962493896","0.20130053162574768","0.08907240132490794","0.06734538823366165","0.10040438175201416","0.0940861813724041","0.07030215114355087","0.10419833660125732"
"1030","0.09855589084327221","0.08963941037654877","0.10772313177585602","0.2544263154268265","0.23831576108932495","0.2707228660583496","0.2022106572985649","0.18822449445724487","0.21270494163036346","0.09452855090300243","0.08820246905088425","0.10469169914722443","0.10181029140949249","0.09367933869361877","0.11160994321107864"
"1031","0.08864099159836769","0.0866558700799942","0.09246325492858887","0.24308886751532555","0.2385224550962448","0.2450834959745407","0.1868555061519146","0.1835939884185791","0.19274526834487915","0.08725110441446304","0.08480849862098694","0.08971276134252548","0.09120414964854717","0.09066158533096313","0.0918043702840805"
"1032","0.08991198614239693","0.08580952882766724","0.09792239218950272","0.2490120604634285","0.23751449584960938","0.2596626877784729","0.1896120347082615","0.18482987582683563","0.20028838515281677","0.09019615997870763","0.08527721464633942","0.09552028030157089","0.09251147694885731","0.088564932346344","0.09896393120288849"
"1033","0.09408459812402725","0.09120997786521912","0.0977429747581482","0.2546435780823231","0.24838769435882568","0.2627638578414917","0.18798579275608063","0.18244588375091553","0.19370177388191223","0.09214590738217036","0.08893731236457825","0.09587173163890839","0.0973547026515007","0.09131564944982529","0.10168824344873428"
"1034","0.08728469535708427","0.08226282149553299","0.09062287211418152","0.24297896772623062","0.23340246081352234","0.25203263759613037","0.177361398935318","0.16916754841804504","0.19158992171287537","0.08562402923901875","0.07681901752948761","0.09005952626466751","0.08982117474079132","0.08192670345306396","0.09338618814945221"
"1035","0.09395099245011806","0.08778489381074905","0.10545292496681213","0.2594087980687618","0.24253492057323456","0.2757246494293213","0.188852921128273","0.18363776803016663","0.20076556503772736","0.08907690892616908","0.08699305355548859","0.09196873754262924","0.0956063661724329","0.08849483728408813","0.11074240505695343"
"1036","0.08417229540646076","0.07436446845531464","0.08870988339185715","0.23713712021708488","0.22529910504817963","0.24521611630916595","0.17629630491137505","0.1614060401916504","0.1876063197851181","0.08362845579783122","0.07714001834392548","0.08705908805131912","0.08890081010758877","0.07989316433668137","0.09339006245136261"
"1037","0.0866184439510107","0.08474062383174896","0.08893944323062897","0.2425149902701378","0.23560841381549835","0.2509671151638031","0.1820174977183342","0.17393144965171814","0.19034233689308167","0.08614305406808853","0.08431705832481384","0.0897640511393547","0.09043366834521294","0.08807966858148575","0.09338599443435669"
"1038","0.08785072341561317","0.08062217384576797","0.09334084391593933","0.24288348481059074","0.23357431590557098","0.25397181510925293","0.1848360225558281","0.16743925213813782","0.19761866331100464","0.08389395227034886","0.07897372543811798","0.08860843628644943","0.08976071514189243","0.08115680515766144","0.09982863068580627"
"1039","0.09788727387785912","0.09176972508430481","0.10273103415966034","0.2513134479522705","0.23554691672325134","0.26127853989601135","0.19114263355731964","0.1780463010072708","0.19654226303100586","0.09407242139180501","0.08993618190288544","0.10135061293840408","0.10087858512997627","0.09372587502002716","0.10784418880939484"
"1040","0.09642413444817066","0.0898684561252594","0.10721659660339355","0.2500459626317024","0.24024401605129242","0.2677927613258362","0.18653573095798492","0.17602677643299103","0.20502978563308716","0.09662857900063197","0.0903034508228302","0.1054476648569107","0.09903012961149216","0.09487563371658325","0.10990166664123535"
"1041","0.10062174871563911","0.09706991165876389","0.10313260555267334","0.2644417732954025","0.253065288066864","0.27193713188171387","0.19671744108200073","0.1868041455745697","0.20129892230033875","0.09714007874329884","0.09252035617828369","0.10169745981693268","0.10268357396125793","0.09427786618471146","0.10881068557500839"
"1042","0.08707672916352749","0.07866038382053375","0.0972471684217453","0.24016881361603737","0.2296721637248993","0.2560597360134125","0.17793400958180428","0.16635844111442566","0.18636968731880188","0.08855151881774266","0.08478926122188568","0.09594655781984329","0.08812779001891613","0.08224344253540039","0.09862802922725677"
"1043","0.08859400637447834","0.08428509533405304","0.09514135122299194","0.2372146062552929","0.2256278097629547","0.25207266211509705","0.17908676341176033","0.17051967978477478","0.19208499789237976","0.08475920061270396","0.0831870287656784","0.08683083951473236","0.09126963652670383","0.0856044739484787","0.10191574692726135"
"1044","0.08781799860298634","0.08064210414886475","0.09391229599714279","0.23888278752565384","0.22680729627609253","0.24997732043266296","0.17895496636629105","0.1667308211326599","0.19046416878700256","0.08884461224079132","0.08494206517934799","0.09251107275485992","0.09091002866625786","0.08790069818496704","0.09325891733169556"
"1045","0.08545972593128681","0.07874800264835358","0.09434114396572113","0.24117078259587288","0.23316219449043274","0.24947042763233185","0.1860920488834381","0.1773698627948761","0.19364386796951294","0.08102768659591675","0.0766383558511734","0.08426626026630402","0.08905553817749023","0.07898955047130585","0.10269828140735626"
"1046","0.09917515143752098","0.09397536516189575","0.10149034857749939","0.2567204274237156","0.24765436351299286","0.2656489610671997","0.20481950417160988","0.1936257928609848","0.21430346369743347","0.09575472275416057","0.09041707217693329","0.09851090610027313","0.10188531503081322","0.0946342721581459","0.10777341574430466"
"1047","0.09236332587897778","0.08093583583831787","0.10387466102838516","0.24876334890723228","0.23565109074115753","0.2552614212036133","0.18246296793222427","0.16867169737815857","0.1890178620815277","0.08756967137257259","0.08142847567796707","0.09089426696300507","0.09531598724424839","0.08341670781373978","0.1078898161649704"
"1048","0.09032436460256577","0.08427288383245468","0.09838075190782547","0.2583187632262707","0.2450377494096756","0.2868443727493286","0.18857186660170555","0.17874540388584137","0.20405657589435577","0.09167479475339253","0.08515118807554245","0.10002291947603226","0.0939333438873291","0.08922840654850006","0.10239752382040024"
"1049","0.09218362346291542","0.08272869884967804","0.09655934572219849","0.2547607123851776","0.23909935355186462","0.2642689645290375","0.18378812819719315","0.16608881950378418","0.1930130422115326","0.08992878099282582","0.07976284623146057","0.09530111402273178","0.09631389193236828","0.08736516535282135","0.10128669440746307"
"1050","0.09336219727993011","0.08463729172945023","0.09910782426595688","0.24090703949332237","0.23079481720924377","0.24829605221748352","0.19259513542056084","0.1764708161354065","0.20834776759147644","0.09436441957950592","0.08772152662277222","0.09816065430641174","0.09543847292661667","0.0889650285243988","0.10060814023017883"
"1051","0.08863537386059761","0.08459887653589249","0.09529319405555725","0.24893414601683617","0.23833675682544708","0.2563413977622986","0.186532124876976","0.17712771892547607","0.20106221735477448","0.08829499532779057","0.0822482779622078","0.09506693482398987","0.09020489826798439","0.08705604076385498","0.09586794674396515"
"1052","0.09642288461327553","0.09090795367956161","0.10282722860574722","0.2518596798181534","0.23504751920700073","0.27506473660469055","0.19539081677794456","0.18101012706756592","0.21477466821670532","0.09678702801465988","0.09139356017112732","0.09986579418182373","0.10021908767521381","0.09579440951347351","0.10482744872570038"
"1053","0.0892261229455471","0.08151733875274658","0.0991375520825386","0.24987761676311493","0.24049454927444458","0.2587750554084778","0.18357443436980247","0.1697077453136444","0.19597826898097992","0.09038340300321579","0.08705158531665802","0.09658091515302658","0.09299880638718605","0.08803864568471909","0.09932718425989151"
"1054","0.09245185367763042","0.087906613945961","0.0993134081363678","0.25231843441724777","0.24492789804935455","0.2597717046737671","0.18886281549930573","0.18210244178771973","0.1948186755180359","0.08894225706656773","0.08419664204120636","0.0924670547246933","0.09538775123655796","0.08737043291330338","0.10857268422842026"
"1055","0.09016145206987858","0.0883706659078598","0.09359776228666306","0.2518092170357704","0.2435981035232544","0.26116400957107544","0.1859646737575531","0.18201328814029694","0.19145922362804413","0.0886197139819463","0.08769330382347107","0.09028157591819763","0.09210594370961189","0.08976401388645172","0.0945541188120842"
"1056","0.08192182704806328","0.08002489060163498","0.08466526865959167","0.2367320880293846","0.232901930809021","0.24059832096099854","0.1743251048028469","0.17184092104434967","0.17863671481609344","0.08055651684602101","0.08017853647470474","0.08130882680416107","0.08473073691129684","0.08150360733270645","0.09052062779664993"
"1057","0.08630405366420746","0.07746607810258865","0.09386184811592102","0.23997219651937485","0.22514548897743225","0.25167396664619446","0.17742110043764114","0.16184546053409576","0.18991613388061523","0.08877155929803848","0.08494535088539124","0.0927073061466217","0.08860702626407146","0.08201367408037186","0.09314990043640137"
"1058","0.0912686362862587","0.07533885538578033","0.10546299815177917","0.24086936190724373","0.21650177240371704","0.2567530572414398","0.18544458225369453","0.16434767842292786","0.20123085379600525","0.08918146044015884","0.07364792376756668","0.1017964780330658","0.09419813565909863","0.07729355990886688","0.10588045418262482"
"1059","0.0869836863130331","0.0816788375377655","0.09619449079036713","0.23883232846856117","0.2317977249622345","0.24821537733078003","0.17858611047267914","0.1680968850851059","0.19858390092849731","0.08815624316533406","0.08245935291051865","0.09621814638376236","0.0902494564652443","0.08536794781684875","0.09808455407619476"
"1060","0.08815435133874416","0.07772388309240341","0.09508568048477173","0.24794968590140343","0.22748248279094696","0.2583536207675934","0.1836915723979473","0.16923785209655762","0.19172228872776031","0.08429463456074397","0.07542498409748077","0.09140367060899734","0.09039902500808239","0.07678812742233276","0.10056062787771225"
"1061","0.08530951291322708","0.08038933575153351","0.09117044508457184","0.24426882714033127","0.23594772815704346","0.2574021518230438","0.18217885494232178","0.17366763949394226","0.19353339076042175","0.08439962814251582","0.08013252913951874","0.08824709802865982","0.08859316445887089","0.08330810070037842","0.0919361263513565"
"1062","0.08752265945076942","0.07616767287254333","0.09294325113296509","0.24686472862958908","0.22737962007522583","0.25587350130081177","0.1813032403588295","0.16046540439128876","0.19361408054828644","0.08526333421468735","0.07488372176885605","0.09134712815284729","0.09077754989266396","0.07621705532073975","0.09728090465068817"
"1063","0.09152764081954956","0.0878673791885376","0.0978439599275589","0.25033261999487877","0.2443770319223404","0.2574118673801422","0.19006506726145744","0.1834479123353958","0.19592449069023132","0.08757050335407257","0.08667433261871338","0.08898384869098663","0.09411284700036049","0.0887824296951294","0.10240606963634491"
"1064","0.09551355428993702","0.08981221169233322","0.09967537969350815","0.2599516361951828","0.2560771405696869","0.2663901448249817","0.1917244903743267","0.1799653172492981","0.20137567818164825","0.09431857864061992","0.08864264190196991","0.0984831228852272","0.0987423937767744","0.09228573739528656","0.10377371311187744"
"1065","0.08954882808029652","0.0838155522942543","0.09761117398738861","0.24493448808789253","0.22815002501010895","0.26304322481155396","0.1896020993590355","0.17669494450092316","0.21044810116291046","0.08636990934610367","0.0797412246465683","0.09606464207172394","0.09277551807463169","0.08349742740392685","0.10002198815345764"
"1066","0.08689977787435055","0.08191826939582825","0.09160571545362473","0.2458592690527439","0.23879966139793396","0.2563517987728119","0.17532270029187202","0.1685572862625122","0.17982283234596252","0.0872653250892957","0.08327014744281769","0.0921824648976326","0.08851605094969273","0.08296822011470795","0.0956890732049942"
"1067","0.08647872880101204","0.08094312995672226","0.0944928377866745","0.23983187973499298","0.22153450548648834","0.25069335103034973","0.17927680909633636","0.16589763760566711","0.18781866133213043","0.08622181663910548","0.08278027921915054","0.09186779707670212","0.08893886022269726","0.08671548217535019","0.0930970311164856"
"1068","0.09564102999866009","0.08884787559509277","0.09877924621105194","0.25909922271966934","0.25067800283432007","0.26689785718917847","0.1892261654138565","0.1791430413722992","0.20077043771743774","0.09631790469090144","0.09595181047916412","0.09665512293577194","0.09869209676980972","0.09511955827474594","0.10063593089580536"
"1069","0.08544366993010044","0.077799953520298","0.09179095923900604","0.237496018409729","0.23287567496299744","0.24346773326396942","0.1838318184018135","0.17970788478851318","0.18795059621334076","0.08155914147694905","0.0781303197145462","0.08634515106678009","0.08828247711062431","0.08081561326980591","0.09764087945222855"
"1070","0.0914309099316597","0.08176694810390472","0.09854283928871155","0.24626322463154793","0.23834413290023804","0.252607136964798","0.18967225030064583","0.17827467620372772","0.20593486726284027","0.0922096719344457","0.08844667673110962","0.09602424502372742","0.09495672397315502","0.08801858872175217","0.10139733552932739"
"1072","0.09064049459993839","0.08336517959833145","0.09638126194477081","0.24229690805077553","0.2326762080192566","0.2540806531906128","0.1843024492263794","0.17248544096946716","0.20107614994049072","0.08930198599894841","0.08256770670413971","0.09697570651769638","0.09381169080734253","0.08652789145708084","0.0987124890089035"
"1073","0.08683047071099281","0.07326468080282211","0.09869213402271271","0.2404266595840454","0.21911019086837769","0.2579200267791748","0.18043340742588043","0.1637781262397766","0.19955040514469147","0.08965407560269038","0.07904232293367386","0.09622519463300705","0.0895995944738388","0.07890042662620544","0.10014771670103073"
"1074","0.08918644860386848","0.07942794263362885","0.10099369287490845","0.24708247929811478","0.22885313630104065","0.2654479742050171","0.18627441674470901","0.16758906841278076","0.19919537007808685","0.08591380218664806","0.07887870818376541","0.09912388026714325","0.09319301694631577","0.08140025287866592","0.10366116464138031"
"1075","0.08739502169191837","0.07921107113361359","0.09163221716880798","0.23917608708143234","0.2269989550113678","0.250408411026001","0.17995746806263924","0.16798582673072815","0.189422607421875","0.08420001963774364","0.07833395898342133","0.08820096403360367","0.08985124714672565","0.08101858198642731","0.09689629822969437"
"1076","0.08670722506940365","0.06920523941516876","0.10143044590950012","0.24062734842300415","0.2097407877445221","0.26805293560028076","0.17598239704966545","0.15718762576580048","0.19447171688079834","0.0797450120250384","0.06829467415809631","0.09105872362852097","0.08954641595482826","0.07162448763847351","0.10741522163152695"
"1077","0.08567104302346706","0.07600211352109909","0.09152905642986298","0.24233752116560936","0.2256995141506195","0.2555752396583557","0.17908649519085884","0.1626785844564438","0.18550726771354675","0.08273200939098994","0.07314405590295792","0.08979043364524841","0.088890690356493","0.07628404349088669","0.09619194269180298"
"1078","0.0963721964508295","0.09088119864463806","0.10298711806535721","0.2543584853410721","0.24259690940380096","0.26737070083618164","0.1924322545528412","0.1824473887681961","0.2064276933670044","0.09627703577280045","0.09045940637588501","0.10173235833644867","0.09928002953529358","0.09345893561840057","0.10605859011411667"
"1079","0.08469136245548725","0.07976090908050537","0.09005671739578247","0.23065931722521782","0.21629154682159424","0.2462829053401947","0.1801651418209076","0.16911500692367554","0.19056358933448792","0.08521313468615214","0.0817277804017067","0.09080644696950912","0.08879775926470757","0.08372358977794647","0.09811031818389893"
"1080","0.0885197427123785","0.08098960667848587","0.09648163616657257","0.24409273639321327","0.23156891763210297","0.2586875855922699","0.17992918193340302","0.1705196648836136","0.19370391964912415","0.08439415693283081","0.08078315109014511","0.0915149599313736","0.0913467351347208","0.08286402374505997","0.10250681638717651"
"1081","0.0953429751098156","0.0891859158873558","0.10160671174526215","0.2494022510945797","0.24378538131713867","0.2577706277370453","0.18941251188516617","0.1832377314567566","0.19500498473644257","0.0939129889011383","0.08691713213920593","0.10015256702899933","0.09791054017841816","0.09248950332403183","0.1020711362361908"
"1082","0.08713440410792828","0.08288775384426117","0.09352809190750122","0.24104022607207298","0.23612070083618164","0.2479911595582962","0.17828970775008202","0.17155352234840393","0.18581056594848633","0.08383635183175404","0.08259719610214233","0.08464783430099487","0.08939126878976822","0.08374632149934769","0.09878270328044891"
"1083","0.08856698498129845","0.0855601578950882","0.09525452554225922","0.2413867525756359","0.22891120612621307","0.25249966979026794","0.1850189045071602","0.18213537335395813","0.1862708032131195","0.08676621566216151","0.0844997838139534","0.08937984704971313","0.09040903300046921","0.08710910379886627","0.09426692873239517"
"1084","0.09108522348105907","0.08379665017127991","0.0966799408197403","0.24974123015999794","0.2362516075372696","0.262004554271698","0.1834402196109295","0.1701747328042984","0.1900428831577301","0.08790082236131032","0.08110393583774567","0.09500010311603546","0.09426224604249","0.08493012189865112","0.10217870771884918"
"1085","0.08762481436133385","0.07349812984466553","0.0981670469045639","0.2394891157746315","0.22430522739887238","0.25046905875205994","0.17824164032936096","0.16413328051567078","0.1839088499546051","0.0841749037305514","0.076260507106781","0.0928264856338501","0.08982967957854271","0.07740630209445953","0.09999946504831314"
"1086","0.08727945014834404","0.0739729106426239","0.09513798356056213","0.24351783096790314","0.22556743025779724","0.256195604801178","0.17920847609639168","0.16004440188407898","0.19220298528671265","0.08408310015996297","0.06973950564861298","0.09171431511640549","0.08929248712956905","0.07569961249828339","0.09546872973442078"
"1087","0.08681066147983074","0.07940814644098282","0.09228646010160446","0.23771604150533676","0.23197634518146515","0.2449180632829666","0.17848234996199608","0.17492549121379852","0.1835898607969284","0.08511645843585332","0.07830359786748886","0.09117357432842255","0.08981123380362988","0.08138389140367508","0.09647428244352341"
"1088","0.08728743530809879","0.08066997677087784","0.0939536988735199","0.24664143845438957","0.23204603791236877","0.26250749826431274","0.1835317648947239","0.1715501993894577","0.19560661911964417","0.08860441793998082","0.08481097221374512","0.09515608847141266","0.09035687521100044","0.08704432845115662","0.09863411635160446"
"1089","0.08832161501049995","0.08396397531032562","0.09077538549900055","0.2467457763850689","0.236602783203125","0.2621113955974579","0.1816072128713131","0.17343109846115112","0.18922844529151917","0.08826549102862676","0.08517881482839584","0.09128092229366302","0.09087496064603329","0.08909691125154495","0.09515250474214554"
"1090","0.08895705081522465","0.07554423063993454","0.10137829184532166","0.23959354311227798","0.22985321283340454","0.2511758506298065","0.1793031059205532","0.16612884402275085","0.1858636885881424","0.08892232924699783","0.0744381695985794","0.09988068789243698","0.09175779670476913","0.07833918929100037","0.10176999866962433"
"1091","0.08627830632030964","0.0793820396065712","0.09237504005432129","0.25055644661188126","0.23289325833320618","0.26532745361328125","0.17046717926859856","0.16819164156913757","0.17367959022521973","0.0836634486913681","0.07754673063755035","0.08921881020069122","0.08906046114861965","0.08216332644224167","0.09316283464431763"
"1092","0.08629726804792881","0.07171539217233658","0.09398570656776428","0.23842516914010048","0.21535687148571014","0.24965111911296844","0.17584718018770218","0.15269160270690918","0.1887901872396469","0.08292627831300099","0.07016470283269882","0.09397412836551666","0.0893848966807127","0.07180389761924744","0.09962930530309677"
"1093","0.09116547927260399","0.08242274820804596","0.09893491119146347","0.2457740269601345","0.22578738629817963","0.2589672803878784","0.18620039895176888","0.17168234288692474","0.1969749927520752","0.08547333379586537","0.08142687380313873","0.089807890355587","0.0924430750310421","0.08396278321743011","0.10530966520309448"
"1094","0.09769291989505291","0.09215976297855377","0.10185451805591583","0.24832035601139069","0.2344297468662262","0.26984190940856934","0.19754846766591072","0.1859288215637207","0.21011283993721008","0.09354151785373688","0.08825621008872986","0.10060682892799377","0.10035857930779457","0.09138522297143936","0.10733859986066818"
"1095","0.08791018277406693","0.08473426103591919","0.09195186197757721","0.23172282427549362","0.22214916348457336","0.24161048233509064","0.17527925968170166","0.16488707065582275","0.18731333315372467","0.08692855387926102","0.08473902940750122","0.09114358574151993","0.09031291492283344","0.08671370148658752","0.0936826542019844"
"1096","0.0994140263646841","0.08779175579547882","0.10957016795873642","0.25502772629261017","0.23934105038642883","0.2745015621185303","0.19544919207692146","0.17588812112808228","0.21121278405189514","0.09741348028182983","0.08466247469186783","0.10895463079214096","0.10233946703374386","0.08806297928094864","0.1144769936800003"
"1097","0.08577606081962585","0.07902045547962189","0.08934415131807327","0.23985655605793","0.22895635664463043","0.24728958308696747","0.1736801117658615","0.15845878422260284","0.1856759786605835","0.08497701585292816","0.08109600841999054","0.088412806391716","0.08864853903651237","0.08336815983057022","0.09292548894882202"
"1098","0.08872621692717075","0.08254805207252502","0.09411073476076126","0.24173350259661674","0.23548422753810883","0.2540360987186432","0.182985071092844","0.17339088022708893","0.19768835604190826","0.08667622258265813","0.07938297092914581","0.09381116181612015","0.09225413203239441","0.08294651657342911","0.09877073764801025"
"1099","0.08563989214599133","0.07855072617530823","0.09348563849925995","0.24060536548495293","0.22822366654872894","0.256368488073349","0.17017235234379768","0.15824571251869202","0.1843334436416626","0.08612676958243053","0.08066697418689728","0.09369394183158875","0.08841576613485813","0.08360089361667633","0.09698362648487091"
"1100","0.08709308877587318","0.07973062247037888","0.100365050137043","0.23721711710095406","0.22561192512512207","0.24959449470043182","0.1774933747947216","0.16619127988815308","0.18556569516658783","0.08644197632869084","0.07810333371162415","0.09667777270078659","0.08958971500396729","0.08005747944116592","0.10008630156517029"
"1101","0.08167826198041439","0.0692528709769249","0.09438791871070862","0.2313891537487507","0.21663343906402588","0.2448030561208725","0.17318106815218925","0.15348386764526367","0.18963029980659485","0.08121375739574432","0.06977719813585281","0.09016376733779907","0.08386104740202427","0.07251390814781189","0.092519611120224"
"1102","0.0857140589505434","0.0832611471414566","0.08781556040048599","0.22432788461446762","0.21866518259048462","0.232916921377182","0.17622032389044762","0.16900064051151276","0.18455256521701813","0.08311240375041962","0.0812821164727211","0.0857708677649498","0.08835260756313801","0.08404140919446945","0.09357406198978424"
"1103","0.09304833970963955","0.09162885695695877","0.09644082188606262","0.24940376356244087","0.2407987117767334","0.25799497961997986","0.18684179708361626","0.17886602878570557","0.19132541120052338","0.08901352683703105","0.08707183599472046","0.0905001312494278","0.0952779520303011","0.09038401395082474","0.10185707360506058"
"1104","0.08952791057527065","0.08032285422086716","0.0961272269487381","0.24700183421373367","0.232051283121109","0.25668856501579285","0.18380789831280708","0.17547181248664856","0.19236496090888977","0.08654833336671193","0.0797957330942154","0.09308125078678131","0.09204685501754284","0.07977257668972015","0.0997585654258728"
"1105","0.08764557354152203","0.07641100138425827","0.09675370156764984","0.24355898052453995","0.22340454161167145","0.2549480199813843","0.175760205835104","0.15579096972942352","0.18713462352752686","0.08494056761264801","0.07542581111192703","0.09397666156291962","0.09127812646329403","0.07991714775562286","0.0985238254070282"
"1106","0.09697722271084785","0.0941256731748581","0.09952664375305176","0.2526483051478863","0.24277479946613312","0.25894325971603394","0.19115017727017403","0.18269003927707672","0.20213298499584198","0.09679881483316422","0.0943547785282135","0.09932273626327515","0.09952867776155472","0.09677796065807343","0.1018889993429184"
"1107","0.09700952656567097","0.09095729887485504","0.10376345366239548","0.25433164089918137","0.24557211995124817","0.2638426423072815","0.19232498481869698","0.17891836166381836","0.20954489707946777","0.09875372797250748","0.09480967372655869","0.1027669906616211","0.10025344416499138","0.09437856078147888","0.10452063381671906"
"1108","0.09246630035340786","0.08313971757888794","0.1024933010339737","0.2449442371726036","0.22460763156414032","0.25950318574905396","0.1839989796280861","0.16693295538425446","0.19661319255828857","0.08791617552439372","0.08000615984201431","0.09506045281887054","0.09536441415548325","0.08238513767719269","0.10767319798469543"
"1109","0.08771020360291004","0.08157850801944733","0.09439115971326828","0.23734286054968834","0.2251012921333313","0.24850711226463318","0.17842566221952438","0.16541928052902222","0.1959601193666458","0.08883367975552876","0.08577654510736465","0.09361623972654343","0.08931609056890011","0.08422516286373138","0.09371723979711533"
"1110","0.0912418644875288","0.08283935487270355","0.09928690642118454","0.24471937119960785","0.22608834505081177","0.2567001283168793","0.17886154353618622","0.16548652946949005","0.19105947017669678","0.08762843410174052","0.08085310459136963","0.094824880361557","0.09299912117421627","0.08199744671583176","0.1018282100558281"
"1111","0.09481051564216614","0.09087963402271271","0.098098523914814","0.2431752346456051","0.24019496142864227","0.24869832396507263","0.1832030825316906","0.17775040864944458","0.1905379742383957","0.0941506748398145","0.09204699099063873","0.0953836664557457","0.09732612036168575","0.09700016677379608","0.09771871566772461"
"1112","0.08478635549545288","0.08074858784675598","0.0902375727891922","0.2351061813533306","0.2212367057800293","0.244164377450943","0.1737719103693962","0.168664813041687","0.1785181313753128","0.08280135939518611","0.07879193127155304","0.08871204406023026","0.08675840497016907","0.08223370462656021","0.09156554192304611"
"1113","0.08950252458453178","0.08493895828723907","0.09682487696409225","0.23893561959266663","0.2315637469291687","0.24426837265491486","0.17923462390899658","0.17342427372932434","0.18292060494422913","0.08950030306975047","0.08427731692790985","0.09573035687208176","0.09317868575453758","0.08714038133621216","0.09952075779438019"
"1114","0.08849172852933407","0.08201345056295395","0.09737969934940338","0.23873178288340569","0.2302425354719162","0.2543152868747711","0.18150944635272026","0.17707878351211548","0.1911628693342209","0.08441245059172313","0.08168618381023407","0.08619044721126556","0.09130328893661499","0.08365044742822647","0.10305404663085938"
"1115","0.08466152846813202","0.08077520877122879","0.09436842799186707","0.23512430116534233","0.22470593452453613","0.26075249910354614","0.17853456735610962","0.16847968101501465","0.2041957676410675","0.08360045651594798","0.07905515283346176","0.09252496808767319","0.08741559088230133","0.08105779439210892","0.09661959111690521"
"1116","0.09417699091136456","0.08863995969295502","0.09788739681243896","0.25017567351460457","0.24081933498382568","0.2603403925895691","0.18903345242142677","0.17622195184230804","0.19531209766864777","0.09488116204738617","0.09182212501764297","0.0980677530169487","0.09732993319630623","0.09256429970264435","0.10141833871603012"
"1117","0.09599152952432632","0.08563757687807083","0.10515424609184265","0.24794011563062668","0.23299376666545868","0.25936809182167053","0.18993161618709564","0.17234474420547485","0.20687174797058105","0.09820098429918289","0.09211667627096176","0.10337119549512863","0.09929032623767853","0.09266693890094757","0.10647670924663544"
"1118","0.0843717698007822","0.0758480429649353","0.08875863999128342","0.2370128147304058","0.2224283516407013","0.2509081959724426","0.17361297085881233","0.1613941490650177","0.18136882781982422","0.08349443227052689","0.07250481843948364","0.09156836569309235","0.08792506344616413","0.07527907937765121","0.09454396367073059"
"1119","0.0909680724143982","0.08878528326749802","0.09393487870693207","0.24908135831356049","0.2450827956199646","0.25485625863075256","0.1846175491809845","0.17960137128829956","0.18991759419441223","0.08833808948596318","0.08526618778705597","0.09007376432418823","0.09278732165694237","0.0885840579867363","0.0978139266371727"
"1120","0.09075531363487244","0.08043276518583298","0.10766000300645828","0.24673844128847122","0.2283877730369568","0.26883816719055176","0.18679620698094368","0.16946358978748322","0.20441004633903503","0.08737567067146301","0.07757416367530823","0.10396482795476913","0.09364200383424759","0.08377710729837418","0.10713616013526917"
"1121","0.09070690721273422","0.07629484683275223","0.10113160312175751","0.24418636411428452","0.22388693690299988","0.26282891631126404","0.18454033136367798","0.17608694732189178","0.19287237524986267","0.08587367335955302","0.0752677321434021","0.09488983452320099","0.09341236017644405","0.07846745103597641","0.10472877323627472"
"1122","0.09074005857110023","0.08661513030529022","0.09596861153841019","0.248531311750412","0.2331390678882599","0.254172682762146","0.17976806685328484","0.17842403054237366","0.1814967542886734","0.09078162411848704","0.08567271381616592","0.09611208736896515","0.09383398480713367","0.08911425620317459","0.09759338200092316"
"1123","0.08630883321166039","0.07938016206026077","0.09535665065050125","0.23946604505181313","0.22424298524856567","0.2575456500053406","0.17600109800696373","0.16029299795627594","0.19798673689365387","0.08622448643048604","0.07750824093818665","0.09380250424146652","0.08875477500259876","0.07940442860126495","0.09864600747823715"
"1124","0.09259072691202164","0.08557028323411942","0.09898793697357178","0.24834344536066055","0.23451465368270874","0.25404253602027893","0.19085794314742088","0.18489524722099304","0.19634369015693665","0.08979145189126332","0.08457346260547638","0.09513896703720093","0.0960670467466116","0.08762123435735703","0.10487767308950424"
"1125","0.08710873126983643","0.07617989182472229","0.10315683484077454","0.234587162733078","0.21406769752502441","0.2655598521232605","0.1786586344242096","0.15563668310642242","0.20339544117450714","0.08931607007980347","0.0762702077627182","0.1028396338224411","0.0893692821264267","0.07822859287261963","0.10794894397258759"
"1126","0.09134647622704506","0.07475670427083969","0.11282048374414444","0.24534090235829353","0.2154557853937149","0.2826680839061737","0.18633155152201653","0.1574217528104782","0.22332952916622162","0.09673300385475159","0.07942333817481995","0.11186672747135162","0.09418169222772121","0.07994859665632248","0.11341363936662674"
"1127","0.08907509036362171","0.08364558219909668","0.09923408180475235","0.2476654388010502","0.23677803575992584","0.2607412338256836","0.1818922907114029","0.17467989027500153","0.19327829778194427","0.0841454342007637","0.08348582684993744","0.0848441869020462","0.09158096462488174","0.08722630888223648","0.10401955991983414"
"1128","0.08666010946035385","0.07919055968523026","0.0974549651145935","0.23402130231261253","0.22644078731536865","0.24795475602149963","0.17337513342499733","0.16678369045257568","0.18319636583328247","0.08238656570514043","0.07847786694765091","0.08834538608789444","0.08958285488188267","0.08102106302976608","0.10231835395097733"
"1129","0.08733043633401394","0.0815415158867836","0.09769715368747711","0.2439701408147812","0.2355634868144989","0.25921809673309326","0.18279708921909332","0.17239424586296082","0.20977331697940826","0.08748926967382431","0.08226175606250763","0.09712758660316467","0.08952146023511887","0.08570423722267151","0.10005233436822891"
"1130","0.08976565301418304","0.077289879322052","0.09737240523099899","0.24117552116513252","0.22622987627983093","0.2541450560092926","0.1818373128771782","0.16490766406059265","0.1891234666109085","0.08649055411418279","0.07909103482961655","0.093614861369133","0.09275154024362564","0.08096309751272202","0.10157986730337143"
"1131","0.08332272619009018","0.07646991312503815","0.09246508777141571","0.22475063800811768","0.21173670887947083","0.23816078901290894","0.17278705537319183","0.162187397480011","0.18747258186340332","0.07877428084611893","0.07536113262176514","0.08197824656963348","0.08579890243709087","0.07800427824258804","0.09935489296913147"
"1132","0.09173171781003475","0.08651811629533768","0.0964275524020195","0.2467350885272026","0.23588994145393372","0.252585232257843","0.18472576141357422","0.18086984753608704","0.18890009820461273","0.08866594235102336","0.08480365574359894","0.09301815927028656","0.09336210414767265","0.08756212145090103","0.0969754010438919"
"1133","0.0852824691683054","0.07779395580291748","0.08928342908620834","0.23409051448106766","0.2238798588514328","0.24088671803474426","0.17436020448803902","0.1614845097064972","0.18501991033554077","0.0822916254401207","0.07613147050142288","0.08793461322784424","0.08750936202704906","0.07938551902770996","0.09408938884735107"
"1134","0.08835357800126076","0.07291052490472794","0.09618464857339859","0.2385341376066208","0.22263500094413757","0.25189560651779175","0.17846562340855598","0.15706145763397217","0.18994255363941193","0.0920788124203682","0.08865251392126083","0.09421923011541367","0.09059536270797253","0.07650633156299591","0.09824006259441376"
"1135","0.0896824486553669","0.08345029503107071","0.09890342503786087","0.24744123220443726","0.2367994785308838","0.25906944274902344","0.18201136216521263","0.17230845987796783","0.19089634716510773","0.0850812594095866","0.08124536275863647","0.09103995561599731","0.0924057699739933","0.08351756632328033","0.10533888638019562"
"1136","0.09688247181475163","0.08510786294937134","0.10924022644758224","0.2528410479426384","0.23755526542663574","0.27767056226730347","0.1902592033147812","0.17296355962753296","0.20641227066516876","0.09452686210473378","0.08236557990312576","0.10622558742761612","0.10141134820878506","0.08899255096912384","0.11027029901742935"
"1137","0.08880696818232536","0.08210690319538116","0.09451820701360703","0.2381855808198452","0.22843191027641296","0.24805587530136108","0.1798103041946888","0.16880561411380768","0.18781247735023499","0.08570607006549835","0.08085037022829056","0.09350226819515228","0.09147743135690689","0.08377695828676224","0.10022056102752686"
"1138","0.08986281789839268","0.08095935732126236","0.09468403458595276","0.24334514886140823","0.2169145792722702","0.25777238607406616","0.18502584844827652","0.18182650208473206","0.18986642360687256","0.08772024760643642","0.07956469058990479","0.0940290242433548","0.09276971034705639","0.0816817358136177","0.09990732371807098"
"1139","0.0886341817677021","0.08224564790725708","0.09584477543830872","0.23618661612272263","0.2233966588973999","0.24626751244068146","0.17839885503053665","0.17015382647514343","0.18646767735481262","0.08847783257563908","0.0831880271434784","0.09112656861543655","0.0907648578286171","0.08652623742818832","0.09471826255321503"
"1140","0.09190134145319462","0.0848727598786354","0.10750631988048553","0.24759218469262123","0.22912156581878662","0.2673429548740387","0.1786845587193966","0.17118299007415771","0.1961907595396042","0.09143111606438954","0.0833229273557663","0.10065893828868866","0.09368579648435116","0.08641520142555237","0.10352076590061188"
"1142","0.0928080677986145","0.08362001180648804","0.09852387756109238","0.24378326907753944","0.23822544515132904","0.24988260865211487","0.1860136315226555","0.17882531881332397","0.1906634122133255","0.08928181727727254","0.08316965401172638","0.09244079887866974","0.09613928198814392","0.08685141056776047","0.10367807745933533"
"1143","0.08566270768642426","0.07513125240802765","0.10215111076831818","0.23296623304486275","0.222042977809906","0.25194746255874634","0.1735401563346386","0.1551927626132965","0.19250799715518951","0.08367311954498291","0.07282644510269165","0.09949518740177155","0.0883079245686531","0.07723964750766754","0.10238377004861832"
"1144","0.09605596587061882","0.09217336028814316","0.10252495110034943","0.25853636860847473","0.2443954050540924","0.2761146128177643","0.18862751871347427","0.17591246962547302","0.19824182987213135","0.09216013302405675","0.09138486534357071","0.09268118441104889","0.09981273859739304","0.09488436579704285","0.10935119539499283"
"1145","0.08474715240299702","0.07019472867250443","0.09511056542396545","0.2364821434020996","0.2171441912651062","0.2511424422264099","0.17255475372076035","0.15107664465904236","0.18443837761878967","0.0853862538933754","0.0707005187869072","0.09485404193401337","0.08833180740475655","0.07214972376823425","0.0976012572646141"
"1146","0.08976040594279766","0.07762181758880615","0.09713292866945267","0.2428656704723835","0.22531333565711975","0.25572946667671204","0.18363261222839355","0.17611749470233917","0.19264689087867737","0.08447984606027603","0.07634307444095612","0.08873924612998962","0.09153442271053791","0.07997077703475952","0.10362228006124496"
"1147","0.08758358843624592","0.08433416485786438","0.0964113175868988","0.24412812292575836","0.2345045804977417","0.24931976199150085","0.17991148680448532","0.1669023483991623","0.18756303191184998","0.08683742334445317","0.08318556845188141","0.09385502338409424","0.08972878567874432","0.08517348766326904","0.09626023471355438"
"1148","0.09638372994959354","0.0842113122344017","0.1083993911743164","0.2509445920586586","0.2362319976091385","0.26921969652175903","0.18295681104063988","0.16385418176651","0.20248308777809143","0.09983545790115993","0.08742347359657288","0.10948550701141357","0.09872926957905293","0.0891774520277977","0.11091006547212601"
"1149","0.09269442595541477","0.08892922103404999","0.09947679191827774","0.2510334625840187","0.23540756106376648","0.2669583559036255","0.18306170403957367","0.17602205276489258","0.19174553453922272","0.08910335848728816","0.08756091445684433","0.09202927350997925","0.09518043510615826","0.08861501514911652","0.10503801703453064"
"1150","0.08022178895771503","0.07534833252429962","0.08395133912563324","0.23400522768497467","0.22877483069896698","0.23772582411766052","0.16419731080532074","0.15497687458992004","0.17672264575958252","0.0788245399792989","0.07673873007297516","0.08293842524290085","0.08230818063020706","0.07942601293325424","0.08756304532289505"
"1151","0.08065254613757133","0.07349664717912674","0.0902014672756195","0.22431743144989014","0.20522525906562805","0.23801352083683014","0.16654826328158379","0.15060892701148987","0.1790851205587387","0.08341112981239955","0.07568084448575974","0.09022507071495056","0.08325528353452682","0.07687680423259735","0.09293152391910553"
"1152","0.09252110123634338","0.08425247669219971","0.09968486428260803","0.24968484044075012","0.2373702973127365","0.26074808835983276","0.1873559206724167","0.17301329970359802","0.19471682608127594","0.09452785303195317","0.08866889774799347","0.09836016595363617","0.0948056560009718","0.0891493409872055","0.10069891065359116"
"1153","0.09563350304961205","0.08757023513317108","0.10727961361408234","0.24337445199489594","0.23127812147140503","0.2529246211051941","0.18897151947021484","0.17649854719638824","0.2002587914466858","0.09178486218055089","0.0853474885225296","0.10022089630365372","0.09753536060452461","0.09003698080778122","0.10369794070720673"
"1154","0.09166263230144978","0.07713494449853897","0.10072124749422073","0.24612798914313316","0.22475458681583405","0.2613731324672699","0.17988979816436768","0.15909919142723083","0.19974231719970703","0.09513196597496669","0.0879460871219635","0.0991385355591774","0.09370782971382141","0.08208560943603516","0.10122247040271759"
"1155","0.08943410217761993","0.0779910683631897","0.10181088000535965","0.2473219372332096","0.23354339599609375","0.26183366775512695","0.18015487492084503","0.16398493945598602","0.19380249083042145","0.08378046502669652","0.07696717232465744","0.09169413149356842","0.09156132489442825","0.08183915913105011","0.10602596402168274"
"1156","0.08503064326941967","0.07435876131057739","0.09694360196590424","0.2537658289074898","0.22142547369003296","0.29296308755874634","0.17737751454114914","0.15675309300422668","0.18949268758296967","0.08476132899522781","0.07193875312805176","0.09604639559984207","0.08771380968391895","0.07389965653419495","0.1002831906080246"
"1157","0.08763071708381176","0.07891140133142471","0.09959951043128967","0.23530424386262894","0.217582568526268","0.25167471170425415","0.17618045583367348","0.16254554688930511","0.18979594111442566","0.08928025762240092","0.0819253996014595","0.09586974233388901","0.09046121500432491","0.08443114906549454","0.09931348264217377"
"1158","0.09624931775033474","0.0856800526380539","0.10588511824607849","0.2549576163291931","0.2469397485256195","0.2679491639137268","0.19274988025426865","0.17713689804077148","0.20325212180614471","0.09109815955162048","0.0840446725487709","0.09636716544628143","0.09943480603396893","0.08789031952619553","0.11553511023521423"
"1159","0.0898844562470913","0.08190900832414627","0.09725698828697205","0.24675394967198372","0.23177291452884674","0.25693202018737793","0.1769033968448639","0.17390061914920807","0.1824190616607666","0.08876234789689381","0.08104260265827179","0.09447726607322693","0.0930086113512516","0.08463775366544724","0.09709247946739197"
"1160","0.08718783967196941","0.08272780478000641","0.09276341646909714","0.23445677384734154","0.22077366709709167","0.24568961560726166","0.17501485347747803","0.17184361815452576","0.1824493408203125","0.08523083726565044","0.08222916722297668","0.09035126119852066","0.09019956178963184","0.08595642447471619","0.09414945542812347"
"1161","0.08647692203521729","0.07779301702976227","0.10576542466878891","0.23906223103404045","0.2226715385913849","0.27120769023895264","0.17403671145439148","0.15646693110466003","0.20361272990703583","0.08780790617068608","0.07721418887376785","0.10614242404699326","0.08935377933084965","0.08027370274066925","0.11094946414232254"
"1162","0.09053658880293369","0.08367270231246948","0.0980462059378624","0.24230415374040604","0.23484519124031067","0.2507539391517639","0.17843808606266975","0.1720409095287323","0.18637925386428833","0.0869675725698471","0.08348781615495682","0.08980593830347061","0.09452484920620918","0.08550111949443817","0.10450690984725952"
"1163","0.08956236205995083","0.07498828321695328","0.10769747942686081","0.236733790487051","0.22327570617198944","0.25567829608917236","0.18199270963668823","0.1625085473060608","0.21101796627044678","0.0926135207215945","0.08163636922836304","0.10623720288276672","0.09225901588797569","0.08049290627241135","0.11079104989767075"
"1164","0.08403313532471657","0.07402760535478592","0.09264883399009705","0.23225858062505722","0.21898750960826874","0.24525666236877441","0.17000024020671844","0.15208899974822998","0.19531342387199402","0.08234486977259318","0.07581229507923126","0.0915990099310875","0.08721746504306793","0.07790970802307129","0.09687741845846176"