{"train/learning_rate":9.959677419354839e-06,"eval/rouge1_recall":0.1096000000834465,"eval/rougeL_recall":0.09160000085830688,"eval/loss":2.3987691402435303,"_timestamp":1.7188129362916691e+09,"eval/rouge2_recall":0.05079999938607216,"train/grad_norm":2.3417580127716064,"eval/rouge1_precision":0.694100022315979,"train_samples_per_second":8.17,"train/epoch":4,"train/global_step":992,"eval/runtime":33.1508,"eval/rouge2_precision":0.3440999984741211,"eval/rougeLsum_recall":0.10040000081062317,"eval/rouge1_fmeasure":0.1889999955892563,"_runtime":483.471171,"_wandb":{"runtime":483},"eval/samples_per_second":7.481,"eval/rougeLsum_precision":0.6366000175476074,"eval/steps_per_second":1.87,"total_flos":1.070824333246464e+15,"train_steps_per_second":2.049,"train_loss":2.7151934716009323,"_step":2,"eval/rouge2_fmeasure":0.08839999884366989,"eval/rougeL_fmeasure":0.15790000557899475,"eval/rougeL_precision":0.5807999968528748,"eval/rougeLsum_fmeasure":0.17309999465942383,"train_runtime":484.2357,"train/loss":2.8692}