{"eval/steps_per_second":2.492,"train/loss":2.1267,"_timestamp":1.718978267985122e+09,"eval/loss":2.1961610317230225,"train/global_step":1500,"_runtime":390.481664,"eval/rouge2_precision":0.16670826077461243,"eval/rougeLsum_recall":0.1556127518415451,"train/learning_rate":1.958205046044108e-05,"_step":5,"eval/rouge1_recall":0.17339813709259033,"eval/samples_per_second":9.868,"eval/rouge2_fmeasure":0.08901424705982208,"eval/rougeL_recall":0.1379227638244629,"eval/rougeLsum_fmeasure":0.21838252246379852,"eval/rougeL_precision":0.34607893228530884,"eval/recall":0.9531784057617188,"eval/f1":0.9582282900810242,"eval/runtime":10.0328,"eval/rougeL_fmeasure":0.19315345585346222,"train/grad_norm":2.3117868900299072,"eval/precision":0.9633580446243286,"eval/rougeLsum_precision":0.3922823369503021,"eval/rouge2_recall":0.062466174364089966,"eval/rouge1_precision":0.4373992383480072,"train/epoch":0.020897476977946194,"_wandb":{"runtime":450},"eval/rouge1_fmeasure":0.24334652721881866}