{"train/global_step":10,"eval/rougeL_recall":0.10896460711956024,"eval/rouge2_fmeasure":0.02043871395289898,"eval/samples_per_second":9.528,"train/learning_rate":1.9996863483102016e-05,"train/grad_norm":6.1834516525268555,"eval/rouge1_fmeasure":0.16535308957099915,"eval/rougeLsum_precision":0.17332614958286285,"train/loss":4.4023,"eval/steps_per_second":2.382,"eval/rouge1_precision":0.21631868183612823,"eval/rougeLsum_fmeasure":0.1328124850988388,"eval/rouge2_recall":0.017076244577765465,"eval/rouge2_precision":0.027006592601537704,"eval/recall":0.9554134607315063,"train/epoch":0.00019603230612404924,"_timestamp":1.7189147743073664e+09,"eval/loss":3.8658015727996826,"eval/rougeL_fmeasure":0.12994204461574554,"_step":2,"_wandb":{"runtime":1486},"eval/precision":NaN,"eval/rougeL_precision":0.16968198120594025,"_runtime":1194.758916,"eval/rouge1_recall":0.13832606375217438,"eval/rougeLsum_recall":0.11138179153203964,"eval/f1":0.9595850706100464,"eval/runtime":1189.5529}