"Step","optimizer_name: nadam - train_loss","optimizer_name: nadam - train_loss__MIN","optimizer_name: nadam - train_loss__MAX","optimizer_name: adamw - train_loss","optimizer_name: adamw - train_loss__MIN","optimizer_name: adamw - train_loss__MAX","optimizer_name: adam - train_loss","optimizer_name: adam - train_loss__MIN","optimizer_name: adam - train_loss__MAX","optimizer_name: sgdm - train_loss","optimizer_name: sgdm - train_loss__MIN","optimizer_name: sgdm - train_loss__MAX","optimizer_name: sgd - train_loss","optimizer_name: sgd - train_loss__MIN","optimizer_name: sgd - train_loss__MAX"
"0","15.872681379318237","15.290562629699707","16.187362670898438","15.872681379318237","15.290562629699707","16.187362670898438","15.872681379318237","15.290562629699707","16.187362670898438","15.872681379318237","15.290562629699707","16.187362670898438","15.872681379318237","15.290562629699707","16.187362670898438"
"1","2.3652945160865784","2.0387589931488037","2.6366188526153564","8.144023418426514","7.771243095397949","8.52829360961914","8.144336700439453","7.77100944519043","8.529346466064453","14.35698127746582","14.224592208862305","14.517091751098633","14.35698127746582","14.224592208862305","14.517091751098633"
"2","0.8331922441720963","0.8297924995422363","0.8382212519645691","2.208825469017029","2.0839953422546387","2.4162135124206543","2.193980395793915","2.0697059631347656","2.398089647293091","9.935876846313477","9.677971839904785","10.432710647583008","11.829981803894043","11.549110412597656","12.139265060424805"
"3","0.5283595621585846","0.49957168102264404","0.5462684035301208","1.0309840440750122","1.0038456916809082","1.0470750331878662","1.0312649011611938","1.004317283630371","1.0471019744873047","3.4724865555763245","2.894498825073242","3.8400230407714844","9.10752272605896","8.52330207824707","9.569731712341309"
"4","0.28286677598953247","0.25340503454208374","0.3032601773738861","0.8290510922670364","0.8066213726997375","0.864359438419342","0.8316742181777954","0.8090287446975708","0.8664116263389587","1.3794645071029663","1.318488359451294","1.4524846076965332","4.53900933265686","4.3253583908081055","4.8712158203125"
"5","0.20336253568530083","0.1946674883365631","0.21555545926094055","0.6617428660392761","0.6441598534584045","0.6922270059585571","0.6614625155925751","0.644189715385437","0.6919035911560059","1.2044095993041992","1.1690386533737183","1.2470661401748657","2.665449857711792","2.2886202335357666","3.032595634460449"
"6","0.19420882686972618","0.18710094690322876","0.2031630575656891","0.5836706310510635","0.5608116984367371","0.6215759515762329","0.5833127796649933","0.5603027939796448","0.621344804763794","1.3216681480407715","1.2201393842697144","1.4097211360931396","2.081445127725601","1.9671341180801392","2.2235445976257324"
"7","0.1952933482825756","0.17902123928070068","0.22025546431541443","0.471219077706337","0.44542044401168823","0.5128380060195923","0.4705309271812439","0.44488227367401123","0.5124080181121826","1.6957019865512848","1.5573530197143555","1.9240385293960571","1.8762096166610718","1.8029109239578247","1.9700757265090942"
"8","0.16950307041406631","0.15452270209789276","0.18348601460456848","0.38147011399269104","0.33939191699028015","0.40684571862220764","0.38140446692705154","0.33922624588012695","0.40633299946784973","1.9455982446670532","1.7471187114715576","2.2352638244628906","1.8394536674022675","1.7061527967453003","1.9481253623962402"
"9","0.15719148889183998","0.13611146807670593","0.16688455641269684","0.3386899530887604","0.288313627243042","0.3655771017074585","0.34119216352701187","0.2985803484916687","0.3655078113079071","2.0897215008735657","1.7319347858428955","2.3920717239379883","1.7176783978939056","1.6753685474395752","1.8032729625701904"
"10","0.18151535838842392","0.15280574560165405","0.20594708621501923","0.33988191932439804","0.2756817042827606","0.388034850358963","0.34118009358644485","0.2756909430027008","0.38777992129325867","2.218600571155548","1.907273292541504","2.5070109367370605","1.593502163887024","1.5569994449615479","1.6087177991867065"
"11","0.17309262603521347","0.1664503514766693","0.17744044959545135","0.3003445267677307","0.28296908736228943","0.32340535521507263","0.30362777411937714","0.2827874422073364","0.336887001991272","2.067758798599243","1.8616952896118164","2.4660110473632812","1.5349161326885223","1.4578356742858887","1.706787109375"
"12","0.1689220517873764","0.16303816437721252","0.17361590266227722","0.27699561417102814","0.26930803060531616","0.29660356044769287","0.27870701998472214","0.26928460597991943","0.30370718240737915","2.1826092302799225","1.982822299003601","2.333298683166504","1.5306611061096191","1.500692367553711","1.5543212890625"
"13","0.1648148037493229","0.15850381553173065","0.17668864130973816","0.2566935382783413","0.24906258285045624","0.26785463094711304","0.2573629692196846","0.24902081489562988","0.2676967680454254","1.9856097996234894","1.7955595254898071","2.0906410217285156","1.4230235815048218","1.4100675582885742","1.4314930438995361"
"14","0.15082433074712753","0.1407182514667511","0.1604083627462387","0.2276827171444893","0.21428482234477997","0.24410155415534973","0.22812935337424278","0.21425208449363708","0.24626484513282776","1.6355100274085999","1.48823082447052","1.7701618671417236","1.36114501953125","1.3186814785003662","1.4000627994537354"
"15","0.14064671471714973","0.1374509185552597","0.1440427601337433","0.21342157945036888","0.20974358916282654","0.21592849493026733","0.2137376181781292","0.20953530073165894","0.21580985188484192","1.4776677191257477","1.1872056722640991","1.6376763582229614","1.4486032724380493","1.4217318296432495","1.4753468036651611"
"16","0.1528335139155388","0.13529112935066223","0.16543570160865784","0.2307739593088627","0.20860542356967926","0.24564975500106812","0.23102809861302376","0.21000151336193085","0.2455521672964096","1.318258821964264","1.015923023223877","1.603381872177124","1.3319549858570099","1.297653317451477","1.364168405532837"
"17","0.14367133378982544","0.13315953314304352","0.15309607982635498","0.21810375154018402","0.2016271948814392","0.2366752326488495","0.21856678649783134","0.20157106220722198","0.23877722024917603","1.2269276082515717","0.859605073928833","1.5179731845855713","1.3162482678890228","1.2864280939102173","1.392388939857483"
"18","0.14526911824941635","0.13283371925354004","0.15703585743904114","0.21694809943437576","0.20397748053073883","0.22960348427295685","0.21730529516935349","0.2057654708623886","0.22958198189735413","1.0982063114643097","0.9061568975448608","1.2574501037597656","1.3384051620960236","1.307929515838623","1.4010590314865112"
"19","0.1449894867837429","0.13413265347480774","0.15954551100730896","0.21771865710616112","0.20290565490722656","0.22941015660762787","0.21788759157061577","0.20280227065086365","0.22929280996322632","1.0147102773189545","0.9354958534240723","1.2062327861785889","1.330437809228897","1.2879997491836548","1.3805679082870483"
"20","0.14952628314495087","0.1406228244304657","0.15970143675804138","0.22236518189311028","0.20908255875110626","0.2377893030643463","0.22243043780326843","0.20898184180259705","0.23775625228881836","1.0059198290109634","0.9814136028289795","1.039386510848999","1.2805396020412445","1.2492051124572754","1.2958980798721313"
"21","0.14032525941729546","0.11626037955284119","0.16466224193572998","0.2072480022907257","0.17829957604408264","0.23468820750713348","0.2073022499680519","0.1787518858909607","0.23460586369037628","0.9694930762052536","0.8915895223617554","1.0387978553771973","1.366951584815979","1.2993910312652588","1.4148879051208496"
"22","0.14056606031954288","0.12415727227926254","0.1519385427236557","0.20879268273711205","0.189971923828125","0.2339443415403366","0.20872678607702255","0.1897856891155243","0.23408833146095276","0.9352648556232452","0.8786265254020691","0.9958052039146423","1.287006914615631","1.2661852836608887","1.3229753971099854"
"23","0.1416444554924965","0.12712562084197998","0.16036441922187805","0.20835041999816895","0.18978041410446167","0.22772414982318878","0.20817556977272034","0.1896868497133255","0.22759559750556946","0.9410576224327087","0.8706068396568298","0.9825416207313538","1.216355323791504","1.1891305446624756","1.2486696243286133"
"24","0.13884127885103226","0.12349028885364532","0.15062400698661804","0.20459738746285439","0.19155451655387878","0.2131941020488739","0.20435310527682304","0.19084566831588745","0.2131222039461136","0.9337643980979919","0.9226171970367432","0.9476086497306824","1.2854796051979065","1.2541167736053467","1.3239665031433105"
"25","0.13626213744282722","0.12972748279571533","0.14356547594070435","0.19846318662166595","0.18768805265426636","0.216558039188385","0.19818582758307457","0.18758419156074524","0.21566496789455414","0.9235913306474686","0.8767621517181396","0.9929311871528625","1.27511066198349","1.2205114364624023","1.3076804876327515"
"26","0.1328740417957306","0.13219305872917175","0.13337403535842896","0.19269761070609093","0.18853162229061127","0.19811519980430603","0.19249020144343376","0.18847355246543884","0.19747793674468994","0.8838030248880386","0.8690528869628906","0.8970193266868591","1.2608752846717834","1.2462942600250244","1.2885167598724365"
"27","0.12343651428818703","0.10056054592132568","0.13688886165618896","0.18150365725159645","0.15219205617904663","0.206158846616745","0.18142395839095116","0.15215755999088287","0.20609813928604126","0.8261707574129105","0.7518845796585083","0.8871344327926636","1.2025589346885681","1.1797606945037842","1.2212120294570923"
"28","0.1271097008138895","0.11080056428909302","0.15130016207695007","0.18205691128969193","0.1626242697238922","0.20879970490932465","0.1820889636874199","0.16252592206001282","0.2090756595134735","0.8310930579900742","0.7636809349060059","0.8893933892250061","1.2171984314918518","1.1801121234893799","1.2404181957244873"
"29","0.1140802651643753","0.1032596006989479","0.12144465744495392","0.16229532286524773","0.15333192050457","0.1700970083475113","0.16227460280060768","0.15327590703964233","0.1701313555240631","0.7674320340156555","0.732819139957428","0.7940608263015747","1.294491469860077","1.248100757598877","1.3200864791870117"
"30","0.11405631899833679","0.09508059173822403","0.13385269045829773","0.16258862242102623","0.14421498775482178","0.18428677320480347","0.16242709010839462","0.14357179403305054","0.18435192108154297","0.7692906111478806","0.7406657934188843","0.8054983019828796","1.2131944596767426","1.1980022192001343","1.2218931913375854"
"31","0.12119397707283497","0.11220157891511917","0.12894725799560547","0.17189014330506325","0.16626058518886566","0.18111594021320343","0.17190199717879295","0.1664007008075714","0.18113559484481812","0.7380037605762482","0.6851699352264404","0.7711873054504395","1.1687668859958649","1.1279761791229248","1.1957716941833496"
"32","0.11904418468475342","0.11238336563110352","0.12914620339870453","0.17109207436442375","0.15699976682662964","0.18316581845283508","0.17099476605653763","0.15687404572963715","0.1831124722957611","0.6989565193653107","0.6614481806755066","0.7240593433380127","1.1458323895931244","1.1392905712127686","1.1574387550354004"
"33","0.11617735400795937","0.10755082219839096","0.12189881503582001","0.16834842041134834","0.1584654003381729","0.1760922223329544","0.16818460077047348","0.15834271907806396","0.17600810527801514","0.686234176158905","0.6559302806854248","0.7360554933547974","1.1956817507743835","1.1493875980377197","1.2209854125976562"
"34","0.11396087147295475","0.10894607752561569","0.12306956946849823","0.16058839857578278","0.14858433604240417","0.17292800545692444","0.16033246740698814","0.14851970970630646","0.17288005352020264","0.6496841758489609","0.6109132170677185","0.6874912977218628","1.1621802151203156","1.1133636236190796","1.1816380023956299"
"35","0.1026749536395073","0.09614579379558563","0.11196060478687286","0.15221122652292252","0.14726445078849792","0.16116583347320557","0.15206728130578995","0.14679500460624695","0.1611437350511551","0.6333345025777817","0.5723733305931091","0.6861158013343811","1.19656640291214","1.1777496337890625","1.2077733278274536"
"36","0.10804862715303898","0.10079013556241989","0.1159219890832901","0.1556122750043869","0.15011075139045715","0.15897592902183533","0.15564791858196259","0.1500178724527359","0.15894266963005066","0.5937488377094269","0.5739380121231079","0.6185026168823242","1.1300776302814484","1.114467740058899","1.1434690952301025"
"37","0.10873799584805965","0.0994528979063034","0.11938146501779556","0.15732960775494576","0.1447477638721466","0.1694575399160385","0.15737302601337433","0.14462849497795105","0.16950562596321106","0.6053380370140076","0.5728228688240051","0.6695006489753723","1.1562861502170563","1.129324197769165","1.178184151649475"
"38","0.11448758095502853","0.10999906808137894","0.1195666715502739","0.1624242253601551","0.15231439471244812","0.1708458811044693","0.16232139244675636","0.15225932002067566","0.17071527242660522","0.6375032514333725","0.6163670420646667","0.6705127954483032","1.1499944031238556","1.1097151041030884","1.1824336051940918"
"39","0.1057360265403986","0.09676603972911835","0.11891680210828781","0.15059050917625427","0.139754980802536","0.16692042350769043","0.15054785087704659","0.13967713713645935","0.1670248657464981","0.5900556445121765","0.5352119207382202","0.6275517344474792","1.1369670629501343","1.1086559295654297","1.185982584953308"
"40","0.10426976531744003","0.10006719082593918","0.10874667763710022","0.14297213405370712","0.1365438997745514","0.14948579668998718","0.14284055307507515","0.136483833193779","0.14939093589782715","0.5626672208309174","0.5332353115081787","0.603549599647522","1.0551345944404602","1.0366156101226807","1.0726836919784546"
"41","0.10713180899620056","0.09968321025371552","0.11440795660018921","0.14601822197437286","0.13924643397331238","0.15241128206253052","0.14609252661466599","0.1395895779132843","0.15241238474845886","0.5693118125200272","0.5525018572807312","0.6020442247390747","1.090756505727768","1.0663912296295166","1.109146237373352"
"42","0.1055091954767704","0.09676873683929443","0.12162648141384125","0.14742403477430344","0.13748662173748016","0.16345159709453583","0.1474505066871643","0.13743646442890167","0.16335096955299377","0.5880872309207916","0.5614118576049805","0.6144092082977295","1.0983803272247314","1.0558180809020996","1.1458141803741455"
"43","0.09830048121511936","0.08721493929624557","0.11112745106220245","0.13276925683021545","0.11898437142372131","0.1464110016822815","0.1328112594783306","0.11932231485843658","0.14641651511192322","0.5261039286851883","0.5098268389701843","0.5598175525665283","1.0960206985473633","1.0753676891326904","1.1309109926223755"
"44","0.10354969650506973","0.09216511249542236","0.11651518940925598","0.1410117894411087","0.12844686210155487","0.15962938964366913","0.1409207135438919","0.12831252813339233","0.15958334505558014","0.5470895022153854","0.5159786343574524","0.5708755850791931","1.1049116551876068","1.076789379119873","1.129530429840088"
"45","0.10737327858805656","0.0991901084780693","0.1167391687631607","0.1454325094819069","0.13291333615779877","0.1573258936405182","0.1455891914665699","0.1337633728981018","0.15735375881195068","0.5745903551578522","0.534369707107544","0.5929685831069946","1.0783217549324036","1.0469608306884766","1.099149465560913"
"46","0.10008012130856514","0.09305963665246964","0.1054001897573471","0.13593494519591331","0.1259555220603943","0.14306055009365082","0.13604262098670006","0.12599384784698486","0.14365218579769135","0.5464719831943512","0.5076833963394165","0.5763634443283081","1.1161068677902222","1.0945757627487183","1.1286958456039429"
"47","0.10004976950585842","0.08090364187955856","0.11284488439559937","0.1340864710509777","0.1130281388759613","0.15134797990322113","0.13410962373018265","0.11301450431346893","0.1511806696653366","0.5292662009596825","0.4904370605945587","0.5741061568260193","1.0224290192127228","0.9816913604736328","1.0629980564117432"
"48","0.10364926047623158","0.09538194537162781","0.11353614926338196","0.13735130801796913","0.12310980260372162","0.15275636315345764","0.13753526657819748","0.12410001456737518","0.15259578824043274","0.5402466952800751","0.507451057434082","0.5790117979049683","1.0299621224403381","0.9947388172149658","1.0688388347625732"
"49","0.1113326083868742","0.10170111060142517","0.12165556848049164","0.14284536615014076","0.13207730650901794","0.1538061797618866","0.14270174130797386","0.1320485770702362","0.15355080366134644","0.5492476224899292","0.5379223823547363","0.564908504486084","1.0929954648017883","1.0755701065063477","1.1199356317520142"
"50","0.10304761305451393","0.09483521431684494","0.11737300455570221","0.13211123272776604","0.12271803617477417","0.1508951038122177","0.1322770081460476","0.1234733983874321","0.15093883872032166","0.5517504811286926","0.5286349654197693","0.5924028158187866","1.0937718152999878","1.0629535913467407","1.114750862121582"
"51","0.10460024327039719","0.09100189805030823","0.11256790161132812","0.13178100064396858","0.11932732164859772","0.1417020559310913","0.1319964937865734","0.11922489106655121","0.1416967362165451","0.5097174718976021","0.4887502193450928","0.5317425727844238","1.0214973092079163","0.9946742057800293","1.056389331817627"
"52","0.10588630475103855","0.09642980992794037","0.11614085733890533","0.13588600046932697","0.12284526973962784","0.1500086486339569","0.13584757968783379","0.12293645739555359","0.14993296563625336","0.5648345798254013","0.5390025973320007","0.5909565091133118","1.0126119554042816","0.9981427192687988","1.0303280353546143"
"53","0.10480010509490967","0.09853477776050568","0.1166759729385376","0.13167604058980942","0.12320342659950256","0.14357462525367737","0.1318301558494568","0.12398676574230194","0.14351682364940643","0.5510732531547546","0.5194190144538879","0.5945996046066284","1.0209845006465912","0.9951237440109253","1.058917760848999"
"54","0.1089088898152113","0.10206294804811478","0.12221409380435944","0.13552797585725784","0.1264067143201828","0.14857913553714752","0.13559898361563683","0.12653076648712158","0.14864785969257355","0.523991547524929","0.4766572415828705","0.5759235620498657","0.9924603402614594","0.9397084712982178","1.0163116455078125"
"55","0.10443218424916267","0.09627853333950043","0.1113186776638031","0.12942760437726974","0.12319910526275635","0.1372523158788681","0.12922275811433792","0.1230938583612442","0.13659705221652985","0.5428436696529388","0.5174978971481323","0.568657636642456","0.9504754841327667","0.9306661486625671","0.969775915145874"
"56","0.10344063118100166","0.09540882706642151","0.11528272926807404","0.1275516375899315","0.11522272229194641","0.1440693736076355","0.12747558392584324","0.11504904925823212","0.14412155747413635","0.5164999067783356","0.4945511817932129","0.5275753736495972","0.96153125166893","0.9150131940841675","0.9988611936569214"
"57","0.10354771465063095","0.09744596481323242","0.10979267954826355","0.12800265476107597","0.12067444622516632","0.13516299426555634","0.12793436832726002","0.1206451877951622","0.13528364896774292","0.518827885389328","0.49605661630630493","0.5594549775123596","1.008448988199234","0.9934368133544922","1.0430958271026611"
"58","0.09445535764098167","0.08848916739225388","0.1065458282828331","0.11604492366313934","0.10922271013259888","0.12791720032691956","0.11596078798174858","0.1091470718383789","0.12788903713226318","0.49748969078063965","0.46517935395240784","0.542289674282074","0.9670941829681396","0.9383081197738647","1.0181752443313599"
"59","0.1006426066160202","0.09102952480316162","0.10726329684257507","0.12085181660950184","0.1118793860077858","0.12826210260391235","0.12078115530312061","0.11176647245883942","0.1283688247203827","0.49704571813344955","0.4833180010318756","0.5081632733345032","0.9558220058679581","0.9355233311653137","1.0060032606124878"
"60","0.0952209085226059","0.08920720219612122","0.10504224896430969","0.11601680517196655","0.11103129386901855","0.1276075541973114","0.11600225418806076","0.11102114617824554","0.12751877307891846","0.4736466407775879","0.445692777633667","0.507247805595398","0.9605825692415237","0.9407645463943481","0.9915966987609863"
"61","0.10975279845297337","0.10072095692157745","0.12047341465950012","0.1328770574182272","0.1228872612118721","0.14749807119369507","0.13280582427978516","0.12285396456718445","0.1473734825849533","0.5396196246147156","0.5224951505661011","0.5780043601989746","1.0095233917236328","0.9772924184799194","1.0315512418746948"
"62","0.09386730007827282","0.08588600903749466","0.10143950581550598","0.11420986615121365","0.10647489875555038","0.12513884902000427","0.11415889114141464","0.106410451233387","0.125065416097641","0.4760292321443558","0.44408661127090454","0.5198730230331421","0.9384410530328751","0.9155209064483643","0.9675199389457703"
"63","0.1020777728408575","0.08924446254968643","0.11314710229635239","0.12193854339420795","0.10857434570789337","0.131565123796463","0.1218076515942812","0.10823839157819748","0.13141608238220215","0.48641104996204376","0.4650372266769409","0.52041095495224","0.9352667033672333","0.9212205410003662","0.9434757232666016"
"64","0.09867297857999802","0.08851835131645203","0.10889479517936707","0.11946859396994114","0.10728195309638977","0.1306939423084259","0.11934476718306541","0.1072029247879982","0.13076764345169067","0.4866044223308563","0.4513109624385834","0.5292584896087646","0.9111041277647018","0.8701631426811218","0.9448620080947876"
"65","0.09565279819071293","0.08918429166078568","0.09853082150220871","0.1136300191283226","0.10656771808862686","0.11742191016674042","0.11356930062174797","0.10627065598964691","0.117405965924263","0.46126630157232285","0.4500874876976013","0.4748453199863434","0.9180250912904739","0.906604528427124","0.929725170135498"
"66","0.09821978770196438","0.0811905786395073","0.1132856011390686","0.11607755348086357","0.09578974545001984","0.1345686912536621","0.1160162165760994","0.09575729817152023","0.13455072045326233","0.49265965074300766","0.4590337872505188","0.5394562482833862","0.933219850063324","0.9206207990646362","0.9604349732398987"
"67","0.09440217539668083","0.09017132222652435","0.09966196119785309","0.11209089308977127","0.10719560831785202","0.11862564086914062","0.11214463971555233","0.10721342265605927","0.11889886856079102","0.4825339838862419","0.46279963850975037","0.5028754472732544","0.9163347780704498","0.8980005383491516","0.93511962890625"
"68","0.10137093439698219","0.08265575021505356","0.11274364590644836","0.12027850560843945","0.10044818371534348","0.13521000742912292","0.12025756202638149","0.10059161484241486","0.13524210453033447","0.485115684568882","0.4494560658931732","0.50468510389328","0.8796328604221344","0.8584659099578857","0.9123950600624084"
"69","0.09968510642647743","0.08228455483913422","0.11580538749694824","0.11846683919429779","0.09998388588428497","0.1360345184803009","0.11854440905153751","0.09991562366485596","0.13608282804489136","0.47178297489881516","0.39589497447013855","0.5169015526771545","0.8659584373235703","0.8315767049789429","0.9015746712684631"
"70","0.10342974029481411","0.09794740378856659","0.10982376337051392","0.1225037220865488","0.11659258604049683","0.13021212816238403","0.1226190309971571","0.1166262999176979","0.1307407021522522","0.48694291710853577","0.4658389091491699","0.5173026919364929","0.9159047901630402","0.8894081711769104","0.9293245673179626"
"71","0.09888402931392193","0.08688142895698547","0.12228039652109146","0.11490939743816853","0.10211172699928284","0.1395256370306015","0.11500020325183868","0.10214477777481079","0.13973760604858398","0.4528350159525871","0.41025254130363464","0.5223271250724792","0.8933605998754501","0.8563931584358215","0.9215787053108215"
"72","0.09381099976599216","0.08628096431493759","0.10435589402914047","0.1110693458467722","0.10354033857584","0.12279459089040756","0.11088795214891434","0.10350450873374939","0.1221235916018486","0.4653514102101326","0.42013829946517944","0.48980918526649475","0.8920016437768936","0.8825124502182007","0.9035320281982422"
"73","0.092223284766078","0.0821118876338005","0.0981961265206337","0.10958739556372166","0.09532725811004639","0.11619701981544495","0.10948057286441326","0.09537748992443085","0.1161528006196022","0.4722195714712143","0.4500467777252197","0.49525532126426697","0.8398585021495819","0.7943260669708252","0.8700538873672485"
"74","0.09260548278689384","0.0863184779882431","0.10645202547311783","0.10908627137541771","0.10216178745031357","0.12394831329584122","0.10901677049696445","0.102144256234169","0.12399668246507645","0.4597063660621643","0.43054813146591187","0.4927815794944763","0.8697807043790817","0.8392892479896545","0.9026223421096802"
"75","0.09995424747467041","0.08660216629505157","0.10865361988544464","0.11716841347515583","0.10411015152931213","0.125625342130661","0.11709594912827015","0.10389511287212372","0.1255538910627365","0.4613371714949608","0.43096256256103516","0.48833394050598145","0.8024610430002213","0.7810490131378174","0.8258852958679199"
"76","0.0958356037735939","0.09062876552343369","0.10194475948810577","0.11248720623552799","0.10646034777164459","0.11703702062368393","0.11246680468320847","0.1064428836107254","0.11705802381038666","0.47767946124076843","0.4603571891784668","0.5001844763755798","0.8097416013479233","0.7933071851730347","0.8312854766845703"
"77","0.10358337499201298","0.0884808897972107","0.1260603368282318","0.11971723288297653","0.1043880432844162","0.14175260066986084","0.11964695528149605","0.1040879487991333","0.1417444348335266","0.48288460820913315","0.4272525906562805","0.5701282620429993","0.8684847205877304","0.8534854054450989","0.8943787813186646"
"78","0.09415899589657784","0.08798430114984512","0.10100878775119781","0.10890914313495159","0.10213617980480194","0.11445610970258713","0.10886314883828163","0.10199252516031265","0.11444275826215744","0.44966971129179","0.4284636378288269","0.46595871448516846","0.8912646621465683","0.858548641204834","0.9044678211212158"
"79","0.09742510691285133","0.09167058765888214","0.10340073704719543","0.11340209282934666","0.10892024636268616","0.11849848926067352","0.11317804455757141","0.10886936634778976","0.11838372051715851","0.4515678435564041","0.4294726550579071","0.4860656261444092","0.8242488950490952","0.796619176864624","0.8562631011009216"
"80","0.09170458652079105","0.08334826678037643","0.10478441417217255","0.10622365027666092","0.09955797344446182","0.11978349834680557","0.10602713003754616","0.09947167336940765","0.11916542053222656","0.4467756748199463","0.4124794006347656","0.4650023877620697","0.8183098435401917","0.7831790447235107","0.8624465465545654"
"81","0.0912924762815237","0.08318863809108734","0.09699089825153351","0.1064827349036932","0.09732081741094589","0.11339501291513443","0.10650376603007317","0.09748923778533936","0.1132843941450119","0.435497522354126","0.3968369960784912","0.4649311602115631","0.824539303779602","0.807785153388977","0.84555983543396"
"82","0.09298761747777462","0.08939056843519211","0.0960618183016777","0.10782073996961117","0.10487213730812073","0.11239014565944672","0.10779271647334099","0.10492486506700516","0.11215325444936752","0.4489588588476181","0.4200710356235504","0.4720808267593384","0.7972683310508728","0.7757472991943359","0.8154057264328003"
"83","0.09519524686038494","0.08758329600095749","0.09996417164802551","0.11099315248429775","0.10260485857725143","0.11736588180065155","0.11088068783283234","0.10265219211578369","0.1173151284456253","0.4489208906888962","0.43500155210494995","0.47139379382133484","0.8307025730609894","0.8078107833862305","0.8628090620040894"
"84","0.09365794248878956","0.08872552216053009","0.10017669200897217","0.10815006494522095","0.10188122093677521","0.11460258066654205","0.10816060937941074","0.10191798955202103","0.11479917168617249","0.43335552513599396","0.40597280859947205","0.45276525616645813","0.7390621453523636","0.7196831107139587","0.7520014643669128"
"85","0.10027892701327801","0.09511114656925201","0.1047254130244255","0.11622913926839828","0.10989664494991302","0.1213471069931984","0.1161919180303812","0.10997176915407181","0.1213812306523323","0.45482566207647324","0.425163209438324","0.4842422604560852","0.7877853214740753","0.7721902132034302","0.7982860803604126"
"86","0.0939791388809681","0.08770480751991272","0.09808175265789032","0.10908227041363716","0.1041073426604271","0.11422089487314224","0.10910976864397526","0.1041807234287262","0.11429004371166229","0.44300711154937744","0.41238850355148315","0.46957266330718994","0.7683148235082626","0.7556068301200867","0.7788203954696655"
"87","0.10037007741630077","0.08643560111522675","0.11659607291221619","0.11450034007430077","0.09928049147129059","0.13310456275939941","0.1145344227552414","0.09921193867921829","0.13307835161685944","0.46079421788454056","0.42929768562316895","0.5035098791122437","0.769273579120636","0.7606826424598694","0.781134843826294"
"88","0.09952164627611637","0.08727922290563583","0.11469876021146774","0.11393039487302303","0.09928464144468307","0.13164116442203522","0.11398455873131752","0.09926139563322067","0.13166457414627075","0.46596628427505493","0.42638641595840454","0.5046859383583069","0.7636359930038452","0.7547767162322998","0.7795717120170593"
"89","0.10607346892356873","0.09515120089054108","0.11992446333169937","0.12168400175869465","0.10800018161535263","0.1364232897758484","0.12163528241217136","0.10806626081466675","0.136320561170578","0.4699232205748558","0.4409511387348175","0.5058329701423645","0.7764792293310165","0.7531461119651794","0.7945690155029297"
"90","0.09680105745792389","0.08403534442186356","0.10993826389312744","0.11197362281382084","0.09857698529958725","0.12541985511779785","0.111991286277771","0.0984887182712555","0.12553651630878448","0.45473552495241165","0.3995833098888397","0.4830456078052521","0.8349615186452866","0.8238465785980225","0.8497138023376465"
"91","0.09460742771625519","0.0789632722735405","0.10940372198820114","0.10955171287059784","0.09370888024568558","0.1252264678478241","0.10942070558667183","0.09360647946596146","0.12522795796394348","0.4271606504917145","0.4111873209476471","0.4555630087852478","0.7278044819831848","0.7180167436599731","0.7491260170936584"
"92","0.08492964878678322","0.08050978183746338","0.09488457441329956","0.09829599596560001","0.09317219257354736","0.111079640686512","0.09813880361616611","0.09319902956485748","0.11051443219184875","0.42471009492874146","0.39444655179977417","0.4432344436645508","0.6945000737905502","0.6707299947738647","0.7108168005943298"
"93","0.09498283453285694","0.0874565988779068","0.10969110578298569","0.10998856648802757","0.10103902220726013","0.1251785159111023","0.10995170846581459","0.101033516228199","0.1253075897693634","0.4407944604754448","0.3916162848472595","0.4991709589958191","0.7280328273773193","0.7138333320617676","0.7473030686378479"
"94","0.1001129075884819","0.09130819141864777","0.11580581218004227","0.11426561139523983","0.10390493273735046","0.13521355390548706","0.11432118900120258","0.10392570495605469","0.13534243404865265","0.4401870146393776","0.39752820134162903","0.48059672117233276","0.7335927933454514","0.7015234231948853","0.7498869895935059"
"95","0.09535634890198708","0.0854264497756958","0.10118523240089417","0.10942232422530651","0.09813149273395538","0.11694319546222687","0.10940136574208736","0.098072350025177","0.11689842492341995","0.44628746062517166","0.43196168541908264","0.46407902240753174","0.7559842765331268","0.7166829109191895","0.7999218702316284"
"96","0.09303712099790573","0.08943796157836914","0.09651163220405579","0.10663185454905033","0.1028132513165474","0.11086976528167725","0.10649510286748409","0.10227152705192566","0.11097799986600876","0.4316972717642784","0.40777578949928284","0.454963356256485","0.7556893825531006","0.7425839304924011","0.7738044857978821"
"97","0.09029991179704666","0.0880465880036354","0.09495577216148376","0.10411190055310726","0.10048478841781616","0.1097707450389862","0.10395572893321514","0.10050377249717712","0.10921206325292587","0.43308452516794205","0.39294055104255676","0.45868730545043945","0.7126908600330353","0.6697899103164673","0.7500070929527283"
"98","0.08502952381968498","0.08162662386894226","0.09182967245578766","0.0993217434734106","0.09520311653614044","0.10833165049552917","0.09930465742945671","0.09520606696605682","0.10824690014123917","0.3948717713356018","0.3623793125152588","0.4139297604560852","0.7170512080192566","0.6933430433273315","0.7304698824882507"
"99","0.08952087722718716","0.08348309993743896","0.09801432490348816","0.10234892927110195","0.09568806737661362","0.11135029047727585","0.10235082358121872","0.09566337615251541","0.11158683151006699","0.3883780390024185","0.349944144487381","0.407612144947052","0.6702378839254379","0.6335469484329224","0.7001011967658997"
"100","0.10686256177723408","0.091390460729599","0.11989707499742508","0.12113512307405472","0.10566872358322144","0.1350182294845581","0.1212867870926857","0.10617852210998535","0.13502173125743866","0.44400469213724136","0.3985464572906494","0.520895779132843","0.7451186031103134","0.7120384573936462","0.7682119607925415"
"101","0.0984103623777628","0.09435921162366867","0.10744525492191315","0.11280697770416737","0.10879838466644287","0.12313983589410782","0.11280935257673264","0.10886932909488678","0.12319287657737732","0.4187198579311371","0.3829743564128876","0.4527951776981354","0.707451269030571","0.6819331049919128","0.754435658454895"
"102","0.09492745064198971","0.07801932096481323","0.11598293483257294","0.10802689753472805","0.09125062078237534","0.12937849760055542","0.10808740369975567","0.09131365269422531","0.12944090366363525","0.4169051721692085","0.3785575032234192","0.4870679974555969","0.6805279850959778","0.6733776330947876","0.6863367557525635"
"103","0.09585818462073803","0.08432216197252274","0.10691139101982117","0.10917510092258453","0.09580278396606445","0.12037354707717896","0.10917893797159195","0.09585891664028168","0.120293527841568","0.419009193778038","0.4041813015937805","0.452675461769104","0.6651823371648788","0.6393511295318604","0.6751484870910645"
"104","0.09138445928692818","0.08132335543632507","0.098704032599926","0.10623939521610737","0.09369869530200958","0.11518672108650208","0.10626535303890705","0.09377574175596237","0.11520728468894958","0.42747514694929123","0.36441168189048767","0.4611591398715973","0.6802443712949753","0.6459084749221802","0.7193636298179626"
"105","0.0918920673429966","0.08141306787729263","0.10499440133571625","0.10583256185054779","0.09399794787168503","0.11786273866891861","0.10572494566440582","0.09401077032089233","0.11780104041099548","0.4118388146162033","0.3531630337238312","0.46395617723464966","0.6672455966472626","0.650543212890625","0.6842441558837891"
"106","0.09568291902542114","0.08760827779769897","0.11430948227643967","0.10952786728739738","0.10208868235349655","0.12734609842300415","0.10935773886740208","0.101368747651577","0.12740367650985718","0.40755052864551544","0.3603156805038452","0.4768740236759186","0.6238505095243454","0.6058273911476135","0.6614643335342407"
"107","0.09008064679801464","0.06656923145055771","0.1029624491930008","0.10403945297002792","0.07879091054201126","0.11724240332841873","0.10416791588068008","0.07883214205503464","0.11742644011974335","0.4019473269581795","0.36597341299057007","0.4464973211288452","0.7025184333324432","0.6725379228591919","0.7529482245445251"
"108","0.09049323201179504","0.07741038501262665","0.10203151404857635","0.10348650440573692","0.08899255841970444","0.11542554199695587","0.10350563563406467","0.0892510935664177","0.1153433546423912","0.3925613835453987","0.35271626710891724","0.43273478746414185","0.6494337022304535","0.6077356338500977","0.6804392337799072"
"109","0.0967622883617878","0.09108582139015198","0.10394535213708878","0.10956065729260445","0.10348659753799438","0.11767203360795975","0.10951648838818073","0.1034654974937439","0.11751628667116165","0.4196219965815544","0.38903579115867615","0.4484330415725708","0.6583803445100784","0.6363497972488403","0.6902523636817932"
"110","0.10035522282123566","0.09339591860771179","0.104158915579319","0.11446847766637802","0.10708509385585785","0.11970952153205872","0.11453995108604431","0.10710667073726654","0.11990151554346085","0.41243113577365875","0.3629205822944641","0.43465274572372437","0.7137997448444366","0.6877453327178955","0.7490328550338745"
"111","0.09241968765854836","0.08467818051576614","0.0971362516283989","0.10457818023860455","0.09715631604194641","0.10845562815666199","0.10462949052453041","0.09713827818632126","0.10866322368383408","0.43300437182188034","0.3984775245189667","0.4598657488822937","0.6266949474811554","0.6056828498840332","0.6413305997848511"
"112","0.09463041834533215","0.07371683418750763","0.11016522347927094","0.10811394453048706","0.08556878566741943","0.12397179007530212","0.10827722772955894","0.08560742437839508","0.1239483654499054","0.42630572617053986","0.32623040676116943","0.5039587616920471","0.6450666785240173","0.6151093244552612","0.6637167930603027"
"113","0.10022015124559402","0.09378736466169357","0.10552962869405746","0.11342986859381199","0.1063411608338356","0.11972634494304657","0.11337031237781048","0.10639195144176483","0.12000053375959396","0.427125059068203","0.4064055383205414","0.46768033504486084","0.6694291085004807","0.6546497344970703","0.6987141966819763"
"114","0.08553944155573845","0.07185650616884232","0.0980960950255394","0.09771794639527798","0.08504009991884232","0.11092270910739899","0.09769604355096817","0.08486812561750412","0.1109314113855362","0.389490969479084","0.34376633167266846","0.43712419271469116","0.6043054610490799","0.5723140835762024","0.63377845287323"
"115","0.08985699340701103","0.07782582938671112","0.09690557420253754","0.1012495756149292","0.08900709450244904","0.1072109043598175","0.10125134512782097","0.08912565559148788","0.10720519721508026","0.38763898611068726","0.3527781367301941","0.42520803213119507","0.6524573415517807","0.6439585089683533","0.6603757739067078"
"116","0.08869129605591297","0.07070912420749664","0.10517178475856781","0.09982622973620892","0.07954303920269012","0.11898954212665558","0.09970040433108807","0.07952841371297836","0.11857126653194427","0.3841510936617851","0.34608376026153564","0.42207831144332886","0.6240551620721817","0.6050788164138794","0.6660929918289185"
"117","0.090241439640522","0.08070920407772064","0.10071492195129395","0.10191668756306171","0.09348569810390472","0.11158496141433716","0.10191445983946323","0.09349355101585388","0.11160264164209366","0.3849862813949585","0.3334096372127533","0.4299814999103546","0.6231803148984909","0.6012590527534485","0.649911642074585"
"118","0.08542034961283207","0.07771580666303635","0.09225109219551086","0.09695217572152615","0.08846138417720795","0.1041475459933281","0.09704707190394402","0.08887381851673126","0.10421741753816605","0.37037942558526993","0.3306995630264282","0.4252476990222931","0.6009764820337296","0.5744202136993408","0.6394798159599304"
"119","0.09295850619673729","0.0854647159576416","0.09833388030529022","0.10451909340918064","0.09884405136108398","0.11022885888814926","0.1045460943132639","0.09880322962999344","0.11030673235654831","0.39634788781404495","0.33727386593818665","0.44819003343582153","0.6026062816381454","0.584688127040863","0.6270568370819092"
"120","0.08948957547545433","0.07772870361804962","0.09461560845375061","0.10087643563747406","0.0872265174984932","0.10833872854709625","0.10088864900171757","0.08726105839014053","0.10838599503040314","0.3844258412718773","0.3531230092048645","0.4261648654937744","0.6403840035200119","0.6245162487030029","0.6648163795471191"
"121","0.09344917349517345","0.08640173077583313","0.10660560429096222","0.10512318462133408","0.09702492505311966","0.11729472875595093","0.10507941246032715","0.0971074253320694","0.1173190325498581","0.39733705669641495","0.32692375779151917","0.485800176858902","0.619293212890625","0.5888378024101257","0.6410712003707886"
"122","0.10091262683272362","0.09510327875614166","0.1035289540886879","0.11277727410197258","0.10771298408508301","0.11625243723392487","0.11270176619291306","0.10724571347236633","0.11621880531311035","0.4034646227955818","0.3581405580043793","0.4482020139694214","0.5804227143526077","0.5654981732368469","0.6081275939941406"
"123","0.08820677548646927","0.08478350192308426","0.09283305704593658","0.09917962923645973","0.09449601173400879","0.10412144660949707","0.09928702749311924","0.09482055902481079","0.10411036014556885","0.3887053430080414","0.3355545103549957","0.4364229440689087","0.6227889955043793","0.6050305962562561","0.6438161730766296"
"124","0.09610887058079243","0.08688457310199738","0.11083927750587463","0.11023200675845146","0.09894311428070068","0.12700748443603516","0.11028030514717102","0.09896595776081085","0.12700504064559937","0.41769371181726456","0.39087408781051636","0.43984878063201904","0.628932535648346","0.5998722314834595","0.689795970916748"
"125","0.09129256196320057","0.07634326815605164","0.10585133731365204","0.10226017236709595","0.08745905011892319","0.11642254143953323","0.1021392922848463","0.08751660585403442","0.11641906201839447","0.3855738714337349","0.3570348024368286","0.41732341051101685","0.555719792842865","0.5415441989898682","0.5754368901252747"
"126","0.09898005239665508","0.0844467431306839","0.1102413535118103","0.10985912010073662","0.09444896876811981","0.1208721399307251","0.10982862114906311","0.09429658949375153","0.12091727554798126","0.4015626981854439","0.34895429015159607","0.45777538418769836","0.6057291030883789","0.563875675201416","0.632200300693512"
"127","0.10217281803488731","0.0911131501197815","0.10942700505256653","0.11409828998148441","0.10353977978229523","0.12133412063121796","0.1139990296214819","0.10349789261817932","0.12126731872558594","0.37317774444818497","0.3332711458206177","0.40360718965530396","0.5647491663694382","0.5285748839378357","0.5859535336494446"
"128","0.08730942755937576","0.08159712702035904","0.09422171115875244","0.09780332259833813","0.09126301109790802","0.10679628700017929","0.0979460496455431","0.09128406643867493","0.10683014243841171","0.36866503208875656","0.34292829036712646","0.41681990027427673","0.5755746811628342","0.5638045072555542","0.590165376663208"
"129","0.08551639318466187","0.0782337486743927","0.09271553158760071","0.09585868380963802","0.08921830356121063","0.10406707972288132","0.09587561152875423","0.08925621956586838","0.10403865575790405","0.35341254621744156","0.2987299859523773","0.3961248993873596","0.5352682322263718","0.5055223703384399","0.5538794994354248"
"130","0.08161763846874237","0.07473517954349518","0.08717898279428482","0.091429328545928","0.08395148813724518","0.0956665426492691","0.09142431803047657","0.08401035517454147","0.09574012458324432","0.342886783182621","0.3267455995082855","0.3653408885002136","0.5453980714082718","0.5242090225219727","0.5640922784805298"
"131","0.08718546107411385","0.07493572682142258","0.09922079741954803","0.09809322841465473","0.08557097613811493","0.10978977382183075","0.09804117307066917","0.08541834354400635","0.1098623275756836","0.36328835785388947","0.30029669404029846","0.4234098494052887","0.5540318936109543","0.5317704081535339","0.594518780708313"
"132","0.08745310269296169","0.07583394646644592","0.09372026473283768","0.09840971417725086","0.08490195870399475","0.10646332055330276","0.09817897528409958","0.08490203320980072","0.10558438301086426","0.35406771302223206","0.3178551197052002","0.3950456380844116","0.49350784718990326","0.48116356134414673","0.510382890701294"
"133","0.09125983715057373","0.08712694048881531","0.09993123263120651","0.10139789991080761","0.09570866823196411","0.10839936137199402","0.10146616213023663","0.09557658433914185","0.1084008738398552","0.3778451085090637","0.3279387354850769","0.4531605541706085","0.558422401547432","0.5256626605987549","0.5794612169265747"
"134","0.09871731325984001","0.08436243236064911","0.11861774325370789","0.11023169197142124","0.09628299623727798","0.13134759664535522","0.11032528430223465","0.09629592299461365","0.13145001232624054","0.3830622509121895","0.30737772583961487","0.46424412727355957","0.564868375658989","0.5406413078308105","0.6117860078811646"
"135","0.0890540573745966","0.08215615153312683","0.09697361290454865","0.09977903217077255","0.09341269731521606","0.10770119726657867","0.09986758232116699","0.09370902180671692","0.1077306941151619","0.3758333846926689","0.32754772901535034","0.42295151948928833","0.5620165020227432","0.5360351204872131","0.5927056074142456"
"136","0.08807611465454102","0.08662572503089905","0.08959179371595383","0.09961451403796673","0.09687435626983643","0.10176565498113632","0.09963565692305565","0.09684532880783081","0.10184262692928314","0.36224257200956345","0.323186457157135","0.39752069115638733","0.4954424351453781","0.47996169328689575","0.5195622444152832"
"137","0.09408758208155632","0.08448560535907745","0.11070626974105835","0.1046617366373539","0.09594758599996567","0.12046848982572556","0.10461524687707424","0.09577789157629013","0.1205124706029892","0.3682320788502693","0.33647555112838745","0.3922055661678314","0.5219418555498123","0.5149936676025391","0.5303432941436768"
"138","0.09006028063595295","0.08394846320152283","0.09951566159725189","0.10103110410273075","0.09400403499603271","0.1112392470240593","0.10102355107665062","0.09404624253511429","0.11109238117933273","0.3629908785223961","0.3190114498138428","0.4143424332141876","0.5417104959487915","0.5221944451332092","0.5610360503196716"
"139","0.08548425137996674","0.07232758402824402","0.09147553890943527","0.09615153260529041","0.0818772241473198","0.10307753831148148","0.09606698900461197","0.08191753923892975","0.10270733386278152","0.35102616995573044","0.2885216176509857","0.3900035321712494","0.5368010550737381","0.5278161764144897","0.5517972707748413"
"141","0.09210897237062454","0.08124521374702454","0.10518127679824829","0.10188625007867813","0.09151554107666016","0.11443141102790833","0.10187931545078754","0.09145621210336685","0.11449705809354782","0.3527254983782768","0.3213278651237488","0.4074701964855194","0.5397203266620636","0.5245051383972168","0.5662622451782227"
"142","0.10264946706593037","0.08267150819301605","0.1194552481174469","0.11415373720228672","0.09318375587463379","0.1316041350364685","0.11397214233875275","0.09331469237804413","0.13073204457759857","0.383696474134922","0.34134823083877563","0.43851861357688904","0.5344414561986923","0.5068478584289551","0.5793138742446899"
"143","0.08560864813625813","0.082538902759552","0.08957263827323914","0.09597120434045792","0.09137833118438721","0.10162679105997086","0.09600203484296799","0.09143240749835968","0.10151848196983337","0.34558529406785965","0.304767370223999","0.4007096588611603","0.5078671276569366","0.4931708574295044","0.5228620767593384"
"144","0.09133416600525379","0.0831165686249733","0.1043844223022461","0.10128538310527802","0.0920117124915123","0.1154572069644928","0.10128078795969486","0.092039555311203","0.11541632562875748","0.3558235168457031","0.3350147306919098","0.3900265097618103","0.5085114017128944","0.49061283469200134","0.5294027328491211"
"145","0.09702528454363346","0.08470536023378372","0.11181388795375824","0.10729405842721462","0.09615898132324219","0.11958645284175873","0.10726495459675789","0.0961536169052124","0.11966437846422195","0.3615150824189186","0.3203888535499573","0.41701287031173706","0.5126219093799591","0.4968649446964264","0.5375783443450928"
"146","0.09264748357236385","0.08601275831460953","0.09875772148370743","0.1022626031190157","0.0966799333691597","0.10741138458251953","0.10234109126031399","0.09683258831501007","0.10740558058023453","0.3629153072834015","0.3181520700454712","0.3946976661682129","0.5126114934682846","0.5094850063323975","0.5142646431922913"
"147","0.08700000494718552","0.08235234767198563","0.0912984237074852","0.09752729721367359","0.09036436676979065","0.10490944981575012","0.09754488430917263","0.09040622413158417","0.10504943132400513","0.33420923352241516","0.29919394850730896","0.347138375043869","0.5051367804408073","0.49684929847717285","0.516344428062439"
"148","0.08535587042570114","0.08233852684497833","0.08702924847602844","0.09637605585157871","0.09468800574541092","0.09859080612659454","0.09632456302642822","0.09429905563592911","0.09866814315319061","0.3657299727201462","0.31316083669662476","0.40717560052871704","0.4936893582344055","0.48596400022506714","0.5030125379562378"
"149","0.09266875870525837","0.07315424829721451","0.10643219202756882","0.10282325185835361","0.0823996290564537","0.11610770225524902","0.10272926464676857","0.08240897208452225","0.11613725125789642","0.3601933419704437","0.33760690689086914","0.40569376945495605","0.49752070009708405","0.47378528118133545","0.5082842707633972"
"150","0.0879486296325922","0.07876365631818771","0.09263619780540466","0.0968573298305273","0.08924983441829681","0.10421702265739441","0.09693233296275139","0.0893002524971962","0.10429108142852783","0.3415607884526253","0.29590970277786255","0.39358288049697876","0.49298055469989777","0.47726699709892273","0.5172626376152039"
"151","0.0925905667245388","0.07597337663173676","0.10553650557994843","0.10224991291761398","0.08512302488088608","0.11716633290052414","0.10226296819746494","0.08532833307981491","0.11709186434745789","0.35690784454345703","0.2962397038936615","0.4060138463973999","0.5220235139131546","0.4955928325653076","0.5518617033958435"
"152","0.09137953445315361","0.08914164453744888","0.09295394271612167","0.10026208125054836","0.09662406146526337","0.10359463840723038","0.10025476105511189","0.09656389057636261","0.10359752178192139","0.33595114946365356","0.27807971835136414","0.3741599917411804","0.5033823028206825","0.48177000880241394","0.5407379865646362"
"153","0.08867028169333935","0.08034439384937286","0.10065963864326477","0.0975897815078497","0.08910754323005676","0.11095499992370605","0.09764713607728481","0.08914989978075027","0.1110692247748375","0.34217748790979385","0.30111587047576904","0.3743620216846466","0.4932737946510315","0.48686856031417847","0.4995633065700531"
"154","0.09713835641741753","0.0898536816239357","0.10698570311069489","0.1072737518697977","0.09965478628873825","0.11780519783496857","0.1072631161659956","0.09958463907241821","0.11773660778999329","0.3733861744403839","0.3058616518974304","0.44760972261428833","0.5040926486253738","0.47789302468299866","0.5272612571716309"
"155","0.09281043149530888","0.0842360407114029","0.09805162250995636","0.10399641282856464","0.0942741185426712","0.11012834310531616","0.10396010056138039","0.0942731574177742","0.11006045341491699","0.3653952479362488","0.32501494884490967","0.4027455747127533","0.49426279217004776","0.47515496611595154","0.5168213844299316"
"156","0.10866883024573326","0.09293229132890701","0.12232986837625504","0.11888491176068783","0.10152572393417358","0.13335256278514862","0.11883134581148624","0.10152102261781693","0.13333573937416077","0.3905715122818947","0.30781006813049316","0.4422767162322998","0.513744980096817","0.48885953426361084","0.5320286750793457"
"157","0.08312838897109032","0.07295367121696472","0.09676794707775116","0.09184884279966354","0.08134377002716064","0.10696367919445038","0.09196855314075947","0.08125926554203033","0.10695865005254745","0.3100113198161125","0.2864733338356018","0.3417842984199524","0.46927377581596375","0.44435036182403564","0.4922921061515808"
"158","0.09622671827673912","0.08551744371652603","0.10538300126791","0.10567067749798298","0.09520111978054047","0.11541788280010223","0.10553883016109467","0.09505786001682281","0.11532125622034073","0.3488865867257118","0.2825315594673157","0.42929279804229736","0.4533509239554405","0.3988986611366272","0.4771667718887329"
"159","0.08578400127589703","0.07838684320449829","0.09092265367507935","0.09478685259819031","0.08804820477962494","0.09930775314569473","0.09465160965919495","0.0877150148153305","0.09924422204494476","0.3274897262454033","0.29052644968032837","0.3758489787578583","0.4708217680454254","0.45584750175476074","0.4910145699977875"
"160","0.09172611311078072","0.07923267781734467","0.10071258246898651","0.10021113976836205","0.08875848352909088","0.11183762550354004","0.10016835294663906","0.08855229616165161","0.111878901720047","0.34229573607444763","0.2963906526565552","0.38598236441612244","0.49211251735687256","0.4556392431259155","0.5128880143165588"
"161","0.08753107860684395","0.07933129370212555","0.09142304956912994","0.0961486641317606","0.0883050411939621","0.10088146477937698","0.09608365595340729","0.08839483559131622","0.10053019225597382","0.3314395099878311","0.27734240889549255","0.39184367656707764","0.44992928951978683","0.43045753240585327","0.46633589267730713"
"162","0.09137908183038235","0.08469957113265991","0.10444340854883194","0.10105721838772297","0.09317417442798615","0.11469582468271255","0.10094358958303928","0.092717245221138","0.11459242552518845","0.33967213332653046","0.30143195390701294","0.3915419280529022","0.46824026107788086","0.44982847571372986","0.48150187730789185"
"163","0.08928865566849709","0.08212671428918839","0.09666553884744644","0.09734025225043297","0.08808223158121109","0.1060618981719017","0.09744012914597988","0.08817130327224731","0.10611698776483536","0.32596616446971893","0.24904873967170715","0.37471774220466614","0.4160720854997635","0.38927093148231506","0.44843316078186035"
"164","0.09849201701581478","0.09069801867008209","0.10164661705493927","0.1078048050403595","0.10122828185558319","0.11072757840156555","0.10789388231933117","0.10114917159080505","0.11098790913820267","0.34696992486715317","0.29382023215293884","0.3945573568344116","0.44894084334373474","0.4351387023925781","0.46368205547332764"
"165","0.08688179589807987","0.07715700566768646","0.0947619155049324","0.09599946811795235","0.08412892371416092","0.10463818907737732","0.09592378884553909","0.08410771191120148","0.10431424528360367","0.3266206532716751","0.2859932780265808","0.3612443804740906","0.46434323489665985","0.4296107590198517","0.5041439533233643"
"166","0.09240399487316608","0.08376628905534744","0.10463151335716248","0.10114703513681889","0.0915018618106842","0.1158255934715271","0.10114642046391964","0.09153048694133759","0.11575046926736832","0.3375425264239311","0.27589261531829834","0.37282195687294006","0.4423409402370453","0.42414236068725586","0.47939687967300415"
"167","0.10195735283195972","0.09478868544101715","0.11595604568719864","0.11178576387465","0.10523688048124313","0.12680761516094208","0.1117185615003109","0.10492394864559174","0.12680691480636597","0.3641374260187149","0.30588874220848083","0.4333950877189636","0.46311911940574646","0.43752241134643555","0.49701249599456787"
"168","0.09362255409359932","0.0905466377735138","0.09762904793024063","0.10232681594789028","0.09841842204332352","0.10459715127944946","0.10222836211323738","0.09852203726768494","0.10468993335962296","0.32978737354278564","0.2909656763076782","0.38303589820861816","0.445721335709095","0.4359073340892792","0.4547715187072754"
"169","0.09352551214396954","0.07759104669094086","0.10501983761787415","0.1027551218867302","0.08562599867582321","0.11520324647426605","0.10271033458411694","0.08562413603067398","0.11518979072570801","0.34076330810785294","0.2934165298938751","0.43698379397392273","0.4470540061593056","0.41001465916633606","0.4859701991081238"
"170","0.09366310387849808","0.08361266553401947","0.11500176787376404","0.10233849100768566","0.090871661901474","0.12331728637218475","0.10230959951877594","0.0908958688378334","0.12340765446424484","0.34420793503522873","0.2871221899986267","0.42895904183387756","0.45648230612277985","0.4234282076358795","0.4764060974121094"
"171","0.09089562855660915","0.08271654695272446","0.09644640982151031","0.09957242198288441","0.09162123501300812","0.10704248398542404","0.09947263076901436","0.09133506566286087","0.10703633725643158","0.33690745383501053","0.27503538131713867","0.39371511340141296","0.4607040211558342","0.4356127977371216","0.4756210148334503"
"172","0.09651061706244946","0.08928535133600235","0.10688881576061249","0.10475418344140053","0.09908586740493774","0.11446714401245117","0.10483602620661259","0.0991562008857727","0.1144581139087677","0.33866775780916214","0.2755565941333771","0.41588491201400757","0.467062346637249","0.42682701349258423","0.49511486291885376"
"173","0.0894628707319498","0.08503755182027817","0.09367384761571884","0.09767429903149605","0.09330496191978455","0.10273800045251846","0.09775299578905106","0.09334258735179901","0.10281646251678467","0.320992186665535","0.26603859663009644","0.36571821570396423","0.4213761240243912","0.41521942615509033","0.4240163564682007"
"174","0.09110240079462528","0.08579631894826889","0.0971364825963974","0.09925538301467896","0.0904449075460434","0.10794834792613983","0.09909508563578129","0.0904296487569809","0.10793773829936981","0.3236546851694584","0.2497284859418869","0.3855997920036316","0.41301148384809494","0.40471115708351135","0.42256492376327515"
"175","0.09785664640367031","0.08422063291072845","0.1199427917599678","0.10692634992301464","0.0923408567905426","0.12730810046195984","0.10698277689516544","0.09256875514984131","0.12725795805454254","0.33601078391075134","0.26327988505363464","0.4137742221355438","0.4286132827401161","0.39419883489608765","0.46631094813346863"
"176","0.08306758105754852","0.07448744028806686","0.0889575332403183","0.0916190817952156","0.08241073787212372","0.09927172213792801","0.09153613075613976","0.0824991762638092","0.0992211103439331","0.3019483685493469","0.25718289613723755","0.34638625383377075","0.4200662299990654","0.40920141339302063","0.4285218119621277"
"177","0.09179776161909103","0.08551569283008575","0.09762782603502274","0.09956625290215015","0.09392551332712173","0.10452303290367126","0.09956295788288116","0.09372387826442719","0.10461248457431793","0.32216184586286545","0.2692820429801941","0.3780302405357361","0.4224417805671692","0.4195522367954254","0.4247771203517914"
"178","0.09220054186880589","0.08419711887836456","0.09687239676713943","0.10057354904711246","0.09274771064519882","0.10418415069580078","0.1005169153213501","0.09278454631567001","0.10425691306591034","0.3291522040963173","0.2868085205554962","0.3810993432998657","0.4212317392230034","0.41095101833343506","0.43086951971054077"
"179","0.09087849222123623","0.08951874077320099","0.09433435648679733","0.09867037832736969","0.09701690077781677","0.102707639336586","0.09861576184630394","0.09700432419776917","0.10270780324935913","0.32948874682188034","0.28500255942344666","0.3788529634475708","0.4428418204188347","0.43190351128578186","0.46380189061164856"
"180","0.0892849937081337","0.07976655662059784","0.10562151670455933","0.09662810899317265","0.08922901749610901","0.1117769181728363","0.09659772925078869","0.08930616080760956","0.11180386692285538","0.333637073636055","0.26115524768829346","0.4108392596244812","0.43225017189979553","0.41859909892082214","0.4588739275932312"
"181","0.09400827996432781","0.08784519881010056","0.10167574882507324","0.10233636014163494","0.09596129506826401","0.11129117012023926","0.102263318374753","0.095763199031353","0.11129182577133179","0.330658882856369","0.2537759840488434","0.40365883708000183","0.43299783021211624","0.4059521555900574","0.4591621458530426"
"182","0.09999418631196022","0.09310653805732727","0.10857409238815308","0.10776411928236485","0.09993995726108551","0.11717787384986877","0.10771265253424644","0.09998910874128342","0.11676870286464691","0.345095731317997","0.27018311619758606","0.4155438542366028","0.4278099536895752","0.4021960496902466","0.4641146659851074"
"183","0.09262415021657944","0.07630486786365509","0.11175788938999176","0.10022053308784962","0.08331035077571869","0.11931163817644119","0.10022641718387604","0.08324719965457916","0.1193186342716217","0.3204895481467247","0.2668856084346771","0.3903670012950897","0.4169819951057434","0.3687480092048645","0.4463782012462616"
"184","0.1062338724732399","0.09420943260192871","0.12135933339595795","0.11391261965036392","0.10234715044498444","0.13009074330329895","0.11396771669387817","0.1023201197385788","0.1299874186515808","0.3619939535856247","0.296330988407135","0.43951117992401123","0.45833319425582886","0.4195045828819275","0.4870479702949524"
"185","0.09364915266633034","0.08820031583309174","0.09929286688566208","0.10126044042408466","0.09562948346138","0.10602715611457825","0.10132163017988205","0.09563139081001282","0.10611313581466675","0.32618744671344757","0.260414719581604","0.3931947648525238","0.4045274332165718","0.3867104649543762","0.42092493176460266"
"186","0.08046177588403225","0.07203659415245056","0.09018148481845856","0.08813911117613316","0.07930634915828705","0.0981779620051384","0.08821997605264187","0.07937338948249817","0.09815813601016998","0.30376508459448814","0.24959494173526764","0.37178176641464233","0.39835042506456375","0.367928683757782","0.416474848985672"
"187","0.0881720744073391","0.07693086564540863","0.10324883460998535","0.09642686322331429","0.08465367555618286","0.11032689362764359","0.09639025665819645","0.08459373563528061","0.11035014688968658","0.32244326174259186","0.26176804304122925","0.3992425799369812","0.39658547192811966","0.38003483414649963","0.412368506193161"
"188","0.08577180281281471","0.07810521125793457","0.09394395351409912","0.0938646923750639","0.08614413440227509","0.10167504847049713","0.09374494850635529","0.08602157235145569","0.10172145813703537","0.31183086335659027","0.27780309319496155","0.3506702482700348","0.4152039512991905","0.3785621225833893","0.4368129074573517"
"189","0.09401964396238327","0.07998137921094894","0.10458403080701828","0.10205006413161755","0.08636997640132904","0.11338338255882263","0.10196196474134922","0.0861821249127388","0.11341934651136398","0.31618837267160416","0.2535143494606018","0.386340856552124","0.4064674749970436","0.3895258903503418","0.4453974664211273"
"190","0.08910988457500935","0.07590760290622711","0.09953784942626953","0.0970546118915081","0.08321952819824219","0.10783889144659042","0.09691319987177849","0.08317966014146805","0.10721812397241592","0.3026636391878128","0.27115923166275024","0.3374772369861603","0.4101610630750656","0.39326587319374084","0.41987645626068115"
"191","0.09615110605955124","0.0873856469988823","0.10379618406295776","0.10370521061122417","0.0952955111861229","0.11115096509456635","0.10369440540671349","0.09515033662319183","0.11107403039932251","0.3142213821411133","0.2622080445289612","0.3734029531478882","0.3890676945447922","0.38339096307754517","0.39729568362236023"
"192","0.08327784761786461","0.07949110120534897","0.09126424044370651","0.09052585996687412","0.08638732135295868","0.09986228495836258","0.09048130176961422","0.08639636635780334","0.09982851892709732","0.31093695387244225","0.23793108761310577","0.36842286586761475","0.37811295688152313","0.34852442145347595","0.3964399993419647"
"193","0.09560242295265198","0.07246178388595581","0.10557553172111511","0.1032909955829382","0.08054742217063904","0.11345283687114716","0.10326609387993813","0.08052980899810791","0.11349646747112274","0.3134573809802532","0.20891176164150238","0.3983291685581207","0.40377476066350937","0.36189672350883484","0.4422825574874878"
"194","0.09189695678651333","0.07383232563734055","0.11238542199134827","0.09951101429760456","0.08162595331668854","0.12053397297859192","0.09935010969638824","0.08082496374845505","0.12053193897008896","0.30573616921901703","0.24058771133422852","0.3889009356498718","0.38179437071084976","0.3488020896911621","0.4383729100227356"
"195","0.08454076200723648","0.07734090089797974","0.10189494490623474","0.09194177389144897","0.08404792845249176","0.10974803566932678","0.09172609820961952","0.08408643305301666","0.10972680896520615","0.3094881772994995","0.25946852564811707","0.3442268371582031","0.4096725285053253","0.3863993287086487","0.4697222113609314"
"196","0.09746027737855911","0.09071022272109985","0.10265525430440903","0.10485293343663216","0.09747512638568878","0.1106787770986557","0.10475369915366173","0.0970291942358017","0.1107010543346405","0.32790033519268036","0.26356756687164307","0.39339402318000793","0.39236657321453094","0.37790071964263916","0.4049922227859497"
"197","0.08329148590564728","0.07544606178998947","0.09670990705490112","0.09089038148522377","0.08171598613262177","0.10494770109653473","0.09086504019796848","0.08181466162204742","0.10479685664176941","0.30118370428681374","0.2459067851305008","0.36519020795822144","0.38055427372455597","0.3577544093132019","0.39056795835494995"
"198","0.08661211095750332","0.07822316884994507","0.09281431138515472","0.09366433508694172","0.08599361032247543","0.09996286034584045","0.09355376474559307","0.08602409064769745","0.10002260655164719","0.3017326667904854","0.23196879029273987","0.36168572306632996","0.3803449496626854","0.3638869524002075","0.40442854166030884"
"199","0.09376905485987663","0.08654411137104034","0.10345901548862457","0.10142505913972855","0.09279036521911621","0.11006776988506317","0.10150807350873947","0.0928177535533905","0.11011943221092224","0.3239078149199486","0.27061888575553894","0.38888251781463623","0.3883902281522751","0.37446343898773193","0.40103060007095337"
"200","0.10200342163443565","0.09263655543327332","0.11218027025461197","0.10969511605799198","0.09907923638820648","0.12114624679088593","0.10961395315825939","0.09909932315349579","0.12115718424320221","0.32885417342185974","0.25888344645500183","0.3997138440608978","0.4108003005385399","0.3821335732936859","0.43745356798171997"
"201","0.09835354425013065","0.08239304274320602","0.12200270593166351","0.10540183633565903","0.08849678188562393","0.12863196432590485","0.10545461997389793","0.0886191874742508","0.12867413461208344","0.3280230015516281","0.2674858570098877","0.3805990219116211","0.40531446039676666","0.37808170914649963","0.4441131055355072"
"202","0.08995195291936398","0.08149675279855728","0.1021462231874466","0.09613211825489998","0.08773890882730484","0.10873028635978699","0.09611055813729763","0.08760301023721695","0.10872454941272736","0.30432701110839844","0.2391532063484192","0.3912302553653717","0.3754500523209572","0.3672446310520172","0.38555967807769775"
"203","0.08802431263029575","0.08039657026529312","0.09472792595624924","0.09449762850999832","0.0861564353108406","0.10210876911878586","0.09446250274777412","0.08606524020433426","0.10205778479576111","0.30285460129380226","0.22844906151294708","0.3861180543899536","0.39864979684352875","0.37080898880958557","0.42709165811538696"
"204","0.08845404908061028","0.07555267214775085","0.11720577627420425","0.09576717019081116","0.08268164098262787","0.12399488687515259","0.09558570757508278","0.08270345628261566","0.12399495393037796","0.29389433190226555","0.2275373488664627","0.3277287781238556","0.3610031381249428","0.33713769912719727","0.40130162239074707"
"205","0.08913026191294193","0.07839776575565338","0.10206269472837448","0.09517103433609009","0.08338384330272675","0.10860030353069305","0.09511296451091766","0.08338652551174164","0.10853487253189087","0.30211689323186874","0.2529832720756531","0.3721819519996643","0.39569759368896484","0.39145463705062866","0.40067678689956665"
"206","0.09346364438533783","0.08967458456754684","0.09911026060581207","0.10048836097121239","0.09605776518583298","0.10650131106376648","0.1004076637327671","0.09618125110864639","0.10650366544723511","0.30632859468460083","0.23809075355529785","0.381679892539978","0.3923528268933296","0.3680579364299774","0.4039462208747864"
"207","0.1007455624639988","0.08117074519395828","0.11427713930606842","0.10703723318874836","0.08752904087305069","0.12049372494220734","0.10691972821950912","0.0871877521276474","0.12052717804908752","0.3177417442202568","0.22858434915542603","0.3925815224647522","0.40052779018878937","0.3701629340648651","0.4156244099140167"
"208","0.10019383579492569","0.09262923896312714","0.1148681640625","0.10701228678226471","0.09955380856990814","0.12132612615823746","0.10714281164109707","0.09968365728855133","0.12127111107110977","0.3178269490599632","0.264419287443161","0.3693367540836334","0.39779622852802277","0.37672242522239685","0.413540780544281"
"209","0.08775651268661022","0.07510064542293549","0.0990762859582901","0.094484718516469","0.08203008025884628","0.10473113507032394","0.09440094046294689","0.08208160847425461","0.1046786978840828","0.299836240708828","0.23918810486793518","0.36091524362564087","0.35996925085783005","0.3357716500759125","0.38101619482040405"
"210","0.09374213218688965","0.07256892323493958","0.11527877300977707","0.09972237981855869","0.07767268270254135","0.12299445271492004","0.09968988038599491","0.07762271165847778","0.12320263683795929","0.3067990317940712","0.25172778964042664","0.39430153369903564","0.38030069321393967","0.35730114579200745","0.4108321964740753"
"211","0.08773256652057171","0.07769021391868591","0.10204589366912842","0.09451485238969326","0.08353982865810394","0.11070573329925537","0.09445316344499588","0.0836229994893074","0.11075330525636673","0.2921459451317787","0.22479677200317383","0.365664541721344","0.36563877761363983","0.34498131275177","0.3918064832687378"
"212","0.08964133821427822","0.07562841475009918","0.10000047087669373","0.09551933221518993","0.08007305860519409","0.10461536794900894","0.09554282575845718","0.08000627160072327","0.10470317304134369","0.30838746950030327","0.23676849901676178","0.37771978974342346","0.38557102531194687","0.37523430585861206","0.39191925525665283"
"213","0.09588417038321495","0.0878806933760643","0.11787764728069305","0.10201062262058258","0.09274354577064514","0.12361430376768112","0.10204588621854782","0.09289512038230896","0.12373700737953186","0.31711345911026","0.262386292219162","0.3642902970314026","0.3845924362540245","0.35634443163871765","0.41981780529022217"
"214","0.09434393979609013","0.08129779249429703","0.11321468651294708","0.1007902305573225","0.08712367713451385","0.11852838099002838","0.10078397579491138","0.0869094505906105","0.11866479367017746","0.30352331697940826","0.23286837339401245","0.3845173120498657","0.37740978598594666","0.3561099171638489","0.416626513004303"
"215","0.09364448301494122","0.08055200427770615","0.1046590507030487","0.10009891167283058","0.08723866939544678","0.11172608286142349","0.09996135532855988","0.08672516793012619","0.11171026527881622","0.30533670634031296","0.2301357388496399","0.366732656955719","0.3699874207377434","0.3468286991119385","0.3999747633934021"
"216","0.09546295180916786","0.08743207156658173","0.11142493784427643","0.10201229155063629","0.09287115186452866","0.11928116530179977","0.10190755501389503","0.09286417812108994","0.1187141090631485","0.31942543387413025","0.2724338173866272","0.36092451214790344","0.3880751207470894","0.3672325611114502","0.4248373210430145"
"217","0.0894783977419138","0.07802385836839676","0.09676897525787354","0.09682194329798222","0.08519016206264496","0.10346444696187973","0.09678461961448193","0.08520517498254776","0.10351967811584473","0.29947469756007195","0.24630500376224518","0.3823005259037018","0.36131951212882996","0.3173302412033081","0.3888695538043976"
"218","0.09026548080146313","0.07263322174549103","0.1031535193324089","0.09680225513875484","0.07735379040241241","0.11123377084732056","0.09674609825015068","0.07742667943239212","0.11129346489906311","0.30718183517456055","0.25970226526260376","0.3688396215438843","0.38241738826036453","0.3457481563091278","0.4204671084880829"
"219","0.09133855625987053","0.08565641939640045","0.09951026737689972","0.09697635471820831","0.09122434258460999","0.1043170765042305","0.09678718633949757","0.09147046506404877","0.10427742451429367","0.29721858352422714","0.24307021498680115","0.35174986720085144","0.3663945570588112","0.34396642446517944","0.377632737159729"
"220","0.09247686341404915","0.0801631510257721","0.10600496083498001","0.09846642427146435","0.08550823479890823","0.11143065989017487","0.09854289330542088","0.08541708439588547","0.1115027517080307","0.30855241790413857","0.24510492384433746","0.39998072385787964","0.35932500660419464","0.3234785199165344","0.3813970685005188"
"221","0.09532755240797997","0.08978959172964096","0.10425121337175369","0.10228497162461281","0.09615512192249298","0.11242418736219406","0.10231064818799496","0.09625635296106339","0.11245965957641602","0.30543921142816544","0.25513020157814026","0.35600394010543823","0.36812209337949753","0.34750717878341675","0.38932937383651733"
"222","0.09016115218400955","0.07630155235528946","0.10237659513950348","0.09673560597002506","0.08206021040678024","0.10993841290473938","0.09675674512982368","0.08206349611282349","0.10988936573266983","0.29719913750886917","0.23938873410224915","0.3649815618991852","0.36185602843761444","0.32942214608192444","0.3798789083957672"
"223","0.08946278691291809","0.08226634562015533","0.09964343160390854","0.09602961875498295","0.08849228918552399","0.10595843195915222","0.09615632705390453","0.08865345269441605","0.10586467385292053","0.2910919636487961","0.22279092669487","0.3659200370311737","0.33917585015296936","0.3320502042770386","0.35636287927627563"
"224","0.09167995117604733","0.07986538112163544","0.10259098559617996","0.09749376773834229","0.08502976596355438","0.10734831541776657","0.0973745696246624","0.08490003645420074","0.10737208276987076","0.27849341556429863","0.2224794328212738","0.343406617641449","0.3397107198834419","0.32082682847976685","0.3773616552352905"
"225","0.0819097813218832","0.07632730901241302","0.09146662056446075","0.08791953325271606","0.08285044878721237","0.09702907502651215","0.08777683787047863","0.08280572295188904","0.0971624106168747","0.28447265177965164","0.23559680581092834","0.32665589451789856","0.35653869807720184","0.33926767110824585","0.373526394367218"
"226","0.08576398342847824","0.07834741473197937","0.0958055630326271","0.09260495752096176","0.08535847812891006","0.10449250042438507","0.09239949099719524","0.08541683107614517","0.10363280028104782","0.28499720245599747","0.22823640704154968","0.3362610340118408","0.34063562005758286","0.32323306798934937","0.3700748383998871"
"227","0.08994865044951439","0.08506189286708832","0.09508340805768967","0.0957700926810503","0.09100392460823059","0.10209093987941742","0.09572062268853188","0.09098461270332336","0.10176357626914978","0.29044948145747185","0.23843875527381897","0.3473901152610779","0.35390012711286545","0.33262309432029724","0.3662497401237488"
"228","0.08576850593090057","0.07807048410177231","0.09538508206605911","0.09115479327738285","0.08327962458133698","0.10042066872119904","0.09115293808281422","0.08329479396343231","0.10030604898929596","0.29274310916662216","0.253818541765213","0.3336654603481293","0.36512260138988495","0.3498098850250244","0.3815135657787323"
"229","0.09886742569506168","0.08046060800552368","0.11206302791833878","0.10603870637714863","0.08789332956075668","0.11784534156322479","0.10610051825642586","0.08809579908847809","0.11799123883247375","0.30340833961963654","0.22061380743980408","0.39097338914871216","0.3759281188249588","0.34649068117141724","0.3920910358428955"
"230","0.08785049244761467","0.07328686118125916","0.0986538976430893","0.09376782737672329","0.07821682840585709","0.10575424134731293","0.0938336867839098","0.07830829918384552","0.10578753054141998","0.27766411006450653","0.2281019687652588","0.3223615288734436","0.3463682308793068","0.3112536668777466","0.36897799372673035"
"231","0.0904164519160986","0.08710508793592453","0.09442190825939178","0.09683199785649776","0.09279896318912506","0.1015586405992508","0.09690674766898155","0.09292025864124298","0.1015811562538147","0.2877056412398815","0.23412258923053741","0.3366934657096863","0.35907671600580215","0.3448960781097412","0.3789202570915222"
"232","0.08990621566772461","0.07688188552856445","0.1087910532951355","0.09471961669623852","0.0793633759021759","0.1139724850654602","0.09477898851037025","0.07948531210422516","0.11407315731048584","0.2808385193347931","0.21352335810661316","0.35317710041999817","0.3447107672691345","0.308307945728302","0.38454335927963257"
"233","0.09434846043586731","0.07612627744674683","0.10677678883075714","0.10009256936609745","0.08132430911064148","0.11407377570867538","0.0999875906854868","0.08081785589456558","0.11426607519388199","0.30166687816381454","0.20403093099594116","0.3897625803947449","0.3496128097176552","0.3132014274597168","0.38856440782546997"
"234","0.08996250107884407","0.06643523275852203","0.11268240213394165","0.09636237286031246","0.07212766259908676","0.11976227909326553","0.09646600298583508","0.07232038676738739","0.11977201700210571","0.2995222844183445","0.19502100348472595","0.40159374475479126","0.35476870089769363","0.29914554953575134","0.39839354157447815"
"235","0.08890298008918762","0.07824336737394333","0.09780114144086838","0.09481617994606495","0.08335115760564804","0.10493326187133789","0.09476584941148758","0.08332660794258118","0.10475601255893707","0.2839197739958763","0.21849960088729858","0.35965776443481445","0.3473619073629379","0.3241003155708313","0.3758789300918579"
"236","0.08766680024564266","0.0812358558177948","0.0914047434926033","0.09361997805535793","0.08888865262269974","0.09606482833623886","0.09365657344460487","0.08910654485225677","0.09611943364143372","0.2805718816816807","0.22235512733459473","0.339863121509552","0.356283500790596","0.34162622690200806","0.3706853985786438"
"237","0.08463418483734131","0.07415516674518585","0.09317218512296677","0.08995276875793934","0.07874664664268494","0.09982818365097046","0.08995424211025238","0.07844386994838715","0.09974783658981323","0.2747380696237087","0.20177628099918365","0.3412083685398102","0.3298472762107849","0.3084522783756256","0.34202849864959717"
"238","0.09237998351454735","0.0878407210111618","0.09851804375648499","0.09810131415724754","0.09322549402713776","0.10392667353153229","0.09808188490569592","0.09312447905540466","0.10390689969062805","0.2864076681435108","0.2343951165676117","0.3417006731033325","0.3466743528842926","0.3399606943130493","0.36021849513053894"
"239","0.08596181496977806","0.08028912544250488","0.09622687101364136","0.09147389605641365","0.08614102005958557","0.10230708122253418","0.09133420698344707","0.08614994585514069","0.1019212082028389","0.2777349725365639","0.22122681140899658","0.3368053436279297","0.35311906784772873","0.3389952480792999","0.3817425072193146"
"240","0.08242817036807537","0.07241541147232056","0.0920506939291954","0.08720468170940876","0.07695883512496948","0.09766017645597458","0.08721793815493584","0.07704328000545502","0.09778355062007904","0.2697443403303623","0.23520754277706146","0.29921209812164307","0.3232007697224617","0.2929879426956177","0.36355605721473694"
"241","0.10049018822610378","0.09131556749343872","0.10903104394674301","0.1060966607183218","0.09843771159648895","0.11408863216638565","0.1061810851097107","0.09835746884346008","0.11412276327610016","0.3208432048559189","0.2613171935081482","0.37576013803482056","0.38416247069835663","0.37518376111984253","0.3911261558532715"
"242","0.09085528925061226","0.08556734025478363","0.1029941514134407","0.09717823751270771","0.09184771776199341","0.11027536541223526","0.09718937240540981","0.09191560000181198","0.11024391651153564","0.28115639835596085","0.2291608452796936","0.3243977725505829","0.36533890664577484","0.3506167531013489","0.3888735771179199"
"243","0.0979345254600048","0.08596788346767426","0.1272236853837967","0.10350309126079082","0.09096522629261017","0.13212084770202637","0.103490786626935","0.0908958688378334","0.1322493851184845","0.29374828189611435","0.21363584697246552","0.4145036041736603","0.3357243612408638","0.3075661063194275","0.37787219882011414"
"244","0.08771160058677197","0.07856184244155884","0.09906832128763199","0.09309449046850204","0.08440005779266357","0.10441774129867554","0.0930538959801197","0.08438511192798615","0.10448367893695831","0.2791593708097935","0.23709630966186523","0.3256818652153015","0.340970478951931","0.3260224163532257","0.35725539922714233"
"245","0.09687172994017601","0.08734770119190216","0.11174342036247253","0.10163960233330727","0.09366875141859055","0.11630982905626297","0.1016909722238779","0.09354341775178909","0.11654393374919891","0.3020911253988743","0.22812046110630035","0.399537056684494","0.34883133322000504","0.3266454339027405","0.3810320496559143"
"246","0.08165914192795753","0.07514409720897675","0.08985310792922974","0.08675316721200943","0.07982334494590759","0.0958230197429657","0.08681402169167995","0.07983680069446564","0.0957990363240242","0.2609787732362747","0.20231306552886963","0.3402213454246521","0.3272998332977295","0.3175469636917114","0.3364972770214081"
"247","0.08447090722620487","0.07332372665405273","0.10646505653858185","0.09028984420001507","0.07985579967498779","0.11290232837200165","0.09024284780025482","0.07954666018486023","0.11301033198833466","0.2586974464356899","0.19002565741539001","0.31336355209350586","0.3150176480412483","0.3024100661277771","0.3437446355819702"
"248","0.09360311925411224","0.08259247243404388","0.10506582260131836","0.09981692768633366","0.08885040879249573","0.1114644855260849","0.09975206106901169","0.08835890889167786","0.11150126904249191","0.3007400669157505","0.21947389841079712","0.3878443241119385","0.3415146768093109","0.32216790318489075","0.35730093717575073"
"249","0.08888783492147923","0.08170682936906815","0.09892983734607697","0.09411520138382912","0.08765622973442078","0.10406026244163513","0.0941013265401125","0.08732613176107407","0.10424193739891052","0.27875736355781555","0.20834067463874817","0.37367498874664307","0.3233403190970421","0.30808526277542114","0.33882856369018555"
"250","0.09067266620695591","0.08087940514087677","0.09641993790864944","0.09616773016750813","0.08546902239322662","0.1013236939907074","0.0962815023958683","0.08567836880683899","0.10139784216880798","0.2974464185535908","0.22473971545696259","0.3666641414165497","0.36524733155965805","0.3470515012741089","0.3840709924697876"
"251","0.08570794388651848","0.07633315026760101","0.09373845905065536","0.09049032814800739","0.08161788433790207","0.09816326200962067","0.09064170531928539","0.08168425410985947","0.09819895029067993","0.2710794433951378","0.19523470103740692","0.3478143513202667","0.320568785071373","0.31087732315063477","0.32859402894973755"
"252","0.09115873463451862","0.07687914371490479","0.09985138475894928","0.0957338884472847","0.08067265152931213","0.10362259298563004","0.09585626423358917","0.08074649423360825","0.10362563282251358","0.2867346704006195","0.24441534280776978","0.34145715832710266","0.3510841056704521","0.3380219042301178","0.36162543296813965"
"253","0.09607035294175148","0.08950693905353546","0.10178130120038986","0.10055136121809483","0.09464483708143234","0.1063283234834671","0.1005192119628191","0.09474430978298187","0.10649441927671432","0.2918351776897907","0.2229052186012268","0.37118035554885864","0.3450690805912018","0.33534130454063416","0.35583510994911194"
"254","0.0809739213436842","0.0731188952922821","0.09272809326648712","0.08680483885109425","0.07856583595275879","0.09781571477651596","0.08677494339644909","0.07851895689964294","0.09757159650325775","0.25474701449275017","0.21165262162685394","0.3102347254753113","0.31555064767599106","0.2904614210128784","0.3338012099266052"
"255","0.08804815635085106","0.07845120877027512","0.10478945821523666","0.09268920868635178","0.08307112008333206","0.10836678743362427","0.09252456575632095","0.08293866366147995","0.10847281664609909","0.2691103368997574","0.204468235373497","0.33243656158447266","0.3316602408885956","0.30592015385627747","0.3617677688598633"
"256","0.09384960308670998","0.09205898642539978","0.09702028334140778","0.09932861849665642","0.09692656993865967","0.10186611860990524","0.09945115074515343","0.09699848294258118","0.10221536457538605","0.2890784814953804","0.21812120079994202","0.36532020568847656","0.33670082688331604","0.32215559482574463","0.35888931155204773"
"257","0.0917996559292078","0.08683484047651291","0.09924989938735962","0.09672723896801472","0.091550812125206","0.10446305572986603","0.09680103696882725","0.09165996313095093","0.104526087641716","0.2816709242761135","0.21798069775104523","0.3521275818347931","0.35109130293130875","0.3364367187023163","0.3596506118774414"
"258","0.08829723484814167","0.08275725692510605","0.10292498022317886","0.09337742254137993","0.08781906962394714","0.10790491849184036","0.09332773648202419","0.0877469927072525","0.10793611407279968","0.2650175206363201","0.20057091116905212","0.3163182735443115","0.3366932272911072","0.32733064889907837","0.3512094020843506"
"259","0.10230176895856857","0.09474672377109528","0.10709410905838013","0.1067709531635046","0.0982837826013565","0.11121496558189392","0.10685503296554089","0.09832585602998734","0.11123470216989517","0.30429891496896744","0.23477104306221008","0.37012380361557007","0.3651895150542259","0.3465844988822937","0.39129844307899475"
"260","0.09746758453547955","0.08874593675136566","0.11062903702259064","0.10179533064365387","0.09473869204521179","0.11502300202846527","0.10181790590286255","0.09485860168933868","0.11475169658660889","0.290127657353878","0.22793510556221008","0.3810749053955078","0.3423430621623993","0.33194679021835327","0.3679332137107849"
"261","0.09362213127315044","0.08402411639690399","0.10298524051904678","0.0989827811717987","0.08922514319419861","0.11029088497161865","0.09906492009758949","0.0892418920993805","0.1103827953338623","0.28290457651019096","0.23734574019908905","0.3279293179512024","0.3370764032006264","0.31614258885383606","0.35903802514076233"
"262","0.08874323219060898","0.07699421048164368","0.09862449020147324","0.0938451699912548","0.08082382380962372","0.10565522313117981","0.09381156414747238","0.08086957037448883","0.10573631525039673","0.27754392102360725","0.2050287425518036","0.3534604012966156","0.3284914270043373","0.3153124451637268","0.336174339056015"
"263","0.09242130443453789","0.08521023392677307","0.09763169288635254","0.09676326438784599","0.088569775223732","0.10229411721229553","0.09682306088507175","0.08844257891178131","0.10231782495975494","0.28567788749933243","0.2168770283460617","0.3616088628768921","0.3322809785604477","0.3136213421821594","0.3511143922805786"
"264","0.08475934714078903","0.07825542241334915","0.09110143035650253","0.0890887901186943","0.08252819627523422","0.09566093981266022","0.08907240070402622","0.08242832869291306","0.09586460888385773","0.2791844271123409","0.20890343189239502","0.35847219824790955","0.3238822966814041","0.3032110333442688","0.33910226821899414"
"265","0.09612824581563473","0.09225575625896454","0.10535126179456711","0.10074689984321594","0.09727515280246735","0.10887632519006729","0.10074818879365921","0.09720969200134277","0.10899215191602707","0.2742120809853077","0.21220339834690094","0.3570225238800049","0.3257373943924904","0.2990787923336029","0.3456207513809204"
"266","0.09177529625594616","0.08654874563217163","0.10184095799922943","0.09641810692846775","0.09032440185546875","0.10719054937362671","0.09640220366418362","0.09057402610778809","0.1071292981505394","0.2824242226779461","0.22244825959205627","0.36566752195358276","0.3249140530824661","0.308424174785614","0.33429229259490967"
"267","0.08871282823383808","0.0736699029803276","0.10034619271755219","0.0934197660535574","0.07811635732650757","0.10621711611747742","0.09358407184481621","0.07806569337844849","0.10630723834037781","0.2713762894272804","0.20995816588401794","0.3574005663394928","0.3265433683991432","0.30750900506973267","0.34583738446235657"
"268","0.09223002009093761","0.07869985699653625","0.10765951871871948","0.09717902913689613","0.08406439423561096","0.11363500356674194","0.09714916534721851","0.08408023416996002","0.11369547992944717","0.27983806282281876","0.20472121238708496","0.371477872133255","0.3208877965807915","0.2872288227081299","0.3708431124687195"
"269","0.08632110431790352","0.06855276226997375","0.09544426202774048","0.09149098955094814","0.0734538733959198","0.1008526012301445","0.09145324677228928","0.07322314381599426","0.10088098794221878","0.2666074000298977","0.1840464025735855","0.3336484432220459","0.30843649059534073","0.2760792374610901","0.34455302357673645"
"270","0.09052147530019283","0.076762855052948","0.10346555709838867","0.09502740390598774","0.08158504962921143","0.10863430798053741","0.09512083232402802","0.08185950666666031","0.10855446755886078","0.276228841394186","0.19302605092525482","0.3664439022541046","0.32695716619491577","0.3012477457523346","0.3596498668193817"
"271","0.09122184477746487","0.06731726974248886","0.12238729000091553","0.09635759703814983","0.07119178771972656","0.12805689871311188","0.09635490365326405","0.07139945775270462","0.12781736254692078","0.27273449674248695","0.17709128558635712","0.32681015133857727","0.32633617520332336","0.28039294481277466","0.39339834451675415"
"272","0.10207334905862808","0.0856432244181633","0.11964557319879532","0.1068039070814848","0.09130213409662247","0.12422362715005875","0.1067697424441576","0.09123767912387848","0.12424837797880173","0.29541268572211266","0.21970754861831665","0.37376827001571655","0.3476756364107132","0.3249020576477051","0.39822521805763245"
"273","0.08582055382430553","0.07756997644901276","0.09374350309371948","0.08993691019713879","0.0830887109041214","0.09569036960601807","0.08983623050153255","0.0832928866147995","0.0956365168094635","0.2668501287698746","0.2121582329273224","0.343831866979599","0.33045049756765366","0.30855515599250793","0.3450123369693756"
"274","0.0868307389318943","0.07365373522043228","0.11045857518911362","0.0907325204461813","0.07837919145822525","0.11545152962207794","0.0907835140824318","0.07830344140529633","0.11547844856977463","0.27231844514608383","0.19377988576889038","0.3299332857131958","0.32662610709667206","0.2995319664478302","0.38042211532592773"
"275","0.08181408233940601","0.07102406024932861","0.0913221687078476","0.08570762537419796","0.07696586102247238","0.09396621584892273","0.08556977659463882","0.07688219100236893","0.09345931559801102","0.2629993259906769","0.21177223324775696","0.3115783631801605","0.311994805932045","0.29728642106056213","0.32501065731048584"
"276","0.09173339791595936","0.08246953785419464","0.09958494454622269","0.09561951085925102","0.08582493662834167","0.10310351848602295","0.09556574746966362","0.08534831553697586","0.10314416885375977","0.26714247465133667","0.19890274107456207","0.32933664321899414","0.3228152394294739","0.3159051835536957","0.331583172082901"
"277","0.09423480927944183","0.08515425026416779","0.09851478785276413","0.09818667732179165","0.0883132666349411","0.10279437899589539","0.09820947237312794","0.08824951201677322","0.10279341042041779","0.28378332778811455","0.20669874548912048","0.35808414220809937","0.33978497982025146","0.3179558217525482","0.34931856393814087"
"278","0.0860486701130867","0.07481874525547028","0.0968988686800003","0.09051617980003357","0.07858838886022568","0.09945674240589142","0.09066072478890419","0.07854731380939484","0.09947134554386139","0.2493315264582634","0.19607652723789215","0.32326218485832214","0.2945699393749237","0.2747439742088318","0.3086276054382324"
"279","0.10430541262030602","0.08134618401527405","0.11846739053726196","0.10783728398382664","0.08495759963989258","0.1220247894525528","0.107843317091465","0.08502507954835892","0.1221001073718071","0.2823271341621876","0.24167843163013458","0.3393097519874573","0.3308841735124588","0.28634530305862427","0.3728470802307129"
"280","0.09425032883882523","0.09225282073020935","0.0975835770368576","0.09902993030846119","0.09600874781608582","0.1028825044631958","0.0989860650151968","0.09588742256164551","0.10270082205533981","0.283581729978323","0.2216067612171173","0.3572564721107483","0.3311164230108261","0.3237179219722748","0.34819161891937256"
"282","0.09445338323712349","0.08317197859287262","0.10579035431146622","0.0987253487110138","0.0867287665605545","0.11097956448793411","0.09841335192322731","0.08679601550102234","0.11093239486217499","0.2737889513373375","0.2031133472919464","0.37892913818359375","0.32337864488363266","0.30185678601264954","0.348574161529541"
"283","0.09615503810346127","0.08864457160234451","0.10637480765581131","0.10107281804084778","0.093143031001091","0.11349713802337646","0.10108033753931522","0.09316065907478333","0.11341890692710876","0.27906445413827896","0.22109118103981018","0.36255577206611633","0.3299550563097","0.31191286444664","0.3576093316078186"
"284","0.09060234390199184","0.07200437039136887","0.10805226862430573","0.09462903626263142","0.07472828030586243","0.11263369023799896","0.09457908570766449","0.07469484210014343","0.11263610422611237","0.2627524882555008","0.19368276000022888","0.3679574131965637","0.30212152004241943","0.26771125197410583","0.32949769496917725"
"285","0.09401457756757736","0.07999688386917114","0.10128763318061829","0.09854294173419476","0.08465109765529633","0.10596383363008499","0.09856712818145752","0.08469314128160477","0.10585205256938934","0.26972799003124237","0.19125260412693024","0.3407849669456482","0.3005668744444847","0.27958351373672485","0.31480956077575684"
"286","0.08757641911506653","0.07947169244289398","0.09161648154258728","0.09166543371975422","0.08312155306339264","0.0967048853635788","0.09167821705341339","0.08319073915481567","0.09668556600809097","0.26781608164310455","0.21292048692703247","0.3456776738166809","0.3199385926127434","0.3021182417869568","0.34136906266212463"
"287","0.08632388152182102","0.07848166674375534","0.09301665425300598","0.09002571180462837","0.08058107644319534","0.09799058735370636","0.09012885764241219","0.08057093620300293","0.09798189997673035","0.2611093483865261","0.19346177577972412","0.35114821791648865","0.29358524084091187","0.2806691527366638","0.304517537355423"
"288","0.09279818087816238","0.08182927966117859","0.09826560318470001","0.09727942198514938","0.08566802740097046","0.10387106239795685","0.09724658355116844","0.08572423458099365","0.10349607467651367","0.2745181508362293","0.19393913447856903","0.3405452370643616","0.32913875579833984","0.30415070056915283","0.3469153642654419"
"289","0.09953487105667591","0.09583820402622223","0.10505498945713043","0.10372339934110641","0.10035523772239685","0.10942760854959488","0.10390519164502621","0.10058178007602692","0.10963933169841766","0.2774808406829834","0.20772278308868408","0.34414929151535034","0.314875103533268","0.3044436573982239","0.3202410340309143"
"290","0.09048519469797611","0.08494800329208374","0.10017914324998856","0.09476095624268055","0.08902624249458313","0.10466805100440979","0.09473920427262783","0.08894804865121841","0.1045728251338005","0.26576463505625725","0.19712352752685547","0.35176676511764526","0.31676916033029556","0.2966947555541992","0.3418000042438507"
"291","0.09673513472080231","0.08422328531742096","0.10548597574234009","0.10005059465765953","0.08627541363239288","0.10928741842508316","0.10002915374934673","0.08650422096252441","0.10938023030757904","0.2546221949160099","0.19825361669063568","0.32702910900115967","0.28837256878614426","0.2649991810321808","0.31044402718544006"
"292","0.0971085038036108","0.09138049930334091","0.10627182573080063","0.1012384295463562","0.09588627517223358","0.10977037250995636","0.10124662704765797","0.0959634780883789","0.10978472232818604","0.2804342769086361","0.21927540004253387","0.3537099361419678","0.33514803647994995","0.3163396120071411","0.3712540864944458"
"293","0.0879584290087223","0.07977459579706192","0.09328348189592361","0.09087098576128483","0.08348596841096878","0.0958326980471611","0.09077656269073486","0.08346982300281525","0.09585343301296234","0.25540614500641823","0.19964690506458282","0.3162357807159424","0.3078501746058464","0.29244264960289","0.32474249601364136"
"294","0.09767662920057774","0.0803619772195816","0.10720621049404144","0.10112874582409859","0.08337560296058655","0.11171133816242218","0.10130522772669792","0.08343659341335297","0.11199574172496796","0.27606281638145447","0.18568602204322815","0.35438475012779236","0.31343214213848114","0.28421270847320557","0.34735071659088135"
"295","0.09040751121938229","0.08266168087720871","0.09570086002349854","0.0942530706524849","0.08795144408941269","0.09967707097530365","0.09425997361540794","0.08808625489473343","0.0996956005692482","0.26436835527420044","0.1961553692817688","0.3362009823322296","0.30346424132585526","0.28647851943969727","0.3280183672904968"
"296","0.08821378462016582","0.084803506731987","0.0922713354229927","0.09172912314534187","0.08850373327732086","0.09576746821403503","0.09173597395420074","0.08860278129577637","0.09565958380699158","0.26459721475839615","0.18945622444152832","0.3349211812019348","0.3007263019680977","0.2883121073246002","0.31158363819122314"
"297","0.08792443200945854","0.0811426043510437","0.09582929313182831","0.09161040373146534","0.08411797881126404","0.09960660338401794","0.0915346909314394","0.08416391164064407","0.09922969341278076","0.2544570043683052","0.20827963948249817","0.30551818013191223","0.31160736083984375","0.2902008295059204","0.33677560091018677"
"298","0.08645381033420563","0.07607381790876389","0.09510798752307892","0.08937801606953144","0.07961086183786392","0.0977480486035347","0.08951956406235695","0.07990020513534546","0.09784679114818573","0.2482239492237568","0.17614446580410004","0.3104358911514282","0.2975999191403389","0.285817414522171","0.3055722713470459"
"299","0.0887146033346653","0.07369844615459442","0.108997642993927","0.09286188147962093","0.0773325115442276","0.11401498317718506","0.09300290420651436","0.07744330167770386","0.11433198302984238","0.25268711149692535","0.174424946308136","0.32145658135414124","0.2963758334517479","0.25454020500183105","0.3307702839374542"
"300","0.09214036725461483","0.07742667198181152","0.1100744977593422","0.09652160853147507","0.0807524025440216","0.1141880601644516","0.09637927636504173","0.08062966912984848","0.11423183977603912","0.2725068964064121","0.21072207391262054","0.33476874232292175","0.33360596001148224","0.3109346032142639","0.35598576068878174"
"301","0.08730260841548443","0.07417348027229309","0.10104254633188248","0.09143655747175217","0.07934417575597763","0.10649041831493378","0.09144926629960537","0.07930338382720947","0.10634678602218628","0.25705644860863686","0.19314321875572205","0.3072754740715027","0.2968849018216133","0.27293357253074646","0.32705163955688477"
"302","0.08308153599500656","0.07794729620218277","0.08834873139858246","0.08634275197982788","0.08094234764575958","0.09166066348552704","0.08633684366941452","0.08071797341108322","0.09187548607587814","0.25124339759349823","0.19044165313243866","0.3158750534057617","0.29480452090501785","0.2863085865974426","0.3016537129878998"
"303","0.0879652090370655","0.08228883892297745","0.09574098140001297","0.09165044315159321","0.08460480719804764","0.09851603209972382","0.0915390495210886","0.08468303829431534","0.09850737452507019","0.25989478826522827","0.19208672642707825","0.3289489448070526","0.29836105555295944","0.2916175127029419","0.3021954298019409"
"304","0.08937253803014755","0.07107128202915192","0.11133256554603577","0.09307126514613628","0.07546231150627136","0.11544185131788254","0.09318126365542412","0.0756385400891304","0.11566969007253647","0.25674399361014366","0.22173263132572174","0.29764845967292786","0.30599047243595123","0.2694056034088135","0.3556026518344879"
"305","0.09041845239698887","0.08026428520679474","0.09590011835098267","0.09351888485252857","0.08421997725963593","0.09842429310083389","0.09367149136960506","0.08435641974210739","0.09864434599876404","0.25290799885988235","0.19313445687294006","0.32003873586654663","0.29395318776369095","0.2664921283721924","0.31530308723449707"
"306","0.09156191535294056","0.07936733961105347","0.10494794696569443","0.09442139603197575","0.08056233823299408","0.10726355761289597","0.09446806274354458","0.08061933517456055","0.10734841227531433","0.26709384843707085","0.1826893538236618","0.3598332405090332","0.2895752862095833","0.2706061005592346","0.31031668186187744"
"307","0.08995837531983852","0.08134858310222626","0.09942854195833206","0.09302764758467674","0.08294589817523956","0.10403034090995789","0.09299714863300323","0.08295091241598129","0.10403905063867569","0.2639205567538738","0.19593273103237152","0.3499782085418701","0.30867090821266174","0.2971841096878052","0.3298035264015198"
"308","0.08341505751013756","0.06886671483516693","0.09487917274236679","0.08705829083919525","0.07219599932432175","0.09806571900844574","0.08705112710595131","0.072333425283432","0.09816884249448776","0.24236229062080383","0.17532332241535187","0.30859702825546265","0.27539270371198654","0.2632080018520355","0.2838505506515503"
"309","0.0926637351512909","0.08804988116025925","0.09724098443984985","0.09509582445025444","0.09047509729862213","0.09962907433509827","0.09515848755836487","0.09053284674882889","0.0997702032327652","0.2641342617571354","0.18906262516975403","0.33283060789108276","0.2987062484025955","0.28648120164871216","0.311784029006958"
"310","0.09691332094371319","0.09364040940999985","0.10321424901485443","0.0995036605745554","0.09618888050317764","0.1046246737241745","0.0994742326438427","0.09585011005401611","0.10468041896820068","0.27614379301667213","0.2006693333387375","0.3429981768131256","0.32091502100229263","0.29933375120162964","0.32910579442977905"
"311","0.08665395714342594","0.07918451726436615","0.09394796937704086","0.08960227482020855","0.08254516869783401","0.09616655111312866","0.08965153060853481","0.08252043277025223","0.09626832604408264","0.2398814521729946","0.17771945893764496","0.30683884024620056","0.283265121281147","0.2670348286628723","0.3007909059524536"
"312","0.09762023761868477","0.08122605085372925","0.11130212247371674","0.10072226822376251","0.08401680737733841","0.11468760669231415","0.10081196203827858","0.08407359570264816","0.11467564105987549","0.27644842118024826","0.1941547393798828","0.3544051945209503","0.315660260617733","0.290995717048645","0.3400179147720337"
"313","0.08797011524438858","0.07668474316596985","0.09776996076107025","0.0915492307394743","0.07982607185840607","0.10250105708837509","0.09172482043504715","0.0800320953130722","0.10279766470193863","0.24969634413719177","0.20848903059959412","0.2888294458389282","0.2979492098093033","0.27672460675239563","0.3259147107601166"
"314","0.08563544973731041","0.08174937218427658","0.09385383874177933","0.08891582302749157","0.08535657823085785","0.09706532955169678","0.08891303092241287","0.08524373173713684","0.09721286594867706","0.25633351504802704","0.1884402334690094","0.3269602656364441","0.3094865083694458","0.29239872097969055","0.3273656368255615"
"315","0.09096291847527027","0.08439593762159348","0.1026197150349617","0.09397558122873306","0.08668073266744614","0.10633376240730286","0.09388536028563976","0.08689355850219727","0.10614068806171417","0.26208146661520004","0.20929354429244995","0.31234219670295715","0.3049349933862686","0.28832218050956726","0.3211483955383301"
"316","0.09452078863978386","0.08440498262643814","0.10553749650716782","0.09664853848516941","0.0870697945356369","0.10737616568803787","0.09676635637879372","0.08714374899864197","0.10746356099843979","0.2664138376712799","0.199631929397583","0.34998124837875366","0.30957599729299545","0.3011603355407715","0.3310387134552002"
"317","0.08832679502665997","0.07510755211114883","0.09891408681869507","0.09132733941078186","0.07793769240379333","0.10260160267353058","0.09135228209197521","0.07773619145154953","0.10264477878808975","0.2551532946527004","0.17671413719654083","0.350187212228775","0.2866212874650955","0.25937074422836304","0.3264225125312805"
"318","0.0880320630967617","0.07412661612033844","0.09873437881469727","0.09167024679481983","0.07850813865661621","0.1009962409734726","0.09164363518357277","0.07861009240150452","0.10088858753442764","0.2577684409916401","0.18975822627544403","0.3210974335670471","0.29922525584697723","0.29296910762786865","0.3064783215522766"
"319","0.09710763581097126","0.08793556690216064","0.10190147161483765","0.09965427033603191","0.09019994735717773","0.10473626852035522","0.09974733367562294","0.09023483097553253","0.1047389954328537","0.26764440536499023","0.20628231763839722","0.34423089027404785","0.31788744032382965","0.30287444591522217","0.32970407605171204"
"320","0.08836622722446918","0.08448302000761032","0.09556156396865845","0.09074951335787773","0.08674807846546173","0.09893270581960678","0.09073695540428162","0.08675980567932129","0.09906310588121414","0.259396530687809","0.18870234489440918","0.3279384672641754","0.30829212814569473","0.2975400984287262","0.31972405314445496"
"321","0.0918511413037777","0.0849689394235611","0.10477720201015472","0.0944943018257618","0.08847659081220627","0.10595996677875519","0.09449843503534794","0.08834226429462433","0.10597790777683258","0.25723426789045334","0.18458089232444763","0.30771803855895996","0.29438452422618866","0.2720092535018921","0.32611510157585144"
"322","0.09041204489767551","0.07957765460014343","0.09926401823759079","0.09297112375497818","0.08234553039073944","0.10114048421382904","0.092982217669487","0.0823625698685646","0.10120800882577896","0.2580809108912945","0.20741809904575348","0.32201728224754333","0.3058421239256859","0.2931109368801117","0.3202742040157318"
"323","0.08587343990802765","0.07931112498044968","0.10055103898048401","0.08801031298935413","0.08033326268196106","0.10332711040973663","0.08810599520802498","0.08042002469301224","0.10345152765512466","0.2503981553018093","0.1898040622472763","0.31458109617233276","0.28635212779045105","0.27035534381866455","0.30744534730911255"
"324","0.08843828365206718","0.07823505252599716","0.09300419688224792","0.09047660604119301","0.08200892060995102","0.09514456987380981","0.09055095911026001","0.08206906914710999","0.09526195377111435","0.24729939550161362","0.1943846046924591","0.31356722116470337","0.2865179628133774","0.27267271280288696","0.29522642493247986"
"325","0.08216478303074837","0.0762643963098526","0.08727795630693436","0.08589438907802105","0.07957938313484192","0.09104271978139877","0.0859283097088337","0.07940975576639175","0.09120997786521912","0.24582873657345772","0.17789813876152039","0.3141886293888092","0.2846367359161377","0.27913138270378113","0.2909640967845917"
"326","0.08319922536611557","0.06723030656576157","0.0897907242178917","0.08538494817912579","0.07078982889652252","0.0913008451461792","0.08554630912840366","0.07100623100996017","0.09154190123081207","0.2393372692167759","0.15017826855182648","0.3147951364517212","0.2763403281569481","0.23505288362503052","0.29521188139915466"
"327","0.09119671955704689","0.0751229077577591","0.09998571872711182","0.09399412758648396","0.07750798016786575","0.10366849601268768","0.09395513124763966","0.07755442708730698","0.10372087359428406","0.25488992035388947","0.171521857380867","0.34351634979248047","0.28460604697465897","0.26441487669944763","0.3022589087486267"
"328","0.0883129071444273","0.08082271367311478","0.0962204560637474","0.09091932885348797","0.08278951048851013","0.0994810238480568","0.09092383831739426","0.0826958492398262","0.09944716840982437","0.2533396705985069","0.18998447060585022","0.314470499753952","0.28829507529735565","0.2832389771938324","0.2961980998516083"
"329","0.09206605702638626","0.07819435000419617","0.10146322101354599","0.09479663148522377","0.07960283756256104","0.10442724823951721","0.09481611847877502","0.07916086912155151","0.10481742769479752","0.25252605229616165","0.17107152938842773","0.3200419545173645","0.2964693158864975","0.2692504823207855","0.32327166199684143"
"330","0.08538591489195824","0.07696621119976044","0.09134934097528458","0.08855280093848705","0.07984888553619385","0.0941494032740593","0.08858022280037403","0.08006719499826431","0.09398625046014786","0.25257954001426697","0.17633703351020813","0.3359372615814209","0.29004527628421783","0.2799266576766968","0.30433210730552673"
"331","0.08602755516767502","0.07731998711824417","0.0966627299785614","0.08828253857791424","0.07919558137655258","0.09910129755735397","0.08832215517759323","0.07925738394260406","0.09923788905143738","0.2597496882081032","0.1820848286151886","0.3521013855934143","0.28964412212371826","0.2755506634712219","0.3225088119506836"
"332","0.08818068727850914","0.08187462389469147","0.09844915568828583","0.09190529212355614","0.08489489555358887","0.10232219099998474","0.09192490950226784","0.08492749184370041","0.10240910202264786","0.2382718063890934","0.18378134071826935","0.2839077115058899","0.27958083897829056","0.27172261476516724","0.2968752980232239"
"333","0.08191353641450405","0.06767699122428894","0.08862988650798798","0.08535528369247913","0.06938246637582779","0.09264812618494034","0.08551894128322601","0.06957650184631348","0.09273241460323334","0.23919956386089325","0.18733012676239014","0.30993396043777466","0.2749853953719139","0.24771544337272644","0.28689903020858765"
"334","0.0887447390705347","0.0827411413192749","0.09263606369495392","0.09150416776537895","0.08608270436525345","0.09500719606876373","0.09157362394034863","0.08604563027620316","0.0950799509882927","0.25642240419983864","0.19205844402313232","0.3330191671848297","0.2914554998278618","0.2830215096473694","0.3033524453639984"
"335","0.08687268570065498","0.08245636522769928","0.09486402571201324","0.09009145200252533","0.08471058309078217","0.09825503081083298","0.09005522914230824","0.08458854258060455","0.09791579097509384","0.25413259491324425","0.19352543354034424","0.311810702085495","0.288267083466053","0.2818414270877838","0.29683539271354675"
"336","0.09544561803340912","0.08120255172252655","0.10492956638336182","0.09881915338337421","0.0856046974658966","0.10847987979650497","0.09886371716856956","0.0854995995759964","0.10849368572235107","0.2758399769663811","0.19199058413505554","0.3692325949668884","0.3099334388971329","0.29608139395713806","0.3309839963912964"
"337","0.09294118359684944","0.08111589401960373","0.11218109726905823","0.09578310139477253","0.08465263992547989","0.11431296914815903","0.09581521153450012","0.08480136096477509","0.11425837874412537","0.2582513280212879","0.19709891080856323","0.3248973786830902","0.3015877828001976","0.28688374161720276","0.3230260908603668"
"338","0.09281444735825062","0.0888669490814209","0.10233762860298157","0.09540621191263199","0.09239097684621811","0.10324810445308685","0.09555475413799286","0.09271066635847092","0.10324793308973312","0.2728220745921135","0.19216498732566833","0.35510241985321045","0.30754778534173965","0.29145538806915283","0.3315090239048004"
"339","0.08165313303470612","0.07123550772666931","0.08995866775512695","0.08446591906249523","0.07387620955705643","0.09239168465137482","0.08456304855644703","0.07392558455467224","0.09251187741756439","0.23809364810585976","0.17284126579761505","0.29600781202316284","0.2752324789762497","0.2520461082458496","0.30080318450927734"
"340","0.09235179796814919","0.08036778122186661","0.10838869214057922","0.09512444026768208","0.08266258984804153","0.11084990948438644","0.09501313790678978","0.08201394230127335","0.11088389158248901","0.2466234341263771","0.17733311653137207","0.33237555623054504","0.29224056750535965","0.27800846099853516","0.30769288539886475"
"341","0.08707943931221962","0.07462538778781891","0.09325926005840302","0.0890248492360115","0.07654178142547607","0.09476600587368011","0.08910829573869705","0.07652503997087479","0.09495899081230164","0.24510589987039566","0.19463321566581726","0.30761611461639404","0.2948883846402168","0.2806830108165741","0.3058229684829712"
"342","0.09191234782338142","0.08080610632896423","0.10668977349996567","0.09328529983758926","0.08360984921455383","0.10639533400535583","0.09338364377617836","0.08358897268772125","0.10644333064556122","0.25027091801166534","0.17135968804359436","0.31600627303123474","0.29420702904462814","0.27254319190979004","0.3214762806892395"
"343","0.08235772885382175","0.07453244924545288","0.09070724248886108","0.0836925283074379","0.07466565817594528","0.091463103890419","0.08365377970039845","0.07477207481861115","0.09119806438684464","0.24322836846113205","0.16895824670791626","0.31548818945884705","0.2782140225172043","0.2603909373283386","0.30349600315093994"
"344","0.09049266390502453","0.08196864277124405","0.09823296219110489","0.09385475143790245","0.08535745739936829","0.10218143463134766","0.09391015581786633","0.08542836457490921","0.10220460593700409","0.2600914128124714","0.18842269480228424","0.33046966791152954","0.30329253524541855","0.2769118547439575","0.3336302638053894"
"345","0.08894118666648865","0.07932721078395844","0.10298720002174377","0.0917078759521246","0.0806439071893692","0.10583188384771347","0.09185999818146229","0.0806032046675682","0.10600069165229797","0.2620633468031883","0.19564877450466156","0.3241002559661865","0.29322994500398636","0.2602924108505249","0.3153176009654999"
"346","0.0856852512806654","0.07065534591674805","0.09485592693090439","0.08739305473864079","0.07196254283189774","0.09662840515375137","0.08750498481094837","0.07221683859825134","0.09693259000778198","0.24598796293139458","0.16919179260730743","0.3180500268936157","0.28505828231573105","0.26217174530029297","0.2953762710094452"
"347","0.0871951412409544","0.07914651930332184","0.09982113540172577","0.08850840479135513","0.07984793931245804","0.10154654085636139","0.08861961960792542","0.08001762628555298","0.10172677785158157","0.2440435029566288","0.17101246118545532","0.3305920362472534","0.2762201875448227","0.260924756526947","0.29855838418006897"
"348","0.08454637974500656","0.0742422416806221","0.094047412276268","0.08744538389146328","0.07690362632274628","0.09627214819192886","0.0874054804444313","0.07699054479598999","0.09628283232450485","0.23332468792796135","0.1791381984949112","0.3077186644077301","0.2757074423134327","0.24962802231311798","0.297417551279068"
"349","0.08784347213804722","0.07974202930927277","0.09178225696086884","0.09122937172651291","0.08272552490234375","0.09553516656160355","0.09140268713235855","0.0828169584274292","0.09617452323436737","0.24533985182642937","0.19577772915363312","0.304043710231781","0.2901225611567497","0.2645130157470703","0.3115540146827698"
"350","0.09260551631450653","0.08416439592838287","0.09884603321552277","0.09503486007452011","0.08663305640220642","0.10130254924297333","0.09497453086078167","0.08677241206169128","0.10134303569793701","0.25497641786932945","0.18934625387191772","0.33215177059173584","0.2786317244172096","0.25986647605895996","0.30115818977355957"
"351","0.09255448170006275","0.08624497056007385","0.1046036034822464","0.09583441726863384","0.08986037224531174","0.10686478763818741","0.09585079364478588","0.08982017636299133","0.1069798469543457","0.27192557230591774","0.1923544555902481","0.3430943191051483","0.3081076145172119","0.2929754853248596","0.32226455211639404"
"352","0.0888401698321104","0.08124788105487823","0.10431332141160965","0.09072178415954113","0.0835454910993576","0.10643603652715683","0.09081098064780235","0.08356719464063644","0.10666012763977051","0.23700103163719177","0.1684148609638214","0.2943797707557678","0.28315283358097076","0.2680685222148895","0.31276658177375793"
"353","0.08967108651995659","0.08427514880895615","0.10174181312322617","0.09227031096816063","0.08787177503108978","0.10516425967216492","0.09238787367939949","0.08800524473190308","0.10524526983499527","0.2590785287320614","0.1833214908838272","0.3346940279006958","0.29975124448537827","0.27279892563819885","0.3353066146373749"
"354","0.09124326147139072","0.08624077588319778","0.0943155288696289","0.094174450263381","0.0891537219285965","0.09809321910142899","0.0943168681114912","0.08917789906263351","0.09830103814601898","0.25128110870718956","0.17076341807842255","0.32986336946487427","0.2670886516571045","0.24717262387275696","0.28799116611480713"
"355","0.09664761833846569","0.09366390109062195","0.10075937956571579","0.09861952066421509","0.09591094404459","0.10249324887990952","0.09868979081511497","0.09586159884929657","0.10262905061244965","0.2694327123463154","0.19300322234630585","0.36246779561042786","0.30327852815389633","0.29402831196784973","0.30973076820373535"
"356","0.08537500724196434","0.07757700979709625","0.09457971155643463","0.08751072734594345","0.07954619824886322","0.09702739119529724","0.08754502050578594","0.07960520684719086","0.09705514460802078","0.24530217424035072","0.1739371120929718","0.3201633095741272","0.28165144473314285","0.27008238434791565","0.2977825999259949"
"357","0.09638106636703014","0.09097392857074738","0.10249189287424088","0.09768344648182392","0.09254270046949387","0.10411394387483597","0.0978713370859623","0.09276725351810455","0.10435646772384644","0.25926879048347473","0.2001650631427765","0.3191223442554474","0.29205840826034546","0.2775970697402954","0.29749348759651184"
"358","0.09150784835219383","0.08277062326669693","0.09921946376562119","0.09361038915812969","0.08452324569225311","0.10314337909221649","0.09364352375268936","0.08439527451992035","0.10323777049779892","0.2467060312628746","0.17473065853118896","0.3179769217967987","0.28181760013103485","0.25606319308280945","0.3122943043708801"
"359","0.09494195878505707","0.07968608289957047","0.11054470390081406","0.09722494892776012","0.08238177001476288","0.11253272742033005","0.09729898348450661","0.08252985775470734","0.11210058629512787","0.25615619495511055","0.19174981117248535","0.34249162673950195","0.28766481578350067","0.2563976049423218","0.308758944272995"
"360","0.09911245107650757","0.09520601481199265","0.10914033651351929","0.10040153376758099","0.09688365459442139","0.11037249863147736","0.10057329200208187","0.09692873060703278","0.11065144836902618","0.259956493973732","0.1909303218126297","0.3572924733161926","0.2982902526855469","0.27787157893180847","0.3284406065940857"
"361","0.09174176305532455","0.08749781548976898","0.10391414165496826","0.09421435929834843","0.0893850326538086","0.10508808493614197","0.09437990002334118","0.08957643806934357","0.10522979497909546","0.2447977028787136","0.18250317871570587","0.3116578757762909","0.28480878472328186","0.2755909562110901","0.29171764850616455"
"362","0.08510784432291985","0.07015305012464523","0.09211049973964691","0.08767542615532875","0.0726674497127533","0.09469756484031677","0.0877939984202385","0.07273058593273163","0.09482376277446747","0.24302822351455688","0.18729561567306519","0.32533782720565796","0.2749592587351799","0.2546102702617645","0.28610458970069885"
"363","0.08373621851205826","0.07474368810653687","0.09948815405368805","0.08596852421760559","0.07698087394237518","0.10243146121501923","0.08613105677068233","0.07717375457286835","0.10250221192836761","0.23001209646463394","0.16986995935440063","0.276048868894577","0.26046308502554893","0.23825596272945404","0.29145702719688416"
"364","0.09626259468495846","0.08733697980642319","0.10654103010892868","0.09811290539801121","0.08902724087238312","0.10900560021400452","0.09808985516428947","0.08908623456954956","0.10907110571861267","0.2504322975873947","0.1855696141719818","0.34046679735183716","0.29499176144599915","0.25582483410835266","0.32474178075790405"
"365","0.08192564733326435","0.07268044352531433","0.08815987408161163","0.08430147729814053","0.0761057436466217","0.09070912003517151","0.08434116281569004","0.0760115385055542","0.09070201218128204","0.23779122531414032","0.16492882370948792","0.3145119547843933","0.27146389335393906","0.25953391194343567","0.2907145619392395"
"366","0.100721700116992","0.08581104874610901","0.11385690420866013","0.10239824093878269","0.08756938576698303","0.11658313870429993","0.10249467939138412","0.08752861618995667","0.11670250445604324","0.2671098932623863","0.19598662853240967","0.35348784923553467","0.2957122400403023","0.26185572147369385","0.32375967502593994"
"367","0.09488662704825401","0.08731415867805481","0.10377858579158783","0.09706739522516727","0.08764185756444931","0.10710054636001587","0.09702710621058941","0.08780334889888763","0.10691879689693451","0.25361619144678116","0.19391292333602905","0.325344055891037","0.2875313311815262","0.26961976289749146","0.2989843487739563"
"368","0.08853385969996452","0.08351944386959076","0.09163349866867065","0.09015153720974922","0.0850478857755661","0.09385841339826584","0.09031742438673973","0.08537464588880539","0.09400738775730133","0.24478206783533096","0.1712861955165863","0.3280499577522278","0.28255530446767807","0.27000921964645386","0.2973804473876953"
"369","0.08933156356215477","0.0821312889456749","0.09260764718055725","0.09211057238280773","0.0850805714726448","0.09562289714813232","0.09222789667546749","0.0852658748626709","0.09562721848487854","0.2554840072989464","0.1643173098564148","0.33393052220344543","0.2830154150724411","0.2561861574649811","0.2947241961956024"
"370","0.10630752705037594","0.09344106912612915","0.11683373153209686","0.10806334391236305","0.09596510231494904","0.11942512542009354","0.10820041783154011","0.0963551253080368","0.1193540021777153","0.2705526202917099","0.18018439412117004","0.3652864992618561","0.3033968359231949","0.2721274793148041","0.32843324542045593"
"371","0.09822686575353146","0.08959368616342545","0.10487089306116104","0.100881801918149","0.09238511323928833","0.10831492394208908","0.10093205608427525","0.09267190098762512","0.10855621099472046","0.2618754059076309","0.19650515913963318","0.3219352960586548","0.30122803151607513","0.28375858068466187","0.31533756852149963"
"372","0.08274822495877743","0.07821545004844666","0.09166009724140167","0.08570943586528301","0.0809297189116478","0.09498097002506256","0.08582218550145626","0.08096706867218018","0.09526677429676056","0.2213708534836769","0.16675691306591034","0.2710436284542084","0.26045920699834824","0.25178802013397217","0.281116247177124"
"373","0.08346819505095482","0.06940867006778717","0.09117212146520615","0.08540545403957367","0.07195745408535004","0.09332078695297241","0.0854473952203989","0.0715046375989914","0.09350279718637466","0.23588386550545692","0.15099960565567017","0.3106291890144348","0.26813119649887085","0.24723896384239197","0.28664904832839966"
"374","0.0889891441911459","0.07692490518093109","0.10112687945365906","0.09031484462320805","0.07785170525312424","0.10263872891664505","0.09025320969522","0.07789944112300873","0.1027105301618576","0.24139481782913208","0.1571844518184662","0.31650814414024353","0.27286481857299805","0.2596589922904968","0.281772255897522"
"375","0.08830432780086994","0.08235486596822739","0.09198888391256332","0.09099866636097431","0.08778171241283417","0.09366022050380707","0.09265369921922684","0.08968288451433182","0.09407132118940353","0.23935618251562119","0.17048969864845276","0.3104131817817688","0.27335094660520554","0.26305335760116577","0.28053924441337585"
"376","0.08759496733546257","0.08050629496574402","0.09179436415433884","0.08985202573239803","0.08326654881238937","0.09408964216709137","0.08993432112038136","0.08315937221050262","0.0943111702799797","0.24053893983364105","0.16935577988624573","0.32116493582725525","0.26879458874464035","0.2588889002799988","0.27526402473449707"
"377","0.09099353291094303","0.07860222458839417","0.10358820855617523","0.09283612854778767","0.0813462883234024","0.10473337769508362","0.09298879280686378","0.08143384754657745","0.10490576922893524","0.24305007234215736","0.17775171995162964","0.31091296672821045","0.27490418404340744","0.2630743980407715","0.2877116799354553"
"378","0.08535517193377018","0.08090908825397491","0.09085088968276978","0.0872370433062315","0.0836881548166275","0.0916113629937172","0.08732437714934349","0.08429411798715591","0.09183847904205322","0.23726731166243553","0.17730294167995453","0.30037742853164673","0.26845943182706833","0.26193350553512573","0.2841530740261078"
"379","0.09599112719297409","0.08588817715644836","0.10685499012470245","0.09817606769502163","0.08874790370464325","0.10894767940044403","0.09843962825834751","0.08955714106559753","0.1090259999036789","0.24706672877073288","0.16856718063354492","0.3271471858024597","0.2722303867340088","0.24833548069000244","0.2941906452178955"
"380","0.09879973344504833","0.08389952033758163","0.10519103705883026","0.10083304159343243","0.08437491953372955","0.10860767960548401","0.10135308653116226","0.0844338983297348","0.10894472897052765","0.2558004856109619","0.1904541254043579","0.32080820202827454","0.2911929711699486","0.27564382553100586","0.31147539615631104"
"381","0.09329291246831417","0.08243200927972794","0.11154801398515701","0.0945535022765398","0.08322987705469131","0.1128687858581543","0.09488961473107338","0.08318901807069778","0.11431074887514114","0.24807465448975563","0.195749431848526","0.29696136713027954","0.28663602471351624","0.25942498445510864","0.3268268406391144"
"382","0.09485786221921444","0.08537311851978302","0.10967251658439636","0.09645326621830463","0.08723814785480499","0.1120179146528244","0.09718961454927921","0.09016404300928116","0.1120353639125824","0.26175298541784286","0.17669232189655304","0.37407639622688293","0.29612797498703003","0.26824018359184265","0.36597585678100586"
"383","0.085133021697402","0.07939622551202774","0.08946045488119125","0.08748309314250946","0.08203387260437012","0.09099796414375305","0.08789770118892193","0.08201871812343597","0.0910661518573761","0.2355922795832157","0.17406190931797028","0.30218610167503357","0.2727181017398834","0.2641419768333435","0.2814099192619324"
"384","0.08429070748388767","0.06813729554414749","0.09886180609464645","0.0858907401561737","0.07086464762687683","0.1001388430595398","0.08622356131672859","0.07073290646076202","0.10006880760192871","0.22457324340939522","0.17818574607372284","0.2667239308357239","0.25225983932614326","0.22375109791755676","0.28127992153167725"
"385","0.08830558508634567","0.08406202495098114","0.09411552548408508","0.09032829478383064","0.08547531813383102","0.09537677466869354","0.0905484352260828","0.08531500399112701","0.09645017236471176","0.23782037571072578","0.1764926016330719","0.30602285265922546","0.27316713333129883","0.2574118375778198","0.28647249937057495"
"386","0.09678329527378082","0.08766216784715652","0.10230758786201477","0.09801949746906757","0.0875549241900444","0.10389672219753265","0.09835989214479923","0.0877632200717926","0.10381867736577988","0.2595828287303448","0.18517827987670898","0.34468960762023926","0.27769872546195984","0.2692539691925049","0.29381442070007324"
"387","0.09985633939504623","0.0832713320851326","0.12352526187896729","0.10155357979238033","0.08457867801189423","0.12575694918632507","0.10172852501273155","0.08457799255847931","0.126425102353096","0.26527929678559303","0.19278399646282196","0.3322267532348633","0.3054892271757126","0.27239400148391724","0.34226489067077637"
"388","0.09045668318867683","0.076294906437397","0.10441124439239502","0.09244956262409687","0.07794869691133499","0.1047271341085434","0.09248124994337559","0.07813398540019989","0.10481153428554535","0.24038248136639595","0.17696449160575867","0.3314349055290222","0.2700396105647087","0.24694937467575073","0.2977255582809448"
"389","0.09208976291120052","0.07135162502527237","0.1118103414773941","0.0941877793520689","0.07287312299013138","0.11354853212833405","0.09446900151669979","0.07296410202980042","0.11350822448730469","0.2466902919113636","0.1698637306690216","0.32632291316986084","0.2768951505422592","0.2562980651855469","0.3019816279411316"
"390","0.07775523699820042","0.07150436192750931","0.08426143229007721","0.07922649569809437","0.07286801934242249","0.08510974049568176","0.07937638647854328","0.07294365763664246","0.08534343540668488","0.22325210645794868","0.1568642407655716","0.2934757471084595","0.25488119199872017","0.24347741901874542","0.2683519124984741"
"391","0.09498686343431473","0.08902895450592041","0.10444217920303345","0.09741620719432831","0.09218931943178177","0.10585480183362961","0.09775427915155888","0.09254082292318344","0.10600786656141281","0.24960296973586082","0.173537015914917","0.31768888235092163","0.2883297950029373","0.26913321018218994","0.3069244623184204"
"392","0.09083797596395016","0.08295790106058121","0.1023998111486435","0.09275569394230843","0.08449308574199677","0.10353904962539673","0.09277132526040077","0.08499646186828613","0.10373237729072571","0.24536502361297607","0.1720966398715973","0.3203807473182678","0.2809559926390648","0.2716521918773651","0.29023677110671997"
"393","0.08620764315128326","0.07674027979373932","0.10496726632118225","0.08724646642804146","0.07876234501600266","0.10547592490911484","0.08727169968187809","0.0790250301361084","0.10509032756090164","0.2265695482492447","0.15847155451774597","0.27928680181503296","0.2616497166454792","0.24051432311534882","0.28973543643951416"
"394","0.08523613400757313","0.08068984746932983","0.08965956419706345","0.08732636645436287","0.08269671350717545","0.09196408092975616","0.08733644336462021","0.08240030705928802","0.09189414978027344","0.23440219834446907","0.16057109832763672","0.30912676453590393","0.24794448912143707","0.22681808471679688","0.2575039267539978"
"395","0.08441447280347347","0.07733437418937683","0.09621163457632065","0.08628937602043152","0.0794757828116417","0.09812188893556595","0.08631997928023338","0.07908015698194504","0.09865783900022507","0.23836040869355202","0.16571611166000366","0.30643534660339355","0.27129074931144714","0.26093345880508423","0.2837259769439697"
"396","0.09502465277910233","0.08652162551879883","0.11412687599658966","0.09720163606107235","0.08790691941976547","0.1151842251420021","0.09746522270143032","0.08792661875486374","0.11609087884426117","0.24122494459152222","0.17653396725654602","0.3035011887550354","0.2767728790640831","0.25125852227211","0.316344678401947"
"397","0.08591315522789955","0.07873958349227905","0.1001051813364029","0.08772137016057968","0.08007783442735672","0.10291649401187897","0.08778994344174862","0.07995924353599548","0.10368858277797699","0.23254937678575516","0.15373431146144867","0.2939395308494568","0.2534322030842304","0.24092239141464233","0.2762525677680969"
"398","0.08645335398614407","0.0804826021194458","0.09115979075431824","0.08844233304262161","0.08479522168636322","0.09186579287052155","0.0886355135589838","0.08501993864774704","0.09180606156587601","0.23205635696649551","0.17112001776695251","0.2989523708820343","0.25925444066524506","0.25569209456443787","0.26605716347694397"
"399","0.09293831698596478","0.0886218249797821","0.09718995541334152","0.09394412115216255","0.08994084596633911","0.09783686697483063","0.0941146444529295","0.08993329852819443","0.09819246828556061","0.24787898734211922","0.17960873246192932","0.31730884313583374","0.2765841409564018","0.275577574968338","0.27906376123428345"
"400","0.08136450499296188","0.07360665500164032","0.08779412508010864","0.08326288126409054","0.07628771662712097","0.08947400748729706","0.08343048952519894","0.07660651206970215","0.08943388611078262","0.23438972979784012","0.16503700613975525","0.3032737374305725","0.26954781264066696","0.26291623711586","0.27946481108665466"
"401","0.08930260688066483","0.08722160756587982","0.09257754683494568","0.09016029350459576","0.087837815284729","0.09365300834178925","0.09034418128430843","0.08795394003391266","0.09381528198719025","0.2394377999007702","0.1736164093017578","0.3137143552303314","0.26103533059358597","0.25423717498779297","0.2690650522708893"
"402","0.08597857505083084","0.08317524939775467","0.08893321454524994","0.08685333281755447","0.08436988294124603","0.08968137204647064","0.08705009520053864","0.08443179726600647","0.08975863456726074","0.23584717884659767","0.17189106345176697","0.3044734597206116","0.26335620880126953","0.2550293505191803","0.2705118656158447"
"403","0.09515034593641758","0.07630889117717743","0.11779353022575378","0.0971007514744997","0.07921221107244492","0.11995302885770798","0.09727759100496769","0.07936868071556091","0.12009704858064651","0.249340258538723","0.19588297605514526","0.29862481355667114","0.28845950216054916","0.2559128403663635","0.34544986486434937"
"404","0.08594322018325329","0.07977306842803955","0.09656574577093124","0.08732769452035427","0.0808611735701561","0.09908582270145416","0.08755202032625675","0.0812004879117012","0.09928715229034424","0.23782498762011528","0.1707991510629654","0.3233298063278198","0.26766854524612427","0.24763062596321106","0.28228238224983215"
"405","0.08528291247785091","0.07298797369003296","0.09184235334396362","0.0875430665910244","0.07608157396316528","0.09242638945579529","0.0877059455960989","0.07617586106061935","0.09271059185266495","0.23072466999292374","0.15844306349754333","0.30695563554763794","0.266904853284359","0.2545824944972992","0.27986621856689453"
"406","0.09323514066636562","0.08557920902967453","0.10169225186109543","0.09513384476304054","0.0861084833741188","0.10364140570163727","0.09523285739123821","0.08583949506282806","0.10368618369102478","0.2466934584081173","0.178068146109581","0.3203893303871155","0.28411993384361267","0.27579617500305176","0.29557156562805176"
"407","0.08438625372946262","0.07789914309978485","0.09564852714538574","0.08559699356555939","0.07959175109863281","0.0961778536438942","0.08581889979541302","0.07970118522644043","0.09634826332330704","0.2315831109881401","0.1730639636516571","0.3037145733833313","0.26348110288381577","0.25745847821235657","0.27007028460502625"
"408","0.08820117823779583","0.07218678295612335","0.10226540267467499","0.09018521755933762","0.07375016063451767","0.10458904504776001","0.09019890986382961","0.07394631206989288","0.10430409014225006","0.22883759066462517","0.14816328883171082","0.3184254765510559","0.2536195255815983","0.22788389027118683","0.28908517956733704"
"409","0.0855796430259943","0.07763078063726425","0.09209668636322021","0.08762358501553535","0.07932620495557785","0.09290530532598495","0.08782204985618591","0.07927718013525009","0.09277775883674622","0.22897323966026306","0.17098024487495422","0.30642169713974","0.2498142197728157","0.23309817910194397","0.26180291175842285"
"410","0.09284177795052528","0.08170683681964874","0.10088375210762024","0.09337842650711536","0.08224175125360489","0.09994632005691528","0.09357334300875664","0.0825214684009552","0.10008794069290161","0.238875612616539","0.17451852560043335","0.3251997232437134","0.26358698308467865","0.24134007096290588","0.27659890055656433"
"411","0.10222909785807133","0.09332877397537231","0.12090633809566498","0.10341653414070606","0.09360779821872711","0.12313568592071533","0.10352903977036476","0.09437654912471771","0.12261859327554703","0.25979243963956833","0.18491065502166748","0.31829434633255005","0.28364457935094833","0.26867130398750305","0.3188931941986084"
"412","0.08896866254508495","0.07533423602581024","0.09700531512498856","0.09010152518749237","0.07723507285118103","0.09748290479183197","0.09018592350184917","0.0774901807308197","0.09776058048009872","0.24763663858175278","0.15914207696914673","0.33651623129844666","0.27052367478609085","0.24121752381324768","0.29439470171928406"
"413","0.08571591228246689","0.08069556951522827","0.0905841812491417","0.08780166506767273","0.08232590556144714","0.09310676157474518","0.08821315504610538","0.082621730864048","0.09404391795396805","0.2417493239045143","0.16831588745117188","0.3072660565376282","0.2702482268214226","0.25795647501945496","0.2901226282119751"
"414","0.09213641472160816","0.08674566447734833","0.09580262005329132","0.09403342567384243","0.08867020159959793","0.09701833873987198","0.09422183036804199","0.0890757143497467","0.09769527614116669","0.24111007526516914","0.17988786101341248","0.3021315038204193","0.2667776495218277","0.26237228512763977","0.2709832191467285"
"415","0.09375536441802979","0.08058840781450272","0.10467398166656494","0.0952792651951313","0.08284029364585876","0.10509616881608963","0.09546332061290741","0.08307451009750366","0.10552455484867096","0.25210535898804665","0.169264554977417","0.33241239190101624","0.2706579267978668","0.2579348385334015","0.2885727882385254"
"416","0.09014433808624744","0.08696042001247406","0.09360538423061371","0.09112059511244297","0.0882410779595375","0.09392483532428741","0.0913036298006773","0.08804348111152649","0.09451799839735031","0.2384430393576622","0.165761798620224","0.3033583462238312","0.25820617005228996","0.23906679451465607","0.2703551650047302"
"417","0.08849895745515823","0.07734307646751404","0.10426418483257294","0.08967498876154423","0.07895578444004059","0.10366194695234299","0.08977422304451466","0.07883575558662415","0.10371197760105133","0.22937753051519394","0.16900213062763214","0.29877030849456787","0.2582639902830124","0.23969902098178864","0.284574031829834"
"418","0.08365178108215332","0.07589506357908249","0.0912160649895668","0.08479803614318371","0.07636735588312149","0.09173275530338287","0.08488325215876102","0.07627378404140472","0.0922415629029274","0.23080439493060112","0.15092772245407104","0.30594563484191895","0.25000961869955063","0.23447778820991516","0.2621039152145386"
"419","0.09486189298331738","0.08941342681646347","0.10767832398414612","0.09600972011685371","0.08902744948863983","0.11030268669128418","0.0962016936391592","0.08967611938714981","0.11034654080867767","0.24749498441815376","0.16747461259365082","0.331251323223114","0.2679877504706383","0.25443291664123535","0.29180580377578735"
"420","0.08616196364164352","0.07114480435848236","0.0958857536315918","0.08748499304056168","0.07251016795635223","0.09779655933380127","0.087552011013031","0.07261452823877335","0.09786930680274963","0.23367911204695702","0.1538812518119812","0.31111079454421997","0.26153986528515816","0.2390546053647995","0.2772790789604187"
"421","0.08630291000008583","0.07578348368406296","0.09601105004549026","0.08750729262828827","0.07622194290161133","0.09804239124059677","0.08766847662627697","0.07640805840492249","0.09829451888799667","0.23272019624710083","0.14890503883361816","0.32164818048477173","0.25746380537748337","0.23914092779159546","0.27011987566947937"
"423","0.0918595939874649","0.08330278843641281","0.09650441259145737","0.0934872254729271","0.08607562631368637","0.0989869013428688","0.09349226392805576","0.08600170165300369","0.09927721321582794","0.25150738656520844","0.18000590801239014","0.31817328929901123","0.28075215220451355","0.26504695415496826","0.2989550828933716"
"424","0.09481826797127724","0.08857160061597824","0.10550390183925629","0.09558594785630703","0.0887519121170044","0.10562145709991455","0.09578089416027069","0.08888760209083557","0.1057593822479248","0.2582368962466717","0.171550452709198","0.3553962707519531","0.2701880857348442","0.2534946799278259","0.28872501850128174"
"425","0.09218432009220123","0.07440614700317383","0.11602910608053207","0.09333627112209797","0.07692882418632507","0.11531536281108856","0.09343861974775791","0.07709876447916031","0.11531797051429749","0.23877932876348495","0.16122519969940186","0.3397561311721802","0.2706043869256973","0.2396329939365387","0.322519987821579"
"426","0.08721946366131306","0.07602575421333313","0.09594723582267761","0.08814207836985588","0.07630982995033264","0.09591542929410934","0.08836240507662296","0.07646200805902481","0.09622988104820251","0.23477506265044212","0.16497911512851715","0.31557929515838623","0.25466784462332726","0.24279999732971191","0.26481401920318604"
"427","0.08764344453811646","0.07594379037618637","0.10032819211483002","0.08911783806979656","0.0770961120724678","0.10231991112232208","0.08915692940354347","0.07714101672172546","0.1026713103055954","0.2333839312195778","0.15269732475280762","0.30871817469596863","0.26018476486206055","0.23314155638217926","0.29396310448646545"
"428","0.09431834146380424","0.07830861955881119","0.11078950762748718","0.09536813199520111","0.08029112219810486","0.11176704615354538","0.09553218632936478","0.0804658979177475","0.11179600656032562","0.24733853712677956","0.17255616188049316","0.34418466687202454","0.2699355334043503","0.24846655130386353","0.31448227167129517"
"429","0.08800821378827095","0.08454467356204987","0.09395472705364227","0.08947635442018509","0.08588333427906036","0.09534075111150742","0.08942860178649426","0.08619379997253418","0.09537890553474426","0.23113040626049042","0.17003077268600464","0.3025380074977875","0.25807682052254677","0.24739207327365875","0.2708177864551544"
"430","0.09458909928798676","0.08814708888530731","0.10736066102981567","0.09620092995464802","0.08957885205745697","0.10937028378248215","0.09632181189954281","0.08947600424289703","0.10963161289691925","0.25588206201791763","0.1810934841632843","0.3499523997306824","0.2850387543439865","0.26348793506622314","0.3140535354614258"
"431","0.08552820980548859","0.07527274638414383","0.10176818072795868","0.08629984222352505","0.07615435123443604","0.10251645743846893","0.08650335110723972","0.076149120926857","0.10252165794372559","0.22835052385926247","0.1498648077249527","0.30996331572532654","0.24925820529460907","0.23221293091773987","0.27040261030197144"
"432","0.09149237722158432","0.08261647075414658","0.10087939351797104","0.09273849055171013","0.08354797214269638","0.10116562247276306","0.09295934811234474","0.08391780406236649","0.10173079371452332","0.23760142922401428","0.16016271710395813","0.3082085847854614","0.2624884247779846","0.24173441529273987","0.27301517128944397"
"433","0.08952168002724648","0.0779653787612915","0.101497583091259","0.09073613956570625","0.07829499244689941","0.1036641076207161","0.09088720940053463","0.07851310074329376","0.10418935120105743","0.2388276755809784","0.17088741064071655","0.2984679937362671","0.2575494758784771","0.24367594718933105","0.2905731201171875"
"434","0.0966558139771223","0.09210431575775146","0.1064562052488327","0.09818667359650135","0.0934009999036789","0.10952771455049515","0.09824399836361408","0.09344024956226349","0.10959470272064209","0.24687239900231361","0.1770128309726715","0.3460986018180847","0.26991385221481323","0.2509980797767639","0.3014588952064514"
"435","0.09257177636027336","0.09019432216882706","0.09538643062114716","0.09373609162867069","0.09217506647109985","0.09612858295440674","0.09379707463085651","0.09243553876876831","0.09597620368003845","0.23865124210715294","0.17047297954559326","0.30837252736091614","0.2545601576566696","0.24615788459777832","0.2609320282936096"
"436","0.08758572675287724","0.0842895358800888","0.09587828814983368","0.08874315768480301","0.08427227288484573","0.09714093804359436","0.0888232346624136","0.08456750214099884","0.0970960333943367","0.22423527762293816","0.16014337539672852","0.2967870831489563","0.24433185905218124","0.23592501878738403","0.26036185026168823"
"437","0.07934624515473843","0.06744944304227829","0.08532263338565826","0.08087333291769028","0.06954815238714218","0.0861569494009018","0.0809637289494276","0.06959552317857742","0.08633384108543396","0.21529912576079369","0.1674787849187851","0.27356332540512085","0.23966719955205917","0.22256633639335632","0.2546091675758362"
"438","0.08635102584958076","0.07439149171113968","0.09170521050691605","0.08760128356516361","0.07566031813621521","0.0918722003698349","0.08756244368851185","0.07565213739871979","0.09185517579317093","0.2441442422568798","0.16030624508857727","0.31890949606895447","0.255881167948246","0.22883525490760803","0.27696117758750916"
"439","0.09507439285516739","0.09324602782726288","0.09667889028787613","0.09635897167026997","0.09340940415859222","0.0985809713602066","0.0966251902282238","0.09355784207582474","0.09861671924591064","0.2434980496764183","0.18247345089912415","0.3086360692977905","0.2692805528640747","0.2604832947254181","0.2789192497730255"
"440","0.0916025061160326","0.08509203046560287","0.10330067574977875","0.09249411337077618","0.08617272973060608","0.10429567098617554","0.09247999265789986","0.08618833124637604","0.1038399264216423","0.23524757847189903","0.17317482829093933","0.28855037689208984","0.2657869793474674","0.24786318838596344","0.3003300130367279"
"441","0.09117978997528553","0.08520658314228058","0.09710520505905151","0.0927065759897232","0.08809398114681244","0.09844238311052322","0.09271818958222866","0.08775556087493896","0.09844531118869781","0.23787729069590569","0.16441284120082855","0.31800732016563416","0.2537933699786663","0.2424715906381607","0.2737189531326294"
"442","0.08704992197453976","0.07765883207321167","0.10046161711215973","0.0886449720710516","0.08099263906478882","0.10022707283496857","0.08856424875557423","0.08064809441566467","0.10010736435651779","0.2308468334376812","0.1563599705696106","0.30647313594818115","0.25294413790106773","0.23357217013835907","0.2733093500137329"
"443","0.08423084765672684","0.0742383822798729","0.09886779636144638","0.08533585257828236","0.07547429203987122","0.10039735585451126","0.0853342954069376","0.0756060928106308","0.10067050904035568","0.22376111522316933","0.1767403483390808","0.2698182463645935","0.2550024129450321","0.23203912377357483","0.2824661433696747"
"444","0.09051241166889668","0.08297192305326462","0.10472738742828369","0.09122520871460438","0.08301688730716705","0.106964111328125","0.09121797233819962","0.08309515565633774","0.10686901211738586","0.22577570751309395","0.1636981964111328","0.27918797731399536","0.25968505442142487","0.24950197339057922","0.28424668312072754"
"445","0.08945992030203342","0.07927005738019943","0.10532737523317337","0.0919222254306078","0.08198846876621246","0.10837426781654358","0.09183988347649574","0.08202500641345978","0.10789088904857635","0.22935825958848","0.17946559190750122","0.2700580060482025","0.2577705457806587","0.23383313417434692","0.30302807688713074"
"446","0.08157588541507721","0.07705418020486832","0.08534732460975647","0.08216972090303898","0.07734285295009613","0.0863041877746582","0.0821077823638916","0.0772814229130745","0.08637794852256775","0.22261057794094086","0.15554562211036682","0.29174983501434326","0.2425367571413517","0.2397695630788803","0.24859648942947388"
"447","0.08712262101471424","0.07730364799499512","0.10526826977729797","0.08839964307844639","0.08061065524816513","0.10432633757591248","0.08857686817646027","0.08120841532945633","0.1044032946228981","0.22953948006033897","0.15760837495326996","0.29237279295921326","0.2486109845340252","0.23411321640014648","0.2777160108089447"
"448","0.09510675072669983","0.08817866444587708","0.10494332015514374","0.09612466022372246","0.08995602279901505","0.10598468780517578","0.09613834880292416","0.09024732559919357","0.1057620421051979","0.2441467009484768","0.17556007206439972","0.31483447551727295","0.2748825252056122","0.2656857967376709","0.28095582127571106"
"449","0.08874048106372356","0.08480919152498245","0.09086457639932632","0.08909716829657555","0.08529798686504364","0.09158122539520264","0.08929033949971199","0.08527977764606476","0.09163670241832733","0.21959864348173141","0.16335946321487427","0.2789264917373657","0.24064848944544792","0.23299509286880493","0.2462989091873169"
"450","0.08123645558953285","0.07036811858415604","0.08824169635772705","0.08220847137272358","0.07182256877422333","0.08850061893463135","0.08236613869667053","0.07184627652168274","0.0886261835694313","0.21096117421984673","0.15320985019207","0.27807605266571045","0.2330828234553337","0.2160845398902893","0.2443089485168457"
"451","0.09203953854739666","0.07962782680988312","0.11587979644536972","0.09374440088868141","0.08082985877990723","0.11767909675836563","0.0939097423106432","0.0809679925441742","0.11749270558357239","0.24876797571778297","0.17078807950019836","0.3650203347206116","0.2703862227499485","0.24798868596553802","0.3169422745704651"
"452","0.09154660440981388","0.0850328579545021","0.09708977490663528","0.0924330335110426","0.08607695996761322","0.0976998507976532","0.0924829300493002","0.08599050343036652","0.09777309745550156","0.24750300496816635","0.16865909099578857","0.3341003656387329","0.2622360363602638","0.24906185269355774","0.27660998702049255"
"453","0.09195426478981972","0.082302987575531","0.10984349250793457","0.09236796572804451","0.08272905647754669","0.11038117110729218","0.09252156876027584","0.08280911296606064","0.11047618091106415","0.23042258992791176","0.160665363073349","0.2857317626476288","0.2540232464671135","0.23139643669128418","0.2955666780471802"
"454","0.08328676223754883","0.08101433515548706","0.08618605136871338","0.08438478596508503","0.08175550401210785","0.08726368844509125","0.08439608290791512","0.08187450468540192","0.08705248683691025","0.21645279601216316","0.15054851770401","0.280143141746521","0.243889719247818","0.23754474520683289","0.2483174055814743"
"455","0.09448055736720562","0.08592337369918823","0.10466063767671585","0.09592431411147118","0.08787508308887482","0.10493151843547821","0.09614086709916592","0.08784325420856476","0.10505378246307373","0.24274611473083496","0.16353237628936768","0.33682990074157715","0.2552565522491932","0.23985476791858673","0.28190746903419495"
"456","0.0926003847271204","0.08817677944898605","0.0976448506116867","0.09393130242824554","0.08945313096046448","0.0985238254070282","0.09396187588572502","0.08940203487873077","0.09861116856336594","0.230665385723114","0.1687760353088379","0.28908199071884155","0.2514056973159313","0.24657467007637024","0.2566276788711548"
"457","0.09100985899567604","0.078900545835495","0.10809120535850525","0.09237232245504856","0.07957153022289276","0.10904603451490402","0.09242895804345608","0.07948540151119232","0.10907122492790222","0.23636678606271744","0.18016093969345093","0.2883407473564148","0.2629038356244564","0.24084095656871796","0.3008981943130493"
"458","0.09263972193002701","0.07976976037025452","0.11593145877122879","0.09414841420948505","0.08098369836807251","0.11669211089611053","0.09428845718502998","0.08099912106990814","0.11695025861263275","0.23388385772705078","0.1639927178621292","0.2999102771282196","0.26257793977856636","0.23713423311710358","0.2969534397125244"
"459","0.08821976557374","0.07930024713277817","0.09717487543821335","0.08798830397427082","0.07895200699567795","0.09677200019359589","0.08820758387446404","0.07912293076515198","0.09659275412559509","0.23710491880774498","0.15639008581638336","0.31546398997306824","0.25167084485292435","0.22581017017364502","0.2799195647239685"
"460","0.09522464871406555","0.09213889390230179","0.09718769043684006","0.09677852503955364","0.09426768869161606","0.09854623675346375","0.09676481410861015","0.09407208859920502","0.09850813448429108","0.24702315032482147","0.18330177664756775","0.3176463544368744","0.2759658694267273","0.2654966115951538","0.283336341381073"
"461","0.08439099974930286","0.0793423131108284","0.09636121988296509","0.08612472750246525","0.08094771206378937","0.09813658893108368","0.08604466915130615","0.08069008588790894","0.09798309952020645","0.23526402562856674","0.17562681436538696","0.29096657037734985","0.25904708728194237","0.24103210866451263","0.2848813533782959"
"462","0.0888641569763422","0.08150207996368408","0.09557414799928665","0.08974460139870644","0.08272260427474976","0.09640643745660782","0.08968748152256012","0.08278971910476685","0.09652981162071228","0.23679465427994728","0.16676686704158783","0.32504329085350037","0.25493162497878075","0.24480293691158295","0.26775383949279785"
"463","0.1021812055259943","0.09102974832057953","0.1095653623342514","0.10262161307036877","0.09210942685604095","0.10902132093906403","0.10283255390822887","0.09249764680862427","0.10931765288114548","0.2631085105240345","0.1921679526567459","0.3312307894229889","0.2680738568305969","0.24744120240211487","0.29187119007110596"
"464","0.09376594237983227","0.07994009554386139","0.11042939871549606","0.09433976374566555","0.08056950569152832","0.11069381982088089","0.0945990290492773","0.08061153441667557","0.11119291186332703","0.23348218202590942","0.17094731330871582","0.2994324564933777","0.26013021543622017","0.23956707119941711","0.28240054845809937"
"465","0.09051155671477318","0.08589726686477661","0.0982828289270401","0.09156222641468048","0.08643336594104767","0.0983298122882843","0.09163220226764679","0.08647370338439941","0.09829093515872955","0.23469924181699753","0.16623757779598236","0.30805420875549316","0.2584337517619133","0.24666234850883484","0.28168749809265137"
"466","0.0907923523336649","0.0786803662776947","0.09736711531877518","0.09153642505407333","0.07922564446926117","0.09888097643852234","0.09167922474443913","0.07987190783023834","0.09890186786651611","0.23838795721530914","0.15442833304405212","0.3121403455734253","0.2572578266263008","0.22896090149879456","0.2815016806125641"
"467","0.09635277651250362","0.07670777291059494","0.12239791452884674","0.09665142931044102","0.07800314575433731","0.12306481599807739","0.09670450165867805","0.07805632799863815","0.12312880158424377","0.24085382744669914","0.18137596547603607","0.29282957315444946","0.2601958215236664","0.23348449170589447","0.30912405252456665"
"468","0.08094040676951408","0.06869856268167496","0.08957867324352264","0.08158020675182343","0.06833714246749878","0.09102000296115875","0.08179391734302044","0.06863600760698318","0.09119199216365814","0.21988532692193985","0.14163309335708618","0.29664376378059387","0.24094900488853455","0.23036324977874756","0.25547319650650024"
"469","0.08793858252465725","0.08054608851671219","0.10065117478370667","0.08845081739127636","0.08090585470199585","0.10101386904716492","0.08868049457669258","0.08129837363958359","0.10138273984193802","0.22281033918261528","0.1532042771577835","0.28893572092056274","0.2409278005361557","0.22830234467983246","0.25394633412361145"
"470","0.08197301812469959","0.07341441512107849","0.09279517084360123","0.08225353062152863","0.07461482286453247","0.09323836117982864","0.08237265236675739","0.0745772123336792","0.09311145544052124","0.2208925150334835","0.16311226785182953","0.27236586809158325","0.239526879042387","0.22870272397994995","0.25597506761550903"
"471","0.08740421757102013","0.07539805769920349","0.09220054745674133","0.09186301939189434","0.07894926518201828","0.09681420028209686","0.09198996238410473","0.07886942476034164","0.09686223417520523","0.24413596838712692","0.1861192286014557","0.3206435441970825","0.2613687962293625","0.23523598909378052","0.27873632311820984"
"472","0.08251947723329067","0.06681914627552032","0.10130149126052856","0.08650797419250011","0.07079727947711945","0.10452653467655182","0.08660629764199257","0.07089369744062424","0.10469800233840942","0.23110279068350792","0.1477411538362503","0.33002498745918274","0.24010755866765976","0.21577134728431702","0.2805234491825104"
"473","0.07674646750092506","0.0745825469493866","0.07864932715892792","0.08145039528608322","0.07877369970083237","0.0834386795759201","0.08163474313914776","0.07895919680595398","0.0839223861694336","0.2208811268210411","0.1679125428199768","0.2789878845214844","0.23911245539784431","0.22924378514289856","0.24520255625247955"
"474","0.08216734230518341","0.07732529193162918","0.08694997429847717","0.08589759841561317","0.08129014074802399","0.0910302996635437","0.08603244088590145","0.08159221708774567","0.0913899764418602","0.22585808485746384","0.16375389695167542","0.283557653427124","0.247527826577425","0.23917515575885773","0.26232045888900757"
"475","0.0761396624147892","0.07081987708806992","0.08240702003240585","0.08001846075057983","0.07530657947063446","0.08541172742843628","0.08009986020624638","0.07518213242292404","0.08572205901145935","0.21754901483654976","0.150275319814682","0.27585336565971375","0.23400772362947464","0.2230568826198578","0.24881711602210999"
"476","0.08554057404398918","0.0738976001739502","0.0941799059510231","0.08953860774636269","0.07823599129915237","0.09798439592123032","0.08967200107872486","0.07829725742340088","0.09812761843204498","0.23082851245999336","0.16645748913288116","0.30748313665390015","0.25655030459165573","0.23883703351020813","0.2806784510612488"
"477","0.0771759431809187","0.07248128205537796","0.0820436105132103","0.08193121664226055","0.07673442363739014","0.08804148435592651","0.0820413175970316","0.07678605616092682","0.08807782828807831","0.2191207930445671","0.15293297171592712","0.2857303321361542","0.23733993247151375","0.22653828561306","0.246709406375885"
"478","0.08162007108330727","0.06762916594743729","0.09375329315662384","0.08526831865310669","0.07062163949012756","0.09688594937324524","0.0854635238647461","0.07097682356834412","0.09713182598352432","0.24418778717517853","0.14200620353221893","0.3418092727661133","0.2565406784415245","0.21761921048164368","0.28656089305877686"
"479","0.0857146717607975","0.07869084924459457","0.0903577208518982","0.09101447649300098","0.08311806619167328","0.09478083997964859","0.09115624614059925","0.08308810740709305","0.09507680684328079","0.24777627363801003","0.17828887701034546","0.3211299180984497","0.2656143307685852","0.23787593841552734","0.2830057144165039"
"480","0.08306320942938328","0.07264850288629532","0.09316223859786987","0.08732684142887592","0.07634960114955902","0.09811453521251678","0.08740188740193844","0.07626695930957794","0.09843602776527405","0.22515066340565681","0.1548069566488266","0.2928023338317871","0.23421857878565788","0.22570641338825226","0.24516059458255768"
"481","0.07671206258237362","0.061571575701236725","0.08491194993257523","0.08079662919044495","0.06642522662878036","0.0884711891412735","0.0809213649481535","0.0663449689745903","0.08852848410606384","0.22818190604448318","0.1367352455854416","0.31994304060935974","0.23864932358264923","0.209119513630867","0.26475271582603455"
"482","0.07968181185424328","0.06904105097055435","0.09523507207632065","0.08342118747532368","0.0723104178905487","0.10004150122404099","0.08342114463448524","0.07242020964622498","0.09986314177513123","0.2291818931698799","0.1483607441186905","0.32290366291999817","0.2419315129518509","0.22704896330833435","0.2733728885650635"
"483","0.08334118500351906","0.07809869199991226","0.09037168323993683","0.08780842646956444","0.08245505392551422","0.09503309428691864","0.087972491979599","0.0825754702091217","0.09542538225650787","0.2301158830523491","0.17073459923267365","0.29226189851760864","0.23876557126641273","0.22615329921245575","0.259333997964859"
"484","0.08307627029716969","0.07930486649274826","0.08497568964958191","0.08826509118080139","0.08396570384502411","0.09076206386089325","0.0883962158113718","0.08394872397184372","0.09077432751655579","0.24340637773275375","0.18592607975006104","0.3017713725566864","0.270830474793911","0.2647225856781006","0.28612884879112244"
"485","0.08374137803912163","0.0767592191696167","0.09152193367481232","0.08822332322597504","0.08034256100654602","0.09700950980186462","0.08843625336885452","0.08064980804920197","0.09711375832557678","0.22777308523654938","0.1632763147354126","0.3059622049331665","0.24147651344537735","0.22469066083431244","0.2596744894981384"
"486","0.08035103976726532","0.07078668475151062","0.0970996767282486","0.08364743366837502","0.07361722737550735","0.10114315152168274","0.08372250385582447","0.0737515538930893","0.1012774333357811","0.22997506707906723","0.16037875413894653","0.3125774562358856","0.2490125373005867","0.2327015995979309","0.27740031480789185"
"487","0.08431399427354336","0.07104441523551941","0.09623777866363525","0.08835381083190441","0.07564243674278259","0.09997428208589554","0.08846178092062473","0.07586435228586197","0.1001916229724884","0.23130977153778076","0.15532155334949493","0.3060673475265503","0.2519192174077034","0.2384485900402069","0.26444369554519653"
"488","0.085890868678689","0.08223786950111389","0.09384435415267944","0.08913835324347019","0.08529099822044373","0.0964457094669342","0.08953909762203693","0.08603556454181671","0.0965416356921196","0.24044164270162582","0.16880294680595398","0.31966203451156616","0.2567898631095886","0.24881049990653992","0.26653799414634705"
"489","0.0862172320485115","0.07609616219997406","0.09673195332288742","0.09018418379127979","0.0809754729270935","0.10017260909080505","0.09043239988386631","0.08118981122970581","0.10042652487754822","0.23802966997027397","0.15463575720787048","0.3195092976093292","0.24203884229063988","0.2209731787443161","0.25835490226745605"
"490","0.09314664639532566","0.08811870962381363","0.09940155595541","0.09789203107357025","0.09235826134681702","0.10415992140769958","0.09802613779902458","0.09222511947154999","0.10412056744098663","0.25236091017723083","0.18027284741401672","0.32912078499794006","0.2670704424381256","0.2557879686355591","0.2851295471191406"
"491","0.07967392913997173","0.07300648093223572","0.08634708821773529","0.08292369358241558","0.07541216909885406","0.09011518955230713","0.08302559331059456","0.07548435032367706","0.09015601873397827","0.21323416009545326","0.16178421676158905","0.2655821442604065","0.2278982326388359","0.2181265950202942","0.2400132566690445"
"492","0.09039620123803616","0.07757653295993805","0.10631151497364044","0.09445151127874851","0.08363992720842361","0.1097453385591507","0.09453324787318707","0.08374267816543579","0.10970096290111542","0.25262727588415146","0.17463520169258118","0.3638649582862854","0.2667228877544403","0.2404879331588745","0.31870368123054504"
"493","0.08021380938589573","0.06899558007717133","0.0967000424861908","0.08383283205330372","0.07213976979255676","0.10090401768684387","0.08398398570716381","0.0721358060836792","0.10090205073356628","0.2254973128437996","0.1530373990535736","0.3111674189567566","0.24465768039226532","0.22904548048973083","0.262032687664032"
"494","0.07884084805846214","0.06988691538572311","0.09575816988945007","0.08301903679966927","0.07256074994802475","0.10030856728553772","0.08313923515379429","0.07283556461334229","0.10029801726341248","0.2245672233402729","0.1497543752193451","0.29038456082344055","0.23311415687203407","0.22183096408843994","0.255212664604187"
"495","0.07831062749028206","0.06751623749732971","0.09100545197725296","0.08123231865465641","0.07005734741687775","0.09298434853553772","0.0815025120973587","0.07035686820745468","0.09341885149478912","0.2251300923526287","0.14855365455150604","0.2926144599914551","0.24252890050411224","0.2233608067035675","0.249439537525177"
"496","0.08778404630720615","0.08085997402667999","0.09081412106752396","0.09141370095312595","0.08405564725399017","0.09510563313961029","0.09135603904724121","0.0840580090880394","0.09488703310489655","0.23397591337561607","0.1786065548658371","0.3027571141719818","0.25245554745197296","0.24476556479930878","0.265038400888443"
"497","0.08477175049483776","0.07737843692302704","0.09359230846166611","0.08846362680196762","0.07991649210453033","0.09812386333942413","0.08846566081047058","0.07994680851697922","0.09827914088964462","0.24394987896084785","0.16580502688884735","0.32346105575561523","0.2595979869365692","0.24097123742103577","0.2895137071609497"
"498","0.08306614123284817","0.0711904913187027","0.09938095510005951","0.08651637099683285","0.07496639341115952","0.10316458344459534","0.0866468995809555","0.07514572143554688","0.10299539566040039","0.23209946230053902","0.1623888611793518","0.3229018449783325","0.25061991438269615","0.22918701171875","0.26791828870773315"
"499","0.0723293386399746","0.06573688238859177","0.08092528581619263","0.07546154782176018","0.06944140791893005","0.08297392725944519","0.07535001635551453","0.06926895678043365","0.08294118940830231","0.21806485205888748","0.14452743530273438","0.30054971575737","0.23640016466379166","0.21921026706695557","0.24948225915431976"
"500","0.08451973088085651","0.0772814229130745","0.09075801074504852","0.0883184615522623","0.08166520297527313","0.09456485509872437","0.08844654634594917","0.08215704560279846","0.09467300772666931","0.2364802472293377","0.16936974227428436","0.31267935037612915","0.2568632811307907","0.2422729730606079","0.27771472930908203"
"501","0.08866866677999496","0.07498860359191895","0.09883544594049454","0.09219195321202278","0.08013633638620377","0.10435321927070618","0.09240946173667908","0.08018839359283447","0.10476107895374298","0.23890559002757072","0.18848302960395813","0.30493059754371643","0.2605317458510399","0.2391616702079773","0.2831891179084778"
"502","0.07953214645385742","0.06742393970489502","0.08536798506975174","0.08338135667145252","0.07068214565515518","0.08922640979290009","0.08364580385386944","0.07078640162944794","0.08964627981185913","0.230870109051466","0.14415036141872406","0.30160191655158997","0.24953071027994156","0.22028514742851257","0.27944493293762207"
"503","0.0877092108130455","0.08326740562915802","0.09148528426885605","0.09107504598796368","0.08685804903507233","0.09486532211303711","0.09122919477522373","0.0869089812040329","0.09510290622711182","0.24302637577056885","0.17632633447647095","0.31105414032936096","0.2565891593694687","0.24826791882514954","0.2621815800666809"
"504","0.08832207135856152","0.08158360421657562","0.10070456564426422","0.09192362986505032","0.08587253093719482","0.10377666354179382","0.09199139103293419","0.08580945432186127","0.10406476259231567","0.23818067088723183","0.16946935653686523","0.30683475732803345","0.24686255306005478","0.23402759432792664","0.26600489020347595"
"505","0.08163144998252392","0.07642997056245804","0.08707618713378906","0.0856395959854126","0.08000558614730835","0.09206613898277283","0.08564579486846924","0.08010851591825485","0.09220899641513824","0.2287774458527565","0.1631249189376831","0.29748672246932983","0.25068486481904984","0.2384808361530304","0.25660836696624756"
"506","0.08387355133891106","0.0773954913020134","0.08975524455308914","0.08776101842522621","0.08138683438301086","0.0933588296175003","0.08795493841171265","0.08168689906597137","0.09364359825849533","0.22711088880896568","0.16072605550289154","0.2910914719104767","0.24088266491889954","0.2291523814201355","0.2516578733921051"
"507","0.07863410376012325","0.06959838420152664","0.0901695117354393","0.08255442418158054","0.07322470843791962","0.09443750977516174","0.08275794610381126","0.0732250064611435","0.09511704742908478","0.22786452248692513","0.16659121215343475","0.29457855224609375","0.24752627313137054","0.22195759415626526","0.2655293941497803"
"508","0.0828756932169199","0.07952812314033508","0.08689434081315994","0.08646689914166927","0.08397042751312256","0.08993899822235107","0.08634591661393642","0.0840364545583725","0.08979614078998566","0.2215939611196518","0.16116976737976074","0.30124029517173767","0.23601459339261055","0.2225727140903473","0.24975164234638214"
"509","0.08509158715605736","0.0721031129360199","0.09186592698097229","0.08918044529855251","0.07502148300409317","0.09717398881912231","0.08935047313570976","0.07532940804958344","0.0974477231502533","0.24210970103740692","0.1638505756855011","0.31855034828186035","0.2547134906053543","0.24293193221092224","0.26438137888908386"
"510","0.0842944048345089","0.0650346428155899","0.0977616161108017","0.08756674453616142","0.06864988058805466","0.10204138606786728","0.08770017884671688","0.06874945014715195","0.10206063091754913","0.23650461435317993","0.13844764232635498","0.3382623791694641","0.24142903089523315","0.21433031558990479","0.27697688341140747"
"511","0.08320682495832443","0.07998368889093399","0.08609606325626373","0.08622585609555244","0.08308687806129456","0.08939952403306961","0.0903684925287962","0.08547437191009521","0.09917379915714264","0.2280137799680233","0.16027450561523438","0.3059159815311432","0.2469395138323307","0.2323087453842163","0.27313917875289917"
"512","0.07698083482682705","0.06136245280504227","0.09861183166503906","0.07925417087972164","0.06289699673652649","0.10114012658596039","0.07957415841519833","0.06318673491477966","0.10158894211053848","0.22082087025046349","0.13529178500175476","0.33047276735305786","0.24057219177484512","0.2132180780172348","0.28734320402145386"
"513","0.08427965641021729","0.07423296570777893","0.09530413895845413","0.08716456405818462","0.07678698003292084","0.09855678677558899","0.08741437830030918","0.07703830301761627","0.09936925768852234","0.23031429573893547","0.16934765875339508","0.2902803122997284","0.23562338948249817","0.22115185856819153","0.2561906576156616"
"514","0.08460188284516335","0.07080098986625671","0.09026046097278595","0.0880931094288826","0.07384920120239258","0.09488319605588913","0.08866550959646702","0.07423988729715347","0.09657835960388184","0.2259940281510353","0.1721806824207306","0.2996485233306885","0.231416966766119","0.21125678718090057","0.23947860300540924"
"515","0.08019478619098663","0.07122017443180084","0.08708247542381287","0.08325357735157013","0.07555367052555084","0.08988942950963974","0.08480220101773739","0.0786312147974968","0.08996055275201797","0.22522107884287834","0.14919891953468323","0.30902326107025146","0.2419266514480114","0.22355905175209045","0.257317453622818"
"516","0.07884418964385986","0.061814144253730774","0.0882866233587265","0.08164143934845924","0.06552506983280182","0.09137323498725891","0.08289978094398975","0.06984508037567139","0.0918496772646904","0.22222555428743362","0.1277260184288025","0.31159621477127075","0.22264043614268303","0.18975764513015747","0.23936402797698975"
"517","0.07991397008299828","0.0681350976228714","0.08790146559476852","0.08333538100123405","0.07112399488687515","0.09176484495401382","0.0856084506958723","0.0798175185918808","0.09209173917770386","0.22099527716636658","0.14299046993255615","0.2904307544231415","0.22462472692131996","0.21327756345272064","0.23618440330028534"
"518","0.08469329960644245","0.07626383006572723","0.09054893255233765","0.0886134784668684","0.08021114021539688","0.0947360098361969","0.08968707174062729","0.08009408414363861","0.09894394129514694","0.22685084119439125","0.1524779349565506","0.29956740140914917","0.23747990652918816","0.21830475330352783","0.25676554441452026"
"519","0.08044452778995037","0.0767945945262909","0.08537617325782776","0.08363157510757446","0.07951552420854568","0.08865347504615784","0.08466721698641777","0.0818880945444107","0.0888383686542511","0.22881193831562996","0.15353082120418549","0.3109586238861084","0.24256212636828423","0.2229953557252884","0.2616897225379944"
"520","0.07981650158762932","0.07325412333011627","0.08437006175518036","0.08329462818801403","0.0775575116276741","0.08789627254009247","0.08417138643562794","0.07782011479139328","0.08832990378141403","0.23839914426207542","0.1651170551776886","0.3063083291053772","0.24600542336702347","0.23701007664203644","0.2561517357826233"
"521","0.08163182996213436","0.07261228561401367","0.08752087503671646","0.08536756597459316","0.07720334082841873","0.09042460471391678","0.08600098639726639","0.07905008643865585","0.0905466377735138","0.22763213142752647","0.15306583046913147","0.2972552478313446","0.2420632168650627","0.2184734344482422","0.25700464844703674"
"522","0.0806884765625","0.06888681650161743","0.10090883076190948","0.08414981700479984","0.0719011053442955","0.10433134436607361","0.0847652480006218","0.0720522403717041","0.10445169359445572","0.22546103596687317","0.1716044396162033","0.27568379044532776","0.23827461153268814","0.21125860512256622","0.2753409445285797"
"523","0.08372716046869755","0.07859817147254944","0.08820045739412308","0.08706542663276196","0.08199936896562576","0.09264244139194489","0.08765234984457493","0.0837787538766861","0.09288061410188675","0.23355304077267647","0.17010939121246338","0.3020969033241272","0.24308962374925613","0.236876979470253","0.25441738963127136"
"524","0.07800420187413692","0.07047777622938156","0.08346517384052277","0.08076943084597588","0.07301704585552216","0.08702826499938965","0.08161577582359314","0.07313362509012222","0.08743822574615479","0.21037404239177704","0.1464342623949051","0.2874387502670288","0.21911655366420746","0.20583519339561462","0.23253199458122253"
"525","0.0844418928027153","0.07423797249794006","0.09591791033744812","0.0878963079303503","0.07734176516532898","0.09884463250637054","0.08873699605464935","0.07734183222055435","0.09891273826360703","0.22635706886649132","0.15389086306095123","0.29640650749206543","0.24122145026922226","0.21222010254859924","0.27788034081459045"
"526","0.07541024684906006","0.06482511758804321","0.08781032264232635","0.07784009166061878","0.0688960999250412","0.08917126059532166","0.07823862321674824","0.06909892708063126","0.08952672779560089","0.2126898653805256","0.1424906849861145","0.29496902227401733","0.2249358966946602","0.21218213438987732","0.24694538116455078"
"527","0.07765724882483482","0.07317904382944107","0.08607106655836105","0.08053280971944332","0.0752907246351242","0.089330293238163","0.0810065045952797","0.07663621753454208","0.08952140063047409","0.21480251848697662","0.143672913312912","0.27812784910202026","0.22344471886754036","0.21454042196273804","0.23572120070457458"
"528","0.07763291150331497","0.07596611231565475","0.08018889278173447","0.08085249178111553","0.07884615659713745","0.0838625431060791","0.0814595352858305","0.07904019951820374","0.08614497631788254","0.22488679364323616","0.16334740817546844","0.28538358211517334","0.23951886966824532","0.229780375957489","0.2572263479232788"
"529","0.07998566515743732","0.0762735977768898","0.08703002333641052","0.08295638859272003","0.07925261557102203","0.09043611586093903","0.083586934953928","0.0808527022600174","0.09048755466938019","0.22677889466285706","0.1597471833229065","0.31830403208732605","0.24076362699270248","0.2272581160068512","0.2683841586112976"
"530","0.08421160653233528","0.06930656731128693","0.09676232933998108","0.08760040812194347","0.07269346714019775","0.1015290841460228","0.0878963004797697","0.07342678308486938","0.10170770436525345","0.23333878070116043","0.149006187915802","0.3178502023220062","0.23892419040203094","0.2211388647556305","0.25772836804389954"
"531","0.07826260663568974","0.06719996780157089","0.08830637484788895","0.08144506253302097","0.0709625706076622","0.09189525246620178","0.08202371187508106","0.07116051018238068","0.0919308215379715","0.2221791408956051","0.1506071388721466","0.32326704263687134","0.23156935721635818","0.209811732172966","0.2618270516395569"
"532","0.07973283715546131","0.07164765149354935","0.08892299234867096","0.08315741643309593","0.07555747032165527","0.09223370254039764","0.08362366817891598","0.07756170630455017","0.09216424822807312","0.22315916046500206","0.15052179992198944","0.2960469424724579","0.22671719640493393","0.21197448670864105","0.2419809252023697"
"533","0.08828289806842804","0.0799655020236969","0.09966563433408737","0.09217781759798527","0.08169340342283249","0.10425849258899689","0.09303980879485607","0.08164867013692856","0.10749014467000961","0.23337677866220474","0.1699163019657135","0.30033165216445923","0.2473975457251072","0.23106928169727325","0.26645392179489136"
"534","0.08594861067831516","0.07569731771945953","0.0947020947933197","0.08934798650443554","0.07817991077899933","0.09968747943639755","0.0922935027629137","0.07855650782585144","0.11077598482370377","0.23175502568483353","0.14992153644561768","0.30201494693756104","0.24404733255505562","0.21258136630058289","0.27353158593177795"
"535","0.08254816196858883","0.07543133199214935","0.09161262214183807","0.08533845096826553","0.07899796962738037","0.09334424138069153","0.08604606799781322","0.07920586317777634","0.0934610366821289","0.23191481456160545","0.15203429758548737","0.31177228689193726","0.22954001650214195","0.21482397615909576","0.24881994724273682"
"536","0.08299988508224487","0.0759812742471695","0.08816277980804443","0.08564728498458862","0.07834052294492722","0.09072090685367584","0.08652541041374207","0.07876529544591904","0.09368714690208435","0.23602348566055298","0.16272594034671783","0.3049759268760681","0.243657648563385","0.23068523406982422","0.2516840994358063"
"537","0.0843778196722269","0.07844813168048859","0.09409303963184357","0.08769571036100388","0.08178557455539703","0.09682123363018036","0.08840498328208923","0.08196122944355011","0.09678154438734055","0.22365033626556396","0.15508157014846802","0.30014654994010925","0.23936863988637924","0.22147014737129211","0.25671470165252686"
"538","0.07775307260453701","0.07185039669275284","0.0859803855419159","0.08102628402411938","0.07501877844333649","0.09008006751537323","0.0816439539194107","0.07736367732286453","0.08989174664020538","0.21951672062277794","0.14737728238105774","0.2954952120780945","0.22820668667554855","0.21763047575950623","0.24133414030075073"
"539","0.08297823555767536","0.06904040277004242","0.08907986432313919","0.0857171043753624","0.07089607417583466","0.09310265630483627","0.08642539940774441","0.07067651301622391","0.09526623785495758","0.21737771853804588","0.17387375235557556","0.2795233130455017","0.23353412747383118","0.20691616833209991","0.2508203089237213"
"540","0.08417108468711376","0.07515972852706909","0.09189826250076294","0.08763703145086765","0.07861387729644775","0.09587555378675461","0.08825433813035488","0.0784955769777298","0.09849593788385391","0.2273969016969204","0.16086073219776154","0.29421356320381165","0.23732055723667145","0.2242637276649475","0.25300127267837524"
"541","0.08138715103268623","0.08052504807710648","0.0831226035952568","0.08408766984939575","0.0832824558019638","0.08542665839195251","0.08469978906214237","0.08364781737327576","0.08556247502565384","0.22256463393568993","0.1595481038093567","0.28927478194236755","0.2356918640434742","0.2261544167995453","0.24248617887496948"
"542","0.0857816506177187","0.07964234799146652","0.09808538109064102","0.08887691795825958","0.08306780457496643","0.10117314755916595","0.0897812508046627","0.08322716504335403","0.10457032173871994","0.22877905890345573","0.16950972378253937","0.285479336977005","0.2415744811296463","0.2296089231967926","0.2620537281036377"
"543","0.08021551370620728","0.07590875029563904","0.08501255512237549","0.08310994319617748","0.07837872207164764","0.08734546601772308","0.08396816626191139","0.07855408638715744","0.0870591402053833","0.2216360606253147","0.15498802065849304","0.2949810028076172","0.2242935374379158","0.21678686141967773","0.23640134930610657"
"544","0.08078468777239323","0.07410457730293274","0.08706775307655334","0.08389502204954624","0.07776587456464767","0.09035623073577881","0.0847351923584938","0.0779014527797699","0.09033101797103882","0.22636444121599197","0.1562671810388565","0.2976921796798706","0.237093947827816","0.22445759177207947","0.253316193819046"
"545","0.08341529034078121","0.07377246022224426","0.08955266326665878","0.08626599237322807","0.07727337628602982","0.09274047613143921","0.08729327842593193","0.08044995367527008","0.09297813475131989","0.23761995509266853","0.15632086992263794","0.3161396086215973","0.24194331094622612","0.2297896444797516","0.25458407402038574"
"546","0.08036106452345848","0.07352524995803833","0.08611637353897095","0.08326126076281071","0.07623687386512756","0.08987180888652802","0.08392351306974888","0.07620672881603241","0.09004341810941696","0.2260846272110939","0.1596265435218811","0.3206954300403595","0.2372736670076847","0.22135794162750244","0.25583136081695557"
"547","0.08536682464182377","0.08184773474931717","0.09338192641735077","0.08785604685544968","0.08418074250221252","0.09730484336614609","0.088477348908782","0.08379682898521423","0.09984764456748962","0.2330472134053707","0.16653192043304443","0.2939227819442749","0.24125679954886436","0.23332653939723969","0.25481116771698"
"548","0.07527473568916321","0.069451242685318","0.08185464143753052","0.07861682213842869","0.07187040895223618","0.08685490489006042","0.07935635186731815","0.0718841701745987","0.08693689107894897","0.2189115397632122","0.14651000499725342","0.2848847210407257","0.24285313859581947","0.221343532204628","0.26616910099983215"
"549","0.07800424285233021","0.07499101758003235","0.07980892062187195","0.08166232705116272","0.07933385670185089","0.08382605761289597","0.08247672952711582","0.07954072207212448","0.08579932898283005","0.22258833795785904","0.15056003630161285","0.29024186730384827","0.222491767257452","0.20876939594745636","0.23466579616069794"
"550","0.08306640200316906","0.07020832598209381","0.08998170495033264","0.08581828325986862","0.07262971997261047","0.09550409018993378","0.08670813404023647","0.0725485160946846","0.09866651892662048","0.22360628843307495","0.17296667397022247","0.2952025234699249","0.23482411354780197","0.20338192582130432","0.26632454991340637"
"551","0.08344055153429508","0.07789348810911179","0.09217773377895355","0.08609947934746742","0.08060815185308456","0.09548567235469818","0.08677131682634354","0.08082589507102966","0.09540322422981262","0.23707474768161774","0.16756972670555115","0.3090270459651947","0.2421400099992752","0.23194414377212524","0.25151023268699646"
"552","0.08425232023000717","0.08019830286502838","0.08762434124946594","0.08694030903279781","0.08343169093132019","0.09032357484102249","0.08751916512846947","0.08352525532245636","0.09041686356067657","0.22334635257720947","0.16686007380485535","0.28267425298690796","0.23591458797454834","0.2301241159439087","0.24015599489212036"
"553","0.093208571895957","0.08813808113336563","0.09732839465141296","0.09715157188475132","0.09423752874135971","0.10034456104040146","0.09802063927054405","0.09417394548654556","0.10345624387264252","0.251892514526844","0.17792439460754395","0.3279356360435486","0.2582823783159256","0.2498401403427124","0.2762548327445984"
"554","0.07698521576821804","0.06997829675674438","0.08523371070623398","0.07963941805064678","0.07229642570018768","0.08779104053974152","0.08065139502286911","0.07321619242429733","0.08783940970897675","0.2163115330040455","0.13907600939273834","0.2963758707046509","0.2261182852089405","0.20601284503936768","0.24078212678432465"
"555","0.08508589491248131","0.06722617149353027","0.09423215687274933","0.08791257813572884","0.0693974569439888","0.0973123162984848","0.08866619504988194","0.06950007379055023","0.09961961209774017","0.22375962138175964","0.17212624847888947","0.292767733335495","0.23555682972073555","0.20528246462345123","0.25065112113952637"
"556","0.07523749768733978","0.07034100592136383","0.08038011193275452","0.077600272372365","0.07296046614646912","0.08348137140274048","0.07848785258829594","0.07282491028308868","0.08713102340698242","0.2083827704191208","0.1594456434249878","0.2644381523132324","0.21863175183534622","0.20786945521831512","0.23192930221557617"
"557","0.0768127478659153","0.059048138558864594","0.08537833392620087","0.07951606623828411","0.061062999069690704","0.08894750475883484","0.08032968640327454","0.0608302503824234","0.09188005328178406","0.22053290531039238","0.16305659711360931","0.3002014458179474","0.23725131526589394","0.2126096785068512","0.25593268871307373"
"558","0.08661307021975517","0.08032990992069244","0.09284922480583191","0.08959299325942993","0.083488330245018","0.09458835422992706","0.09021276980638504","0.08315441012382507","0.09463232755661011","0.22831086814403534","0.16274429857730865","0.30132535099983215","0.23510770127177238","0.22825703024864197","0.24023973941802979"
"559","0.08094201609492302","0.0715654045343399","0.0879703089594841","0.08416658453643322","0.07410851120948792","0.09288729727268219","0.08492651395499706","0.07439524680376053","0.09301657974720001","0.23078085482120514","0.15996843576431274","0.3084532916545868","0.22983607277274132","0.21940258145332336","0.2375325858592987"
"560","0.0819573886692524","0.06598424911499023","0.08762294054031372","0.08511167764663696","0.06918292492628098","0.09079529345035553","0.08576681837439537","0.06916150450706482","0.09296491742134094","0.22915079817175865","0.1725742220878601","0.31038108468055725","0.23412975668907166","0.20458728075027466","0.2532423138618469"
"561","0.07557318732142448","0.07048624008893967","0.08363426476716995","0.07768581621348858","0.07148367911577225","0.08665001392364502","0.07858693227171898","0.07187003642320633","0.08696090430021286","0.21219319105148315","0.14585386216640472","0.29302287101745605","0.21811522915959358","0.2085120677947998","0.23933494091033936"
"562","0.08399496227502823","0.07570357620716095","0.0938691645860672","0.08704173192381859","0.07784789800643921","0.09726829826831818","0.08776340447366238","0.07805550843477249","0.09768950939178467","0.23086502775549889","0.1502886712551117","0.3026078939437866","0.23808827996253967","0.21784719824790955","0.2598230838775635"
"563","0.08922328241169453","0.07607051730155945","0.10344642400741577","0.09266318939626217","0.07890449464321136","0.10748784244060516","0.09350106865167618","0.07929231971502304","0.10797925293445587","0.2483937256038189","0.17978256940841675","0.3290141820907593","0.25667906180024147","0.23300252854824066","0.28024882078170776"
"564","0.09002555534243584","0.07713776081800461","0.10954532772302628","0.09255724586546421","0.07876231521368027","0.11176366358995438","0.09308681450784206","0.07904022932052612","0.11336550116539001","0.23398394882678986","0.16927766799926758","0.2826223075389862","0.24628131836652756","0.22562453150749207","0.27889484167099"
"565","0.07814390398561954","0.07151626795530319","0.08392633497714996","0.08151261508464813","0.07458211481571198","0.08678508549928665","0.08175161853432655","0.07451280951499939","0.08680395036935806","0.21852810680866241","0.15313300490379333","0.29587167501449585","0.22599152848124504","0.218860924243927","0.22993822395801544"
"566","0.07457970269024372","0.06893260776996613","0.0796649381518364","0.07692201621830463","0.07072124630212784","0.0832505077123642","0.07706003822386265","0.0705956369638443","0.08375818282365799","0.2104380652308464","0.1583276093006134","0.2750073969364166","0.21616528928279877","0.208490252494812","0.22264167666435242"
"567","0.07933112792670727","0.06664972752332687","0.08802615851163864","0.0818824004381895","0.06927450746297836","0.08995543420314789","0.08235111832618713","0.06899853050708771","0.09168218821287155","0.2101222388446331","0.1586005836725235","0.26640239357948303","0.22251177206635475","0.20380720496177673","0.2356952726840973"
"568","0.07970469258725643","0.06995134055614471","0.08392319083213806","0.08244586177170277","0.07215084880590439","0.0872577354311943","0.08303527906537056","0.07408936321735382","0.08741752803325653","0.21717924624681473","0.13846836984157562","0.2902875542640686","0.22061210870742798","0.2119738608598709","0.2278011292219162"
"569","0.08206507377326488","0.08009734749794006","0.08412722498178482","0.08489004708826542","0.08201198279857635","0.0871327668428421","0.08548319712281227","0.08357831090688705","0.08698911219835281","0.22104717791080475","0.1551417112350464","0.28802233934402466","0.2351580262184143","0.218681201338768","0.2530566155910492"
"570","0.07763675414025784","0.07603742927312851","0.07954290509223938","0.08055120892822742","0.07861852645874023","0.08206258714199066","0.08127482794225216","0.07905036211013794","0.083609938621521","0.21004366502165794","0.15025261044502258","0.2751835584640503","0.21997644007205963","0.21724700927734375","0.22282031178474426"
"571","0.08166106045246124","0.07439909875392914","0.09251703321933746","0.08521473035216331","0.07759789377450943","0.0968824177980423","0.08599127642810345","0.07827752083539963","0.09705439954996109","0.22717467322945595","0.14446920156478882","0.3049663305282593","0.22986691817641258","0.20254069566726685","0.2512131929397583"
"572","0.07700775936245918","0.06811077147722244","0.09438982605934143","0.0807993896305561","0.0719279795885086","0.09983521699905396","0.08132664673030376","0.07187940925359726","0.10014704614877701","0.21897093579173088","0.1406300812959671","0.29878491163253784","0.2194693461060524","0.19730490446090698","0.25017040967941284"
"573","0.08190906792879105","0.07727493345737457","0.08440400660037994","0.08530040644109249","0.08078590780496597","0.08981165289878845","0.08560306765139103","0.0810965746641159","0.09066777676343918","0.23579955473542213","0.16327786445617676","0.30796998739242554","0.23415981978178024","0.22449898719787598","0.24218639731407166"
"574","0.08240362629294395","0.06857113540172577","0.09510203450918198","0.0839435663074255","0.07070095837116241","0.09715019166469574","0.08444537594914436","0.07081123441457748","0.09721650928258896","0.22643083333969116","0.13993334770202637","0.32046279311180115","0.23228347301483154","0.20453038811683655","0.26097843050956726"
"575","0.08368799928575754","0.05951083078980446","0.09870624542236328","0.08569315634667873","0.06087546795606613","0.10141894221305847","0.08659302350133657","0.06114181503653526","0.1042177602648735","0.22280972823500633","0.1798812747001648","0.28222113847732544","0.2298177406191826","0.19560453295707703","0.2563972473144531"
"576","0.08348596096038818","0.0688532292842865","0.09119844436645508","0.0862924512475729","0.07096549868583679","0.09477279335260391","0.08693677000701427","0.07310755550861359","0.09453918039798737","0.22051281481981277","0.13464036583900452","0.2896525263786316","0.22823890298604965","0.19572961330413818","0.2541329860687256"
"577","0.08157617226243019","0.06495437026023865","0.09690059721469879","0.08515322580933571","0.06931239366531372","0.10002776235342026","0.0856669656932354","0.06927035748958588","0.10023800283670425","0.22308556362986565","0.16098915040493011","0.3136793076992035","0.2379852868616581","0.2006046622991562","0.2711998522281647"
"578","0.07938527315855026","0.07313963770866394","0.08943942189216614","0.08165975287556648","0.0746937096118927","0.09430091083049774","0.08203875832259655","0.0748366117477417","0.0942302718758583","0.21434906125068665","0.14661812782287598","0.2915419042110443","0.21864301711320877","0.2101382315158844","0.23402756452560425"
"579","0.08502360805869102","0.07988610863685608","0.09410160779953003","0.08777958899736404","0.08226664364337921","0.09769774228334427","0.08837086521089077","0.08226017653942108","0.09762385487556458","0.2310754582285881","0.15076375007629395","0.31071215867996216","0.2230859361588955","0.2037329375743866","0.25021645426750183"
"580","0.08052695356309414","0.06959021091461182","0.08619342744350433","0.08235010504722595","0.0713149756193161","0.08705209195613861","0.08263028785586357","0.07141193002462387","0.08714659512042999","0.22164945676922798","0.15960051119327545","0.3209477663040161","0.22364147007465363","0.20167386531829834","0.2408641129732132"
"581","0.0802786648273468","0.07443320751190186","0.08463480323553085","0.08271205611526966","0.07693301886320114","0.08793316036462784","0.08307518437504768","0.07797086983919144","0.08786914497613907","0.22426529228687286","0.15491873025894165","0.29404908418655396","0.229854017496109","0.2274816930294037","0.23168137669563293"
"582","0.08008862286806107","0.06665922701358795","0.0915340930223465","0.08284452371299267","0.07030384987592697","0.09458562731742859","0.08322400599718094","0.07038523256778717","0.09459026157855988","0.2229260839521885","0.1409231573343277","0.3021829128265381","0.22937621548771858","0.2063063383102417","0.2511101961135864"
"583","0.08397813886404037","0.0806446298956871","0.09193691611289978","0.08610996045172215","0.08236514031887054","0.09442473202943802","0.08641176484525204","0.08338318765163422","0.09436873346567154","0.22835665568709373","0.1536775678396225","0.3305218815803528","0.22520335763692856","0.209471195936203","0.2586352527141571"
"584","0.08568439073860645","0.07713904976844788","0.09680292010307312","0.08887952379882336","0.08050291240215302","0.09974561631679535","0.08937083929777145","0.08033996820449829","0.10196821391582489","0.2344077043235302","0.16408425569534302","0.30230528116226196","0.23836583271622658","0.22316621243953705","0.2493196725845337"
"585","0.08925382792949677","0.07802310585975647","0.10200774669647217","0.09239283204078674","0.08032185584306717","0.10539485514163971","0.09294776432216167","0.08002110570669174","0.10572756081819534","0.2355583719909191","0.17200955748558044","0.30661633610725403","0.24108804389834404","0.2214127779006958","0.256388396024704"
"586","0.09123028628528118","0.08815807104110718","0.09461109340190887","0.09355775080621243","0.0913812518119812","0.0957573801279068","0.09444605372846127","0.09266316145658493","0.09611683338880539","0.23240240663290024","0.16994082927703857","0.3094440996646881","0.23453225195407867","0.2314329445362091","0.2385888397693634"
"587","0.08456130512058735","0.07258208841085434","0.09063240885734558","0.08723144419491291","0.07617433369159698","0.09402215480804443","0.08755947649478912","0.07658898085355759","0.09429885447025299","0.2338947132229805","0.15735575556755066","0.3064735531806946","0.23778308555483818","0.2329755276441574","0.2437809705734253"
"588","0.08110477775335312","0.07597464323043823","0.09161527454853058","0.08333166688680649","0.07678304612636566","0.09530214965343475","0.08401108160614967","0.07843555510044098","0.09576573222875595","0.22361258417367935","0.14922627806663513","0.29669666290283203","0.22695131599903107","0.2196870744228363","0.23247677087783813"
"589","0.08117613382637501","0.06994254887104034","0.09303323179483414","0.08398659341037273","0.0720602497458458","0.09640771150588989","0.08468876406550407","0.07213172316551208","0.09678995609283447","0.22217600420117378","0.15598560869693756","0.31048476696014404","0.23226778581738472","0.20873582363128662","0.2600853145122528"
"590","0.0823320671916008","0.07659647613763809","0.08738462626934052","0.08471927419304848","0.0791974812746048","0.09023109078407288","0.08497341722249985","0.07907196134328842","0.09023634344339371","0.21873734518885612","0.1494690328836441","0.28983640670776367","0.22541535273194313","0.21171677112579346","0.23942318558692932"
"591","0.09487422369420528","0.0732778012752533","0.12122920900583267","0.09793584235012531","0.07680660486221313","0.12420618534088135","0.09820461645722389","0.07685498893260956","0.12368140369653702","0.2478284202516079","0.1471969187259674","0.3683149516582489","0.25673556700348854","0.22162003815174103","0.3144960105419159"
"592","0.08253144286572933","0.07028994709253311","0.09418091177940369","0.08479367010295391","0.0720558911561966","0.09698711335659027","0.08533787168562412","0.07216416299343109","0.09725885093212128","0.22638895735144615","0.1411413550376892","0.3073985278606415","0.22266843169927597","0.2057589888572693","0.23875930905342102"
"593","0.08771383203566074","0.07838061451911926","0.09200514107942581","0.09048544056713581","0.08019112050533295","0.09607847034931183","0.09077243693172932","0.08136143535375595","0.09622758626937866","0.25114183500409126","0.16131888329982758","0.33800873160362244","0.24368958920240402","0.22114208340644836","0.2671496570110321"
"594","0.08211048878729343","0.07290640473365784","0.09115638583898544","0.08469424955546856","0.07600170373916626","0.09377065300941467","0.08518948405981064","0.07599920779466629","0.09549058973789215","0.21593106165528297","0.16113466024398804","0.28530579805374146","0.22248832136392593","0.21346627175807953","0.23256006836891174"
"595","0.08212686702609062","0.06837094575166702","0.09086503833532333","0.08533016219735146","0.07136773318052292","0.09442926943302155","0.08560006134212017","0.07142782211303711","0.0944344624876976","0.21658413857221603","0.16460859775543213","0.27847087383270264","0.22397170588374138","0.21222692728042603","0.22845453023910522"
"596","0.08523673750460148","0.08161740750074387","0.08987181633710861","0.08875956945121288","0.08566878736019135","0.09330835193395615","0.08904443681240082","0.08578023314476013","0.0936848521232605","0.22375022619962692","0.16144424676895142","0.284476637840271","0.23012102395296097","0.22616331279277802","0.2372015118598938"
"597","0.07880404591560364","0.06811127066612244","0.09163345396518707","0.08149810694158077","0.07056547701358795","0.09396952390670776","0.08204277418553829","0.070549376308918","0.09466336667537689","0.21409405022859573","0.14498655498027802","0.29196664690971375","0.2240261435508728","0.2027619332075119","0.24549171328544617"
"598","0.08211659453809261","0.07296311855316162","0.09075943380594254","0.08453829772770405","0.07581371068954468","0.09164664894342422","0.0851611029356718","0.0758948028087616","0.09191211313009262","0.21781791374087334","0.14999215304851532","0.29736727476119995","0.22287216782569885","0.2182236611843109","0.23059770464897156"
"599","0.09096126817166805","0.07797706127166748","0.09610656648874283","0.09423637203872204","0.08021347224712372","0.1002817377448082","0.09465200826525688","0.08046995103359222","0.10116636008024216","0.24575229734182358","0.1477402150630951","0.3262318968772888","0.23342881351709366","0.19977638125419617","0.25142353773117065"
"600","0.08394178003072739","0.07953798770904541","0.09119351208209991","0.08679053373634815","0.08160246908664703","0.0948907881975174","0.08717640861868858","0.08175922930240631","0.09501144289970398","0.21958013251423836","0.155605748295784","0.28769591450691223","0.22077162563800812","0.21529679000377655","0.22609801590442657"
"601","0.08276613987982273","0.06880873441696167","0.09548050910234451","0.08487940952181816","0.07219796627759933","0.09652036428451538","0.08545974269509315","0.07319243252277374","0.0969303622841835","0.21537348628044128","0.14045464992523193","0.3039422333240509","0.2193155623972416","0.20800812542438507","0.23010990023612976"
"602","0.07850792817771435","0.07324985414743423","0.08404312282800674","0.08122850209474564","0.07568869739770889","0.08694721013307571","0.08132577873766422","0.07548151910305023","0.08697953820228577","0.21166202053427696","0.14986781775951385","0.27581483125686646","0.22618786990642548","0.22101089358329773","0.2320607304573059"
"603","0.0825528297573328","0.07870602607727051","0.08930979669094086","0.08559971302747726","0.08187396824359894","0.09115605056285858","0.08606990240514278","0.08220455050468445","0.09112007915973663","0.23270918056368828","0.16477952897548676","0.2940038740634918","0.23992545902729034","0.22723838686943054","0.2619074583053589"
"604","0.08766145817935467","0.08222287893295288","0.09507594257593155","0.09026399813592434","0.08407020568847656","0.09931925684213638","0.09052932262420654","0.08415523171424866","0.1000332161784172","0.23125262558460236","0.15521728992462158","0.3146990239620209","0.2339445911347866","0.21796688437461853","0.25819745659828186"
"605","0.0813812855631113","0.06634824723005295","0.0931244045495987","0.08412139303982258","0.06832411140203476","0.0972381979227066","0.08455570414662361","0.06852108985185623","0.09752773493528366","0.21489637717604637","0.15652412176132202","0.29638147354125977","0.2201039232313633","0.19980299472808838","0.2381557673215866"
"606","0.07972155883908272","0.07181917876005173","0.08293076604604721","0.081984618678689","0.07229719310998917","0.0860583484172821","0.08226406574249268","0.0725412368774414","0.08681327104568481","0.21743637695908546","0.16190452873706818","0.2801261842250824","0.21928958594799042","0.20749764144420624","0.2368178516626358"
"607","0.08179742656648159","0.07462430000305176","0.08689365535974503","0.08447277545928955","0.0767778530716896","0.09074466675519943","0.08457203209400177","0.07668847590684891","0.0903138667345047","0.23414218425750732","0.16556477546691895","0.3058421313762665","0.23274194449186325","0.2264886200428009","0.2390899509191513"
"608","0.08881491050124168","0.08322346955537796","0.09504590928554535","0.09163983352482319","0.08443079143762589","0.0987730622291565","0.09187430702149868","0.08453896641731262","0.0983920767903328","0.23089955374598503","0.1700076460838318","0.2928376793861389","0.2395416907966137","0.2241496741771698","0.2485528439283371"
"609","0.07562268525362015","0.06477747112512589","0.08956769108772278","0.07744301110506058","0.06727392971515656","0.09086164087057114","0.07761486247181892","0.06726902723312378","0.09090227633714676","0.20411060750484467","0.1361442506313324","0.28142014145851135","0.19971179589629173","0.18863323330879211","0.2181422859430313"
"610","0.08434769324958324","0.07712417095899582","0.09046065807342529","0.08579343929886818","0.07913511991500854","0.09145461767911911","0.08590714447200298","0.07874280214309692","0.09142723679542542","0.2293417826294899","0.1508832424879074","0.32595527172088623","0.22974666580557823","0.21711191534996033","0.25800156593322754"
"612","0.08045754209160805","0.07135817408561707","0.08947834372520447","0.0818284135311842","0.0747566670179367","0.08900672197341919","0.08244230411946774","0.07681900262832642","0.08928932249546051","0.22035199403762817","0.14630438387393951","0.2939426302909851","0.2245052047073841","0.21586251258850098","0.23260001838207245"
"613","0.08654584549367428","0.07623549550771713","0.09634818881750107","0.08966898918151855","0.0815063863992691","0.0976574495434761","0.08961456082761288","0.08116578310728073","0.09821934252977371","0.22397955134510994","0.16447176039218903","0.28994691371917725","0.2168363630771637","0.20630432665348053","0.2269786298274994"
"614","0.08865231089293957","0.07981786131858826","0.09411768615245819","0.09097438119351864","0.08087858557701111","0.0975157767534256","0.09109342470765114","0.08020148426294327","0.09848835319280624","0.24035415798425674","0.1588880717754364","0.32316917181015015","0.23726991936564445","0.21879780292510986","0.2566879391670227"
"615","0.08426377177238464","0.07924904674291611","0.08916446566581726","0.08734785206615925","0.081806980073452","0.09527807682752609","0.08777833729982376","0.08234355598688126","0.09497860074043274","0.22375846281647682","0.15665802359580994","0.29393619298934937","0.22147127613425255","0.2165716588497162","0.23149988055229187"
"616","0.07556293159723282","0.06765039265155792","0.08510792255401611","0.0774321649223566","0.07026056945323944","0.08453722298145294","0.07754437066614628","0.07047811895608902","0.08442430198192596","0.2094515897333622","0.13734109699726105","0.27857649326324463","0.2099737785756588","0.20055636763572693","0.2212733030319214"
"617","0.08432557061314583","0.0722813680768013","0.09263861179351807","0.0859839878976345","0.07311279326677322","0.09508566558361053","0.08629739098250866","0.07338719069957733","0.0951622724533081","0.22390519455075264","0.16518953442573547","0.28650206327438354","0.2299552597105503","0.21144822239875793","0.23878653347492218"
"618","0.07923042587935925","0.0735146626830101","0.08724423497915268","0.08187807351350784","0.07420520484447479","0.09081120789051056","0.08249426633119583","0.07587490230798721","0.0911347046494484","0.2142486497759819","0.1466149091720581","0.27702608704566956","0.21692828461527824","0.20693126320838928","0.2276640236377716"
"619","0.07957739569246769","0.06847143173217773","0.0867418423295021","0.08142966404557228","0.07060021907091141","0.08983748406171799","0.08227230235934258","0.07133755832910538","0.08991977572441101","0.21620995551347733","0.13729336857795715","0.2947225272655487","0.2163955457508564","0.19349904358386993","0.23679552972316742"
"620","0.08333240449428558","0.07865384221076965","0.09248225390911102","0.0849684439599514","0.08044733107089996","0.09319186955690384","0.08525148034095764","0.0812278687953949","0.09331217408180237","0.22790945321321487","0.15614968538284302","0.3107451796531677","0.21987170353531837","0.2089492231607437","0.23572757840156555"
"621","0.08146456815302372","0.06961515545845032","0.09154710918664932","0.08431355282664299","0.07198154181241989","0.09421925246715546","0.08474727906286716","0.07219846546649933","0.0953114777803421","0.22156333178281784","0.15538188815116882","0.2982447147369385","0.22663165628910065","0.21080034971237183","0.24107401072978973"
"622","0.08212891034781933","0.07306632399559021","0.09282743185758591","0.08497384376823902","0.07760781049728394","0.0935836210846901","0.08472852595150471","0.07777918875217438","0.09381890296936035","0.2191110961139202","0.14214421808719635","0.31511229276657104","0.21978456154465675","0.20312784612178802","0.24280071258544922"
"623","0.08670163340866566","0.07582272589206696","0.09511538594961166","0.08790750242769718","0.07723873853683472","0.09684047102928162","0.08807023614645004","0.07718688249588013","0.09681517630815506","0.2258061170578003","0.15980234742164612","0.3065066933631897","0.23010186478495598","0.21072183549404144","0.2406291663646698"
"624","0.08302765339612961","0.07643961906433105","0.09138007462024689","0.08437764644622803","0.07821003347635269","0.09014084935188293","0.08460940420627594","0.07869648933410645","0.09062988311052322","0.22485783696174622","0.1499100774526596","0.3040732443332672","0.21865307539701462","0.2100239098072052","0.22808271646499634"
"625","0.08438086323440075","0.07660935819149017","0.09673430770635605","0.08620023541152477","0.07896788418292999","0.09968192875385284","0.08628858998417854","0.0786472037434578","0.09978362917900085","0.22403627261519432","0.14660517871379852","0.30733394622802734","0.2254427671432495","0.20910635590553284","0.24059343338012695"
"626","0.08317426592111588","0.07255710661411285","0.09658209979534149","0.0847354419529438","0.07551571726799011","0.09496267139911652","0.08517162501811981","0.0752873569726944","0.09512202441692352","0.22591600194573402","0.15846553444862366","0.308039128780365","0.23043310642242432","0.2121487557888031","0.24065443873405457"
"627","0.08922567404806614","0.08095018565654755","0.09857966005802155","0.0920206755399704","0.08583886921405792","0.09997184574604034","0.0921320840716362","0.08665747195482254","0.09952308237552643","0.24062729626893997","0.15534014999866486","0.3284790813922882","0.248439472168684","0.21734338998794556","0.30104753375053406"
"628","0.08277701772749424","0.06979748606681824","0.10007794201374054","0.08532286249101162","0.07368063926696777","0.10290464013814926","0.08566854521632195","0.073939748108387","0.10250405222177505","0.2243708297610283","0.1585051715373993","0.28629955649375916","0.22443600371479988","0.20266340672969818","0.2503972053527832"
"629","0.07905193604528904","0.06894223392009735","0.09131626039743423","0.08238779753446579","0.07097557187080383","0.09400118887424469","0.08249223977327347","0.07117321342229843","0.0940166562795639","0.2132287360727787","0.15083637833595276","0.2655157148838043","0.21537866815924644","0.19948618113994598","0.23629187047481537"
"630","0.08031951449811459","0.07526999711990356","0.08715398609638214","0.08354015834629536","0.07848164439201355","0.0898643285036087","0.08392756059765816","0.07899639010429382","0.09092365205287933","0.22286269441246986","0.15388107299804688","0.29134517908096313","0.22321313247084618","0.21051469445228577","0.2327452152967453"
"631","0.08297315239906311","0.07944916933774948","0.0870550125837326","0.08493856154382229","0.0826888307929039","0.08841928839683533","0.0852548647671938","0.0837736502289772","0.08825753629207611","0.2188359498977661","0.14818495512008667","0.2929990887641907","0.21868473663926125","0.20497575402259827","0.2297879308462143"
"632","0.0794964823871851","0.07377669960260391","0.08698822557926178","0.08253640308976173","0.07663068175315857","0.08883188664913177","0.08244055695831776","0.07645954191684723","0.08901229500770569","0.21346766874194145","0.1442156732082367","0.27484411001205444","0.21381279453635216","0.1981578767299652","0.22588011622428894"
"633","0.0752851814031601","0.06302788108587265","0.08817931264638901","0.07691232487559319","0.062439583241939545","0.08983288705348969","0.07720909267663956","0.06260672956705093","0.0894518569111824","0.1951712667942047","0.14068296551704407","0.2512575089931488","0.20415998250246048","0.1883542686700821","0.22194913029670715"
"634","0.08706222102046013","0.07248295843601227","0.09539297968149185","0.08957483805716038","0.07453800737857819","0.09940095990896225","0.08962260000407696","0.07471486926078796","0.09923773258924484","0.22855635359883308","0.1400478184223175","0.31066450476646423","0.22655166685581207","0.20047932863235474","0.2500206530094147"
"635","0.08093729615211487","0.06991434842348099","0.08661387860774994","0.08279420249164104","0.0731864720582962","0.08923979103565216","0.08276507444679737","0.07329720258712769","0.08924984186887741","0.21048777922987938","0.1508857011795044","0.2936432957649231","0.21473773568868637","0.19989095628261566","0.22403071820735931"
"636","0.08587015047669411","0.07239943742752075","0.10507979243993759","0.08865838684141636","0.07270420342683792","0.1091030091047287","0.08906605467200279","0.07284112274646759","0.11013351380825043","0.22037461772561073","0.16882382333278656","0.2726042866706848","0.22285199910402298","0.20417103171348572","0.2507014870643616"
"637","0.08091666921973228","0.06491176784038544","0.10451582074165344","0.0830563772469759","0.06779178231954575","0.10684899240732193","0.08299830369651318","0.06673938781023026","0.10708414763212204","0.22524897009134293","0.13384786248207092","0.35419294238090515","0.21847984194755554","0.193618044257164","0.25889772176742554"
"638","0.08303848281502724","0.07752043753862381","0.09301867336034775","0.08473674207925797","0.07952658832073212","0.0954873189330101","0.08478864282369614","0.07967671006917953","0.09469570219516754","0.2160259149968624","0.1511053740978241","0.2839755117893219","0.21741196513175964","0.21069535613059998","0.2352685034275055"
"639","0.08763528056442738","0.07701195776462555","0.10684558749198914","0.08961482159793377","0.07993487268686295","0.10750553011894226","0.08988888375461102","0.07969709485769272","0.10782727599143982","0.2272135093808174","0.1511457860469818","0.3085237741470337","0.2301514558494091","0.21762615442276","0.2574029862880707"
"640","0.08754960633814335","0.07835685461759567","0.09481652081012726","0.08797555789351463","0.07840074598789215","0.09641485661268234","0.08833567425608635","0.07929615676403046","0.09637166559696198","0.22738784551620483","0.14299312233924866","0.2997991442680359","0.22738415747880936","0.202449768781662","0.2425883561372757"
"641","0.08143213763833046","0.0726642906665802","0.09000400453805923","0.08439077995717525","0.0768715962767601","0.09213361889123917","0.08482850901782513","0.07702463120222092","0.0934867113828659","0.22073369473218918","0.15534813702106476","0.28872954845428467","0.2140754498541355","0.2086542546749115","0.22514429688453674"
"642","0.08303650841116905","0.07750655710697174","0.09468469023704529","0.0840242300182581","0.07850866764783859","0.09600799530744553","0.08383621834218502","0.07844439148902893","0.09564897418022156","0.2078634761273861","0.14898504316806793","0.25775954127311707","0.21430441364645958","0.20436778664588928","0.23679758608341217"
"643","0.08995450660586357","0.06788361817598343","0.10644157230854034","0.09175967052578926","0.07155681401491165","0.1070202961564064","0.09187299013137817","0.07196501642465591","0.10679589956998825","0.22923780605196953","0.14403019845485687","0.2937381863594055","0.22384823858737946","0.19738444685935974","0.2564239203929901"
"644","0.08873121254146099","0.07376591861248016","0.09944237768650055","0.09113095514476299","0.0759296715259552","0.10178130865097046","0.09134349226951599","0.07635955512523651","0.10214407742023468","0.22830918058753014","0.1454198658466339","0.3120136260986328","0.22634978964924812","0.21392126381397247","0.2389448881149292"
"645","0.0878029391169548","0.07553914189338684","0.10452751815319061","0.08952404744923115","0.07936655730009079","0.10360564291477203","0.08970736525952816","0.08037684857845306","0.10382404923439026","0.2371661737561226","0.1462259590625763","0.337362676858902","0.23697594180703163","0.207269087433815","0.26215335726737976"
"646","0.0922497883439064","0.08543597906827927","0.09773007035255432","0.09464781731367111","0.08726297318935394","0.10149359703063965","0.09487414546310902","0.08670523762702942","0.10152965039014816","0.23337681218981743","0.16401512920856476","0.3074011504650116","0.23802383244037628","0.23064619302749634","0.24331161379814148"
"647","0.08103654906153679","0.07073916494846344","0.0874788761138916","0.0833551473915577","0.07515639066696167","0.08837240934371948","0.08355118334293365","0.07533721625804901","0.08832325041294098","0.21229036152362823","0.14305198192596436","0.2992035150527954","0.20860108733177185","0.19192470610141754","0.22153499722480774"
"648","0.08788398467004299","0.07842983305454254","0.09664548933506012","0.08819564990699291","0.07950650155544281","0.09687823057174683","0.08853629231452942","0.0794837549328804","0.09811101853847504","0.2269865833222866","0.15591420233249664","0.31752079725265503","0.2253197841346264","0.21056625247001648","0.23383364081382751"
"649","0.0776617955416441","0.06832844018936157","0.08661974221467972","0.08027463592588902","0.07145557552576065","0.08835377544164658","0.08045212924480438","0.07134627550840378","0.08887865394353867","0.20416734367609024","0.13611328601837158","0.28237414360046387","0.2048366442322731","0.19264128804206848","0.22003117203712463"
"650","0.08347215130925179","0.07280759513378143","0.10168303549289703","0.08563748933374882","0.0725393295288086","0.10508754849433899","0.08582381345331669","0.07240022718906403","0.10528750717639923","0.22167883813381195","0.13539904356002808","0.3379650115966797","0.22377800568938255","0.18871238827705383","0.2867974042892456"
"651","0.0793252270668745","0.07055652886629105","0.09742152690887451","0.082084771245718","0.07308422029018402","0.1011752113699913","0.08260728605091572","0.07301683723926544","0.1027565449476242","0.2156694009900093","0.1475105881690979","0.2787085771560669","0.22940204292535782","0.20640665292739868","0.2451300323009491"
"652","0.08255278877913952","0.06715661287307739","0.09800313413143158","0.08421507477760315","0.06766988337039948","0.09974311292171478","0.0846756100654602","0.06757752597332001","0.10109715163707733","0.22615426406264305","0.1327877789735794","0.3221728801727295","0.21676184982061386","0.1885613352060318","0.2410503774881363"
"653","0.08023210242390633","0.07573273777961731","0.08538806438446045","0.0809649620205164","0.07599417865276337","0.0861329734325409","0.08136662654578686","0.0763762891292572","0.08704110980033875","0.22094789892435074","0.14831754565238953","0.2907414138317108","0.2135109342634678","0.20799006521701813","0.21984566748142242"
"654","0.08109989203512669","0.07358414679765701","0.09188991785049438","0.08220954425632954","0.07399032264947891","0.09316331148147583","0.08245440386235714","0.07426615804433823","0.0936843752861023","0.21652735024690628","0.13991154730319977","0.2882114350795746","0.2073364183306694","0.19455164670944214","0.21360790729522705"
"655","0.08253183402121067","0.07720014452934265","0.08886519819498062","0.08509963378310204","0.07951772212982178","0.09199534356594086","0.08541914448142052","0.0796797126531601","0.09284670650959015","0.2272159419953823","0.17300212383270264","0.29349854588508606","0.22256487980484962","0.20465679466724396","0.2360013723373413"
"656","0.08311587572097778","0.07811994850635529","0.08804172277450562","0.08468939177691936","0.08088288456201553","0.0893966481089592","0.08516762219369411","0.08139706403017044","0.08974060416221619","0.21810511872172356","0.15071526169776917","0.2938929796218872","0.21357057988643646","0.2035253345966339","0.22575730085372925"
"657","0.08008774742484093","0.07342658191919327","0.08767930418252945","0.08219294622540474","0.07583710551261902","0.08977600932121277","0.08260067738592625","0.07595189660787582","0.0909140408039093","0.2101856768131256","0.14975085854530334","0.27315306663513184","0.21450220048427582","0.20671488344669342","0.22533854842185974"
"658","0.0796008612960577","0.06960117816925049","0.08643179386854172","0.0813258495181799","0.07147727161645889","0.08913083374500275","0.08158771321177483","0.07215007394552231","0.08930577337741852","0.21620598807930946","0.13859713077545166","0.2964351177215576","0.21962562575936317","0.20316877961158752","0.23267774283885956"
"659","0.08820950798690319","0.07911263406276703","0.09234008193016052","0.08951624110341072","0.08133643120527267","0.09398100525140762","0.08993064612150192","0.0824396088719368","0.09456613659858704","0.23180027678608894","0.142846018075943","0.3061235547065735","0.22445860877633095","0.20633724331855774","0.2395649254322052"
"660","0.09302292577922344","0.08242040872573853","0.0996280312538147","0.09476787224411964","0.08349830657243729","0.10185995697975159","0.0949754286557436","0.08370149880647659","0.10148448497056961","0.24040313437581062","0.15838463604450226","0.3159513473510742","0.23242129758000374","0.20929233729839325","0.24430280923843384"
"661","0.0851667020469904","0.0808621197938919","0.09266102313995361","0.0880124568939209","0.08323855698108673","0.09414514899253845","0.08826058730483055","0.08404996991157532","0.0942128449678421","0.2257087156176567","0.1497393548488617","0.2990313172340393","0.2234383448958397","0.21014142036437988","0.23873859643936157"
"662","0.08293473720550537","0.07655274868011475","0.09691795706748962","0.08481666445732117","0.07775753736495972","0.09585851430892944","0.0851474218070507","0.0778646171092987","0.09594065696001053","0.22360879182815552","0.14338284730911255","0.3213423490524292","0.21478525176644325","0.19244176149368286","0.24419020116329193"
"663","0.08401149697601795","0.06991861760616302","0.09350797533988953","0.08443792909383774","0.06975381076335907","0.09603586792945862","0.08477302826941013","0.06986016780138016","0.09597591310739517","0.21269504725933075","0.15256841480731964","0.3050716519355774","0.20484919100999832","0.1765385866165161","0.23053860664367676"
"664","0.07735270075500011","0.06810534000396729","0.09352069348096848","0.07860667072236538","0.06868600100278854","0.091282919049263","0.07875504530966282","0.06871505826711655","0.09156781435012817","0.2100088782608509","0.13772189617156982","0.27790796756744385","0.20702136680483818","0.1961887627840042","0.21499240398406982"
"665","0.08067044243216515","0.07189659029245377","0.08953139930963516","0.08304674923419952","0.07373420894145966","0.09141100943088531","0.08303755149245262","0.07364972680807114","0.09162351489067078","0.21656127274036407","0.14076727628707886","0.29972225427627563","0.20732510834932327","0.19414332509040833","0.22379544377326965"
"666","0.08363818749785423","0.06771299988031387","0.09391544759273529","0.08604877442121506","0.0684940367937088","0.09588806331157684","0.08608538843691349","0.06914576143026352","0.0957612693309784","0.22294354438781738","0.13817599415779114","0.30019980669021606","0.21924057230353355","0.1964426189661026","0.23110997676849365"
"667","0.08065030723810196","0.07895626127719879","0.08324821293354034","0.08192641660571098","0.0792137086391449","0.08554361760616302","0.08208866603672504","0.0794115737080574","0.08564141392707825","0.21328305080533028","0.1460837572813034","0.28762495517730713","0.21268697828054428","0.20546406507492065","0.22918960452079773"
"668","0.09644378535449505","0.09081313759088516","0.10686562955379486","0.09707406908273697","0.08976465463638306","0.10903827100992203","0.09719088673591614","0.08960364758968353","0.10950607061386108","0.24095067381858826","0.1713247299194336","0.31503838300704956","0.23878633975982666","0.22892242670059204","0.2540786564350128"
"669","0.07972517237067223","0.07401016354560852","0.08569309115409851","0.08105558156967163","0.07663548737764359","0.08435602486133575","0.08126851730048656","0.07696324586868286","0.08473646640777588","0.21306751295924187","0.16183379292488098","0.26454225182533264","0.21476823836565018","0.2022484540939331","0.22607319056987762"
"670","0.08323707059025764","0.07663416862487793","0.08984753489494324","0.08524017967283726","0.07958559691905975","0.09198323637247086","0.08551732078194618","0.07997176051139832","0.09205228090286255","0.22803163900971413","0.15413005650043488","0.30627667903900146","0.2300398349761963","0.21315595507621765","0.25425010919570923"
"671","0.08178253844380379","0.07061007618904114","0.09587103128433228","0.08260677754878998","0.07131918519735336","0.09512145072221756","0.08292432874441147","0.07194629311561584","0.09518344700336456","0.2089225873351097","0.13466495275497437","0.2895047962665558","0.20250889658927917","0.18680959939956665","0.22317126393318176"
"672","0.0860083531588316","0.07578064501285553","0.10138195008039474","0.08869930729269981","0.07967733591794968","0.10225214064121246","0.0887468010187149","0.07950795441865921","0.10238395631313324","0.2361709177494049","0.14984767138957977","0.331089049577713","0.2177439033985138","0.2011275440454483","0.23877280950546265"
"673","0.09062743000686169","0.07641895115375519","0.09999878704547882","0.0902941431850195","0.07478953897953033","0.10026112198829651","0.09064588509500027","0.0745139867067337","0.10193651914596558","0.22976592928171158","0.18265196681022644","0.2901882827281952","0.23823583871126175","0.21464721858501434","0.2546391487121582"
"674","0.07971578277647495","0.07139217108488083","0.09387151151895523","0.080093152821064","0.07219511270523071","0.09448178112506866","0.08059936948120594","0.0725436583161354","0.09465144574642181","0.21416207030415535","0.14191369712352753","0.3003033399581909","0.2111014872789383","0.19727954268455505","0.23459392786026"
"675","0.0896916501224041","0.06990664452314377","0.11020160466432571","0.09080263413488865","0.07263296842575073","0.10764580965042114","0.09091397747397423","0.0727001205086708","0.10804104059934616","0.23111852258443832","0.17284804582595825","0.28642916679382324","0.22787191718816757","0.20411273837089539","0.26078981161117554"
"676","0.07943060249090195","0.07003197818994522","0.08841720968484879","0.08104114234447479","0.07143587619066238","0.09052500128746033","0.08124667592346668","0.07226110994815826","0.09066155552864075","0.21134692803025246","0.1384667158126831","0.2787504494190216","0.21104200556874275","0.19465334713459015","0.22368264198303223"
"677","0.08502226695418358","0.07851140946149826","0.0906502977013588","0.0857844278216362","0.07701796293258667","0.0901082307100296","0.08600833639502525","0.07750026136636734","0.08980948477983475","0.21827245503664017","0.14287912845611572","0.30449116230010986","0.21136578917503357","0.198827862739563","0.21644169092178345"
"678","0.0827331617474556","0.07285189628601074","0.09052276611328125","0.08509716764092445","0.07524950802326202","0.0925588607788086","0.08521530218422413","0.07521365582942963","0.09251264482736588","0.2197902426123619","0.13804304599761963","0.31489312648773193","0.21358030661940575","0.18856021761894226","0.23240800201892853"
"679","0.08576130121946335","0.07960338890552521","0.10047006607055664","0.0881176870316267","0.08131368458271027","0.10476742684841156","0.08832146599888802","0.08144033700227737","0.10475431382656097","0.21901008486747742","0.14881429076194763","0.273699551820755","0.22099067643284798","0.2111584097146988","0.24756677448749542"
"680","0.0837831012904644","0.07022880017757416","0.09436669200658798","0.08490781858563423","0.07007075101137161","0.09344034641981125","0.08505737408995628","0.0702521950006485","0.0936770886182785","0.21331393346190453","0.1516125500202179","0.2988930344581604","0.2127402350306511","0.1849416047334671","0.23113253712654114"
"681","0.07737968489527702","0.06449626386165619","0.09097553789615631","0.07840717025101185","0.06645046174526215","0.09289803355932236","0.07877582497894764","0.06763051450252533","0.0930858626961708","0.21560322865843773","0.13223280012607574","0.3064674139022827","0.21035435050725937","0.1899392455816269","0.24247778952121735"
"682","0.08808189257979393","0.07781458646059036","0.09401308745145798","0.08844711072742939","0.0765734538435936","0.0975622832775116","0.0890179742127657","0.0768808051943779","0.09779705852270126","0.22939058020710945","0.16621693968772888","0.3043374717235565","0.2200307697057724","0.19709353148937225","0.23022672533988953"
"683","0.08154838532209396","0.0780739113688469","0.08461038768291473","0.08318066783249378","0.07959135621786118","0.0866980031132698","0.08319615200161934","0.07977353781461716","0.0866977870464325","0.2080487571656704","0.14069753885269165","0.27753743529319763","0.20612503215670586","0.19405224919319153","0.21538758277893066"
"684","0.08218180947005749","0.069594606757164","0.0957532674074173","0.08401260897517204","0.06922712922096252","0.09886834025382996","0.0843011774122715","0.06938208639621735","0.09969422966241837","0.20396402850747108","0.1408497393131256","0.26468759775161743","0.2003779523074627","0.18176977336406708","0.22217124700546265"
"685","0.08231555111706257","0.07740907371044159","0.08752621710300446","0.0842086486518383","0.08038371801376343","0.08835279941558838","0.08460244350135326","0.08041033148765564","0.08954919129610062","0.2186664715409279","0.1533280909061432","0.28536373376846313","0.2211783230304718","0.20801544189453125","0.2368142008781433"
"686","0.08954314328730106","0.07563062012195587","0.10751596093177795","0.09147946164011955","0.07863618433475494","0.11018989980220795","0.09155402705073357","0.07854139804840088","0.11026604473590851","0.2284982055425644","0.1558258831501007","0.31590673327445984","0.22598886489868164","0.20479083061218262","0.252153217792511"
"687","0.09049232304096222","0.07672946900129318","0.11322378367185593","0.09176215715706348","0.07684532552957535","0.11200349777936935","0.09202497266232967","0.07690577208995819","0.11242131143808365","0.22876105457544327","0.15685167908668518","0.3102407157421112","0.2143108807504177","0.19242441654205322","0.23525992035865784"
"688","0.08809867687523365","0.08511084318161011","0.09173338860273361","0.08957637473940849","0.08787571638822556","0.09442600607872009","0.08984828554093838","0.08804787695407867","0.09438672661781311","0.21914055943489075","0.15693627297878265","0.29424941539764404","0.21603688225150108","0.20860964059829712","0.22155919671058655"
"689","0.07202981039881706","0.06389760971069336","0.080094113945961","0.07447060942649841","0.06587384641170502","0.08198512345552444","0.07462056539952755","0.06591276079416275","0.08240920305252075","0.19472448900341988","0.1427135318517685","0.2539026439189911","0.18741007149219513","0.1714862883090973","0.1987224966287613"
"690","0.08571362122893333","0.07037246227264404","0.10010237991809845","0.08729754760861397","0.07095895707607269","0.10124968737363815","0.0874426644295454","0.07075724750757217","0.10125820338726044","0.22225555777549744","0.16093090176582336","0.2859260141849518","0.2153720036149025","0.19481588900089264","0.2398533821105957"
"691","0.08902484364807606","0.08606407046318054","0.09390755742788315","0.09143873304128647","0.0872279554605484","0.09644343703985214","0.0914576705545187","0.0870276466012001","0.09680473804473877","0.2264203317463398","0.1569240242242813","0.30933675169944763","0.22184964641928673","0.2089860737323761","0.23495039343833923"
"692","0.08489606715738773","0.0805724561214447","0.08809112012386322","0.08600987680256367","0.08258244395256042","0.08883966505527496","0.08629452250897884","0.08264759927988052","0.08968126773834229","0.21875108033418655","0.1519155502319336","0.2957131266593933","0.2094639614224434","0.20368781685829163","0.21896371245384216"
"693","0.07580209523439407","0.07427507638931274","0.07718755304813385","0.07775602489709854","0.07483451068401337","0.07992061972618103","0.07785992324352264","0.07490655779838562","0.07972030341625214","0.21099862456321716","0.1494712382555008","0.27893686294555664","0.2091270461678505","0.20475080609321594","0.21148592233657837"
"694","0.08774680458009243","0.07738924771547318","0.10066160559654236","0.08933362178504467","0.08044317364692688","0.10486069321632385","0.08952983096241951","0.08016841858625412","0.10492192953824997","0.22661805525422096","0.16091200709342957","0.29638785123825073","0.22358626499772072","0.2026241272687912","0.2429710328578949"
"695","0.08173199743032455","0.07447254657745361","0.08862277865409851","0.08451920747756958","0.07676489651203156","0.09041036665439606","0.08468244597315788","0.0769357681274414","0.09083056449890137","0.22224251180887222","0.16483797132968903","0.2893699109554291","0.21317807585000992","0.20480169355869293","0.22369220852851868"
"696","0.07743928395211697","0.06833483278751373","0.08985906094312668","0.07934245839715004","0.07213428616523743","0.08965017646551132","0.07981022447347641","0.07207716256380081","0.09008686989545822","0.21607744321227074","0.16709259152412415","0.267738401889801","0.21408983692526817","0.19930480420589447","0.2336578667163849"
"697","0.07984654791653156","0.061767324805259705","0.09488941729068756","0.08116088807582855","0.0640680193901062","0.0971001461148262","0.08150720410048962","0.06412312388420105","0.09795399755239487","0.20335270464420319","0.14630931615829468","0.26896071434020996","0.1964951455593109","0.1709776222705841","0.21886080503463745"
"698","0.08944265358150005","0.08374680578708649","0.09561379253864288","0.09141911752521992","0.08590330183506012","0.09620588272809982","0.09164045378565788","0.08590393513441086","0.09688177704811096","0.23165644332766533","0.1711888313293457","0.2974194884300232","0.22412323951721191","0.20570357143878937","0.2388148158788681"
"699","0.08010056801140308","0.07632540911436081","0.08267590403556824","0.08293502032756805","0.07930955290794373","0.08629785478115082","0.0830871406942606","0.07940909266471863","0.08578129857778549","0.20532044395804405","0.14475621283054352","0.2644110918045044","0.20912658423185349","0.2000822126865387","0.2162407636642456"
"700","0.07606775686144829","0.06402724981307983","0.08187644183635712","0.07840711809694767","0.06510783731937408","0.08477123081684113","0.0787059236317873","0.06553582847118378","0.08468703925609589","0.20518220588564873","0.13193319737911224","0.2714405357837677","0.20391939207911491","0.19403156638145447","0.21508343517780304"
"701","0.08043059892952442","0.07191159576177597","0.09360259026288986","0.08196401596069336","0.07259528338909149","0.09427202492952347","0.08231957256793976","0.07328405976295471","0.09452151507139206","0.22038830071687698","0.14374807476997375","0.3105665445327759","0.21088822931051254","0.20335446298122406","0.22915303707122803"
"702","0.08581042848527431","0.07278873026371002","0.09741368144750595","0.0871514342725277","0.07517921924591064","0.09872779250144958","0.08743305318057537","0.07589370012283325","0.09873312711715698","0.21946686133742332","0.1321103423833847","0.3139203190803528","0.20492509752511978","0.18417002260684967","0.22662270069122314"
"703","0.08448491804301739","0.07800869643688202","0.09626076370477676","0.08636973612010479","0.07955589890480042","0.0973648726940155","0.08638333529233932","0.08001973479986191","0.09701257944107056","0.21566041186451912","0.13574574887752533","0.2900722920894623","0.1993071511387825","0.18411055207252502","0.2092599868774414"
"704","0.07851305976510048","0.06319919973611832","0.09598390758037567","0.07965514250099659","0.06505380570888519","0.09590291976928711","0.07980232499539852","0.06523506343364716","0.09587468951940536","0.2047591581940651","0.1268402636051178","0.29849299788475037","0.2073829434812069","0.18789279460906982","0.22730281949043274"
"705","0.07829038798809052","0.0699138268828392","0.08762108534574509","0.07953884266316891","0.07242773473262787","0.08593426644802094","0.07959520071744919","0.07221055775880814","0.08598800003528595","0.20504669845104218","0.15700721740722656","0.25490137934684753","0.20910439640283585","0.19615809619426727","0.22154749929904938"
"706","0.08590109460055828","0.07917589694261551","0.09661118686199188","0.08575046621263027","0.0797228142619133","0.09419230371713638","0.08590288832783699","0.08001624047756195","0.09465916454792023","0.21288122236728668","0.15948057174682617","0.2748297154903412","0.2100224792957306","0.20343980193138123","0.21883726119995117"
"707","0.08093135245144367","0.07214131206274033","0.09380519390106201","0.08221225440502167","0.07086099684238434","0.09687632322311401","0.0826857928186655","0.07091940939426422","0.0985269844532013","0.20875265449285507","0.15774714946746826","0.2544780969619751","0.21255095675587654","0.19482509791851044","0.2454967051744461"
"708","0.08060567453503609","0.0727725476026535","0.08439961075782776","0.08264495246112347","0.0742882713675499","0.08668922632932663","0.08302326686680317","0.07428133487701416","0.08769294619560242","0.21098274737596512","0.15599966049194336","0.27841177582740784","0.2105126790702343","0.19701093435287476","0.2182426154613495"
"709","0.08287043496966362","0.07301560789346695","0.09366802126169205","0.08371204510331154","0.07282409816980362","0.09731213003396988","0.08403445966541767","0.07354855537414551","0.09737680107355118","0.22225290536880493","0.14046567678451538","0.30937474966049194","0.21839017048478127","0.19890455901622772","0.23640847206115723"
"710","0.08273244090378284","0.06704727560281754","0.09168687462806702","0.08256770484149456","0.06681070476770401","0.09197733551263809","0.08285538665950298","0.06682594865560532","0.09226889908313751","0.21366071328520775","0.1598706841468811","0.28186511993408203","0.2161852829158306","0.17974130809307098","0.24818378686904907"
"711","0.0814580824226141","0.0748920887708664","0.09037144482135773","0.0825557354837656","0.07633738219738007","0.09159460663795471","0.08317595906555653","0.07762190699577332","0.09205348789691925","0.21165143325924873","0.13839051127433777","0.2870185375213623","0.20480215921998024","0.1969769299030304","0.2161400020122528"
"712","0.07803358882665634","0.0750882625579834","0.08414570987224579","0.08038704469799995","0.07660398632287979","0.08744991570711136","0.08036851324141026","0.07688619196414948","0.08763894438743591","0.21136551722884178","0.1462918072938919","0.26892510056495667","0.21008022502064705","0.20028017461299896","0.21919800341129303"
"713","0.08456018008291721","0.07193011045455933","0.10375840961933136","0.08601071126759052","0.07295466959476471","0.10352581739425659","0.08616714365780354","0.07309133559465408","0.10380147397518158","0.22354768216609955","0.14557303488254547","0.29146358370780945","0.21239707618951797","0.19917306303977966","0.23628059029579163"
"714","0.0850843247026205","0.0775952860713005","0.09174992144107819","0.08649728260934353","0.08001074194908142","0.09542347490787506","0.08699407614767551","0.0803392231464386","0.09569840878248215","0.20575585588812828","0.14308112859725952","0.2738127112388611","0.20040269941091537","0.19119803607463837","0.213464617729187"
"715","0.08048123307526112","0.06659825146198273","0.0919199138879776","0.08333299495279789","0.06912529468536377","0.09603781998157501","0.08404816873371601","0.06905893981456757","0.09691711515188217","0.2063567265868187","0.16583019495010376","0.24896246194839478","0.21006852760910988","0.19085778295993805","0.22842919826507568"
"716","0.07920112647116184","0.06238839775323868","0.09312248229980469","0.08059781789779663","0.06420420110225677","0.09372545778751373","0.08080461993813515","0.06410782784223557","0.09441030025482178","0.20000815205276012","0.11958184093236923","0.2579151391983032","0.1929214410483837","0.1712111085653305","0.2187250256538391"
"717","0.08051993045955896","0.062002237886190414","0.09489243477582932","0.08156732842326164","0.06377899646759033","0.09625417739152908","0.08174415305256844","0.06402246654033661","0.09662507474422455","0.21675368770956993","0.1430770605802536","0.3099493086338043","0.21409397944808006","0.18298164010047913","0.24077537655830383"
"718","0.0858184490352869","0.07930009067058563","0.08944158256053925","0.08739586360752583","0.08174732327461243","0.09068208932876587","0.08793062530457973","0.08258755505084991","0.09182821959257126","0.21788053214550018","0.14969027042388916","0.2823898196220398","0.21371247991919518","0.20181217789649963","0.22309355437755585"
"719","0.08453969098627567","0.07566540688276291","0.09505541622638702","0.08503551594913006","0.07565075159072876","0.09545473009347916","0.08535519056022167","0.07646215707063675","0.09572135657072067","0.22475364059209824","0.1351238340139389","0.31784185767173767","0.2123892605304718","0.19122916460037231","0.2426319420337677"
"720","0.0775034986436367","0.06849411129951477","0.09060680866241455","0.07922530919313431","0.0698545053601265","0.09190691262483597","0.07922369241714478","0.06966131925582886","0.09175240993499756","0.2040572315454483","0.14453235268592834","0.2564079165458679","0.19648167490959167","0.18063823878765106","0.21469175815582275"
"721","0.08829662762582302","0.085787832736969","0.0936301052570343","0.08967267908155918","0.08689522743225098","0.09606076776981354","0.08989073149859905","0.08660995960235596","0.09749186784029007","0.23413361608982086","0.16414162516593933","0.30443310737609863","0.223674938082695","0.20913910865783691","0.23719897866249084"
"722","0.08463284187018871","0.07314698398113251","0.0918855220079422","0.08756919763982296","0.07364988327026367","0.09588339924812317","0.08790235407650471","0.07370361685752869","0.09656552970409393","0.2198784463107586","0.1606542021036148","0.29493439197540283","0.22234173491597176","0.20431146025657654","0.23590895533561707"
"723","0.08596960827708244","0.07004843652248383","0.10119983553886414","0.08882655389606953","0.07257065176963806","0.10509369522333145","0.08926874026656151","0.07283931970596313","0.10626702010631561","0.21477742865681648","0.16445374488830566","0.26417800784111023","0.2110518142580986","0.19193589687347412","0.24091589450836182"
"724","0.08798456937074661","0.07996612042188644","0.09672576934099197","0.08870360627770424","0.08274669945240021","0.09579138457775116","0.08889957331120968","0.08281205594539642","0.09609846770763397","0.2229890301823616","0.14968594908714294","0.28751686215400696","0.21446941047906876","0.20363041758537292","0.228824645280838"
"725","0.08736290223896503","0.07389411330223083","0.10680656135082245","0.08886076137423515","0.07473233342170715","0.10731172561645508","0.08935805410146713","0.07620792090892792","0.10788023471832275","0.21495502069592476","0.14356093108654022","0.27046385407447815","0.20745299756526947","0.19512425363063812","0.2374887764453888"
"726","0.07461713720113039","0.058715563267469406","0.0962572917342186","0.07553329039365053","0.05910659208893776","0.09587770700454712","0.07570214942097664","0.059624046087265015","0.09631974995136261","0.19871791452169418","0.11907975375652313","0.2823854684829712","0.18723978847265244","0.16958284378051758","0.20324914157390594"
"727","0.0853783655911684","0.07586561143398285","0.09211890399456024","0.08657634630799294","0.076168492436409","0.09419233351945877","0.08677754364907742","0.07617035508155823","0.0945233702659607","0.22404884174466133","0.14685194194316864","0.29710105061531067","0.2176213040947914","0.20201349258422852","0.2296588122844696"
"728","0.09020202606916428","0.08081340044736862","0.10385194420814514","0.09129430539906025","0.08337502926588058","0.10330257564783096","0.09170997142791748","0.08323663473129272","0.10405762493610382","0.23174511268734932","0.16633574664592743","0.298834890127182","0.2307371348142624","0.2112671136856079","0.25686684250831604"
"729","0.10044864937663078","0.0896855816245079","0.1147913783788681","0.10308783128857613","0.09204072505235672","0.11605332791805267","0.10341927222907543","0.09191593527793884","0.11705759167671204","0.239388857036829","0.1679980605840683","0.3076837658882141","0.23167001083493233","0.2163005769252777","0.2520763874053955"
"730","0.08638345450162888","0.07403504848480225","0.09354519098997116","0.08659352362155914","0.07440701127052307","0.09485609829425812","0.0869806557893753","0.07476279139518738","0.09521093964576721","0.21879074349999428","0.1561630517244339","0.28493115305900574","0.20853496342897415","0.19132810831069946","0.22381246089935303"
"731","0.08594046719372272","0.07762857526540756","0.10017640888690948","0.08773480169475079","0.08010701835155487","0.10081054270267487","0.08785549364984035","0.07979627698659897","0.10119537264108658","0.22401755303144455","0.14427223801612854","0.31948667764663696","0.20594515278935432","0.1919308453798294","0.228264719247818"
"732","0.08539262786507607","0.07827650755643845","0.09772545099258423","0.086357856169343","0.07822287827730179","0.0973644033074379","0.08659687824547291","0.07869330793619156","0.09742051362991333","0.21875683590769768","0.1474519670009613","0.2942584753036499","0.21567174419760704","0.20581264793872833","0.22875192761421204"
"733","0.08522112667560577","0.07790897786617279","0.09062625467777252","0.08792063966393471","0.08169158548116684","0.09157054871320724","0.08801516331732273","0.08158973604440689","0.09154854714870453","0.22393550723791122","0.14708545804023743","0.2970261573791504","0.211735337972641","0.1967214047908783","0.2175842672586441"
"734","0.08426802977919579","0.07025855779647827","0.10539762675762177","0.08540575951337814","0.07135964184999466","0.10693289339542389","0.0853650402277708","0.07144307345151901","0.10660603642463684","0.2204626128077507","0.15481367707252502","0.28582218289375305","0.21106281876564026","0.19379454851150513","0.24374258518218994"
"735","0.08272365480661392","0.0745537057518959","0.08824698626995087","0.08382563292980194","0.0736786276102066","0.09152743965387344","0.0841131117194891","0.07465995103120804","0.0919240266084671","0.22482440620660782","0.13884137570858002","0.2949810028076172","0.21922679618000984","0.1915745586156845","0.2390754371881485"
"736","0.07732388563454151","0.06524347513914108","0.08644390851259232","0.07789870910346508","0.0658988505601883","0.08642682433128357","0.07806985452771187","0.06603740155696869","0.08702099323272705","0.20540764555335045","0.14823834598064423","0.27345284819602966","0.206085454672575","0.20031677186489105","0.21296104788780212"
"737","0.08501259610056877","0.0715971514582634","0.09945621341466904","0.087292006239295","0.07420702278614044","0.10006620734930038","0.08764302916824818","0.0748448446393013","0.10011963546276093","0.2202797867357731","0.14202412962913513","0.30489373207092285","0.20889323577284813","0.19086311757564545","0.22318035364151"
"738","0.08423136547207832","0.08143804222345352","0.08966489881277084","0.0846478808671236","0.08094015717506409","0.09149444848299026","0.08480430580675602","0.08136408030986786","0.09112260490655899","0.20506269112229347","0.14323630928993225","0.2711454927921295","0.19801050052046776","0.1904902160167694","0.21460309624671936"
"739","0.09029430896043777","0.08134258538484573","0.09801873564720154","0.09100956656038761","0.08289877325296402","0.09857424348592758","0.09111952409148216","0.08289781957864761","0.09919673204421997","0.22944222763180733","0.14960424602031708","0.2970958948135376","0.22388406842947006","0.209078848361969","0.23448732495307922"
"740","0.08988422155380249","0.08295729756355286","0.10778818279504776","0.09105737693607807","0.08307255804538727","0.11054150760173798","0.09158257953822613","0.08327129483222961","0.11111065000295639","0.22921418771147728","0.15758807957172394","0.32821398973464966","0.21616291254758835","0.2019309103488922","0.24709513783454895"
"741","0.08708769455552101","0.07638059556484222","0.09535122662782669","0.08793200179934502","0.07526668161153793","0.09660249948501587","0.08816601522266865","0.07608921080827713","0.09669674932956696","0.22529898956418037","0.13665606081485748","0.31654486060142517","0.21017280966043472","0.18976885080337524","0.23399442434310913"
"742","0.07786917500197887","0.06888806074857712","0.09622564911842346","0.08042220026254654","0.07146228849887848","0.09858337044715881","0.08071162551641464","0.07156752794981003","0.09834565967321396","0.20790890604257584","0.13381437957286835","0.31242918968200684","0.20226671546697617","0.17893049120903015","0.24802114069461823"
"743","0.08941163681447506","0.08017054200172424","0.10008984804153442","0.09161582216620445","0.0820460245013237","0.10312841087579727","0.09185781888663769","0.08222579210996628","0.10340598225593567","0.22082121297717094","0.16370096802711487","0.2713010609149933","0.21460208296775818","0.20071819424629211","0.22988931834697723"
"744","0.08317911252379417","0.0775572657585144","0.09454817324876785","0.08447132632136345","0.07835648953914642","0.0977151021361351","0.08473891951143742","0.07917266339063644","0.0975024476647377","0.2123146392405033","0.14063866436481476","0.29241442680358887","0.20360557734966278","0.19616016745567322","0.22194159030914307"
"745","0.07711520045995712","0.06824211776256561","0.08676047623157501","0.07723663188517094","0.06897316873073578","0.08663398772478104","0.07725467346608639","0.06907597929239273","0.08630465716123581","0.199942484498024","0.13312412798404694","0.27354130148887634","0.19225876033306122","0.179716557264328","0.2072681188583374"
"746","0.08220032416284084","0.072479747235775","0.0892331451177597","0.08367232047021389","0.07296935468912125","0.09067787230014801","0.0840550996363163","0.07393710315227509","0.09116707742214203","0.21564217284321785","0.14224539697170258","0.28361302614212036","0.20466651767492294","0.1951492726802826","0.2161068618297577"
"747","0.08214320614933968","0.07820112258195877","0.09242120385169983","0.08306225202977657","0.07847847789525986","0.09467852115631104","0.0832500271499157","0.07849204540252686","0.09500859677791595","0.2086864709854126","0.14359331130981445","0.26519134640693665","0.1951562985777855","0.18835236132144928","0.21194487810134888"
"748","0.0781173799186945","0.07503876090049744","0.08127950876951218","0.07937122695147991","0.07758630812168121","0.08221606910228729","0.07957131043076515","0.07754293084144592","0.08245205879211426","0.20762517303228378","0.1467011719942093","0.27106237411499023","0.20156628265976906","0.19816622138023376","0.2051767110824585"
"749","0.07734474167227745","0.07232175767421722","0.08462394773960114","0.07872825674712658","0.07311291992664337","0.08763932436704636","0.07866247370839119","0.07339230179786682","0.08694794028997421","0.2016226127743721","0.13653577864170074","0.2649667263031006","0.20068809017539024","0.1899109184741974","0.21700620651245117"
"750","0.08332203514873981","0.0692950114607811","0.09344473481178284","0.08434847556054592","0.07047666609287262","0.09608183056116104","0.08456734009087086","0.07133002579212189","0.09608478844165802","0.21025126054883003","0.13273359835147858","0.3022059500217438","0.1960032396018505","0.17845486104488373","0.21353384852409363"
"751","0.07876371406018734","0.06569667160511017","0.08729437738656998","0.07974881120026112","0.0689190924167633","0.08967103809118271","0.07999187521636486","0.06884969025850296","0.0899806097149849","0.20054186135530472","0.1479395627975464","0.26219069957733154","0.19889608025550842","0.1879758983850479","0.20572368800640106"
"753","0.0860956571996212","0.07231219112873077","0.10747524350881577","0.0866107102483511","0.07456423342227936","0.10757309198379517","0.0871260967105627","0.07459322363138199","0.10913676023483276","0.20575116947293282","0.15121380984783173","0.2529187798500061","0.20319939032196999","0.18203802406787872","0.2370133399963379"
"754","0.08829519152641296","0.08093461394309998","0.09401658177375793","0.08944432064890862","0.08178306370973587","0.09508129954338074","0.0897134356200695","0.08214536309242249","0.09521817415952682","0.21711090207099915","0.14290650188922882","0.2796372175216675","0.2093409262597561","0.19359742105007172","0.22460341453552246"
"755","0.07829791493713856","0.07122083008289337","0.08529932796955109","0.07897013798356056","0.07316585630178452","0.0845598503947258","0.0793133694678545","0.07365572452545166","0.08528730273246765","0.20388760045170784","0.12708939611911774","0.278407484292984","0.1980874352157116","0.17636528611183167","0.21094724535942078"
"756","0.07766343839466572","0.07464177906513214","0.0825568288564682","0.08050173334777355","0.07751401513814926","0.08633297681808472","0.08086044527590275","0.07772427797317505","0.0862930417060852","0.20539015904068947","0.1418367177248001","0.2843326926231384","0.195570919662714","0.1838618814945221","0.20476585626602173"
"757","0.07679970189929008","0.06960906088352203","0.08623519539833069","0.07944780960679054","0.07237651199102402","0.09200491011142731","0.07968758419156075","0.0727199912071228","0.09216569364070892","0.20683906227350235","0.13936039805412292","0.27047353982925415","0.1943361982703209","0.18971356749534607","0.2038048356771469"
"758","0.08942330814898014","0.08536665886640549","0.094261035323143","0.08996591530740261","0.0863189697265625","0.09452558308839798","0.09041076339781284","0.08774019032716751","0.09476152807474136","0.23475202172994614","0.15143074095249176","0.3246082067489624","0.22254397347569466","0.19994163513183594","0.2426084280014038"
"759","0.08448976837098598","0.07470513135194778","0.09224119782447815","0.0850284043699503","0.07837212830781937","0.09250970929861069","0.08502804301679134","0.07798632979393005","0.09244441241025925","0.21717139333486557","0.13485904037952423","0.2980753183364868","0.19928313046693802","0.18166930973529816","0.20982125401496887"
"760","0.08101632818579674","0.07703683525323868","0.08694997429847717","0.0822165384888649","0.0780860111117363","0.0882270485162735","0.08277495950460434","0.0786363035440445","0.0886743813753128","0.20635595172643661","0.13097158074378967","0.27639561891555786","0.19151880592107773","0.1786549985408783","0.2081528753042221"
"761","0.08659400418400764","0.07975154370069504","0.09633125364780426","0.08783278800547123","0.07988360524177551","0.0989026427268982","0.088201355189085","0.08090485632419586","0.09874839335680008","0.23299118876457214","0.15101486444473267","0.32404595613479614","0.20990173518657684","0.19784043729305267","0.2256980836391449"
"762","0.08335082605481148","0.07632418721914291","0.09080499410629272","0.08539842441678047","0.07860118895769119","0.09188812226057053","0.08536847122013569","0.0785132646560669","0.09124020487070084","0.20801934972405434","0.14981955289840698","0.2773527503013611","0.2043582685291767","0.18935298919677734","0.2168930470943451"
"763","0.08599838055670261","0.07714085280895233","0.10449235886335373","0.08697303757071495","0.07657644897699356","0.10447388142347336","0.08723554201424122","0.07771515846252441","0.10465559363365173","0.20784131065011024","0.13372504711151123","0.26813992857933044","0.20205696672201157","0.18574729561805725","0.22463436424732208"
"764","0.07634683512151241","0.07232202589511871","0.08096082508563995","0.0768227931112051","0.07166066020727158","0.08079968392848969","0.07721302844583988","0.07175493240356445","0.0816342905163765","0.19685392826795578","0.13981162011623383","0.25984787940979004","0.19127024710178375","0.18446454405784607","0.1952844262123108"
"765","0.085852375254035","0.07249823957681656","0.11948508024215698","0.0867377482354641","0.07326819002628326","0.11899349093437195","0.08689143881201744","0.0731486827135086","0.11908578127622604","0.22271399945020676","0.1359473168849945","0.3479732275009155","0.209610465914011","0.18386755883693695","0.2594122588634491"
"766","0.09563756175339222","0.0859680026769638","0.11136075109243393","0.0965741015970707","0.08753564208745956","0.1127060130238533","0.09703248180449009","0.087555892765522","0.11307176947593689","0.24189076572656631","0.16331323981285095","0.3340926766395569","0.2251277081668377","0.2119501829147339","0.24320927262306213"
"767","0.08670873939990997","0.07836654782295227","0.09866427630186081","0.08600890077650547","0.07798437774181366","0.09913727641105652","0.08638861030340195","0.07842709869146347","0.09917748719453812","0.2148412950336933","0.14387103915214539","0.3192009925842285","0.21005697175860405","0.19539394974708557","0.23469500243663788"
"768","0.09337656199932098","0.0850643515586853","0.1060529425740242","0.09586413204669952","0.08774895966053009","0.10985034704208374","0.0958296712487936","0.08759361505508423","0.10969284921884537","0.222933080047369","0.16263827681541443","0.276216983795166","0.21469711512327194","0.20020246505737305","0.24134410917758942"
"769","0.07565253414213657","0.06489250063896179","0.09039634466171265","0.07688204571604729","0.06723111122846603","0.09164799004793167","0.07711023837327957","0.06737978756427765","0.09199348837137222","0.19386711344122887","0.13344094157218933","0.24356868863105774","0.18971055001020432","0.1792900264263153","0.21143686771392822"
"770","0.09105961583554745","0.08410486578941345","0.09528523683547974","0.09160634130239487","0.08507873117923737","0.09524377435445786","0.0919429212808609","0.08499397337436676","0.0956801101565361","0.22817201167345047","0.1594659388065338","0.30303022265434265","0.2069438211619854","0.19581516087055206","0.2169332057237625"
"771","0.08124559372663498","0.07294749468564987","0.08896908164024353","0.08122149109840393","0.06970531493425369","0.09236332029104233","0.08152111247181892","0.06988580524921417","0.09282536804676056","0.21432539075613022","0.14224079251289368","0.3067213296890259","0.1978352591395378","0.18076959252357483","0.22025348246097565"
"772","0.08436982147395611","0.06974151730537415","0.09698401391506195","0.086018742993474","0.07100734859704971","0.09766849130392075","0.0862171072512865","0.07142183929681778","0.09797137975692749","0.21184462308883667","0.15595388412475586","0.2764783799648285","0.19578863680362701","0.1755942702293396","0.21009206771850586"
"773","0.08343191258609295","0.07210627943277359","0.09241415560245514","0.08357676491141319","0.0713847428560257","0.09391903132200241","0.08396681398153305","0.07204767316579819","0.09401455521583557","0.21507906913757324","0.1306726485490799","0.3105987310409546","0.19774996861815453","0.1801476776599884","0.2069637030363083"
"774","0.0892547145485878","0.08577866852283478","0.09396708011627197","0.08947543054819107","0.08579544723033905","0.0938454419374466","0.09000138752162457","0.08585236966609955","0.09414292871952057","0.23301682621240616","0.15936335921287537","0.3172822892665863","0.22006015852093697","0.20906049013137817","0.22875331342220306"
"775","0.07642629742622375","0.06534425169229507","0.08596852421760559","0.07721520401537418","0.06607162207365036","0.08789116889238358","0.07768094353377819","0.06700176000595093","0.08807583898305893","0.2033780887722969","0.12738263607025146","0.2763434648513794","0.1942036636173725","0.17912963032722473","0.20283176004886627"
"776","0.091305086389184","0.07554364204406738","0.10750578343868256","0.09234300255775452","0.0767795518040657","0.10833016037940979","0.09268292225897312","0.07713016122579575","0.10847912728786469","0.23041347786784172","0.14898835122585297","0.32537841796875","0.23087789863348007","0.2022038698196411","0.2563895285129547"
"777","0.0892671998590231","0.07726051658391953","0.09989498555660248","0.09014386497437954","0.07682149112224579","0.10237780213356018","0.09067517146468163","0.07701057195663452","0.10381630063056946","0.22212115675210953","0.1496921181678772","0.301175594329834","0.20574787259101868","0.18683834373950958","0.23512664437294006"
"778","0.09194846451282501","0.08046387135982513","0.11053772270679474","0.09251821413636208","0.08141808211803436","0.11425302922725677","0.09232229925692081","0.08082246035337448","0.11432721465826035","0.22227545827627182","0.15965238213539124","0.2731460928916931","0.21598798781633377","0.19225573539733887","0.2556002140045166"
"779","0.08164232410490513","0.07109539210796356","0.09325702488422394","0.0832307692617178","0.07233370840549469","0.09372754395008087","0.0834890604019165","0.0723503977060318","0.09413394331932068","0.21709465235471725","0.14283251762390137","0.2916777729988098","0.20329301804304123","0.19117525219917297","0.2150130569934845"
"780","0.08881048485636711","0.08105019479990005","0.09582725167274475","0.08971200883388519","0.07893016189336777","0.09574393928050995","0.09003964811563492","0.07899238914251328","0.09598102420568466","0.21685156598687172","0.15507636964321136","0.2810885012149811","0.20277662575244904","0.19481900334358215","0.20805296301841736"
"781","0.07293168921023607","0.06123879924416542","0.08061835169792175","0.07494790107011795","0.0629461407661438","0.0825762003660202","0.07526113092899323","0.06304703652858734","0.0826810747385025","0.20300089567899704","0.1437230259180069","0.2780836522579193","0.19765788689255714","0.17864464223384857","0.20908449590206146"
"782","0.08907509408891201","0.07658639550209045","0.09554118663072586","0.09064279869198799","0.07717104256153107","0.09815327823162079","0.09109170734882355","0.07717461884021759","0.09902673959732056","0.22823059186339378","0.16281460225582123","0.3054104447364807","0.2160174921154976","0.1907222867012024","0.23197270929813385"
"783","0.08317927271127701","0.07644910365343094","0.08806480467319489","0.08348212018609047","0.07949506491422653","0.08838967978954315","0.08372640237212181","0.07979576289653778","0.08884472399950027","0.21127187460660934","0.1410045623779297","0.2752422094345093","0.19784803688526154","0.1909354329109192","0.20176783204078674"
"784","0.0858874712139368","0.08522426337003708","0.08684206753969193","0.08616585284471512","0.084077388048172","0.08839599788188934","0.0865595880895853","0.08464705944061279","0.0884261205792427","0.22335043922066689","0.14855310320854187","0.29638177156448364","0.20288241654634476","0.19558009505271912","0.21000739932060242"
"785","0.08104708604514599","0.07422184944152832","0.08977925777435303","0.08285470865666866","0.07632370293140411","0.08957121521234512","0.08311928622424603","0.07703615725040436","0.08958923071622849","0.21245812624692917","0.13608582317829132","0.27933505177497864","0.20342113822698593","0.18854063749313354","0.21461956202983856"
"786","0.08203875087201595","0.07533130049705505","0.08932541310787201","0.08188088797032833","0.07472888380289078","0.09248007088899612","0.08220338448882103","0.0750352218747139","0.09335989505052567","0.20904668048024178","0.13386259973049164","0.2806665301322937","0.20095718279480934","0.18883147835731506","0.21310168504714966"
"787","0.084537073969841","0.07509635388851166","0.09144269675016403","0.08574522472918034","0.07537730038166046","0.09219016134738922","0.08584545738995075","0.07569294422864914","0.09270185232162476","0.2117285430431366","0.15560542047023773","0.2729312479496002","0.20118385925889015","0.19042986631393433","0.21191290020942688"
"788","0.08027117513120174","0.07274223864078522","0.09143000841140747","0.07948693074285984","0.07310406863689423","0.08984245359897614","0.07987927459180355","0.07406488806009293","0.08961698412895203","0.2048669569194317","0.1339440792798996","0.29589664936065674","0.19424616545438766","0.18172721564769745","0.20872433483600616"
"789","0.07390893623232841","0.06253679096698761","0.08430243283510208","0.0755375325679779","0.06330867111682892","0.08703252673149109","0.07597526907920837","0.06349784880876541","0.08734448254108429","0.1992928497493267","0.13778463006019592","0.27837830781936646","0.19218822941184044","0.17154769599437714","0.20464439690113068"
"790","0.08640594966709614","0.06782171130180359","0.10036258399486542","0.08677341230213642","0.06726212799549103","0.09878550469875336","0.08700967021286488","0.0675220862030983","0.09865342080593109","0.22917302325367928","0.17321595549583435","0.30598554015159607","0.21828742697834969","0.1906346082687378","0.24172618985176086"
"791","0.08466214872896671","0.07512497156858444","0.09517944604158401","0.08618172258138657","0.07620074599981308","0.09640530496835709","0.08565609715878963","0.0765458196401596","0.09644295275211334","0.21966484561562538","0.14522685110569","0.3214570879936218","0.19813229888677597","0.18868321180343628","0.21590104699134827"
"792","0.08417212404310703","0.07924247533082962","0.08817127346992493","0.08535094186663628","0.08192712813615799","0.08828474581241608","0.08576750569045544","0.08261583000421524","0.08869858086109161","0.21266621723771095","0.1429883986711502","0.30151259899139404","0.19997616112232208","0.1920798420906067","0.20881646871566772"
"793","0.08310808427631855","0.07084286957979202","0.09344132244586945","0.08407437615096569","0.07173631340265274","0.0936352089047432","0.08395669795572758","0.07136116176843643","0.09338688850402832","0.2133914865553379","0.1493901163339615","0.29257702827453613","0.20953484252095222","0.18230228126049042","0.22844302654266357"
"794","0.09034727700054646","0.08339118957519531","0.09555800259113312","0.09339061006903648","0.08772747218608856","0.09926620125770569","0.09313089959323406","0.08754032105207443","0.09919703006744385","0.2240610346198082","0.1465766280889511","0.29808205366134644","0.2035103142261505","0.19280186295509338","0.21402940154075623"
"795","0.0839595552533865","0.07989895343780518","0.08938036113977432","0.08620205521583557","0.08150877058506012","0.09008434414863586","0.08656914159655571","0.0819464772939682","0.09000754356384277","0.2170705497264862","0.1481817364692688","0.284724622964859","0.21024738252162933","0.19988924264907837","0.2185029238462448"
"796","0.09063732996582985","0.07879064232110977","0.10942019522190094","0.09087942913174629","0.07850119471549988","0.10865040123462677","0.09115380235016346","0.07848850637674332","0.10909546166658401","0.22369901835918427","0.1379973590373993","0.3351207673549652","0.20721305534243584","0.18853990733623505","0.24951636791229248"
"797","0.0868622474372387","0.07624410837888718","0.11290936172008514","0.08698634058237076","0.07640731334686279","0.11253585666418076","0.08727721869945526","0.076540507376194","0.11261694133281708","0.22148217633366585","0.14135876297950745","0.34109222888946533","0.20796791836619377","0.1880188137292862","0.2539299726486206"
"798","0.08650447428226471","0.08338109403848648","0.0888889878988266","0.08765161782503128","0.08634388446807861","0.08916070312261581","0.08774244040250778","0.08633872866630554","0.0893789529800415","0.2298334836959839","0.15881049633026123","0.30105364322662354","0.221456877887249","0.21646448969841003","0.22751560807228088"
"799","0.08687918074429035","0.07910654693841934","0.09384506195783615","0.08721471391618252","0.07837820053100586","0.09324026107788086","0.08716689981520176","0.07849834114313126","0.09326320886611938","0.22519699484109879","0.15385255217552185","0.301509827375412","0.2141825631260872","0.20819397270679474","0.2212992161512375"
"800","0.08570980466902256","0.0796230286359787","0.09687888622283936","0.08611229993402958","0.07991206645965576","0.10015358775854111","0.08622444048523903","0.08006887137889862","0.10062441974878311","0.21522567048668861","0.1456330269575119","0.282478004693985","0.204474326223135","0.19359448552131653","0.21712525188922882"
"801","0.08487456850707531","0.08153869956731796","0.08878558874130249","0.0857000257819891","0.08296971768140793","0.08954839408397675","0.08593703247606754","0.082913339138031","0.0896395742893219","0.20976794883608818","0.1403181403875351","0.2751324474811554","0.1966523937880993","0.19290876388549805","0.20164084434509277"
"802","0.08532028086483479","0.07533995807170868","0.09153114259243011","0.08503463491797447","0.0741080716252327","0.09346871078014374","0.08494262397289276","0.07427456974983215","0.09312836080789566","0.21873703971505165","0.1520238220691681","0.2934391498565674","0.20741655305027962","0.19333310425281525","0.21968236565589905"
"803","0.07976594381034374","0.06765124946832657","0.0895656868815422","0.08038225397467613","0.0685146376490593","0.08998046815395355","0.080470135435462","0.06844336539506912","0.08998044580221176","0.2076128013432026","0.1445542573928833","0.29313015937805176","0.18970170617103577","0.1751968264579773","0.2024499624967575"
"804","0.08123301900923252","0.07072172313928604","0.09791284799575806","0.08221251703798771","0.07122940570116043","0.09881124645471573","0.08262314647436142","0.07155811786651611","0.0992620661854744","0.21408313512802124","0.13869208097457886","0.3075094521045685","0.2036147676408291","0.1902579367160797","0.22266730666160583"
"805","0.07955639995634556","0.07141683995723724","0.09334288537502289","0.07989365234971046","0.07203969359397888","0.09131813794374466","0.08023635484278202","0.07237763702869415","0.09206388145685196","0.20612750202417374","0.14716914296150208","0.2633092999458313","0.19299330934882164","0.1816025972366333","0.20416927337646484"
"806","0.07653366774320602","0.06904219835996628","0.08171983063220978","0.07684349454939365","0.06837444007396698","0.0830763578414917","0.07696663402020931","0.06832769513130188","0.08303623646497726","0.1959713250398636","0.14356938004493713","0.26751452684402466","0.19201556220650673","0.1801835000514984","0.20021623373031616"
"807","0.08033553510904312","0.06293259561061859","0.08976703882217407","0.0821718368679285","0.0661943182349205","0.09031926095485687","0.08241099491715431","0.06635429710149765","0.09048078954219818","0.21286620572209358","0.14747151732444763","0.300338476896286","0.20537444576621056","0.18306505680084229","0.22116437554359436"
"808","0.09260443225502968","0.08039844781160355","0.1018713191151619","0.09546564519405365","0.08065200597047806","0.10365447402000427","0.09548531286418438","0.08087646961212158","0.10351254045963287","0.22339873015880585","0.14255288243293762","0.30257147550582886","0.21408696845173836","0.2021767944097519","0.22516730427742004"
"809","0.08042005077004433","0.06488446891307831","0.08968758583068848","0.08228403329849243","0.06400343030691147","0.092582568526268","0.08224755525588989","0.0639171153306961","0.09259260445833206","0.20137722417712212","0.14597852528095245","0.27151042222976685","0.20285094901919365","0.19252625107765198","0.2123616635799408"
"810","0.07967092096805573","0.07624875009059906","0.08579219877719879","0.0804319940507412","0.07772855460643768","0.08723486959934235","0.08052613772451878","0.07784340530633926","0.08750661462545395","0.20258337631821632","0.1430196762084961","0.2644955813884735","0.1911308541893959","0.18488070368766785","0.19929319620132446"
"811","0.07980830036103725","0.0775691419839859","0.0822722390294075","0.08138220570981503","0.07752639055252075","0.08317011594772339","0.08124491944909096","0.0774851068854332","0.08303011953830719","0.21012747287750244","0.13839703798294067","0.2817440629005432","0.19194048643112183","0.1823165863752365","0.2007458359003067"
"812","0.08595713041722775","0.07827583700418472","0.09858095645904541","0.08797024376690388","0.07966634631156921","0.09935875982046127","0.08760899491608143","0.07967692613601685","0.09913548827171326","0.22212477028369904","0.14177730679512024","0.32892173528671265","0.19648141413927078","0.18768449127674103","0.21448484063148499"
"813","0.08500360511243343","0.0697212740778923","0.09977449476718903","0.08658347651362419","0.07423068583011627","0.0998004823923111","0.08660460449755192","0.07348620146512985","0.10022865235805511","0.21773457154631615","0.1360413283109665","0.3059596121311188","0.2074412666261196","0.19153684377670288","0.2232343852519989"
"814","0.08669117651879787","0.06968217343091965","0.09458322823047638","0.08649758994579315","0.06935691088438034","0.09561782330274582","0.0865678209811449","0.06950642168521881","0.09636735916137695","0.2083771675825119","0.15365678071975708","0.28071776032447815","0.19409000128507614","0.17328937351703644","0.20364776253700256"
"815","0.08129105716943741","0.07557010650634766","0.08778397738933563","0.08278578706085682","0.07793384790420532","0.08957178145647049","0.08299757726490498","0.07848131656646729","0.08972535282373428","0.20915866270661354","0.13688506186008453","0.2764453887939453","0.19584693014621735","0.1881360113620758","0.209498330950737"
"816","0.08295616693794727","0.06973662972450256","0.09154996275901794","0.0830565057694912","0.0699540451169014","0.09055410325527191","0.08286446146667004","0.06981503963470459","0.09039637446403503","0.21320462971925735","0.14627453684806824","0.29873713850975037","0.20492416620254517","0.18938878178596497","0.22381901741027832"
"817","0.08378949575126171","0.07619503885507584","0.09051048755645752","0.08583022654056549","0.08021657168865204","0.09102347493171692","0.08592504262924194","0.08027965575456619","0.09089332818984985","0.21761471033096313","0.14417558908462524","0.2972659468650818","0.1979115791618824","0.18720771372318268","0.2104356586933136"
"818","0.08268228732049465","0.0772298276424408","0.08891840279102325","0.08343278616666794","0.07963115721940994","0.09059534221887589","0.08348581753671169","0.07987606525421143","0.09050095081329346","0.21310479566454887","0.14225846529006958","0.2755291759967804","0.20077118277549744","0.19194252789020538","0.21870532631874084"
"819","0.08637733571231365","0.0764639675617218","0.09990470856428146","0.08659053035080433","0.07695223391056061","0.10157475620508194","0.08679711632430553","0.07763603329658508","0.10104579478502274","0.21264493465423584","0.14531688392162323","0.27541688084602356","0.2020903378725052","0.19032488763332367","0.21027371287345886"
"820","0.08315927721560001","0.07984941452741623","0.08751002699136734","0.08476461470127106","0.08173351734876633","0.08911685645580292","0.08475513197481632","0.08176743984222412","0.08927751332521439","0.21582596749067307","0.1458512842655182","0.27982503175735474","0.20616237074136734","0.1939600706100464","0.22784724831581116"
"821","0.09182363376021385","0.06892218440771103","0.10161346197128296","0.09338174946606159","0.06867288053035736","0.10437889397144318","0.09349791705608368","0.06913631409406662","0.10450436919927597","0.23115545511245728","0.13036519289016724","0.3222154974937439","0.21717774122953415","0.177922785282135","0.23981459438800812"
"822","0.07411518506705761","0.06765417009592056","0.07877009361982346","0.07415665127336979","0.06877642869949341","0.07858680188655853","0.0742481742054224","0.06862802058458328","0.07872212678194046","0.1960521824657917","0.13091374933719635","0.2621909976005554","0.1861165203154087","0.17755933105945587","0.1938313990831375"
"823","0.07754533179104328","0.06979849189519882","0.08611303567886353","0.07897527329623699","0.06913060694932938","0.08735036849975586","0.0792852658778429","0.06918784976005554","0.08723913133144379","0.2002106010913849","0.13501745462417603","0.2797200381755829","0.18866078928112984","0.17811235785484314","0.20085665583610535"
"824","0.08862928859889507","0.07992257922887802","0.0949741080403328","0.09043103456497192","0.07996238768100739","0.09693178534507751","0.0907307118177414","0.0801977813243866","0.09722662717103958","0.21126465126872063","0.15102142095565796","0.2848098874092102","0.19722849503159523","0.1869199126958847","0.20253798365592957"
"825","0.08681589365005493","0.07599487900733948","0.09763376414775848","0.08760595694184303","0.07824854552745819","0.10007344186306","0.08800042234361172","0.07849595695734024","0.1007920503616333","0.22373412549495697","0.14014193415641785","0.29838699102401733","0.21043989434838295","0.193335622549057","0.22091078758239746"
"826","0.08416284434497356","0.07212206721305847","0.09581144154071808","0.08480560034513474","0.07355523854494095","0.09680306911468506","0.084896145388484","0.07315882295370102","0.09697873145341873","0.2183237373828888","0.16456466913223267","0.285793662071228","0.20992080867290497","0.1906394362449646","0.22353005409240723"
"827","0.08593878895044327","0.06917424499988556","0.09603387862443924","0.0874071903526783","0.07078616321086884","0.0965326726436615","0.08773329854011536","0.0709981918334961","0.09706021845340729","0.21298236027359962","0.1303037852048874","0.29683005809783936","0.2065666764974594","0.18318280577659607","0.2277551293373108"
"828","0.0859948880970478","0.0763658732175827","0.10192999243736267","0.0866515003144741","0.07764136791229248","0.10102763772010803","0.0868058055639267","0.07729791849851608","0.10124635696411133","0.21185113862156868","0.14554519951343536","0.3067452013492584","0.2022842951118946","0.1912161409854889","0.22577209770679474"
"829","0.08154266886413097","0.07312638312578201","0.09114529192447662","0.08167866431176662","0.07374110072851181","0.09247303009033203","0.08191920630633831","0.07429775595664978","0.09238391369581223","0.21326956152915955","0.12808501720428467","0.2994769513607025","0.19135816022753716","0.17174313962459564","0.21240884065628052"
"830","0.08551004715263844","0.07637301087379456","0.09718062728643417","0.08842857740819454","0.07698721438646317","0.10171651840209961","0.08874303847551346","0.07651447504758835","0.10230453312397003","0.21339645981788635","0.1582036018371582","0.27762845158576965","0.2039806805551052","0.18634600937366486","0.22196833789348602"
"831","0.07838163711130619","0.06802571564912796","0.08820396661758423","0.07966656982898712","0.06762915849685669","0.0903732180595398","0.07978040911257267","0.06739911437034607","0.09105298668146133","0.19726141169667244","0.1402094066143036","0.26356232166290283","0.18119937181472778","0.1682041883468628","0.19056084752082825"
"832","0.08584079705178738","0.07855737209320068","0.09759962558746338","0.08705403283238411","0.08083047717809677","0.0999552384018898","0.08709469996392727","0.08114650100469589","0.09954141080379486","0.21734382212162018","0.14939171075820923","0.29659587144851685","0.20816897973418236","0.20233555138111115","0.2189771831035614"
"833","0.08767175301909447","0.08427370339632034","0.09219467639923096","0.08714278228580952","0.08368368446826935","0.09147573262453079","0.08743879571557045","0.08384964615106583","0.0917244553565979","0.21430862694978714","0.15553724765777588","0.2858757972717285","0.20538193359971046","0.20118707418441772","0.20761790871620178"
"834","0.09436095505952835","0.0837385356426239","0.09886570274829865","0.09483857452869415","0.08347459882497787","0.10000051558017731","0.09498786740005016","0.08349116146564484","0.10034123063087463","0.22739461064338684","0.1744520217180252","0.30093085765838623","0.22213103994727135","0.20114925503730774","0.23366449773311615"
"835","0.08073699474334717","0.07318147271871567","0.09175841510295868","0.08168851770460606","0.07491633296012878","0.0939776599407196","0.08179752714931965","0.07512469589710236","0.09425114095211029","0.21215155720710754","0.13625440001487732","0.2987915277481079","0.20186607912182808","0.18879234790802002","0.21308788657188416"
"836","0.07975870557129383","0.07770542055368423","0.0842580571770668","0.08016861975193024","0.07708537578582764","0.08274152874946594","0.08025106973946095","0.07715319097042084","0.08283795416355133","0.20958955213427544","0.13968490064144135","0.27733102440834045","0.19838142022490501","0.18932387232780457","0.20285345613956451"
"837","0.08418169431388378","0.07785643637180328","0.09020678699016571","0.08412472158670425","0.07786911725997925","0.08903808891773224","0.08426430635154247","0.07821523398160934","0.08902202546596527","0.2113027088344097","0.15038974583148956","0.28826969861984253","0.1999867893755436","0.19461651146411896","0.20766311883926392"
"838","0.0806778147816658","0.0758710503578186","0.08912590146064758","0.08153471536934376","0.07606066763401031","0.09176598489284515","0.0815675612539053","0.07630185782909393","0.09177275747060776","0.21233338490128517","0.13484300673007965","0.29886841773986816","0.19269771128892899","0.1844625622034073","0.20559877157211304"
"839","0.07738657295703888","0.06336551904678345","0.0936269536614418","0.08057088404893875","0.0667380765080452","0.09688550978899002","0.08083780482411385","0.06712134182453156","0.0966004952788353","0.21322272345423698","0.1266404539346695","0.3057411015033722","0.18763217702507973","0.17072279751300812","0.20567527413368225"
"840","0.09304853342473507","0.08062750101089478","0.10440963506698608","0.09363187849521637","0.08067963272333145","0.10370989888906479","0.09386798925697803","0.08099813759326935","0.10445505380630493","0.23081247135996819","0.15649352967739105","0.33105283975601196","0.2222050055861473","0.19897885620594025","0.2414371222257614"
"841","0.08317468129098415","0.07523169368505478","0.08786182850599289","0.0838534776121378","0.07725930213928223","0.09048830717802048","0.08417604304850101","0.07753635942935944","0.09071268141269684","0.20513737201690674","0.13898925483226776","0.27451613545417786","0.19869088381528854","0.18224424123764038","0.2080710232257843"
"842","0.08934569545090199","0.08139348030090332","0.10059564560651779","0.09045923501253128","0.08339862525463104","0.10030046850442886","0.09057803265750408","0.08350193500518799","0.0999661386013031","0.22340921685099602","0.1582125872373581","0.28862977027893066","0.20679179579019547","0.19924211502075195","0.2184784859418869"
"843","0.0801383201032877","0.07195141911506653","0.08428215980529785","0.08076208643615246","0.07334081828594208","0.08681436628103256","0.08086766116321087","0.07369715720415115","0.08627903461456299","0.20151543244719505","0.14153559505939484","0.27102354168891907","0.19760380685329437","0.19396406412124634","0.20232293009757996"
"844","0.08045175671577454","0.07180022448301315","0.09616303443908691","0.08150195516645908","0.07241646945476532","0.097185418009758","0.0816689245402813","0.07231469452381134","0.09718386828899384","0.2079845331609249","0.14249330759048462","0.2796456217765808","0.1967141516506672","0.18535318970680237","0.21331918239593506"
"845","0.09064517170190811","0.08548285067081451","0.09283268451690674","0.0911258440464735","0.0870039314031601","0.09344543516635895","0.09101509861648083","0.08702200651168823","0.09356808662414551","0.22325757890939713","0.15275058150291443","0.29200899600982666","0.20873860642313957","0.1998177170753479","0.22227990627288818"
"846","0.08357872441411018","0.0770144835114479","0.09742222726345062","0.0847492404282093","0.07757124304771423","0.0976625382900238","0.08480057865381241","0.07785116136074066","0.09766658395528793","0.21186627075076103","0.14770326018333435","0.2730746269226074","0.2014743722975254","0.1847868412733078","0.2277391254901886"
"847","0.08457072824239731","0.0753166675567627","0.09569787234067917","0.08440405689179897","0.07685762643814087","0.09408415853977203","0.08467628993093967","0.07695692032575607","0.09451732784509659","0.2170882225036621","0.14002063870429993","0.28677380084991455","0.20861948654055595","0.20040540397167206","0.21858364343643188"
"848","0.07668781839311123","0.07168996334075928","0.0837758481502533","0.07740425504744053","0.07263585180044174","0.08563800901174545","0.07763141021132469","0.07277189195156097","0.08590179681777954","0.19095557183027267","0.12850934267044067","0.25196152925491333","0.18490488082170486","0.1732596457004547","0.1931668519973755"
"849","0.08910119906067848","0.08238129317760468","0.09293806552886963","0.08923573233187199","0.08260253816843033","0.09497665613889694","0.08919998072087765","0.08220343291759491","0.09478550404310226","0.2164137363433838","0.14949217438697815","0.2854846715927124","0.2128911167383194","0.20389504730701447","0.22628290951251984"
"850","0.08407535403966904","0.08070377260446548","0.0871097594499588","0.08468291163444519","0.08173457533121109","0.08991867303848267","0.08498688787221909","0.08171457052230835","0.09083913266658783","0.2073630467057228","0.1325673758983612","0.27688589692115784","0.1863471418619156","0.1775626540184021","0.19040338695049286"
"851","0.08408628776669502","0.07988505065441132","0.0943818911910057","0.08515875041484833","0.07929211109876633","0.09538250416517258","0.08518475294113159","0.07942286133766174","0.0954551249742508","0.20754361897706985","0.14158973097801208","0.2754638195037842","0.2038431279361248","0.19606713950634003","0.215155690908432"
"852","0.08514620177447796","0.08297264575958252","0.08700703829526901","0.08707989007234573","0.08486945182085037","0.08927655220031738","0.08720347471535206","0.08486081659793854","0.08955696225166321","0.2189999744296074","0.15290206670761108","0.3065387010574341","0.20239697396755219","0.19473418593406677","0.21105912327766418"
"853","0.08498523198068142","0.07468321174383163","0.10354549437761307","0.08528290316462517","0.07788784801959991","0.0993068590760231","0.08550873585045338","0.07881199568510056","0.09981273114681244","0.2227165289223194","0.1561952382326126","0.2834940552711487","0.20607930049300194","0.1874411255121231","0.22154636681079865"
"854","0.09074139781296253","0.08673524856567383","0.09624873846769333","0.09174810163676739","0.08662492036819458","0.09640178829431534","0.0919147040694952","0.08700944483280182","0.09651611745357513","0.2179000936448574","0.15360668301582336","0.2866820991039276","0.21754131093621254","0.1976328045129776","0.23160892724990845"
"855","0.08666125871241093","0.08067020028829575","0.0943484902381897","0.08793546259403229","0.08159170299768448","0.09603320062160492","0.08803439512848854","0.08190681040287018","0.09641775488853455","0.22025243937969208","0.14221158623695374","0.29698169231414795","0.20658659934997559","0.1905243843793869","0.22628779709339142"
"856","0.08690198324620724","0.07797802984714508","0.10214614868164062","0.08786800876259804","0.07941202074289322","0.10036294907331467","0.08809261582791805","0.07913653552532196","0.10118189454078674","0.21386535093188286","0.15180154144763947","0.2709846794605255","0.20214374363422394","0.19407802820205688","0.21868786215782166"
"857","0.0829969272017479","0.07455863058567047","0.08833470940589905","0.08247551321983337","0.07310560345649719","0.08751727640628815","0.08277574554085732","0.07378657162189484","0.08795195817947388","0.20812596753239632","0.1314115673303604","0.2878536581993103","0.19731144607067108","0.17808091640472412","0.22031113505363464"
"858","0.08622955158352852","0.08024629205465317","0.09467730671167374","0.08772407099604607","0.08162210136651993","0.0940161943435669","0.0878809280693531","0.08165126293897629","0.0940198302268982","0.21829301863908768","0.1366572380065918","0.2910476326942444","0.20333663001656532","0.1841488778591156","0.22155261039733887"
"859","0.08656574226915836","0.06872968375682831","0.10185135155916214","0.08775576204061508","0.06947535276412964","0.10042554885149002","0.08777260966598988","0.06927213817834854","0.10043352842330933","0.20567409694194794","0.1498803347349167","0.28627341985702515","0.19990354031324387","0.17772087454795837","0.2140696942806244"
"860","0.08931228704750538","0.08058811724185944","0.09650023281574249","0.08997849188745022","0.08167996257543564","0.0983833372592926","0.09001139178872108","0.08133531361818314","0.09909800440073013","0.21708638593554497","0.13891562819480896","0.2901626229286194","0.19770247489213943","0.18161575496196747","0.2179102748632431"
"861","0.08167839050292969","0.07111849635839462","0.09055788069963455","0.08190415054559708","0.070963054895401","0.09099146723747253","0.08221586793661118","0.0711507573723793","0.09144242107868195","0.20668240264058113","0.12219338119029999","0.3030901253223419","0.19064141809940338","0.17472940683364868","0.209433913230896"
"862","0.08314528688788414","0.06987430900335312","0.09292028099298477","0.08388876356184483","0.07195615768432617","0.09303905814886093","0.08407889120280743","0.07198677957057953","0.09319670498371124","0.20277779921889305","0.1499488800764084","0.2566794157028198","0.19295182079076767","0.17717498540878296","0.20870429277420044"
"863","0.09085104800760746","0.07621493935585022","0.10232540965080261","0.09342222474515438","0.07923603802919388","0.10495500266551971","0.09354946948587894","0.0792730450630188","0.10465040057897568","0.22632557898759842","0.13744884729385376","0.30949053168296814","0.2082960046827793","0.18588609993457794","0.23744185268878937"
"864","0.08796608075499535","0.07749425619840622","0.09835418313741684","0.08697028830647469","0.07748357951641083","0.09431590884923935","0.0870482288300991","0.07762899994850159","0.09379620105028152","0.21792718768119812","0.14596734941005707","0.28915488719940186","0.20134077966213226","0.19179098308086395","0.21559536457061768"
"865","0.08151550870388746","0.056835535913705826","0.10479968041181564","0.08233585115522146","0.05869211629033089","0.10364621132612228","0.08247209154069424","0.058801256120204926","0.10427887737751007","0.20576761290431023","0.13944727182388306","0.2811974585056305","0.198125172406435","0.16016380488872528","0.241108238697052"
"866","0.0913575179874897","0.08472585678100586","0.10386621952056885","0.09190253540873528","0.08557023108005524","0.10587658733129501","0.09213436394929886","0.08586543798446655","0.10691246390342712","0.22256417199969292","0.1421308070421219","0.29741543531417847","0.2092333883047104","0.1926756501197815","0.23868080973625183"
"867","0.0796057153493166","0.0727805495262146","0.0875515565276146","0.08100545033812523","0.07420289516448975","0.09031558036804199","0.08130884356796741","0.0745149552822113","0.09090574830770493","0.20604758709669113","0.13110429048538208","0.28780025243759155","0.19144326448440552","0.18235865235328674","0.19990116357803345"
"868","0.07514889724552631","0.06889554858207703","0.0792301595211029","0.07634014450013638","0.0706522986292839","0.0800359696149826","0.07671223022043705","0.0712299644947052","0.08010183274745941","0.19340038299560547","0.12603138387203217","0.2600885331630707","0.18376892060041428","0.17667686939239502","0.18965327739715576"
"869","0.0885688066482544","0.08120829612016678","0.09755370765924454","0.08844208531081676","0.08285839110612869","0.09519687294960022","0.08868004195392132","0.08322985470294952","0.09550857543945312","0.21412235870957375","0.14067451655864716","0.2816306948661804","0.19970011338591576","0.19001810252666473","0.21878832578659058"
"870","0.08339022472500801","0.07555730640888214","0.09201507270336151","0.0840484481304884","0.07729963958263397","0.09092031419277191","0.0841497965157032","0.0772043988108635","0.09099074453115463","0.22666604816913605","0.14457020163536072","0.3132772743701935","0.21031633019447327","0.19801168143749237","0.21713592112064362"
"871","0.08741841278970242","0.08012394607067108","0.09765297174453735","0.08699660748243332","0.08007467538118362","0.09689304232597351","0.08730382472276688","0.08070991188287735","0.09727693349123001","0.21687880530953407","0.1346541792154312","0.29734715819358826","0.2055477276444435","0.1898934543132782","0.218442901968956"
"872","0.08604285679757595","0.07413625717163086","0.09196207672357559","0.08778247609734535","0.07540252804756165","0.09334000945091248","0.0877470038831234","0.0755692720413208","0.09336420893669128","0.2104996107518673","0.13133171200752258","0.28627118468284607","0.19557512924075127","0.18559308350086212","0.20206114649772644"
"873","0.08478672057390213","0.07428313791751862","0.09644709527492523","0.08513752184808254","0.07417789846658707","0.0989278256893158","0.08546417951583862","0.07423173636198044","0.09886321425437927","0.20617937296628952","0.1496381163597107","0.2721636891365051","0.20151613280177116","0.18749283254146576","0.21975910663604736"
"874","0.085003811866045","0.08229269832372665","0.08724460750818253","0.08458073809742928","0.08126617968082428","0.08749503642320633","0.08466579020023346","0.08175422251224518","0.08745971322059631","0.21503239125013351","0.14754758775234222","0.2923319339752197","0.20520733296871185","0.19903695583343506","0.21513119339942932"
"875","0.08196419849991798","0.074297696352005","0.08486820757389069","0.08332705497741699","0.07665595412254333","0.08751681447029114","0.08346731588244438","0.07660242170095444","0.08761978894472122","0.20833831652998924","0.12585484981536865","0.28077346086502075","0.19745077565312386","0.18349844217300415","0.20479066669940948"
"876","0.08453957922756672","0.08035585284233093","0.08947356790304184","0.08570889011025429","0.08113455027341843","0.08993641287088394","0.08592843450605869","0.08129239827394485","0.09071185439825058","0.2055523358285427","0.13616453111171722","0.27106282114982605","0.18627499043941498","0.1805414855480194","0.1982809156179428"
"877","0.08414625190198421","0.07466436177492142","0.09165465831756592","0.08251661993563175","0.07412788271903992","0.09187749773263931","0.0826657135039568","0.07424674928188324","0.09181308001279831","0.20458603650331497","0.14536835253238678","0.2654784321784973","0.1963760331273079","0.18447907269001007","0.20888566970825195"
"878","0.0849689170718193","0.07616252452135086","0.09360404312610626","0.08629714883863926","0.075442373752594","0.09776898473501205","0.08648516237735748","0.07580993324518204","0.09820053726434708","0.21322001516819","0.13140714168548584","0.3069128394126892","0.1931813508272171","0.18130379915237427","0.21254029870033264"
"879","0.0844766367226839","0.07887335866689682","0.09380766749382019","0.08458319865167141","0.07858661562204361","0.09293089061975479","0.0845174677670002","0.07860970497131348","0.09279157221317291","0.21263035014271736","0.13628940284252167","0.2953191101551056","0.19485017657279968","0.1807268261909485","0.20785698294639587"
"880","0.08295791037380695","0.07490301877260208","0.09294497966766357","0.08294066600501537","0.074044369161129","0.09251473844051361","0.08290417492389679","0.07444187998771667","0.0923934206366539","0.21116159483790398","0.13181951642036438","0.2958080768585205","0.19456249102950096","0.1800011247396469","0.21308386325836182"
"881","0.08614255674183369","0.07818637788295746","0.09208536148071289","0.08761393278837204","0.07818250358104706","0.09147310256958008","0.08781479112803936","0.07801171392202377","0.09204903990030289","0.21365079283714294","0.1548973023891449","0.2846226990222931","0.2007036730647087","0.18357433378696442","0.2118406444787979"
"882","0.08297102712094784","0.07723140716552734","0.09221633523702621","0.08267664164304733","0.0758630707859993","0.09159906953573227","0.08311870135366917","0.07619365304708481","0.09172070771455765","0.20251386612653732","0.1332044005393982","0.2817007899284363","0.19003866612911224","0.18282003700733185","0.19668354094028473"
"883","0.08651420660316944","0.07782875746488571","0.09546589851379395","0.08784382417798042","0.07850641012191772","0.09919595718383789","0.08790932223200798","0.07862484455108643","0.0995183140039444","0.20867381617426872","0.13650618493556976","0.27524182200431824","0.20056454837322235","0.18187616765499115","0.22957734763622284"
"884","0.08525033481419086","0.08367440849542618","0.08769673109054565","0.0860024131834507","0.08324255794286728","0.08857842534780502","0.08624357543885708","0.08352171629667282","0.08842967450618744","0.20458126813173294","0.13602927327156067","0.27250048518180847","0.19308904185891151","0.18781325221061707","0.1990596204996109"
"885","0.09065992012619972","0.08258871734142303","0.10346407443284988","0.09188506379723549","0.08462895452976227","0.10456214845180511","0.09198197908699512","0.08464312553405762","0.1049870103597641","0.2171354629099369","0.13758927583694458","0.30613741278648376","0.20335905253887177","0.19275325536727905","0.2218758761882782"
"886","0.08906523883342743","0.08098234236240387","0.099819615483284","0.08925669640302658","0.08240918815135956","0.09780386835336685","0.08940554037690163","0.08279674500226974","0.0978599414229393","0.20872510224580765","0.14731737971305847","0.27274250984191895","0.2011793814599514","0.19331219792366028","0.2092369943857193"
"887","0.07858005724847317","0.06628848612308502","0.09579389542341232","0.08030650950968266","0.06750236451625824","0.09787557274103165","0.08030626364052296","0.06726890802383423","0.09773127734661102","0.20181704312562943","0.12782305479049683","0.27635619044303894","0.18435491994023323","0.1721288561820984","0.20372097194194794"
"888","0.09140462428331375","0.08287832140922546","0.09997370839118958","0.09186100959777832","0.08358166366815567","0.09963075071573257","0.09228071197867393","0.08416874706745148","0.10040456056594849","0.217901561409235","0.1436161994934082","0.2894374430179596","0.20529739931225777","0.1942744255065918","0.21529120206832886"
"889","0.08566837944090366","0.07247081398963928","0.09769756346940994","0.08610228635370731","0.07411617040634155","0.0963047593832016","0.0863092951476574","0.07426720857620239","0.09678313136100769","0.19997741654515266","0.1437404751777649","0.265960693359375","0.19701828807592392","0.18368665874004364","0.2115444540977478"
"890","0.0786135271191597","0.0687071830034256","0.09415607154369354","0.07932944037020206","0.07035835087299347","0.09359686076641083","0.07951433211565018","0.07055629789829254","0.09343597292900085","0.1942003183066845","0.1209164708852768","0.27511465549468994","0.1800043061375618","0.1643904745578766","0.19730731844902039"
"891","0.08838280290365219","0.07480771839618683","0.09821543097496033","0.0899597555398941","0.07835665345191956","0.10119864344596863","0.09025677107274532","0.0792834460735321","0.10174169391393661","0.2094150148332119","0.14097778499126434","0.2770661413669586","0.20203031226992607","0.18946969509124756","0.21715614199638367"
"892","0.08640086837112904","0.07759221643209457","0.0951264500617981","0.08669005520641804","0.0770525112748146","0.09747371077537537","0.08666626922786236","0.07732782512903214","0.0971188098192215","0.21727748960256577","0.147440105676651","0.2937091290950775","0.20370297133922577","0.19193220138549805","0.22506171464920044"
"894","0.07876411080360413","0.0736321359872818","0.08301960676908493","0.07873490080237389","0.07377327978610992","0.08229676634073257","0.07894409261643887","0.07405837625265121","0.08270032703876495","0.20136630907654762","0.12944787740707397","0.2729294002056122","0.18473826721310616","0.17874932289123535","0.18782997131347656"
"895","0.08767989464104176","0.07826697826385498","0.09471721947193146","0.08922860771417618","0.08043982088565826","0.09767679870128632","0.0889331828802824","0.08016353100538254","0.09698139131069183","0.2213374488055706","0.13373495638370514","0.3241938352584839","0.20064722001552582","0.18413740396499634","0.22103279829025269"
"896","0.084358224645257","0.07742787897586823","0.09779416769742966","0.08455530740320683","0.07864653319120407","0.09901829063892365","0.08475747145712376","0.07894715666770935","0.099064901471138","0.20975667610764503","0.1299590915441513","0.3162480592727661","0.19516118988394737","0.17967411875724792","0.2247413992881775"
"897","0.08773026056587696","0.06357380747795105","0.11053261160850525","0.08904125168919563","0.06348913908004761","0.1149977594614029","0.08915928192436695","0.06313418596982956","0.11494864523410797","0.20779947936534882","0.1478727161884308","0.28541016578674316","0.1923145428299904","0.15378157794475555","0.22516712546348572"
"898","0.07842278853058815","0.06867806613445282","0.08465220034122467","0.07912536896765232","0.0691303014755249","0.08636949211359024","0.07915584184229374","0.06908434629440308","0.08647914975881577","0.2003743313252926","0.13239037990570068","0.2822759747505188","0.18893088400363922","0.17795079946517944","0.20789167284965515"
"899","0.08524978905916214","0.07587675750255585","0.09275904297828674","0.08730404824018478","0.07764159888029099","0.0961662232875824","0.0875075962394476","0.07803256809711456","0.09603381901979446","0.21119434759020805","0.12614837288856506","0.29254305362701416","0.19435694813728333","0.17153336107730865","0.22678548097610474"
"900","0.08522862009704113","0.07470262795686722","0.09858542680740356","0.08594851940870285","0.07554715871810913","0.09982332587242126","0.08630204014480114","0.07621534913778305","0.10030990839004517","0.21102458238601685","0.12923040986061096","0.2793838083744049","0.1999877654016018","0.17532216012477875","0.2333848774433136"
"901","0.08488525450229645","0.08220439404249191","0.08744563162326813","0.08674286492168903","0.08465000987052917","0.0890267938375473","0.08706089481711388","0.08497314900159836","0.089910589158535","0.21744639426469803","0.14411433041095734","0.28970831632614136","0.19974403828382492","0.19519957900047302","0.20719486474990845"
"902","0.08236972242593765","0.07362379133701324","0.09486038237810135","0.08424403332173824","0.07416419684886932","0.09745606034994125","0.08409991301596165","0.07382050901651382","0.09743160009384155","0.20375885628163815","0.12427958101034164","0.2980782985687256","0.18774383515119553","0.16715934872627258","0.208574578166008"
"903","0.08828828670084476","0.0785483568906784","0.09994089603424072","0.08826842159032822","0.08070722222328186","0.09738694131374359","0.088416313752532","0.08053653687238693","0.09751435369253159","0.21590077131986618","0.13144204020500183","0.30601006746292114","0.2019835226237774","0.18625210225582123","0.21916621923446655"
"904","0.08027402311563492","0.07584190368652344","0.08262105286121368","0.08062710426747799","0.07591362297534943","0.08419199287891388","0.08086578734219074","0.07558590173721313","0.08456993103027344","0.2025664821267128","0.14353200793266296","0.28190603852272034","0.18903391808271408","0.1793012022972107","0.19378997385501862"
"905","0.08788861334323883","0.07640072703361511","0.10064201056957245","0.08798598684370518","0.07585521042346954","0.10104239732027054","0.08828985877335072","0.07643526792526245","0.10123305022716522","0.21671510115265846","0.1283026933670044","0.31696993112564087","0.20032569393515587","0.18158230185508728","0.21845972537994385"
"906","0.07905405946075916","0.06971701979637146","0.08989520370960236","0.08043198473751545","0.07174105942249298","0.09231209754943848","0.08043334819376469","0.07190199196338654","0.09253402054309845","0.2005135901272297","0.12466566264629364","0.2765292525291443","0.19420675560832024","0.17665715515613556","0.21180492639541626"
"907","0.07600212655961514","0.0664040744304657","0.08375552296638489","0.07769530825316906","0.06754177808761597","0.08477099984884262","0.07759507186710835","0.06770551204681396","0.0843619629740715","0.19162992388010025","0.12815135717391968","0.2652822732925415","0.18158620223402977","0.1730842888355255","0.18846920132637024"
"908","0.08451342396438122","0.07404014468193054","0.1018521636724472","0.08621780574321747","0.07692775875329971","0.10495975613594055","0.0864777211099863","0.07716518640518188","0.10513903200626373","0.21743038669228554","0.13851448893547058","0.31855085492134094","0.20694633200764656","0.19225837290287018","0.23956207931041718"
"909","0.0860520489513874","0.07156474888324738","0.10269232094287872","0.08624687977135181","0.0707370936870575","0.10415878146886826","0.08641934208571911","0.07066608965396881","0.1046673133969307","0.22088804095983505","0.12965939939022064","0.32696855068206787","0.2024996317923069","0.17702695727348328","0.2373017966747284"
"910","0.08412009477615356","0.07531887292861938","0.0916118174791336","0.08213769271969795","0.07437607645988464","0.08998769521713257","0.08236479759216309","0.07495211064815521","0.08995118737220764","0.21227489784359932","0.12813177704811096","0.2955917418003082","0.18976785615086555","0.17498326301574707","0.21027089655399323"
"911","0.08161876164376736","0.07234309613704681","0.08984080702066422","0.08267713524401188","0.07200291752815247","0.09219647943973541","0.08295336365699768","0.07179982215166092","0.09265445917844772","0.1982920728623867","0.14192622900009155","0.26526299118995667","0.19669031724333763","0.1819230318069458","0.21434330940246582"
"912","0.08383119478821754","0.07761957496404648","0.08636731654405594","0.08402639627456665","0.08072538673877716","0.08563694357872009","0.08464586921036243","0.081158347427845","0.08620339632034302","0.20818763598799706","0.14197243750095367","0.28071099519729614","0.1963166929781437","0.1848868429660797","0.20857399702072144"
"913","0.0823921374976635","0.07175549864768982","0.0942099541425705","0.0829299557954073","0.07179228961467743","0.09524548053741455","0.08312966488301754","0.071971595287323","0.09540332853794098","0.20962050557136536","0.12100230157375336","0.288271963596344","0.19912424311041832","0.1755794882774353","0.21921956539154053"
"914","0.08327681943774223","0.07088648527860641","0.09307251870632172","0.08282510936260223","0.06921432167291641","0.09180036932229996","0.08308341354131699","0.06939420104026794","0.09192317724227905","0.20501994527876377","0.11886974424123764","0.28872784972190857","0.19172031804919243","0.17264725267887115","0.2073967158794403"
"915","0.08341929130256176","0.07160551100969315","0.09353863447904587","0.0845222994685173","0.07192288339138031","0.09479581564664841","0.08475328050553799","0.07197343558073044","0.09487169981002808","0.20482102781534195","0.1417715847492218","0.285323828458786","0.19519369676709175","0.17743004858493805","0.21002979576587677"
"916","0.08364282362163067","0.07279735803604126","0.09529997408390045","0.08493664301931858","0.07654812186956406","0.09728860855102539","0.08508997224271297","0.0764833390712738","0.0976494550704956","0.20529677346348763","0.1367889791727066","0.27596691250801086","0.19626948609948158","0.18156766891479492","0.2110561579465866"
"917","0.07910503447055817","0.06559132039546967","0.09181004017591476","0.08001167513430119","0.06663828343153","0.09230451285839081","0.08017097786068916","0.06725957989692688","0.09233606606721878","0.20444517955183983","0.11200901865959167","0.3011484146118164","0.1779758334159851","0.15570852160453796","0.19917191565036774"
"918","0.08437230996787548","0.08038461953401566","0.08795204758644104","0.08455263637006283","0.07949554920196533","0.09021933376789093","0.08465462364256382","0.08005888760089874","0.0898871123790741","0.2014411799609661","0.1357702761888504","0.2779584527015686","0.1898995228111744","0.18195199966430664","0.19849886000156403"
"919","0.09238298423588276","0.08845692873001099","0.09859663248062134","0.09275073744356632","0.08940458297729492","0.0980425775051117","0.09293167293071747","0.08955773711204529","0.09829039126634598","0.22391095012426376","0.14046764373779297","0.3116111755371094","0.2007356844842434","0.1871280074119568","0.21340741217136383"
"920","0.0826287679374218","0.07106230407953262","0.0942847803235054","0.08265849761664867","0.06992000341415405","0.09297280758619308","0.0828605443239212","0.0700514018535614","0.09325581789016724","0.2090659886598587","0.13202935457229614","0.3114469051361084","0.19100671261548996","0.17912781238555908","0.20123612880706787"
"921","0.08481637015938759","0.07011062651872635","0.09534238278865814","0.0847933366894722","0.07125085592269897","0.09596246480941772","0.08490206860005856","0.07132263481616974","0.09609702974557877","0.20707496255636215","0.12745408713817596","0.30618816614151","0.18840385228395462","0.16642683744430542","0.2067059576511383"
"922","0.08335809223353863","0.07685961574316025","0.09707558155059814","0.0846969522535801","0.07805878669023514","0.10020805895328522","0.08459986560046673","0.07776831835508347","0.10047899931669235","0.20567600801587105","0.13125178217887878","0.3098061978816986","0.19571692869067192","0.18254703283309937","0.2164674997329712"
"923","0.08081507496535778","0.07268582284450531","0.09862499684095383","0.08197720907628536","0.07254546880722046","0.09858472645282745","0.08233869075775146","0.07369711250066757","0.09893904626369476","0.19704601913690567","0.12554748356342316","0.28280362486839294","0.1896347552537918","0.17308610677719116","0.21974153816699982"
"924","0.07614430226385593","0.06489945203065872","0.09040158987045288","0.07587696611881256","0.06456784904003143","0.08841812610626221","0.07576029188930988","0.0645717978477478","0.08733800053596497","0.19066613167524338","0.12333345413208008","0.2501750588417053","0.18473905324935913","0.16636142134666443","0.22288551926612854"
"925","0.08099768310785294","0.07643461227416992","0.09190142154693604","0.08224560879170895","0.07653406262397766","0.09319096803665161","0.08371662721037865","0.07672858983278275","0.09812295436859131","0.21034475415945053","0.13021166622638702","0.3046935200691223","0.1985981985926628","0.18151739239692688","0.22518739104270935"
"926","0.08375050872564316","0.07217563688755035","0.09418371319770813","0.0842869020998478","0.07353536784648895","0.0960029810667038","0.08435510843992233","0.07337431609630585","0.09560558944940567","0.19998599216341972","0.1293288618326187","0.273965060710907","0.18572282046079636","0.17566144466400146","0.19315369427204132"
"927","0.07886710204184055","0.06679290533065796","0.09330427646636963","0.0803682766854763","0.06717321276664734","0.09529492259025574","0.0805149506777525","0.06746276468038559","0.09527021646499634","0.20263595692813396","0.11957130581140518","0.29820534586906433","0.1913711316883564","0.17208416759967804","0.21351435780525208"
"928","0.08241592161357403","0.07751116901636124","0.08548365533351898","0.08340337686240673","0.07809270918369293","0.08638297021389008","0.08376475609838963","0.0786217525601387","0.08661217987537384","0.2027578316628933","0.1324198991060257","0.27845996618270874","0.18826143071055412","0.17911358177661896","0.1923029124736786"
"929","0.07771987095475197","0.06918860971927643","0.08281045407056808","0.07794922217726707","0.07121140509843826","0.08185354620218277","0.07841716334223747","0.07154183089733124","0.0826774463057518","0.18979602679610252","0.12964507937431335","0.25348713994026184","0.17884216085076332","0.16970320045948029","0.189342200756073"
"930","0.08022829703986645","0.07257147133350372","0.09329164028167725","0.08026806823909283","0.07233026623725891","0.09371225535869598","0.08055774495005608","0.07294264435768127","0.09395796060562134","0.19641384482383728","0.13363246619701385","0.2467503696680069","0.1975434571504593","0.18090090155601501","0.22054515779018402"
"931","0.08799231611192226","0.0704754889011383","0.10431604832410812","0.08941656164824963","0.06934735178947449","0.10875402390956879","0.08943496085703373","0.06951498985290527","0.10832485556602478","0.20131560042500496","0.13416630029678345","0.2810191512107849","0.1916918382048607","0.16419781744480133","0.22068002820014954"
"932","0.07577500492334366","0.06446392834186554","0.09259061515331268","0.07692394591867924","0.0670640766620636","0.09652099013328552","0.07730922475457191","0.0678272470831871","0.09654440730810165","0.1860262267291546","0.11718396842479706","0.24769124388694763","0.1816406212747097","0.16366341710090637","0.20406031608581543"
"933","0.08916845731437206","0.06871043890714645","0.10064832121133804","0.08828448131680489","0.06974288076162338","0.1017766147851944","0.0889769047498703","0.06986063718795776","0.10295921564102173","0.21448073908686638","0.11818601191043854","0.29996681213378906","0.19573748856782913","0.16900786757469177","0.21266749501228333"
"934","0.0811302661895752","0.07627655565738678","0.09110754728317261","0.08133411034941673","0.07699227333068848","0.0897558331489563","0.08147599920630455","0.0770549550652504","0.08969008177518845","0.1977166123688221","0.12376497685909271","0.2836425304412842","0.183673195540905","0.1720932573080063","0.20806121826171875"
"935","0.0735893789678812","0.07048791646957397","0.07676367461681366","0.07472756318747997","0.07136815786361694","0.07987786829471588","0.0750353503972292","0.07174400240182877","0.08010236918926239","0.18699730187654495","0.121471107006073","0.2528068423271179","0.17618556693196297","0.16910693049430847","0.18993276357650757"
"936","0.08232729695737362","0.07479794323444366","0.08723953366279602","0.08393496461212635","0.07656511664390564","0.09109744429588318","0.08394458703696728","0.07737816870212555","0.09056361764669418","0.19842923432588577","0.131163090467453","0.2715664505958557","0.1901686117053032","0.1799907386302948","0.20211784541606903"
"937","0.08488741517066956","0.07899919897317886","0.08941353857517242","0.0848323442041874","0.07769425213336945","0.09009373933076859","0.08483249880373478","0.07721852511167526","0.0901605412364006","0.21207920834422112","0.1435009241104126","0.28721165657043457","0.19622808694839478","0.17926129698753357","0.20993463695049286"
"938","0.09213756397366524","0.09010398387908936","0.09518031775951385","0.09284656681120396","0.08803452551364899","0.09713492542505264","0.09340932965278625","0.08802628517150879","0.09764625877141953","0.21580643579363823","0.14914150536060333","0.28583088517189026","0.20016509667038918","0.19626295566558838","0.20626035332679749"
"939","0.08744976297020912","0.07262742519378662","0.09975499659776688","0.08818842470645905","0.07258038967847824","0.10237104445695877","0.08836083114147186","0.07270547747612","0.10370124876499176","0.20549486950039864","0.11867201328277588","0.2946540117263794","0.1903587318956852","0.17309732735157013","0.2073453664779663"
"940","0.08778694085776806","0.06761996448040009","0.09661862254142761","0.08802494406700134","0.06813700497150421","0.09659446775913239","0.0884214285761118","0.06807079911231995","0.09734253585338593","0.2078493945300579","0.15303602814674377","0.2921077609062195","0.19774522632360458","0.17190639674663544","0.2080923467874527"
"941","0.07859344780445099","0.06320074200630188","0.09383167326450348","0.07911206595599651","0.06284691393375397","0.09287136793136597","0.07917674630880356","0.06277502328157425","0.0932469591498375","0.19739090651273727","0.1211070716381073","0.29278263449668884","0.18073183298110962","0.1654072254896164","0.19976072013378143"
"942","0.06935876328498125","0.059563685208559036","0.0787210464477539","0.07328804396092892","0.06323873996734619","0.08139997720718384","0.07386504113674164","0.06382298469543457","0.08208518475294113","0.19048026204109192","0.11882393062114716","0.27235519886016846","0.181093942373991","0.16734623908996582","0.19377869367599487"
"943","0.06954682059586048","0.06424707174301147","0.08183272927999496","0.07297715544700623","0.06509357690811157","0.08733908832073212","0.07286445796489716","0.06483190506696701","0.08756201714277267","0.19635149464011192","0.12498496472835541","0.2965477705001831","0.17913053184747696","0.16476678848266602","0.1943376362323761"
"944","0.07024320028722286","0.06138451397418976","0.07746345549821854","0.074072590097785","0.06562099605798721","0.08249171078205109","0.07463612966239452","0.06624411046504974","0.08301054686307907","0.19783176481723785","0.1251092255115509","0.2822220027446747","0.18470986559987068","0.16868650913238525","0.20511633157730103"
"945","0.07362532615661621","0.056052275002002716","0.08558355271816254","0.07558980863541365","0.05865652486681938","0.08536162972450256","0.07565127871930599","0.05888213962316513","0.08528687804937363","0.20112217776477337","0.11306463927030563","0.28293144702911377","0.18679527565836906","0.16610394418239594","0.20411035418510437"
"946","0.0812328215688467","0.074673593044281","0.09143397957086563","0.08679263293743134","0.08146554231643677","0.09823566675186157","0.08703257702291012","0.08154632896184921","0.09852039068937302","0.2143869549036026","0.14327052235603333","0.2854282855987549","0.20207279175519943","0.19590234756469727","0.216035395860672"
"947","0.06772064045071602","0.05982261151075363","0.07717720419168472","0.07074152305722237","0.06138061732053757","0.08011942356824875","0.07119887508451939","0.061877332627773285","0.08036763966083527","0.1961587630212307","0.13221657276153564","0.2669050097465515","0.1826370693743229","0.1728173792362213","0.19258183240890503"
"948","0.07342329248785973","0.06790467351675034","0.08103884011507034","0.07792851328849792","0.0708586797118187","0.08644641190767288","0.07803022302687168","0.07095295190811157","0.08715452253818512","0.2084345407783985","0.13550055027008057","0.31293120980262756","0.18941887468099594","0.17373746633529663","0.204999178647995"
"949","0.0737936794757843","0.06349335610866547","0.08019567281007767","0.07869883067905903","0.0683932825922966","0.08328338712453842","0.07909196615219116","0.06888028979301453","0.08377309888601303","0.20183232054114342","0.12401826679706573","0.27616262435913086","0.17923347279429436","0.16485965251922607","0.18800656497478485"
"950","0.06981067359447479","0.06242930144071579","0.0744507908821106","0.0721826609224081","0.06434169411659241","0.07500028610229492","0.07235122099518776","0.0647476390004158","0.07536140084266663","0.1823224015533924","0.12872639298439026","0.2406015694141388","0.1713220328092575","0.16573840379714966","0.1742527186870575"
"951","0.08099927008152008","0.06901977211236954","0.08812898397445679","0.08604086190462112","0.07516573369503021","0.09296102821826935","0.08616003580391407","0.07528004050254822","0.09276073426008224","0.21523086354136467","0.15293508768081665","0.2797873020172119","0.20205163583159447","0.1829519271850586","0.21162152290344238"
"952","0.07327556423842907","0.06934374570846558","0.07642155885696411","0.07692474499344826","0.07319673150777817","0.08108847588300705","0.07757311686873436","0.07370060682296753","0.08195357024669647","0.20384884625673294","0.13308531045913696","0.27651214599609375","0.19611605256795883","0.18525902926921844","0.20845873653888702"
"953","0.07859225384891033","0.061469823122024536","0.0908149778842926","0.08268466219305992","0.0641055554151535","0.09632951021194458","0.08307876251637936","0.06428182870149612","0.09741425514221191","0.20960871502757072","0.1492220163345337","0.2954665720462799","0.20238438248634338","0.1727767139673233","0.21581050753593445"
"954","0.06692542880773544","0.05449751764535904","0.07971552014350891","0.06918718758970499","0.0561881847679615","0.08118513226509094","0.06952420994639397","0.056224070489406586","0.08174282312393188","0.1804698221385479","0.1261071264743805","0.243277445435524","0.17288564145565033","0.1632525622844696","0.18627578020095825"
"955","0.07797557860612869","0.06576807796955109","0.09006333351135254","0.08124907873570919","0.0698765441775322","0.09297222644090652","0.08174701407551765","0.0696461945772171","0.09340579807758331","0.2103445865213871","0.12649156153202057","0.29706838726997375","0.19843843951821327","0.17989498376846313","0.21107742190361023"
"956","0.07894186861813068","0.07316568493843079","0.08398207277059555","0.08329990319907665","0.0772547721862793","0.0893791913986206","0.08367051742970943","0.07758966833353043","0.0893414318561554","0.22450518980622292","0.13933300971984863","0.3156203031539917","0.20539233088493347","0.19039225578308105","0.21562297642230988"
"957","0.07419228367507458","0.0723380297422409","0.07554709911346436","0.07840251363813877","0.07444114238023758","0.08141683787107468","0.07864555157721043","0.07495581358671188","0.08202913403511047","0.20612857863307","0.12485504150390625","0.2958473861217499","0.1835852451622486","0.17501568794250488","0.1972745656967163"
"958","0.07797274179756641","0.060760267078876495","0.08778994530439377","0.08128458261489868","0.06361211836338043","0.09429458528757095","0.08175859227776527","0.06403839588165283","0.09460579603910446","0.2088951263576746","0.11559433490037918","0.2968928813934326","0.191033273935318","0.16401414573192596","0.21223555505275726"
"959","0.06950469315052032","0.06485134363174438","0.07358971983194351","0.07182369939982891","0.06631099432706833","0.07768775522708893","0.0720351841300726","0.06645470857620239","0.07832036912441254","0.19266446866095066","0.12113858014345169","0.27656638622283936","0.1842333860695362","0.17636384069919586","0.19841626286506653"
"960","0.0693046236410737","0.05405326187610626","0.0827687531709671","0.07293612044304609","0.056375641375780106","0.08699922263622284","0.07317218743264675","0.05708847939968109","0.08721873164176941","0.19203312322497368","0.11312948167324066","0.2984742522239685","0.17641089856624603","0.14890813827514648","0.19738778471946716"
"961","0.07545366883277893","0.06774036586284637","0.08608733862638474","0.081366753205657","0.07290731370449066","0.09206894040107727","0.08156467042863369","0.07319672405719757","0.09202521294355392","0.21503616124391556","0.13875070214271545","0.2962520122528076","0.20494021475315094","0.19275429844856262","0.21677234768867493"
"962","0.07371488492935896","0.058669563382864","0.08504417538642883","0.0775875635445118","0.06250697374343872","0.08866013586521149","0.07808948680758476","0.06281731277704239","0.08863043785095215","0.19435788691043854","0.14520852267742157","0.2483406513929367","0.18022520840168","0.15916350483894348","0.19706034660339355"
"963","0.07257463596761227","0.06840221583843231","0.07912562787532806","0.07522641308605671","0.07134731113910675","0.0810113176703453","0.07549657486379147","0.0722326934337616","0.08141952753067017","0.20846445485949516","0.13191060721874237","0.2874411940574646","0.18979500979185104","0.18350300192832947","0.1964535415172577"
"964","0.08072851970791817","0.0677056759595871","0.0880572646856308","0.08457806706428528","0.06985411047935486","0.09470266103744507","0.08499560691416264","0.07027921080589294","0.09532084316015244","0.2166351042687893","0.12368351221084595","0.2980361878871918","0.20173684880137444","0.1789150983095169","0.21223729848861694"
"965","0.07951553910970688","0.0726781114935875","0.0852329358458519","0.0810270756483078","0.07693418860435486","0.08295872807502747","0.08133726567029953","0.07704012095928192","0.0838615745306015","0.21635596081614494","0.13986730575561523","0.292629599571228","0.20128541439771652","0.19171038269996643","0.208251953125"
"966","0.0827360674738884","0.06460732221603394","0.09901988506317139","0.08709363453090191","0.07164110243320465","0.10100841522216797","0.08776133880019188","0.07212236523628235","0.10115277767181396","0.22148558869957924","0.13546599447727203","0.32290101051330566","0.2034291736781597","0.1856926828622818","0.2298969030380249"
"967","0.07265292294323444","0.06731657683849335","0.08088262379169464","0.07671057432889938","0.07390701025724411","0.08353158831596375","0.07681413553655148","0.07414361089468002","0.0838126614689827","0.20143966004252434","0.1393054574728012","0.26953768730163574","0.1991710364818573","0.1907069981098175","0.21249856054782867"
"968","0.07130370289087296","0.0612172856926918","0.08052686601877213","0.07575815171003342","0.06621314585208893","0.08610112965106964","0.07586120814085007","0.06635114550590515","0.08629517257213593","0.18748689442873","0.1384546160697937","0.23657828569412231","0.17795384675264359","0.16070027649402618","0.19446305930614471"
"969","0.07331175170838833","0.06389579176902771","0.0814666673541069","0.07718724757432938","0.06732160598039627","0.08552545309066772","0.07754350267350674","0.06775874644517899","0.08575212955474854","0.19580071046948433","0.14471694827079773","0.24685201048851013","0.1892879419028759","0.17409175634384155","0.2034038007259369"
"970","0.06854950822889805","0.059081800282001495","0.07741986960172653","0.07118447124958038","0.06068858504295349","0.07863111793994904","0.07158235274255276","0.06062738597393036","0.07919429242610931","0.18896428123116493","0.12846629321575165","0.24893225729465485","0.18282337859272957","0.17402341961860657","0.19451242685317993"
"971","0.07201851718127728","0.06689974665641785","0.07577823102474213","0.07549693435430527","0.07309538125991821","0.07865948975086212","0.07615462131798267","0.07371398061513901","0.07917124778032303","0.1982329972088337","0.13950034976005554","0.25847408175468445","0.18988144770264626","0.1812383383512497","0.19951216876506805"
"972","0.06919723283499479","0.06221709027886391","0.07457107305526733","0.07303325273096561","0.06481897085905075","0.0795934647321701","0.07324914820492268","0.06501676142215729","0.08029672503471375","0.18680980056524277","0.12366493046283722","0.2464403361082077","0.17298876121640205","0.16312336921691895","0.18012984097003937"
"973","0.07701407745480537","0.0683007687330246","0.08532445132732391","0.08083404414355755","0.07225906848907471","0.08969731628894806","0.08069896884262562","0.07194861769676208","0.08953303098678589","0.19984550774097443","0.1275089979171753","0.27978265285491943","0.1808929406106472","0.16390886902809143","0.19306237995624542"
"974","0.0712419431656599","0.0639381855726242","0.07498489320278168","0.07497418858110905","0.06750670075416565","0.07986806333065033","0.07531825453042984","0.06752552837133408","0.08000721782445908","0.19037195667624474","0.12642672657966614","0.25645166635513306","0.18304705247282982","0.1751500964164734","0.18920767307281494"
"975","0.0791784543544054","0.06900381296873093","0.08972137421369553","0.08242239616811275","0.07061157375574112","0.09290444105863571","0.0825277753174305","0.07050321996212006","0.09330768883228302","0.2039970438927412","0.12059684842824936","0.30118328332901","0.19703200459480286","0.1736128032207489","0.21596375107765198"
"976","0.0793544128537178","0.07241564989089966","0.08230743557214737","0.08264536410570145","0.07599404454231262","0.08695335686206818","0.083050437271595","0.07615061849355698","0.08770062774419785","0.2065121755003929","0.1360430121421814","0.275395005941391","0.19359687343239784","0.18833954632282257","0.19707424938678741"
"977","0.08251418545842171","0.07385892421007156","0.090099036693573","0.0853121243417263","0.07523750513792038","0.09460487961769104","0.08571886643767357","0.07523055374622345","0.09519809484481812","0.21342610195279121","0.14900459349155426","0.28939491510391235","0.19335735961794853","0.1780514270067215","0.214935302734375"
"978","0.07190166413784027","0.070468969643116","0.07377780973911285","0.07657786086201668","0.07559674233198166","0.07752913236618042","0.07651824504137039","0.07551123201847076","0.0776057317852974","0.1963777244091034","0.13234426081180573","0.2609885334968567","0.18742915242910385","0.1859409064054489","0.18918146193027496"
"979","0.07767955772578716","0.07486327737569809","0.08519385755062103","0.08155684918165207","0.0765722393989563","0.09146001935005188","0.08195772394537926","0.0772504210472107","0.09197716414928436","0.21173499152064323","0.13940496742725372","0.2711053490638733","0.19552670046687126","0.18247267603874207","0.22346723079681396"
"980","0.07623429782688618","0.06887316703796387","0.08295322209596634","0.08109507150948048","0.0727229043841362","0.0868767648935318","0.08107311837375164","0.07279036194086075","0.08663424849510193","0.2067817784845829","0.12931229174137115","0.28339672088623047","0.189706239849329","0.17475147545337677","0.199144184589386"
"981","0.07681174203753471","0.06506741791963577","0.08443597704172134","0.0795124489814043","0.06752824038267136","0.08588888496160507","0.07972154766321182","0.0679139718413353","0.08611536026000977","0.2014562040567398","0.14069370925426483","0.2606760859489441","0.18618087098002434","0.16897034645080566","0.20240461826324463"
"982","0.0794071089476347","0.06712158769369125","0.09509796649217606","0.08245010860264301","0.06862028688192368","0.10162094980478287","0.08268582634627819","0.06908421963453293","0.10206475108861923","0.2057933285832405","0.13448815047740936","0.3029380440711975","0.19002211466431618","0.17910145223140717","0.2104777991771698"
"983","0.07252661883831024","0.06612663716077805","0.07933445274829865","0.07662646286189556","0.06913543492555618","0.0849989652633667","0.07681538537144661","0.06916117668151855","0.08512479811906815","0.19998259097337723","0.1243358850479126","0.28471800684928894","0.18703997507691383","0.1778506338596344","0.19713354110717773"
"984","0.07835682108998299","0.06955856084823608","0.09636659175157547","0.08088080771267414","0.07202014327049255","0.09937366843223572","0.08120905049145222","0.07177193462848663","0.10007545351982117","0.20200694352388382","0.12767696380615234","0.30363816022872925","0.19097983464598656","0.17654484510421753","0.22651195526123047"
"985","0.07780969142913818","0.07328078895807266","0.08565104007720947","0.08044927008450031","0.07622064650058746","0.08671608567237854","0.08043495565652847","0.07602815330028534","0.08709397912025452","0.21026386693120003","0.13895709812641144","0.2820853888988495","0.1856096349656582","0.1773778647184372","0.19498321413993835"
"986","0.07465250603854656","0.0695827454328537","0.08651300519704819","0.07795199751853943","0.07320234179496765","0.08992891013622284","0.0780537873506546","0.07352498173713684","0.08991827070713043","0.20290350914001465","0.1262659728527069","0.2732056677341461","0.19231223687529564","0.17432482540607452","0.21701711416244507"
"987","0.08196652308106422","0.07738707214593887","0.08762433379888535","0.08532396145164967","0.0800938680768013","0.09181039780378342","0.08557097427546978","0.0804714784026146","0.09262706339359283","0.22229313850402832","0.14608557522296906","0.29391443729400635","0.2087853103876114","0.20028400421142578","0.23077619075775146"
"988","0.06495121493935585","0.06041979044675827","0.07144343107938766","0.06787833198904991","0.06301438808441162","0.07414665818214417","0.06806680746376514","0.06353545188903809","0.0744527205824852","0.18971752747893333","0.11937543749809265","0.2652819752693176","0.17881813272833824","0.1727820634841919","0.18404580652713776"
"989","0.0728622768074274","0.06892845034599304","0.07844173908233643","0.07736795581877232","0.07302656769752502","0.08296377956867218","0.0776662640273571","0.0736871212720871","0.08333580940961838","0.20477775111794472","0.12912099063396454","0.2830112874507904","0.18838894739747047","0.18113090097904205","0.194871187210083"
"990","0.0772201158106327","0.07399360090494156","0.0858013927936554","0.08127517439424992","0.07632392644882202","0.08856051415205002","0.08128122054040432","0.07586972415447235","0.08874203264713287","0.20486777648329735","0.1424040049314499","0.27440840005874634","0.1882086917757988","0.18363448977470398","0.19394080340862274"
"991","0.07447652518749237","0.06889386475086212","0.08059081435203552","0.07741384953260422","0.07269438356161118","0.08316198736429214","0.07755159214138985","0.0729709267616272","0.08317728340625763","0.20480064675211906","0.1273435801267624","0.281779408454895","0.1954495906829834","0.1860303431749344","0.20395958423614502"
"992","0.07674820348620415","0.06728942692279816","0.08310286700725555","0.07905382104218006","0.06700599938631058","0.08751711249351501","0.0793339554220438","0.06757286190986633","0.08754169195890427","0.2019980102777481","0.14755356311798096","0.25626975297927856","0.19105365499854088","0.17797639966011047","0.21182236075401306"
"993","0.07414307445287704","0.06833789497613907","0.08330908417701721","0.0776218343526125","0.07246134430170059","0.08523496985435486","0.07793190330266953","0.0723033919930458","0.08542569726705551","0.20155025273561478","0.13096284866333008","0.2737116813659668","0.19201050326228142","0.1840319037437439","0.19764210283756256"
"994","0.08031219057738781","0.07703997939825058","0.08368601649999619","0.08467983268201351","0.08063796907663345","0.08869744837284088","0.08502958342432976","0.0807456374168396","0.08882023394107819","0.2116166539490223","0.14798779785633087","0.2804156243801117","0.20295479893684387","0.1859833151102066","0.21893128752708435"
"995","0.0817707683891058","0.07741425931453705","0.08848141878843307","0.08682452142238617","0.08012080937623978","0.0964789167046547","0.08722725510597229","0.07999232411384583","0.09642920643091202","0.2278701514005661","0.1419200599193573","0.3176080584526062","0.20994704961776733","0.20072337985038757","0.2202140986919403"
"996","0.07263540849089622","0.06178051233291626","0.09068085253238678","0.07648588716983795","0.06540338695049286","0.09570497274398804","0.0765798818320036","0.06544581055641174","0.09548225998878479","0.1854671761393547","0.12352880835533142","0.23481915891170502","0.18654385954141617","0.16731514036655426","0.22680169343948364"
"997","0.08584793657064438","0.0792437344789505","0.09282336384057999","0.08919765241444111","0.08538627624511719","0.09615787863731384","0.08955679461359978","0.08603096008300781","0.09605860710144043","0.2274581640958786","0.13898494839668274","0.3106061816215515","0.20524190738797188","0.1886163204908371","0.21492791175842285"
"998","0.07660809345543385","0.07088993489742279","0.0820317268371582","0.07943588681519032","0.07344554364681244","0.08382843434810638","0.07985489815473557","0.07369128614664078","0.08463652431964874","0.20913926512002945","0.12476986646652222","0.2885802984237671","0.18986783176660538","0.1754654049873352","0.19706392288208008"
"999","0.08104514516890049","0.07602904736995697","0.08379795402288437","0.08337784744799137","0.07553818821907043","0.08768784999847412","0.0834859199821949","0.07547682523727417","0.08771027624607086","0.20607951283454895","0.14116743206977844","0.27391892671585083","0.1928916610777378","0.18960388004779816","0.1975114941596985"
"1000","0.07436726614832878","0.06935934722423553","0.07978706806898117","0.07694901525974274","0.06994287669658661","0.08381165564060211","0.07717187330126762","0.07014395296573639","0.08431017398834229","0.20574093610048294","0.12638208270072937","0.2871193587779999","0.19541151076555252","0.17826014757156372","0.2049168050289154"
"1001","0.07367951050400734","0.06777253746986389","0.08021203428506851","0.07619688659906387","0.06957708299160004","0.08331765234470367","0.076816625893116","0.0702250748872757","0.08422160148620605","0.20236044004559517","0.12287478148937225","0.2913214862346649","0.18927958980202675","0.17594750225543976","0.20347674190998077"
"1002","0.07725255563855171","0.07415879517793655","0.08346577733755112","0.07957050018012524","0.07729597389698029","0.08450041711330414","0.08004964329302311","0.07755662500858307","0.08450701832771301","0.20537900552153587","0.13506488502025604","0.27181756496429443","0.1937701515853405","0.1867627054452896","0.2072492390871048"
"1003","0.0763204526156187","0.06856116652488708","0.08098287880420685","0.07897119969129562","0.07078652083873749","0.08394946157932281","0.07913152500987053","0.07065802812576294","0.08452211320400238","0.1994618233293295","0.12150674313306808","0.2765008509159088","0.18746411427855492","0.1692361980676651","0.2115282416343689"
"1004","0.07338457927107811","0.06833994388580322","0.07618889212608337","0.07702183164656162","0.07449102401733398","0.07789941132068634","0.07740169204771519","0.07432974874973297","0.0786006897687912","0.20037153735756874","0.12155500054359436","0.28129786252975464","0.18394210189580917","0.16872556507587433","0.19172711670398712"
"1005","0.07588654197752476","0.06919443607330322","0.08632270991802216","0.07868928462266922","0.0703609436750412","0.08788402378559113","0.07899159379303455","0.07097747176885605","0.08803199976682663","0.19895970448851585","0.12972450256347656","0.29698407649993896","0.18274788185954094","0.17101840674877167","0.19751456379890442"
"1006","0.07413571141660213","0.06302706152200699","0.08732110261917114","0.07688400521874428","0.06595955044031143","0.08812963217496872","0.07687510177493095","0.06584105640649796","0.0884053185582161","0.1937672346830368","0.11622174084186554","0.27701181173324585","0.1822037398815155","0.16613127291202545","0.19127961993217468"
"1007","0.08282123506069183","0.07221822440624237","0.09104694426059723","0.0867955032736063","0.07568018138408661","0.09580854326486588","0.08685164526104927","0.07627415657043457","0.09572379291057587","0.217753816395998","0.14062421023845673","0.30741870403289795","0.1989801935851574","0.1853390336036682","0.21176330745220184"
"1008","0.08173253014683723","0.07333704829216003","0.09127967804670334","0.08393331617116928","0.07699917256832123","0.0943572148680687","0.08429654315114021","0.07747966796159744","0.09486979991197586","0.2066313922405243","0.1296665370464325","0.28835728764533997","0.19070294126868248","0.17621509730815887","0.21360719203948975"
"1009","0.07418277114629745","0.06787652522325516","0.07999193668365479","0.07710061967372894","0.07193692773580551","0.08382277935743332","0.07724784500896931","0.07178948819637299","0.08422309160232544","0.20091449469327927","0.11915838718414307","0.28745123744010925","0.17821723595261574","0.16119714081287384","0.1960865557193756"
"1010","0.06911987438797951","0.061111994087696075","0.08022904396057129","0.07312808372080326","0.06548777967691422","0.08624424040317535","0.07331334799528122","0.0655672699213028","0.08617348968982697","0.1874382682144642","0.12341850996017456","0.2465962916612625","0.1820962242782116","0.16966183483600616","0.19834297895431519"
"1011","0.08075418137013912","0.07231348752975464","0.09021177887916565","0.08476308919489384","0.07744444161653519","0.09540337324142456","0.08523545600473881","0.07794710248708725","0.09588631987571716","0.2092060223221779","0.1422746777534485","0.2675144374370575","0.19676585868000984","0.18665501475334167","0.21930071711540222"
"1012","0.08158872462809086","0.0766306146979332","0.08683278411626816","0.08424869179725647","0.08022673428058624","0.08859235048294067","0.08442751318216324","0.08051244914531708","0.08873610198497772","0.21534155309200287","0.14085856080055237","0.29084473848342896","0.2005767971277237","0.19790257513523102","0.20598289370536804"
"1013","0.07394528575241566","0.0694659873843193","0.08226998150348663","0.07642854005098343","0.07253013551235199","0.08366282284259796","0.07688076607882977","0.07287663221359253","0.08424150198698044","0.196140818297863","0.12775179743766785","0.2900133728981018","0.1822090856730938","0.17669734358787537","0.19282448291778564"
"1014","0.0724832322448492","0.0693911537528038","0.07578698545694351","0.07363295927643776","0.0708099976181984","0.07696071267127991","0.07415952160954475","0.0713653564453125","0.07747180014848709","0.18373426795005798","0.12930233776569366","0.2374396026134491","0.17805741727352142","0.16904272139072418","0.18173199892044067"
"1015","0.07159323431551456","0.06625786423683167","0.0771484300494194","0.07313010096549988","0.06854826211929321","0.07823336869478226","0.07340513356029987","0.068939208984375","0.07814342528581619","0.19225259497761726","0.11588301509618759","0.276354044675827","0.1754576377570629","0.16373831033706665","0.18683341145515442"
"1016","0.07762832939624786","0.06511017680168152","0.0924825593829155","0.08141465298831463","0.06912417709827423","0.09636732935905457","0.08150545693933964","0.06872161477804184","0.09683353453874588","0.20051893033087254","0.12410307675600052","0.27738717198371887","0.19189980253577232","0.17429453134536743","0.21913805603981018"
"1017","0.07754918374121189","0.07212228327989578","0.08331727236509323","0.0793886799365282","0.07399490475654602","0.08658328652381897","0.07966707833111286","0.07478806376457214","0.08634871989488602","0.19919426552951336","0.12208463996648788","0.273066908121109","0.18291116133332253","0.17287296056747437","0.18936434388160706"
"1018","0.07527888752520084","0.0665164664387703","0.08784882724285126","0.07799668423831463","0.06958609819412231","0.09002888202667236","0.07817533425986767","0.06969267874956131","0.09048251807689667","0.20311133563518524","0.12391994893550873","0.2814869284629822","0.1865648217499256","0.17070811986923218","0.2082904428243637"
"1019","0.0755173284560442","0.0638127401471138","0.08518506586551666","0.07930588535964489","0.06702493131160736","0.0880376398563385","0.07987134158611298","0.06770233809947968","0.08840914070606232","0.20281286537647247","0.15046954154968262","0.26353389024734497","0.19135523959994316","0.17122986912727356","0.20747950673103333"
"1020","0.07651840336620808","0.070335254073143","0.08701301366090775","0.07893901132047176","0.07263834029436111","0.09050890058279037","0.07919626869261265","0.07295689731836319","0.09079229831695557","0.2083599828183651","0.12963680922985077","0.2860451936721802","0.1907709427177906","0.1821848750114441","0.20318657159805298"
"1021","0.081117769703269","0.07193629443645477","0.09185890853404999","0.08488192223012447","0.07691657543182373","0.09705021232366562","0.08530771918594837","0.07745654135942459","0.09749306738376617","0.20469801127910614","0.13141220808029175","0.2691551446914673","0.2016773484647274","0.17953689396381378","0.22763194143772125"
"1022","0.07437154278159142","0.0698566883802414","0.08398499339818954","0.07789210230112076","0.07269222289323807","0.0880601704120636","0.07836410030722618","0.07317662239074707","0.0886666551232338","0.19719084352254868","0.1208411455154419","0.28967514634132385","0.18319538980722427","0.17594420909881592","0.20248711109161377"
"1023","0.07930940203368664","0.06522957980632782","0.0860498920083046","0.08177509903907776","0.06735733151435852","0.09039584547281265","0.08219796046614647","0.06741039454936981","0.09129880368709564","0.2088172547519207","0.1410655975341797","0.29991573095321655","0.2027416117489338","0.18314112722873688","0.21965426206588745"
"1024","0.08138224482536316","0.07617349922657013","0.08898073434829712","0.08410251326858997","0.07777484506368637","0.09133374691009521","0.08413576148450375","0.07794365286827087","0.09168124943971634","0.21283206716179848","0.1366705447435379","0.2950359582901001","0.20162703096866608","0.1962813436985016","0.2134474515914917"
"1025","0.07547937799245119","0.06213848665356636","0.08025780320167542","0.07902645319700241","0.06524103879928589","0.08512605726718903","0.07892563194036484","0.06486472487449646","0.085759237408638","0.20435457304120064","0.11320298910140991","0.2974390387535095","0.18398311734199524","0.16743364930152893","0.19057705998420715"
"1026","0.07244265265762806","0.06434205174446106","0.09311747550964355","0.07587398216128349","0.06752955168485641","0.09516160935163498","0.07632315345108509","0.06771354377269745","0.09615024924278259","0.19289646670222282","0.11814253032207489","0.24785128235816956","0.18319279327988625","0.16684988141059875","0.2206413447856903"
"1027","0.07549929432570934","0.062484242022037506","0.08481164276599884","0.0775398425757885","0.06374915689229965","0.08673843741416931","0.07778042741119862","0.06403671950101852","0.08669775724411011","0.1994042806327343","0.12474626302719116","0.28459084033966064","0.18537305667996407","0.17391979694366455","0.20063385367393494"
"1028","0.08311133831739426","0.061338551342487335","0.09567885845899582","0.08616749383509159","0.06425284594297409","0.09911857545375824","0.08656952157616615","0.06404383480548859","0.09939326345920563","0.21669640205800533","0.11723031848669052","0.3068607449531555","0.19676672294735909","0.173583984375","0.21348851919174194"
"1029","0.06914455816149712","0.058175258338451385","0.07841473817825317","0.07214953564107418","0.06276552379131317","0.08102938532829285","0.07245128229260445","0.06295269727706909","0.08126404136419296","0.19164944253861904","0.11521456390619278","0.2756314277648926","0.18447784334421158","0.1706816703081131","0.19783805310726166"
"1030","0.07965222932398319","0.0702945664525032","0.09111923724412918","0.08397208154201508","0.07488753646612167","0.09728211909532547","0.08446544967591763","0.07559624314308167","0.09741612523794174","0.2135295756161213","0.12760688364505768","0.2982245683670044","0.19229517504572868","0.1719171404838562","0.22123217582702637"
"1031","0.07689814455807209","0.06918510049581528","0.08477476239204407","0.0783411655575037","0.0740005150437355","0.08491877466440201","0.07876371778547764","0.07434935867786407","0.08517532050609589","0.20659953728318214","0.12975451350212097","0.2814750373363495","0.1842900887131691","0.1818949580192566","0.18760345876216888"
"1032","0.07381865568459034","0.060445934534072876","0.08214854449033737","0.07553481683135033","0.060934022068977356","0.08425023406744003","0.07570515852421522","0.061409901827573776","0.0842427909374237","0.19497669488191605","0.1374369114637375","0.2605055868625641","0.18410127237439156","0.17156828939914703","0.18968632817268372"
"1033","0.07748123817145824","0.06178537756204605","0.09278522431850433","0.0810275450348854","0.06526205688714981","0.09543826431035995","0.08108094707131386","0.06523935496807098","0.0958615094423294","0.20676274225115776","0.11447198688983917","0.3000318109989166","0.18968845158815384","0.16557231545448303","0.21034672856330872"
"1034","0.07753478176891804","0.06911948323249817","0.0833650752902031","0.08103291690349579","0.07214786112308502","0.08677785098552704","0.08123527653515339","0.072184719145298","0.08726230263710022","0.19525791704654694","0.1327226758003235","0.2856130003929138","0.18813353031873703","0.17164763808250427","0.19864599406719208"
"1035","0.07720754109323025","0.06808165460824966","0.09160592406988144","0.08045613393187523","0.06953030824661255","0.09554031491279602","0.08042702823877335","0.06929559260606766","0.09563092142343521","0.20518727973103523","0.12102766335010529","0.30578792095184326","0.19167137891054153","0.17152348160743713","0.20662499964237213"
"1036","0.07428683247417212","0.0603623203933239","0.08847968280315399","0.07723706401884556","0.06437072902917862","0.09246185421943665","0.07749092765152454","0.0644899383187294","0.09224703907966614","0.19755110517144203","0.11358131468296051","0.29208168387413025","0.18707483634352684","0.16922612488269806","0.21079778671264648"
"1037","0.07299650087952614","0.06759287416934967","0.0837988331913948","0.07634156942367554","0.07085901498794556","0.08571180701255798","0.07633639872074127","0.07096650451421738","0.08542431890964508","0.19617517478764057","0.12429042905569077","0.2626555263996124","0.18152223154902458","0.17589783668518066","0.19098766148090363"
"1038","0.07167366333305836","0.06429857015609741","0.08218646794557571","0.073716776445508","0.06567592173814774","0.08509887754917145","0.07395205274224281","0.06569556146860123","0.08532294631004333","0.18555482849478722","0.12642258405685425","0.24160325527191162","0.1681876704096794","0.1588883101940155","0.18044863641262054"
"1039","0.07198204658925533","0.059918031096458435","0.08528347313404083","0.07516937423497438","0.061948519200086594","0.08818922936916351","0.07532760594040155","0.061940666288137436","0.0882602334022522","0.19182297587394714","0.1264137625694275","0.26460152864456177","0.17706182599067688","0.1655840277671814","0.19133533537387848"
"1040","0.07783913239836693","0.06857641786336899","0.08559191226959229","0.08120003342628479","0.07231354713439941","0.08904949575662613","0.0817060936242342","0.0726095587015152","0.08962906897068024","0.20104765892028809","0.14935748279094696","0.2550744414329529","0.18961381167173386","0.17697715759277344","0.2011476457118988"
"1041","0.07332879304885864","0.06636234372854233","0.08811189979314804","0.07769059389829636","0.06978871673345566","0.09415579587221146","0.07793011516332626","0.07019831240177155","0.09412374347448349","0.2014142218977213","0.12471149116754532","0.26711368560791016","0.18661390244960785","0.1711723655462265","0.21805357933044434"
"1042","0.07672684267163277","0.06282401829957962","0.08770749717950821","0.08132674545049667","0.06864996254444122","0.0900968462228775","0.08146426267921925","0.068886399269104","0.09070069342851639","0.20528551936149597","0.1283256709575653","0.29794713854789734","0.1935136877000332","0.179634228348732","0.2085060328245163"
"1043","0.07439329475164413","0.06417284905910492","0.08519762754440308","0.0761985182762146","0.06618282943964005","0.08791910111904144","0.07673079334199429","0.06681836396455765","0.0878339558839798","0.19534053653478622","0.1416528820991516","0.27490973472595215","0.19481443613767624","0.16329652070999146","0.2171558141708374"
"1044","0.07289360463619232","0.06019017845392227","0.08568021655082703","0.0750006977468729","0.06091760843992233","0.08898038417100906","0.0750524289906025","0.061203181743621826","0.08911838382482529","0.1806303858757019","0.1217687577009201","0.24354922771453857","0.17219216749072075","0.1507648229598999","0.1963980346918106"
"1045","0.08158128149807453","0.07363161444664001","0.09034682810306549","0.08249915577471256","0.07523085922002792","0.09173662215471268","0.08284604735672474","0.07512152194976807","0.09249314665794373","0.2059163860976696","0.14585331082344055","0.2621617019176483","0.19735975936055183","0.1818050742149353","0.2150212824344635"
"1046","0.07466703094542027","0.06272666156291962","0.08294645696878433","0.07813029363751411","0.06617375463247299","0.08721631020307541","0.07870638743042946","0.06667803227901459","0.08781539648771286","0.19681468978524208","0.11351858079433441","0.27536332607269287","0.18027231097221375","0.1661226451396942","0.19880513846874237"
"1047","0.08140687458217144","0.07253310084342957","0.09635321795940399","0.08425482362508774","0.07474552094936371","0.09684299677610397","0.08421211689710617","0.07468151301145554","0.09685953706502914","0.20533998310565948","0.13410374522209167","0.2983859181404114","0.189373891800642","0.17780572175979614","0.20979292690753937"
"1048","0.07126884534955025","0.06823619455099106","0.07629622519016266","0.07425164058804512","0.0697842463850975","0.079962819814682","0.07456520386040211","0.07017068564891815","0.08041715621948242","0.1913374476134777","0.12280996143817902","0.2615959942340851","0.18265874683856964","0.17565788328647614","0.19081948697566986"
"1049","0.07895317301154137","0.06731142103672028","0.08714134991168976","0.08223986066877842","0.0687493160367012","0.09171850979328156","0.08263649232685566","0.06910055875778198","0.0922943726181984","0.20193709433078766","0.13589328527450562","0.2761855125427246","0.19356617704033852","0.16797789931297302","0.21603356301784515"
"1050","0.07928471267223358","0.07181518524885178","0.09499245136976242","0.08231670595705509","0.07450078427791595","0.09606707096099854","0.08265546523034573","0.07430969923734665","0.09673416614532471","0.20659437403082848","0.13298460841178894","0.2674749195575714","0.20167724043130875","0.18583211302757263","0.23553349077701569"
"1051","0.07566935382783413","0.06582729518413544","0.08519253134727478","0.07669476233422756","0.06780440360307693","0.0867653414607048","0.07702343352138996","0.0675870031118393","0.08713767677545547","0.19037828221917152","0.11711086332798004","0.2725718021392822","0.17415796220302582","0.16048121452331543","0.18461886048316956"
"1052","0.07786279357969761","0.0714024007320404","0.0822553038597107","0.08069734647870064","0.0746539756655693","0.08581942319869995","0.08103637024760246","0.07478206604719162","0.08629895746707916","0.20953356102108955","0.14540135860443115","0.27554574608802795","0.19022490084171295","0.17796552181243896","0.19896994531154633"
"1053","0.06988554820418358","0.06350279599428177","0.08186686784029007","0.07331578247249126","0.0658869594335556","0.08700019121170044","0.07358869537711143","0.06589673459529877","0.08762052655220032","0.18512127362191677","0.12049821764230728","0.2451859414577484","0.1723354533314705","0.16214656829833984","0.19366559386253357"
"1054","0.08130836114287376","0.07854002714157104","0.08416874706745148","0.0826216172426939","0.0796828642487526","0.08805298805236816","0.08262322843074799","0.07933249324560165","0.08818400651216507","0.2047766000032425","0.1334393471479416","0.2877845764160156","0.19422201439738274","0.1864061951637268","0.201063871383667"
"1055","0.08427260257303715","0.0629221647977829","0.09968262910842896","0.08579723723232746","0.06469859927892685","0.1029781848192215","0.08617425709962845","0.06485626101493835","0.1033983826637268","0.2153717502951622","0.14087939262390137","0.31953638792037964","0.20367605984210968","0.16972535848617554","0.23146286606788635"
"1056","0.07760569453239441","0.07458613812923431","0.07998310774564743","0.07864365726709366","0.07516016811132431","0.08222051709890366","0.07868311367928982","0.07504028081893921","0.08195291459560394","0.20563353970646858","0.1353779435157776","0.28378716111183167","0.1901361346244812","0.1857505589723587","0.19594335556030273"
"1057","0.08385361731052399","0.07653731852769852","0.0991545021533966","0.08681456558406353","0.07807797938585281","0.10446099936962128","0.08683999814093113","0.07862770557403564","0.10437049716711044","0.21709204465150833","0.1417524814605713","0.2850060760974884","0.20941059663891792","0.18862272799015045","0.244606614112854"
"1058","0.07118374295532703","0.06045188009738922","0.08262784034013748","0.07423551380634308","0.06357775628566742","0.08488383889198303","0.07440963760018349","0.06385929137468338","0.08474869281053543","0.19539015740156174","0.11565965414047241","0.27414047718048096","0.17740633711218834","0.16040293872356415","0.19675590097904205"
"1059","0.07932387664914131","0.0733894407749176","0.0824761614203453","0.08262127451598644","0.07700450718402863","0.0854698196053505","0.0826245341449976","0.07691511511802673","0.08501975238323212","0.20061568543314934","0.1244511753320694","0.28933432698249817","0.18042636290192604","0.17510786652565002","0.18304482102394104"
"1060","0.07993309572339058","0.07297751307487488","0.09512652456760406","0.08319529518485069","0.07592183351516724","0.0968708023428917","0.08349671214818954","0.07628403604030609","0.097660131752491","0.20768717303872108","0.1281943917274475","0.2746073007583618","0.19158414006233215","0.18097087740898132","0.21707504987716675"
"1061","0.07703753933310509","0.07306793332099915","0.08183903247117996","0.07924825884401798","0.07482954859733582","0.08249113708734512","0.0790558997541666","0.07482117414474487","0.08246207237243652","0.20771853998303413","0.13256078958511353","0.28552621603012085","0.19939083978533745","0.18569636344909668","0.21719112992286682"
"1062","0.07897212728857994","0.0723128467798233","0.08438266813755035","0.08264678902924061","0.07576504349708557","0.08747651427984238","0.08317076973617077","0.07583446055650711","0.08824530243873596","0.20363736525177956","0.12786242365837097","0.2779587507247925","0.1849854812026024","0.1792031228542328","0.18847662210464478"
"1063","0.07738326489925385","0.06901057064533234","0.08272257447242737","0.08056630380451679","0.07250305265188217","0.0869436115026474","0.0808425061404705","0.07273145765066147","0.08705033361911774","0.21300604939460754","0.13720780611038208","0.2884684205055237","0.1966344155371189","0.18988008797168732","0.20198047161102295"
"1064","0.07762197963893414","0.07495015859603882","0.07923771440982819","0.08092301338911057","0.07782500237226486","0.08274392038583755","0.08131981082260609","0.07819993793964386","0.08349244296550751","0.2031497247517109","0.1293214112520218","0.27632689476013184","0.17870500683784485","0.17507952451705933","0.18559283018112183"
"1065","0.08077518455684185","0.07498962432146072","0.09060492366552353","0.08403863199055195","0.07840889692306519","0.09382949024438858","0.08423902839422226","0.07828390598297119","0.0942244827747345","0.20786863565444946","0.13141518831253052","0.2958439588546753","0.1891327202320099","0.18223533034324646","0.19862303137779236"
"1066","0.08016138151288033","0.06769417971372604","0.09261290729045868","0.08371991850435734","0.07320046424865723","0.09456688165664673","0.08400986716151237","0.07314237952232361","0.09534142911434174","0.20768364891409874","0.14754174649715424","0.27159973978996277","0.1934717558324337","0.18212705850601196","0.21176882088184357"
"1067","0.07532025873661041","0.06276453286409378","0.08291026204824448","0.07860356941819191","0.06478970497846603","0.08568057417869568","0.07879642955958843","0.06478366255760193","0.08573517948389053","0.20413069985806942","0.11945950239896774","0.29280906915664673","0.17818130925297737","0.1682334840297699","0.1878788024187088"
"1068","0.08385725878179073","0.07876616716384888","0.09281668812036514","0.08550629578530788","0.07778863608837128","0.09441518038511276","0.08618509396910667","0.07880695164203644","0.09458743035793304","0.21526766940951347","0.14521701633930206","0.28772425651550293","0.19870542734861374","0.1849914789199829","0.20496362447738647"
"1069","0.07736669480800629","0.06440581381320953","0.09776197373867035","0.08171870559453964","0.07061707973480225","0.10307303816080093","0.0816091950982809","0.07063533365726471","0.10312846302986145","0.20179038494825363","0.12910665571689606","0.2930048108100891","0.19098488241434097","0.17950192093849182","0.21821323037147522"
"1070","0.07991757616400719","0.06875791400671005","0.0903513953089714","0.08324570208787918","0.07260742038488388","0.09460245072841644","0.08326387405395508","0.07296697795391083","0.09461947530508041","0.2168857902288437","0.1388532519340515","0.31771305203437805","0.19294139370322227","0.17716030776500702","0.21239584684371948"
"1071","0.08539638295769691","0.07898950576782227","0.09145402908325195","0.08829498291015625","0.08096900582313538","0.09483053535223007","0.08817229233682156","0.0803820788860321","0.09465423226356506","0.2222139947116375","0.1429397016763687","0.316226989030838","0.20610427111387253","0.1938992440700531","0.21906931698322296"
"1072","0.076033771969378","0.062166351824998856","0.08501023054122925","0.07927678897976875","0.06201070547103882","0.08973800390958786","0.07949736528098583","0.0614735409617424","0.08998282253742218","0.20380837470293045","0.15069302916526794","0.2913615107536316","0.1906651295721531","0.15919026732444763","0.21275927126407623"
"1073","0.07275037653744221","0.0632111057639122","0.08410617709159851","0.07472685165703297","0.06552615761756897","0.08545747399330139","0.07486241683363914","0.0653771385550499","0.08579555153846741","0.17651168443262577","0.10880211740732193","0.2331802248954773","0.172613013535738","0.15569338202476501","0.19138208031654358"
"1074","0.08365307748317719","0.0779707208275795","0.08790159225463867","0.08583790436387062","0.079657644033432","0.0902191773056984","0.08639185689389706","0.08015356957912445","0.09129198640584946","0.2101849913597107","0.13527482748031616","0.2903591990470886","0.19119248911738396","0.18316878378391266","0.195890873670578"
"1075","0.08036781288683414","0.06834077090024948","0.08620354533195496","0.0828898474574089","0.07199769467115402","0.08868744224309921","0.08292875438928604","0.0722486674785614","0.08884571492671967","0.20988376438617706","0.14297044277191162","0.30203402042388916","0.196355190128088","0.17282648384571075","0.2123553454875946"
"1076","0.07996048405766487","0.07355234771966934","0.09006410092115402","0.08286384306848049","0.07792782783508301","0.09113967418670654","0.08326809853315353","0.07864220440387726","0.09199662506580353","0.19689032062888145","0.13613271713256836","0.2502603232860565","0.1914011724293232","0.18136239051818848","0.2060553878545761"
"1077","0.07332362420856953","0.06525915116071701","0.07789096981287003","0.07575793191790581","0.06772834807634354","0.08027976006269455","0.07584793120622635","0.06800252199172974","0.08033356070518494","0.18973904475569725","0.13066083192825317","0.2658037841320038","0.17891506850719452","0.16725876927375793","0.18935394287109375"
"1078","0.06999100930988789","0.06423341482877731","0.07399585843086243","0.07412385009229183","0.06783779710531235","0.07870306074619293","0.07417190447449684","0.06815478205680847","0.07907725870609283","0.18564778938889503","0.12352798879146576","0.25103527307510376","0.1743411049246788","0.161564439535141","0.18436121940612793"
"1079","0.08871896378695965","0.07932273298501968","0.10127200186252594","0.09131203778088093","0.0820382833480835","0.10309769213199615","0.09178896248340607","0.08226635307073593","0.10453105717897415","0.22196470946073532","0.145407572388649","0.30000951886177063","0.20199746266007423","0.18732959032058716","0.22736559808254242"
"1080","0.07031645625829697","0.06612855941057205","0.0751371830701828","0.07065049186348915","0.0669206827878952","0.07356274873018265","0.07095971703529358","0.06664074957370758","0.07434502243995667","0.18995178490877151","0.11648732423782349","0.25409919023513794","0.17703638225793839","0.17103207111358643","0.1835535168647766"
"1081","0.07529742643237114","0.07360570132732391","0.07819923758506775","0.07853148132562637","0.07718204706907272","0.07967839390039444","0.07900128327310085","0.07816929370164871","0.0795271024107933","0.20008927956223488","0.1358451247215271","0.26355603337287903","0.19316503033041954","0.18827281892299652","0.19771334528923035"
"1083","0.07792322430759668","0.05743313208222389","0.09102040529251099","0.0801020348444581","0.05945586785674095","0.09432247281074524","0.08044871129095554","0.05969028174877167","0.09488940238952637","0.20871895924210548","0.10968323051929474","0.29689085483551025","0.18656769394874573","0.15860694646835327","0.20090821385383606"
"1084","0.0825921893119812","0.07533194869756699","0.08671868592500687","0.08487856946885586","0.0774359405040741","0.08984155207872391","0.08521531336009502","0.07744266092777252","0.09013998508453369","0.21658525615930557","0.1257060021162033","0.3022610545158386","0.1944715715944767","0.17893347144126892","0.20352795720100403"
"1085","0.07765904627740383","0.06906069815158844","0.09139492362737656","0.07970061525702477","0.07090508192777634","0.09368546307086945","0.0796270277351141","0.07085613906383514","0.09364724159240723","0.20613930188119411","0.12150605767965317","0.2742185890674591","0.19050409644842148","0.17383600771427155","0.21592722833156586"
"1086","0.08722454868257046","0.06919631361961365","0.0956559032201767","0.08993176370859146","0.07286588102579117","0.09741868823766708","0.08930624462664127","0.07174049317836761","0.09677857905626297","0.21163514256477356","0.14739012718200684","0.2994430661201477","0.21200310066342354","0.1772756278514862","0.23773854970932007"
"1087","0.07705544866621494","0.07069698721170425","0.08654533326625824","0.0801484826952219","0.07185591757297516","0.08967597782611847","0.08028687164187431","0.0721152126789093","0.0894816666841507","0.1950928419828415","0.1367909014225006","0.2517690360546112","0.19347472488880157","0.17287611961364746","0.22924402356147766"
"1088","0.07967114262282848","0.06665164232254028","0.08968614041805267","0.08252763003110886","0.07067945599555969","0.09157045185565948","0.08272407203912735","0.07172118127346039","0.09185786545276642","0.20096324756741524","0.13236412405967712","0.2903561592102051","0.18501435220241547","0.17436236143112183","0.19201219081878662"
"1089","0.07866548001766205","0.07159487903118134","0.08490820229053497","0.08069022744894028","0.07415316998958588","0.08676598966121674","0.08074676245450974","0.07439646869897842","0.08685612678527832","0.1973736509680748","0.12763690948486328","0.2772296965122223","0.186475221067667","0.17808887362480164","0.19524545967578888"
"1090","0.07170748338103294","0.06933676451444626","0.07313398271799088","0.0733450036495924","0.07122473418712616","0.0753416121006012","0.0738301482051611","0.07112505286931992","0.07624716311693192","0.18416516482830048","0.11507539451122284","0.2564147114753723","0.17163324728608131","0.162617027759552","0.17544278502464294"
"1091","0.07966651767492294","0.06748485565185547","0.10208351165056229","0.08177841268479824","0.07101434469223022","0.10448864847421646","0.0813452173024416","0.07124995440244675","0.10505951195955276","0.2130972258746624","0.122544065117836","0.33623021841049194","0.19437852501869202","0.17298419773578644","0.23934826254844666"
"1092","0.07819234393537045","0.06640869379043579","0.08368106186389923","0.08134973235428333","0.07055959105491638","0.08718013018369675","0.08182758651673794","0.07077132165431976","0.08761864900588989","0.19927464425563812","0.13332758843898773","0.2978585958480835","0.18802808225154877","0.16999486088752747","0.2038763016462326"
"1093","0.07653984799981117","0.0608358159661293","0.08779814839363098","0.07875737827271223","0.06043611094355583","0.09090375900268555","0.07894350402057171","0.06016594171524048","0.09180354326963425","0.18526153825223446","0.11925291270017624","0.25505170226097107","0.17831780761480331","0.16819876432418823","0.1996425837278366"
"1094","0.08970604464411736","0.08194637298583984","0.09936442971229553","0.0917899589985609","0.08412899076938629","0.10182499885559082","0.09229886718094349","0.08472892642021179","0.10232751071453094","0.22346340119838715","0.1457330733537674","0.3265751004219055","0.20825190469622612","0.19645819067955017","0.2365465760231018"
"1095","0.07626675441861153","0.07400199770927429","0.08129141479730606","0.07792116515338421","0.07553937286138535","0.08385416865348816","0.07823226042091846","0.0757315531373024","0.08510470390319824","0.20620097219944","0.13000263273715973","0.2846183776855469","0.1782977133989334","0.17295023798942566","0.18141233921051025"
"1096","0.07911982759833336","0.0651974305510521","0.09510868787765503","0.08184275776147842","0.06408365070819855","0.0969090536236763","0.08112485706806183","0.06407761573791504","0.09788447618484497","0.20652082189917564","0.11379362642765045","0.2953319549560547","0.18474674597382545","0.16426202654838562","0.2062276005744934"
"1097","0.0730665773153305","0.06734305620193481","0.07981330901384354","0.07586763426661491","0.06966700404882431","0.0812673345208168","0.07594884745776653","0.07000056654214859","0.08121339976787567","0.19264539144933224","0.11612185090780258","0.2605566382408142","0.1762276254594326","0.1661403477191925","0.18565398454666138"
"1098","0.07157797738909721","0.06834907829761505","0.07883000373840332","0.07260479591786861","0.06968170404434204","0.08003711700439453","0.07294498197734356","0.06991223245859146","0.08028672635555267","0.18387538753449917","0.12066008895635605","0.24437905848026276","0.17697163298726082","0.1710641235113144","0.1869056522846222"
"1099","0.07864961586892605","0.06400815397500992","0.092161625623703","0.08112440072000027","0.06943932175636292","0.09402108937501907","0.08100917749106884","0.06915724277496338","0.09424450993537903","0.19713465310633183","0.1191512867808342","0.2612980306148529","0.19126463308930397","0.17253327369689941","0.21904608607292175"
"1100","0.07849418744444847","0.06073489785194397","0.09234711527824402","0.081670674495399","0.06195145472884178","0.09806612133979797","0.08198864758014679","0.06274387240409851","0.09765216708183289","0.20513750426471233","0.10789280384778976","0.32770776748657227","0.1880630925297737","0.16152478754520416","0.2165612131357193"
"1101","0.08097024820744991","0.07593093812465668","0.08805989474058151","0.08346682228147984","0.07719909399747849","0.0908903107047081","0.08345150575041771","0.07786788791418076","0.08979082107543945","0.20406806841492653","0.12976905703544617","0.28778284788131714","0.19088198989629745","0.17982393503189087","0.20694339275360107"
"1102","0.08735882118344307","0.06941135972738266","0.10844714939594269","0.09075683169066906","0.07121273130178452","0.11236447095870972","0.09092175029218197","0.07216469198465347","0.11198034882545471","0.22003546357154846","0.13823503255844116","0.34091565012931824","0.19829529151320457","0.16864460706710815","0.21988528966903687"
"1103","0.07947342470288277","0.06947890669107437","0.09114433079957962","0.08215145207941532","0.07298973947763443","0.09541230648756027","0.08185216411948204","0.07286208122968674","0.09437815845012665","0.19803794100880623","0.14148908853530884","0.2643643915653229","0.1973944716155529","0.18069013953208923","0.2199331820011139"
"1104","0.07927210070192814","0.061485446989536285","0.09091531485319138","0.08220083080232143","0.06538135558366776","0.09290613234043121","0.08314280770719051","0.06555958092212677","0.09636031091213226","0.2060491368174553","0.11326436698436737","0.29316630959510803","0.18616057187318802","0.15734386444091797","0.2026974856853485"
"1105","0.07980625703930855","0.07477530092000961","0.08896367251873016","0.08217083476483822","0.07750935852527618","0.09095368534326553","0.08186626620590687","0.07712401449680328","0.09040093421936035","0.20210230723023415","0.13094615936279297","0.2881580591201782","0.18437103554606438","0.17872287333011627","0.1961846947669983"
"1106","0.08121900819242","0.0746176540851593","0.08780957758426666","0.08361618593335152","0.07521568238735199","0.09152612090110779","0.08271215111017227","0.0752469003200531","0.08807653188705444","0.21141212433576584","0.1356808841228485","0.2911989688873291","0.19021562486886978","0.18548205494880676","0.19602738320827484"
"1107","0.07673054374754429","0.06172725558280945","0.09027664363384247","0.07928249798715115","0.06412266194820404","0.09261366724967957","0.07850047014653683","0.06429999321699142","0.09312102198600769","0.19214199855923653","0.13685165345668793","0.25632986426353455","0.1814379170536995","0.1628282517194748","0.20656812191009521"
"1108","0.07659384049475193","0.0673685222864151","0.08042881637811661","0.07783199474215508","0.0689680427312851","0.08185906708240509","0.07785004563629627","0.07045889645814896","0.08196388185024261","0.19728616997599602","0.11796249449253082","0.2764478921890259","0.18570265546441078","0.16754357516765594","0.20496127009391785"
"1109","0.0803366806358099","0.0741276890039444","0.08710765093564987","0.08279144577682018","0.07578606903553009","0.0900886282324791","0.08266238309442997","0.07539132982492447","0.0899384617805481","0.21354854479432106","0.1335834562778473","0.2950733006000519","0.1919785477221012","0.18033817410469055","0.2005661129951477"
"1110","0.0700972555205226","0.06192547455430031","0.08273790776729584","0.07246354594826698","0.06339996308088303","0.08771754801273346","0.07312940433621407","0.06545166671276093","0.08812844753265381","0.18254439160227776","0.11573231220245361","0.23887938261032104","0.1764182634651661","0.16642305254936218","0.1961272954940796"
"1111","0.07685728557407856","0.07352021336555481","0.08190615475177765","0.07884608022868633","0.07487360388040543","0.08496904373168945","0.07927021570503712","0.07522911578416824","0.08525806665420532","0.1957048624753952","0.12376929819583893","0.2725021541118622","0.18510249257087708","0.18073230981826782","0.1959838569164276"
"1112","0.08076483570039272","0.07060638070106506","0.10069121420383453","0.08373908326029778","0.07297574728727341","0.10454714298248291","0.08361267112195492","0.07342355698347092","0.1038990318775177","0.2108405902981758","0.125233456492424","0.3129984736442566","0.19397838041186333","0.1772136688232422","0.23223359882831573"
"1113","0.07485982775688171","0.06981117278337479","0.07727301865816116","0.07639653608202934","0.07230248302221298","0.08022721856832504","0.07638191245496273","0.07228127121925354","0.0799528956413269","0.19393614307045937","0.12529942393302917","0.2632383704185486","0.17175933718681335","0.16455572843551636","0.17735639214515686"
"1114","0.07505964860320091","0.0654430240392685","0.08301904797554016","0.07638989575207233","0.06772731989622116","0.08666667342185974","0.07698694989085197","0.06772883236408234","0.08661110699176788","0.1990897599607706","0.11672613769769669","0.27310991287231445","0.18557286635041237","0.17346934974193573","0.19711269438266754"
"1115","0.08048885129392147","0.07450321316719055","0.08357648551464081","0.08316725306212902","0.07647328078746796","0.08933304995298386","0.08339007385075092","0.0773390531539917","0.08899100124835968","0.20048318803310394","0.1325821578502655","0.27003830671310425","0.1929226964712143","0.1898757666349411","0.19687309861183167"
"1116","0.07791127264499664","0.07110688090324402","0.09408172965049744","0.08002368919551373","0.07200752943754196","0.09740529954433441","0.08015486784279346","0.07199658453464508","0.0974084883928299","0.21249591559171677","0.1268269568681717","0.2965184450149536","0.19830550625920296","0.18121734261512756","0.2159135788679123"
"1117","0.0784393846988678","0.06822468340396881","0.09107939898967743","0.08118858747184277","0.07196049392223358","0.09270843863487244","0.08159239590167999","0.07142974436283112","0.0928763896226883","0.2118855006992817","0.12173506617546082","0.317513644695282","0.1890980750322342","0.16847223043441772","0.2145889401435852"
"1118","0.07671838253736496","0.06990811228752136","0.0872308611869812","0.07894201576709747","0.07249797135591507","0.08912315964698792","0.07968882471323013","0.0725478008389473","0.09132285416126251","0.20522843673825264","0.12936797738075256","0.3069663941860199","0.1926877573132515","0.17521566152572632","0.21532399952411652"
"1119","0.0759021369740367","0.06200255826115608","0.09062983095645905","0.08032186515629292","0.06762447953224182","0.0935199111700058","0.08059540204703808","0.06751704961061478","0.09408433735370636","0.19796243123710155","0.12432334572076797","0.27847790718078613","0.1801326684653759","0.16994711756706238","0.19260737299919128"
"1120","0.07565240748226643","0.06542565673589706","0.08493678271770477","0.07856429554522038","0.06777219474315643","0.0879204124212265","0.07846737280488014","0.06829813122749329","0.08773714303970337","0.20005274936556816","0.11299587786197662","0.2982383668422699","0.1806778535246849","0.16139079630374908","0.1977389007806778"
"1121","0.08922923356294632","0.07858507335186005","0.10185764729976654","0.0904369130730629","0.07729187607765198","0.10305139422416687","0.09123486466705799","0.07822783291339874","0.10349655896425247","0.21214591339230537","0.1288139522075653","0.28600096702575684","0.19330733641982079","0.17155706882476807","0.20922522246837616"
"1122","0.0766046941280365","0.06707947701215744","0.08983726799488068","0.07752059958875179","0.06499874591827393","0.09269578009843826","0.07766479253768921","0.06499053537845612","0.09305985271930695","0.1996365562081337","0.13118326663970947","0.2826838195323944","0.18692177534103394","0.1679733395576477","0.2070457935333252"
"1123","0.07825571671128273","0.07466931641101837","0.0839087963104248","0.07995077408850193","0.07679799944162369","0.0861998051404953","0.08121080882847309","0.07666623592376709","0.08730345964431763","0.1923891305923462","0.12778577208518982","0.25341418385505676","0.17888907343149185","0.1748511642217636","0.18777142465114594"
"1124","0.07026411686092615","0.06133180484175682","0.07361918687820435","0.07237092033028603","0.0630931481719017","0.07750338315963745","0.07268732041120529","0.06327387690544128","0.07776643335819244","0.18003895319998264","0.11614283174276352","0.26006659865379333","0.17569555342197418","0.15912535786628723","0.19110672175884247"
"1125","0.0803737286478281","0.0759999230504036","0.08597876131534576","0.0818362906575203","0.07499237358570099","0.08718238025903702","0.08203200064599514","0.07526815682649612","0.08794619143009186","0.2004474513232708","0.13032346963882446","0.27819788455963135","0.18930700421333313","0.17525844275951385","0.20078162848949432"
"1126","0.08097816072404385","0.07102841138839722","0.09269753843545914","0.08289695531129837","0.07210423052310944","0.09618527442216873","0.08283296041190624","0.0727430209517479","0.09535635262727737","0.20756427012383938","0.12252538651227951","0.3043467402458191","0.18245896697044373","0.16597911715507507","0.20284324884414673"
"1127","0.07879919186234474","0.07019898295402527","0.08707091957330704","0.08191847614943981","0.0734696239233017","0.0915578305721283","0.08172399923205376","0.07402448356151581","0.09077666699886322","0.20289449766278267","0.12542733550071716","0.2913806140422821","0.19060448557138443","0.1795884519815445","0.19729375839233398"
"1128","0.07544567435979843","0.06702946871519089","0.07848391681909561","0.07785746268928051","0.0688701719045639","0.0828399658203125","0.07854656130075455","0.06881094723939896","0.08305729925632477","0.19375361502170563","0.13437731564044952","0.26580122113227844","0.1840852051973343","0.16974633932113647","0.1905105710029602"
"1129","0.08061401918530464","0.06943225860595703","0.10596402734518051","0.08164163492619991","0.06988372653722763","0.1049085408449173","0.08166677318513393","0.06998224556446075","0.10485680401325226","0.2036623228341341","0.12373798340559006","0.3203207552433014","0.18593275919556618","0.17300809919834137","0.21866515278816223"
"1130","0.0783942099660635","0.06440064311027527","0.08604997396469116","0.08102341927587986","0.0659627765417099","0.08988101780414581","0.08164713717997074","0.06751465797424316","0.08975119143724442","0.19520235806703568","0.13357609510421753","0.27128443121910095","0.18008717522025108","0.1668558418750763","0.1909710168838501"
"1131","0.07189535908401012","0.06259433925151825","0.07875221967697144","0.07420723885297775","0.0643598809838295","0.0812266618013382","0.0746901948004961","0.0656035840511322","0.08141088485717773","0.19100414402782917","0.11599453538656235","0.26195549964904785","0.1785331927239895","0.16573835909366608","0.18505775928497314"
"1132","0.07464807666838169","0.06711925566196442","0.07986213266849518","0.0768495462834835","0.06837104260921478","0.08398925513029099","0.0767108965665102","0.06942808628082275","0.08336964249610901","0.18942796997725964","0.11607307195663452","0.2596227526664734","0.17151716351509094","0.1617523431777954","0.1763496994972229"
"1133","0.07882004417479038","0.0660376101732254","0.09345564991235733","0.08017788454890251","0.06959867477416992","0.09709961712360382","0.07998833805322647","0.06710230559110641","0.0976438820362091","0.19622325152158737","0.14203378558158875","0.2624109089374542","0.18803274258971214","0.16838577389717102","0.20825152099132538"
"1134","0.07077213376760483","0.064173623919487","0.07911607623100281","0.07290493696928024","0.06578360497951508","0.08612098544836044","0.07282224111258984","0.0656614601612091","0.08533540368080139","0.1790240164846182","0.11861399561166763","0.23619583249092102","0.1660512499511242","0.15609458088874817","0.18081286549568176"
"1135","0.07711092196404934","0.06680166721343994","0.0932304784655571","0.07887906022369862","0.06888967007398605","0.09454289078712463","0.07935702428221703","0.06903258711099625","0.09413710236549377","0.19674168899655342","0.11861713230609894","0.2843865752220154","0.1872507780790329","0.16972815990447998","0.20235663652420044"
"1136","0.07341345585882664","0.06799313426017761","0.08144304901361465","0.07608429715037346","0.07062750309705734","0.08622131496667862","0.0763418897986412","0.07101622223854065","0.086558498442173","0.19826633483171463","0.12010025978088379","0.2789510488510132","0.1771428994834423","0.1681312918663025","0.19410273432731628"
"1137","0.07945463806390762","0.07417535781860352","0.08490417897701263","0.0822412483394146","0.07440386712551117","0.08999167382717133","0.08215062506496906","0.07443585246801376","0.09004811197519302","0.20534249767661095","0.12577717006206512","0.28781986236572266","0.18479451909661293","0.17525342106819153","0.194415882229805"
"1138","0.07962053269147873","0.07089762389659882","0.08533865958452225","0.0831084530800581","0.07225356251001358","0.08929739892482758","0.08285634778439999","0.07233994454145432","0.08880165219306946","0.20290757343173027","0.13711979985237122","0.28179675340652466","0.1874888390302658","0.17322176694869995","0.19467893242835999"
"1139","0.07784304767847061","0.07078148424625397","0.08625023066997528","0.07975699193775654","0.07379515469074249","0.09039655327796936","0.08049627393484116","0.07442838698625565","0.09085413813591003","0.2040315717458725","0.12255124747753143","0.28061625361442566","0.19053547084331512","0.17987515032291412","0.19909986853599548"
"1140","0.08123268373310566","0.07423502206802368","0.08846260607242584","0.08442373760044575","0.07490496337413788","0.09263425320386887","0.08496789634227753","0.0750778540968895","0.09385903179645538","0.20363203808665276","0.11446712911128998","0.2953772246837616","0.17784087359905243","0.16308972239494324","0.18447992205619812"
"1141","0.08049729652702808","0.07074300944805145","0.09942207485437393","0.08277815952897072","0.07448381185531616","0.09947577863931656","0.08313452824950218","0.07466688752174377","0.09977582097053528","0.20306064561009407","0.1300935000181198","0.2685151696205139","0.1902490109205246","0.17823493480682373","0.2162827104330063"
"1142","0.07749444246292114","0.06914809346199036","0.09597737342119217","0.0793510377407074","0.06904813647270203","0.0983782410621643","0.07960955612361431","0.06935553252696991","0.09881062060594559","0.1946251541376114","0.12682324647903442","0.26432672142982483","0.19337132573127747","0.1730440855026245","0.22210168838500977"
"1143","0.07753838039934635","0.0647096186876297","0.09154617041349411","0.0789512861520052","0.06603080779314041","0.09181294590234756","0.07907444797456264","0.06593839824199677","0.0916573777794838","0.20191464573144913","0.11207979917526245","0.29675811529159546","0.19023792445659637","0.1587468981742859","0.21538451313972473"
"1144","0.08223785646259785","0.07938984781503677","0.08377616107463837","0.08297740295529366","0.0791146457195282","0.08498479425907135","0.08337530866265297","0.08000563085079193","0.08557725697755814","0.2002187967300415","0.1373351812362671","0.2626977860927582","0.19112077727913857","0.18104501068592072","0.20399925112724304"
"1145","0.07913053780794144","0.06730066239833832","0.09370635449886322","0.08086909539997578","0.06622561812400818","0.09997498989105225","0.08117306791245937","0.06629004329442978","0.10129934549331665","0.20053351484239101","0.12353643029928207","0.2912546396255493","0.18850143626332283","0.16837650537490845","0.21182620525360107"
"1146","0.07953820563852787","0.058810971677303314","0.09045402705669403","0.08098495006561279","0.06076785922050476","0.09010584652423859","0.08183584082871675","0.06117376312613487","0.09127289801836014","0.20080561935901642","0.14412325620651245","0.30217602849006653","0.19347284361720085","0.16012853384017944","0.20655296742916107"
"1147","0.07893642410635948","0.06941887736320496","0.08456743508577347","0.08165009319782257","0.07294705510139465","0.08680690824985504","0.08216025121510029","0.0729203000664711","0.08811478316783905","0.21015070378780365","0.12371468544006348","0.2955264747142792","0.18334085494279861","0.17254142463207245","0.19571524858474731"
"1148","0.08179735019803047","0.0760413259267807","0.0898837149143219","0.08341112360358238","0.07580813020467758","0.09207688271999359","0.08355990052223206","0.07626887410879135","0.09206957370042801","0.1994248442351818","0.1400342881679535","0.2714402377605438","0.1839040443301201","0.17022694647312164","0.19616442918777466"
"1149","0.08707349002361298","0.0722951889038086","0.10173460841178894","0.08771640248596668","0.07332857698202133","0.10298089683055878","0.08813870884478092","0.07339270412921906","0.10354787111282349","0.22575010359287262","0.12137453258037567","0.33240532875061035","0.19562840834259987","0.16691547632217407","0.22007690370082855"
"1150","0.07912833988666534","0.06919382512569427","0.08479189872741699","0.08231348171830177","0.07291780412197113","0.08820057660341263","0.0829337015748024","0.07293692976236343","0.08929350972175598","0.20783542096614838","0.12514124810695648","0.2872835695743561","0.19325704127550125","0.17547181248664856","0.20203131437301636"
"1151","0.08027618192136288","0.07516566663980484","0.08574717491865158","0.0826170276850462","0.07622167468070984","0.09017056971788406","0.08256334066390991","0.07537345588207245","0.09102368354797363","0.2110654078423977","0.13201704621315002","0.3018764555454254","0.19599365815520287","0.18061882257461548","0.21147480607032776"
"1152","0.08211316727101803","0.06740321964025497","0.09523624181747437","0.08472995460033417","0.07090094685554504","0.09763109683990479","0.08449359610676765","0.07140851765871048","0.09597606211900711","0.20958787575364113","0.12373232841491699","0.3053547143936157","0.19544868171215057","0.1763949692249298","0.21249300241470337"
"1153","0.07606906443834305","0.07164611667394638","0.08071240037679672","0.07807554304599762","0.07188913971185684","0.08440595120191574","0.07796051353216171","0.07056169956922531","0.08502127230167389","0.2012646235525608","0.12225417792797089","0.2783496677875519","0.18732259422540665","0.1793028712272644","0.19604259729385376"
"1154","0.07275314815342426","0.06518608331680298","0.08280732482671738","0.07608080841600895","0.06870269030332565","0.08506981283426285","0.07537942007184029","0.06857934594154358","0.08166490495204926","0.19164731167256832","0.12432200461626053","0.2685030400753021","0.18054017797112465","0.16693273186683655","0.1963374763727188"
"1155","0.08094405941665173","0.06519999355077744","0.09784690290689468","0.08375602588057518","0.06752832233905792","0.10092738270759583","0.08358346670866013","0.06684556603431702","0.10118746757507324","0.21602021344006062","0.12085207551717758","0.304973304271698","0.19760305061936378","0.17341230809688568","0.2128218412399292"
"1156","0.08314434625208378","0.07512611895799637","0.09447894245386124","0.08594286255538464","0.0760464146733284","0.0954752191901207","0.08570244535803795","0.07592108845710754","0.09447281062602997","0.20848183892667294","0.1243182048201561","0.3112967908382416","0.19767315685749054","0.17606821656227112","0.2368253469467163"
"1157","0.07613898627460003","0.0716296136379242","0.07847018539905548","0.07911457121372223","0.07452522218227386","0.08149212598800659","0.0795966163277626","0.07489287853240967","0.08140360563993454","0.19435884431004524","0.12766025960445404","0.2634426951408386","0.18226444348692894","0.17671915888786316","0.18754829466342926"
"1158","0.07720005698502064","0.07063813507556915","0.08659982681274414","0.07887793146073818","0.07114624232053757","0.09047707170248032","0.07927596569061279","0.0710909441113472","0.09180395305156708","0.2011442892253399","0.12660212814807892","0.2847931981086731","0.18849854171276093","0.17885644733905792","0.20462863147258759"
"1159","0.08355046808719635","0.07707319408655167","0.09452837705612183","0.08406349830329418","0.07771481573581696","0.09516192227602005","0.08451864868402481","0.07765756547451019","0.09585107862949371","0.20493829622864723","0.12868830561637878","0.29669123888015747","0.1920703798532486","0.18081258237361908","0.21507126092910767"
"1160","0.07979513145983219","0.07468923926353455","0.08985700458288193","0.08117917738854885","0.07461108267307281","0.0904260203242302","0.0814715325832367","0.07476981729269028","0.09065041691064835","0.20483415760099888","0.12450677901506424","0.300034761428833","0.17669805884361267","0.16576841473579407","0.19320379197597504"
"1161","0.07656366564333439","0.07379015535116196","0.0798129290342331","0.07963485829532146","0.07521481812000275","0.08522893488407135","0.0793314203619957","0.07481619715690613","0.08525848388671875","0.18478083610534668","0.12266290187835693","0.25198525190353394","0.17402635514736176","0.16439330577850342","0.18257476389408112"
"1162","0.07785293459892273","0.06934379041194916","0.08635057508945465","0.08003692887723446","0.07235382497310638","0.08673538267612457","0.080125967040658","0.0720711499452591","0.08753335475921631","0.20205536112189293","0.1243370920419693","0.28823205828666687","0.1809924654662609","0.16559794545173645","0.20436802506446838"
"1163","0.07791582308709621","0.07323896139860153","0.08302465826272964","0.08059964142739773","0.07575547695159912","0.08786559849977493","0.08071835339069366","0.07550889253616333","0.08850763738155365","0.20293539389967918","0.1249559223651886","0.28473687171936035","0.1830669790506363","0.1765487641096115","0.18980804085731506"
"1164","0.07384219020605087","0.06590795516967773","0.07829379290342331","0.07456957176327705","0.06562217324972153","0.0804612934589386","0.07513601146638393","0.06613624095916748","0.08103083074092865","0.19119982048869133","0.1326216459274292","0.2698902487754822","0.18314242735505104","0.16865329444408417","0.19709590077400208"
"1165","0.08121788129210472","0.06468181312084198","0.09916038066148758","0.0836255606263876","0.06739064306020737","0.10229171067476273","0.08305848017334938","0.0670458972454071","0.10247690975666046","0.19708162173628807","0.12404167652130127","0.2704003155231476","0.1805722452700138","0.15701088309288025","0.20693913102149963"
"1166","0.07730445265769958","0.07069048285484314","0.08713296055793762","0.07911456190049648","0.07232242077589035","0.08770257234573364","0.07884246297180653","0.07225695997476578","0.08801234513521194","0.203866895288229","0.12122699618339539","0.2987446188926697","0.18111459910869598","0.1718468815088272","0.18813447654247284"
"1167","0.0702757965773344","0.06285234540700912","0.07575756311416626","0.07235906645655632","0.06325944513082504","0.07787823677062988","0.07239796593785286","0.06394436955451965","0.07808005064725876","0.1834944188594818","0.11055773496627808","0.2586410939693451","0.1696733646094799","0.15901534259319305","0.17545568943023682"
"1168","0.07323176972568035","0.061266861855983734","0.08584465086460114","0.0753409992903471","0.06456678360700607","0.08683481812477112","0.07568943686783314","0.06497441232204437","0.08711455762386322","0.19624881073832512","0.11210718750953674","0.2830509543418884","0.18068703263998032","0.1599661111831665","0.20049333572387695"
"1169","0.08124801330268383","0.06786671280860901","0.09480481594800949","0.08306899294257164","0.06988722085952759","0.09687765687704086","0.0840302836149931","0.0704851970076561","0.0987202376127243","0.20589148625731468","0.11813049018383026","0.2832351624965668","0.19119774922728539","0.17119775712490082","0.20309634506702423"
"1170","0.07477801479399204","0.06975556910037994","0.08150650560855865","0.07695892453193665","0.07044956833124161","0.08038143813610077","0.0773758813738823","0.07087165117263794","0.08072536438703537","0.19518262147903442","0.11602601408958435","0.2703198194503784","0.18046387657523155","0.17179247736930847","0.18632209300994873"
"1171","0.0754028894007206","0.07138511538505554","0.07888124138116837","0.07718406617641449","0.07485626637935638","0.080112025141716","0.07696857862174511","0.07179398834705353","0.08054488897323608","0.19875231757760048","0.13147412240505219","0.2705475389957428","0.1870078556239605","0.18296028673648834","0.19298380613327026"
"1172","0.0709377508610487","0.06748494505882263","0.07866088300943375","0.07349816709756851","0.070367231965065","0.08158158510923386","0.0731558296829462","0.06983266025781631","0.08132416009902954","0.19260714389383793","0.12057221680879593","0.266130268573761","0.17916342988610268","0.17390961945056915","0.1883435845375061"
"1173","0.08022383786737919","0.07379597425460815","0.08714009076356888","0.0817159079015255","0.07595978677272797","0.08934056758880615","0.08089559525251389","0.07611753046512604","0.08651351928710938","0.2071796953678131","0.1263175904750824","0.2946736216545105","0.1900383159518242","0.17825402319431305","0.2039349377155304"
"1174","0.07641874440014362","0.07035322487354279","0.08403803408145905","0.07840064354240894","0.07174553722143173","0.08730722963809967","0.07867483794689178","0.07243476063013077","0.08756659924983978","0.19154644012451172","0.11780042946338654","0.2580752968788147","0.1846374049782753","0.17185050249099731","0.20330758392810822"
"1175","0.0906289853155613","0.07652878016233444","0.10563601553440094","0.09267667680978775","0.07916876673698425","0.10595612972974777","0.09267470426857471","0.07954120635986328","0.1067812442779541","0.21890949457883835","0.1273317039012909","0.31031712889671326","0.195101797580719","0.17562207579612732","0.21490612626075745"
"1176","0.08291330374777317","0.0741942897439003","0.09212864935398102","0.08375516161322594","0.07490552961826324","0.0935080349445343","0.08430458791553974","0.07468261569738388","0.09341252595186234","0.19929145649075508","0.13022580742835999","0.26708146929740906","0.18101339787244797","0.17023694515228271","0.19749504327774048"
"1177","0.0831832941621542","0.07328309863805771","0.09869924932718277","0.08507322520017624","0.07443466782569885","0.10036839544773102","0.08513104729354382","0.07413911074399948","0.10031397640705109","0.20380610972642899","0.12946537137031555","0.30389249324798584","0.19575054571032524","0.17457209527492523","0.2203092724084854"
"1178","0.07421816326677799","0.06693796813488007","0.08070822060108185","0.07612344622612","0.07113286107778549","0.0823718011379242","0.07642403431236744","0.07145512849092484","0.08324557542800903","0.2007073350250721","0.11874556541442871","0.2864008843898773","0.18107665330171585","0.17399699985980988","0.18705523014068604"
"1179","0.08171097375452518","0.0722598060965538","0.09108893573284149","0.08342012017965317","0.07445362955331802","0.09299289435148239","0.08382406644523144","0.07488451898097992","0.09466376900672913","0.2058747224509716","0.1349078267812729","0.28631287813186646","0.19360500574111938","0.17405052483081818","0.20738554000854492"
"1180","0.08325641416013241","0.07594385743141174","0.08922412991523743","0.08449074812233448","0.07811097800731659","0.08941902965307236","0.08448735624551773","0.07761822640895844","0.0895342230796814","0.20434867590665817","0.1284310519695282","0.29174739122390747","0.18730776757001877","0.1770092099905014","0.19770778715610504"
"1181","0.07216237671673298","0.06650208681821823","0.07914659380912781","0.07482392340898514","0.06986679136753082","0.0822596549987793","0.07559984736144543","0.07125234603881836","0.08188358694314957","0.1858367659151554","0.12242889404296875","0.2603222727775574","0.17477473244071007","0.16427674889564514","0.18834887444972992"
"1182","0.07937347702682018","0.07331405580043793","0.08897976577281952","0.08177347853779793","0.0732283890247345","0.08934015035629272","0.08163884095847607","0.07308632880449295","0.09037130326032639","0.19977446645498276","0.11685112118721008","0.2846949100494385","0.18329249694943428","0.16821560263633728","0.19679898023605347"
"1183","0.085537513718009","0.07600565254688263","0.09709949791431427","0.086355434730649","0.07643495500087738","0.09890180826187134","0.08677028119564056","0.0767228975892067","0.09899262338876724","0.20825933665037155","0.12509486079216003","0.30286169052124023","0.19436835125088692","0.17950588464736938","0.2098902463912964"
"1184","0.07752391882240772","0.07142005115747452","0.08430300652980804","0.07869190908968449","0.0730798989534378","0.08559346199035645","0.07872171141207218","0.07271410524845123","0.0855506956577301","0.20667361095547676","0.137420654296875","0.27959299087524414","0.19620373845100403","0.1832355558872223","0.20938393473625183"
"1185","0.0779763013124466","0.0693201944231987","0.08516116440296173","0.08115657046437263","0.07231681048870087","0.0882141962647438","0.08175867237150669","0.07230415940284729","0.08822731673717499","0.19753117486834526","0.14171750843524933","0.2583407163619995","0.18606697395443916","0.17383503913879395","0.20015789568424225"
"1186","0.07563320733606815","0.07064677029848099","0.07879570126533508","0.07817228510975838","0.07524316757917404","0.07994972169399261","0.07814613543450832","0.07554945349693298","0.08012952655553818","0.18795348703861237","0.12442956864833832","0.24952469766139984","0.18019254505634308","0.17855510115623474","0.18211010098457336"
"1187","0.079295314848423","0.07488445937633514","0.08900222927331924","0.08101926185190678","0.07418671995401382","0.0930875688791275","0.08058966509997845","0.0737144723534584","0.09190940856933594","0.19916345551609993","0.12057457864284515","0.2652131915092468","0.18564565852284431","0.17281782627105713","0.2035943865776062"
"1188","0.07786308415234089","0.06576260179281235","0.08558792620897293","0.08064188249409199","0.06916560232639313","0.09025806188583374","0.08042079396545887","0.0686274841427803","0.09025358408689499","0.20384573563933372","0.11634661257266998","0.29212114214897156","0.18303583934903145","0.16403475403785706","0.19772666692733765"
"1189","0.0830471832305193","0.07505672425031662","0.08798757195472717","0.08335912972688675","0.07681750506162643","0.090794637799263","0.08292953297495842","0.0771889016032219","0.08805319666862488","0.2064673900604248","0.12882645428180695","0.2788226008415222","0.19318975880742073","0.18315131962299347","0.2096211165189743"
"1190","0.08203180693089962","0.06962952017784119","0.09422612190246582","0.08449949137866497","0.07221768796443939","0.09504638612270355","0.08485290221869946","0.0719483271241188","0.09666871279478073","0.19988935440778732","0.13325902819633484","0.28561824560165405","0.18289806693792343","0.165127694606781","0.19656693935394287"
"1191","0.07259559631347656","0.06148260831832886","0.0827535092830658","0.07407994009554386","0.06164993345737457","0.08775132894515991","0.07477331906557083","0.0620386078953743","0.08793802559375763","0.19171075522899628","0.10764756798744202","0.276363730430603","0.17641637846827507","0.1587732583284378","0.19510363042354584"
"1192","0.08739604242146015","0.08070704340934753","0.09899097681045532","0.08852061815559864","0.0811290368437767","0.1002611592411995","0.08898330479860306","0.08195794373750687","0.10085498541593552","0.20972943305969238","0.12562498450279236","0.28517162799835205","0.19455716758966446","0.1749453991651535","0.21572023630142212"
"1193","0.07325663045048714","0.06448019295930862","0.08229941129684448","0.07452332228422165","0.06432081758975983","0.0826735720038414","0.0745665468275547","0.06357704848051071","0.08336358517408371","0.18358152359724045","0.12670372426509857","0.2384301871061325","0.1738140545785427","0.16552411019802094","0.1835208535194397"
"1194","0.07684061117470264","0.07075277715921402","0.0804179385304451","0.07956998981535435","0.07299995422363281","0.08291324973106384","0.07963250949978828","0.07282610982656479","0.0833812728524208","0.19421261176466942","0.12970924377441406","0.26215463876724243","0.17959703132510185","0.16844800114631653","0.18875102698802948"
"1195","0.07588045671582222","0.07025793194770813","0.08245193213224411","0.07909845933318138","0.07306039333343506","0.08602049201726913","0.0789240151643753","0.073402538895607","0.08437681198120117","0.1966932099312544","0.12033742666244507","0.28581517934799194","0.17769888788461685","0.1681641787290573","0.1917858123779297"
"1196","0.08085721358656883","0.06877418607473373","0.09100376069545746","0.08332056179642677","0.07259775698184967","0.0912298858165741","0.08365413919091225","0.07279697060585022","0.09233002364635468","0.20333912409842014","0.11892411857843399","0.2831937074661255","0.18743371590971947","0.17480596899986267","0.20270909368991852"
"1197","0.08073609136044979","0.06987244635820389","0.08708500862121582","0.0809908751398325","0.06942065060138702","0.08869501203298569","0.08108888566493988","0.06936797499656677","0.0888165682554245","0.19782815873622894","0.13646399974822998","0.26591256260871887","0.18471131846308708","0.17056512832641602","0.1968364715576172"
"1198","0.08188886381685734","0.07526372373104095","0.09139104932546616","0.08400879986584187","0.07933300733566284","0.09285587072372437","0.08375903218984604","0.0793514996767044","0.09283347427845001","0.20759934931993484","0.12137895822525024","0.2971144914627075","0.1920565403997898","0.17384180426597595","0.2154737412929535"
"1199","0.09199760854244232","0.07760321348905563","0.09763352572917938","0.09418265521526337","0.08194243162870407","0.0990295559167862","0.09428051114082336","0.08198557794094086","0.0986395925283432","0.21230922639369965","0.15478453040122986","0.2839277982711792","0.20611675828695297","0.18798518180847168","0.21450430154800415"
"1200","0.07969658449292183","0.0688803419470787","0.09103173017501831","0.08195474557578564","0.07014182209968567","0.09343348443508148","0.0824035294353962","0.07132095843553543","0.09378015995025635","0.20206359587609768","0.12157727032899857","0.29319584369659424","0.18021704629063606","0.16213122010231018","0.19849148392677307"
"1201","0.07371372729539871","0.07017067074775696","0.07554352283477783","0.07530080154538155","0.07167404890060425","0.07837436348199844","0.07486429996788502","0.07223611325025558","0.0774461179971695","0.19150428660213947","0.11775695532560349","0.2738972306251526","0.1718747653067112","0.16337305307388306","0.1804312765598297"
"1202","0.07454944401979446","0.06933823972940445","0.07865383476018906","0.07806015945971012","0.07302152365446091","0.08369488269090652","0.07768122851848602","0.07294180989265442","0.08306165784597397","0.19897159188985825","0.12755067646503448","0.26646241545677185","0.18114520981907845","0.16888557374477386","0.19631031155586243"
"1203","0.08141764253377914","0.07494166493415833","0.09193987399339676","0.08229276165366173","0.07557536661624908","0.09062518924474716","0.0830441564321518","0.07544141262769699","0.09077601879835129","0.20507478713989258","0.12813715636730194","0.28851962089538574","0.19005439057946205","0.18078216910362244","0.20315507054328918"
"1204","0.07471331767737865","0.06452107429504395","0.08483229577541351","0.07694415375590324","0.06825610250234604","0.08549127727746964","0.07670485228300095","0.06810010969638824","0.08595386892557144","0.18703801557421684","0.12693284451961517","0.2585581839084625","0.175984974950552","0.16011235117912292","0.18628403544425964"
"1205","0.07301297225058079","0.07054027915000916","0.07487457245588303","0.0749047752469778","0.07309028506278992","0.07679954916238785","0.07502482831478119","0.07323373109102249","0.07705027610063553","0.18367317877709866","0.12085689604282379","0.26192420721054077","0.17077593877911568","0.16667771339416504","0.17568416893482208"
"1206","0.08552351593971252","0.0792422965168953","0.08978944271802902","0.08691278100013733","0.08123837411403656","0.08970916271209717","0.08701539598405361","0.08196353912353516","0.0897495448589325","0.20510593056678772","0.13908568024635315","0.2724626660346985","0.19251888617873192","0.18903125822544098","0.19663672149181366"
"1207","0.07765712216496468","0.07068366557359695","0.08335532993078232","0.0789260920137167","0.07246062159538269","0.08224833756685257","0.07969145849347115","0.07407744228839874","0.08315983414649963","0.19407358020544052","0.13100121915340424","0.25977009534835815","0.18339668959379196","0.1764596700668335","0.1964549422264099"
"1208","0.08385610021650791","0.06663830578327179","0.09556489437818527","0.0847583319991827","0.07011479884386063","0.09452912211418152","0.08484216220676899","0.06895409524440765","0.09483390301465988","0.2068963460624218","0.13199734687805176","0.29697030782699585","0.18324122950434685","0.15900540351867676","0.19818204641342163"
"1209","0.0804261788725853","0.07576745003461838","0.08713329583406448","0.08185591548681259","0.07803064584732056","0.08951205015182495","0.0817866176366806","0.07590779662132263","0.09026522934436798","0.19651802815496922","0.12439552694559097","0.26851677894592285","0.1902761571109295","0.1845792531967163","0.1999320685863495"
"1210","0.07106257975101471","0.06596744805574417","0.07488410919904709","0.07190635055303574","0.06663146615028381","0.07559192925691605","0.07204408384859562","0.06660379469394684","0.0758601725101471","0.18161876872181892","0.11771580576896667","0.24916918575763702","0.17537376284599304","0.1678636074066162","0.18059810996055603"
"1211","0.07536878809332848","0.0682688057422638","0.08338084816932678","0.07667846977710724","0.069668248295784","0.08267297595739365","0.07646103203296661","0.06950755417346954","0.08273681253194809","0.18528789654374123","0.11428998410701752","0.26590973138809204","0.16937825456261635","0.15996530652046204","0.17831189930438995"
"1212","0.0726599395275116","0.06482674181461334","0.08127972483634949","0.07463688030838966","0.06980914622545242","0.0820186585187912","0.07466371916234493","0.07011405378580093","0.08226417005062103","0.18408717215061188","0.11296506226062775","0.27708977460861206","0.17171403020620346","0.16112945973873138","0.18922549486160278"
"1213","0.07745874486863613","0.07187673449516296","0.08529645204544067","0.07898316346108913","0.0747649297118187","0.08715419471263885","0.07935396395623684","0.07500559836626053","0.08746922761201859","0.19812704250216484","0.1193084567785263","0.2955649495124817","0.1753220409154892","0.16350318491458893","0.187712624669075"
"1214","0.08243693597614765","0.07655556499958038","0.09146204590797424","0.08462829701602459","0.07852980494499207","0.09212881326675415","0.08456025272607803","0.07857116311788559","0.09261180460453033","0.203862763941288","0.12972088158130646","0.298520565032959","0.1887744516134262","0.17774082720279694","0.21135149896144867"
"1215","0.08535961247980595","0.08165492117404938","0.09169833362102509","0.08620058931410313","0.08282245695590973","0.09171483665704727","0.08701548911631107","0.08480353653430939","0.09265437722206116","0.21227531507611275","0.13977979123592377","0.29333987832069397","0.19908085837960243","0.19127294421195984","0.20549844205379486"
"1216","0.07792974077165127","0.07117660343647003","0.09075943380594254","0.07865624316036701","0.07184258103370667","0.09028009325265884","0.07845751196146011","0.07175232470035553","0.0894661396741867","0.19693133234977722","0.12189781665802002","0.2995228171348572","0.180451437830925","0.1626097857952118","0.20051704347133636"
"1217","0.07235454861074686","0.06113466992974281","0.08139549940824509","0.0734670702368021","0.06477589905261993","0.0843893513083458","0.07376757264137268","0.06449561566114426","0.08528027683496475","0.19414859637618065","0.10540209710597992","0.284123957157135","0.1701662540435791","0.15464094281196594","0.18224003911018372"
"1218","0.0830345619469881","0.07300996780395508","0.09009655565023422","0.08607673831284046","0.07663620263338089","0.09414124488830566","0.08661711774766445","0.07760516554117203","0.09394882619380951","0.20773258432745934","0.12321440875530243","0.3026469349861145","0.1925082951784134","0.1764814853668213","0.20779304206371307"
"1219","0.07706897333264351","0.07105128467082977","0.08588797599077225","0.07919314689934254","0.07355812937021255","0.08992314338684082","0.07974999956786633","0.0740174651145935","0.0903552994132042","0.19629842415452003","0.1168845146894455","0.2763808071613312","0.1774747222661972","0.1664765179157257","0.18554477393627167"
"1220","0.07897402159869671","0.06814131140708923","0.08555294573307037","0.08143232949078083","0.07135146856307983","0.08731614053249359","0.08121170289814472","0.07156960666179657","0.08773209154605865","0.19377287104725838","0.1321825385093689","0.2735433578491211","0.1920311339199543","0.1708587110042572","0.22041982412338257"
"1221","0.0850943848490715","0.07956796884536743","0.09321519732475281","0.08767574839293957","0.08250150829553604","0.09402516484260559","0.08775169402360916","0.08226310461759567","0.09453579783439636","0.2044634222984314","0.13307660818099976","0.28912749886512756","0.1895373947918415","0.18229877948760986","0.19708774983882904"
"1222","0.07750051841139793","0.07083997130393982","0.08345314860343933","0.07915553264319897","0.07273717224597931","0.08479050546884537","0.0785716101527214","0.07147075235843658","0.08436354994773865","0.18904196470975876","0.128016859292984","0.25609105825424194","0.17762311920523643","0.172403946518898","0.18118280172348022"
"1224","0.08353019319474697","0.08013275265693665","0.08894045650959015","0.08513383381068707","0.08113367110490799","0.08927171677350998","0.08496016636490822","0.0822376161813736","0.08772367238998413","0.20370295643806458","0.1283714324235916","0.2809070944786072","0.19401509687304497","0.18209582567214966","0.20918269455432892"
"1225","0.0759477112442255","0.05734627693891525","0.08426636457443237","0.07793966308236122","0.06233206391334534","0.08469442278146744","0.0782242314890027","0.061241742223501205","0.08512774109840393","0.18387305922806263","0.09957883507013321","0.25218337774276733","0.17259594053030014","0.14695358276367188","0.19087743759155273"
"1226","0.08579035848379135","0.07172642648220062","0.0988435298204422","0.08663806691765785","0.072331003844738","0.10015428066253662","0.08680794574320316","0.07169906049966812","0.10012277960777283","0.21712824702262878","0.11512859165668488","0.30205512046813965","0.1924871876835823","0.1617959886789322","0.22167611122131348"
"1227","0.07864735834300518","0.0709393247961998","0.08764500170946121","0.08110405690968037","0.07433014363050461","0.08809656649827957","0.08143753372132778","0.07454202324151993","0.08977187424898148","0.1986342165619135","0.11659014970064163","0.2772631347179413","0.18303847685456276","0.160629540681839","0.19348116219043732"
"1228","0.0797832515090704","0.06874240934848785","0.09085480868816376","0.08191273733973503","0.07244804501533508","0.08989464491605759","0.08184419758617878","0.07098504900932312","0.09052356332540512","0.1964842863380909","0.1315912902355194","0.2693920135498047","0.18637359142303467","0.17013394832611084","0.20290695130825043"
"1229","0.0788018275052309","0.06328661739826202","0.08883574604988098","0.08046686835587025","0.06493785977363586","0.08974975347518921","0.08069516532123089","0.0654120221734047","0.0886511504650116","0.19923540391027927","0.11043407768011093","0.288582444190979","0.18573340773582458","0.16150608658790588","0.20046812295913696"
"1230","0.07360568642616272","0.06949770450592041","0.0785992369055748","0.07560021616518497","0.07288607209920883","0.07835960388183594","0.07593027129769325","0.07291937619447708","0.0788712128996849","0.18700016103684902","0.1179465800523758","0.25697803497314453","0.17325100675225258","0.16428440809249878","0.18259525299072266"
"1231","0.07592357881367207","0.06691504269838333","0.08381487429141998","0.07789391279220581","0.07025183737277985","0.08564721792936325","0.07770751602947712","0.07026273757219315","0.08572305738925934","0.19262720271945","0.11446429789066315","0.27331212162971497","0.17861472070217133","0.16611263155937195","0.1881861835718155"
"1232","0.07916453294456005","0.07388077676296234","0.08291362971067429","0.0806342102587223","0.07311183959245682","0.08584506809711456","0.08018351718783379","0.07226048409938812","0.08514618873596191","0.19416410103440285","0.12937867641448975","0.2627159655094147","0.1791069321334362","0.16756793856620789","0.19019514322280884"
"1233","0.08262835629284382","0.07130980491638184","0.09851927310228348","0.08419257774949074","0.07364100217819214","0.09794490039348602","0.08507337979972363","0.07433584332466125","0.09882964938879013","0.19996570609509945","0.11751725524663925","0.26380711793899536","0.1868937388062477","0.16367830336093903","0.21869923174381256"
"1234","0.07884737849235535","0.07019858807325363","0.09094119071960449","0.07895534671843052","0.07003645598888397","0.09070354700088501","0.07982105761766434","0.07155342400074005","0.09008149802684784","0.19727609306573868","0.1266038715839386","0.28487545251846313","0.18273182585835457","0.16500459611415863","0.19511184096336365"
"1235","0.08163761533796787","0.08066843450069427","0.08235107362270355","0.0826613511890173","0.08072292059659958","0.08438947796821594","0.08340506628155708","0.080905020236969","0.08482003211975098","0.19931409507989883","0.1339709758758545","0.2686105966567993","0.18511943891644478","0.17575863003730774","0.19501996040344238"
"1236","0.08290681429207325","0.07550375163555145","0.0923176109790802","0.08325397409498692","0.07709164917469025","0.09157435595989227","0.08319645002484322","0.07750648260116577","0.09160558879375458","0.1955546010285616","0.12256164103746414","0.28496208786964417","0.17982981726527214","0.16730666160583496","0.1995214819908142"
"1237","0.07475185766816139","0.06370365619659424","0.08540612459182739","0.07689723186194897","0.06695502996444702","0.08658594638109207","0.07685246132314205","0.06746566295623779","0.08667236566543579","0.2042922731488943","0.11435335129499435","0.29174739122390747","0.18339646607637405","0.16569945216178894","0.1976868212223053"
"1238","0.0754009522497654","0.06666213274002075","0.09492777287960052","0.07605082541704178","0.06803150475025177","0.0960334986448288","0.07683243229985237","0.06930088251829147","0.09562651813030243","0.18573311157524586","0.11274861544370651","0.24719703197479248","0.1756412610411644","0.157485231757164","0.21244676411151886"
"1239","0.07722587138414383","0.07281472533941269","0.08537931740283966","0.07871591672301292","0.07505805790424347","0.08661971241235733","0.07923531718552113","0.07579640299081802","0.08758711069822311","0.1916238609701395","0.1198422983288765","0.26793375611305237","0.17865484580397606","0.1695951223373413","0.19823987782001495"
"1240","0.08008784614503384","0.07269052416086197","0.09285114705562592","0.08176651410758495","0.07409253716468811","0.09325957298278809","0.08236569724977016","0.07501450181007385","0.09355184435844421","0.20205984637141228","0.12130698561668396","0.2916586995124817","0.1828753985464573","0.16751819849014282","0.19636084139347076"
"1241","0.08452404104173183","0.0781533345580101","0.08890090882778168","0.08542628586292267","0.07724400609731674","0.0911777913570404","0.08520968444645405","0.07624983042478561","0.09069739282131195","0.20652538910508156","0.13366247713565826","0.2761242389678955","0.19046969339251518","0.18241313099861145","0.19909614324569702"
"1242","0.07803891785442829","0.07433612644672394","0.08410785347223282","0.07940095290541649","0.07393419742584229","0.08833374083042145","0.08032118156552315","0.07657482475042343","0.0887913852930069","0.19056012853980064","0.12766264379024506","0.2542671263217926","0.18114519491791725","0.17436251044273376","0.18778492510318756"
"1243","0.07801033556461334","0.06121854484081268","0.0918506532907486","0.08132668770849705","0.06393656879663467","0.09607385098934174","0.08102618157863617","0.06319764256477356","0.09514643251895905","0.1975361369550228","0.132074773311615","0.28970491886138916","0.19204268604516983","0.1620377004146576","0.2268504798412323"
"1244","0.07786429859697819","0.07047025859355927","0.08907510340213776","0.0790203157812357","0.07123986631631851","0.0904078558087349","0.07872093468904495","0.07079261541366577","0.09074710309505463","0.20203288458287716","0.11604204028844833","0.2817673683166504","0.18082348629832268","0.16466432809829712","0.1962631493806839"
"1245","0.07888184115290642","0.0707586258649826","0.08479304611682892","0.08092503622174263","0.07186232507228851","0.08889882266521454","0.08109879866242409","0.07261799275875092","0.08856309205293655","0.20266617834568024","0.13991151750087738","0.2712167799472809","0.18996497616171837","0.17526322603225708","0.20312997698783875"
"1246","0.07169890962541103","0.05939866602420807","0.07852566242218018","0.07342583686113358","0.06285785138607025","0.08119665831327438","0.07307531125843525","0.06261637806892395","0.08096599578857422","0.19166029430925846","0.10516307502985","0.2737084925174713","0.17063365876674652","0.15465015172958374","0.18573802709579468"
"1247","0.08595146238803864","0.07400529086589813","0.09188935160636902","0.08758307620882988","0.07848615944385529","0.09468930214643478","0.08805571310222149","0.07833399623632431","0.09486346691846848","0.2168530337512493","0.12837444245815277","0.29505455493927","0.20011432096362114","0.1910950243473053","0.2144838273525238"
"1248","0.07924831472337246","0.0653383806347847","0.09887047111988068","0.08090314641594887","0.06858138740062714","0.10040805488824844","0.08113182336091995","0.06866636872291565","0.10125017166137695","0.19102462381124496","0.11153335869312286","0.24709372222423553","0.18002203479409218","0.15956582129001617","0.21160313487052917"
"1249","0.07869579829275608","0.07038696855306625","0.08567338436841965","0.07917687483131886","0.0711495503783226","0.08603812009096146","0.07935160771012306","0.07041597366333008","0.08745798468589783","0.19304974749684334","0.12133671343326569","0.2748830318450928","0.17650189995765686","0.16644547879695892","0.18560704588890076"
"1250","0.07734971307218075","0.06874525547027588","0.08782186359167099","0.07977500185370445","0.07164846360683441","0.0891188234090805","0.07917925342917442","0.07126964628696442","0.0896969884634018","0.18755079060792923","0.1103886216878891","0.25461333990097046","0.1773354560136795","0.1637144535779953","0.19131691753864288"
"1251","0.08524246886372566","0.07257857173681259","0.09979578852653503","0.08789579756557941","0.07518186420202255","0.1033925712108612","0.08844189159572124","0.07522682845592499","0.10347559303045273","0.21411589160561562","0.1250329464673996","0.2937050461769104","0.19568165764212608","0.18185307085514069","0.2113737165927887"
"1252","0.08065665513277054","0.07689490169286728","0.08788291364908218","0.08311915211379528","0.07915197312831879","0.09093815088272095","0.08299865759909153","0.07796406745910645","0.0908595472574234","0.19549523666501045","0.1328611969947815","0.26443028450012207","0.18442724645137787","0.17105038464069366","0.1905650496482849"
"1253","0.08713344484567642","0.07663613557815552","0.1029415875673294","0.08858672529459","0.07871708273887634","0.10320679843425751","0.0893255453556776","0.07860009372234344","0.10393038392066956","0.21016208082437515","0.12149859964847565","0.2891911566257477","0.19145361334085464","0.17181171476840973","0.2140657603740692"
"1254","0.07317687198519707","0.06291861832141876","0.08314956724643707","0.07546580955386162","0.06517734378576279","0.08411069214344025","0.07554416730999947","0.06533658504486084","0.08490303158760071","0.19289907068014145","0.11093421280384064","0.27070266008377075","0.17405235394835472","0.16197985410690308","0.1846233308315277"
"1255","0.0756829846650362","0.07181620597839355","0.08064734190702438","0.07813173346221447","0.07451693713665009","0.08382125198841095","0.07798435166478157","0.07484236359596252","0.08239877969026566","0.18944502994418144","0.11782696843147278","0.2839030921459198","0.16995039209723473","0.1574602872133255","0.1905786395072937"
"1256","0.07743652164936066","0.0716310441493988","0.08112495392560959","0.07847514376044273","0.07107796519994736","0.08388849347829819","0.07906914502382278","0.07222821563482285","0.08418969810009003","0.19062413275241852","0.12398268282413483","0.2643953263759613","0.17241721600294113","0.1664392352104187","0.17908069491386414"
"1257","0.07755857519805431","0.07089723646640778","0.08649097383022308","0.07798756286501884","0.07098124176263809","0.086713045835495","0.07910644821822643","0.07073840498924255","0.0898497998714447","0.19222456961870193","0.11152130365371704","0.28300976753234863","0.1682993248105049","0.15535788238048553","0.18326744437217712"
"1258","0.07308988831937313","0.06775709986686707","0.07700380682945251","0.07611573860049248","0.07075968384742737","0.08029899001121521","0.07578914985060692","0.07067860662937164","0.08015584945678711","0.1731364205479622","0.12298135459423065","0.23104985058307648","0.16824698820710182","0.1594841182231903","0.17648956179618835"
"1259","0.0715960618108511","0.06629019230604172","0.0799819827079773","0.07390525750815868","0.06960451602935791","0.08197305351495743","0.07314705289900303","0.0664394199848175","0.08292029798030853","0.18299146369099617","0.11625460535287857","0.2585521340370178","0.17145714908838272","0.15856461226940155","0.18803046643733978"
"1260","0.07026946544647217","0.06335914134979248","0.07589171081781387","0.07167138159275055","0.06542335450649261","0.07814830541610718","0.07197240181267262","0.06559732556343079","0.07800928503274918","0.17970769479870796","0.11049149930477142","0.25093328952789307","0.17204619571566582","0.16025318205356598","0.17664450407028198"
"1261","0.08167805336415768","0.07409261167049408","0.08844076097011566","0.08276729844510555","0.07475057244300842","0.08906719088554382","0.08326879143714905","0.07708032429218292","0.0887787789106369","0.19831744953989983","0.1278340220451355","0.29242387413978577","0.18725651502609253","0.17895273864269257","0.19987204670906067"
"1262","0.08628038503229618","0.07342737913131714","0.09872303903102875","0.08807006478309631","0.07570847868919373","0.10263752937316895","0.08772299438714981","0.07476717978715897","0.10290884971618652","0.19847013428807259","0.14778058230876923","0.2513570189476013","0.18697861582040787","0.17367328703403473","0.20246651768684387"
"1263","0.0786080714315176","0.06863097846508026","0.09160923212766647","0.08000156469643116","0.06963509321212769","0.09468461573123932","0.07917816750705242","0.06974516808986664","0.094080850481987","0.19853554479777813","0.12083513289690018","0.2768154740333557","0.18641292303800583","0.17006690800189972","0.2128172367811203"
"1264","0.08170748315751553","0.07286518812179565","0.09839721024036407","0.0826016329228878","0.07299645245075226","0.10035303980112076","0.0823682751506567","0.07333804666996002","0.10046448558568954","0.1948544979095459","0.11782032251358032","0.26884084939956665","0.17801791429519653","0.16402292251586914","0.20559576153755188"
"1265","0.06786090694367886","0.0617419108748436","0.0774821937084198","0.07045865245163441","0.06493836641311646","0.08021053671836853","0.07011987455189228","0.06476635485887527","0.07905025035142899","0.1834332924336195","0.11180630326271057","0.25958868861198425","0.1715192049741745","0.16565552353858948","0.17889690399169922"
"1266","0.06769883260130882","0.06548934429883957","0.07113805413246155","0.06885923072695732","0.06719555705785751","0.07047447562217712","0.06893567740917206","0.0664064884185791","0.07081691920757294","0.1793159432709217","0.11656923592090607","0.2451915144920349","0.1678805761039257","0.16442720592021942","0.17197419703006744"
"1267","0.08007430844008923","0.06279359757900238","0.09272689372301102","0.08118199184536934","0.06244783103466034","0.09407598525285721","0.08091503847390413","0.06207888945937157","0.0932624489068985","0.19981761276721954","0.11140041053295135","0.2829953730106354","0.18167844787240028","0.1635740101337433","0.19046908617019653"
"1268","0.07531529478728771","0.06759190559387207","0.07981487363576889","0.07652472518384457","0.06744517385959625","0.0814608633518219","0.07625352591276169","0.06783320754766464","0.08173184096813202","0.18754810094833374","0.1149868369102478","0.2537950575351715","0.1788039691746235","0.16913264989852905","0.18865860998630524"
"1269","0.08277919702231884","0.07295418530702591","0.09427094459533691","0.08384236320853233","0.0731624886393547","0.09551085531711578","0.08396287262439728","0.07498514652252197","0.0954088568687439","0.20273780077695847","0.12643176317214966","0.29294484853744507","0.18877283856272697","0.17142799496650696","0.21318107843399048"
"1270","0.07751025445759296","0.06600917875766754","0.08734653890132904","0.07697189599275589","0.06531447917222977","0.08535855263471603","0.07739518210291862","0.06683479249477386","0.08694249391555786","0.1934421919286251","0.12879423797130585","0.2783055901527405","0.1788676455616951","0.1580999195575714","0.19293047487735748"
"1271","0.07521764561533928","0.06586229056119919","0.0822446346282959","0.07801222987473011","0.0686432346701622","0.08524593710899353","0.07780007272958755","0.06868036091327667","0.08590897917747498","0.1879623346030712","0.11744220554828644","0.2558208405971527","0.17840902134776115","0.1649726778268814","0.18798069655895233"
"1272","0.07208660244941711","0.06079116463661194","0.08115546405315399","0.0730363903567195","0.061794403940439224","0.081322081387043","0.07337639480829239","0.0634225383400917","0.08081494271755219","0.17216189950704575","0.11158929765224457","0.244731605052948","0.16083838418126106","0.14774951338768005","0.1693291962146759"
"1273","0.07386730797588825","0.06392479687929153","0.08639787137508392","0.07464992813766003","0.06609472632408142","0.08578869700431824","0.0748720970004797","0.06594569236040115","0.08728684484958649","0.19381306879222393","0.11094963550567627","0.30115169286727905","0.1709739975631237","0.15861229598522186","0.19194090366363525"
"1274","0.0785443801432848","0.0625019297003746","0.08983860909938812","0.08022226393222809","0.06659267842769623","0.08888596296310425","0.08022989332675934","0.06701834499835968","0.08830061554908752","0.1940242275595665","0.1234411746263504","0.2814639210700989","0.18063506484031677","0.16234257817268372","0.19577589631080627"
"1275","0.07311668340116739","0.05803368613123894","0.0869658887386322","0.07458306383341551","0.060351934283971786","0.08467146754264832","0.07496114913374186","0.06092387065291405","0.08552852272987366","0.18276454135775566","0.1129719465970993","0.26157453656196594","0.1758698672056198","0.15248671174049377","0.20142239332199097"
"1276","0.07624422013759613","0.06461768597364426","0.08672182261943817","0.07776429690420628","0.06603096425533295","0.08667297661304474","0.0777420811355114","0.06674331426620483","0.08738948404788971","0.19170568138360977","0.10987216234207153","0.2651343047618866","0.1778332069516182","0.15980207920074463","0.19134512543678284"
"1277","0.08112074434757233","0.06513994187116623","0.09980226308107376","0.08314617164433002","0.06836295872926712","0.10065275430679321","0.08257623389363289","0.06829353421926498","0.09878028184175491","0.2115529663860798","0.11147253215312958","0.33479800820350647","0.18773718550801277","0.16273713111877441","0.21235066652297974"
"1278","0.0908746961504221","0.07387483865022659","0.11209636926651001","0.09302847273647785","0.07726556062698364","0.11293479800224304","0.09332130290567875","0.07667752355337143","0.11300645023584366","0.22329622320830822","0.12371482700109482","0.30524104833602905","0.19977140799164772","0.17588162422180176","0.22591830790042877"
"1279","0.07773037999868393","0.06694961339235306","0.08720842748880386","0.08121806383132935","0.07025638222694397","0.09341646730899811","0.08108373917639256","0.07032592594623566","0.09204497188329697","0.2016636971384287","0.11343102902173996","0.2974497377872467","0.17813768237829208","0.1639890819787979","0.1936642825603485"
"1280","0.08879607170820236","0.08069922775030136","0.09647713601589203","0.09113331325352192","0.0824483335018158","0.09843562543392181","0.09144692867994308","0.08381516486406326","0.09735557436943054","0.213414765894413","0.13727673888206482","0.2981944680213928","0.18903004750609398","0.17884258925914764","0.2099471092224121"
"1281","0.08092085085809231","0.0715237632393837","0.09151816368103027","0.08245181478559971","0.07377292215824127","0.09245243668556213","0.08252124302089214","0.07357222586870193","0.09220172464847565","0.19996012933552265","0.11822964996099472","0.2832956314086914","0.18503575026988983","0.16482830047607422","0.19905906915664673"
"1282","0.07654083520174026","0.0678468719124794","0.08460115641355515","0.07722856849431992","0.06981389969587326","0.08362328261137009","0.07714629359543324","0.06647559255361557","0.08362817019224167","0.1868722401559353","0.12855130434036255","0.2434551864862442","0.16949701309204102","0.1586696207523346","0.18071261048316956"
"1283","0.07914314232766628","0.0733274295926094","0.09055974334478378","0.0801672525703907","0.0742359310388565","0.09164197742938995","0.07975677028298378","0.0742252990603447","0.08926550298929214","0.19416726753115654","0.12474898993968964","0.28304174542427063","0.17977532371878624","0.16995391249656677","0.1930658519268036"
"1284","0.08256064727902412","0.0718531534075737","0.09002697467803955","0.08290046826004982","0.07152784615755081","0.09077794849872589","0.08396941050887108","0.07327485829591751","0.0908396914601326","0.20406805351376534","0.14008912444114685","0.2887638211250305","0.18959849700331688","0.17847305536270142","0.19988024234771729"
"1285","0.07168464362621307","0.05994172394275665","0.07935759425163269","0.07386752218008041","0.06241857260465622","0.08070726692676544","0.07288864441215992","0.06293196231126785","0.08035198599100113","0.18794372491538525","0.10855365544557571","0.2665698826313019","0.1737687885761261","0.16020506620407104","0.1841423511505127"
"1286","0.0852572564035654","0.08072852343320847","0.09476020932197571","0.08651158399879932","0.08303120732307434","0.09464980661869049","0.086971215903759","0.08305563032627106","0.09477826207876205","0.20559803023934364","0.12995576858520508","0.28399932384490967","0.18709896132349968","0.17485767602920532","0.2023695856332779"
"1287","0.07790422812104225","0.06967073678970337","0.08928205072879791","0.07948374934494495","0.07137921452522278","0.08932681381702423","0.07930114306509495","0.07120907306671143","0.08896540105342865","0.19320127740502357","0.11663085222244263","0.27913129329681396","0.1761341728270054","0.16817408800125122","0.197062149643898"
"1288","0.08632927015423775","0.07315719872713089","0.09929931163787842","0.0878466721624136","0.07322761416435242","0.1006360575556755","0.08821368776261806","0.07395157217979431","0.10156789422035217","0.2063473016023636","0.11665840446949005","0.2977820634841919","0.18547667935490608","0.16449204087257385","0.20516322553157806"
"1289","0.08414936996996403","0.07470615208148956","0.09344345331192017","0.08644600585103035","0.08082445710897446","0.09545323252677917","0.0864994116127491","0.08007066696882248","0.09656678885221481","0.21266813576221466","0.1293952763080597","0.3009001612663269","0.19208890199661255","0.18149033188819885","0.2021574079990387"
"1290","0.07952347584068775","0.07211001962423325","0.09020297229290009","0.08145046979188919","0.07248760014772415","0.09313123673200607","0.08124435320496559","0.07405778765678406","0.09349418431520462","0.18884923867881298","0.11945996433496475","0.25794917345046997","0.17384185642004013","0.16636855900287628","0.18750783801078796"
"1291","0.08137036301195621","0.06724928319454193","0.09400635957717896","0.08235322870314121","0.06656645983457565","0.09532587975263596","0.08284556493163109","0.0687316358089447","0.09502993524074554","0.1992996372282505","0.13242527842521667","0.27201858162879944","0.194199588149786","0.16940785944461823","0.21719728410243988"
"1292","0.07920871302485466","0.07189425826072693","0.08320648223161697","0.07953636720776558","0.07234440743923187","0.08348207920789719","0.07985120825469494","0.07288694381713867","0.08414267003536224","0.18918419629335403","0.13008426129817963","0.2594287395477295","0.17205077037215233","0.16664908826351166","0.17687439918518066"
"1293","0.07973828166723251","0.07223349064588547","0.08618326485157013","0.07953510247170925","0.07195758819580078","0.0864579901099205","0.08104236237704754","0.07475242018699646","0.08808982372283936","0.20082497224211693","0.12293623387813568","0.2785952091217041","0.1835315302014351","0.16678224503993988","0.2066146284341812"
"1294","0.0760061964392662","0.06765415519475937","0.08958999812602997","0.07752861827611923","0.07062725722789764","0.08980435132980347","0.07697249762713909","0.06806395947933197","0.09040861576795578","0.1855908203870058","0.11114781349897385","0.26365476846694946","0.17396460101008415","0.158159539103508","0.1933695673942566"
"1295","0.0821808222681284","0.06774801760911942","0.09679103642702103","0.08243256062269211","0.06895995885133743","0.09760406613349915","0.08353662863373756","0.06967872381210327","0.09873147308826447","0.2038591429591179","0.11587989330291748","0.2885873317718506","0.1863550767302513","0.16958245635032654","0.20229598879814148"
"1296","0.07676992751657963","0.06591325998306274","0.08931095153093338","0.07910976931452751","0.06859521567821503","0.09358734637498856","0.0792289711534977","0.06882085651159286","0.09316781163215637","0.1853799670934677","0.1255500614643097","0.24191914498806","0.17792532593011856","0.1647779643535614","0.19320771098136902"
"1297","0.07412140443921089","0.07219737023115158","0.07762236148118973","0.07738608308136463","0.07399814575910568","0.08652631938457489","0.07626099325716496","0.07401683181524277","0.08085301518440247","0.19357781298458576","0.11821933090686798","0.28072863817214966","0.17493104189634323","0.16617733240127563","0.18733790516853333"
"1298","0.076088422909379","0.06942491978406906","0.0819149985909462","0.07890265434980392","0.07269951701164246","0.08416560292243958","0.07885361835360527","0.07198285311460495","0.08365543186664581","0.19357867911458015","0.1293417513370514","0.2575467824935913","0.1805492527782917","0.1714092493057251","0.19608810544013977"
"1299","0.07899504527449608","0.06784693151712418","0.08834373205900192","0.07902216538786888","0.06848050653934479","0.08802162110805511","0.07928415946662426","0.06734927743673325","0.09011323750019073","0.19493260979652405","0.130909726023674","0.27824416756629944","0.18909429013729095","0.17385900020599365","0.19971251487731934"
"1300","0.08244040794670582","0.06808707118034363","0.10091818124055862","0.08325975202023983","0.07035419344902039","0.09875088930130005","0.08452268317341805","0.07373243570327759","0.09876622259616852","0.1994370073080063","0.14845672249794006","0.2621891498565674","0.19151654839515686","0.17631199955940247","0.2057742178440094"
"1301","0.07714615017175674","0.07005482912063599","0.09274834394454956","0.07837076671421528","0.06941036880016327","0.09567327797412872","0.07778048515319824","0.06922931969165802","0.09295575320720673","0.19544377364218235","0.11408992856740952","0.31697511672973633","0.17788664251565933","0.16606926918029785","0.2124076932668686"
"1302","0.08857244066894054","0.08356747031211853","0.09315133094787598","0.09099911898374557","0.08495958149433136","0.09514060616493225","0.09158197231590748","0.08502312004566193","0.09596051275730133","0.2090757116675377","0.129469096660614","0.2976817488670349","0.191154133528471","0.17679737508296967","0.20187494158744812"
"1303","0.08218371495604515","0.06972286105155945","0.09874099493026733","0.08383151143789291","0.07232286781072617","0.09669668227434158","0.08391495794057846","0.07289281487464905","0.09521019458770752","0.20560753159224987","0.11627846211194992","0.30746129155158997","0.18388240784406662","0.16440922021865845","0.2087453305721283"
"1304","0.08069663494825363","0.0755063146352768","0.09119317680597305","0.08245231583714485","0.07732276618480682","0.09314259886741638","0.08224688284099102","0.07752180099487305","0.09167435765266418","0.1923146639019251","0.12161286920309067","0.27698081731796265","0.17412739619612694","0.16451959311962128","0.1849789023399353"
"1305","0.078446751460433","0.06987465173006058","0.08597484230995178","0.0792105495929718","0.07384840399026871","0.08463087677955627","0.07974526099860668","0.07377088069915771","0.08387039601802826","0.19019870087504387","0.11399093270301819","0.26372602581977844","0.1715599037706852","0.1592935472726822","0.17767715454101562"
"1306","0.08144637756049633","0.07178656756877899","0.08799280226230621","0.08388746529817581","0.074310801923275","0.08938927948474884","0.08376028947532177","0.07377415150403976","0.0891277864575386","0.20089062675833702","0.12996402382850647","0.28490400314331055","0.1814284287393093","0.17427992820739746","0.1896330714225769"
"1307","0.07870573364198208","0.07127264887094498","0.08444967865943909","0.07974506914615631","0.0723508968949318","0.08549468219280243","0.07965904287993908","0.07317748665809631","0.08520311117172241","0.1927814856171608","0.1302104890346527","0.26286575198173523","0.17457551509141922","0.16643251478672028","0.1828376203775406"
"1308","0.07547374628484249","0.06998659670352936","0.08118216693401337","0.07649671472609043","0.0694064274430275","0.08259786665439606","0.07678630203008652","0.07009537518024445","0.08296379446983337","0.18090635910630226","0.12715454399585724","0.23625023663043976","0.17079593986272812","0.1604715883731842","0.181549072265625"
"1309","0.07308483496308327","0.07033765316009521","0.0757448673248291","0.07358161732554436","0.06944937258958817","0.07807669043540955","0.07452373020350933","0.07057642936706543","0.079104483127594","0.18599232099950314","0.11423156410455704","0.25555309653282166","0.17267632111907005","0.1623106747865677","0.18102461099624634"
"1310","0.07902933470904827","0.07533565908670425","0.08286496996879578","0.0812023151665926","0.07699232548475266","0.08536596596240997","0.08127166889607906","0.07635807991027832","0.08696035295724869","0.19392192550003529","0.12153125554323196","0.27205339074134827","0.1793745756149292","0.17026355862617493","0.1918545961380005"
"1311","0.09258438274264336","0.08083242923021317","0.10686933249235153","0.09321017563343048","0.08122800290584564","0.10719090700149536","0.09261086396872997","0.08150197565555573","0.10462592542171478","0.21549273654818535","0.13938958942890167","0.3145439326763153","0.20115002617239952","0.17452490329742432","0.2514099180698395"
"1312","0.08058673329651356","0.07238024473190308","0.09284906834363937","0.08087139949202538","0.07299226522445679","0.09251479804515839","0.08097638748586178","0.07319586724042892","0.09209390729665756","0.19276555627584457","0.12406502664089203","0.26596006751060486","0.17610285058617592","0.16349104046821594","0.19672814011573792"
"1313","0.07160377874970436","0.06558987498283386","0.07941880822181702","0.07459749653935432","0.06866693496704102","0.08203671872615814","0.07396994717419147","0.06657569855451584","0.08093424886465073","0.19861351884901524","0.12028010189533234","0.28939205408096313","0.17782624065876007","0.17326703667640686","0.185144305229187"
"1314","0.07856450416147709","0.07181362807750702","0.08324503898620605","0.08056403510272503","0.07434298098087311","0.08610907196998596","0.0805885624140501","0.07360689342021942","0.08641774952411652","0.19380033388733864","0.13394632935523987","0.2542477250099182","0.18210599571466446","0.16514672338962555","0.1919473260641098"
"1315","0.07789772562682629","0.07160265743732452","0.08401118218898773","0.08009246177971363","0.07458985596895218","0.08587566018104553","0.07963337190449238","0.0723535567522049","0.08526000380516052","0.19211929850280285","0.12380046397447586","0.2703858017921448","0.17515622451901436","0.16881927847862244","0.18092072010040283"
"1316","0.08081733994185925","0.07405449450016022","0.09210324287414551","0.08126023225486279","0.07465799152851105","0.09268937259912491","0.08154348842799664","0.07397336512804031","0.09288516640663147","0.1942630261182785","0.12148012220859528","0.2691439390182495","0.17820635437965393","0.16086959838867188","0.20059025287628174"
"1317","0.08102694526314735","0.06621833145618439","0.09671955555677414","0.08131926506757736","0.06518393754959106","0.0967177301645279","0.08035728707909584","0.06319418549537659","0.09409207105636597","0.1937847100198269","0.12200504541397095","0.30250054597854614","0.1785813346505165","0.15519781410694122","0.2091047167778015"
"1318","0.07813478726893663","0.062152136117219925","0.09093137830495834","0.07923601940274239","0.06572473049163818","0.0892934799194336","0.0802269596606493","0.06565061211585999","0.09106701612472534","0.1936359480023384","0.10549601912498474","0.2923048734664917","0.17352938652038574","0.15167471766471863","0.19552156329154968"
"1319","0.0828890185803175","0.0745089054107666","0.09530478715896606","0.0837239008396864","0.0778801292181015","0.09657041728496552","0.08356506004929543","0.0772704929113388","0.09588421881198883","0.20041583478450775","0.13227415084838867","0.2652413845062256","0.1921965256333351","0.1802528202533722","0.20735877752304077"
"1320","0.08073550462722778","0.07382363080978394","0.08795362710952759","0.08189400099217892","0.07559503614902496","0.08800435066223145","0.0821642279624939","0.07580021768808365","0.08842170983552933","0.18918807059526443","0.13869313895702362","0.2528923749923706","0.1825120970606804","0.16621682047843933","0.20272114872932434"
"1321","0.06911981757730246","0.05987650528550148","0.08009950816631317","0.0706197451800108","0.06062579154968262","0.08311464637517929","0.07162220776081085","0.06147418171167374","0.08348342031240463","0.17649052664637566","0.10259675979614258","0.24215799570083618","0.16653873771429062","0.14861956238746643","0.18968838453292847"
"1322","0.07695781253278255","0.06595368683338165","0.08922497928142548","0.07908478379249573","0.06645247340202332","0.09364872425794601","0.0792323686182499","0.06778556853532791","0.09316994249820709","0.1896114982664585","0.1219615638256073","0.2770765721797943","0.17810223251581192","0.16436943411827087","0.19354788959026337"
"1323","0.07833700068295002","0.07073917984962463","0.08365531265735626","0.07973557896912098","0.0698070302605629","0.08542394638061523","0.07979938015341759","0.07206755131483078","0.08424203097820282","0.19062558002769947","0.12419142574071884","0.26883751153945923","0.17132380232214928","0.1611325740814209","0.17836566269397736"
"1324","0.07047681882977486","0.06758551299571991","0.07670986652374268","0.07127144932746887","0.06828632950782776","0.0766582116484642","0.07246163859963417","0.0686461552977562","0.07854010909795761","0.18307999707758427","0.11552762985229492","0.2540731430053711","0.1713278405368328","0.164789080619812","0.1794925332069397"
"1325","0.06895240396261215","0.06381015479564667","0.07954835146665573","0.06912514008581638","0.06476584076881409","0.07741837203502655","0.06978938169777393","0.06488951295614243","0.07751736789941788","0.18116888776421547","0.11086417734622955","0.24421426653862","0.16803160309791565","0.16105449199676514","0.17911463975906372"
"1326","0.08182059042155743","0.06694494187831879","0.10503269731998444","0.08231818489730358","0.06798283010721207","0.10558199882507324","0.08247476816177368","0.06744523346424103","0.10558317601680756","0.18903229013085365","0.12364694476127625","0.24495598673820496","0.1796443723142147","0.1586240977048874","0.21041518449783325"
"1327","0.07934993505477905","0.0703357458114624","0.0885029137134552","0.0811239629983902","0.07467816770076752","0.09030773490667343","0.08089410699903965","0.07478829473257065","0.08817040920257568","0.19606802985072136","0.12506143748760223","0.2713366746902466","0.18972759693861008","0.17259971797466278","0.20167990028858185"
"1328","0.08508744649589062","0.07950688153505325","0.09385398030281067","0.08663299679756165","0.08117103576660156","0.09777369350194931","0.08668605238199234","0.08095820248126984","0.09772710502147675","0.2079927623271942","0.1270761340856552","0.2969055771827698","0.18256882578134537","0.17050744593143463","0.19495359063148499"
"1329","0.0743793398141861","0.0692019909620285","0.08224792778491974","0.07585182599723339","0.07144101709127426","0.08410079032182693","0.07528087496757507","0.07083265483379364","0.08452709019184113","0.18664934113621712","0.12027296423912048","0.2573230266571045","0.17186907678842545","0.16899807751178741","0.1799374520778656"
"1330","0.08155454881489277","0.06831958889961243","0.08934888988733292","0.08297283761203289","0.06973446160554886","0.09162076562643051","0.08410623669624329","0.07200613617897034","0.0913335382938385","0.204694464802742","0.13127048313617706","0.2938498854637146","0.19352727755904198","0.16590338945388794","0.21460312604904175"
"1331","0.08146153204143047","0.06868201494216919","0.09390904009342194","0.08356505259871483","0.06969689577817917","0.09622855484485626","0.08292775973677635","0.07028213888406754","0.09625515341758728","0.19695090502500534","0.11808636784553528","0.2616499066352844","0.1794022023677826","0.16630949079990387","0.19817140698432922"
"1332","0.08513643592596054","0.07906420528888702","0.0931345745921135","0.08516374602913857","0.07736703008413315","0.09463200718164444","0.08657734282314777","0.07959619164466858","0.09701421856880188","0.20275581255555153","0.13532346487045288","0.2800018787384033","0.19046739861369133","0.17909249663352966","0.2047150880098343"
"1333","0.085163289681077","0.06847663223743439","0.09363497793674469","0.08645608462393284","0.06958159059286118","0.09481990337371826","0.08651494421064854","0.06963931024074554","0.09448356926441193","0.20432241261005402","0.11195418238639832","0.2851206064224243","0.18228713050484657","0.1533319503068924","0.19568216800689697"
"1334","0.07473808154463768","0.06316151469945908","0.08145249634981155","0.07579019851982594","0.06295180320739746","0.0852479636669159","0.07621273957192898","0.06329502165317535","0.0850103497505188","0.18584749847650528","0.10286504030227661","0.2603572905063629","0.1754881627857685","0.1519557237625122","0.18465563654899597"
"1335","0.08020835556089878","0.07511115074157715","0.0915176272392273","0.08252771012485027","0.07605691254138947","0.09475379437208176","0.0826144814491272","0.07580988109111786","0.09546894580125809","0.19977919943630695","0.12272117286920547","0.2750180959701538","0.17669649422168732","0.1670154333114624","0.18853016197681427"
"1336","0.0754014402627945","0.0690951943397522","0.08077435940504074","0.07664305903017521","0.07079647481441498","0.08176054060459137","0.07696454972028732","0.07073267549276352","0.08293856680393219","0.19681084714829922","0.1194789782166481","0.29505130648612976","0.18340205773711205","0.16990497708320618","0.1920648217201233"
"1337","0.07761332020163536","0.06467670947313309","0.08507350087165833","0.07924231514334679","0.06626871973276138","0.08800889551639557","0.07866925373673439","0.06525976955890656","0.08688051253557205","0.18377818167209625","0.11712494492530823","0.2491927444934845","0.1663261502981186","0.15516752004623413","0.17440158128738403"
"1338","0.08102939650416374","0.07183326035737991","0.08677677810192108","0.08264371007680893","0.07415800541639328","0.08819504082202911","0.08176090568304062","0.07124283909797668","0.08733174949884415","0.20403625816106796","0.12922140955924988","0.28703129291534424","0.19167134165763855","0.1700475811958313","0.20472636818885803"
"1339","0.08047145791351795","0.07257150858640671","0.09152858704328537","0.08212962187826633","0.07498867809772491","0.09165215492248535","0.08243864960968494","0.07646874338388443","0.09081709384918213","0.1942482404410839","0.11766903102397919","0.2752634882926941","0.18579471856355667","0.16636553406715393","0.19689849019050598"
"1340","0.07831516489386559","0.06921085715293884","0.09158152341842651","0.08051204308867455","0.06991032510995865","0.0975484549999237","0.0805042926222086","0.0704917460680008","0.09752359986305237","0.18747590482234955","0.12270559370517731","0.2432735562324524","0.1779034212231636","0.1601114273071289","0.20501679182052612"
"1341","0.07570152916014194","0.058697596192359924","0.10085856914520264","0.07708184886723757","0.0605214424431324","0.10236725956201553","0.0770111083984375","0.06065766513347626","0.10170868039131165","0.19208178110420704","0.10454146564006805","0.30361610651016235","0.17657994478940964","0.15422430634498596","0.20894022285938263"
"1342","0.08212301880121231","0.08107421547174454","0.0831860676407814","0.0831472147256136","0.08289958536624908","0.08339910209178925","0.08265478350222111","0.08214037120342255","0.08305028080940247","0.19595330208539963","0.12850117683410645","0.26239028573036194","0.17968323081731796","0.17757828533649445","0.18375395238399506"
"1343","0.07961580716073513","0.06318974494934082","0.09000041335821152","0.07884837687015533","0.06438826769590378","0.08860829472541809","0.07958970218896866","0.06458357721567154","0.08839108794927597","0.19244451262056828","0.10666442662477493","0.27612489461898804","0.17210661247372627","0.15030895173549652","0.1856062412261963"
"1344","0.08088430389761925","0.07724199444055557","0.08281822502613068","0.08180009014904499","0.07834502309560776","0.0840192586183548","0.08327826112508774","0.07969371974468231","0.08643052726984024","0.20473605394363403","0.13291743397712708","0.2824304401874542","0.18934456631541252","0.17938341200351715","0.2027103453874588"
"1345","0.0822447594255209","0.07849976420402527","0.08702754974365234","0.08421646244823933","0.07983112335205078","0.09036540985107422","0.08462587557733059","0.08047252148389816","0.09001718461513519","0.1986292339861393","0.13513383269309998","0.2762463688850403","0.1849236898124218","0.17485976219177246","0.192998006939888"
"1346","0.0847735796123743","0.07966774702072144","0.09307876974344254","0.08492710627615452","0.07892382144927979","0.0947173535823822","0.08477702923119068","0.07981468737125397","0.09229185432195663","0.2035496048629284","0.1271461844444275","0.29377153515815735","0.1831381618976593","0.17374086380004883","0.20134909451007843"
"1347","0.07872130908071995","0.07141909003257751","0.08692345768213272","0.08047821559011936","0.07205845415592194","0.08821878582239151","0.08043769001960754","0.07229563593864441","0.08913801610469818","0.19984894804656506","0.11959647387266159","0.2925669550895691","0.1784232221543789","0.168157160282135","0.19188186526298523"
"1348","0.07617280259728432","0.07223348319530487","0.08215709775686264","0.07734410837292671","0.07380039244890213","0.08259879052639008","0.07660358026623726","0.073395736515522","0.08015982061624527","0.18551744893193245","0.11679510772228241","0.27092689275741577","0.1720970906317234","0.1607724279165268","0.19575871527194977"
"1349","0.08228449709713459","0.0697336420416832","0.1052953451871872","0.08149757608771324","0.07102596014738083","0.10312771052122116","0.0822198111563921","0.07162851095199585","0.10306116938591003","0.19176600500941277","0.1154298186302185","0.2590789794921875","0.17953778058290482","0.15578091144561768","0.21332675218582153"
"1350","0.07927200011909008","0.06896656006574631","0.09012649953365326","0.08165503479540348","0.0699056088924408","0.09493739902973175","0.08131304942071438","0.07020624727010727","0.09335489571094513","0.2019401378929615","0.11252950131893158","0.2958812713623047","0.17919942364096642","0.15858608484268188","0.19926080107688904"
"1351","0.07897582463920116","0.06990877538919449","0.08530376851558685","0.07895776629447937","0.06800661981105804","0.08641336858272552","0.07863793335855007","0.0679393783211708","0.08630567789077759","0.19616363570094109","0.11349597573280334","0.28884202241897583","0.18143754452466965","0.17542719841003418","0.18653365969657898"
"1352","0.08006104081869125","0.07055879384279251","0.09456063061952591","0.08034006506204605","0.06914959847927094","0.09590806066989899","0.08057142049074173","0.0694454237818718","0.0963132232427597","0.19101693481206894","0.12733352184295654","0.25748366117477417","0.17651302739977837","0.1632414311170578","0.20391079783439636"
"1353","0.07542834803462029","0.06878218799829483","0.08592517673969269","0.07578083872795105","0.06816493719816208","0.08421403914690018","0.07544767297804356","0.06847728788852692","0.08351534605026245","0.1941824685782194","0.11016618460416794","0.27751368284225464","0.17468873411417007","0.1592038869857788","0.18749743700027466"
"1354","0.08329465612769127","0.07488259673118591","0.08949007093906403","0.08566288650035858","0.07831967622041702","0.09191273152828217","0.08522715792059898","0.07813578844070435","0.09257479757070541","0.19712695479393005","0.12815257906913757","0.2637184262275696","0.17808785289525986","0.17027705907821655","0.19279341399669647"
"1355","0.08070417866110802","0.07513698935508728","0.09057304263114929","0.08079768903553486","0.07479643821716309","0.09255978465080261","0.08161777257919312","0.07437693327665329","0.09301520138978958","0.20100346207618713","0.12253437936306","0.29844170808792114","0.18011344596743584","0.170196533203125","0.19502440094947815"
"1356","0.08808312192559242","0.07984592020511627","0.09330691397190094","0.09012557938694954","0.07897160947322845","0.09647690504789352","0.09126059524714947","0.08264894783496857","0.09706524759531021","0.2121245302259922","0.1432572603225708","0.28466397523880005","0.1978401429951191","0.19450737535953522","0.20729714632034302"
"1357","0.07695434801280499","0.07162994891405106","0.08207128942012787","0.07780459709465504","0.07369805127382278","0.0844421237707138","0.07801643386483192","0.07392169535160065","0.08446934074163437","0.18817833811044693","0.11625218391418457","0.259479284286499","0.17551768571138382","0.1682979166507721","0.18048536777496338"
"1358","0.07447011396288872","0.06767673045396805","0.08070313185453415","0.07570377737283707","0.07200368493795395","0.08440886437892914","0.07512835785746574","0.06952334940433502","0.08420935273170471","0.1794670671224594","0.11642895638942719","0.24527068436145782","0.17039786651730537","0.16227349638938904","0.19060757756233215"
"1359","0.07969134487211704","0.07355225086212158","0.09063927829265594","0.08035460487008095","0.07363297045230865","0.09025366604328156","0.08015060052275658","0.07369905710220337","0.09091044962406158","0.19607402756810188","0.11567185819149017","0.27054351568222046","0.1763208955526352","0.16340789198875427","0.19233983755111694"
"1360","0.08060100581496954","0.05995997413992882","0.09644483029842377","0.08190857619047165","0.06228112429380417","0.09680996835231781","0.0822997372597456","0.06186332553625107","0.09726406633853912","0.20798658579587936","0.11073990166187286","0.3102159798145294","0.19254572317004204","0.16929998993873596","0.2103382796049118"
"1361","0.07621543295681477","0.0656266137957573","0.08212834596633911","0.0780438706278801","0.06776612997055054","0.08544740080833435","0.07748950645327568","0.06544950604438782","0.0853935033082962","0.19101407006382942","0.1252971738576889","0.2678542733192444","0.17140742391347885","0.1605089008808136","0.1756516396999359"
"1362","0.07131125777959824","0.061453238129615784","0.07612322270870209","0.07235105335712433","0.06213098764419556","0.0779971182346344","0.0723700113594532","0.06295405328273773","0.07779298722743988","0.18224788084626198","0.10858667641878128","0.25118887424468994","0.17155547067523003","0.16057749092578888","0.17695803940296173"
"1363","0.08908313140273094","0.07420238107442856","0.10901391506195068","0.09089478850364685","0.07574377954006195","0.11082672327756882","0.08971892297267914","0.07572239637374878","0.11079861223697662","0.20794804021716118","0.14372248947620392","0.2739506959915161","0.19259019196033478","0.16909334063529968","0.21799685060977936"
"1365","0.08675017207860947","0.0817139744758606","0.09408976882696152","0.08669030293822289","0.08216024190187454","0.0931679755449295","0.0876199584454298","0.08185671269893646","0.09430482238531113","0.20922087132930756","0.12286227941513062","0.2902993857860565","0.18617518991231918","0.16582022607326508","0.20273219048976898"
"1366","0.07699223421514034","0.06849448382854462","0.09199152886867523","0.07758321426808834","0.06975105404853821","0.09305740892887115","0.07754038833081722","0.06870004534721375","0.09319053590297699","0.1908753365278244","0.11344020068645477","0.2553459703922272","0.17086054757237434","0.15198510885238647","0.20478184521198273"
"1367","0.0853714868426323","0.08147504925727844","0.0909629836678505","0.08676749467849731","0.08308984339237213","0.09264202415943146","0.08648433163762093","0.08212774991989136","0.09220314025878906","0.19366737082600594","0.13917355239391327","0.25031280517578125","0.18849024176597595","0.17940452694892883","0.19459626078605652"
"1368","0.07366028614342213","0.0707852765917778","0.07729495316743851","0.07594549469649792","0.07377739995718002","0.0777827650308609","0.0750864576548338","0.07259118556976318","0.07663261890411377","0.18404227681457996","0.12034984678030014","0.2521098256111145","0.17281972989439964","0.17010873556137085","0.17661714553833008"
"1369","0.08590145409107208","0.06990837305784225","0.09599694609642029","0.087900435552001","0.07275167852640152","0.09847790002822876","0.08865130692720413","0.07246767729520798","0.09962648153305054","0.20130818523466587","0.1173260435461998","0.28155481815338135","0.1804879643023014","0.16026604175567627","0.1935119330883026"
"1370","0.07230516895651817","0.0655403584241867","0.08103542029857635","0.07346961833536625","0.06820261478424072","0.08092699199914932","0.07383209653198719","0.06723416596651077","0.08149321377277374","0.18254301697015762","0.11363393068313599","0.24928200244903564","0.169914361089468","0.16400855779647827","0.17609116435050964"
"1371","0.07979360409080982","0.07454746216535568","0.08449279516935349","0.08143577352166176","0.07547599822282791","0.08644154667854309","0.08072685077786446","0.07485082000494003","0.0861554816365242","0.19649070128798485","0.1234227865934372","0.28782904148101807","0.1777130775153637","0.16854478418827057","0.18611198663711548"
"1372","0.08408988080918789","0.0732458084821701","0.09353292733430862","0.0849751178175211","0.07367058843374252","0.09321067482233047","0.08496150374412537","0.07320411503314972","0.09588992595672607","0.20107546262443066","0.12037784606218338","0.2853584885597229","0.17882655188441277","0.16598449647426605","0.19050119817256927"
"1373","0.08147762157022953","0.06866033375263214","0.10119324177503586","0.08200763538479805","0.06955017894506454","0.1004968136548996","0.08379588648676872","0.07151161134243011","0.10338225960731506","0.19653169251978397","0.11292261630296707","0.3040446639060974","0.17760276049375534","0.1597735583782196","0.20595614612102509"
"1374","0.08290098048746586","0.07911941409111023","0.08918871730566025","0.0839617270976305","0.08102689683437347","0.09069613367319107","0.0833525788038969","0.08109450340270996","0.089738629758358","0.2023787871003151","0.12529605627059937","0.2810951769351959","0.1802017092704773","0.17211280763149261","0.18772991001605988"
"1375","0.07914169691503048","0.07134030014276505","0.09201265126466751","0.08108220808207989","0.0724320337176323","0.09486913681030273","0.08013746328651905","0.07263889163732529","0.0914420485496521","0.18681439012289047","0.11861009895801544","0.2560389041900635","0.17968161404132843","0.16724085807800293","0.2023455649614334"
"1376","0.07317948900163174","0.06641524285078049","0.08248168230056763","0.07491841167211533","0.06959032267332077","0.08394236117601395","0.0756116658449173","0.06932633370161057","0.08428731560707092","0.17831352725625038","0.121944859623909","0.2428988218307495","0.16065941005945206","0.14674082398414612","0.17267906665802002"
"1377","0.07487047370523214","0.06096198782324791","0.08107026666402817","0.075687519274652","0.06169687584042549","0.08264537155628204","0.076757388189435","0.0619828924536705","0.08248874545097351","0.1838846579194069","0.12730400264263153","0.27631285786628723","0.17423763871192932","0.16049686074256897","0.18094584345817566"
"1378","0.07031712681055069","0.05932637304067612","0.07539587467908859","0.07089200988411903","0.06143821030855179","0.07633265852928162","0.0708758570253849","0.061352744698524475","0.07785911858081818","0.174798421561718","0.09982103109359741","0.25907957553863525","0.1592433713376522","0.14530710875988007","0.16738027334213257"
"1379","0.0809661541134119","0.07368331402540207","0.08944223821163177","0.08149674348533154","0.07417631894350052","0.0887531191110611","0.08235090598464012","0.07475094497203827","0.09015652537345886","0.20201721228659153","0.12322967499494553","0.2785802185535431","0.18315079435706139","0.17521387338638306","0.19156192243099213"
"1380","0.07704059779644012","0.06777212768793106","0.08375688642263412","0.07900997996330261","0.06990383565425873","0.08539179712533951","0.07910345308482647","0.06880772858858109","0.08718074858188629","0.1843705214560032","0.1192096471786499","0.2545146346092224","0.1729675866663456","0.16115018725395203","0.18033179640769958"
"1381","0.07800957001745701","0.0707438662648201","0.08257270604372025","0.07875023782253265","0.07215974479913712","0.08336156606674194","0.08025764673948288","0.07262766361236572","0.08512523770332336","0.20043128728866577","0.11797994375228882","0.2819965183734894","0.18083322048187256","0.17387419939041138","0.18528017401695251"
"1382","0.07468570955097675","0.062486566603183746","0.08543331921100616","0.07470585685223341","0.06211225315928459","0.0831490010023117","0.07379883248358965","0.05999575927853584","0.08293122053146362","0.18470046296715736","0.10663771629333496","0.2601904273033142","0.17454735934734344","0.15684038400650024","0.1900632679462433"
"1383","0.08037259802222252","0.07418791204690933","0.09374643862247467","0.08092708140611649","0.0746828243136406","0.09302747249603271","0.08069086819887161","0.07501206547021866","0.09528350830078125","0.19694723188877106","0.11950831115245819","0.2738470435142517","0.18085215985774994","0.16247425973415375","0.20707207918167114"
"1384","0.07899369671940804","0.07108591496944427","0.08451434969902039","0.08030287362635136","0.07537908852100372","0.08397012948989868","0.07981064729392529","0.07356716692447662","0.08413630723953247","0.1933075226843357","0.12117034196853638","0.2638319432735443","0.18143387883901596","0.17328223586082458","0.1942525953054428"
"1385","0.08309785649180412","0.0752917006611824","0.09173364192247391","0.08461945131421089","0.07816501706838608","0.09325911104679108","0.08391992934048176","0.0768558457493782","0.0944015309214592","0.2010245230048895","0.12263453751802444","0.2765747308731079","0.1812450997531414","0.16954173147678375","0.1896921992301941"
"1386","0.08023832365870476","0.07234439253807068","0.08718259632587433","0.08270969055593014","0.07248443365097046","0.09025430679321289","0.08254138007760048","0.07337503135204315","0.08937583863735199","0.2051469422876835","0.11075817048549652","0.29869142174720764","0.18240061402320862","0.160615473985672","0.20071765780448914"
"1387","0.07543805241584778","0.07319903373718262","0.07817136496305466","0.0767296776175499","0.07143083214759827","0.0803314670920372","0.07747040875256062","0.07260038703680038","0.08114879578351974","0.18507735431194305","0.12171018123626709","0.24758194386959076","0.17487326636910439","0.16299650073051453","0.18992231786251068"
"1388","0.07594793103635311","0.07097150385379791","0.08559367805719376","0.07825434394180775","0.0708404928445816","0.08792842924594879","0.0781736746430397","0.07262885570526123","0.08658933639526367","0.18943431787192822","0.11578353494405746","0.28006941080093384","0.16927320882678032","0.15837356448173523","0.18894733488559723"
"1389","0.07899414002895355","0.07544924318790436","0.0844733715057373","0.07967399060726166","0.07569161057472229","0.08584587275981903","0.08038097433745861","0.07788559049367905","0.08538979291915894","0.183263523504138","0.11545789986848831","0.24612461030483246","0.16739757359027863","0.1634729951620102","0.1754283607006073"
"1390","0.07854822091758251","0.07028937339782715","0.08717681467533112","0.07924521341919899","0.07239484041929245","0.0865585133433342","0.07948834076523781","0.0727604329586029","0.086795374751091","0.19212845899164677","0.11060775071382523","0.28015586733818054","0.16902869567275047","0.15602049231529236","0.17977774143218994"
"1391","0.07653051055967808","0.07538380473852158","0.07915708422660828","0.07767747156322002","0.07715065777301788","0.07814763486385345","0.0780456867069006","0.07689541578292847","0.080426424741745","0.1880389992147684","0.11401499062776566","0.2629469037055969","0.16745257750153542","0.16316384077072144","0.17412608861923218"
"1392","0.08011778444051743","0.06850184500217438","0.09075260907411575","0.08203410916030407","0.07079177349805832","0.09126198291778564","0.08308751508593559","0.06951510906219482","0.09408313781023026","0.19782134145498276","0.11675657331943512","0.2867543697357178","0.18015960976481438","0.16929364204406738","0.19087453186511993"
"1393","0.07981581427156925","0.07008343189954758","0.09175492823123932","0.08013993687927723","0.07173667103052139","0.0917031317949295","0.07988610677421093","0.07116574048995972","0.09147991985082626","0.18758552707731724","0.12202217429876328","0.2589716613292694","0.17487145587801933","0.16132259368896484","0.19196158647537231"
"1394","0.07691538520157337","0.06496579945087433","0.0900058001279831","0.07817047648131847","0.0689830631017685","0.09055110067129135","0.07770692929625511","0.06692399084568024","0.09037929028272629","0.19484894908964634","0.11360422521829605","0.29767757654190063","0.17626724764704704","0.15811364352703094","0.2127114087343216"
"1395","0.07364347577095032","0.06244775652885437","0.08532004803419113","0.07367964647710323","0.06395235657691956","0.0846918374300003","0.07320923916995525","0.0626131072640419","0.08694445341825485","0.17904512025415897","0.11436479538679123","0.25512266159057617","0.16106899455189705","0.14910146594047546","0.18101249635219574"
"1396","0.08119942620396614","0.07063338905572891","0.08732925355434418","0.0810627918690443","0.06943909823894501","0.08673880994319916","0.0811069868505001","0.06908115744590759","0.08811069279909134","0.1959717534482479","0.13279268145561218","0.2755569815635681","0.17884724214673042","0.1627456545829773","0.1860334277153015"
"1397","0.07416498754173517","0.06164134666323662","0.08426986634731293","0.0743438359349966","0.06457789242267609","0.08395625650882721","0.07444300688803196","0.06344276666641235","0.08442818373441696","0.18291852064430714","0.1090330258011818","0.25437217950820923","0.17403940483927727","0.1644609570503235","0.1871080845594406"
"1398","0.08101884461939335","0.07115078717470169","0.0930960476398468","0.08302448689937592","0.07355765998363495","0.09248751401901245","0.08208327181637287","0.07155643403530121","0.0929347425699234","0.19257323257625103","0.12141502648591995","0.26749327778816223","0.17713040485978127","0.16275182366371155","0.191376194357872"
"1399","0.07940656319260597","0.06942209601402283","0.08878327906131744","0.08080857619643211","0.07158739864826202","0.09038819372653961","0.08011152595281601","0.06839814782142639","0.09015718847513199","0.20032132416963577","0.12102855741977692","0.27602648735046387","0.18196870759129524","0.16782210767269135","0.2012481987476349"
"1400","0.07204233855009079","0.06866876780986786","0.0763474851846695","0.07358892820775509","0.07105007022619247","0.07782384753227234","0.07347560115158558","0.07044786214828491","0.07784539461135864","0.1800650730729103","0.11864405870437622","0.24699410796165466","0.16674616932868958","0.16012294590473175","0.17395451664924622"
"1401","0.08163152821362019","0.06321147084236145","0.09377448260784149","0.0821440052241087","0.06354385614395142","0.09435687959194183","0.08227926678955555","0.06396108865737915","0.09670029580593109","0.20109937153756618","0.09970258921384811","0.30382055044174194","0.17974386364221573","0.1435573846101761","0.2111520767211914"
"1402","0.0765040460973978","0.06561355292797089","0.08303523063659668","0.07740913145244122","0.06828613579273224","0.08321119844913483","0.07671408541500568","0.06571311503648758","0.08292736858129501","0.19421021454036236","0.12195954471826553","0.27388784289360046","0.18056010082364082","0.15811577439308167","0.2038511335849762"
"1403","0.07101427018642426","0.06302782893180847","0.07959866523742676","0.07190552540123463","0.06261345744132996","0.08013305813074112","0.07165714353322983","0.062329307198524475","0.08000728487968445","0.17767006903886795","0.11840207874774933","0.2524890899658203","0.16204069927334785","0.15209582448005676","0.167314812541008"
"1404","0.08182414062321186","0.07604952901601791","0.09095635265111923","0.08265380002558231","0.07747651636600494","0.09237649291753769","0.08227019384503365","0.0774860829114914","0.09192027151584625","0.18798987194895744","0.12216991186141968","0.2485586553812027","0.17533430084586143","0.1656053066253662","0.18875274062156677"
"1405","0.07943659648299217","0.07214008271694183","0.08725351095199585","0.08088103495538235","0.07644816488027573","0.08778072148561478","0.08093351498246193","0.07639318704605103","0.08864209055900574","0.19904842972755432","0.12084147334098816","0.3057410418987274","0.1781550906598568","0.17049962282180786","0.18982800841331482"
"1406","0.07940814271569252","0.06525343656539917","0.10372739285230637","0.08080513961613178","0.0664299726486206","0.10481488704681396","0.08050138130784035","0.06591706722974777","0.10426589101552963","0.19424576312303543","0.1087951809167862","0.2668890953063965","0.1815260462462902","0.16363908350467682","0.21603131294250488"
"1407","0.08287807181477547","0.07605749368667603","0.0894274115562439","0.08371535688638687","0.07744427025318146","0.0903787612915039","0.0851912684738636","0.07844167947769165","0.09049837291240692","0.2073926217854023","0.12605534493923187","0.2842051088809967","0.1948901116847992","0.18543481826782227","0.21097788214683533"
"1408","0.08518772386014462","0.07966267317533493","0.09535734355449677","0.08546236902475357","0.08151663094758987","0.09245216101408005","0.08522612415254116","0.08204472064971924","0.09165439009666443","0.20118232443928719","0.12273259460926056","0.2877730429172516","0.1785973384976387","0.1668231189250946","0.19818896055221558"
"1409","0.08518037758767605","0.0637868195772171","0.09681940823793411","0.08679091557860374","0.06631101667881012","0.09884288907051086","0.08740009553730488","0.06567297130823135","0.09943519532680511","0.19689231738448143","0.14805974066257477","0.26632586121559143","0.19052283465862274","0.16085152328014374","0.20700766146183014"
"1410","0.08269749023020267","0.07359951734542847","0.09129366278648376","0.08393302373588085","0.07589041441679001","0.09298600256443024","0.08445360325276852","0.07661356031894684","0.09400542080402374","0.20486434176564217","0.12470868229866028","0.29136860370635986","0.1865105889737606","0.1766948699951172","0.20349659025669098"
"1411","0.08176248148083687","0.0754067674279213","0.0864335224032402","0.08347615599632263","0.07688639312982559","0.08877094089984894","0.08368154242634773","0.07762420177459717","0.08871398121118546","0.19799641892313957","0.11759483814239502","0.2859475910663605","0.17391076683998108","0.15919549763202667","0.18653734028339386"
"1412","0.07710745744407177","0.07403533160686493","0.08130869269371033","0.0777624100446701","0.07559739798307419","0.0813993364572525","0.07775316387414932","0.0737403929233551","0.08236799389123917","0.18214190937578678","0.12110526859760284","0.2601222097873688","0.1720748096704483","0.1635558307170868","0.18299119174480438"
"1413","0.06796144973486662","0.05824579671025276","0.0793570727109909","0.07194321788847446","0.05999641865491867","0.0841943547129631","0.07280575484037399","0.061769433319568634","0.08343803882598877","0.1958758905529976","0.12430797517299652","0.2949073314666748","0.17638728022575378","0.1578083336353302","0.1963009089231491"
"1414","0.07477343454957008","0.07273782789707184","0.07825425267219543","0.07817799411714077","0.07390836626291275","0.08070395886898041","0.07823185436427593","0.07443463057279587","0.0804949402809143","0.19464771822094917","0.11934597790241241","0.26829490065574646","0.1738828532397747","0.16473838686943054","0.17881564795970917"
"1415","0.07220467366278172","0.06621474027633667","0.07873524725437164","0.0767658781260252","0.0704740658402443","0.08329703658819199","0.07668925262987614","0.07086282968521118","0.08344274014234543","0.19220399670302868","0.11833397299051285","0.26276928186416626","0.17519750446081161","0.163948655128479","0.1881047487258911"
"1416","0.06867068726569414","0.05444243922829628","0.08326336741447449","0.07137992419302464","0.05642346292734146","0.08490903675556183","0.07263441011309624","0.05813834071159363","0.08759503811597824","0.18746772408485413","0.11656738817691803","0.27198326587677","0.17220018059015274","0.15139536559581757","0.18992361426353455"
"1417","0.07118733413517475","0.06287911534309387","0.07569674402475357","0.07437570206820965","0.06784673035144806","0.07862064987421036","0.07486061938107014","0.06516177952289581","0.07979835569858551","0.19402813911437988","0.11587154865264893","0.2645059823989868","0.18336322903633118","0.16700218617916107","0.20335280895233154"
"1418","0.07239057682454586","0.06592972576618195","0.07904946058988571","0.07657716982066631","0.06798481941223145","0.08181264251470566","0.07658734917640686","0.06992222368717194","0.08101232349872589","0.1904011145234108","0.11627188324928284","0.2583564519882202","0.17706850543618202","0.16373014450073242","0.1902751475572586"
"1419","0.0782354511320591","0.07515306770801544","0.08099701255559921","0.08173027448356152","0.0810329020023346","0.08261487632989883","0.08215278387069702","0.08172588050365448","0.08266358822584152","0.2127046324312687","0.13314668834209442","0.299740731716156","0.19032566621899605","0.1834298074245453","0.19734396040439606"
"1420","0.07014238834381104","0.06609929352998734","0.07755143940448761","0.07549707032740116","0.07035939395427704","0.08346977084875107","0.07529115676879883","0.07039223611354828","0.08360134065151215","0.19331010058522224","0.12551604211330414","0.25885891914367676","0.17703881487250328","0.16548919677734375","0.199294775724411"
"1421","0.07455747202038765","0.07023705542087555","0.0777682289481163","0.07886055111885071","0.07511836290359497","0.08185956627130508","0.07892916351556778","0.07634294778108597","0.08191423118114471","0.20075272023677826","0.12936128675937653","0.27340763807296753","0.19359318912029266","0.18570485711097717","0.20132732391357422"
"1422","0.07010567933320999","0.06261683255434036","0.07674458622932434","0.07394816912710667","0.06672654300928116","0.07912389934062958","0.07465260662138462","0.06728599965572357","0.08222973346710205","0.189474206417799","0.11256735026836395","0.2704894542694092","0.17664017900824547","0.16479000449180603","0.18349015712738037"
"1423","0.0735821146517992","0.07202938199043274","0.07701417803764343","0.07827272079885006","0.07633869349956512","0.08087515830993652","0.07829340919852257","0.0759114921092987","0.08095384389162064","0.20002004876732826","0.1310950368642807","0.2773919701576233","0.18504761904478073","0.1832384616136551","0.18700064718723297"
"1424","0.0663624070584774","0.059730954468250275","0.0761559009552002","0.07104183360934258","0.06461732089519501","0.07900850474834442","0.07029545307159424","0.0631151869893074","0.0792490765452385","0.18154894188046455","0.114808589220047","0.2621142864227295","0.16610309854149818","0.16094845533370972","0.1770060956478119"
"1425","0.06970353797078133","0.06257791817188263","0.07393623888492584","0.07356893084943295","0.0664614662528038","0.07814241945743561","0.07374836131930351","0.06763936579227448","0.07815319299697876","0.1969500631093979","0.11608605086803436","0.27716949582099915","0.17311331257224083","0.16122448444366455","0.17977415025234222"
"1426","0.07009685598313808","0.05565822124481201","0.08196808397769928","0.07321825250983238","0.06101450324058533","0.08373915404081345","0.07291022688150406","0.059678949415683746","0.08579564094543457","0.19280069321393967","0.11528480052947998","0.28948336839675903","0.1756526157259941","0.15615876019001007","0.19712243974208832"
"1427","0.06817989237606525","0.05622076243162155","0.07779797166585922","0.07194949686527252","0.06136284023523331","0.08060918003320694","0.0719046052545309","0.060114406049251556","0.0807584822177887","0.18534207716584206","0.10517950356006622","0.25506749749183655","0.17098042368888855","0.15572158992290497","0.18002232909202576"
"1428","0.07365270890295506","0.0667339563369751","0.08111131191253662","0.07721165381371975","0.06701748073101044","0.08561387658119202","0.07794523425400257","0.0685267522931099","0.08624660968780518","0.19849843531847","0.13608738780021667","0.265338271856308","0.17671401053667068","0.16207771003246307","0.1843099147081375"
"1429","0.0694473423063755","0.0640077218413353","0.08019061386585236","0.07311408221721649","0.068730428814888","0.08135020732879639","0.07389410026371479","0.06807971000671387","0.08458475768566132","0.19256251491606236","0.11836017668247223","0.28505659103393555","0.1713731251657009","0.16245611011981964","0.19436532258987427"
"1430","0.07726910524070263","0.07091031223535538","0.08822797983884811","0.08173767663538456","0.0757727101445198","0.09144289791584015","0.08283361420035362","0.07583308219909668","0.09483093023300171","0.21101674251258373","0.12261155247688293","0.3274829387664795","0.18345601484179497","0.16952788829803467","0.2080501765012741"
"1431","0.0626070611178875","0.05619216710329056","0.06940155476331711","0.06755571532994509","0.06226304545998573","0.07357171177864075","0.06687572039663792","0.059816330671310425","0.07413756102323532","0.1798858605325222","0.11130806803703308","0.2467595338821411","0.16826161369681358","0.15975454449653625","0.17286349833011627"
"1432","0.06984984781593084","0.058686818927526474","0.08162390440702438","0.07400611229240894","0.06457597017288208","0.0834953561425209","0.07454227097332478","0.06393072009086609","0.08406826853752136","0.19556862115859985","0.1100291907787323","0.26612693071365356","0.18200739100575447","0.15657368302345276","0.21907196938991547"
"1433","0.06967759411782026","0.05841642990708351","0.07681045681238174","0.0743900928646326","0.06277671456336975","0.0821741372346878","0.07472996972501278","0.06427688896656036","0.08170641213655472","0.19395157136023045","0.11033187061548233","0.27050238847732544","0.17319399118423462","0.15636934340000153","0.18348552286624908"
"1434","0.06783385947346687","0.06284785270690918","0.07297275960445404","0.07141781225800514","0.06556584686040878","0.07704322785139084","0.07277065888047218","0.06729675829410553","0.07818058878183365","0.1891616377979517","0.11295527964830399","0.27760544419288635","0.17274004593491554","0.15927593410015106","0.19177772104740143"
"1435","0.0667937695980072","0.06258699297904968","0.07116478681564331","0.07075584307312965","0.06645088642835617","0.0765678733587265","0.07067538239061832","0.06561683118343353","0.07845926284790039","0.1946998406201601","0.12075734883546829","0.267200767993927","0.1719353348016739","0.16464707255363464","0.1861974447965622"
"1436","0.0720636211335659","0.06543760001659393","0.07843688130378723","0.0757380798459053","0.06854516267776489","0.08155480027198792","0.07615909352898598","0.06824279576539993","0.08090640604496002","0.20174109190702438","0.11737512052059174","0.288944810628891","0.18728912621736526","0.16598112881183624","0.23061034083366394"
"1437","0.0656148586422205","0.05745919793844223","0.06921572983264923","0.06862928532063961","0.06198835372924805","0.07208970934152603","0.06910496391355991","0.061723627150058746","0.07256276905536652","0.17919782735407352","0.11143521219491959","0.24367976188659668","0.16979717835783958","0.16249120235443115","0.1739683300256729"
"1438","0.07106065936386585","0.0698009580373764","0.07329809665679932","0.0750388577580452","0.07219193130731583","0.07615867257118225","0.0745618361979723","0.0713830292224884","0.0767267644405365","0.18972861394286156","0.12654776871204376","0.25442177057266235","0.17818096280097961","0.17114506661891937","0.18612658977508545"
"1439","0.07092609815299511","0.061608150601387024","0.07985657453536987","0.07503808476030827","0.0648479238152504","0.08346416801214218","0.07418755255639553","0.06536497175693512","0.08290288597345352","0.19085929170250893","0.1311507225036621","0.25109079480171204","0.17835428938269615","0.16218705475330353","0.2035665512084961"
"1440","0.07516850158572197","0.06665822863578796","0.07979968935251236","0.07849762588739395","0.07070206105709076","0.08409996330738068","0.0789490807801485","0.07290468364953995","0.0822257548570633","0.20415648072957993","0.1288507729768753","0.2866838574409485","0.18660534173250198","0.17658156156539917","0.1941627860069275"
"1441","0.06996188871562481","0.06341230869293213","0.07957849651575089","0.07386587373912334","0.06711618602275848","0.08376872539520264","0.07413106970489025","0.06828249990940094","0.08195485174655914","0.1849530003964901","0.11012526601552963","0.259029358625412","0.17021985352039337","0.1576518714427948","0.18243275582790375"
"1442","0.07762120850384235","0.05845554172992706","0.08748772740364075","0.08113107085227966","0.06347530335187912","0.0920725092291832","0.08119054511189461","0.061690494418144226","0.09275346994400024","0.201326671987772","0.13402162492275238","0.30046096444129944","0.18644486367702484","0.16100487112998962","0.2016039937734604"
"1443","0.06896446645259857","0.06443840265274048","0.07971915602684021","0.07215157523751259","0.06657710671424866","0.083742156624794","0.07330023311078548","0.06878267228603363","0.08354400098323822","0.1908874735236168","0.1135280579328537","0.29250985383987427","0.1725083664059639","0.1632266789674759","0.19215035438537598"
"1444","0.07208146341145039","0.06315305083990097","0.08800207823514938","0.07509589195251465","0.06456746906042099","0.09047248959541321","0.07493073679506779","0.0656418576836586","0.09050147235393524","0.19555502384901047","0.12230660021305084","0.2606331706047058","0.17400964349508286","0.15963631868362427","0.19538816809654236"
"1445","0.07092356868088245","0.06745346635580063","0.07378080487251282","0.07405886799097061","0.07151663303375244","0.07741224020719528","0.07485225610435009","0.07100491225719452","0.07995001971721649","0.18471975810825825","0.1205291822552681","0.25291478633880615","0.17569638043642044","0.17276784777641296","0.17979834973812103"
"1446","0.07689710892736912","0.06945701688528061","0.08296090364456177","0.08109725452959538","0.07428520172834396","0.08640313148498535","0.08008930645883083","0.07286001741886139","0.08622802793979645","0.1954251527786255","0.1253436952829361","0.27108415961265564","0.17811137437820435","0.16878847777843475","0.1922011822462082"
"1447","0.0709648858755827","0.06436683237552643","0.07547733932733536","0.07453646138310432","0.06774064153432846","0.08206259459257126","0.07439121417701244","0.06679077446460724","0.07933448255062103","0.19447488896548748","0.11492743343114853","0.2743911147117615","0.1756964474916458","0.16063162684440613","0.18719831109046936"
"1448","0.06795996055006981","0.06107199192047119","0.07564136385917664","0.07266845181584358","0.06343867629766464","0.08275409787893295","0.07199783623218536","0.06270052492618561","0.08050805330276489","0.18773984536528587","0.10562263429164886","0.28206145763397217","0.16813164949417114","0.15525121986865997","0.18095020949840546"
"1449","0.06767707876861095","0.05981738492846489","0.07977759838104248","0.0706275999546051","0.06107217073440552","0.0824781060218811","0.0704003032296896","0.060875408351421356","0.0830727219581604","0.17797337472438812","0.10709132254123688","0.2419813722372055","0.17168902233242989","0.15327614545822144","0.19306063652038574"
"1450","0.07242006808519363","0.06250783801078796","0.08842615783214569","0.07640325650572777","0.06750234961509705","0.0940435528755188","0.07714801281690598","0.06792380660772324","0.0952976644039154","0.19887930527329445","0.11621978878974915","0.3139975070953369","0.1809564270079136","0.1636856347322464","0.21319866180419922"
"1451","0.07299126498401165","0.06442815065383911","0.07970134168863297","0.07696888782083988","0.06869198381900787","0.08463084697723389","0.0779506117105484","0.06910481303930283","0.08539894223213196","0.19474101439118385","0.12542548775672913","0.273745059967041","0.17643249779939651","0.1600537896156311","0.1926925629377365"
"1452","0.0749809704720974","0.06769725680351257","0.08039788901805878","0.07767753303050995","0.06925694644451141","0.08293214440345764","0.07870914228260517","0.0690041184425354","0.08524700254201889","0.19320485554635525","0.11773576587438583","0.2725120186805725","0.17481191456317902","0.1644609272480011","0.18486008048057556"
"1453","0.07276038825511932","0.06654386967420578","0.07887226343154907","0.07619417458772659","0.0696735605597496","0.0821475237607956","0.0772936474531889","0.06995253264904022","0.08617770671844482","0.20034298114478588","0.12228838354349136","0.2769203186035156","0.18413109332323074","0.171237051486969","0.2017243653535843"
"1454","0.06905999965965748","0.06334707140922546","0.07616959512233734","0.0718007143586874","0.06659893691539764","0.07932788133621216","0.07155691646039486","0.06546947360038757","0.0804544985294342","0.19150741957128048","0.11271633952856064","0.275177538394928","0.1691054217517376","0.15700148046016693","0.19062447547912598"
"1455","0.07217137049883604","0.05780499055981636","0.08208222687244415","0.07616258971393108","0.06315359473228455","0.0848473608493805","0.07605963665992022","0.05969889089465141","0.08656634390354156","0.19357195124030113","0.10846760869026184","0.27749037742614746","0.18350743502378464","0.15550068020820618","0.21046344935894012"
"1456","0.06879396177828312","0.06161420792341232","0.07670240104198456","0.07105942256748676","0.06297116726636887","0.08185848593711853","0.07200196944177151","0.0636751800775528","0.08225928246974945","0.18583235889673233","0.12513047456741333","0.2531042993068695","0.17739539220929146","0.1663326621055603","0.1851828247308731"
"1457","0.07817323878407478","0.07206499576568604","0.08959364145994186","0.08346592076122761","0.0771777331829071","0.099026620388031","0.0832884144037962","0.07569429278373718","0.0996469184756279","0.20979876816272736","0.13747285306453705","0.2761710584163666","0.1882469244301319","0.17439432442188263","0.20328205823898315"
"1458","0.0729132704436779","0.06693661957979202","0.07714337855577469","0.07524055056273937","0.07036960870027542","0.080256387591362","0.07615557871758938","0.07173983752727509","0.0820687860250473","0.1920468769967556","0.12015844881534576","0.2625637948513031","0.17364338785409927","0.16774281859397888","0.1856895238161087"
"1459","0.06934105604887009","0.06688881665468216","0.07248638570308685","0.07195696607232094","0.0685422271490097","0.07574781775474548","0.07194839976727962","0.06855834275484085","0.07561924308538437","0.18445100262761116","0.12341322004795074","0.24749119579792023","0.17260321974754333","0.16773465275764465","0.17793741822242737"
"1460","0.07141286320984364","0.06437680870294571","0.08568856120109558","0.07576103322207928","0.07075563073158264","0.08995618671178818","0.0759546160697937","0.0689450055360794","0.09152736514806747","0.19349944218993187","0.11878760904073715","0.2944642901420593","0.18011710792779922","0.17160749435424805","0.2020951509475708"
"1461","0.0767188910394907","0.07510058581829071","0.07833657413721085","0.08113442361354828","0.07830051332712173","0.08357055485248566","0.08160814642906189","0.07867005467414856","0.08374348282814026","0.21120794862508774","0.1257842779159546","0.2981772720813751","0.18248824030160904","0.16714325547218323","0.18939894437789917"
"1462","0.082035131752491","0.07907269895076752","0.08591486513614655","0.08473426289856434","0.0812581479549408","0.0895482748746872","0.08496345393359661","0.08278364688158035","0.09016049653291702","0.21401287615299225","0.1329679787158966","0.2962062358856201","0.2025189772248268","0.18851745128631592","0.22407129406929016"
"1463","0.06781530007719994","0.06591377407312393","0.06979556381702423","0.0703735500574112","0.06784579157829285","0.07199329882860184","0.07054653204977512","0.06817398220300674","0.07242481410503387","0.18772710300981998","0.11411713808774948","0.25979918241500854","0.17184533178806305","0.16428090631961823","0.17929434776306152"
"1464","0.07337754033505917","0.06852404028177261","0.0783780887722969","0.07899370789527893","0.07211515307426453","0.08343666791915894","0.0792110227048397","0.07320886850357056","0.08384844660758972","0.199069332331419","0.12198750674724579","0.28290432691574097","0.182380061596632","0.16857147216796875","0.19342754781246185"
"1465","0.07687889039516449","0.06305163353681564","0.08570261299610138","0.08005349151790142","0.0652545690536499","0.08807088434696198","0.08047563396394253","0.06617520749568939","0.08782492578029633","0.1935860589146614","0.13510818779468536","0.27549853920936584","0.182403102517128","0.1554805487394333","0.19833815097808838"
"1466","0.07577741891145706","0.06966948509216309","0.087864451110363","0.07923455908894539","0.07274534553289413","0.09466803073883057","0.07905501127243042","0.0726374089717865","0.09314902126789093","0.19675225764513016","0.13047301769256592","0.26522549986839294","0.18216447159647942","0.17191149294376373","0.2080436646938324"
"1467","0.0672723837196827","0.05989654362201691","0.0742567777633667","0.07179596461355686","0.06407792866230011","0.07923690229654312","0.07183653116226196","0.0633426383137703","0.07750743627548218","0.18677645176649094","0.1194690614938736","0.25505807995796204","0.17657702043652534","0.1566658914089203","0.1994566172361374"
"1468","0.07538974657654762","0.06752526015043259","0.07995880395174026","0.07882490567862988","0.07058528065681458","0.08408205211162567","0.07929787784814835","0.0710715800523758","0.08346696197986603","0.19957947731018066","0.1292324662208557","0.2684113681316376","0.18572862073779106","0.17932841181755066","0.19083890318870544"
"1469","0.07387584075331688","0.06276543438434601","0.09815642982721329","0.07230199687182903","0.06486636400222778","0.08334233611822128","0.07340102456510067","0.06596817076206207","0.08500982075929642","0.19592378102242947","0.11421775072813034","0.293109267950058","0.1773524284362793","0.16424772143363953","0.1900879144668579"
"1470","0.07216614671051502","0.06228962540626526","0.07925647497177124","0.07201577164232731","0.06504160165786743","0.08266875147819519","0.07252843491733074","0.0645584762096405","0.08523427695035934","0.17569275572896004","0.11948055028915405","0.24247053265571594","0.16181211173534393","0.1514541357755661","0.1738973706960678"
"1471","0.07117920182645321","0.06226483732461929","0.08834049850702286","0.07375480234622955","0.06440028548240662","0.08564957976341248","0.07412533089518547","0.06428255140781403","0.08756604790687561","0.19396761059761047","0.11085672676563263","0.2885774075984955","0.1734432317316532","0.15739932656288147","0.190667986869812"
"1472","0.06640719808638096","0.061572566628456116","0.07102817296981812","0.07022569328546524","0.06397849321365356","0.07538788765668869","0.07013889029622078","0.06187921762466431","0.07676929980516434","0.18094313517212868","0.1193152517080307","0.2487616389989853","0.16403905674815178","0.15545672178268433","0.17236992716789246"
"1473","0.07504392974078655","0.06923404335975647","0.08134359121322632","0.07815324142575264","0.074060820043087","0.08394350111484528","0.07795849069952965","0.07412585616111755","0.08183600008487701","0.19586315378546715","0.12139587104320526","0.27198415994644165","0.17457683384418488","0.16623346507549286","0.1823471486568451"
"1474","0.07219957001507282","0.06771662086248398","0.07777479290962219","0.07525528408586979","0.07178328931331635","0.08296819031238556","0.07483292743563652","0.06984598934650421","0.08215465396642685","0.19338896125555038","0.12048590183258057","0.270073801279068","0.17884168401360512","0.16926568746566772","0.1941242516040802"
"1475","0.0776408240199089","0.07118196040391922","0.08435888588428497","0.07929093390703201","0.07227136194705963","0.08620099723339081","0.07967093400657177","0.07178395241498947","0.08745238184928894","0.20550387352705002","0.11933901906013489","0.29335787892341614","0.17843083292245865","0.16720536351203918","0.19526411592960358"
"1476","0.06892852671444416","0.06300003826618195","0.07660912722349167","0.07181123085319996","0.0654231607913971","0.07754620909690857","0.07265039533376694","0.0670909509062767","0.07763452082872391","0.19275416061282158","0.12245403230190277","0.26575446128845215","0.17878584191203117","0.16825762391090393","0.1924188733100891"
"1477","0.06787548400461674","0.05772649496793747","0.07452167570590973","0.06963133625686169","0.05950316786766052","0.07424429059028625","0.07109776139259338","0.06362047791481018","0.07704499363899231","0.18314305134117603","0.1057438999414444","0.2599591016769409","0.16867560893297195","0.15573611855506897","0.17587891221046448"
"1478","0.06636602524667978","0.06224493309855461","0.07289735972881317","0.06894138641655445","0.06325551867485046","0.07395385950803757","0.0692413728684187","0.06357647478580475","0.07419116795063019","0.18251707963645458","0.11837136000394821","0.24373111128807068","0.16570131480693817","0.1539994478225708","0.1882961392402649"
"1479","0.07377433404326439","0.07129967212677002","0.07756516337394714","0.07796263881027699","0.07586950063705444","0.08145212382078171","0.07766623981297016","0.07463785260915756","0.08272857964038849","0.19385556876659393","0.1229327917098999","0.26076459884643555","0.18066305667161942","0.17350152134895325","0.18839916586875916"
"1480","0.06713430024683475","0.05266101658344269","0.07642985880374908","0.06919543165713549","0.05393766984343529","0.07766909897327423","0.0688750296831131","0.05362595617771149","0.07857625186443329","0.17798303440213203","0.11980067193508148","0.24463054537773132","0.16350993141531944","0.1449241191148758","0.17622697353363037"
"1481","0.07496092468500137","0.0710015818476677","0.07974767684936523","0.0788804180920124","0.07391847670078278","0.0845918357372284","0.07806869596242905","0.07125973701477051","0.08541889488697052","0.2034822329878807","0.1313917338848114","0.2734490633010864","0.18459373712539673","0.17405366897583008","0.19200681149959564"
"1482","0.070865822955966","0.0646314024925232","0.08347604423761368","0.07514466531574726","0.06791860610246658","0.08583488315343857","0.07456954009830952","0.06883738189935684","0.08467821776866913","0.19151634722948074","0.1221814751625061","0.28650912642478943","0.17917709797620773","0.17197167873382568","0.1939292848110199"
"1483","0.07198027148842812","0.06405187398195267","0.08765880763530731","0.07514820247888565","0.06798829138278961","0.08922987431287766","0.07612931169569492","0.06934871524572372","0.09138604998588562","0.1862509734928608","0.11810518801212311","0.2734375596046448","0.16690202429890633","0.15746226906776428","0.18538442254066467"
"1484","0.07601119019091129","0.06747546792030334","0.08124009519815445","0.07786733098328114","0.06843145936727524","0.08473566174507141","0.07792430184781551","0.06896275281906128","0.08555422723293304","0.19625098630785942","0.13433705270290375","0.27832815051078796","0.18772583454847336","0.17085544764995575","0.19353820383548737"
"1485","0.07235641218721867","0.06329644471406937","0.07722526043653488","0.0754915401339531","0.06601901352405548","0.08262218534946442","0.07575191371142864","0.06774424761533737","0.08163207024335861","0.19468088448047638","0.1118965744972229","0.2794172763824463","0.1747741363942623","0.1580367535352707","0.19641339778900146"
"1486","0.07600896432995796","0.0721985474228859","0.07810807973146439","0.079143350943923","0.07559122890233994","0.08462322503328323","0.07908385433256626","0.07550402730703354","0.08442866802215576","0.20137501507997513","0.12906572222709656","0.2776804268360138","0.17417707294225693","0.16764771938323975","0.18024146556854248"
"1487","0.07471884600818157","0.06399483978748322","0.08309687674045563","0.07622907496988773","0.06616301834583282","0.08739553391933441","0.07620181888341904","0.0666971430182457","0.08766292780637741","0.19327589869499207","0.1078609824180603","0.2720825672149658","0.17570993676781654","0.15443173050880432","0.19667571783065796"
"1488","0.07938783802092075","0.06928693503141403","0.08652497828006744","0.08239652961492538","0.07495884597301483","0.08852019906044006","0.08265464566648006","0.07642819732427597","0.08821552991867065","0.20395109057426453","0.13018286228179932","0.27611926198005676","0.19251639023423195","0.18775108456611633","0.20340615510940552"
"1489","0.07644445635378361","0.07011080533266068","0.08136828243732452","0.0790203046053648","0.07357761263847351","0.08122380822896957","0.07968743704259396","0.0745805874466896","0.08342481404542923","0.2050896491855383","0.12270595878362656","0.28887611627578735","0.17907442152500153","0.17027463018894196","0.18380194902420044"
"1490","0.0820044707506895","0.07277131080627441","0.08670932054519653","0.08634227514266968","0.07532267272472382","0.09326247870922089","0.08601207472383976","0.07642635703086853","0.09207826107740402","0.2226896733045578","0.12440323829650879","0.3263344168663025","0.19774052873253822","0.17350363731384277","0.22312697768211365"
"1491","0.07208837196230888","0.06683170795440674","0.07601188123226166","0.07512904331088066","0.07142806798219681","0.08144545555114746","0.07573270425200462","0.07171779125928879","0.08045785874128342","0.19488630816340446","0.11872510612010956","0.2717662751674652","0.17688001692295074","0.168074369430542","0.18748962879180908"
"1492","0.06689517386257648","0.05761024355888367","0.07437053322792053","0.06782760471105576","0.06093104928731918","0.07513735443353653","0.06758382357656956","0.06008844077587128","0.07534685730934143","0.17261925525963306","0.10416925698518753","0.2372947335243225","0.16316281631588936","0.14934800565242767","0.17802917957305908"
"1493","0.07639784645289183","0.06245047226548195","0.0819021463394165","0.0799721609801054","0.06751208007335663","0.08600246906280518","0.0806675385683775","0.06628579646348953","0.08984686434268951","0.19574715569615364","0.13719093799591064","0.25691667199134827","0.18862377852201462","0.1733742505311966","0.20552322268486023"
"1494","0.07324276119470596","0.06630922108888626","0.07890714704990387","0.07674866914749146","0.06959231942892075","0.08109475672245026","0.07715254090726376","0.0692393034696579","0.08174694329500198","0.18863261677324772","0.11596731096506119","0.2549629211425781","0.17823829129338264","0.17621424794197083","0.1800106018781662"
"1495","0.06436787731945515","0.05807516723871231","0.07103288173675537","0.0673520416021347","0.05900353193283081","0.0738755613565445","0.06720044370740652","0.056559931486845016","0.07511340081691742","0.17465705424547195","0.10973323881626129","0.2518415153026581","0.16205943003296852","0.14999321103096008","0.17211836576461792"
"1496","0.07124189659953117","0.0609993115067482","0.07761835306882858","0.07409835234284401","0.06551346927881241","0.08122166246175766","0.07355460897088051","0.06348516047000885","0.08113511651754379","0.1854139119386673","0.12950776517391205","0.24984925985336304","0.1742904894053936","0.15259945392608643","0.2076174020767212"
"1497","0.07131766527891159","0.060182273387908936","0.08395923674106598","0.07500357739627361","0.06569769233465195","0.08726463466882706","0.07582857459783554","0.06404948234558105","0.08794145286083221","0.18732524663209915","0.10981371998786926","0.27030953764915466","0.1694960817694664","0.15580451488494873","0.18407851457595825"
"1498","0.0736283641308546","0.06411033123731613","0.08332240581512451","0.07586407661437988","0.0681079775094986","0.08403728902339935","0.07761935889720917","0.06838713586330414","0.08841632306575775","0.19988574087619781","0.12075196206569672","0.29689398407936096","0.18441682681441307","0.16773274540901184","0.20054540038108826"
"1499","0.07795416004955769","0.07457669079303741","0.08021848648786545","0.0811736062169075","0.07587818801403046","0.08473456650972366","0.08123460225760937","0.07777361571788788","0.08420757204294205","0.20630423724651337","0.13051201403141022","0.30247700214385986","0.18504437059164047","0.17853669822216034","0.1966482549905777"
"1500","0.07598117366433144","0.06707572937011719","0.08046486973762512","0.07836554385721684","0.06904219835996628","0.08367614448070526","0.07888732850551605","0.07191673666238785","0.08347184956073761","0.2007606104016304","0.13339455425739288","0.2852228283882141","0.18406952172517776","0.165704607963562","0.19588856399059296"
"1501","0.07296351343393326","0.06990157067775726","0.07538793236017227","0.07622143812477589","0.07206360250711441","0.0807037502527237","0.07625250145792961","0.07246772944927216","0.08071531355381012","0.19517930038273335","0.12018419057130814","0.2655985653400421","0.18091607838869095","0.17768822610378265","0.18448258936405182"
"1502","0.07456177473068237","0.06281477957963943","0.08555596321821213","0.07855075784027576","0.06724029779434204","0.08869236707687378","0.07895795442163944","0.06787002086639404","0.0882813036441803","0.19874949008226395","0.12171231210231781","0.3045780062675476","0.181183859705925","0.15774790942668915","0.21171417832374573"
"1503","0.07760937511920929","0.06479369103908539","0.08951686322689056","0.08049255050718784","0.06708669662475586","0.09389717876911163","0.08011544309556484","0.06702209264039993","0.09162361919879913","0.20123082771897316","0.1127157211303711","0.2952495515346527","0.18114957585930824","0.1604054570198059","0.19990728795528412"
"1504","0.07327734120190144","0.05729813128709793","0.08542326837778091","0.07593300472944975","0.06033768132328987","0.08666716516017914","0.07494931016117334","0.0601857490837574","0.08630906045436859","0.20232774503529072","0.10749330371618271","0.2961517572402954","0.17907089740037918","0.15895478427410126","0.19848144054412842"
"1505","0.07501933630555868","0.06073005869984627","0.08542641997337341","0.07801100425422192","0.06306228786706924","0.08808755874633789","0.07899408042430878","0.06410270184278488","0.08776012063026428","0.19246410578489304","0.13135606050491333","0.2698043882846832","0.1812456250190735","0.15694186091423035","0.19931049644947052"
"1506","0.07547519542276859","0.06720800697803497","0.08648673444986343","0.07773377932608128","0.06650476157665253","0.09195677191019058","0.07961004413664341","0.07070647925138474","0.09357990324497223","0.19310347735881805","0.1354852020740509","0.24592246115207672","0.17888550832867622","0.15854446589946747","0.19977378845214844"
"1507","0.06980899162590504","0.06262433528900146","0.07614264637231827","0.07341096550226212","0.06492055207490921","0.07948803901672363","0.0727641861885786","0.06517717242240906","0.07952339947223663","0.18728715926408768","0.12518930435180664","0.25186169147491455","0.16650832816958427","0.15559759736061096","0.17556968331336975"
"1508","0.06962453108280897","0.0550430603325367","0.08028976619243622","0.0726882666349411","0.060214169323444366","0.08292932063341141","0.07264140248298645","0.058605171740055084","0.08387501537799835","0.18944358080625534","0.12086379528045654","0.3081670105457306","0.17409347370266914","0.15528717637062073","0.19689111411571503"
"1509","0.07067306898534298","0.06576870381832123","0.08051496744155884","0.07290749438107014","0.06898569315671921","0.08158525079488754","0.07263737358152866","0.06904562562704086","0.07946005463600159","0.18271610513329506","0.11359947174787521","0.2814057469367981","0.16688624024391174","0.15987904369831085","0.17920571565628052"
"1510","0.07477741874754429","0.06770718097686768","0.08331254869699478","0.0777326337993145","0.06924911588430405","0.08566896617412567","0.07810168154537678","0.06912596523761749","0.08659061044454575","0.19787227734923363","0.12421146035194397","0.28987646102905273","0.18222011998295784","0.17016710340976715","0.19237388670444489"
"1511","0.06555322464555502","0.06146448478102684","0.07477173209190369","0.06827275827527046","0.06128999590873718","0.07985321432352066","0.06784013286232948","0.06277182698249817","0.07792346179485321","0.17287294939160347","0.11349105834960938","0.22271765768527985","0.16676701605319977","0.1525927633047104","0.1918460726737976"
"1512","0.0727128442376852","0.06716687977313995","0.07877596467733383","0.07502742856740952","0.0698048546910286","0.08168751746416092","0.0757947787642479","0.06963697820901871","0.08131489157676697","0.1998715829104185","0.1216721460223198","0.2836628556251526","0.17818664014339447","0.1667887270450592","0.1855490803718567"
"1513","0.06791336834430695","0.06142312288284302","0.07220060378313065","0.07080177217721939","0.06362709403038025","0.0733504518866539","0.07102531008422375","0.06387492269277573","0.07453444600105286","0.18131422996520996","0.11795872449874878","0.25495481491088867","0.17275428399443626","0.1551699936389923","0.18678130209445953"
"1514","0.06639445945620537","0.05919446796178818","0.07632660865783691","0.07016486674547195","0.06459739059209824","0.07978673279285431","0.07094991765916348","0.06463048607110977","0.08206462115049362","0.18845557048916817","0.11857730150222778","0.2654874920845032","0.1770462468266487","0.1703871190547943","0.18255499005317688"
"1515","0.07095705717802048","0.0630522221326828","0.07550443708896637","0.07303531281650066","0.06510306894779205","0.07808990776538849","0.07379971072077751","0.06523604691028595","0.07867071777582169","0.18946542032063007","0.12456753104925156","0.25578829646110535","0.17291906476020813","0.163953959941864","0.1879766583442688"
"1516","0.06409685034304857","0.05417386814951897","0.07194525748491287","0.06822829321026802","0.055603258311748505","0.07677529752254486","0.06835541222244501","0.05635232850909233","0.07726655900478363","0.1810110006481409","0.11361001431941986","0.27004334330558777","0.16905944049358368","0.15454593300819397","0.1889743208885193"
"1517","0.06968931294977665","0.05645737051963806","0.08123739063739777","0.0720773171633482","0.05647895485162735","0.08354756236076355","0.07207768969237804","0.05776973068714142","0.08351212739944458","0.1850067414343357","0.12519049644470215","0.25507840514183044","0.16545621678233147","0.1451292634010315","0.1765778362751007"
"1518","0.06842032447457314","0.05752549320459366","0.07500621676445007","0.0721057876944542","0.060457468032836914","0.07939733564853668","0.07220465131103992","0.06269963085651398","0.07935070991516113","0.1855342574417591","0.11274923384189606","0.2727280259132385","0.16670428588986397","0.15189823508262634","0.1780872792005539"
"1519","0.07736500725150108","0.06717128306627274","0.0921039804816246","0.08180777169764042","0.07067044824361801","0.09688228368759155","0.08075755648314953","0.06771397590637207","0.09702997654676437","0.1938345693051815","0.12826958298683167","0.24980032444000244","0.178916085511446","0.16068486869335175","0.21153970062732697"
"1520","0.06860391795635223","0.06438098847866058","0.07721925526857376","0.07150490209460258","0.06938611716032028","0.07580532133579254","0.07195453718304634","0.06864714622497559","0.07760395854711533","0.1843917090445757","0.11417654901742935","0.2618550658226013","0.16837995499372482","0.16152675449848175","0.179610475897789"
"1521","0.06559763289988041","0.057597383856773376","0.07148043811321259","0.06829026248306036","0.057969849556684494","0.07473157346248627","0.06767714954912663","0.05852888524532318","0.07327406853437424","0.17715001292526722","0.09864194691181183","0.2557784616947174","0.1605314463376999","0.14655478298664093","0.17197781801223755"
"1522","0.07436859607696533","0.06487155705690384","0.08414330333471298","0.07878373004496098","0.06995993852615356","0.08776657283306122","0.07853102497756481","0.06974167376756668","0.08854694664478302","0.19945525377988815","0.11273735761642456","0.30041319131851196","0.17820383235812187","0.15965954959392548","0.19365423917770386"
"1523","0.07848840206861496","0.06633159518241882","0.08586904406547546","0.08165174163877964","0.06578977406024933","0.09174895286560059","0.0831095427274704","0.06794504821300507","0.09367841482162476","0.20573752745985985","0.1450127810239792","0.269673615694046","0.19008220359683037","0.16766172647476196","0.2019389122724533"
"1524","0.07096701022237539","0.05569520965218544","0.08650216460227966","0.07451523281633854","0.057931408286094666","0.09062624722719193","0.07586949318647385","0.06000947207212448","0.09195016324520111","0.18930698186159134","0.12295866012573242","0.276546835899353","0.1770254336297512","0.14984376728534698","0.19439350068569183"
"1525","0.066720524802804","0.06302738189697266","0.07281985878944397","0.06950468383729458","0.06645949929952621","0.07610750943422318","0.06982411630451679","0.06707388907670975","0.0763506293296814","0.18470791913568974","0.1177348867058754","0.24954411387443542","0.16851968690752983","0.16107650101184845","0.1742791086435318"
"1526","0.07031395100057125","0.06407522410154343","0.07706175744533539","0.07209262438118458","0.06527489423751831","0.08037031441926956","0.07238604128360748","0.06641701608896255","0.07878661155700684","0.19099530018866062","0.1110469326376915","0.2750365138053894","0.1726330853998661","0.16087011992931366","0.19974544644355774"
"1527","0.077811598777771","0.06398209929466248","0.09496583044528961","0.08244120143353939","0.06742224097251892","0.0994395762681961","0.08217255398631096","0.06748294830322266","0.09919041395187378","0.19557751901447773","0.12437788397073746","0.27051568031311035","0.18149913102388382","0.16164883971214294","0.2043635994195938"
"1528","0.07064449414610863","0.06414259225130081","0.07339988648891449","0.07369698956608772","0.06739737838506699","0.07733669131994247","0.07349923625588417","0.06780372560024261","0.07710690796375275","0.1807669922709465","0.11291737109422684","0.24666747450828552","0.17051563784480095","0.16308802366256714","0.17676547169685364"
"1529","0.07536149770021439","0.07084029167890549","0.08092168718576431","0.07819723151624203","0.07272682338953018","0.0825742557644844","0.07893876731395721","0.07192301750183105","0.08466635644435883","0.1994197592139244","0.12250764667987823","0.2812564969062805","0.18193991482257843","0.1764892190694809","0.18424290418624878"
"1530","0.0781706478446722","0.07083822786808014","0.08644740283489227","0.08046934008598328","0.07247783243656158","0.08865274488925934","0.08181947283446789","0.07304884493350983","0.09340107440948486","0.19631190598011017","0.12077617645263672","0.2710407078266144","0.18102234229445457","0.16284073889255524","0.19879190623760223"
"1531","0.07479945011436939","0.07200248539447784","0.07973772287368774","0.07654189690947533","0.07339844107627869","0.08425165712833405","0.07698567770421505","0.07416278123855591","0.08452507108449936","0.1885585505515337","0.12297182530164719","0.25256630778312683","0.17348471656441689","0.1660177856683731","0.1813601553440094"
"1532","0.06715472228825092","0.057484790682792664","0.07919853180646896","0.06873125955462456","0.06141053885221481","0.07912854105234146","0.07025494799017906","0.06190822273492813","0.07971274852752686","0.18334850296378136","0.10658600181341171","0.2812090814113617","0.15610536932945251","0.14817079901695251","0.16509345173835754"
"1533","0.07242516614496708","0.06593184173107147","0.08267323672771454","0.07430988550186157","0.06596273928880692","0.0841478556394577","0.0748177282512188","0.0664033517241478","0.08530455082654953","0.18917180970311165","0.11311591416597366","0.2739533483982086","0.17246703058481216","0.1611148715019226","0.18307945132255554"
"1534","0.07781641744077206","0.06972885876893997","0.08966440707445145","0.08059127628803253","0.07166439294815063","0.09491705149412155","0.0804262924939394","0.07332491874694824","0.09386660158634186","0.2005983553826809","0.12793414294719696","0.2630021274089813","0.18456273525953293","0.17360082268714905","0.2080785632133484"
"1535","0.07967365719377995","0.07252948731184006","0.09134945273399353","0.08168775960803032","0.07602084428071976","0.09422582387924194","0.08277383260428905","0.07650876045227051","0.09492220729589462","0.2015446126461029","0.12426102161407471","0.3032764792442322","0.1844475232064724","0.1702972948551178","0.2165977954864502"
"1536","0.07006952073425055","0.058725494891405106","0.0763886570930481","0.07196321990340948","0.05944569781422615","0.07856854051351547","0.07121119368821383","0.059325192123651505","0.07637697458267212","0.18648667447268963","0.10432621836662292","0.2627248167991638","0.16782456263899803","0.14645861089229584","0.18253031373023987"
"1537","0.07271751202642918","0.06714405119419098","0.07642672955989838","0.07501858286559582","0.06903128325939178","0.07868390530347824","0.07492643781006336","0.06930546462535858","0.07796131819486618","0.1820005178451538","0.11528441309928894","0.2575477063655853","0.173306405544281","0.16471616923809052","0.18016481399536133"
"1538","0.07069048844277859","0.06498193740844727","0.08031541854143143","0.07391600869596004","0.06719808280467987","0.0830947533249855","0.07426740787923336","0.06736750155687332","0.08396808803081512","0.1792675517499447","0.11707659065723419","0.23444390296936035","0.16724750399589539","0.1531422734260559","0.19411194324493408"
"1539","0.07495761848986149","0.06753097474575043","0.08104585856199265","0.07759898714721203","0.07012112438678741","0.0827358067035675","0.07694551162421703","0.07035161554813385","0.08182810992002487","0.20041746459901333","0.11296819895505905","0.2906821370124817","0.17717506363987923","0.15885913372039795","0.19650626182556152"
"1540","0.06874103005975485","0.058162491768598557","0.07403475791215897","0.07176262326538563","0.06222044676542282","0.07627848535776138","0.071712551638484","0.06352180242538452","0.0766000971198082","0.18353522382676601","0.10729054361581802","0.2533114552497864","0.16919158771634102","0.15763698518276215","0.1796751618385315"
"1541","0.07085284404456615","0.06436171382665634","0.07944102585315704","0.07322873920202255","0.06767217814922333","0.08284559845924377","0.0733579769730568","0.0685291439294815","0.08122866600751877","0.17615226469933987","0.12495585530996323","0.23764747381210327","0.17133267223834991","0.15963804721832275","0.18166214227676392"
"1542","0.06992336735129356","0.05610847473144531","0.07739351689815521","0.0722552202641964","0.05955438315868378","0.07819952070713043","0.07198915164917707","0.05912182852625847","0.07844041287899017","0.1850638333708048","0.10329031944274902","0.26299920678138733","0.16821030527353287","0.1522054523229599","0.17675267159938812"
"1543","0.07237650640308857","0.06750719249248505","0.07625686377286911","0.07543211244046688","0.07005142420530319","0.08059892058372498","0.07456591539084911","0.0691971629858017","0.08071765303611755","0.18893121182918549","0.12214502692222595","0.25129783153533936","0.1754564605653286","0.16945385932922363","0.183002308011055"
"1544","0.06961272656917572","0.061580874025821686","0.07901675254106522","0.0710481321439147","0.06106141582131386","0.08262073248624802","0.07125969044864178","0.059849195182323456","0.0828196257352829","0.1918183509260416","0.11605425924062729","0.28950971364974976","0.17727873846888542","0.15429069101810455","0.2137947976589203"
"1545","0.08028898201882839","0.07251113653182983","0.09340143948793411","0.08324810117483139","0.07514128088951111","0.09741012752056122","0.08422531187534332","0.07559364289045334","0.09913258254528046","0.20312242209911346","0.12360021471977234","0.29038119316101074","0.18663787469267845","0.16878525912761688","0.2142380028963089"
"1546","0.07659892551600933","0.06808102130889893","0.08522571623325348","0.07935884408652782","0.07254151999950409","0.08481398969888687","0.08005169965326786","0.0722518116235733","0.08627457916736603","0.19558415934443474","0.1203651875257492","0.28205162286758423","0.17664067819714546","0.16817831993103027","0.19574058055877686"
"1547","0.07571584172546864","0.06994135677814484","0.08011999726295471","0.07797996886074543","0.07312116771936417","0.08148960769176483","0.07774350047111511","0.07306502759456635","0.08323120325803757","0.19228892773389816","0.11894111335277557","0.27389904856681824","0.17601558193564415","0.1723189353942871","0.18314069509506226"
"1548","0.07176635321229696","0.06154004856944084","0.07845620065927505","0.07422708533704281","0.06446171551942825","0.07957690954208374","0.07484040409326553","0.06601069867610931","0.08097857236862183","0.18883902579545975","0.10963767766952515","0.2650599181652069","0.1710607334971428","0.15786263346672058","0.17833161354064941"
"1549","0.0702134519815445","0.06345576792955399","0.08190353214740753","0.07216935604810715","0.06458540260791779","0.08260853588581085","0.07252492383122444","0.0652640238404274","0.08210088312625885","0.18860107101500034","0.10609614849090576","0.29542359709739685","0.16378504782915115","0.15337204933166504","0.18037033081054688"
"1550","0.07000593934208155","0.06061728671193123","0.08008334040641785","0.0729144811630249","0.06293913722038269","0.08361636847257614","0.07357536628842354","0.0633377879858017","0.08332964777946472","0.1877865195274353","0.1099349856376648","0.2779802978038788","0.1770375594496727","0.15853402018547058","0.1949424296617508"
"1551","0.08094656653702259","0.0730903372168541","0.09025776386260986","0.0831463523209095","0.0723920613527298","0.09348450601100922","0.08398878946900368","0.07558508962392807","0.09385839849710464","0.2025652602314949","0.13508892059326172","0.2681199908256531","0.1853640004992485","0.16722509264945984","0.20559720695018768"
"1552","0.06878122128546238","0.06344223022460938","0.07364359498023987","0.07222623005509377","0.06619130074977875","0.0781322717666626","0.07257253862917423","0.0678144171833992","0.07831211388111115","0.18731612525880337","0.11419745534658432","0.2707090377807617","0.17454149574041367","0.16637250781059265","0.18313534557819366"
"1554","0.0682648066431284","0.061004869639873505","0.07838164269924164","0.07083338871598244","0.06404562294483185","0.08076705783605576","0.0708691868931055","0.06328120827674866","0.08081143349409103","0.1789707951247692","0.10967575013637543","0.2510563135147095","0.16065459325909615","0.15355625748634338","0.17293071746826172"
"1555","0.06723712105304003","0.06246652826666832","0.07082179933786392","0.07029248028993607","0.06616652011871338","0.07235988974571228","0.07057062722742558","0.06547481566667557","0.07317107170820236","0.1848402339965105","0.11160013824701309","0.26340192556381226","0.16860933601856232","0.16417641937732697","0.17343021929264069"
"1556","0.07087299600243568","0.06650657951831818","0.07830973714590073","0.07491783984005451","0.0679856538772583","0.08272215723991394","0.07435192912817001","0.06694954633712769","0.08221280574798584","0.19254155457019806","0.1330970674753189","0.2548524737358093","0.18822388350963593","0.17695732414722443","0.19913478195667267"
"1557","0.07458396628499031","0.05589084327220917","0.09103955328464508","0.0762919308617711","0.05975474789738655","0.0910685807466507","0.07639146316796541","0.05984317138791084","0.09072849154472351","0.19900042191147804","0.09778021275997162","0.305431067943573","0.17616014555096626","0.1477953940629959","0.20103266835212708"
"1558","0.07485866360366344","0.07162100821733475","0.08067497611045837","0.07603936083614826","0.07307621836662292","0.0833277776837349","0.07584312930703163","0.07364858686923981","0.08152876794338226","0.19204295426607132","0.11798998713493347","0.2655428647994995","0.170766182243824","0.16383032500743866","0.18207211792469025"
"1559","0.06799454428255558","0.05836833268404007","0.07606610655784607","0.0704381912946701","0.06113678216934204","0.07772356271743774","0.07072903588414192","0.06076502799987793","0.07866951823234558","0.1747387796640396","0.10332122445106506","0.24136275053024292","0.16300595179200172","0.1502433568239212","0.17397505044937134"
"1560","0.07350772246718407","0.06606507301330566","0.08057890832424164","0.07592117786407471","0.07041215151548386","0.0836162343621254","0.07617427036166191","0.07071300595998764","0.0826948881149292","0.19252996146678925","0.11724341660737991","0.2717272639274597","0.17441262304782867","0.16574281454086304","0.18334433436393738"
"1561","0.06951373443007469","0.06136454641819","0.07921850681304932","0.07140432856976986","0.06214836984872818","0.08136250823736191","0.07153449207544327","0.06301317363977432","0.08228161185979843","0.17993281409144402","0.10572879016399384","0.24299098551273346","0.16565097495913506","0.15422213077545166","0.18501520156860352"
"1562","0.0703093409538269","0.06593256443738937","0.07637110352516174","0.07335084304213524","0.06903089582920074","0.07969461381435394","0.07373515516519547","0.06851808726787567","0.08107789605855942","0.18128588795661926","0.11588940024375916","0.24904659390449524","0.16435939818620682","0.16007980704307556","0.17107263207435608"
"1563","0.08049163594841957","0.0728330910205841","0.08530731499195099","0.08259101957082748","0.07615742087364197","0.08764240145683289","0.08235322311520576","0.07622142136096954","0.087506502866745","0.20566333830356598","0.12515656650066376","0.2866046726703644","0.18774943426251411","0.18182618916034698","0.19323326647281647"
"1564","0.07900336384773254","0.06935957074165344","0.09106488525867462","0.08068633824586868","0.07325923442840576","0.09183695167303085","0.08075828291475773","0.07207067310810089","0.09246040880680084","0.20289249159395695","0.11996901035308838","0.28900885581970215","0.18502125889062881","0.17437463998794556","0.20382824540138245"
"1565","0.07255264557898045","0.06692076474428177","0.07908786833286285","0.07526436075568199","0.0683031678199768","0.08274206519126892","0.07529409416019917","0.06860444694757462","0.08168788254261017","0.1873779296875","0.11142927408218384","0.2775406241416931","0.16575853154063225","0.1565702259540558","0.17898261547088623"
"1566","0.07435711473226547","0.06585875153541565","0.08147452026605606","0.07695750519633293","0.07030784338712692","0.08559787273406982","0.07787400670349598","0.06977108120918274","0.08643320202827454","0.1990574225783348","0.11932539939880371","0.2722323536872864","0.18487073853611946","0.17514540255069733","0.1949167400598526"
"1567","0.07140231318771839","0.06005045771598816","0.08585930615663528","0.07238703314214945","0.058313723653554916","0.08748461306095123","0.0731910951435566","0.05981723219156265","0.08796671777963638","0.1847448032349348","0.12168485671281815","0.25668442249298096","0.1690119057893753","0.14806139469146729","0.18557427823543549"
"1568","0.0758002009242773","0.07012936472892761","0.08200513571500778","0.07831135205924511","0.07245604693889618","0.08373668044805527","0.07781632989645004","0.07245296239852905","0.08316333591938019","0.19126305729150772","0.11665326356887817","0.26363199949264526","0.17194866761565208","0.1623247265815735","0.1819632351398468"
"1569","0.07038840651512146","0.06202062964439392","0.07919907569885254","0.0728552620857954","0.06533187627792358","0.07994891703128815","0.07159806415438652","0.06425381451845169","0.07979729026556015","0.17907382734119892","0.11508522182703018","0.2336893379688263","0.17283569276332855","0.16021284461021423","0.19300603866577148"
"1570","0.07106401398777962","0.059854038059711456","0.08309933543205261","0.0736448336392641","0.06401975452899933","0.0899822935461998","0.07341906242072582","0.06321490556001663","0.08914656192064285","0.18435094319283962","0.10568059235811234","0.27621638774871826","0.16804007813334465","0.1532195657491684","0.19080708920955658"
"1571","0.07756683230400085","0.0683601051568985","0.08294248580932617","0.0790010318160057","0.07213328033685684","0.08445042371749878","0.07982173003256321","0.07364369928836823","0.08617594093084335","0.18877264484763145","0.11300888657569885","0.2701376974582672","0.17526046931743622","0.1619715690612793","0.18230679631233215"
"1572","0.07532773353159428","0.059567950665950775","0.09535601735115051","0.07743642386049032","0.06150531396269798","0.09505663812160492","0.07731422781944275","0.06294851005077362","0.09331707656383514","0.20242398418486118","0.10953573137521744","0.3209145665168762","0.19133150205016136","0.16444148123264313","0.2552967071533203"
"1573","0.07185163348913193","0.06446079164743423","0.07956637442111969","0.07400651834905148","0.06688891351222992","0.08163739740848541","0.07424917444586754","0.06746656447649002","0.08182656764984131","0.1864805705845356","0.11128224432468414","0.25441375374794006","0.17199334502220154","0.15924981236457825","0.1881113201379776"
"1574","0.08601237088441849","0.07558517158031464","0.10523084551095963","0.08974374644458294","0.07727228105068207","0.11112399399280548","0.08908459730446339","0.07744742929935455","0.11010301858186722","0.21300623938441277","0.1255560964345932","0.3425726294517517","0.19403337687253952","0.17302225530147552","0.22935402393341064"
"1575","0.07391563430428505","0.06498133391141891","0.08595894277095795","0.0771577786654234","0.06721922755241394","0.0909455344080925","0.07722417637705803","0.06716437637805939","0.09170907735824585","0.19443790800869465","0.11576630920171738","0.30225902795791626","0.1785266101360321","0.1548486351966858","0.2052152156829834"
"1576","0.0747102526947856","0.05942397937178612","0.08727902173995972","0.07772697880864143","0.06211633235216141","0.08858878910541534","0.07750106882303953","0.061645444482564926","0.0888700932264328","0.18478767201304436","0.13248953223228455","0.24825888872146606","0.17367145791649818","0.1472824513912201","0.18826818466186523"
"1577","0.06965366005897522","0.06683933734893799","0.07504560798406601","0.07216961495578289","0.06842361390590668","0.0783446729183197","0.07299529202282429","0.06860218942165375","0.07843221724033356","0.18362664058804512","0.12439560890197754","0.24756552278995514","0.17196602374315262","0.16787491738796234","0.17486968636512756"
"1578","0.07177661638706923","0.06122293695807457","0.08828017115592957","0.07374966330826283","0.06390257179737091","0.09330977499485016","0.07368793524801731","0.06371665000915527","0.09396384656429291","0.18242237344384193","0.11786089837551117","0.23316259682178497","0.17963509261608124","0.16894829273223877","0.2049303650856018"
"1579","0.07081281952559948","0.0664927065372467","0.07614254206418991","0.07389644719660282","0.07104423642158508","0.07626785337924957","0.07350854016840458","0.0707441046833992","0.07728542387485504","0.19205698743462563","0.11529119312763214","0.279620885848999","0.16785457357764244","0.15598557889461517","0.17760083079338074"
"1580","0.06691179983317852","0.06381481140851974","0.0712454691529274","0.06815088540315628","0.06320690363645554","0.07245093584060669","0.06808414123952389","0.06538425385951996","0.07415807992219925","0.1807803027331829","0.10720467567443848","0.25426217913627625","0.16614913195371628","0.15719488263130188","0.17458510398864746"
"1581","0.07686702907085419","0.07180246710777283","0.0832778662443161","0.08029353246092796","0.07611528784036636","0.0852881446480751","0.08048710599541664","0.07638255506753922","0.08418101072311401","0.1992838755249977","0.11910060048103333","0.281310498714447","0.17853958532214165","0.1678997278213501","0.19297847151756287"
"1582","0.06862680427730083","0.06362888216972351","0.07360830903053284","0.07156785018742085","0.06550738960504532","0.07450195401906967","0.07140916213393211","0.06640776991844177","0.07374259829521179","0.17348299734294415","0.11115139722824097","0.2350793480873108","0.16648812219500542","0.1597093939781189","0.1708877831697464"
"1583","0.07544863596558571","0.07082608342170715","0.07855546474456787","0.07848827727138996","0.07428444176912308","0.0807366669178009","0.07744568586349487","0.07186008244752884","0.08140543848276138","0.1935117021203041","0.1287454068660736","0.2668570280075073","0.17381713539361954","0.1647874265909195","0.18435421586036682"
"1584","0.07825408689677715","0.07221309095621109","0.08698169887065887","0.08056406676769257","0.074103444814682","0.0896122083067894","0.08025633357465267","0.07384011149406433","0.0888446718454361","0.2022186927497387","0.11805488169193268","0.29048070311546326","0.1855742409825325","0.16954295337200165","0.2005000114440918"
"1585","0.07266797684133053","0.06537337601184845","0.08419422805309296","0.0758795402944088","0.06859400868415833","0.08885174244642258","0.0748320147395134","0.0678853839635849","0.08636213839054108","0.1942684706300497","0.11117120832204819","0.2682673931121826","0.16705892607569695","0.15925411880016327","0.17823246121406555"
"1586","0.0700763612985611","0.06152062118053436","0.07451611757278442","0.0731600783765316","0.06484994292259216","0.07832523435354233","0.072917265817523","0.0630701556801796","0.07958126068115234","0.18285405822098255","0.10697630047798157","0.26595062017440796","0.16903036832809448","0.15285509824752808","0.17996877431869507"
"1587","0.0712201464921236","0.06425848603248596","0.08096466958522797","0.07448619417846203","0.06730429828166962","0.0852116048336029","0.07480352371931076","0.06770534068346024","0.08503866195678711","0.19040780514478683","0.11842720210552216","0.25538501143455505","0.17974478751420975","0.1736181527376175","0.18632246553897858"
"1588","0.07113160751760006","0.06938852369785309","0.07366461306810379","0.0742733683437109","0.07047071307897568","0.07951046526432037","0.07501634210348129","0.07178352028131485","0.07905058562755585","0.19042600318789482","0.11830531060695648","0.2631114721298218","0.169316366314888","0.16628435254096985","0.17275521159172058"
"1589","0.06896981038153172","0.0622594952583313","0.07554733008146286","0.07032695226371288","0.06538709998130798","0.0741913914680481","0.06998328305780888","0.06415922194719315","0.07455022633075714","0.1780050564557314","0.12230589240789413","0.23471829295158386","0.1771504282951355","0.16564995050430298","0.19177624583244324"
"1590","0.06943454965949059","0.061755210161209106","0.08261901885271072","0.07196195423603058","0.06515326350927353","0.08427510410547256","0.07221292331814766","0.06458409130573273","0.08483652770519257","0.18398377671837807","0.11489874124526978","0.24146555364131927","0.17661632969975471","0.16533827781677246","0.20056061446666718"
"1591","0.0718167070299387","0.05920282006263733","0.0848272517323494","0.07377631403505802","0.059365369379520416","0.08861805498600006","0.07320373691618443","0.05979089438915253","0.08624348044395447","0.19168570637702942","0.1169874519109726","0.29366230964660645","0.17525342851877213","0.15900450944900513","0.20400039851665497"
"1592","0.07033582963049412","0.061682939529418945","0.08130423724651337","0.07333272695541382","0.06480052322149277","0.08336998522281647","0.07366035133600235","0.0646224170923233","0.08290970325469971","0.19276025891304016","0.1125391274690628","0.2784178853034973","0.18339458107948303","0.1745540052652359","0.19057032465934753"
"1593","0.07404523342847824","0.06726232171058655","0.07882930338382721","0.07778405025601387","0.07128150761127472","0.08151277899742126","0.07731245830655098","0.07001011818647385","0.08271659910678864","0.18503625318408012","0.12864401936531067","0.2461320161819458","0.1807858943939209","0.1659718006849289","0.18681950867176056"
"1594","0.0674013514071703","0.06435137242078781","0.06989127397537231","0.06918360851705074","0.06344616413116455","0.07329509407281876","0.06979849934577942","0.0640883818268776","0.07386836409568787","0.1841843333095312","0.11491770297288895","0.25814422965049744","0.16976331174373627","0.16504931449890137","0.17425087094306946"
"1595","0.07667804695665836","0.07072869688272476","0.08192594349384308","0.08074332028627396","0.07701978832483292","0.08571859449148178","0.07971593178808689","0.07493500411510468","0.08442389965057373","0.20758288726210594","0.12581883370876312","0.2948034405708313","0.18104403838515282","0.17744234204292297","0.18749019503593445"
"1596","0.06807382218539715","0.060586050152778625","0.07531332224607468","0.07046870701014996","0.06309551745653152","0.07909826934337616","0.06999219208955765","0.06356054544448853","0.0771070271730423","0.18778082355856895","0.10732416063547134","0.2697599530220032","0.16477257013320923","0.15427611768245697","0.17787595093250275"
"1597","0.07541884295642376","0.06568092107772827","0.08888047188520432","0.07657087408006191","0.06818792968988419","0.08715023845434189","0.07668246701359749","0.06650751829147339","0.08774066716432571","0.18872899562120438","0.12125671654939651","0.28682953119277954","0.18367250263690948","0.16129398345947266","0.2187778800725937"
"1598","0.07416390627622604","0.0649016872048378","0.08720937371253967","0.0771624818444252","0.06785589456558228","0.09131720662117004","0.07646596245467663","0.067855104804039","0.08789584040641785","0.19144523330032825","0.11427778750658035","0.26126694679260254","0.1739196665585041","0.1575811803340912","0.20504513382911682"
"1599","0.07483234070241451","0.05813726782798767","0.08591289073228836","0.07831453345716","0.061880484223365784","0.08974288403987885","0.07824570685625076","0.060177095234394073","0.08915575593709946","0.1908293403685093","0.127541184425354","0.2826671600341797","0.17307127639651299","0.14975371956825256","0.1860148310661316"
"1600","0.07411040738224983","0.06453889608383179","0.08450658619403839","0.0762630719691515","0.06518569588661194","0.08601871877908707","0.07528579235076904","0.06408650428056717","0.08629404753446579","0.18555128946900368","0.11297450959682465","0.2517499327659607","0.1758365035057068","0.15977096557617188","0.19580787420272827"
"1601","0.07425096072256565","0.0675082802772522","0.08127707242965698","0.07613877952098846","0.06832698732614517","0.0834626778960228","0.07575112022459507","0.06744657456874847","0.0839361846446991","0.18580151721835136","0.11337815225124359","0.2526341676712036","0.1746366061270237","0.15825635194778442","0.20269790291786194"
"1602","0.07440527901053429","0.07089821994304657","0.07874160259962082","0.07713817059993744","0.07207918167114258","0.08179517835378647","0.07723057270050049","0.07060430198907852","0.08370386809110641","0.18882019445300102","0.12553448975086212","0.2559630572795868","0.17892228439450264","0.1680096536874771","0.19138836860656738"
"1603","0.06856133788824081","0.06505554169416428","0.07392250001430511","0.06993748620152473","0.0674305334687233","0.07389963418245316","0.07089086063206196","0.06826452910900116","0.07479988783597946","0.18094271793961525","0.111853688955307","0.26531097292900085","0.16150877624750137","0.15683168172836304","0.16677653789520264"
"1604","0.06964256055653095","0.06243303418159485","0.07363098114728928","0.07264242507517338","0.06723958253860474","0.07739487290382385","0.07108635641634464","0.06381040811538696","0.07441740483045578","0.18339907191693783","0.11211781948804855","0.2716980576515198","0.1606149710714817","0.14753594994544983","0.1778530478477478"
"1605","0.07130973227322102","0.06072442978620529","0.08064411580562592","0.07377844955772161","0.062488656491041183","0.08672355115413666","0.07361169531941414","0.06318331509828568","0.08306321501731873","0.18050591833889484","0.1030006930232048","0.2773139774799347","0.17026004195213318","0.15228235721588135","0.19879034161567688"
"1606","0.07568042911589146","0.06678919494152069","0.0821690633893013","0.0775774996727705","0.06901496648788452","0.08232621848583221","0.07822954282164574","0.06916207820177078","0.0837780311703682","0.19383735209703445","0.11946927011013031","0.27564042806625366","0.1734045222401619","0.15929105877876282","0.18461373448371887"
"1607","0.06885998323559761","0.06345503032207489","0.07378478348255157","0.07231463491916656","0.06767953932285309","0.07767513394355774","0.07218694314360619","0.06728959083557129","0.07764698565006256","0.18848580308258533","0.11248274892568588","0.26397305727005005","0.17578719556331635","0.16743873059749603","0.18634237349033356"
"1608","0.07000827975571156","0.05766431987285614","0.0767204537987709","0.07169731333851814","0.0615500807762146","0.0782458633184433","0.07188526354730129","0.06094946712255478","0.07906817644834518","0.17150203324854374","0.12046276777982712","0.24518544971942902","0.16003574058413506","0.1423363983631134","0.17229965329170227"
"1609","0.07168642990291119","0.06155092269182205","0.07819348573684692","0.07421313598752022","0.061970628798007965","0.08368493616580963","0.07421811856329441","0.06397289782762527","0.082503542304039","0.182332593947649","0.12378416955471039","0.2542017698287964","0.17002103477716446","0.1557082086801529","0.1800086349248886"
"1610","0.07648133300244808","0.06750237196683884","0.08406757563352585","0.07955740951001644","0.0680682584643364","0.08777343481779099","0.07943624258041382","0.06749310344457626","0.08851950615644455","0.1963818036019802","0.1360260546207428","0.25535956025123596","0.18830131366848946","0.17276044189929962","0.20515289902687073"
"1611","0.08154014125466347","0.07060065120458603","0.08682331442832947","0.08279680833220482","0.07230792939662933","0.09152260422706604","0.08419917710125446","0.0732080340385437","0.0919732078909874","0.20611035637557507","0.11511848121881485","0.2945713996887207","0.1781938336789608","0.15892937779426575","0.18555502593517303"
"1612","0.07433551456779242","0.059261251240968704","0.08791082352399826","0.07724935188889503","0.06259956955909729","0.09186394512653351","0.07722931914031506","0.06372556835412979","0.09270358085632324","0.18943868950009346","0.11038738489151001","0.2829410135746002","0.18393348902463913","0.1633962243795395","0.20509681105613708"
"1613","0.06758972071111202","0.06181702762842178","0.07638507336378098","0.07053443789482117","0.06521181762218475","0.07904158532619476","0.07126730307936668","0.06436020135879517","0.08077558875083923","0.1772939320653677","0.11536853760480881","0.23985138535499573","0.16506721079349518","0.1486523151397705","0.18552836775779724"
"1614","0.07414212264120579","0.06679210811853409","0.08459384739398956","0.07588202878832817","0.06797034293413162","0.08885912597179413","0.07539832778275013","0.06640048325061798","0.08842106908559799","0.18721923232078552","0.11472629010677338","0.2698218822479248","0.17408430203795433","0.1641751527786255","0.19590607285499573"
"1615","0.07559461705386639","0.07119330763816833","0.08272137492895126","0.07626374438405037","0.06989570707082748","0.08404237031936646","0.07634400762617588","0.07231518626213074","0.08287511765956879","0.19409187696874142","0.12302985042333603","0.27374380826950073","0.1747814193367958","0.1717459112405777","0.17910493910312653"
"1616","0.07599480263888836","0.06728945672512054","0.0824894979596138","0.07899916358292103","0.07052629441022873","0.08594661206007004","0.07844684459269047","0.06796308606863022","0.08687339723110199","0.18485045805573463","0.1325831115245819","0.23734384775161743","0.1787673942744732","0.1637861430644989","0.1936408430337906"
"1617","0.06934772431850433","0.06659223884344101","0.07368399947881699","0.07011948712170124","0.0656585842370987","0.0723155066370964","0.07178555056452751","0.06747404485940933","0.07585972547531128","0.18396145664155483","0.11182501167058945","0.256233811378479","0.16605589911341667","0.16143396496772766","0.17117449641227722"
"1618","0.0767133105546236","0.06904615461826324","0.08873053640127182","0.07839803770184517","0.07143305242061615","0.09034162014722824","0.07887234911322594","0.07123610377311707","0.09427301585674286","0.19462904706597328","0.11056561768054962","0.27804920077323914","0.17301469668745995","0.154643714427948","0.18959395587444305"
"1619","0.07310069724917412","0.061938345432281494","0.07769457995891571","0.07564262859523296","0.06697726249694824","0.08217711746692657","0.07650528848171234","0.06735200434923172","0.08222157508134842","0.18697297014296055","0.12305239588022232","0.2710723280906677","0.1753670573234558","0.15875688195228577","0.1885773241519928"
"1620","0.07093740999698639","0.06452101469039917","0.0803237184882164","0.07526331767439842","0.06953655928373337","0.08278603106737137","0.07400373928248882","0.06773271411657333","0.08267323672771454","0.17571646720170975","0.11871121823787689","0.23249121010303497","0.17296134680509567","0.16277466714382172","0.1920824944972992"
"1621","0.07765697315335274","0.06461481004953384","0.09303070604801178","0.07907172292470932","0.0635797381401062","0.0959080383181572","0.08020066656172276","0.06475478410720825","0.09713482856750488","0.18871592730283737","0.12397947907447815","0.2505621016025543","0.17469947412610054","0.15361888706684113","0.2046973556280136"
"1622","0.07311965897679329","0.06654638051986694","0.08111292123794556","0.0766607467085123","0.06713772565126419","0.08411534130573273","0.07750966586172581","0.06990812718868256","0.0843668282032013","0.18918430618941784","0.11816783994436264","0.2721017003059387","0.17556073144078255","0.16668763756752014","0.18451055884361267"
"1623","0.07846187613904476","0.07173221558332443","0.08964148908853531","0.08012920990586281","0.07263974845409393","0.09240327030420303","0.08106444217264652","0.07421562820672989","0.091895192861557","0.20214558765292168","0.121652752161026","0.2805419862270355","0.18027198314666748","0.17314623296260834","0.19149035215377808"
"1624","0.07308285497128963","0.0599631667137146","0.0826767310500145","0.0763093251734972","0.0617867186665535","0.08371224254369736","0.07593091484159231","0.060820307582616806","0.08532245457172394","0.19284443370997906","0.10166241973638535","0.2802819013595581","0.16957101970911026","0.1517060250043869","0.1811012476682663"
"1625","0.07543227262794971","0.07421296089887619","0.07621386647224426","0.07605262659490108","0.07432758063077927","0.07810615003108978","0.07546555995941162","0.07295277714729309","0.07670442014932632","0.18864925019443035","0.12423578649759293","0.2664872407913208","0.17260415479540825","0.1713113784790039","0.1746501922607422"
"1626","0.0722136776894331","0.06155849248170853","0.08021865785121918","0.07432021014392376","0.06334060430526733","0.08430685847997665","0.07354046031832695","0.06311236321926117","0.08384841680526733","0.1855722814798355","0.11047571897506714","0.2735123038291931","0.17400948330760002","0.1578274965286255","0.19617494940757751"
"1627","0.07989558763802052","0.07437027990818024","0.08632184565067291","0.08196664042770863","0.0789591372013092","0.08685941994190216","0.08171686343848705","0.07818083465099335","0.08752112090587616","0.20405007898807526","0.12767232954502106","0.28360244631767273","0.18088265508413315","0.17688298225402832","0.18979330360889435"
"1628","0.0632810303941369","0.058052852749824524","0.0714837834239006","0.06422668509185314","0.05915587395429611","0.07013101875782013","0.06470542587339878","0.05867752060294151","0.07317784428596497","0.16591795720160007","0.10157165676355362","0.243882417678833","0.1545877903699875","0.14374159276485443","0.1633152961730957"
"1629","0.07519202679395676","0.06939990818500519","0.08332531899213791","0.07775699906051159","0.0714828222990036","0.08633830398321152","0.07711441069841385","0.07121357321739197","0.08603872358798981","0.18321796879172325","0.12787270545959473","0.24874258041381836","0.1763179861009121","0.16381245851516724","0.19091227650642395"
"1630","0.0690243598073721","0.06295564770698547","0.07614405453205109","0.07240170054137707","0.06689441204071045","0.08147522807121277","0.0723486915230751","0.06673876941204071","0.08186748623847961","0.17579318583011627","0.10953158140182495","0.25067657232284546","0.15862274914979935","0.14617210626602173","0.17086249589920044"
"1631","0.07292793318629265","0.06549009680747986","0.08191405236721039","0.07415462657809258","0.06915433704853058","0.08446615189313889","0.07401781901717186","0.06787209957838058","0.08268814533948898","0.17896507494151592","0.10818928480148315","0.2515951693058014","0.1637978032231331","0.15492376685142517","0.1816854029893875"
"1632","0.07805128395557404","0.06619308888912201","0.08603161573410034","0.07948476634919643","0.06943102180957794","0.08742782473564148","0.07990181818604469","0.06874089688062668","0.08732263743877411","0.1922213900834322","0.11297722905874252","0.2647741734981537","0.17326397448778152","0.16334566473960876","0.18203383684158325"
"1633","0.07582218945026398","0.0715685784816742","0.07948470115661621","0.07769940234720707","0.07597754895687103","0.0818401575088501","0.07778478227555752","0.07590793073177338","0.08102072030305862","0.18501174077391624","0.1184912621974945","0.2514645457267761","0.16688985750079155","0.1607341468334198","0.17948834598064423"
"1634","0.07172921486198902","0.06091304123401642","0.0787026584148407","0.07350695878267288","0.05981745570898056","0.08184552192687988","0.07579266838729382","0.06319617480039597","0.0837208479642868","0.19532198831439018","0.10418616235256195","0.2879929542541504","0.1773192472755909","0.15532289445400238","0.19376835227012634"
"1635","0.07504520565271378","0.05947904288768768","0.08689364790916443","0.07645661476999521","0.06190114840865135","0.08975262939929962","0.07597897946834564","0.06154765188694","0.08749064058065414","0.18631309643387794","0.11596405506134033","0.2814067602157593","0.17354711145162582","0.1527862697839737","0.2001236081123352"
"1636","0.07337100058794022","0.058851175010204315","0.08413804322481155","0.07534622959792614","0.060301221907138824","0.08762755244970322","0.07613094616681337","0.06033385917544365","0.08710552006959915","0.1855042427778244","0.11559157073497772","0.2712046504020691","0.17085643112659454","0.15055617690086365","0.19167427718639374"
"1637","0.06886523962020874","0.06219811737537384","0.07164309918880463","0.07044518552720547","0.06443192064762115","0.07291803508996964","0.07018917612731457","0.06393452733755112","0.07278525829315186","0.17742936313152313","0.11967889964580536","0.239683598279953","0.16386457160115242","0.1579608917236328","0.16944336891174316"
"1638","0.0802617035806179","0.07228834927082062","0.09363449364900589","0.084105733782053","0.07825334370136261","0.0976637676358223","0.08430454134941101","0.07719673216342926","0.0975283831357956","0.19977503642439842","0.12268032133579254","0.2640298902988434","0.18491075932979584","0.169621080160141","0.2095545530319214"
"1639","0.08003977313637733","0.06892866641283035","0.08994236588478088","0.08178962767124176","0.07035041600465775","0.09232550859451294","0.08185135945677757","0.0725412517786026","0.09242995083332062","0.19164392724633217","0.12209722399711609","0.26606041193008423","0.17828955873847008","0.16435189545154572","0.19364115595817566"
"1640","0.08199148625135422","0.07110311090946198","0.0934370905160904","0.08396796695888042","0.07219500839710236","0.09613753855228424","0.08541489578783512","0.07700566947460175","0.09613021463155746","0.19493890553712845","0.11688244342803955","0.28554677963256836","0.1744992770254612","0.15996146202087402","0.18761785328388214"
"1641","0.08190050534904003","0.07697272300720215","0.08898993581533432","0.08570869266986847","0.07749766111373901","0.09363943338394165","0.08583997003734112","0.07635978609323502","0.09470917284488678","0.20762306824326515","0.12910331785678864","0.29159995913505554","0.19107099249958992","0.1798017919063568","0.20388033986091614"
"1642","0.06986850593239069","0.06014076992869377","0.08156123757362366","0.07234308682382107","0.062556192278862","0.08510053902864456","0.0741477683186531","0.0661938488483429","0.08522003889083862","0.1796194314956665","0.10833968222141266","0.26116132736206055","0.173874631524086","0.15911930799484253","0.1990826278924942"
"1643","0.07070527039468288","0.06403760612010956","0.08078160881996155","0.07293936051428318","0.06712407618761063","0.08236919343471527","0.07321487367153168","0.06708173453807831","0.08213120698928833","0.17934274673461914","0.11616645753383636","0.24660024046897888","0.17008380591869354","0.1609133929014206","0.1862335503101349"
"1644","0.07324358262121677","0.06609934568405151","0.08036021143198013","0.0750968437641859","0.06717170029878616","0.08230134099721909","0.07558323442935944","0.06980463117361069","0.08277221024036407","0.18535667099058628","0.1110001876950264","0.2612365782260895","0.1729731410741806","0.16191107034683228","0.18661430478096008"
"1645","0.07388628087937832","0.06735764443874359","0.07673925906419754","0.0762450210750103","0.06836707890033722","0.0819091647863388","0.0756397694349289","0.06905891001224518","0.0794125646352768","0.18530095368623734","0.11484581977128983","0.2618550956249237","0.16448203101754189","0.16041171550750732","0.16966044902801514"
"1646","0.07090617530047894","0.06482593715190887","0.08474670350551605","0.07204762659966946","0.06525501608848572","0.08372892439365387","0.07163391448557377","0.06492362916469574","0.08478480577468872","0.1862988844513893","0.11197403073310852","0.2910550832748413","0.16506316512823105","0.1467602550983429","0.1994284987449646"
"1647","0.07419656217098236","0.0718105360865593","0.07604427635669708","0.07713540829718113","0.07372213900089264","0.0793895572423935","0.07667619735002518","0.07395301759243011","0.08088460564613342","0.18561058305203915","0.12162365019321442","0.26981353759765625","0.16949240863323212","0.1607084572315216","0.17425361275672913"
"1648","0.08083276823163033","0.06968392431735992","0.09446709603071213","0.08258666098117828","0.07351422309875488","0.09444455802440643","0.08208254165947437","0.0722866952419281","0.09460484981536865","0.19293731078505516","0.1286596953868866","0.2543417811393738","0.1744699664413929","0.1598796546459198","0.19042086601257324"
"1649","0.07831873744726181","0.07272692024707794","0.0840950608253479","0.07906204834580421","0.07299734652042389","0.08720342814922333","0.07963754795491695","0.0733361691236496","0.08661320805549622","0.1903167963027954","0.1163942813873291","0.25926482677459717","0.17627351358532906","0.1682296097278595","0.1861726939678192"
"1650","0.06414487864822149","0.05242565646767616","0.07501603662967682","0.06705728080123663","0.053552497178316116","0.07707581669092178","0.06533149816095829","0.05226873606443405","0.0760364830493927","0.16913382336497307","0.11228106170892715","0.24838803708553314","0.15936174616217613","0.13736647367477417","0.17423295974731445"
"1651","0.07381434366106987","0.05208541452884674","0.08890938013792038","0.07471967115998268","0.05046921223402023","0.09227637201547623","0.0760930497199297","0.05251698195934296","0.09331987798213959","0.1830570437014103","0.12559635937213898","0.26426172256469727","0.16776196658611298","0.13814111053943634","0.19190330803394318"
"1652","0.07332439534366131","0.05926979333162308","0.08379560708999634","0.0748754721134901","0.060596875846385956","0.08672235906124115","0.07505834195762873","0.06124868616461754","0.08628636598587036","0.1795252561569214","0.10354346036911011","0.25646764039993286","0.16522225365042686","0.14765577018260956","0.17981381714344025"
"1653","0.07667973916977644","0.06073823943734169","0.08445563167333603","0.0789780244231224","0.0617937371134758","0.08617056906223297","0.07910097762942314","0.06318781524896622","0.08620491623878479","0.1898920014500618","0.13555078208446503","0.2739257216453552","0.1891268640756607","0.16091439127922058","0.203731507062912"
"1654","0.07664730027318001","0.0644189715385437","0.08948266506195068","0.07883046567440033","0.06437177211046219","0.09296244382858276","0.07860787212848663","0.06466955691576004","0.09030932188034058","0.19231454655528069","0.12497462332248688","0.2903136909008026","0.17688127979636192","0.14997868239879608","0.19887346029281616"
"1655","0.06914923992007971","0.06061406061053276","0.07519107311964035","0.0720381960272789","0.06468138843774796","0.07740513980388641","0.0712314136326313","0.06404434144496918","0.07613588869571686","0.18034189380705357","0.11031132936477661","0.2483982890844345","0.16972380504012108","0.16213145852088928","0.17756468057632446"
"1656","0.07592667639255524","0.06478016078472137","0.08080042898654938","0.07795840874314308","0.06601649522781372","0.08392316848039627","0.07832853496074677","0.067416250705719","0.08237310498952866","0.19395459070801735","0.11269919574260712","0.2734421491622925","0.17424063384532928","0.1556302309036255","0.18294104933738708"
"1657","0.07611754536628723","0.07034022361040115","0.08164032548666","0.07683932594954967","0.07257770001888275","0.0796235129237175","0.07718700356781483","0.07210497558116913","0.08112867176532745","0.1930040530860424","0.11723911762237549","0.27563947439193726","0.1716815046966076","0.16317495703697205","0.17832276225090027"
"1658","0.0660230377689004","0.05684204772114754","0.07473813742399216","0.06878872774541378","0.06065693497657776","0.07800790667533875","0.0694564264267683","0.061473242938518524","0.0785268172621727","0.17594029381871223","0.10203757882118225","0.2463744580745697","0.1659458726644516","0.1567472517490387","0.17652134597301483"
"1659","0.07421374134719372","0.06944027543067932","0.08493444323539734","0.07664936780929565","0.07138113677501678","0.08731720596551895","0.077123137190938","0.07148589193820953","0.08680642396211624","0.19300179556012154","0.11639311909675598","0.27653414011001587","0.17724428325891495","0.1648528128862381","0.19485387206077576"
"1660","0.07202897407114506","0.06163983792066574","0.0826469212770462","0.0738906841725111","0.06353229284286499","0.08841647952795029","0.07292748242616653","0.06383359432220459","0.08498667180538177","0.1829052809625864","0.11053929477930069","0.26238828897476196","0.17003262042999268","0.15879397094249725","0.18663674592971802"
"1661","0.06925721280276775","0.0645349770784378","0.07386097311973572","0.07139026559889317","0.06712988018989563","0.07642695307731628","0.07184598594903946","0.06627927720546722","0.07677125930786133","0.1816913913935423","0.1116885244846344","0.25791239738464355","0.1625748798251152","0.15668505430221558","0.1686633825302124"
"1662","0.08051902055740356","0.07773075997829437","0.08310399949550629","0.08272249065339565","0.07856869697570801","0.08532939106225967","0.082864323630929","0.0786975845694542","0.08565875887870789","0.19301697984337807","0.1193472295999527","0.26366788148880005","0.17472733184695244","0.1718757450580597","0.17706993222236633"
"1663","0.07232850603759289","0.06556510925292969","0.07787910103797913","0.07328060455620289","0.06643423438072205","0.07854986190795898","0.073795847594738","0.06658244132995605","0.08002524077892303","0.1858413964509964","0.1049913763999939","0.2621121406555176","0.16518795490264893","0.15436136722564697","0.1724383383989334"
"1664","0.0656342776492238","0.055167634040117264","0.07640175521373749","0.06721026543527842","0.0559546984732151","0.07870575785636902","0.06769411452114582","0.05631864070892334","0.08062386512756348","0.16055694036185741","0.10621342808008194","0.23192021250724792","0.15892121568322182","0.14345328509807587","0.17499777674674988"
"1665","0.07078799791634083","0.06549909710884094","0.07856831699609756","0.07381371967494488","0.06815388053655624","0.08151066303253174","0.07357780262827873","0.06826765835285187","0.08315502852201462","0.17654012143611908","0.1122644692659378","0.24107418954372406","0.16056645289063454","0.15231852233409882","0.17570796608924866"
"1666","0.08192489109933376","0.07403528690338135","0.09194333851337433","0.08334110118448734","0.07439815998077393","0.09340250492095947","0.08349465020000935","0.07492248713970184","0.09201225638389587","0.20169847831130028","0.12078593671321869","0.2892775535583496","0.18229122087359428","0.1686871498823166","0.19125933945178986"
"1667","0.07495269551873207","0.06008971482515335","0.08954973518848419","0.07722135074436665","0.06198069453239441","0.09090366959571838","0.07750507444143295","0.06249953806400299","0.09114313125610352","0.17457528039813042","0.1180301308631897","0.22932852804660797","0.16965410858392715","0.14349214732646942","0.20352937281131744"
"1668","0.07913234271109104","0.07445383816957474","0.08555049449205399","0.08249512873589993","0.0788508802652359","0.08573217689990997","0.08263230510056019","0.07926718890666962","0.08565703779459","0.1968660205602646","0.12148922681808472","0.27943772077560425","0.17321152240037918","0.167228102684021","0.18434494733810425"
"1669","0.07281408831477165","0.0596587136387825","0.08909139037132263","0.07423102483153343","0.05908287316560745","0.09331850707530975","0.07421652972698212","0.05926977097988129","0.09198084473609924","0.17824935168027878","0.10604816675186157","0.2632591128349304","0.16687237843871117","0.14809495210647583","0.1991160809993744"
"1670","0.06889186054468155","0.06171940267086029","0.07289174199104309","0.0710776075720787","0.06483495235443115","0.07654587924480438","0.07039216160774231","0.06455260515213013","0.07280315458774567","0.18470672518014908","0.1120041087269783","0.25428953766822815","0.17230388894677162","0.16071131825447083","0.1838686466217041"
"1671","0.06937678158283234","0.06308715045452118","0.0776352733373642","0.07237979955971241","0.06887902319431305","0.08081617951393127","0.07251281850039959","0.06917915493249893","0.0808572918176651","0.18360424786806107","0.11195476353168488","0.24932505190372467","0.16733208298683167","0.15827950835227966","0.18709665536880493"
"1672","0.07235969230532646","0.05929328501224518","0.08665511757135391","0.07468829955905676","0.060076069086790085","0.09140408784151077","0.07462017796933651","0.06154244393110275","0.09088350832462311","0.18161118775606155","0.10365146398544312","0.2738383114337921","0.1751582957804203","0.1519155651330948","0.20570476353168488"
"1673","0.07669150270521641","0.0643925592303276","0.08492350578308105","0.07847974263131618","0.06489824503660202","0.08583591133356094","0.07903029955923557","0.06409168243408203","0.08717148751020432","0.1961913574486971","0.10660546272993088","0.28750258684158325","0.1743396632373333","0.15284252166748047","0.1874963343143463"
"1674","0.07308260165154934","0.06879019737243652","0.07885702699422836","0.07504885829985142","0.07130345702171326","0.08116867393255234","0.07446484640240669","0.06940349191427231","0.08162130415439606","0.1930832825601101","0.1159759908914566","0.2647898197174072","0.16821082308888435","0.16424229741096497","0.17340520024299622"
"1675","0.07526503689587116","0.0629153698682785","0.09172281622886658","0.07815041393041611","0.06513260304927826","0.09528184682130814","0.07691476866602898","0.06561869382858276","0.09441043436527252","0.1986135859042406","0.1094399094581604","0.30584412813186646","0.18450186401605606","0.15467989444732666","0.23724612593650818"
"1676","0.07253464683890343","0.07034166157245636","0.07684272527694702","0.07626324333250523","0.0728536918759346","0.08247492462396622","0.07614772766828537","0.07247046381235123","0.08247016370296478","0.1881566271185875","0.11746448278427124","0.25336194038391113","0.17440597340464592","0.16485892236232758","0.1997346431016922"
"1677","0.07427731715142727","0.0696902945637703","0.07948677241802216","0.07606532238423824","0.07061885297298431","0.08211743831634521","0.07617629878222942","0.07115894556045532","0.08245377242565155","0.1800456251949072","0.11687034368515015","0.2521008849143982","0.1692928411066532","0.16545793414115906","0.17789924144744873"
"1678","0.07672022841870785","0.07239420711994171","0.08497395366430283","0.07776188477873802","0.07292912155389786","0.08539119362831116","0.07845145277678967","0.07327567040920258","0.08584380149841309","0.18872512504458427","0.12561331689357758","0.2509355843067169","0.17019224166870117","0.1628776490688324","0.179623544216156"
"1679","0.06939125619828701","0.05727653205394745","0.08766047656536102","0.0710657499730587","0.05830486863851547","0.09027131646871567","0.07077519595623016","0.05793008580803871","0.09070847928524017","0.17574486695230007","0.09396878629922867","0.29406341910362244","0.15654219686985016","0.13624535501003265","0.19102802872657776"
"1680","0.07330461591482162","0.06735242903232574","0.07977226376533508","0.07490396499633789","0.06924459338188171","0.07939593493938446","0.07405875436961651","0.06886091828346252","0.07974746823310852","0.17767942510545254","0.11012361943721771","0.26431113481521606","0.1698250100016594","0.15596437454223633","0.17670230567455292"
"1681","0.08109697140753269","0.06718073785305023","0.0968061089515686","0.08277005515992641","0.06732548773288727","0.09613719582557678","0.08410586230456829","0.06924932450056076","0.09966311603784561","0.1949029415845871","0.1238398402929306","0.29519522190093994","0.1742987260222435","0.15323594212532043","0.19343090057373047"
"1682","0.07247738912701607","0.0562962144613266","0.08541391789913177","0.07365154568105936","0.05792328342795372","0.08781473338603973","0.07472927030175924","0.05847817286849022","0.08922598510980606","0.18392634950578213","0.09552449733018875","0.26353031396865845","0.17304455488920212","0.1484493613243103","0.19513916969299316"
"1683","0.07673466764390469","0.06361542642116547","0.09349112957715988","0.0791882760822773","0.06747379153966904","0.09624230116605759","0.07905005849897861","0.06658275425434113","0.09610874950885773","0.18873759731650352","0.10742677748203278","0.2614350914955139","0.174329724162817","0.1535312682390213","0.205022394657135"
"1684","0.08031866140663624","0.06985120475292206","0.08979661017656326","0.08352594263851643","0.07312551885843277","0.09428560733795166","0.08435132913291454","0.07532759010791779","0.09480108320713043","0.1986016370356083","0.12658043205738068","0.2671787142753601","0.18247656896710396","0.1669766902923584","0.19367751479148865"
"1685","0.07238457724452019","0.06462861597537994","0.083314448595047","0.07428614795207977","0.06674374639987946","0.08366262912750244","0.07413523644208908","0.06602134555578232","0.08473541587591171","0.1769272293895483","0.11135544627904892","0.25435665249824524","0.16352198645472527","0.14829549193382263","0.17748135328292847"
"1686","0.07106582447886467","0.06385672092437744","0.08124701678752899","0.07301127351820469","0.06561382114887238","0.08262211829423904","0.07240833528339863","0.06575179100036621","0.07990910112857819","0.18015343323349953","0.10708647966384888","0.2579825520515442","0.16541865095496178","0.15775811672210693","0.1786002665758133"
"1687","0.07695760019123554","0.06857071816921234","0.08849550038576126","0.07891453802585602","0.07142278552055359","0.09077487885951996","0.08014275319874287","0.0716206431388855","0.09072552621364594","0.19442244619131088","0.12981316447257996","0.26881489157676697","0.18092045187950134","0.16706547141075134","0.19155409932136536"
"1688","0.08176291733980179","0.0716836228966713","0.08873655647039413","0.08309142291545868","0.07443040609359741","0.09050202369689941","0.08345047198235989","0.07302948832511902","0.09249373525381088","0.19504403322935104","0.12955008447170258","0.27554893493652344","0.17629041150212288","0.16267311573028564","0.18416249752044678"
"1689","0.0767214447259903","0.06803880631923676","0.08509762585163116","0.07918752357363701","0.07127130031585693","0.08622851967811584","0.07901693135499954","0.06996867060661316","0.08639496564865112","0.19700003415346146","0.10781273245811462","0.28395533561706543","0.17776209115982056","0.15580925345420837","0.18962916731834412"
"1690","0.07428377866744995","0.06874212622642517","0.08053529262542725","0.07641572318971157","0.07104639708995819","0.08247949182987213","0.07635762356221676","0.07060004770755768","0.08330394327640533","0.18912341073155403","0.12696361541748047","0.25868964195251465","0.17086509987711906","0.15857283771038055","0.18458333611488342"
"1691","0.08383969776332378","0.07505325227975845","0.09251083433628082","0.08596380054950714","0.07788588106632233","0.09534458070993423","0.08692673407495022","0.07785791158676147","0.09505847096443176","0.20341411232948303","0.1295982450246811","0.2843654453754425","0.18306807056069374","0.1706361025571823","0.19797639548778534"
"1692","0.07404498383402824","0.06754867732524872","0.08851872384548187","0.07663404010236263","0.0686730146408081","0.09329801797866821","0.07695422507822514","0.0699840784072876","0.09278348833322525","0.19102955237030983","0.11705173552036285","0.2591235041618347","0.17342079803347588","0.16118785738945007","0.19742482900619507"
"1693","0.07557043060660362","0.06960831582546234","0.08261151611804962","0.07739827036857605","0.07002437114715576","0.08476526290178299","0.07737547159194946","0.07048667967319489","0.08589012920856476","0.19302242435514927","0.11195818334817886","0.2656922936439514","0.17635685950517654","0.16329893469810486","0.19156330823898315"
"1695","0.07677753455936909","0.0707358717918396","0.08350375294685364","0.07795918360352516","0.07240178436040878","0.08500108867883682","0.07768281549215317","0.0733717679977417","0.08452745527029037","0.18925078958272934","0.12071755528450012","0.2851184904575348","0.1746145822107792","0.16562306880950928","0.1871403306722641"
"1696","0.07360788993537426","0.06508015096187592","0.08156606554985046","0.0746537484228611","0.0685008317232132","0.08146228641271591","0.0753677487373352","0.06761068105697632","0.08329445868730545","0.18211127631366253","0.12039262801408768","0.27326875925064087","0.1719154492020607","0.1566467434167862","0.18025019764900208"
"1697","0.07534654065966606","0.0672631487250328","0.08401649445295334","0.07724866271018982","0.06809892505407333","0.08482321351766586","0.07670452818274498","0.06804254651069641","0.08446044474840164","0.18806248530745506","0.10896256566047668","0.2812691330909729","0.16820547729730606","0.15599457919597626","0.1817239224910736"
"1698","0.07680148258805275","0.0680684745311737","0.09449974447488785","0.07879666425287724","0.06930673122406006","0.09785360097885132","0.07818160951137543","0.06937379390001297","0.09727531671524048","0.18663550168275833","0.11296528577804565","0.2572326064109802","0.16878275573253632","0.15273703634738922","0.18859395384788513"
"1699","0.07838889956474304","0.07082700729370117","0.08662896603345871","0.07992018759250641","0.0723593533039093","0.08701993525028229","0.08025443740189075","0.07353637367486954","0.08792614936828613","0.19734207913279533","0.12094701826572418","0.26715490221977234","0.17641407996416092","0.16365694999694824","0.18958988785743713"
"1700","0.07717248052358627","0.0702037513256073","0.08279550820589066","0.07965198904275894","0.07416437566280365","0.08511277288198471","0.07995153218507767","0.07316626608371735","0.0864160805940628","0.18569481372833252","0.10921550542116165","0.2677351236343384","0.16419339552521706","0.15258115530014038","0.172846257686615"
"1701","0.07719398103654385","0.07432717829942703","0.08154617249965668","0.07935105636715889","0.07641901075839996","0.08338615298271179","0.07832205854356289","0.07631579041481018","0.0810854434967041","0.19509537518024445","0.12167324125766754","0.27276337146759033","0.17381788790225983","0.16767936944961548","0.18004843592643738"
"1702","0.07623027637600899","0.07144617289304733","0.08487343043088913","0.07918149419128895","0.07452423870563507","0.08879692107439041","0.0791808869689703","0.07380659878253937","0.08798116445541382","0.18574747070670128","0.12000581622123718","0.2633797824382782","0.17436213046312332","0.16517937183380127","0.18647904694080353"
"1703","0.08072475530207157","0.07426795363426208","0.08471585810184479","0.08355440571904182","0.07688994705677032","0.08749625831842422","0.08338939398527145","0.07860510796308517","0.08568691462278366","0.20039368607103825","0.11949247866868973","0.2845378816127777","0.18185250088572502","0.17121267318725586","0.19825789332389832"
"1704","0.0774164404720068","0.0678609311580658","0.08886110782623291","0.0807415135204792","0.06809256225824356","0.09335816651582718","0.07983086258172989","0.06772024184465408","0.09131532907485962","0.19378423318266869","0.11249075829982758","0.2871593236923218","0.17450828850269318","0.15912577509880066","0.19673410058021545"
"1705","0.07064713537693024","0.06594561785459518","0.07904239743947983","0.07211104966700077","0.06672412902116776","0.07679562270641327","0.0720349121838808","0.06660193204879761","0.07885086536407471","0.18315697088837624","0.11213760077953339","0.2624962329864502","0.1684720180928707","0.1619289666414261","0.17569521069526672"
"1706","0.07859708555042744","0.07115473598241806","0.08324148505926132","0.08107872866094112","0.07365895807743073","0.08412148803472519","0.08103670552372932","0.07404667139053345","0.08485187590122223","0.19648290053009987","0.12608781456947327","0.2701672613620758","0.17884324863553047","0.16678625345230103","0.19692428410053253"
"1707","0.07692271284759045","0.06889508664608002","0.08681764453649521","0.07769522070884705","0.07188022136688232","0.08704663813114166","0.07852862402796745","0.07246340811252594","0.08755496144294739","0.18378673493862152","0.11934925615787506","0.2475745975971222","0.17294372618198395","0.15985995531082153","0.18651090562343597"
"1708","0.07476929388940334","0.0687691941857338","0.08439049869775772","0.07613540627062321","0.0702483206987381","0.08646982908248901","0.07638057880103588","0.07183098793029785","0.08639441430568695","0.1823556050658226","0.11624249815940857","0.24130231142044067","0.16829781606793404","0.16009077429771423","0.18408052623271942"
"1709","0.07321029528975487","0.06787291914224625","0.08056829869747162","0.07413722574710846","0.0711551159620285","0.08109039068222046","0.07486598379909992","0.07085327804088593","0.08208541572093964","0.18464800156652927","0.11900428682565689","0.2765626609325409","0.17257851734757423","0.16447705030441284","0.18090948462486267"
"1710","0.07227345928549767","0.06389384716749191","0.08332879841327667","0.0738074742257595","0.06525404751300812","0.08464290201663971","0.0746600329875946","0.06536555290222168","0.08575253933668137","0.17809712886810303","0.11752408742904663","0.24276655912399292","0.16642999649047852","0.1529262214899063","0.17830128967761993"
"1711","0.07631986401975155","0.06934279203414917","0.0855073407292366","0.07925510220229626","0.07218344509601593","0.08799189329147339","0.07931779325008392","0.07206059247255325","0.0882195383310318","0.19382345490157604","0.11324309557676315","0.27756205201148987","0.17463019117712975","0.16067557036876678","0.19335392117500305"
"1712","0.07091629691421986","0.06580203771591187","0.07380621135234833","0.07188689894974232","0.0656047910451889","0.07546015083789825","0.07212185300886631","0.06525257229804993","0.07520928233861923","0.19375582411885262","0.106128990650177","0.2988203763961792","0.17062002420425415","0.15779775381088257","0.178200364112854"
"1713","0.07427157461643219","0.06833317875862122","0.08091972023248672","0.07691285014152527","0.0711091011762619","0.08184783160686493","0.0771271400153637","0.07283327728509903","0.08303553611040115","0.18659144267439842","0.12374669313430786","0.2497134655714035","0.17190435156226158","0.16040079295635223","0.18074780702590942"
"1714","0.07416010648012161","0.06745132058858871","0.08370517939329147","0.07520927675068378","0.06792894005775452","0.0851006954908371","0.07605551742017269","0.06849896162748337","0.08540547639131546","0.18303954601287842","0.11564822494983673","0.25856542587280273","0.16989728435873985","0.1612814962863922","0.17883116006851196"
"1715","0.07174953445792198","0.06651122868061066","0.08089858293533325","0.07235603407025337","0.06498444080352783","0.080042764544487","0.07188569754362106","0.06402888894081116","0.08029422163963318","0.17528769001364708","0.11243802309036255","0.2576596736907959","0.16074373573064804","0.1468634009361267","0.17491911351680756"
"1716","0.073875917121768","0.07184237986803055","0.07943184673786163","0.07434904761612415","0.07117372006177902","0.07994425296783447","0.07481686770915985","0.07250750064849854","0.0787210762500763","0.18241849727928638","0.11547304689884186","0.2541632652282715","0.17133231461048126","0.166706383228302","0.18212586641311646"
"1717","0.08617503754794598","0.06336450576782227","0.10163931548595428","0.08747069537639618","0.06636878848075867","0.1027723178267479","0.08646772243082523","0.06485213339328766","0.10219429433345795","0.20134274661540985","0.15455082058906555","0.2583339214324951","0.19297190755605698","0.16458618640899658","0.22111068665981293"
"1718","0.07074025273323059","0.06702828407287598","0.07735451310873032","0.07215614430606365","0.06935355067253113","0.07762996852397919","0.07187658548355103","0.06888854503631592","0.0779140293598175","0.1771941613405943","0.11071687936782837","0.24796393513679504","0.16808130219578743","0.16124874353408813","0.17588238418102264"
"1719","0.07415693439543247","0.0631636306643486","0.08527778089046478","0.07676647044718266","0.06730953603982925","0.08863435685634613","0.07606996037065983","0.06707999855279922","0.08663322031497955","0.19065139442682266","0.10746875405311584","0.2886347472667694","0.17381303012371063","0.15738970041275024","0.18935130536556244"
"1720","0.07111858576536179","0.06425509601831436","0.08135978877544403","0.07355275563895702","0.06561209261417389","0.08188629150390625","0.0737573429942131","0.06624780595302582","0.08181136846542358","0.18018335103988647","0.10548898577690125","0.2699969708919525","0.16261226311326027","0.15216821432113647","0.17481167614459991"
"1721","0.07271558418869972","0.0694221705198288","0.0757446140050888","0.07419863156974316","0.07188905030488968","0.07576988637447357","0.07506494596600533","0.07203073799610138","0.07810594141483307","0.1833302080631256","0.1157074123620987","0.25051790475845337","0.16705644503235817","0.16487430036067963","0.1685652732849121"
"1722","0.07262957841157913","0.06589855253696442","0.07864195108413696","0.07571239583194256","0.06938133388757706","0.08087972551584244","0.07576891407370567","0.06984115391969681","0.08115604519844055","0.18922537565231323","0.10929809510707855","0.26799970865249634","0.17093807086348534","0.15833094716072083","0.1813526451587677"
"1723","0.07710178382694721","0.06519009917974472","0.09113695472478867","0.07740773819386959","0.06563397496938705","0.09269620478153229","0.07749093510210514","0.06599180400371552","0.09324099868535995","0.18830301985144615","0.11049042642116547","0.27877816557884216","0.17448201775550842","0.1570231318473816","0.19245287775993347"
"1724","0.0775542389601469","0.0745386928319931","0.08199378103017807","0.08047765865921974","0.07715918123722076","0.08508636057376862","0.08078856579959393","0.07551852613687515","0.08717161417007446","0.19635695591568947","0.11941449344158173","0.27470844984054565","0.1846851035952568","0.17150628566741943","0.19870448112487793"
"1725","0.07848269119858742","0.0729374960064888","0.08272874355316162","0.08084658719599247","0.07605864107608795","0.08512622117996216","0.08204293996095657","0.07612492144107819","0.08712515234947205","0.19792380556464195","0.13095833361148834","0.2693466544151306","0.18145950883626938","0.1752031296491623","0.19212304055690765"
"1726","0.07784290052950382","0.0646098256111145","0.0861685574054718","0.07863338477909565","0.06521891057491302","0.08684147894382477","0.07888968288898468","0.06480144709348679","0.08789599686861038","0.1852201409637928","0.12110777199268341","0.27572742104530334","0.16865507140755653","0.1478920429944992","0.18051600456237793"
"1727","0.07806875370442867","0.06594020873308182","0.09663284569978714","0.08085733279585838","0.06863536685705185","0.1021883562207222","0.08077270723879337","0.06979455053806305","0.10098009556531906","0.19846652261912823","0.1090405210852623","0.3024861216545105","0.1791723556816578","0.15231095254421234","0.22282102704048157"
"1728","0.07488306611776352","0.06900408118963242","0.08023280650377274","0.07745549641549587","0.07172641903162003","0.08384384959936142","0.07629884593188763","0.07151535153388977","0.08157314360141754","0.19637111946940422","0.1143755167722702","0.2856704592704773","0.1730736903846264","0.16172344982624054","0.18770605325698853"
"1729","0.08072714880108833","0.07266343384981155","0.09179288148880005","0.08230341039597988","0.07446363568305969","0.09039799869060516","0.08244550228118896","0.07672680914402008","0.08984305709600449","0.19630401581525803","0.12018318474292755","0.2820967435836792","0.18671102821826935","0.17618441581726074","0.20223815739154816"
"1730","0.07497306913137436","0.06481136381626129","0.0910717025399208","0.07804062590003014","0.06639108806848526","0.0932745486497879","0.0770690105855465","0.06514294445514679","0.09346729516983032","0.20375068485736847","0.10553520917892456","0.3081395924091339","0.1794673316180706","0.15755745768547058","0.20227405428886414"
"1731","0.07353976927697659","0.06516501307487488","0.08138587325811386","0.07572900503873825","0.06746575981378555","0.08293527364730835","0.07576456665992737","0.06663951277732849","0.08286330103874207","0.19068875536322594","0.11846320331096649","0.2771395146846771","0.17584146559238434","0.1662115603685379","0.182376891374588"
"1732","0.07536258548498154","0.0679965615272522","0.0793817937374115","0.07743363827466965","0.07076036185026169","0.08112740516662598","0.07693411596119404","0.06990309059619904","0.08113349229097366","0.18907887488603592","0.12640991806983948","0.2511918842792511","0.18311560526490211","0.16900332272052765","0.19400383532047272"
"1733","0.07759314961731434","0.07215902954339981","0.08034470677375793","0.07895495556294918","0.07254346460103989","0.08442851901054382","0.07952319644391537","0.07419262081384659","0.08459153771400452","0.1952544804662466","0.11266588419675827","0.2828165888786316","0.17665968090295792","0.1638476550579071","0.1882588267326355"
"1734","0.07221918180584908","0.06012938171625137","0.07637901604175568","0.07396471500396729","0.06276679784059525","0.07801606506109238","0.07393360510468483","0.06183137744665146","0.07804589718580246","0.18585834838449955","0.11753159761428833","0.27289825677871704","0.17831800505518913","0.1590920090675354","0.20534904301166534"
"1735","0.07228334620594978","0.06398896127939224","0.08297191560268402","0.07377282530069351","0.06559251993894577","0.08618118613958359","0.0747317224740982","0.06576597690582275","0.08788786083459854","0.18606621585786343","0.10402094572782516","0.2750799059867859","0.1687476485967636","0.15158256888389587","0.185346782207489"
"1736","0.07852663472294807","0.06709814816713333","0.09266451001167297","0.07877456210553646","0.0673752948641777","0.09344208985567093","0.07880811393260956","0.06679040193557739","0.09323883056640625","0.18725978955626488","0.112830251455307","0.2639697790145874","0.17911886051297188","0.16024591028690338","0.19892901182174683"
"1737","0.06754849944263697","0.061985891312360764","0.0783730298280716","0.07122739963233471","0.06618957221508026","0.08482865244150162","0.07030884176492691","0.0642799362540245","0.08457895368337631","0.17319857701659203","0.10881505906581879","0.2283707559108734","0.16257302463054657","0.15743322670459747","0.17607086896896362"
"1738","0.07853743806481361","0.0671776756644249","0.0856882706284523","0.07936354726552963","0.0650952011346817","0.08780355006456375","0.0803229995071888","0.06828547269105911","0.08721946179866791","0.18692867271602154","0.12254758924245834","0.26153799891471863","0.17704830691218376","0.15872663259506226","0.19375282526016235"
"1739","0.07366792671382427","0.06904685497283936","0.07863328605890274","0.07418515905737877","0.07011498510837555","0.0803140178322792","0.0756946224719286","0.06945668905973434","0.08073428273200989","0.18511134013533592","0.1195850670337677","0.2445690631866455","0.17179324105381966","0.1576572060585022","0.1896369308233261"
"1740","0.07766780257225037","0.06765258312225342","0.08527699112892151","0.08131589740514755","0.07266291230916977","0.08701203763484955","0.08144981786608696","0.07203863561153412","0.08690953999757767","0.19380895793437958","0.11577652394771576","0.2649652659893036","0.18532973527908325","0.1716858595609665","0.19770178198814392"
"1741","0.07596874050796032","0.06731486320495605","0.08675015717744827","0.07807818241417408","0.06920430809259415","0.09124766290187836","0.07797298021614552","0.06991328299045563","0.08972557634115219","0.19607441499829292","0.11712618172168732","0.28319984674453735","0.1806308887898922","0.16311794519424438","0.1944410502910614"
"1742","0.07728728652000427","0.06605947762727737","0.08851168304681778","0.07980282790958881","0.06838289648294449","0.09134520590305328","0.07954856939613819","0.06913729012012482","0.08969531208276749","0.1901011187583208","0.11195189505815506","0.2579265236854553","0.1776888109743595","0.16109922528266907","0.1971549689769745"
"1743","0.07618094235658646","0.07095291465520859","0.08196591585874557","0.07821547240018845","0.07062822580337524","0.0871637836098671","0.0777996052056551","0.07271723449230194","0.08494418859481812","0.18523874878883362","0.12646375596523285","0.24661536514759064","0.18036921694874763","0.17111457884311676","0.19272173941135406"
"1744","0.07697161473333836","0.06854666024446487","0.08619630336761475","0.07908738777041435","0.07006675004959106","0.0897931307554245","0.07855074666440487","0.07053649425506592","0.08906598389148712","0.19200949743390083","0.10895898938179016","0.288762629032135","0.17122191190719604","0.15969625115394592","0.18784689903259277"
"1745","0.07958606258034706","0.073735810816288","0.08404015004634857","0.08065100200474262","0.07563910633325577","0.08528485149145126","0.08175320364534855","0.07595802843570709","0.08633813261985779","0.19041727483272552","0.11611539125442505","0.27289876341819763","0.16963356360793114","0.16558973491191864","0.17496320605278015"
"1746","0.08656898327171803","0.07814706116914749","0.09527966380119324","0.08762401901185513","0.07873059809207916","0.09609808027744293","0.08849770203232765","0.07993759214878082","0.09891479462385178","0.2014816552400589","0.13437321782112122","0.28588950634002686","0.1896005980670452","0.17339743673801422","0.20255491137504578"
"1747","0.07106401305645704","0.0610773004591465","0.08136492222547531","0.07183649856597185","0.061554256826639175","0.08031794428825378","0.07201062142848969","0.06354454159736633","0.0804125964641571","0.17794725485146046","0.10839005559682846","0.2559400498867035","0.1639559492468834","0.1504863202571869","0.17579621076583862"
"1748","0.07496888190507889","0.06334703415632248","0.08613317459821701","0.0771297961473465","0.06609942018985748","0.08777914196252823","0.07779109291732311","0.06681432574987411","0.08899770677089691","0.19168836623430252","0.1079317033290863","0.27556025981903076","0.17266126349568367","0.1566888391971588","0.18711446225643158"
"1749","0.07362429425120354","0.06423519551753998","0.08589354902505875","0.07473400421440601","0.06305722147226334","0.09022699296474457","0.07553783431649208","0.0636395514011383","0.09056515246629715","0.18387632444500923","0.1201513260602951","0.2479504495859146","0.16913923248648643","0.1561802625656128","0.18989473581314087"
"1750","0.07276980392634869","0.05706553906202316","0.08645939826965332","0.07450165506452322","0.05802520737051964","0.08807528018951416","0.07494227960705757","0.05873250961303711","0.08957874774932861","0.17664774507284164","0.12676505744457245","0.23249465227127075","0.1689019463956356","0.15246576070785522","0.185310959815979"
"1751","0.07003739103674889","0.06373094022274017","0.07844328880310059","0.07201533205807209","0.0656297504901886","0.0805133730173111","0.07348693534731865","0.06702124327421188","0.08178255707025528","0.17871232703328133","0.11135487258434296","0.24020883440971375","0.1725359559059143","0.15634839236736298","0.19689494371414185"
"1752","0.0763094425201416","0.06623426079750061","0.0799974799156189","0.07905969768762589","0.06778393685817719","0.08393539488315582","0.07959397882223129","0.06974451243877411","0.08445370197296143","0.19353677704930305","0.1110990047454834","0.2764560878276825","0.1679573431611061","0.15350285172462463","0.1789558380842209"
"1753","0.07874239981174469","0.07368303090333939","0.08346505463123322","0.07853302545845509","0.07419389486312866","0.08411630243062973","0.07846171036362648","0.07553169876337051","0.08338622003793716","0.1987786442041397","0.12560245394706726","0.27252742648124695","0.18239015713334084","0.17829042673110962","0.18637822568416595"
"1754","0.08035198599100113","0.0784330666065216","0.08168932795524597","0.08140719309449196","0.07905584573745728","0.08315039426088333","0.0818480346351862","0.08083187788724899","0.08401717245578766","0.19566146284341812","0.12343426048755646","0.2646044194698334","0.1847802847623825","0.17817023396492004","0.1995762288570404"
"1755","0.07717225886881351","0.06884077191352844","0.08712565153837204","0.0793265849351883","0.06721947342157364","0.09269984066486359","0.07901839911937714","0.06842972338199615","0.09178271889686584","0.18653311766684055","0.11977020651102066","0.2760920822620392","0.16921838745474815","0.16252869367599487","0.17971786856651306"
"1756","0.07782512716948986","0.06654467433691025","0.09526694566011429","0.07872005179524422","0.06829328835010529","0.09558390825986862","0.07870463468134403","0.06884093582630157","0.09459155797958374","0.18376455642282963","0.10630466789007187","0.24570035934448242","0.16907737031579018","0.15034699440002441","0.20614849030971527"
"1757","0.0738981980830431","0.06850893050432205","0.08664542436599731","0.0763167217373848","0.07112759351730347","0.0880640521645546","0.0763072557747364","0.07134181261062622","0.0887383222579956","0.18625914677977562","0.11370379477739334","0.2794439494609833","0.17427946999669075","0.16258931159973145","0.18907614052295685"
"1758","0.07191766425967216","0.06438034772872925","0.07679262012243271","0.07262902893126011","0.06657081097364426","0.07745295017957687","0.07302574627101421","0.06625950336456299","0.07779433578252792","0.1850641816854477","0.1225535124540329","0.248927503824234","0.16186001896858215","0.1476822942495346","0.1747603714466095"
"1759","0.07104037329554558","0.06391145288944244","0.07601270079612732","0.07267825864255428","0.0652361661195755","0.07929124683141708","0.07312897592782974","0.06380745023488998","0.07945507764816284","0.18433938920497894","0.10723590850830078","0.2590728998184204","0.17567379772663116","0.15715157985687256","0.19147157669067383"
"1760","0.07271005492657423","0.06049161031842232","0.07984593510627747","0.07490195520222187","0.06275148689746857","0.08377226442098618","0.07413223758339882","0.0616590678691864","0.08248473703861237","0.17956086993217468","0.11881180107593536","0.2546689510345459","0.16184376180171967","0.14654482901096344","0.1740812510251999"
"1761","0.07237585633993149","0.06531547009944916","0.07799305766820908","0.07365503162145615","0.06872010231018066","0.07894429564476013","0.07343370839953423","0.06841859966516495","0.07954344898462296","0.1849764660000801","0.10764041543006897","0.26324963569641113","0.16467643901705742","0.1585536003112793","0.17163781821727753"
"1762","0.07037316355854273","0.054958049207925797","0.08447138965129852","0.07237287517637014","0.05660433694720268","0.08707679063081741","0.07324225269258022","0.05693698674440384","0.08807090669870377","0.17455944791436195","0.12722960114479065","0.22558560967445374","0.16925979405641556","0.1546379029750824","0.18320512771606445"
"1763","0.07900439202785492","0.06761586666107178","0.09284187853336334","0.08078351244330406","0.07007818669080734","0.09203079342842102","0.08067681267857552","0.06670187413692474","0.09429233521223068","0.18968631885945797","0.11252983659505844","0.2673216760158539","0.17098107561469078","0.15679118037223816","0.1880142092704773"
"1764","0.0727878101170063","0.06570649147033691","0.07975122332572937","0.07351735420525074","0.06635509431362152","0.08174870908260345","0.07371766306459904","0.06538866460323334","0.08344434201717377","0.1845173928886652","0.10389210283756256","0.27020126581192017","0.1638074927031994","0.15016385912895203","0.17726588249206543"
"1765","0.07739467360079288","0.07040639221668243","0.09149323403835297","0.07980662398040295","0.07219717651605606","0.09155891835689545","0.07929472252726555","0.07282163947820663","0.09132812917232513","0.1893309410661459","0.12258010357618332","0.2526026964187622","0.16976401209831238","0.15362787246704102","0.18370592594146729"
"1766","0.06992991175502539","0.05528853461146355","0.08080718666315079","0.07122673280537128","0.05730652064085007","0.08195549994707108","0.07144979014992714","0.05607665330171585","0.08231976628303528","0.18406054005026817","0.09924224019050598","0.25972917675971985","0.16419070959091187","0.14308178424835205","0.17186202108860016"
"1767","0.07721369061619043","0.05721128359436989","0.08866114914417267","0.07900494895875454","0.056882843375205994","0.0907173603773117","0.0799472238868475","0.05679554492235184","0.0923757553100586","0.18485451862215996","0.09528142213821411","0.26585647463798523","0.16976766288280487","0.13756795227527618","0.187135711312294"
"1768","0.07185769826173782","0.06865353137254715","0.07680105417966843","0.07359625585377216","0.06941668689250946","0.08069802820682526","0.07431635819375515","0.0700078085064888","0.08113659918308258","0.18013407289981842","0.11634267866611481","0.24571317434310913","0.16822319850325584","0.15964369475841522","0.17336612939834595"
"1769","0.06979027017951012","0.06339532881975174","0.0775022953748703","0.07168153114616871","0.0626417025923729","0.08031533658504486","0.07205456122756004","0.06345702707767487","0.08052290230989456","0.17036017589271069","0.11247377842664719","0.24591276049613953","0.16387663036584854","0.15217576920986176","0.17397788166999817"
"1770","0.07206927798688412","0.06945202499628067","0.07770679891109467","0.07463506609201431","0.0710846334695816","0.08077596127986908","0.0758479256182909","0.07271336019039154","0.08016034960746765","0.18107961490750313","0.11081112176179886","0.25018739700317383","0.16140474006533623","0.15523424744606018","0.1659775972366333"
"1771","0.08685224130749702","0.07237903773784637","0.10042878985404968","0.09026229381561279","0.07631216943264008","0.10478247702121735","0.08980489708483219","0.07459697127342224","0.10544241964817047","0.20692280307412148","0.12031972408294678","0.28290343284606934","0.19168980047106743","0.17799942195415497","0.22518622875213623"
"1772","0.07343464158475399","0.0687185525894165","0.08137460052967072","0.07511225715279579","0.0705522745847702","0.08305743336677551","0.07600238360464573","0.07064877450466156","0.0846085399389267","0.19090435281395912","0.1207590401172638","0.2601735293865204","0.16997021064162254","0.16570456326007843","0.17681321501731873"
"1773","0.07806623727083206","0.0733182430267334","0.08305956423282623","0.07989676669239998","0.07363676279783249","0.08575184643268585","0.07969044707715511","0.0735190212726593","0.08471282571554184","0.1981849279254675","0.11967933923006058","0.2965810298919678","0.17718320712447166","0.17069149017333984","0.18564319610595703"
"1774","0.07377129979431629","0.07230430841445923","0.07596878707408905","0.0772140845656395","0.07416114211082458","0.08090820908546448","0.07621211372315884","0.07351037859916687","0.08007226139307022","0.1840073335915804","0.11989101767539978","0.25327253341674805","0.16765433549880981","0.1634087860584259","0.170332133769989"
"1775","0.06831753998994827","0.06440728902816772","0.07516533881425858","0.07017326913774014","0.06476650387048721","0.07899405807256699","0.07129896245896816","0.06551223993301392","0.07977835834026337","0.1793802883476019","0.10676465928554535","0.25340673327445984","0.16371874511241913","0.1544821858406067","0.17694436013698578"
"1776","0.07225409150123596","0.0694073960185051","0.07731230556964874","0.0750022791326046","0.07196740806102753","0.08102509379386902","0.07485654763877392","0.07165101170539856","0.07925441861152649","0.1813738215714693","0.11357998847961426","0.2593074142932892","0.1666194647550583","0.16009913384914398","0.17241878807544708"
"1777","0.074451994150877","0.06552092730998993","0.08788904547691345","0.07495664432644844","0.06583475321531296","0.08802175521850586","0.07509442791342735","0.06605039536952972","0.08704087138175964","0.18261692114174366","0.11136538535356522","0.24953192472457886","0.17544863000512123","0.15101203322410583","0.20821961760520935"
"1778","0.08609328418970108","0.07765641063451767","0.09142311662435532","0.09045283868908882","0.08338269591331482","0.09545619040727615","0.08811517059803009","0.08019860088825226","0.09248197078704834","0.20650683343410492","0.13433405756950378","0.29973095655441284","0.19626666232943535","0.1796329766511917","0.21220463514328003"
"1779","0.07079514488577843","0.0653158575296402","0.07524871826171875","0.07361163571476936","0.06652022153139114","0.07887767255306244","0.07520760595798492","0.06906135380268097","0.07984238117933273","0.189152043312788","0.10836036503314972","0.2731883227825165","0.16886229813098907","0.1558757722377777","0.18390008807182312"
"1780","0.07939075119793415","0.07071958482265472","0.08277074992656708","0.08124496601521969","0.07431451976299286","0.08387748152017593","0.081560043618083","0.07448653876781464","0.08572474867105484","0.19942506775259972","0.12015317380428314","0.27328309416770935","0.18455969914793968","0.16978687047958374","0.1968427300453186"
"1781","0.07266552187502384","0.07055855542421341","0.07639217376708984","0.07507652789354324","0.0719929188489914","0.07950892299413681","0.07603351026773453","0.07297539710998535","0.08010081201791763","0.19189945608377457","0.11813922226428986","0.27290529012680054","0.17172560095787048","0.16609597206115723","0.18143108487129211"
"1782","0.07766161859035492","0.06470783054828644","0.08332382887601852","0.07925349287688732","0.06646458804607391","0.08516550064086914","0.08095031417906284","0.06805732846260071","0.08636833727359772","0.18200523406267166","0.12547676265239716","0.24583306908607483","0.1643654704093933","0.14283454418182373","0.17417633533477783"
"1783","0.07329490594565868","0.07089301198720932","0.0795048251748085","0.07551119662821293","0.0728888288140297","0.08129939436912537","0.07531682588160038","0.07171273231506348","0.08218440413475037","0.1784263513982296","0.11066694557666779","0.27037784457206726","0.16329244151711464","0.1547834575176239","0.18157246708869934"
"1784","0.0821822714060545","0.07099417597055435","0.09028593450784683","0.0845573004335165","0.07567182928323746","0.09344999492168427","0.0854001697152853","0.07607628405094147","0.09727869182825089","0.19089873507618904","0.11493322253227234","0.26229211688041687","0.1757190003991127","0.1669352650642395","0.18898844718933105"
"1785","0.07837665267288685","0.05604085326194763","0.08799564838409424","0.07943301368504763","0.058597106486558914","0.08890195190906525","0.07839047256857157","0.05664912238717079","0.08965377509593964","0.18320954218506813","0.12598590552806854","0.28485456109046936","0.16664211079478264","0.13363373279571533","0.18436571955680847"
"1786","0.07311097532510757","0.06460735201835632","0.08546270430088043","0.0762652475386858","0.06774277240037918","0.08760674297809601","0.07532289996743202","0.06484758853912354","0.08684267848730087","0.17873096652328968","0.11233475804328918","0.27116596698760986","0.1628706082701683","0.1458512395620346","0.18419969081878662"
"1787","0.0749847311526537","0.07005177438259125","0.07822074741125107","0.07655348256230354","0.0729341134428978","0.08222739398479462","0.07612199895083904","0.07164768874645233","0.0823712944984436","0.1809463184326887","0.11690408736467361","0.24075724184513092","0.16611119732260704","0.15733300149440765","0.17622971534729004"
"1788","0.07804251462221146","0.06973490864038467","0.08492748439311981","0.07987022772431374","0.06934663653373718","0.08796509355306625","0.08047394640743732","0.07165797054767609","0.08742551505565643","0.19476667791604996","0.12699590623378754","0.290632963180542","0.17513370141386986","0.15915358066558838","0.18575693666934967"
"1789","0.07327231019735336","0.0685824304819107","0.08111098408699036","0.07359969057142735","0.06907972693443298","0.07973868399858475","0.07437933422625065","0.06965331733226776","0.0803135558962822","0.18245850875973701","0.108986034989357","0.25638654828071594","0.16507083177566528","0.15433534979820251","0.17745138704776764"
"1790","0.07648553140461445","0.06640653312206268","0.08450742065906525","0.07780657149851322","0.06525035202503204","0.08746212720870972","0.07708529010415077","0.06568977981805801","0.08625920116901398","0.18720331229269505","0.10859643667936325","0.271431565284729","0.1787952110171318","0.1581648886203766","0.19441264867782593"
"1791","0.07958409748971462","0.07819846272468567","0.08135322481393814","0.08170643635094166","0.07878264039754868","0.08317200094461441","0.08159680664539337","0.07764312624931335","0.08468503504991531","0.1962247621268034","0.12419474869966507","0.28108149766921997","0.17965732887387276","0.174184650182724","0.18325106799602509"
"1792","0.06934859789907932","0.06048310548067093","0.08027643710374832","0.07084598764777184","0.06301862746477127","0.08092320710420609","0.07063788548111916","0.06316061317920685","0.08049832284450531","0.17434102296829224","0.11096164584159851","0.241079181432724","0.16204137727618217","0.14692363142967224","0.18014618754386902"
"1793","0.07229884900152683","0.06672588735818863","0.07586610317230225","0.07327071763575077","0.0672050341963768","0.0763293206691742","0.07307085581123829","0.0695289894938469","0.07514985650777817","0.17979242466390133","0.11547376215457916","0.2628661096096039","0.1674182489514351","0.15885406732559204","0.18519160151481628"
"1794","0.07264634128659964","0.061215657740831375","0.08761994540691376","0.07304430659860373","0.0611998476088047","0.08658341318368912","0.07385932188481092","0.06132173165678978","0.08747969567775726","0.18704253993928432","0.10135940462350845","0.2744538187980652","0.1664700098335743","0.14469996094703674","0.18895255029201508"
"1795","0.07935903407633305","0.07456490397453308","0.08405466377735138","0.08005667105317116","0.07459887862205505","0.08462948352098465","0.08107349835336208","0.07467757165431976","0.08467021584510803","0.20022232830524445","0.1268947422504425","0.2743445038795471","0.1802758164703846","0.17785294353961945","0.18228024244308472"
"1796","0.0782620757818222","0.07159752398729324","0.08548793196678162","0.08159291371703148","0.0750136449933052","0.09069402515888214","0.0803965125232935","0.07340570539236069","0.08819398283958435","0.19405886344611645","0.12361187487840652","0.27145346999168396","0.1813795231282711","0.1698037087917328","0.1933857798576355"
"1797","0.07611826062202454","0.06963371485471725","0.08233604580163956","0.07768123783171177","0.0713363066315651","0.08310218900442123","0.07705987058579922","0.07077359408140182","0.08267704397439957","0.18333135917782784","0.1156751811504364","0.25876131653785706","0.1708512380719185","0.15681710839271545","0.1845085471868515"
"1798","0.07588246278464794","0.06768377870321274","0.0875188484787941","0.07710806466639042","0.06917811930179596","0.08930681645870209","0.07825012318789959","0.07031767815351486","0.08948653936386108","0.18763615190982819","0.11857768893241882","0.2506667375564575","0.17113136500120163","0.1578109860420227","0.18258216977119446"
"1799","0.07108411192893982","0.07019209861755371","0.07198488712310791","0.07166119292378426","0.07110077887773514","0.07220462709665298","0.07293316163122654","0.07180871069431305","0.07480181008577347","0.17589998431503773","0.11147531121969223","0.2505742907524109","0.1604524627327919","0.1569783091545105","0.1674616038799286"
"1800","0.08224614150822163","0.06231848895549774","0.094633549451828","0.08430306054651737","0.06557168811559677","0.09813898056745529","0.08393428660929203","0.0643649771809578","0.09736202657222748","0.19772450253367424","0.10690204799175262","0.27510908246040344","0.17836666479706764","0.15569663047790527","0.189963698387146"
"1801","0.07728904113173485","0.07326638698577881","0.08021160960197449","0.0777363944798708","0.07370471954345703","0.08136516809463501","0.07910152152180672","0.07522144913673401","0.08225586265325546","0.1963784210383892","0.12102149426937103","0.2758139967918396","0.1709429994225502","0.16690698266029358","0.1780054122209549"
"1802","0.07187544927001","0.06648527085781097","0.0761789083480835","0.0734252892434597","0.0694008395075798","0.07703928649425507","0.07417743094265461","0.07024247199296951","0.07677831500768661","0.1872048620134592","0.11577533185482025","0.27123624086380005","0.16499195247888565","0.16025011241436005","0.16766059398651123"
"1803","0.08100609108805656","0.05709657073020935","0.1006115972995758","0.08306294959038496","0.058102454990148544","0.10055752098560333","0.08382777497172356","0.059011779725551605","0.1021585687994957","0.1876654289662838","0.13994887471199036","0.2525510787963867","0.17388349771499634","0.1422935426235199","0.2004576325416565"
"1804","0.07426248118281364","0.06600409746170044","0.08092951029539108","0.07685281336307526","0.06729192286729813","0.08461377769708633","0.07622838765382767","0.06574450433254242","0.08320386707782745","0.18423540517687798","0.11784027516841888","0.2572202980518341","0.1673056036233902","0.1511591523885727","0.17742270231246948"
"1805","0.07853613421320915","0.0695934146642685","0.09100319445133209","0.0795908197760582","0.07167291641235352","0.0926017165184021","0.07945807091891766","0.07091586291790009","0.09212444722652435","0.19491832703351974","0.11095322668552399","0.30138808488845825","0.1776389218866825","0.16005739569664001","0.21398219466209412"
"1806","0.07586888782680035","0.06849755346775055","0.08088169991970062","0.07751250267028809","0.07052505016326904","0.08209984004497528","0.07763124257326126","0.07041778415441513","0.08218500018119812","0.19261574000120163","0.12317579984664917","0.26726216077804565","0.18156232684850693","0.16324950754642487","0.1933777928352356"
"1807","0.08206796087324619","0.06406067311763763","0.09214868396520615","0.08429160714149475","0.06467406451702118","0.09366404265165329","0.08415977470576763","0.06527899205684662","0.09355596452951431","0.1978808417916298","0.10562065243721008","0.27766963839530945","0.18281574919819832","0.16207757592201233","0.19734951853752136"
"1808","0.06222025118768215","0.05508807674050331","0.0693497359752655","0.06320123840123415","0.05720615014433861","0.06908783316612244","0.06327477749437094","0.05661297217011452","0.06968453526496887","0.1604481991380453","0.09704350680112839","0.21819834411144257","0.14401688799262047","0.13619950413703918","0.15494997799396515"
"1809","0.07321340031921864","0.06789238750934601","0.07994747161865234","0.07639138773083687","0.07120417058467865","0.08410671353340149","0.0763823501765728","0.07134558260440826","0.08562225848436356","0.17619884759187698","0.11557458341121674","0.24115824699401855","0.16833936795592308","0.1621066927909851","0.17266947031021118"
"1810","0.0784548781812191","0.07496676594018936","0.08408022671937943","0.08132572658360004","0.07722867280244827","0.08757684379816055","0.08079234138131142","0.0768509954214096","0.08732952177524567","0.19069192931056023","0.11891630291938782","0.2919778823852539","0.1797207072377205","0.17142480611801147","0.19551506638526917"
"1811","0.06989798694849014","0.06324538588523865","0.07724805921316147","0.07112102210521698","0.0660497322678566","0.07739061117172241","0.0718948021531105","0.06468798220157623","0.07983921468257904","0.17903532087802887","0.1112290769815445","0.26160740852355957","0.16178341582417488","0.15477479994297028","0.17290781438350677"
"1812","0.07415602914988995","0.06280891597270966","0.09124522656202316","0.07390440069139004","0.05987020581960678","0.0929654911160469","0.07526911050081253","0.06330817937850952","0.09296650439500809","0.17301865108311176","0.11691001802682877","0.22115963697433472","0.16281398385763168","0.14416709542274475","0.18901199102401733"
"1813","0.0837151687592268","0.0724659264087677","0.09050464630126953","0.0854028481990099","0.07402744889259338","0.09044304490089417","0.08624050207436085","0.07569684088230133","0.09066980332136154","0.20088984444737434","0.13678257167339325","0.27262601256370544","0.18729475140571594","0.16839760541915894","0.20393815636634827"
"1814","0.07408664561808109","0.05652652680873871","0.08794571459293365","0.07560877129435539","0.056494273245334625","0.08928243815898895","0.07587078772485256","0.05804230272769928","0.08920755982398987","0.173356045037508","0.12489926815032959","0.2326091229915619","0.16529402509331703","0.13905006647109985","0.1894390732049942"
"1815","0.07025214657187462","0.06488561630249023","0.0804290845990181","0.07178518176078796","0.0669323056936264","0.0802658349275589","0.07096678763628006","0.06539729237556458","0.08052030950784683","0.1773924045264721","0.11150887608528137","0.23207540810108185","0.17055848240852356","0.16055801510810852","0.19284433126449585"
"1816","0.07872947677969933","0.07520781457424164","0.08228565752506256","0.08077107556164265","0.07681415975093842","0.085304394364357","0.08036614395678043","0.07468579709529877","0.08354981988668442","0.18592339754104614","0.12266127020120621","0.26079973578453064","0.17064819112420082","0.16604965925216675","0.17896176874637604"
"1817","0.07812684215605259","0.06788485497236252","0.08772397041320801","0.08130329474806786","0.06999890506267548","0.08946043252944946","0.0820536520332098","0.0686752200126648","0.0906238779425621","0.18943814933300018","0.11192765831947327","0.2662999629974365","0.18387604504823685","0.16578248143196106","0.20628787577152252"
"1818","0.08023752644658089","0.06437444686889648","0.09028755128383636","0.08345834910869598","0.06908492743968964","0.09478650987148285","0.08391234837472439","0.0678723081946373","0.09389802813529968","0.19211364164948463","0.12933100759983063","0.2785951495170593","0.1800343357026577","0.1671302765607834","0.19353219866752625"
"1819","0.07240072265267372","0.06868049502372742","0.07971443235874176","0.0737884882837534","0.06841371953487396","0.08280779421329498","0.0741084385663271","0.0686030164361","0.08368059992790222","0.1811976470053196","0.11240460723638535","0.2563578486442566","0.17003094777464867","0.16265392303466797","0.18281029164791107"
"1820","0.07225798070430756","0.06518757343292236","0.08016278594732285","0.07433970272541046","0.06612716615200043","0.08203239738941193","0.07440788112580776","0.06709429621696472","0.08277399837970734","0.1918419487774372","0.10887894034385681","0.2864053249359131","0.15856505185365677","0.1513306200504303","0.1738666594028473"
"1821","0.08583539351820946","0.07731971144676208","0.10844605416059494","0.08737442828714848","0.07873786985874176","0.10702493786811829","0.08853857219219208","0.07872673124074936","0.11066359281539917","0.21062724478542805","0.12111399322748184","0.33794188499450684","0.18743091821670532","0.17060604691505432","0.2257051169872284"
"1822","0.07728254981338978","0.07040111720561981","0.08388331532478333","0.07876862585544586","0.07262096554040909","0.08645875751972198","0.07919198460876942","0.07174605876207352","0.08808528631925583","0.1896369606256485","0.11397476494312286","0.27974697947502136","0.17596378177404404","0.1629970371723175","0.18257877230644226"
"1823","0.07733268849551678","0.0633370578289032","0.08600504696369171","0.08039268665015697","0.06457391381263733","0.0885038897395134","0.08026511408388615","0.06538935750722885","0.09022444486618042","0.18697605282068253","0.10042697191238403","0.26955243945121765","0.17397479340434074","0.14922212064266205","0.2055724710226059"
"1824","0.08153051882982254","0.07543230801820755","0.0881478413939476","0.08387448266148567","0.07858714461326599","0.09076932817697525","0.08399811945855618","0.07592541724443436","0.09128064662218094","0.19575071334838867","0.1293458342552185","0.2665073573589325","0.17854372411966324","0.17458602786064148","0.1863369196653366"
"1825","0.07844381034374237","0.07036751508712769","0.08606372773647308","0.08033757656812668","0.07422365993261337","0.08558828383684158","0.07981829717755318","0.07347750663757324","0.08930942416191101","0.18212439864873886","0.12389878928661346","0.24261045455932617","0.172400813549757","0.1669991910457611","0.18267878890037537"
"1826","0.06452014110982418","0.057449303567409515","0.07373170554637909","0.06561735458672047","0.05623818188905716","0.07532431185245514","0.06537028215825558","0.057171959429979324","0.07411162555217743","0.17313599586486816","0.10622170567512512","0.24901476502418518","0.16228782758116722","0.15348175168037415","0.17417524755001068"
"1827","0.07219593785703182","0.06818006932735443","0.07604056596755981","0.0757246445864439","0.07325334846973419","0.07801003009080887","0.0756501592695713","0.07355773448944092","0.07691676169633865","0.18263213522732258","0.11726044118404388","0.2663392722606659","0.16981415450572968","0.1651298701763153","0.17737698554992676"
"1828","0.06839009001851082","0.05712001770734787","0.07786113023757935","0.07024681009352207","0.05899637192487717","0.07652553170919418","0.0695493333041668","0.05872134864330292","0.07610045373439789","0.1721881590783596","0.10649847984313965","0.23805975914001465","0.15692944824695587","0.14103806018829346","0.171847403049469"
"1829","0.07634531147778034","0.07288146018981934","0.08291435241699219","0.0771158579736948","0.07254578173160553","0.08528880774974823","0.0777787659317255","0.07512637972831726","0.08453203737735748","0.1868535913527012","0.124288409948349","0.25824442505836487","0.17423252388834953","0.16477206349372864","0.18506170809268951"
"1830","0.07546290010213852","0.06511964648962021","0.08297131210565567","0.07562653720378876","0.06405945122241974","0.08207052946090698","0.07606990449130535","0.06613336503505707","0.08227993547916412","0.17756967805325985","0.12467560917139053","0.23637492954730988","0.16756345331668854","0.14625807106494904","0.18379884958267212"
"1831","0.07944732904434204","0.07544058561325073","0.0821409821510315","0.08004784025251865","0.07587134838104248","0.0830983892083168","0.08098840340971947","0.07657253742218018","0.08349071443080902","0.1923840008676052","0.12034280598163605","0.26016610860824585","0.1772586815059185","0.1665230393409729","0.1895018368959427"
"1832","0.07696729525923729","0.0651022344827652","0.09246225655078888","0.07801381126046181","0.06606551259756088","0.09375306963920593","0.0790430810302496","0.0661875456571579","0.09458257257938385","0.18122656643390656","0.10641005635261536","0.24575646221637726","0.16777748987078667","0.15131023526191711","0.19560538232326508"
"1833","0.07618973962962627","0.07200923562049866","0.08025936782360077","0.07747126184403896","0.07140400260686874","0.08172792196273804","0.07768073678016663","0.07283288240432739","0.08125053346157074","0.18799469247460365","0.12617042660713196","0.2541641592979431","0.1715049035847187","0.16520343720912933","0.18049046397209167"
"1834","0.07355566695332527","0.06948229670524597","0.07859724014997482","0.0755007229745388","0.06960111111402512","0.08011537790298462","0.076489994302392","0.07230056822299957","0.08142287284135818","0.18438813090324402","0.11282743513584137","0.25606659054756165","0.17071141302585602","0.16410809755325317","0.1783829629421234"
"1836","0.07218241039663553","0.061997611075639725","0.07983367145061493","0.07416894845664501","0.06266481429338455","0.08126124739646912","0.07419215328991413","0.06272711604833603","0.08100764453411102","0.18500684946775436","0.12275271117687225","0.2697189748287201","0.16963352262973785","0.15678071975708008","0.17777535319328308"
"1837","0.06977991387248039","0.05954565107822418","0.07590311020612717","0.07172305509448051","0.06256528198719025","0.07880213856697083","0.0716631319373846","0.06373758614063263","0.07867762446403503","0.1725131794810295","0.11375856399536133","0.2292415350675583","0.1694534383714199","0.16194123029708862","0.17389985918998718"
"1838","0.07604780048131943","0.06892354786396027","0.08991748094558716","0.07701733708381653","0.07084640115499496","0.0906788557767868","0.07775218226015568","0.07207763195037842","0.0914786234498024","0.19071010686457157","0.12359324842691422","0.24749472737312317","0.17688827216625214","0.16092848777770996","0.2042866051197052"
"1839","0.07599756680428982","0.07139042764902115","0.0839252844452858","0.07698419876396656","0.07348284125328064","0.0847405418753624","0.07779174111783504","0.07494168728590012","0.08533255010843277","0.1895376481115818","0.11526180803775787","0.28902190923690796","0.16882113739848137","0.16052767634391785","0.18547022342681885"
"1840","0.07440962642431259","0.0614297017455101","0.09697829186916351","0.07569061778485775","0.06328827142715454","0.09334229677915573","0.07657766714692116","0.06367471814155579","0.09825389087200165","0.17961550503969193","0.11404475569725037","0.22939659655094147","0.16931115463376045","0.15281134843826294","0.20373673737049103"
"1841","0.07225053012371063","0.06710933148860931","0.07893511652946472","0.07495502568781376","0.06983354687690735","0.08197761327028275","0.07428598031401634","0.06768646836280823","0.08241242170333862","0.17814021185040474","0.1093241274356842","0.2591942548751831","0.16475480794906616","0.1519438922405243","0.176800936460495"
"1842","0.07871563173830509","0.07251952588558197","0.08602920919656754","0.0811310950666666","0.07701066881418228","0.08650951832532883","0.08010075241327286","0.07360503077507019","0.08655907213687897","0.19386816024780273","0.1307367980480194","0.2649211883544922","0.17834310978651047","0.1696901172399521","0.18653495609760284"
"1843","0.06890612840652466","0.063667893409729","0.0792115330696106","0.07027437910437584","0.06427706778049469","0.0798201709985733","0.07070264779031277","0.06397628784179688","0.07817773520946503","0.17058772034943104","0.10102645307779312","0.23692308366298676","0.15794769674539566","0.1496555656194687","0.1692328304052353"
"1844","0.07010667212307453","0.06282439827919006","0.08275173604488373","0.07040591351687908","0.0640934631228447","0.08238162100315094","0.0716313049197197","0.06460355222225189","0.0832844227552414","0.17539665289223194","0.10727090388536453","0.24109520018100739","0.1621766947209835","0.14991989731788635","0.17584726214408875"
"1845","0.06998706236481667","0.06184953451156616","0.07510213553905487","0.07108167000114918","0.06225822865962982","0.07637758553028107","0.07099683489650488","0.061742234975099564","0.07687251269817352","0.17576098069548607","0.09934382140636444","0.24962183833122253","0.16060377284884453","0.1508200764656067","0.1668291687965393"
"1846","0.06534241791814566","0.06002400070428848","0.07640139013528824","0.06575457192957401","0.061092227697372437","0.07635576277971268","0.06626985035836697","0.06077827513217926","0.07656200975179672","0.16869149915874004","0.09864491969347","0.2493465095758438","0.15201827511191368","0.1419549137353897","0.16486862301826477"
"1847","0.07442020811140537","0.06563375890254974","0.07830166816711426","0.07495494373142719","0.06418012082576752","0.08138706535100937","0.07492019236087799","0.0651155412197113","0.08097505569458008","0.1834699921309948","0.12552762031555176","0.24606665968894958","0.17263967543840408","0.16084328293800354","0.17740559577941895"
"1848","0.08120878227055073","0.07063616812229156","0.0884985402226448","0.08361762203276157","0.0742742195725441","0.0903952345252037","0.08388959616422653","0.07498472929000854","0.09135665744543076","0.19488652050495148","0.1337001919746399","0.2698408365249634","0.1789585016667843","0.16300401091575623","0.20187632739543915"
"1849","0.07687903195619583","0.07171620428562164","0.08254756033420563","0.07792218588292599","0.06993943452835083","0.08548106253147125","0.07874263823032379","0.07010983675718307","0.08534182608127594","0.1966857686638832","0.11367079615592957","0.2943568229675293","0.1721637099981308","0.1617916226387024","0.18502196669578552"
"1850","0.0672470536082983","0.059644632041454315","0.0713423490524292","0.07026275433599949","0.06468717753887177","0.07509416341781616","0.0700750881806016","0.062414463609457016","0.07658977061510086","0.17393929697573185","0.0984787791967392","0.25032779574394226","0.163502287119627","0.14840339124202728","0.17513665556907654"
"1851","0.07711662445217371","0.061532337218523026","0.08337673544883728","0.08033853955566883","0.06384503841400146","0.0877717137336731","0.08045893721282482","0.06561043858528137","0.08729799836874008","0.1844784989953041","0.1278245747089386","0.2585878074169159","0.17152902856469154","0.15132364630699158","0.18722735345363617"
"1852","0.07947740331292152","0.07023577392101288","0.10374947637319565","0.08094998635351658","0.0705040916800499","0.10726496577262878","0.08140978403389454","0.07154135406017303","0.10732417553663254","0.18475814163684845","0.10846938192844391","0.24560609459877014","0.1741878055036068","0.15590064227581024","0.21788151562213898"
"1853","0.07008394785225391","0.06245340406894684","0.07730887830257416","0.07124882563948631","0.06268318742513657","0.07822826504707336","0.07026276364922523","0.06293356418609619","0.07746820151805878","0.17290712147951126","0.1027778759598732","0.23748962581157684","0.15693490952253342","0.14717543125152588","0.16726627945899963"
"1854","0.07721691578626633","0.07357676327228546","0.08333145081996918","0.07928629778325558","0.0765208899974823","0.08593675494194031","0.07920091785490513","0.0759463682770729","0.08595183491706848","0.19878893718123436","0.12401033937931061","0.2837940752506256","0.17755278199911118","0.1674281358718872","0.18950070440769196"
"1855","0.07920350506901741","0.07000488042831421","0.08665178716182709","0.08085077814757824","0.07059775292873383","0.08861112594604492","0.08115474693477154","0.07055677473545074","0.09008809179067612","0.1948622576892376","0.11489087343215942","0.27022799849510193","0.17398890852928162","0.15833020210266113","0.18220272660255432"
"1856","0.08557136543095112","0.06905284523963928","0.10984739661216736","0.08732371032238007","0.07401308417320251","0.11002194881439209","0.0880451537668705","0.07261250168085098","0.11153990030288696","0.20688152872025967","0.11201342195272446","0.3279462158679962","0.18595965951681137","0.16571573913097382","0.21813976764678955"
"1857","0.07755204103887081","0.06502019613981247","0.0856013223528862","0.07887209579348564","0.06605721265077591","0.08366607874631882","0.07927048206329346","0.06594152748584747","0.08587795495986938","0.18830171041190624","0.10972966998815536","0.26377078890800476","0.16952260956168175","0.15560093522071838","0.17565050721168518"
"1858","0.0726748239248991","0.06284249573945999","0.08145557343959808","0.0741243064403534","0.06467659026384354","0.08410459756851196","0.07432460971176624","0.06477663666009903","0.08409246802330017","0.17581365630030632","0.10363097488880157","0.2517251670360565","0.15904777124524117","0.14493925869464874","0.17229560017585754"
"1859","0.07392614334821701","0.0660085454583168","0.08375031501054764","0.07494118809700012","0.06653986871242523","0.08399513363838196","0.07536243833601475","0.06673619151115417","0.08595718443393707","0.1796073243021965","0.10907769203186035","0.26929205656051636","0.16564350202679634","0.15284129977226257","0.1816670298576355"
"1860","0.07229668088257313","0.0687825083732605","0.07800713926553726","0.07463393732905388","0.07184861600399017","0.0790049210190773","0.07454799115657806","0.07072175294160843","0.07851645350456238","0.17893113568425179","0.11247654259204865","0.25422126054763794","0.17041005939245224","0.15606172382831573","0.20097480714321136"
"1861","0.08288208767771721","0.06888717412948608","0.09390871226787567","0.08576101437211037","0.07403460890054703","0.09633416682481766","0.08602649718523026","0.07589052617549896","0.09398137032985687","0.2025141604244709","0.13127198815345764","0.2902601957321167","0.18690891191363335","0.17304697632789612","0.20887687802314758"
"1862","0.08275721408426762","0.0725087821483612","0.095485158264637","0.08301804773509502","0.07349058240652084","0.0976649671792984","0.08276034519076347","0.07441283017396927","0.0962083637714386","0.20054734870791435","0.12593375146389008","0.26957622170448303","0.1847192794084549","0.16526399552822113","0.2046930491924286"
"1863","0.07521324045956135","0.07012489438056946","0.07900074869394302","0.0767640732228756","0.07279306650161743","0.07984734326601028","0.07638714276254177","0.07234084606170654","0.07869862765073776","0.1890149861574173","0.11450429260730743","0.2643287777900696","0.17339864000678062","0.16588902473449707","0.1775977462530136"
"1864","0.07083586975932121","0.06436391174793243","0.07416599243879318","0.07147431932389736","0.06510680913925171","0.0749058872461319","0.07161270827054977","0.06275967508554459","0.0767395943403244","0.1658471543341875","0.1058199405670166","0.23363177478313446","0.1530006229877472","0.1426277458667755","0.16739338636398315"
"1865","0.08097660914063454","0.07801959663629532","0.08542057871818542","0.08172720484435558","0.07687808573246002","0.08544513583183289","0.0812580045312643","0.07717420160770416","0.08536933362483978","0.20057745836675167","0.11682003736495972","0.2843559980392456","0.18055866286158562","0.16757531464099884","0.19551019370555878"
"1866","0.0736002754420042","0.06561196595430374","0.0780152902007103","0.07335437089204788","0.06698448956012726","0.07753391563892365","0.07393672317266464","0.06650664657354355","0.07837023586034775","0.18124518170952797","0.11731140315532684","0.26281583309173584","0.16551047563552856","0.14939233660697937","0.18283537030220032"
"1867","0.07464751973748207","0.07147927582263947","0.07912048697471619","0.07651126943528652","0.07351981103420258","0.07886891067028046","0.07654853910207748","0.07372976094484329","0.0796498954296112","0.19039097987115383","0.12364857643842697","0.2564196288585663","0.17030776664614677","0.16108395159244537","0.17874032258987427"
"1868","0.0755790937691927","0.0732240304350853","0.07890457659959793","0.07744136825203896","0.07530666887760162","0.07911022007465363","0.07762276194989681","0.07559406757354736","0.07923956960439682","0.18444822169840336","0.11820179969072342","0.2483842819929123","0.17417310550808907","0.16243182122707367","0.18504750728607178"
"1869","0.07762305624783039","0.07277637720108032","0.08183068037033081","0.07882997579872608","0.07380402088165283","0.08347917348146439","0.07945474423468113","0.07497701048851013","0.08209258317947388","0.17820613831281662","0.12372101843357086","0.2451935112476349","0.17044515535235405","0.15636377036571503","0.18095917999744415"
"1870","0.07475928962230682","0.05790167301893234","0.08918124437332153","0.07665347028523684","0.06069156154990196","0.08981429040431976","0.07750623300671577","0.05863858759403229","0.09136159718036652","0.18647728487849236","0.1322070062160492","0.24766679108142853","0.17242278158664703","0.14670266211032867","0.19461369514465332"
"1871","0.070571543648839","0.06257014721632004","0.08116074651479721","0.07129012607038021","0.06388804316520691","0.08271367102861404","0.07126455008983612","0.06356179714202881","0.08143657445907593","0.16750411316752434","0.11076493561267853","0.2223171442747116","0.1534639187157154","0.1450979858636856","0.16600973904132843"
"1872","0.06876661255955696","0.06531646102666855","0.07051694393157959","0.06866518780589104","0.06615074723958969","0.07172472774982452","0.06944696232676506","0.06782645732164383","0.0719459056854248","0.16678456775844097","0.10065823793411255","0.23222121596336365","0.15912701189517975","0.14952918887138367","0.16668358445167542"
"1873","0.07351388409733772","0.06375725567340851","0.08539972454309464","0.07426583953201771","0.06297524273395538","0.08629331737756729","0.07408984377980232","0.06426563113927841","0.08670783787965775","0.17818882688879967","0.09986676275730133","0.2768886089324951","0.15417799726128578","0.13819609582424164","0.17225641012191772"
"1874","0.07499409839510918","0.06834986805915833","0.08274479955434799","0.07662174291908741","0.06873435527086258","0.08587929606437683","0.0767434574663639","0.0702160894870758","0.0833321288228035","0.18149861693382263","0.125372976064682","0.2512088119983673","0.17981508001685143","0.16067524254322052","0.1913154274225235"
"1875","0.0751388818025589","0.05996271222829819","0.08765752613544464","0.07638620585203171","0.062159694731235504","0.08989185094833374","0.0754625303670764","0.061773400753736496","0.088929183781147","0.18517312221229076","0.10072559863328934","0.27389857172966003","0.16945070400834084","0.14465288817882538","0.19885723292827606"
"1876","0.07203688286244869","0.05571167916059494","0.08097768574953079","0.07293050643056631","0.056891921907663345","0.08060905337333679","0.07258076593279839","0.05643485486507416","0.07964614778757095","0.1753026843070984","0.09303100407123566","0.25068625807762146","0.16251978278160095","0.14583522081375122","0.17395952343940735"
"1877","0.08187826909124851","0.07298918813467026","0.09560580551624298","0.08363687060773373","0.07697008550167084","0.09758789837360382","0.08465285412967205","0.07767653465270996","0.09948599338531494","0.2007281295955181","0.11874820291996002","0.291481077671051","0.17949166148900986","0.164908766746521","0.19381149113178253"
"1878","0.07468496635556221","0.06496010720729828","0.08377213776111603","0.07635566033422947","0.06787969917058945","0.08491678535938263","0.0767964031547308","0.06712836772203445","0.0869147926568985","0.1881394200026989","0.10939159989356995","0.2769708037376404","0.16992264613509178","0.15609285235404968","0.1871805191040039"
"1879","0.08092022873461246","0.0761709213256836","0.08872529119253159","0.0829498078674078","0.0773812085390091","0.09278701990842819","0.08303823880851269","0.07726659625768661","0.09339415282011032","0.19203475303947926","0.12258913367986679","0.2530173063278198","0.17478498071432114","0.16612200438976288","0.1958383321762085"
"1880","0.0732476506382227","0.06625732779502869","0.09100094437599182","0.07433302327990532","0.06598055362701416","0.09287911653518677","0.07494431361556053","0.06483115255832672","0.0934697836637497","0.17650992050766945","0.11131113767623901","0.23347002267837524","0.16204650327563286","0.15080022811889648","0.18570102751255035"
"1881","0.07936977595090866","0.059656932950019836","0.09383047372102737","0.08106295671314001","0.060134563595056534","0.09434210509061813","0.08191404677927494","0.0617157444357872","0.09683327376842499","0.18987153097987175","0.12825258076190948","0.26518523693084717","0.17835161834955215","0.14556598663330078","0.20461824536323547"
"1882","0.07953649573028088","0.06643280386924744","0.09061133116483688","0.08068928495049477","0.06906239688396454","0.09362991154193878","0.08137350901961327","0.06877485662698746","0.0933237299323082","0.1830300223082304","0.11932674795389175","0.24963195621967316","0.1659046970307827","0.14265477657318115","0.18519572913646698"
"1883","0.07009687181562185","0.062263745814561844","0.08011816442012787","0.07239238917827606","0.06344000995159149","0.08272649347782135","0.07213776372373104","0.06440204381942749","0.08222782611846924","0.17560610175132751","0.1116979718208313","0.26679331064224243","0.15972458571195602","0.14563113451004028","0.17251801490783691"
"1884","0.0695644672960043","0.06079871207475662","0.07946591079235077","0.0747713502496481","0.06553134322166443","0.08502256125211716","0.07426868192851543","0.06494474411010742","0.08453032374382019","0.1918637529015541","0.10756538808345795","0.2810910940170288","0.1712016984820366","0.14878377318382263","0.19353821873664856"
"1885","0.06973958015441895","0.06378047168254852","0.0775228813290596","0.07455136068165302","0.06558209657669067","0.08508063107728958","0.0756518766283989","0.0687534436583519","0.08579709380865097","0.19236098043620586","0.11028679460287094","0.2826554775238037","0.17711923271417618","0.1601024568080902","0.19815976917743683"
"1886","0.07321169413626194","0.06518133729696274","0.08234304189682007","0.07750746048986912","0.0706089660525322","0.08626580238342285","0.07693942077457905","0.06819556653499603","0.08705069124698639","0.19400686398148537","0.12620092928409576","0.26264965534210205","0.174442570656538","0.16159628331661224","0.184780091047287"
"1887","0.07225339487195015","0.0629308894276619","0.077913299202919","0.0762163046747446","0.067146897315979","0.08151686191558838","0.07748283632099628","0.06936603784561157","0.08245958387851715","0.1893658060580492","0.12254326790571213","0.25672274827957153","0.18509624525904655","0.1718486249446869","0.19706803560256958"
"1888","0.06679897382855415","0.0552237406373024","0.07575786113739014","0.07075656484812498","0.05903656408190727","0.08187422901391983","0.07006022147834301","0.05709795653820038","0.08104819059371948","0.18079226836562157","0.11511072516441345","0.27371352910995483","0.16723090782761574","0.1453758031129837","0.1892232745885849"
"1889","0.06199334841221571","0.059114519506692886","0.064546599984169","0.06718781962990761","0.0623420849442482","0.07184955477714539","0.0675558727234602","0.06438977271318436","0.07216760516166687","0.18216577544808388","0.10721778124570847","0.2691829800605774","0.16077063605189323","0.14966705441474915","0.1783519685268402"
"1890","0.06773730926215649","0.056620679795742035","0.07580919563770294","0.07328221760690212","0.060853295028209686","0.08298418670892715","0.07369480282068253","0.06292000412940979","0.08316670358181","0.18930144608020782","0.12105010449886322","0.28745996952056885","0.1755986176431179","0.15233445167541504","0.18850713968276978"
"1891","0.07079906575381756","0.0674666315317154","0.07412160187959671","0.0762392058968544","0.07174207270145416","0.0798395574092865","0.07605442777276039","0.07194279134273529","0.07874597609043121","0.19394366070628166","0.12791889905929565","0.2776203751564026","0.18251201882958412","0.1662808656692505","0.193525493144989"
"1892","0.06823201291263103","0.06385388970375061","0.07014507055282593","0.07326120510697365","0.07015863060951233","0.07627600431442261","0.07287823781371117","0.06788504123687744","0.07607871294021606","0.1906689703464508","0.124397873878479","0.25678449869155884","0.17042896524071693","0.1673182249069214","0.17478781938552856"
"1893","0.06715752370655537","0.059755317866802216","0.07409466803073883","0.07157410308718681","0.0654636025428772","0.07697726786136627","0.07154242880642414","0.06464983522891998","0.07717278599739075","0.17695537582039833","0.11827495694160461","0.23173727095127106","0.16364429891109467","0.1510203629732132","0.17419427633285522"
"1894","0.07104886788874865","0.06210475042462349","0.08493358641862869","0.07546477764844894","0.06628930568695068","0.08957690745592117","0.07667569257318974","0.06768578290939331","0.09013860672712326","0.1914631649851799","0.11875014007091522","0.2781643271446228","0.17660445347428322","0.16109342873096466","0.1937725692987442"
"1895","0.0625475961714983","0.05064131319522858","0.0735962837934494","0.06694571767002344","0.054277561604976654","0.07977593690156937","0.06869135145097971","0.05579875037074089","0.08085069060325623","0.18172847852110863","0.09969599545001984","0.27805811166763306","0.16698846966028214","0.14723579585552216","0.18973487615585327"
"1896","0.0645690793171525","0.0550442598760128","0.07122651487588882","0.06798682827502489","0.05713767930865288","0.07585301250219345","0.06910422071814537","0.05764893442392349","0.07586446404457092","0.17617997154593468","0.12017596513032913","0.2459908127784729","0.16351819783449173","0.15316739678382874","0.16883641481399536"
"1897","0.06430475413799286","0.05632662773132324","0.07381615042686462","0.06938773393630981","0.058591924607753754","0.07842377573251724","0.06854002736508846","0.05980623885989189","0.07686787098646164","0.17608621530234814","0.11363416165113449","0.23842734098434448","0.16722861677408218","0.15103989839553833","0.17774319648742676"
"1898","0.06711627542972565","0.061855800449848175","0.0732586681842804","0.0713450238108635","0.06508392095565796","0.07730108499526978","0.0706589873880148","0.06466683745384216","0.07550197839736938","0.18728157505393028","0.11045986413955688","0.26112186908721924","0.17278960719704628","0.16131854057312012","0.18631508946418762"
"1899","0.06461067497730255","0.054502859711647034","0.07057344913482666","0.06774025782942772","0.05915886163711548","0.07324838638305664","0.06868685781955719","0.05945520102977753","0.07586376368999481","0.17251620441675186","0.09800770878791809","0.2401261031627655","0.15783751383423805","0.1431282013654709","0.16574589908123016"
"1900","0.06716957129538059","0.06289002299308777","0.07302159070968628","0.07068436965346336","0.06703833490610123","0.07663470506668091","0.07167327031493187","0.06724350154399872","0.07969614863395691","0.17264870554208755","0.11291620135307312","0.23128104209899902","0.16144968196749687","0.15611962974071503","0.17259784042835236"
"1901","0.06296866573393345","0.046497538685798645","0.07385997474193573","0.06660846062004566","0.04844918102025986","0.0794583186507225","0.06778566259890795","0.049859415739774704","0.07937835156917572","0.17201966606080532","0.0844675675034523","0.25903308391571045","0.15418251603841782","0.1280333399772644","0.17121879756450653"
"1902","0.06160228606313467","0.056988269090652466","0.06594093143939972","0.06657401099801064","0.06216452270746231","0.07121440768241882","0.06606599688529968","0.06169698387384415","0.07155933976173401","0.16730136051774025","0.10777740180492401","0.22480669617652893","0.15712353587150574","0.14828331768512726","0.16416457295417786"
"1903","0.0637304587289691","0.05133384093642235","0.07778561115264893","0.06650839559733868","0.05547501891851425","0.0796966701745987","0.06658152677118778","0.054080381989479065","0.08152616024017334","0.17181316204369068","0.10639379173517227","0.24351075291633606","0.15733394399285316","0.14822718501091003","0.17335157096385956"
"1904","0.07236148603260517","0.06592488288879395","0.0817885473370552","0.07655784115195274","0.07032880187034607","0.08726023137569427","0.07747252285480499","0.07122206687927246","0.08726942539215088","0.19530772045254707","0.1238250881433487","0.25998762249946594","0.18564648553729057","0.17496827244758606","0.2023603469133377"
"1905","0.06589467823505402","0.05820078402757645","0.07425353676080704","0.07136049307882786","0.060927748680114746","0.08122920244932175","0.071503896266222","0.06429804861545563","0.0791209489107132","0.18503234535455704","0.10757340490818024","0.2705012559890747","0.1650678552687168","0.1511722207069397","0.18205000460147858"
"1906","0.0666804937645793","0.05666700378060341","0.07205316424369812","0.07077732309699059","0.06037791073322296","0.07553558796644211","0.07118973322212696","0.06101306527853012","0.07588312029838562","0.17854081839323044","0.11981521546840668","0.26043832302093506","0.16516659036278725","0.1476306915283203","0.18037356436252594"
"1907","0.06452757865190506","0.06157597154378891","0.06931045651435852","0.06825747899711132","0.0653352290391922","0.07276786863803864","0.06857411563396454","0.06527706980705261","0.07455411553382874","0.17797906696796417","0.1137777790427208","0.25997570157051086","0.16200882568955421","0.15576370060443878","0.17326080799102783"
"1908","0.06786303780972958","0.061454541981220245","0.07877494394779205","0.0717131495475769","0.06541775166988373","0.08335678279399872","0.07214973866939545","0.06401334702968597","0.08420006930828094","0.18833090364933014","0.11355583369731903","0.25898924469947815","0.17493148148059845","0.1590878665447235","0.1927488148212433"
"1909","0.06459745485335588","0.06082644686102867","0.06981387734413147","0.06919295527040958","0.06543202698230743","0.07416363805532455","0.06901742145419121","0.06597387790679932","0.07436858862638474","0.17840817011892796","0.10668358951807022","0.24520787596702576","0.15878258645534515","0.1530025154352188","0.17035812139511108"
"1910","0.06833552196621895","0.059429146349430084","0.07606402784585953","0.07271921262145042","0.062128081917762756","0.08152371644973755","0.07244554348289967","0.06272870302200317","0.08149317651987076","0.18339329585433006","0.12641233205795288","0.2454293817281723","0.16629121452569962","0.15327319502830505","0.17811089754104614"
"1911","0.06766881607472897","0.06295332312583923","0.07448098808526993","0.07232502475380898","0.06656459718942642","0.07826627790927887","0.07308181934058666","0.0685141533613205","0.08066864311695099","0.17658156342804432","0.11748798191547394","0.2578004002571106","0.1700914464890957","0.16533565521240234","0.17474961280822754"
"1912","0.06881237775087357","0.06218563765287399","0.07359424233436584","0.0722636952996254","0.06433983147144318","0.07702253013849258","0.07266580499708652","0.06472331285476685","0.07693557441234589","0.1827726513147354","0.10678727924823761","0.25702595710754395","0.16208143904805183","0.15184427797794342","0.17252114415168762"
"1913","0.06517220661044121","0.0587102547287941","0.0687713548541069","0.07036291435360909","0.064017653465271","0.076315738260746","0.07063771225512028","0.06456820666790009","0.07399635761976242","0.18331339582800865","0.10955619812011719","0.2656327784061432","0.1664610579609871","0.15224674344062805","0.17381982505321503"
"1914","0.06506345793604851","0.0625978410243988","0.06693480908870697","0.06937814317643642","0.0656851977109909","0.07218524068593979","0.06890947930514812","0.06553351879119873","0.07157345116138458","0.18080997467041016","0.11225560307502747","0.263430118560791","0.16107386350631714","0.15617649257183075","0.16412806510925293"
"1915","0.06591543462127447","0.0612381212413311","0.07023246586322784","0.06955805793404579","0.06610144674777985","0.07299458980560303","0.07019700109958649","0.0661061555147171","0.07403985410928726","0.17812641710042953","0.11068004369735718","0.2577499449253082","0.15743383020162582","0.14910674095153809","0.16577059030532837"
"1916","0.06350859627127647","0.061329714953899384","0.06712581217288971","0.06616394408047199","0.06372736394405365","0.0703149288892746","0.06587002985179424","0.06431102007627487","0.06848891079425812","0.17524884827435017","0.11233891546726227","0.23835672438144684","0.1636280044913292","0.15810780227184296","0.17123322188854218"
"1917","0.06656895577907562","0.05742531269788742","0.07300935685634613","0.07049803249537945","0.06019774079322815","0.07775605469942093","0.07158099301159382","0.06046797335147858","0.08032023906707764","0.18214496225118637","0.10121794044971466","0.2492455244064331","0.16561968997120857","0.14625805616378784","0.18068861961364746"
"1918","0.06315820664167404","0.05972575023770332","0.06632202118635178","0.06811940856277943","0.06304585933685303","0.07328245043754578","0.06848972849547863","0.06537939608097076","0.0739581286907196","0.17399115674197674","0.10895838588476181","0.2467038780450821","0.152755256742239","0.14698536694049835","0.161484956741333"
"1919","0.07399855367839336","0.06392906606197357","0.07867226004600525","0.07871890813112259","0.06721475720405579","0.083847776055336","0.07877303101122379","0.06518802046775818","0.08422651141881943","0.19421756640076637","0.13283279538154602","0.26552221179008484","0.16983571276068687","0.1599152684211731","0.1753070205450058"
"1920","0.06030869483947754","0.05424372851848602","0.0706917941570282","0.06395235192030668","0.05644189193844795","0.0759207233786583","0.0646662125363946","0.057637978345155716","0.0769384354352951","0.170909209176898","0.10474181920289993","0.26434844732284546","0.164156936109066","0.15357591211795807","0.1866450309753418"
"1921","0.06419418659061193","0.05600227415561676","0.07358560711145401","0.06868572905659676","0.06075408309698105","0.07828059792518616","0.06824282836169004","0.05947722867131233","0.07915554940700531","0.1754104383289814","0.12383337318897247","0.22358101606369019","0.16255659237504005","0.14776308834552765","0.17685136198997498"
"1922","0.0709387268871069","0.060922905802726746","0.0814170092344284","0.07555818930268288","0.06461165845394135","0.08651971817016602","0.07460721209645271","0.06496937572956085","0.08592482656240463","0.18586081266403198","0.10815085470676422","0.2822836637496948","0.17172953858971596","0.1552852988243103","0.2008351981639862"
"1923","0.06888534035533667","0.05220116302371025","0.08211544901132584","0.07397794909775257","0.05501249432563782","0.09104777127504349","0.07341904193162918","0.055386751890182495","0.09074996411800385","0.1800191067159176","0.13269329071044922","0.23190589249134064","0.18000854924321175","0.1435614973306656","0.22491464018821716"
"1924","0.06355009973049164","0.05796130746603012","0.06720894575119019","0.06754605285823345","0.06145679950714111","0.07287921011447906","0.06689756363630295","0.05849941074848175","0.0730016827583313","0.17403364926576614","0.1055276021361351","0.2363390177488327","0.15872847661376","0.1525491327047348","0.16901037096977234"
"1925","0.05976166017353535","0.05664609745144844","0.06218567490577698","0.06277397833764553","0.060147903859615326","0.06475428491830826","0.06373301427811384","0.061804670840501785","0.0647474080324173","0.16660304553806782","0.1085394099354744","0.2304561883211136","0.150532815605402","0.1480998396873474","0.15338051319122314"
"1926","0.06333673931658268","0.058496005833148956","0.06889426708221436","0.06691715680062771","0.0633205771446228","0.0689949095249176","0.06768578290939331","0.06494756042957306","0.07000825554132462","0.17314785346388817","0.10179534554481506","0.2510814070701599","0.1486268825829029","0.14041131734848022","0.15439024567604065"
"1927","0.06804810557514429","0.0617109052836895","0.07640323042869568","0.07296729646623135","0.06593817472457886","0.08124273270368576","0.07396614365279675","0.06701990216970444","0.08157403022050858","0.19230467826128006","0.1298714280128479","0.2537428140640259","0.17496803402900696","0.15833652019500732","0.1904308944940567"
"1928","0.06539374962449074","0.06120304390788078","0.07697472721338272","0.06886751763522625","0.06531563401222229","0.07929261028766632","0.06938697956502438","0.06322798132896423","0.08221816271543503","0.17987246997654438","0.1095372885465622","0.269489586353302","0.1722281351685524","0.1553795039653778","0.20702636241912842"
"1929","0.06537868734449148","0.060368556529283524","0.07603581249713898","0.06946850195527077","0.06373323500156403","0.08266876637935638","0.06989037618041039","0.06384110450744629","0.08239568769931793","0.18010151758790016","0.11461110413074493","0.2500455379486084","0.1670265533030033","0.15735390782356262","0.18525414168834686"
"1930","0.06656062602996826","0.054064907133579254","0.08003229647874832","0.07081648427993059","0.05929139629006386","0.08341065049171448","0.06999886967241764","0.05893882364034653","0.0817922055721283","0.1754307560622692","0.11669588088989258","0.24287812411785126","0.1700034961104393","0.15293549001216888","0.1995227336883545"
"1931","0.06833968870341778","0.06367029249668121","0.07532363384962082","0.07201134972274303","0.06607070565223694","0.08075674623250961","0.07225234992802143","0.06805913895368576","0.0777631551027298","0.18942942284047604","0.11580517143011093","0.2955932915210724","0.17309001460671425","0.16663862764835358","0.179446280002594"
"1932","0.07062380947172642","0.06519831717014313","0.07913154363632202","0.07717471942305565","0.07158087193965912","0.08291347324848175","0.07542253285646439","0.0721101313829422","0.08275898545980453","0.19674556702375412","0.12020426988601685","0.26747584342956543","0.17862199246883392","0.1704500913619995","0.19071926176548004"
"1933","0.06745623797178268","0.06550804525613785","0.06943226605653763","0.07117709331214428","0.0691937580704689","0.07290369272232056","0.07152163051068783","0.06953070312738419","0.07400153577327728","0.1812924314290285","0.12060631811618805","0.2688218951225281","0.16930845007300377","0.16261453926563263","0.17432844638824463"
"1934","0.07095709070563316","0.06838411092758179","0.07336068153381348","0.07567925378680229","0.07074083387851715","0.07876516878604889","0.07546926662325859","0.0713820606470108","0.07916108518838882","0.1892094537615776","0.11860530078411102","0.2707062065601349","0.18381734564900398","0.1674068123102188","0.19789466261863708"
"1935","0.07220138050615788","0.06178060173988342","0.08042086660861969","0.07835463434457779","0.06709682941436768","0.08941240608692169","0.07810858637094498","0.06669242680072784","0.087767094373703","0.1956438384950161","0.11457079648971558","0.2754858136177063","0.1772453784942627","0.1612580120563507","0.1890224814414978"
"1936","0.06983744632452726","0.06008017435669899","0.08283200114965439","0.0735743148252368","0.059889864176511765","0.08895306289196014","0.07376114465296268","0.060313090682029724","0.08893483877182007","0.1820223368704319","0.12363724410533905","0.24003027379512787","0.17816905304789543","0.16561377048492432","0.20147477090358734"
"1937","0.05880122538655996","0.051560916006565094","0.06929761916399002","0.06235436350107193","0.05523465946316719","0.07258643209934235","0.06240072101354599","0.05516436696052551","0.07241205126047134","0.1663990132510662","0.09556514024734497","0.25286585092544556","0.1511244885623455","0.13989482820034027","0.1726488471031189"
"1938","0.07026680745184422","0.06373380124568939","0.07819833606481552","0.07322153449058533","0.06706583499908447","0.08116491883993149","0.07364944741129875","0.06713787466287613","0.081850066781044","0.1902925819158554","0.10462638735771179","0.2611705958843231","0.1718650832772255","0.1519155651330948","0.19609272480010986"
"1939","0.06807895191013813","0.06421954929828644","0.0702536404132843","0.07209134288132191","0.0697568953037262","0.07575095444917679","0.07164009846746922","0.06936262547969818","0.07565326988697052","0.17846326529979706","0.11334316432476044","0.24636536836624146","0.1629842296242714","0.15592730045318604","0.1731589138507843"
"1940","0.07147896196693182","0.061696168035268784","0.0784672275185585","0.07571211270987988","0.06671591103076935","0.08366036415100098","0.07441812381148338","0.0640728771686554","0.08305124938488007","0.19065015763044357","0.11777357757091522","0.2736279368400574","0.1829480268061161","0.16770261526107788","0.1988207995891571"
"1941","0.06790263950824738","0.05238357186317444","0.0940869152545929","0.07253654301166534","0.055406808853149414","0.09919048845767975","0.07214539125561714","0.05592562258243561","0.09925124049186707","0.18271734938025475","0.09713217616081238","0.2563170790672302","0.17212892696261406","0.1473214030265808","0.21402859687805176"
"1942","0.06813380680978298","0.06374729424715042","0.07595658302307129","0.0717571135610342","0.0674363300204277","0.07953736931085587","0.07134116999804974","0.06762900948524475","0.08034776151180267","0.17498775012791157","0.11153668910264969","0.23293030261993408","0.164263516664505","0.1561109870672226","0.18189412355422974"
"1943","0.06482670269906521","0.06062006205320358","0.06940458714962006","0.06888153403997421","0.06359173357486725","0.07371488958597183","0.06875079497694969","0.06369486451148987","0.07499127089977264","0.1853440497070551","0.1103038638830185","0.2681811451911926","0.1670442633330822","0.16051819920539856","0.1743515580892563"
"1944","0.06634081527590752","0.06322071701288223","0.07076090574264526","0.07061113230884075","0.06793764233589172","0.07553832978010178","0.0707575585693121","0.0685003399848938","0.07393328845500946","0.17791231349110603","0.11087910830974579","0.24487686157226562","0.17054251953959465","0.16394273936748505","0.1793331801891327"
"1945","0.06545430701225996","0.057342685759067535","0.08210637420415878","0.069396011531353","0.05888842046260834","0.08859053254127502","0.06871848460286856","0.05934470519423485","0.08605778217315674","0.17998984083533287","0.09985426068305969","0.26976150274276733","0.1614532619714737","0.14618389308452606","0.1862415373325348"
"1946","0.06757551059126854","0.061719298362731934","0.073410265147686","0.07179337739944458","0.06484820693731308","0.08190872520208359","0.07187213748693466","0.0676426887512207","0.07864395529031754","0.1772125381976366","0.11718330532312393","0.25307661294937134","0.167689997702837","0.15758690237998962","0.18124935030937195"
"1947","0.07011070288717747","0.06514692306518555","0.07619646191596985","0.07515890337526798","0.06788438558578491","0.08032883703708649","0.07446710206568241","0.06783874332904816","0.08289795368909836","0.1849366407841444","0.11284180730581284","0.27309614419937134","0.1712547056376934","0.16226604580879211","0.1804918348789215"
"1948","0.07156647183001041","0.06564536690711975","0.07847900688648224","0.07689302787184715","0.07269222289323807","0.08234071731567383","0.0765711572021246","0.0736197829246521","0.08030473440885544","0.2020074501633644","0.12742732465267181","0.28082674741744995","0.17944327741861343","0.17599548399448395","0.18256989121437073"
"1949","0.06911608763039112","0.06282124668359756","0.07584844529628754","0.07274765148758888","0.06568872183561325","0.08050072938203812","0.07208268903195858","0.06541115045547485","0.08069413900375366","0.18776003643870354","0.10885593295097351","0.2600785791873932","0.16746124625205994","0.15140900015830994","0.18711256980895996"
"1950","0.0635383352637291","0.056297481060028076","0.07034015655517578","0.06668506562709808","0.061117373406887054","0.07102148234844208","0.06717993132770061","0.06243693828582764","0.07384774833917618","0.16843636333942413","0.10235252976417542","0.24485521018505096","0.1567026451230049","0.14701636135578156","0.16793307662010193"
"1951","0.06697064265608788","0.06170354783535004","0.07728401571512222","0.07182140648365021","0.06502243876457214","0.08046553283929825","0.07188563235104084","0.06466057151556015","0.08089679479598999","0.18554788827896118","0.11574392020702362","0.2840421795845032","0.17384320497512817","0.16911816596984863","0.17764990031719208"
"1952","0.07092127948999405","0.06484717130661011","0.07745267450809479","0.07420087233185768","0.06661466509103775","0.08182427287101746","0.07573351636528969","0.06851264834403992","0.08335939049720764","0.18514056131243706","0.10741215944290161","0.27994370460510254","0.16609244421124458","0.15343499183654785","0.1815279722213745"
"1953","0.0703413225710392","0.06719178706407547","0.07547423988580704","0.07358918339014053","0.07189993560314178","0.07763497531414032","0.074039775878191","0.06992387771606445","0.08085978031158447","0.18421487137675285","0.1155572235584259","0.25595155358314514","0.17236505448818207","0.16498103737831116","0.18085309863090515"
"1954","0.0676697688177228","0.061143141239881516","0.07036560028791428","0.07166991010308266","0.06325214356184006","0.07585283368825912","0.07079662568867207","0.06359397619962692","0.07399959117174149","0.17612033151090145","0.11649820953607559","0.25005775690078735","0.17164411023259163","0.15570653975009918","0.18405939638614655"
"1955","0.06643431074917316","0.06267993897199631","0.07213009148836136","0.06985067576169968","0.06773911416530609","0.07479985058307648","0.06993892788887024","0.06503794342279434","0.07576388120651245","0.18097529374063015","0.11617172509431839","0.2624426484107971","0.17065905407071114","0.16385531425476074","0.1784900575876236"
"1956","0.06409987062215805","0.06261959671974182","0.06670106947422028","0.06752410903573036","0.06553974747657776","0.07129620760679245","0.06754587963223457","0.06534069031476974","0.07267580926418304","0.17989363335072994","0.1140609011054039","0.24541084468364716","0.16811777651309967","0.16099311411380768","0.17342302203178406"
"1957","0.0721532590687275","0.06221295893192291","0.09507778286933899","0.07661318965256214","0.06627832353115082","0.1015101820230484","0.07625137083232403","0.06526176631450653","0.10192613303661346","0.19269070960581303","0.11048048734664917","0.32624351978302","0.17348970100283623","0.15336346626281738","0.22313453257083893"
"1958","0.05984367989003658","0.05794280767440796","0.06152840703725815","0.0633686538785696","0.06138264387845993","0.06491459906101227","0.06395428441464901","0.061932504177093506","0.06557683646678925","0.16095608659088612","0.10250174254179001","0.22525280714035034","0.15352752432227135","0.14712604880332947","0.16607913374900818"
"1959","0.07241873070597649","0.06639120727777481","0.07838498800992966","0.07609209977090359","0.07052308320999146","0.08114290982484818","0.07677090167999268","0.0703108161687851","0.08315819501876831","0.18595255725085735","0.12173035740852356","0.2747543752193451","0.16918131709098816","0.1586819887161255","0.17845922708511353"
"1960","0.07146906107664108","0.05528010427951813","0.08192256093025208","0.07633109204471111","0.05975590646266937","0.08602873235940933","0.07528278138488531","0.059285666793584824","0.08558341860771179","0.18874542973935604","0.10040809959173203","0.25965744256973267","0.17511006072163582","0.14720088243484497","0.19871486723423004"
"1961","0.06798094604164362","0.06117328628897667","0.0792483314871788","0.07273989170789719","0.06617671251296997","0.0816960483789444","0.0723212230950594","0.06558258086442947","0.08118387311697006","0.1784101352095604","0.1064511239528656","0.24774344265460968","0.17411280423402786","0.15642650425434113","0.19038066267967224"
"1962","0.06486449390649796","0.0580592155456543","0.07713230699300766","0.06819251924753189","0.059984587132930756","0.07839541137218475","0.06828729808330536","0.062002554535865784","0.07872767746448517","0.16923560202121735","0.10376119613647461","0.22593477368354797","0.16283705458045006","0.14777126908302307","0.1785997748374939"
"1963","0.07392218336462975","0.0719524472951889","0.07859938591718674","0.07765958458185196","0.07253970205783844","0.08375925570726395","0.07699291221797466","0.0722065269947052","0.08489919453859329","0.1854680608958006","0.12288922816514969","0.24909648299217224","0.17295575141906738","0.16735664010047913","0.1798681765794754"
"1964","0.07629867270588875","0.0683097243309021","0.09205171465873718","0.08011818118393421","0.07190012186765671","0.09732072055339813","0.07998654432594776","0.07255539298057556","0.09439388662576675","0.1894880309700966","0.12200845777988434","0.2647953927516937","0.1780504621565342","0.16946838796138763","0.19645386934280396"
"1965","0.06927666068077087","0.06325633823871613","0.07518176734447479","0.07442066818475723","0.06613299250602722","0.08084798604249954","0.07396219111979008","0.06880954653024673","0.08091580867767334","0.1777523271739483","0.1203729659318924","0.2377125769853592","0.1680217944085598","0.1561630666255951","0.17714276909828186"
"1966","0.06690637394785881","0.052667587995529175","0.07388108968734741","0.07061385735869408","0.05739396810531616","0.07870762795209885","0.07097787782549858","0.05798774212598801","0.07867206633090973","0.1785955596715212","0.09873146563768387","0.2632763981819153","0.15986312180757523","0.14400842785835266","0.16660204529762268"
"1967","0.06572392024099827","0.06235770136117935","0.07045699656009674","0.06927559711039066","0.0658428743481636","0.07344512641429901","0.06862237863242626","0.06545064598321915","0.07128365337848663","0.17978482693433762","0.10755130648612976","0.2579368054866791","0.164169579744339","0.1563553810119629","0.1709384322166443"
"1968","0.06962176971137524","0.05666933208703995","0.07818541675806046","0.07341961376369","0.0605388879776001","0.08073557913303375","0.07346308697015047","0.06044747307896614","0.08063756674528122","0.18350656516849995","0.10844883322715759","0.28533804416656494","0.1696946956217289","0.16043755412101746","0.17965815961360931"
"1969","0.07147668860852718","0.0620710626244545","0.08026179671287537","0.07587249390780926","0.06615549325942993","0.0870150625705719","0.07643245160579681","0.06714747846126556","0.08737607300281525","0.18934235721826553","0.11054794490337372","0.26426422595977783","0.17018865793943405","0.1540590524673462","0.19080457091331482"
"1970","0.06714755296707153","0.058220505714416504","0.07741504162549973","0.0703881224617362","0.06019822880625725","0.08125528693199158","0.0704981405287981","0.05938425660133362","0.08216777443885803","0.17260470800101757","0.12009263783693314","0.2304651290178299","0.1568908616900444","0.14354334771633148","0.16843271255493164"
"1971","0.06613253802061081","0.05978218466043472","0.07490220665931702","0.07020729966461658","0.06484472006559372","0.07745344191789627","0.07022431679069996","0.06571794301271439","0.07566367089748383","0.17415032908320427","0.10747352242469788","0.2584294378757477","0.1618679277598858","0.1552235186100006","0.17854517698287964"
"1972","0.06383267603814602","0.060971349477767944","0.06798981875181198","0.06765533611178398","0.06338250637054443","0.0699092298746109","0.06760923191905022","0.06313164532184601","0.07191768288612366","0.17758958972990513","0.11202477663755417","0.26519423723220825","0.17155396193265915","0.16180434823036194","0.17849200963974"
"1973","0.0705161839723587","0.06724928319454193","0.07467593252658844","0.07462586276233196","0.07203590869903564","0.0769682303071022","0.07510961405932903","0.07131768763065338","0.07735535502433777","0.1850692555308342","0.11655071377754211","0.250486820936203","0.1679246909916401","0.16038312017917633","0.17262637615203857"
"1974","0.06613089051097631","0.05631529912352562","0.08014760911464691","0.07051995303481817","0.06181369349360466","0.08269938081502914","0.06978488247841597","0.060791049152612686","0.08264988660812378","0.17178816720843315","0.11692558228969574","0.22762733697891235","0.16354995593428612","0.15162944793701172","0.17837101221084595"
"1975","0.0654848963022232","0.05798003822565079","0.07465870678424835","0.07155513949692249","0.06371450424194336","0.08494026213884354","0.06960509903728962","0.061815932393074036","0.0805848017334938","0.18093626759946346","0.11328143626451492","0.2647923231124878","0.164768997579813","0.14844483137130737","0.18723586201667786"
"1976","0.0703847836703062","0.05895446240901947","0.08368334174156189","0.07307412289083004","0.0619853138923645","0.0841887965798378","0.0738545898348093","0.06215902417898178","0.08840349316596985","0.18714791536331177","0.11036889255046844","0.25687164068222046","0.17852791398763657","0.16068057715892792","0.2044767439365387"
"1977","0.0697858976200223","0.05480961129069328","0.07747747004032135","0.07318948023021221","0.056479863822460175","0.08113732933998108","0.07218789961189032","0.0552150122821331","0.08122572302818298","0.1867485325783491","0.09860359877347946","0.2886486053466797","0.16669777035713196","0.14531618356704712","0.18493101000785828"
"1978","0.07765067368745804","0.06507574766874313","0.0914967879652977","0.08107447624206543","0.0680164322257042","0.09305594861507416","0.08169558085501194","0.06869976967573166","0.09393852949142456","0.20146761275827885","0.1195160374045372","0.2684013843536377","0.18889552727341652","0.1685892939567566","0.2090960443019867"
"1979","0.06469147372990847","0.05440119281411171","0.07217144221067429","0.06824402417987585","0.05802116543054581","0.07897309958934784","0.06888707168400288","0.05931897461414337","0.07850484549999237","0.17666621319949627","0.09853542596101761","0.23551703989505768","0.16369831189513206","0.1416003704071045","0.1851029396057129"
"1980","0.07482242397964001","0.0730077251791954","0.07963889092206955","0.07768292538821697","0.07601093500852585","0.08246830850839615","0.07796433754265308","0.07596160471439362","0.0823059231042862","0.18808896653354168","0.12394946068525314","0.25718486309051514","0.1725783720612526","0.16473804414272308","0.1930253505706787"
"1981","0.06207314878702164","0.05347675830125809","0.0669390931725502","0.06580941192805767","0.056505218148231506","0.07209812849760056","0.066542474552989","0.05740770697593689","0.07237890362739563","0.1649624090641737","0.09518054127693176","0.2360757440328598","0.15700265020132065","0.1445053517818451","0.16525423526763916"
"1982","0.07109403237700462","0.060112595558166504","0.07665636390447617","0.07599517703056335","0.0633215680718422","0.0821860134601593","0.07551628351211548","0.06316973268985748","0.08200438320636749","0.17750031128525734","0.10338835418224335","0.2552833557128906","0.1703430525958538","0.1495729684829712","0.1799110323190689"
"1983","0.06917759217321873","0.06154412776231766","0.08065693080425262","0.07417200319468975","0.06731156259775162","0.08689981698989868","0.07428644970059395","0.06716959923505783","0.08608563989400864","0.18782303854823112","0.10800324380397797","0.2892708480358124","0.16995814442634583","0.14956365525722504","0.18864388763904572"
"1984","0.06690904684364796","0.06458768248558044","0.07051493972539902","0.06811386533081532","0.0654112845659256","0.07073797285556793","0.07005365937948227","0.06596019119024277","0.07418980449438095","0.17522386461496353","0.11046963930130005","0.2544151544570923","0.16071659699082375","0.15520530939102173","0.16767561435699463"
"1985","0.06506920792162418","0.05814669653773308","0.0770203024148941","0.06956008914858103","0.060498449951410294","0.0822468250989914","0.06988376006484032","0.06171571463346481","0.08320744335651398","0.16827264800667763","0.11470839381217957","0.21749745309352875","0.1583973988890648","0.14287957549095154","0.17293208837509155"
"1986","0.07617686130106449","0.07228259742259979","0.08553542196750641","0.08114776015281677","0.0750342383980751","0.0937691330909729","0.08203902095556259","0.07829421758651733","0.09271959215402603","0.19825327955186367","0.12464233487844467","0.2797117531299591","0.18604934215545654","0.1775076985359192","0.20556414127349854"
"1987","0.0662386417388916","0.05446046590805054","0.07313133776187897","0.06963028199970722","0.057303234934806824","0.0787041112780571","0.06972306501120329","0.05726030841469765","0.07749749720096588","0.1806234661489725","0.09501563757658005","0.2593250274658203","0.1663770005106926","0.14465206861495972","0.17888987064361572"
"1988","0.062165106646716595","0.05609870329499245","0.066734679043293","0.06554738711565733","0.05895684286952019","0.07003064453601837","0.06554557662457228","0.05656019225716591","0.07313576340675354","0.16693820618093014","0.11329976469278336","0.2273648977279663","0.1629529371857643","0.14385169744491577","0.1840934157371521"
"1989","0.0680799912661314","0.06369558721780777","0.07427795976400375","0.07059711031615734","0.0636889785528183","0.07754738628864288","0.07038110680878162","0.06332525610923767","0.07788780331611633","0.17599902674555779","0.11074689030647278","0.23579561710357666","0.16726358607411385","0.16112837195396423","0.17368635535240173"
"1990","0.06710271071642637","0.0567646361887455","0.07380571216344833","0.07211597170680761","0.06192927435040474","0.08043127506971359","0.07027247920632362","0.05841308832168579","0.0796261578798294","0.18124793656170368","0.10110203176736832","0.2609584331512451","0.16443098336458206","0.1460019052028656","0.17936885356903076"
"1991","0.06738375686109066","0.0600319430232048","0.07363416999578476","0.07014270313084126","0.06288380920886993","0.07594358175992966","0.07106159999966621","0.06274761259555817","0.07929453998804092","0.1724510584026575","0.10120123624801636","0.23676154017448425","0.16491422429680824","0.15091055631637573","0.1745077669620514"
"1992","0.06657207943499088","0.05801679193973541","0.07222172617912292","0.06954753026366234","0.06023905426263809","0.0757407397031784","0.06893532257527113","0.05909126624464989","0.07502150535583496","0.17448189109563828","0.1069653332233429","0.252360999584198","0.158784668892622","0.14453580975532532","0.16799145936965942"
"1993","0.06262102350592613","0.05402657389640808","0.06737343966960907","0.06701369024813175","0.05897839367389679","0.0711899921298027","0.06665304768830538","0.05888976529240608","0.07074492424726486","0.16944800689816475","0.10721229016780853","0.2384692132472992","0.1591184251010418","0.1504065841436386","0.16586825251579285"
"1994","0.06419907510280609","0.0535871759057045","0.07475529611110687","0.06661986652761698","0.05766860768198967","0.07618632912635803","0.067406608723104","0.05869220569729805","0.07668846100568771","0.1743491981178522","0.10381311923265457","0.2458444982767105","0.17027711495757103","0.1539822518825531","0.18379509449005127"
"1995","0.07161093689501286","0.06381619721651077","0.08162242919206619","0.07518504001200199","0.06668327748775482","0.0827566534280777","0.07587209343910217","0.0666593611240387","0.08339124172925949","0.1911223977804184","0.10842503607273102","0.2668500542640686","0.17064356803894043","0.15793579816818237","0.18613721430301666"
"1996","0.06946458946913481","0.058764148503541946","0.07653582096099854","0.07368415035307407","0.06252599507570267","0.08333271741867065","0.07358566392213106","0.06209337338805199","0.08082914352416992","0.18896173872053623","0.10661352425813675","0.2815513014793396","0.1701258234679699","0.1614784598350525","0.17862263321876526"
"1997","0.06562906131148338","0.06017456203699112","0.06950211524963379","0.06982135213911533","0.06566299498081207","0.07331186532974243","0.06959677673876286","0.06466878950595856","0.07315150648355484","0.17046102695167065","0.10987596958875656","0.24198445677757263","0.1661762148141861","0.16026966273784637","0.17248249053955078"
"1998","0.07144531235098839","0.05237423628568649","0.08386144042015076","0.07296695653349161","0.051494915038347244","0.08869102597236633","0.07328204531222582","0.051970165222883224","0.08666921406984329","0.18774318508803844","0.0968969389796257","0.26559320092201233","0.17472722008824348","0.147914320230484","0.2013154923915863"
"1999","0.06784164812415838","0.05842776224017143","0.08116675913333893","0.07099319156259298","0.06006397679448128","0.08463407307863235","0.0710363844409585","0.058861877769231796","0.08385927975177765","0.17258963733911514","0.11219426989555359","0.22643056511878967","0.16689473390579224","0.15178117156028748","0.2017936408519745"
"2000","0.060454465448856354","0.05339818447828293","0.07191948592662811","0.06417812034487724","0.0556328110396862","0.0761868879199028","0.06380509585142136","0.056287020444869995","0.07554313540458679","0.16258280910551548","0.09857450425624847","0.22401854395866394","0.15171914547681808","0.13880258798599243","0.17165835201740265"
"2001","0.07028694823384285","0.0641741007566452","0.07691778987646103","0.07344762608408928","0.06779982894659042","0.08126240968704224","0.07393582351505756","0.06779952347278595","0.08103711903095245","0.18720769323408604","0.11996886879205704","0.27724307775497437","0.17494440078735352","0.16574129462242126","0.1815508008003235"
"2002","0.06735444068908691","0.06207078695297241","0.07644185423851013","0.06945451721549034","0.06398462504148483","0.07809010148048401","0.07133771479129791","0.06660483777523041","0.07781501114368439","0.1697976216673851","0.10743487626314163","0.25404343008995056","0.15477870777249336","0.14446553587913513","0.16995471715927124"
"2003","0.0676359161734581","0.06320242583751678","0.07595018297433853","0.07155934534966946","0.06729217618703842","0.07843941450119019","0.07105453312397003","0.0663132593035698","0.0790356919169426","0.1797626968473196","0.11463818699121475","0.2797790765762329","0.16814535111188889","0.1618332713842392","0.1742853820323944"
"2004","0.07456689141690731","0.0645173043012619","0.08098936825990677","0.07814856991171837","0.06777112931013107","0.08643630146980286","0.07942884415388107","0.0686555951833725","0.08546161651611328","0.19613325968384743","0.11580616235733032","0.27081039547920227","0.18162650242447853","0.16749374568462372","0.2008255273103714"
"2005","0.0653494419530034","0.05886007845401764","0.0761977955698967","0.06794798374176025","0.06100964546203613","0.07863322645425797","0.06841803714632988","0.06135039031505585","0.08011826872825623","0.17198456451296806","0.11004792153835297","0.2380075752735138","0.16410669311881065","0.15209507942199707","0.1857164353132248"
"2006","0.06761768739670515","0.06157084181904793","0.07050779461860657","0.07125334814190865","0.06673664599657059","0.07578572630882263","0.07113724946975708","0.0653776004910469","0.07626987993717194","0.16956050880253315","0.1072453036904335","0.2337622493505478","0.1646910160779953","0.1561775803565979","0.17428380250930786"
"2007","0.07295723631978035","0.0661398321390152","0.08837976306676865","0.07524647749960423","0.06894205510616302","0.09019113332033157","0.07495606131851673","0.06880772858858109","0.0894632339477539","0.18856431916356087","0.11094062030315399","0.2615533471107483","0.16519295424222946","0.15067532658576965","0.19090864062309265"
"2008","0.0723510179668665","0.06850375235080719","0.07635031640529633","0.07798593491315842","0.0726233571767807","0.08168315887451172","0.0778859406709671","0.07376642525196075","0.08258602768182755","0.18719757348299026","0.1206882894039154","0.2671355903148651","0.17972220852971077","0.17199131846427917","0.1926204115152359"
"2009","0.06280328053981066","0.05904087424278259","0.07208801805973053","0.06634505279362202","0.06211383640766144","0.07481032609939575","0.06610256154090166","0.06200334057211876","0.07564707845449448","0.16295037791132927","0.1083260178565979","0.21734756231307983","0.1554025188088417","0.14209794998168945","0.1709551066160202"
"2010","0.06672465614974499","0.06233985722064972","0.0771804004907608","0.06963886320590973","0.06526973843574524","0.08143047988414764","0.06980775110423565","0.0640735924243927","0.08226269483566284","0.1783021278679371","0.11535865068435669","0.2519645094871521","0.16622267290949821","0.15668681263923645","0.18747664988040924"
"2011","0.07559732906520367","0.06871157884597778","0.08787405490875244","0.08024781756103039","0.0739830881357193","0.09274788945913315","0.08037387207150459","0.07267811894416809","0.09441448748111725","0.1875305064022541","0.12657283246517181","0.24956035614013672","0.17850248515605927","0.16617406904697418","0.203854039311409"
"2012","0.06967526115477085","0.05830089747905731","0.08687465637922287","0.07370579428970814","0.06422235816717148","0.0914991945028305","0.07355880178511143","0.06371428072452545","0.09153193235397339","0.1783860418945551","0.11087021976709366","0.2510461211204529","0.16082190722227097","0.1442922204732895","0.18757317960262299"
"2013","0.06418927479535341","0.05997034162282944","0.06928268074989319","0.06550139002501965","0.062081120908260345","0.07006798684597015","0.06576473638415337","0.06108817458152771","0.07104241847991943","0.16212140023708344","0.10185368359088898","0.2204734981060028","0.1562829539179802","0.1402905136346817","0.17414791882038116"
"2014","0.0686756782233715","0.06706678867340088","0.07127097994089127","0.07051953300833702","0.06787867844104767","0.07629085332155228","0.07128779590129852","0.06975153833627701","0.07541057467460632","0.17569720558822155","0.11528395116329193","0.2391623854637146","0.16693973913788795","0.16037526726722717","0.17454667389392853"
"2015","0.06838907208293676","0.060279618948698044","0.07415546476840973","0.07059187442064285","0.06286746263504028","0.07671128958463669","0.07076834607869387","0.06189509108662605","0.07614699006080627","0.1686968021094799","0.11394865065813065","0.2579791247844696","0.15731527656316757","0.146712526679039","0.1626547873020172"
"2016","0.07268268056213856","0.06648650020360947","0.07599242031574249","0.07668163813650608","0.06987196207046509","0.08021394908428192","0.07695689052343369","0.06885863840579987","0.07991725206375122","0.1837037317454815","0.12340579926967621","0.24636802077293396","0.16768457368016243","0.15572580695152283","0.17422591149806976"
"2017","0.07008579187095165","0.0593961700797081","0.07689487189054489","0.07268386520445347","0.06337814033031464","0.07966029644012451","0.07291978131979704","0.06214297190308571","0.08024001121520996","0.17605791240930557","0.11829319596290588","0.2721927762031555","0.16471466049551964","0.15346287190914154","0.17631053924560547"
"2018","0.06698478944599628","0.06092587858438492","0.07282962650060654","0.06887478567659855","0.0630139634013176","0.07512576878070831","0.07028483785688877","0.06240682303905487","0.07942686229944229","0.17452811636030674","0.10949358344078064","0.2646160125732422","0.1696089692413807","0.1574043482542038","0.18556779623031616"
"2019","0.06963201053440571","0.061561889946460724","0.08555792272090912","0.07303563132882118","0.06433451175689697","0.09186577796936035","0.07402495294809341","0.06523166596889496","0.09111426025629044","0.180519200861454","0.10863719880580902","0.23912787437438965","0.16692708060145378","0.15359453856945038","0.19474652409553528"
"2020","0.06889898143708706","0.06501362472772598","0.07856643944978714","0.07256320305168629","0.06793941557407379","0.08116334676742554","0.07309971377253532","0.06746965646743774","0.08285323530435562","0.17849213257431984","0.11521892249584198","0.2783089280128479","0.16769979894161224","0.15957333147525787","0.1803937554359436"
"2021","0.06285952590405941","0.058627381920814514","0.0701705813407898","0.06646732799708843","0.061532773077487946","0.0739077627658844","0.06684564892202616","0.06140727922320366","0.07436682283878326","0.1640669908374548","0.10847708582878113","0.22650489211082458","0.15601469948887825","0.14906370639801025","0.165249302983284"
"2022","0.06558437831699848","0.057253338396549225","0.07106892764568329","0.06839839275926352","0.060817357152700424","0.0730619803071022","0.06950559746474028","0.06159922853112221","0.0747545138001442","0.17373263649642467","0.0997578352689743","0.25233203172683716","0.16032416373491287","0.14836841821670532","0.16908538341522217"
"2023","0.07222187332808971","0.06716785579919815","0.08117461204528809","0.07497335411608219","0.07123969495296478","0.08273465931415558","0.07613576389849186","0.07125386595726013","0.08473250269889832","0.18649678491055965","0.11396237462759018","0.2639996409416199","0.17097551748156548","0.15897652506828308","0.1827046275138855"
"2025","0.06886245682835579","0.06288158893585205","0.07719736546278","0.07154893688857555","0.06377055495977402","0.08001073449850082","0.07288998924195766","0.0648292750120163","0.08378848433494568","0.17913056164979935","0.12719231843948364","0.24652454257011414","0.17399894818663597","0.15760621428489685","0.1929071694612503"
"2026","0.06995453406125307","0.05896638706326485","0.07709004729986191","0.07282479479908943","0.0616086944937706","0.08059132099151611","0.07329966500401497","0.061819739639759064","0.08195848017930984","0.17378291115164757","0.09553152322769165","0.25623318552970886","0.16148406267166138","0.14045938849449158","0.17297452688217163"
"2027","0.06330449134111404","0.06058453023433685","0.06945054233074188","0.0682592261582613","0.06459589302539825","0.0752260833978653","0.0675918385386467","0.06403909623622894","0.07419812679290771","0.1716782432049513","0.10484805703163147","0.239960178732872","0.1556428112089634","0.14566804468631744","0.17024067044258118"
"2028","0.07188319973647594","0.06684362143278122","0.08227948844432831","0.076357027515769","0.06968554854393005","0.08913379907608032","0.0771642867475748","0.06846513599157333","0.09059755504131317","0.18788177706301212","0.11675278097391129","0.2672843337059021","0.17673280090093613","0.1659805029630661","0.19286894798278809"
"2029","0.06998997926712036","0.06662381440401077","0.0762428566813469","0.07351391203701496","0.06917957961559296","0.08365166932344437","0.07359864749014378","0.06863462924957275","0.0819740891456604","0.17084955610334873","0.1162242665886879","0.23884275555610657","0.16196833178400993","0.1531955897808075","0.1745597869157791"
"2030","0.0762101374566555","0.0656275600194931","0.0860232412815094","0.07998872362077236","0.06745370477437973","0.09360712021589279","0.08082411624491215","0.0686628520488739","0.09285328537225723","0.18395598232746124","0.12432357668876648","0.2762890160083771","0.1723944991827011","0.14737555384635925","0.18763010203838348"
"2031","0.06880285497754812","0.060799818485975266","0.07659740000963211","0.07215218804776669","0.06496895104646683","0.07910098135471344","0.07222652807831764","0.06423737108707428","0.08001513034105301","0.16520921140909195","0.12599457800388336","0.2224338948726654","0.1686738096177578","0.15079548954963684","0.19284093379974365"
"2032","0.06561379600316286","0.059512581676244736","0.06999125331640244","0.06778173334896564","0.061193205416202545","0.07441417872905731","0.06786856334656477","0.0621967650949955","0.07391055673360825","0.1729632094502449","0.11043331027030945","0.2687256336212158","0.16453832015395164","0.14798621833324432","0.17802287638187408"
"2033","0.07305837795138359","0.0654258280992508","0.07980138063430786","0.07557139918208122","0.06734436750411987","0.08303458988666534","0.07543844729661942","0.0673522800207138","0.0827406793832779","0.17815427482128143","0.12754182517528534","0.2530456483364105","0.1710890829563141","0.16360312700271606","0.1853109896183014"
"2034","0.0719379372894764","0.06121646612882614","0.08163946866989136","0.07588820904493332","0.06327500939369202","0.08663450181484222","0.0755169652402401","0.06168164312839508","0.0867922306060791","0.1753934919834137","0.13218560814857483","0.23716199398040771","0.16862709820270538","0.149495467543602","0.18564759194850922"
"2035","0.06724822614341974","0.061221297830343246","0.07172221690416336","0.07016047462821007","0.0634860098361969","0.07368110120296478","0.07114132679998875","0.06612488627433777","0.07498659193515778","0.16847064718604088","0.11459166556596756","0.2253604680299759","0.165901817381382","0.15156415104866028","0.17832769453525543"
"2036","0.07017094641923904","0.06639141589403152","0.0760660171508789","0.07333773374557495","0.06967151165008545","0.07956494390964508","0.07416142150759697","0.06979644298553467","0.0823621153831482","0.17561678774654865","0.11372657120227814","0.24708914756774902","0.16792789474129677","0.158736914396286","0.18190400302410126"
"2037","0.06758919544517994","0.05668994039297104","0.07438403367996216","0.06882606074213982","0.058740146458148956","0.07501216977834702","0.06916079111397266","0.060096368193626404","0.07575766742229462","0.16493720933794975","0.11463431268930435","0.215905100107193","0.16664079204201698","0.1526069939136505","0.17746305465698242"
"2038","0.07138331048190594","0.06367947161197662","0.08312592655420303","0.07372011989355087","0.06463447958230972","0.08625519275665283","0.0748181976377964","0.06595219671726227","0.08648877590894699","0.17559819668531418","0.11030364036560059","0.2602451741695404","0.17546290531754494","0.1592348963022232","0.19559800624847412"
"2039","0.06769231148064137","0.06046132743358612","0.0765312910079956","0.07058296352624893","0.06278343498706818","0.07837510108947754","0.07140353322029114","0.06426089257001877","0.07804857939481735","0.1745266281068325","0.10937920212745667","0.2781473994255066","0.16140126809477806","0.15080559253692627","0.17540082335472107"
"2040","0.07254724763333797","0.06865701824426651","0.07601111382246017","0.07575353980064392","0.07162924110889435","0.08094345033168793","0.07637366279959679","0.07256217300891876","0.07911244034767151","0.185528714209795","0.11720772087574005","0.28087085485458374","0.16349567845463753","0.15662267804145813","0.16927136480808258"
"2041","0.07196628395467997","0.06155678257346153","0.07747866958379745","0.07413531839847565","0.06308241933584213","0.08119741082191467","0.07509459555149078","0.06420822441577911","0.08160152286291122","0.17629392445087433","0.12607473134994507","0.2627411186695099","0.1662372685968876","0.14701221883296967","0.174421489238739"
"2042","0.06583758909255266","0.054578837007284164","0.07180231809616089","0.06882994435727596","0.05950175225734711","0.0744023248553276","0.06862013135105371","0.058400336652994156","0.07443597167730331","0.17020423896610737","0.09988950937986374","0.2507438659667969","0.1664939522743225","0.15641672909259796","0.17399358749389648"
"2043","0.07558436319231987","0.0659978836774826","0.08685152977705002","0.07713309489190578","0.07000869512557983","0.08944257348775864","0.07828987576067448","0.07056234031915665","0.08948903530836105","0.18347333371639252","0.11556211113929749","0.24330589175224304","0.1745346337556839","0.160554438829422","0.19740578532218933"
"2044","0.06779424473643303","0.05946144461631775","0.0728721022605896","0.07016013003885746","0.06223048269748688","0.07593734562397003","0.07087519019842148","0.06269829720258713","0.0771109014749527","0.16600101068615913","0.10535366833209991","0.23794570565223694","0.1665082685649395","0.1544172763824463","0.17310424149036407"
"2045","0.07349342107772827","0.057240404188632965","0.08319319784641266","0.07785686571151018","0.0596160851418972","0.08983805775642395","0.07861700560897589","0.060282062739133835","0.08775526285171509","0.18553006276488304","0.09786827862262726","0.2893774211406708","0.1810768023133278","0.14675429463386536","0.2019895613193512"
"2046","0.06896619498729706","0.06646433472633362","0.07365337014198303","0.07288606651127338","0.06974715739488602","0.07847752422094345","0.07216011919081211","0.06746295839548111","0.07768300920724869","0.1774910967797041","0.1129106879234314","0.2600438594818115","0.17125645279884338","0.16440752148628235","0.1762745976448059"
"2047","0.07022647373378277","0.06031334400177002","0.08884258568286896","0.07422999106347561","0.06321600824594498","0.09478538483381271","0.07400035113096237","0.06414535641670227","0.09667041897773743","0.18090339750051498","0.10295304656028748","0.2618127465248108","0.1686815209686756","0.14728105068206787","0.20787875354290009"
"2048","0.06737148575484753","0.05984920263290405","0.0774785503745079","0.07140400819480419","0.06384541094303131","0.08464451879262924","0.07141268812119961","0.06226722151041031","0.08437191694974899","0.1690429300069809","0.10972079634666443","0.24755339324474335","0.16623875871300697","0.14870396256446838","0.1789918690919876"
"2049","0.0622330941259861","0.05559020861983299","0.06997852027416229","0.06495261751115322","0.05677339434623718","0.07256007194519043","0.0647115558385849","0.058072447776794434","0.0719301775097847","0.15841667167842388","0.10040900111198425","0.2397587150335312","0.15414511039853096","0.14514699578285217","0.16178655624389648"
"2050","0.07355349324643612","0.06124237924814224","0.07825452089309692","0.07852968946099281","0.06592154502868652","0.08428552001714706","0.07797287218272686","0.06776733696460724","0.08406263589859009","0.18781986832618713","0.12643486261367798","0.26109087467193604","0.17264137417078018","0.15045274794101715","0.19485554099082947"
"2051","0.07401009276509285","0.06468328088521957","0.08456026017665863","0.07583824917674065","0.0653219074010849","0.08615371584892273","0.07705305889248848","0.06775286793708801","0.08743755519390106","0.18673807755112648","0.10977907478809357","0.29185593128204346","0.177223801612854","0.15998241305351257","0.2011951506137848"
"2052","0.06336711160838604","0.05281946808099747","0.07215110957622528","0.06577084958553314","0.05418591946363449","0.0754389688372612","0.06752174533903599","0.05591195821762085","0.07673701643943787","0.15942851454019547","0.09470510482788086","0.2388807237148285","0.15503139421343803","0.14134837687015533","0.16578546166419983"
"2053","0.0669350354000926","0.060023654252290726","0.08178754150867462","0.07185271941125393","0.06316357851028442","0.08818739652633667","0.07219858840107918","0.0640624538064003","0.08824138343334198","0.17268990725278854","0.11094067990779877","0.2564147114753723","0.16792107373476028","0.15389405190944672","0.19338929653167725"
"2054","0.06539420410990715","0.05750902742147446","0.07249833643436432","0.06699299812316895","0.058791592717170715","0.07521452754735947","0.06663038581609726","0.05742047727108002","0.07553023844957352","0.16360952518880367","0.10774888098239899","0.2684587836265564","0.15185340866446495","0.1406763345003128","0.16561996936798096"
"2055","0.0676359087228775","0.06560173630714417","0.07047043740749359","0.07059475220739841","0.06662721931934357","0.07518891990184784","0.07125108502805233","0.06765034049749374","0.07508212327957153","0.17308355495333672","0.11075976490974426","0.24684885144233704","0.1715344674885273","0.15814872086048126","0.18299263715744019"
"2056","0.07073921151459217","0.06630665808916092","0.07724075019359589","0.0730171948671341","0.0686216875910759","0.0780901163816452","0.07270847633481026","0.06870298087596893","0.07836522907018661","0.18096459284424782","0.11941779404878616","0.2628830671310425","0.17184142395853996","0.16835086047649384","0.17731451988220215"
"2057","0.07716862671077251","0.07566756010055542","0.0803697258234024","0.07955067232251167","0.07745493203401566","0.08249440044164658","0.07969751954078674","0.07747359573841095","0.0822359025478363","0.19374864175915718","0.13267673552036285","0.2752477824687958","0.186265517026186","0.17757996916770935","0.2011730670928955"
"2058","0.05885703302919865","0.05197124183177948","0.0656014010310173","0.06071704439818859","0.055132392793893814","0.06686278432607651","0.0617900500074029","0.05575066804885864","0.06911604106426239","0.1470551323145628","0.09227684140205383","0.20292362570762634","0.14340993762016296","0.13484472036361694","0.15636125206947327"
"2059","0.07105765491724014","0.06338472664356232","0.0857740193605423","0.07291348464787006","0.06192982196807861","0.08857159316539764","0.07218982838094234","0.062046974897384644","0.08858094364404678","0.18069390021264553","0.1102367714047432","0.28847432136535645","0.16937879845499992","0.1539916694164276","0.19086351990699768"
"2060","0.06276802811771631","0.057179100811481476","0.06836437433958054","0.06573092471808195","0.05804324522614479","0.07397434115409851","0.06604163814336061","0.059996746480464935","0.07496821135282516","0.1662409882992506","0.09964174032211304","0.2678546607494354","0.1513293795287609","0.13748373091220856","0.16505491733551025"
"2061","0.07279313541948795","0.07083367556333542","0.07590283453464508","0.07657149620354176","0.07463991641998291","0.07904158532619476","0.07638422772288322","0.07381748408079147","0.08034731447696686","0.1816638931632042","0.12324917316436768","0.2712894380092621","0.17769187316298485","0.17146727442741394","0.18446694314479828"
"2062","0.06593713350594044","0.05851101130247116","0.0784997045993805","0.06953615695238113","0.061777859926223755","0.08390723168849945","0.06973205506801605","0.06055430322885513","0.08390535414218903","0.16191542334854603","0.10587351024150848","0.25345155596733093","0.15453306958079338","0.14484360814094543","0.16829442977905273"
"2063","0.07382436282932758","0.06252753734588623","0.07859398424625397","0.07531001418828964","0.06371570378541946","0.08038989454507828","0.07554928585886955","0.06337177753448486","0.0814114660024643","0.18136504851281643","0.10952307283878326","0.2743155360221863","0.1725761741399765","0.15517470240592957","0.17902609705924988"
"2064","0.07516466081142426","0.07067664712667465","0.08003382384777069","0.08020850084722042","0.07602372020483017","0.08228151500225067","0.08039565943181515","0.07346022129058838","0.08470559120178223","0.19190135598182678","0.12690815329551697","0.26054883003234863","0.1777249462902546","0.16909760236740112","0.18892024457454681"
"2065","0.06899509020149708","0.06556824594736099","0.07768616080284119","0.07285097427666187","0.07027366012334824","0.07887965440750122","0.0729604996740818","0.06895142048597336","0.08054149150848389","0.17588149569928646","0.11004937440156937","0.25420892238616943","0.165597315877676","0.15757663547992706","0.1765819489955902"
"2066","0.07442629523575306","0.06640714406967163","0.08250290155410767","0.07644695974886417","0.0680072158575058","0.08698342740535736","0.07643335312604904","0.067254938185215","0.08617804944515228","0.18219980597496033","0.11243706941604614","0.2380671501159668","0.180724386125803","0.15974605083465576","0.2049880176782608"
"2067","0.06982451118528843","0.04839649051427841","0.08000055700540543","0.07398471981287003","0.0498921275138855","0.08665837347507477","0.07458380609750748","0.04967557638883591","0.08748124539852142","0.16962526179850101","0.11984265595674515","0.24099773168563843","0.1671801246702671","0.1393958330154419","0.18357960879802704"
"2068","0.06569230183959007","0.06308402121067047","0.06861195713281631","0.07014289312064648","0.06771094352006912","0.07273603230714798","0.06988624855875969","0.06671654433012009","0.07308096438646317","0.17234328389167786","0.111281618475914","0.2684437930583954","0.15933361276984215","0.15484243631362915","0.16724535822868347"
"2069","0.06509970407932997","0.056003618985414505","0.07410752773284912","0.06906743533909321","0.06194235384464264","0.07942502945661545","0.06839959416538477","0.060193512588739395","0.07995087653398514","0.1648771557956934","0.10708168148994446","0.2718070149421692","0.15925638377666473","0.14282089471817017","0.18221130967140198"
"2070","0.07046540454030037","0.06402131915092468","0.07823513448238373","0.07332548685371876","0.06754995137453079","0.08184690773487091","0.07323450595140457","0.06619860231876373","0.08231881260871887","0.1707603968679905","0.12039396166801453","0.23233821988105774","0.17149293422698975","0.16238799691200256","0.1873646378517151"
"2071","0.06761102378368378","0.06499343365430832","0.07429030537605286","0.07121489010751247","0.0655553787946701","0.07944922149181366","0.07071736268699169","0.06538792699575424","0.07757793366909027","0.16541079618036747","0.10488426685333252","0.23672497272491455","0.16369415074586868","0.15385903418064117","0.176749125123024"
"2072","0.06845849566161633","0.06440097838640213","0.07183141261339188","0.07134309411048889","0.06453213095664978","0.07749730348587036","0.0716432947665453","0.06637673079967499","0.07592951506376266","0.168955123052001","0.11151572316884995","0.2382698655128479","0.16620473936200142","0.15973815321922302","0.1740041971206665"
"2073","0.06683249119669199","0.05401777848601341","0.07981587946414948","0.07000062428414822","0.0569477379322052","0.08218978345394135","0.06975131668150425","0.05693507939577103","0.0822506695985794","0.16933569312095642","0.09965342283248901","0.2624216675758362","0.17419839277863503","0.15173017978668213","0.19505856931209564"
"2074","0.07060715928673744","0.06604328751564026","0.07486797869205475","0.0742526724934578","0.06857281178236008","0.07917138189077377","0.07486476562917233","0.06890833377838135","0.07978042960166931","0.16903064213693142","0.11158911138772964","0.2482161521911621","0.16981156915426254","0.16429369151592255","0.179275244474411"
"2075","0.0748139563947916","0.06442008912563324","0.09449554234743118","0.07813079282641411","0.06927438825368881","0.09594184905290604","0.07888789102435112","0.06916546076536179","0.09692651778459549","0.17569135688245296","0.11644221097230911","0.2438732087612152","0.17019924893975258","0.16079449653625488","0.1947363317012787"
"2076","0.0709761306643486","0.0606384202837944","0.07730484753847122","0.07516252622008324","0.06325690448284149","0.08400872349739075","0.07533306628465652","0.06343669444322586","0.08408712595701218","0.1739697940647602","0.1301729381084442","0.22119614481925964","0.1767014004290104","0.1593632996082306","0.18683481216430664"
"2077","0.07027659751474857","0.06384790688753128","0.08167151361703873","0.07185592874884605","0.06650465726852417","0.08338424563407898","0.07246267981827259","0.06660167872905731","0.08439116179943085","0.1707155965268612","0.11847448348999023","0.2402488738298416","0.16991085186600685","0.16419640183448792","0.17555949091911316"
"2078","0.0679633617401123","0.058919645845890045","0.0754605159163475","0.0704160537570715","0.06273668259382248","0.08067503571510315","0.07145065814256668","0.06311497837305069","0.08111461997032166","0.16707430221140385","0.10643478482961655","0.28077852725982666","0.1630474403500557","0.14547771215438843","0.1830405294895172"
"2079","0.07611414045095444","0.06235434114933014","0.08400369435548782","0.07897880300879478","0.06491279602050781","0.08480870723724365","0.07843662984669209","0.06469924747943878","0.08517421036958694","0.18586202152073383","0.10990175604820251","0.29947859048843384","0.17542244493961334","0.1630314290523529","0.1894698143005371"
"2080","0.06997303292155266","0.06217564642429352","0.07641949504613876","0.07359103299677372","0.06696035712957382","0.08044935762882233","0.07437635585665703","0.06737598031759262","0.08055561780929565","0.173497773706913","0.1141618937253952","0.2808651626110077","0.16963539645075798","0.16135737299919128","0.17764100432395935"
"2081","0.07027287781238556","0.06383432447910309","0.07660309970378876","0.07311329431831837","0.06642427295446396","0.08063135296106339","0.07353195548057556","0.06607453525066376","0.08070497214794159","0.17680850252509117","0.11098310351371765","0.27950209379196167","0.1699768751859665","0.1588076502084732","0.1826169639825821"
"2082","0.06286296620965004","0.057598263025283813","0.06662777066230774","0.06562171038240194","0.05994759500026703","0.07259399443864822","0.0659824414178729","0.06178797408938408","0.07102341204881668","0.1608153972774744","0.11226288974285126","0.21763983368873596","0.15674778074026108","0.14477761089801788","0.1623784303665161"
"2083","0.07398547045886517","0.06466937065124512","0.08130921423435211","0.07680755108594894","0.06713049113750458","0.0854467824101448","0.07757357880473137","0.06819380074739456","0.08586615324020386","0.17665990442037582","0.1265825480222702","0.2637024521827698","0.17050771415233612","0.15750658512115479","0.1790848672389984"
"2084","0.07560275308787823","0.0697765052318573","0.08298222720623016","0.07853068597614765","0.07131260633468628","0.08546523749828339","0.07770511321723461","0.06859232485294342","0.08484143763780594","0.17880168184638023","0.1208694726228714","0.25964581966400146","0.17895276099443436","0.1638125777244568","0.19471824169158936"
"2085","0.07624240219593048","0.0734785944223404","0.07932531833648682","0.07957589812576771","0.07456241548061371","0.08517381548881531","0.07977757416665554","0.07365213334560394","0.08436721563339233","0.17368920519948006","0.12212838232517242","0.255240261554718","0.16884639859199524","0.15815415978431702","0.18456169962882996"
"2086","0.06593403872102499","0.05767969414591789","0.07184791564941406","0.06925227399915457","0.06003095582127571","0.07537867873907089","0.06965285167098045","0.060888275504112244","0.07568854838609695","0.15955055132508278","0.11797449737787247","0.21061447262763977","0.16354377940297127","0.14158719778060913","0.17387178540229797"
"2087","0.07386368606239557","0.060430023819208145","0.0810936987400055","0.07635917514562607","0.0631938949227333","0.08192002773284912","0.07600736431777477","0.06362082064151764","0.08164136856794357","0.17415923438966274","0.10445073992013931","0.262756884098053","0.17265471071004868","0.14771078526973724","0.1886797845363617"
"2088","0.07424778863787651","0.06789324432611465","0.0849851593375206","0.07779926434159279","0.07142016291618347","0.08877270668745041","0.07800501957535744","0.07206394523382187","0.08837053924798965","0.17780517973005772","0.11337818950414658","0.24035613238811493","0.17719193547964096","0.15301570296287537","0.22507141530513763"
"2089","0.07162028923630714","0.06385912746191025","0.0786350816488266","0.07387771271169186","0.06721512973308563","0.0814606100320816","0.07435790821909904","0.06760206818580627","0.08070795238018036","0.16812673583626747","0.10636868327856064","0.2643095552921295","0.16575129702687263","0.1527641862630844","0.17805911600589752"
"2090","0.0664640674367547","0.06095727160573006","0.07317140698432922","0.07001912035048008","0.0625615268945694","0.07641702145338058","0.07005134224891663","0.06295624375343323","0.07554376870393753","0.17093676887452602","0.10941185057163239","0.2479797601699829","0.16968083381652832","0.16307500004768372","0.1795790046453476"
"2091","0.06809289939701557","0.059152692556381226","0.08427932113409042","0.07147080171853304","0.06122530624270439","0.08700048178434372","0.07151440437883139","0.06093515828251839","0.08701834082603455","0.16848633997142315","0.11136075109243393","0.2331121861934662","0.16269506886601448","0.14760690927505493","0.1858949363231659"
"2092","0.06375258974730968","0.05925538390874863","0.06752762198448181","0.06631530728191137","0.06041790917515755","0.06975719332695007","0.06680839415639639","0.06068233773112297","0.07019585371017456","0.16047467291355133","0.10337024182081223","0.23550863564014435","0.15741794183850288","0.14898715913295746","0.16678671538829803"
"2093","0.07283140160143375","0.06437629461288452","0.08112652599811554","0.07608011923730373","0.0675850510597229","0.08375038951635361","0.0758252739906311","0.06795401871204376","0.08039893954992294","0.17376402392983437","0.11117660999298096","0.2542183995246887","0.16344382986426353","0.15402671694755554","0.17172779142856598"
"2094","0.07222615368664265","0.0698925331234932","0.07550497353076935","0.07562549784779549","0.07355756312608719","0.07791882753372192","0.07561920769512653","0.0736924409866333","0.0801578164100647","0.17533671483397484","0.11470461636781693","0.27077817916870117","0.168537437915802","0.16117693483829498","0.17812874913215637"
"2095","0.06730935163795948","0.05755370855331421","0.07578323036432266","0.06950978375971317","0.06159696727991104","0.07516124844551086","0.06927443854510784","0.0595264658331871","0.0748940110206604","0.1632690764963627","0.11672382056713104","0.25056496262550354","0.16353777050971985","0.14790290594100952","0.17553403973579407"
"2096","0.0717086959630251","0.06713449954986572","0.07652772963047028","0.07468373328447342","0.07116936147212982","0.079434834420681","0.07493648864328861","0.07024210691452026","0.07999418675899506","0.17216119170188904","0.11007548868656158","0.24778752028942108","0.17324749380350113","0.16114696860313416","0.18755431473255157"
"2097","0.0705653466284275","0.06514710932970047","0.07466727495193481","0.07325700670480728","0.06901392340660095","0.07658647745847702","0.0722690150141716","0.06555181741714478","0.07706920802593231","0.16807867214083672","0.11805588006973267","0.24870547652244568","0.1675964631140232","0.1564064472913742","0.17985226213932037"
"2098","0.06643502786755562","0.06110543757677078","0.07202980667352676","0.06917864084243774","0.06433796882629395","0.07386083900928497","0.06957400403916836","0.06439195573329926","0.07691513001918793","0.16341475397348404","0.10641756653785706","0.24166932702064514","0.1589479222893715","0.14708809554576874","0.17509284615516663"
"2099","0.07552357204258442","0.07220125198364258","0.08150938153266907","0.08023404516279697","0.07391953468322754","0.08669962733983994","0.07829025946557522","0.07419191300868988","0.08508169651031494","0.18652216903865337","0.12082464247941971","0.27897924184799194","0.18220771476626396","0.17356529831886292","0.2022726833820343"
"2100","0.06733210757374763","0.05844801664352417","0.07505238056182861","0.07089847698807716","0.05875156819820404","0.07985690236091614","0.07036461308598518","0.05715875327587128","0.0792287141084671","0.15965528041124344","0.12667863070964813","0.20786415040493011","0.162208653986454","0.13765208423137665","0.18320858478546143"
"2101","0.0703703798353672","0.06488068401813507","0.07622043043375015","0.07212904840707779","0.06692008674144745","0.07872338593006134","0.0732112918049097","0.0672517791390419","0.08122455328702927","0.16215760447084904","0.11566146463155746","0.23347939550876617","0.165129866451025","0.15795989334583282","0.1764657199382782"
"2102","0.0707683265209198","0.0634034276008606","0.07816670835018158","0.07331976853311062","0.06546704471111298","0.08006910979747772","0.07258069142699242","0.06615730375051498","0.07969415187835693","0.16784962639212608","0.11031439900398254","0.22725501656532288","0.1653100848197937","0.15205037593841553","0.17702503502368927"
"2103","0.07181699573993683","0.06430453807115555","0.07585407793521881","0.0743319857865572","0.06672069430351257","0.08137662708759308","0.07494497671723366","0.06823308765888214","0.0807194635272026","0.16626002080738544","0.11864661425352097","0.2220245748758316","0.16252616047859192","0.1498212218284607","0.169810488820076"
"2104","0.06518128514289856","0.06391740590333939","0.06694129854440689","0.06741019152104855","0.06527943164110184","0.06914816051721573","0.06705981679260731","0.06475654989480972","0.06916049122810364","0.1626461036503315","0.10963858664035797","0.23740068078041077","0.16015425324440002","0.15839089453220367","0.16133946180343628"
"2105","0.07219127751886845","0.06474477797746658","0.07583626359701157","0.07413380406796932","0.06778328120708466","0.07768821716308594","0.0745422188192606","0.06844468414783478","0.0781584233045578","0.1709523070603609","0.11509808152914047","0.25802457332611084","0.17492031306028366","0.16708925366401672","0.18373718857765198"
"2106","0.06554624065756798","0.056699201464653015","0.06934703886508942","0.06929157115519047","0.06122130900621414","0.07675140351057053","0.06853679101914167","0.06089814379811287","0.07507436722517014","0.1591893993318081","0.10017289221286774","0.2403012216091156","0.16066057607531548","0.14982323348522186","0.17049844563007355"
"2107","0.06675760447978973","0.06091035157442093","0.07424768805503845","0.06876019388437271","0.06432744115591049","0.07445324957370758","0.06964478455483913","0.06449728459119797","0.07820980995893478","0.16225920245051384","0.10452433675527573","0.259985089302063","0.15949516743421555","0.15272893011569977","0.17295213043689728"
"2108","0.06985938083380461","0.061120111495256424","0.07710397988557816","0.07330893911421299","0.06467469036579132","0.07917619496583939","0.07295547239482403","0.064900703728199","0.07803048193454742","0.17596483044326305","0.10511564463376999","0.25133082270622253","0.17634523287415504","0.1553138792514801","0.20058175921440125"
"2109","0.06594810448586941","0.06096156686544418","0.07153404504060745","0.06745574809610844","0.06202555447816849","0.07271113246679306","0.06857534311711788","0.06340868771076202","0.07392112165689468","0.16662821173667908","0.10339881479740143","0.2671124041080475","0.1569909043610096","0.14628735184669495","0.16371850669384003"
"2110","0.06769360601902008","0.05469924211502075","0.07657647877931595","0.07000663131475449","0.05638246238231659","0.08033403754234314","0.07081740908324718","0.058167338371276855","0.08039873093366623","0.16305308789014816","0.100556880235672","0.23665696382522583","0.15998953953385353","0.14127138257026672","0.17465098202228546"
"2111","0.07504564896225929","0.06619443744421005","0.0837005153298378","0.07786762341856956","0.06772175431251526","0.08714444190263748","0.07752006687223911","0.06749432533979416","0.08563970774412155","0.17551089450716972","0.12523487210273743","0.23363828659057617","0.17625489830970764","0.16497008502483368","0.18842549622058868"
"2112","0.07146237976849079","0.0668550580739975","0.07782410085201263","0.07323099859058857","0.07044423371553421","0.07782517373561859","0.0736662931740284","0.06911171972751617","0.07990643382072449","0.16658328659832478","0.11224798113107681","0.25521036982536316","0.16525816917419434","0.1595497876405716","0.16939221322536469"
"2113","0.07986199110746384","0.07335928082466125","0.08798113465309143","0.08318842202425003","0.07854967564344406","0.08839680254459381","0.0825208593159914","0.0772525817155838","0.08784735202789307","0.186459107324481","0.12423881143331528","0.2699825167655945","0.19211920723319054","0.1768268644809723","0.22410942614078522"
"2114","0.07906174659729004","0.06641291081905365","0.09964901953935623","0.08092473447322845","0.06878291070461273","0.10235445201396942","0.08168286830186844","0.06949999183416367","0.10329309105873108","0.1865484956651926","0.1160290315747261","0.3197249472141266","0.18410574644804","0.16232889890670776","0.21419662237167358"
"2115","0.07199247367680073","0.06757426261901855","0.07692765444517136","0.0760904885828495","0.0708066001534462","0.0827186331152916","0.07545981928706169","0.07144991308450699","0.07982717454433441","0.1689410712569952","0.11531924456357956","0.2568707764148712","0.17616897821426392","0.16542544960975647","0.18550775945186615"
"2116","0.07121443748474121","0.06908391416072845","0.07474126666784286","0.07340331748127937","0.07151956856250763","0.07600226253271103","0.0736751090735197","0.07142538577318192","0.07654988020658493","0.1656294036656618","0.11509144306182861","0.2623211145401001","0.1614559181034565","0.15466716885566711","0.16529250144958496"
"2117","0.0672600632533431","0.06103333830833435","0.08263584226369858","0.06977735366672277","0.06232650205492973","0.08619789034128189","0.07012595608830452","0.06181985139846802","0.08894145488739014","0.16162845119833946","0.0984160527586937","0.24107521772384644","0.15837668627500534","0.1468077450990677","0.18596114218235016"
"2118","0.07334920205175877","0.07087362557649612","0.07751783728599548","0.07522152736783028","0.07170014083385468","0.07845774292945862","0.07611650414764881","0.07364711910486221","0.07818999886512756","0.17172579653561115","0.1147800087928772","0.24633298814296722","0.16376573219895363","0.15822719037532806","0.17224283516407013"
"2119","0.0731303058564663","0.06550954282283783","0.08403223752975464","0.07474915683269501","0.06901625543832779","0.08545024693012238","0.07573248445987701","0.07010482996702194","0.08679012209177017","0.1656033992767334","0.11300812661647797","0.23350948095321655","0.16673624515533447","0.15759754180908203","0.182126984000206"
"2120","0.0741755086928606","0.06613003462553024","0.08032268285751343","0.07715871185064316","0.06965506076812744","0.08154092729091644","0.07687576115131378","0.06920696049928665","0.08177013695240021","0.17351561412215233","0.11385290324687958","0.2792899012565613","0.16876744478940964","0.15662087500095367","0.17648367583751678"
"2121","0.07119064405560493","0.06707591563463211","0.07486195117235184","0.0740823782980442","0.06886307150125504","0.07856175303459167","0.0742633081972599","0.0686216950416565","0.07896524667739868","0.16589295491576195","0.11245383322238922","0.2389163225889206","0.16685712337493896","0.15709945559501648","0.17673799395561218"
"2122","0.06929369922727346","0.06195215508341789","0.0768134593963623","0.06980445981025696","0.06393754482269287","0.07612034678459167","0.0701389480382204","0.06276863813400269","0.07593303918838501","0.15536666102707386","0.10734310746192932","0.21863684058189392","0.1573340892791748","0.1473810374736786","0.16788971424102783"
"2123","0.07469442673027515","0.06388600170612335","0.08199144899845123","0.07657003402709961","0.06599898636341095","0.0835174024105072","0.07736518420279026","0.06715235114097595","0.08498946577310562","0.17062095366418362","0.12225324660539627","0.2605953514575958","0.17576998099684715","0.16104337573051453","0.18898746371269226"
"2124","0.06731991190463305","0.059711944311857224","0.07409320771694183","0.0697908503934741","0.062164973467588425","0.07801146805286407","0.07013292238116264","0.06315281987190247","0.07761169970035553","0.16045254468917847","0.1112554743885994","0.25384077429771423","0.1598328948020935","0.14801356196403503","0.17168834805488586"
"2125","0.06669163331389427","0.06395882368087769","0.07159216701984406","0.06924845464527607","0.06508985906839371","0.07381362468004227","0.0700040701776743","0.06616611778736115","0.07501713931560516","0.16144435852766037","0.10928604006767273","0.24646885693073273","0.16153662279248238","0.15219442546367645","0.16858182847499847"
"2126","0.06374543532729149","0.05538187921047211","0.07517097890377045","0.06703186593949795","0.05718958377838135","0.07982279360294342","0.06767206266522408","0.05988204479217529","0.08070234954357147","0.15371332317590714","0.10465770959854126","0.21894237399101257","0.15721048414707184","0.1431402564048767","0.18023322522640228"
"2127","0.06329397670924664","0.06278716027736664","0.06396543979644775","0.0659751184284687","0.06505008786916733","0.06672336161136627","0.06646185740828514","0.06440366059541702","0.06763940304517746","0.15540241077542305","0.1074465960264206","0.2355012595653534","0.1573215052485466","0.1520119309425354","0.16283093392848969"
"2128","0.07051335647702217","0.0622132271528244","0.07636861503124237","0.07217453047633171","0.06484359502792358","0.07716728746891022","0.07162380404770374","0.06418774276971817","0.07759502530097961","0.1687818504869938","0.10354585945606232","0.2525717616081238","0.16806359589099884","0.15267837047576904","0.17974171042442322"
"2129","0.07597732357680798","0.06876300275325775","0.08467824757099152","0.07727897353470325","0.06933927536010742","0.08830654621124268","0.07785646431148052","0.06966161727905273","0.0858791321516037","0.17177481576800346","0.11804893612861633","0.24567542970180511","0.17100537568330765","0.1528557687997818","0.18895570933818817"
"2130","0.07199332118034363","0.06622365117073059","0.07846337556838989","0.07485810294747353","0.06904548406600952","0.08127269893884659","0.0741039365530014","0.06858538836240768","0.08204154670238495","0.16727153956890106","0.10476402938365936","0.2550603747367859","0.16357599198818207","0.1519223302602768","0.17567308247089386"
"2131","0.07281268015503883","0.06319469958543777","0.07943276315927505","0.07755313627421856","0.0677890032529831","0.0839705690741539","0.07667962089180946","0.0650823563337326","0.08323691785335541","0.1688692383468151","0.10224267840385437","0.2581240236759186","0.169898621737957","0.14923948049545288","0.17811574041843414"
"2132","0.0717975702136755","0.06681834161281586","0.0765659287571907","0.07434113882482052","0.06689749658107758","0.07892926782369614","0.07459926046431065","0.0680806040763855","0.08095559477806091","0.1627572514116764","0.11472776532173157","0.24495406448841095","0.16561221703886986","0.16199278831481934","0.1723586767911911"
"2133","0.06843756418675184","0.062346603721380234","0.07224032282829285","0.07196148857474327","0.06655223667621613","0.07705244421958923","0.07120529003441334","0.06548609584569931","0.07668373733758926","0.15425601601600647","0.11608126759529114","0.2201097309589386","0.16328374296426773","0.15839548408985138","0.16692927479743958"
"2134","0.06463171448558569","0.060109272599220276","0.07153535634279251","0.06791271269321442","0.06335936486721039","0.07588938623666763","0.06899413280189037","0.06288154423236847","0.07641046494245529","0.1551823802292347","0.10692408680915833","0.226139634847641","0.1582549847662449","0.147837296128273","0.17311757802963257"
"2135","0.07906739041209221","0.07127978652715683","0.09665688127279282","0.08071691542863846","0.0717226192355156","0.09791533648967743","0.08093905076384544","0.07202930003404617","0.09929704666137695","0.1741057839244604","0.12204211205244064","0.25060683488845825","0.17720939591526985","0.1634102165699005","0.2087838053703308"
"2136","0.06677157618105412","0.06015922129154205","0.07070412486791611","0.0697825476527214","0.064091756939888","0.07462796568870544","0.0689901988953352","0.06382963806390762","0.07099886238574982","0.15764054656028748","0.10280239582061768","0.2444424033164978","0.15517573803663254","0.14478535950183868","0.16456978023052216"
"2137","0.07201394252479076","0.055253997445106506","0.08325798809528351","0.0760727096349001","0.06038817763328552","0.08867479860782623","0.0751724960282445","0.058793310075998306","0.08673878014087677","0.16611099056899548","0.11695956438779831","0.21731847524642944","0.17174680158495903","0.14404892921447754","0.20431488752365112"
"2138","0.08296694047749043","0.07685156911611557","0.09717455506324768","0.08712562918663025","0.08091409504413605","0.10106455534696579","0.08671553619205952","0.08120381832122803","0.09905979037284851","0.1840837076306343","0.1295277178287506","0.26237842440605164","0.18411468341946602","0.1759999394416809","0.20522037148475647"
"2139","0.07902952469885349","0.07034748792648315","0.09332168102264404","0.08196076564490795","0.07344140857458115","0.09857170283794403","0.0807660911232233","0.0733279138803482","0.09548141807317734","0.18229549005627632","0.11672380566596985","0.2868303656578064","0.17781975492835045","0.1619465947151184","0.19542264938354492"
"2140","0.06733892858028412","0.06070345640182495","0.07506273686885834","0.06937309168279171","0.06307829916477203","0.07933181524276733","0.06904797814786434","0.06293012201786041","0.08062843978404999","0.1590586844831705","0.10319419205188751","0.24893072247505188","0.16412267833948135","0.15391592681407928","0.18024452030658722"
"2141","0.06466024182736874","0.0613442063331604","0.06792783737182617","0.06795349344611168","0.06347525119781494","0.07301004230976105","0.067073835991323","0.06126123294234276","0.07345779240131378","0.15041588060557842","0.10550946742296219","0.23720455169677734","0.15289080515503883","0.14892800152301788","0.15787339210510254"
"2142","0.06909200362861156","0.06546373665332794","0.07617133855819702","0.07121293433010578","0.06904589384794235","0.07644301652908325","0.07208473421633244","0.06909021735191345","0.07632676512002945","0.15809883177280426","0.10909032821655273","0.24778679013252258","0.1564924642443657","0.1511213481426239","0.16383332014083862"
"2143","0.0676767760887742","0.05625007674098015","0.07312352955341339","0.07027470599859953","0.05869052931666374","0.07756145298480988","0.06938233599066734","0.05733480304479599","0.07475030422210693","0.1572190448641777","0.09644075483083725","0.24699798226356506","0.15701163560152054","0.13882288336753845","0.17209044098854065"
"2144","0.0663733035326004","0.06300713121891022","0.07380934059619904","0.0711453054100275","0.0673522874712944","0.0784735158085823","0.07057434134185314","0.06669257581233978","0.0783754512667656","0.15960120782256126","0.110084168612957","0.2510329782962799","0.1614052578806877","0.1524735391139984","0.16941475868225098"
"2145","0.06641249917447567","0.06291574984788895","0.06950438022613525","0.06872976571321487","0.06653134524822235","0.07024360448122025","0.06954528018832207","0.06682322174310684","0.07200492918491364","0.15855176374316216","0.10930385440587997","0.24539396166801453","0.16129975393414497","0.1562933325767517","0.16457705199718475"
"2146","0.0663637313991785","0.05893372744321823","0.07300954312086105","0.07031072489917278","0.06254912167787552","0.07782547175884247","0.0705362819135189","0.06275975704193115","0.0769800990819931","0.1557083036750555","0.10609354078769684","0.22872431576251984","0.15982405096292496","0.14817191660404205","0.17441649734973907"
"2147","0.07192184031009674","0.06738167256116867","0.0757962018251419","0.07499750144779682","0.06975215673446655","0.07979092001914978","0.07584651932120323","0.0691840648651123","0.08135244250297546","0.1632446739822626","0.12211107462644577","0.2378913015127182","0.17162954062223434","0.16597320139408112","0.17913389205932617"
"2148","0.07162354327738285","0.06955572962760925","0.07294581830501556","0.07479016669094563","0.07367359101772308","0.07631189376115799","0.07508361525833607","0.07394294440746307","0.07686775177717209","0.16589124500751495","0.11591938138008118","0.25496187806129456","0.16886048018932343","0.16048216819763184","0.1735944151878357"
"2149","0.06441082432866096","0.056881994009017944","0.07332265377044678","0.06850588507950306","0.06066575646400452","0.07978846877813339","0.06871534883975983","0.06032543629407883","0.08047802746295929","0.15478533506393433","0.10274922847747803","0.23537111282348633","0.15763738751411438","0.1461559385061264","0.18497739732265472"
"2150","0.06778767891228199","0.0605907142162323","0.07400143146514893","0.06972978729754686","0.060527827590703964","0.07798518985509872","0.07020187471061945","0.06102275475859642","0.07981409132480621","0.15784679912030697","0.11299590021371841","0.2558472156524658","0.17083994299173355","0.15185125172138214","0.19922654330730438"
"2151","0.06773250829428434","0.060878705233335495","0.07820532470941544","0.07015514746308327","0.062082380056381226","0.08104387670755386","0.06971193104982376","0.06281004101037979","0.08027589321136475","0.16127592138946056","0.11011368781328201","0.25579163432121277","0.16906242445111275","0.1597679853439331","0.18461598455905914"
"2152","0.06577285286039114","0.059160199016332626","0.07351216673851013","0.06782634556293488","0.06009285897016525","0.07679764926433563","0.06720156595110893","0.060407161712646484","0.07564698904752731","0.15330122224986553","0.09741946309804916","0.2355579435825348","0.15629874914884567","0.14303454756736755","0.17247244715690613"
"2153","0.07298719882965088","0.06394074112176895","0.08208613097667694","0.07702058181166649","0.07009223848581314","0.08780720084905624","0.07594084553420544","0.06798997521400452","0.08691944181919098","0.16664267890155315","0.10969536751508713","0.2586606740951538","0.1717408336699009","0.15794838964939117","0.184701606631279"
"2154","0.06464375741779804","0.054329417645931244","0.07711798697710037","0.06699045095592737","0.058357808738946915","0.0783773809671402","0.06685177609324455","0.05843967944383621","0.07885495573282242","0.1648753024637699","0.10307591408491135","0.2873203754425049","0.1566263772547245","0.14505942165851593","0.1769544929265976"
"2155","0.07211906835436821","0.06129663437604904","0.08321845531463623","0.07438036426901817","0.06558672338724136","0.08370102941989899","0.0742234606295824","0.06602102518081665","0.08486835658550262","0.16655669920146465","0.11018086969852448","0.2842562794685364","0.1676381714642048","0.15692538022994995","0.1881580799818039"
"2156","0.07461717538535595","0.06455697119235992","0.08027276396751404","0.07631980814039707","0.0662359669804573","0.08149924874305725","0.07683218270540237","0.068549245595932","0.08228316903114319","0.1689706463366747","0.10928933322429657","0.26706552505493164","0.16408374160528183","0.15145908296108246","0.17572548985481262"
"2157","0.07025335542857647","0.06560057401657104","0.07468324154615402","0.07334817573428154","0.0690070316195488","0.07775712758302689","0.0737303625792265","0.06913454830646515","0.07809589803218842","0.16383796371519566","0.11532337218523026","0.2560000419616699","0.1731485091149807","0.1617492437362671","0.18045766651630402"
"2158","0.06625579297542572","0.06389269232749939","0.06981836259365082","0.06855907291173935","0.0666358694434166","0.07139666378498077","0.06909668073058128","0.06698177754878998","0.07202889770269394","0.14410451985895634","0.1024671122431755","0.21736694872379303","0.14783121272921562","0.141233891248703","0.1538870483636856"
"2159","0.06405413895845413","0.05729899927973747","0.07323615998029709","0.06737112067639828","0.06006629765033722","0.0764656662940979","0.0675197271630168","0.05958951637148857","0.07876668870449066","0.1506306417286396","0.10830917954444885","0.22418101131916046","0.15069393441081047","0.1412622332572937","0.16335318982601166"
"2160","0.06848903559148312","0.06259722262620926","0.07533082365989685","0.071339450776577","0.0651315301656723","0.07836972177028656","0.07226863875985146","0.06636585295200348","0.0787559300661087","0.15521977841854095","0.10633286088705063","0.23462378978729248","0.16100573539733887","0.15684084594249725","0.16674891114234924"
"2161","0.07569088414311409","0.0697173923254013","0.08493077754974365","0.07816643640398979","0.07214994728565216","0.08729159832000732","0.07836583070456982","0.0714014321565628","0.08785829693078995","0.17308839596807957","0.12094200402498245","0.2695419192314148","0.1778760552406311","0.1712295114994049","0.18671509623527527"
"2162","0.06750807166099548","0.06388431787490845","0.07391983270645142","0.06977693364024162","0.06580914556980133","0.07637529075145721","0.07000531628727913","0.06622300297021866","0.07634849846363068","0.16188685409724712","0.10950462520122528","0.26780205965042114","0.16609341651201248","0.16132384538650513","0.1730949878692627"
"2163","0.07731904648244381","0.06224719434976578","0.08806897699832916","0.08023660071194172","0.06646251678466797","0.09164413809776306","0.08039780706167221","0.06684833765029907","0.09019501507282257","0.17344877868890762","0.11520148813724518","0.2927972376346588","0.17158542573451996","0.15207374095916748","0.1951257884502411"
"2164","0.06493771728128195","0.0587967149913311","0.07013621926307678","0.06586137972772121","0.05846308916807175","0.07120570540428162","0.06689673848450184","0.06047556549310684","0.07197032123804092","0.14690561592578888","0.09643015265464783","0.22243349254131317","0.16434218734502792","0.1500968635082245","0.18120582401752472"
"2166","0.07065451517701149","0.060009658336639404","0.07465094327926636","0.07509209588170052","0.063503198325634","0.079665906727314","0.07383365742862225","0.06251302361488342","0.07860350608825684","0.160805843770504","0.12282437086105347","0.22734111547470093","0.16709813103079796","0.14920897781848907","0.17920225858688354"
"2167","0.07083859108388424","0.05354101210832596","0.07751310616731644","0.07425999641418457","0.05692315846681595","0.08059965819120407","0.07445455901324749","0.05719275027513504","0.08178956806659698","0.16288728266954422","0.09425702691078186","0.25323164463043213","0.1703287996351719","0.14565786719322205","0.1828404814004898"
"2168","0.07189721427857876","0.0632714182138443","0.07943512499332428","0.07549448125064373","0.0676480382680893","0.08220069110393524","0.07433603424578905","0.06213243678212166","0.0830540806055069","0.15997772477567196","0.12456437200307846","0.23534440994262695","0.16275668516755104","0.14826542139053345","0.17272484302520752"
"2169","0.07012673281133175","0.059574276208877563","0.0751572996377945","0.07231168914586306","0.058859627693891525","0.0785929337143898","0.0729968249797821","0.06105104088783264","0.07980257272720337","0.16320649534463882","0.10354241728782654","0.2605968713760376","0.17161807417869568","0.15205520391464233","0.18213483691215515"
"2170","0.07265033386647701","0.06609896570444107","0.07914046943187714","0.0758531391620636","0.06719885766506195","0.0827145203948021","0.07620245404541492","0.06786075234413147","0.08546586334705353","0.16761309653520584","0.12138411402702332","0.27530354261398315","0.16990750283002853","0.15427947044372559","0.1774681657552719"
"2171","0.06709781847894192","0.05857430398464203","0.07918481528759003","0.07072105165570974","0.06118191406130791","0.08488507568836212","0.06994958966970444","0.06088589131832123","0.0826275646686554","0.15919208899140358","0.10602374374866486","0.26344895362854004","0.16572744399309158","0.15352323651313782","0.18082748353481293"
"2172","0.07672308199107647","0.07201392948627472","0.08119288831949234","0.07927574962377548","0.07487063109874725","0.0835050642490387","0.07868793047964573","0.07299664616584778","0.08253943920135498","0.17425567656755447","0.12317165732383728","0.26951491832733154","0.1718919649720192","0.1654648780822754","0.17933999001979828"
"2173","0.06733229570090771","0.06003116816282272","0.07349270582199097","0.07010776549577713","0.06511908024549484","0.07531685382127762","0.07029435224831104","0.06624147295951843","0.0764792338013649","0.15183746628463268","0.10883916914463043","0.23038378357887268","0.15759630873799324","0.1512535661458969","0.16814321279525757"
"2174","0.07282355055212975","0.06428532302379608","0.07746231555938721","0.07670531421899796","0.06585416942834854","0.08199068903923035","0.07577982358634472","0.0647648349404335","0.08224651217460632","0.16329133324325085","0.12482375651597977","0.25737619400024414","0.17052296176552773","0.15620742738246918","0.17960527539253235"
"2175","0.07340298965573311","0.07198596000671387","0.07545455545186996","0.07461276091635227","0.07362315058708191","0.07591863721609116","0.07519003562629223","0.0743384137749672","0.07600470632314682","0.16280778124928474","0.11820820719003677","0.25032028555870056","0.16251270845532417","0.15795215964317322","0.16646593809127808"
"2176","0.07431070134043694","0.06071668118238449","0.08774828165769577","0.07770533114671707","0.0625220239162445","0.09266618639230728","0.07779980264604092","0.06254546344280243","0.09204741567373276","0.16196085698902607","0.10075753182172775","0.2271612137556076","0.16654471307992935","0.14395305514335632","0.18548980355262756"
"2177","0.06766654551029205","0.06312710046768188","0.07610690593719482","0.07057922519743443","0.06581930816173553","0.07702337950468063","0.0704355277121067","0.0663280338048935","0.07802983373403549","0.1512719113379717","0.1045311763882637","0.23389175534248352","0.1568508967757225","0.14962545037269592","0.16811595857143402"
"2178","0.0698863584548235","0.06955364346504211","0.07034013420343399","0.07122926972806454","0.07053230702877045","0.07254192233085632","0.07200264371931553","0.07139907777309418","0.07236970216035843","0.1570265144109726","0.11054645478725433","0.24587495625019073","0.15789498016238213","0.15462905168533325","0.16306090354919434"
"2179","0.07344415225088596","0.06582257151603699","0.0811508372426033","0.07634124346077442","0.06670086830854416","0.0851006954908371","0.07490171492099762","0.06585052609443665","0.08536417782306671","0.16217783093452454","0.10647892951965332","0.2372618019580841","0.16538917273283005","0.15039044618606567","0.1813938170671463"
"2180","0.06852711923420429","0.06326554715633392","0.07821622490882874","0.07051298953592777","0.06385662406682968","0.08043183386325836","0.07107018679380417","0.06423424184322357","0.08283562958240509","0.15854033455252647","0.1059408113360405","0.23484790325164795","0.17146827653050423","0.16129307448863983","0.18310850858688354"
"2181","0.06747919134795666","0.06258413940668106","0.07344671338796616","0.07025259360671043","0.06419757008552551","0.07584896683692932","0.07061842642724514","0.06472910195589066","0.0764886885881424","0.1517411656677723","0.11510899662971497","0.22784997522830963","0.1581832766532898","0.14803072810173035","0.17571839690208435"
"2182","0.06765606626868248","0.05731375515460968","0.07667558640241623","0.06924813147634268","0.062064919620752335","0.07740400731563568","0.06928364932537079","0.05961309373378754","0.07862941920757294","0.15125790424644947","0.09222393482923508","0.266057550907135","0.14964654296636581","0.1355380415916443","0.1630382537841797"
"2183","0.07630067691206932","0.06902092695236206","0.08247379213571548","0.07941781729459763","0.06910611689090729","0.0866815522313118","0.07990946248173714","0.07070102542638779","0.08865642547607422","0.17866578698158264","0.12355127930641174","0.3020747900009155","0.17851082608103752","0.15539176762104034","0.196437805891037"
"2184","0.07131950743496418","0.06217718869447708","0.0797479972243309","0.07263733260333538","0.06450150907039642","0.0837835744023323","0.07337035797536373","0.0637010931968689","0.08408012986183167","0.15927927196025848","0.10867233574390411","0.2586691081523895","0.16289545595645905","0.15071207284927368","0.1851092427968979"
"2185","0.0727271270006895","0.054799214005470276","0.08630234748125076","0.07584585435688496","0.058157384395599365","0.0894424170255661","0.07488241884857416","0.05640025809407234","0.0887378454208374","0.16243639960885048","0.0942261815071106","0.2553507685661316","0.16599112749099731","0.1382862627506256","0.18454551696777344"
"2186","0.07593449577689171","0.06342413276433945","0.08538290858268738","0.07800712622702122","0.06662316620349884","0.08835247904062271","0.07857664488255978","0.06700345128774643","0.08835812658071518","0.1635241061449051","0.11274351179599762","0.233003631234169","0.17194370180368423","0.15484723448753357","0.19474920630455017"
"2187","0.0626267297193408","0.059305883944034576","0.06924596428871155","0.06370316352695227","0.06036638841032982","0.07064075767993927","0.06481600925326347","0.06259280443191528","0.07022865861654282","0.1445028819143772","0.09952612221240997","0.2268659770488739","0.14948846399784088","0.14488853514194489","0.15434201061725616"
"2188","0.07398219779133797","0.06801209598779678","0.0792321041226387","0.07659509405493736","0.07193298637866974","0.08395031094551086","0.0767029207199812","0.07130332291126251","0.08357925713062286","0.1731662042438984","0.12600591778755188","0.2706575393676758","0.17807073891162872","0.16995151340961456","0.182024747133255"
"2189","0.07368872314691544","0.06262079626321793","0.08296965807676315","0.07608334720134735","0.06649031490087509","0.08380396664142609","0.07527224905788898","0.06311443448066711","0.08478142321109772","0.16289355978369713","0.10180063545703888","0.2666979432106018","0.16153082624077797","0.14234021306037903","0.17239603400230408"
"2190","0.07148548401892185","0.0633775070309639","0.07853645086288452","0.07318468764424324","0.06571203470230103","0.0817788764834404","0.07330166734755039","0.06472408026456833","0.08119145780801773","0.15403087064623833","0.1127295196056366","0.24091635644435883","0.16888784617185593","0.16003035008907318","0.1835988461971283"
"2191","0.06722116284072399","0.06495513021945953","0.07110067456960678","0.06932484172284603","0.06566832959651947","0.0737256109714508","0.06942328251898289","0.06546266376972198","0.07560168206691742","0.15508021786808968","0.10925811529159546","0.2508254051208496","0.15673119202256203","0.14811971783638","0.1708306521177292"
"2192","0.07703962922096252","0.06858831644058228","0.09328871220350266","0.07861577533185482","0.07142947614192963","0.0947943851351738","0.07928816042840481","0.07051162421703339","0.09645363688468933","0.16906298324465752","0.11806848645210266","0.27403831481933594","0.17535388469696045","0.15636208653450012","0.19264602661132812"
"2193","0.07670794241130352","0.0631331354379654","0.08884117752313614","0.07728786952793598","0.062532939016819","0.0920523852109909","0.07827861234545708","0.06334129720926285","0.09116147458553314","0.1598486229777336","0.12663480639457703","0.24312549829483032","0.17151589319109917","0.1502213329076767","0.19145378470420837"
"2194","0.07800891064107418","0.07133247703313828","0.08746784925460815","0.08015829510986805","0.0750730037689209","0.08760751038789749","0.08104047924280167","0.07456553727388382","0.0889366865158081","0.17515186592936516","0.11563774943351746","0.2743579149246216","0.18529682233929634","0.17013472318649292","0.21249455213546753"
"2195","0.06270008906722069","0.04810953140258789","0.07550425082445145","0.06528757512569427","0.05143475532531738","0.07697021216154099","0.06559583451598883","0.051432933658361435","0.07813911885023117","0.14216873608529568","0.10518129169940948","0.23317252099514008","0.1544998623430729","0.1316409707069397","0.1686757504940033"
"2196","0.0683246050029993","0.06459145247936249","0.07166088372468948","0.07042110338807106","0.06668148934841156","0.07528452575206757","0.07046454027295113","0.06819145381450653","0.07527521997690201","0.15249727480113506","0.106971375644207","0.25206610560417175","0.15868470817804337","0.15209421515464783","0.1640438586473465"
"2197","0.06801512092351913","0.05903508514165878","0.0747879147529602","0.06933576613664627","0.061033159494400024","0.07681223005056381","0.07026027422398329","0.06149514392018318","0.07827509939670563","0.15852328017354012","0.11413416266441345","0.2651987671852112","0.1634642742574215","0.14684690535068512","0.1772209107875824"
"2198","0.07300222292542458","0.059839554131031036","0.08467265218496323","0.07476003840565681","0.06302320212125778","0.08603397756814957","0.07460622396320105","0.06174781545996666","0.08662372827529907","0.15720533952116966","0.09890227019786835","0.23737654089927673","0.1689545288681984","0.14993664622306824","0.1895318627357483"
"2199","0.07217246294021606","0.06066814810037613","0.08917219191789627","0.07498692162334919","0.06708774715662003","0.09168584644794464","0.07565552555024624","0.06616240739822388","0.09101217985153198","0.16391011700034142","0.10845030844211578","0.2554721534252167","0.17080821841955185","0.1526673138141632","0.19576874375343323"
"2200","0.06839367933571339","0.05713304132223129","0.07994561642408371","0.07048703730106354","0.05857718735933304","0.08058631420135498","0.07008923776447773","0.05827280133962631","0.08031843602657318","0.1525438316166401","0.11753736436367035","0.22578231990337372","0.15999742969870567","0.14896857738494873","0.17652684450149536"
"2201","0.07362029422074556","0.06043365225195885","0.08360782265663147","0.07484453544020653","0.06139060854911804","0.08472983539104462","0.07582215033471584","0.06033652275800705","0.08512575924396515","0.14860926382243633","0.12305807322263718","0.22075599431991577","0.16066443920135498","0.14351925253868103","0.17096887528896332"
"2202","0.0702418927103281","0.0662885308265686","0.07430359721183777","0.07216813042759895","0.06581307202577591","0.07711949199438095","0.07213182561099529","0.0678473487496376","0.07577641308307648","0.1562999151647091","0.11264194548130035","0.2577283978462219","0.16059954464435577","0.1545402854681015","0.16619491577148438"
"2203","0.07575797289609909","0.07048039138317108","0.07854582369327545","0.07795323804020882","0.07359349727630615","0.07985295355319977","0.07787274941802025","0.07284277677536011","0.08033125102519989","0.1694171130657196","0.12589295208454132","0.26890110969543457","0.1825048327445984","0.17413710057735443","0.1874254196882248"
"2204","0.07825125753879547","0.07356904447078705","0.08543100953102112","0.07997765205800533","0.07432001829147339","0.08852949738502502","0.08063321001827717","0.07715459167957306","0.08822935074567795","0.16612341441214085","0.11744292825460434","0.25955629348754883","0.17500975355505943","0.16747745871543884","0.1802198737859726"
"2205","0.07133916765451431","0.06368868052959442","0.08169570565223694","0.07349282316863537","0.06540095061063766","0.08415856957435608","0.0732247568666935","0.06729163974523544","0.08296138793230057","0.16145875677466393","0.10528033971786499","0.25842034816741943","0.16925622522830963","0.15547586977481842","0.180311918258667"
"2206","0.06688363943248987","0.05816328898072243","0.07456868886947632","0.06982769258320332","0.06137288361787796","0.07902564853429794","0.06982872262597084","0.06072778254747391","0.07892318814992905","0.15286417864263058","0.10578444600105286","0.22672364115715027","0.1655125617980957","0.15059757232666016","0.18770265579223633"
"2207","0.07098998129367828","0.0685790553689003","0.0755005031824112","0.07400678656995296","0.07151421904563904","0.07832866907119751","0.07407868653535843","0.07153547555208206","0.08018582314252853","0.15354391746222973","0.11534443497657776","0.22361363470554352","0.1679481789469719","0.1645636111497879","0.17510998249053955"
"2208","0.06488911807537079","0.055568479001522064","0.07311511039733887","0.06685561500489712","0.058667927980422974","0.07401059567928314","0.06730860564857721","0.05993298441171646","0.07391348481178284","0.14342367835342884","0.09625790268182755","0.2135348618030548","0.15848716720938683","0.14498168230056763","0.17770707607269287"
"2209","0.07846135646104813","0.07154543697834015","0.08745332807302475","0.079662024974823","0.073157899081707","0.0858413577079773","0.0802979189902544","0.07305631786584854","0.08964529633522034","0.17973101697862148","0.11490502208471298","0.2877582311630249","0.18173789978027344","0.1609901636838913","0.21998104453086853"
"2210","0.0642163809388876","0.05322309583425522","0.07601872086524963","0.06656879931688309","0.05595948547124863","0.07618190348148346","0.0661478117108345","0.05611305683851242","0.07589644193649292","0.14248643070459366","0.09062039107084274","0.24736696481704712","0.14707567915320396","0.13348418474197388","0.16081061959266663"
"2211","0.07436528988182545","0.06327079236507416","0.08234687149524689","0.07838649861514568","0.06575936824083328","0.08500216901302338","0.07793238013982773","0.066483274102211","0.08438292145729065","0.16819040104746819","0.10399146378040314","0.27489274740219116","0.17182772979140282","0.1484707146883011","0.19216734170913696"
"2212","0.07359890826046467","0.06656241416931152","0.07913604378700256","0.07722770795226097","0.06954433768987656","0.0818198174238205","0.07739134319126606","0.06867741048336029","0.08280932903289795","0.16137658804655075","0.12322737276554108","0.24814975261688232","0.17249157279729843","0.15999332070350647","0.1819944977760315"
"2213","0.06992807146161795","0.05790112540125847","0.08145738393068314","0.07409105077385902","0.06306574493646622","0.08703050017356873","0.07450602110475302","0.06225143000483513","0.08833131194114685","0.15911787934601307","0.1018577590584755","0.25456559658050537","0.16621265560388565","0.1532173752784729","0.18017055094242096"
"2214","0.07181344460695982","0.054695677012205124","0.08252911269664764","0.07413703203201294","0.05510508269071579","0.08643659204244614","0.07404306344687939","0.05501382052898407","0.08601057529449463","0.16557929664850235","0.0980975329875946","0.27964532375335693","0.16943399980664253","0.14430053532123566","0.18601861596107483"
"2215","0.06691498681902885","0.06345853954553604","0.0745169073343277","0.06911811605095863","0.0645320788025856","0.07543613016605377","0.07093125581741333","0.06596376746892929","0.07840327173471451","0.15048430487513542","0.10053186118602753","0.26980453729629517","0.15396274626255035","0.1480020433664322","0.16688844561576843"
"2216","0.07664946652948856","0.06257809698581696","0.08797703683376312","0.07856184989213943","0.0638730525970459","0.08875754475593567","0.07913836650550365","0.06506586074829102","0.08953803777694702","0.16657090187072754","0.11280909180641174","0.2809222936630249","0.17126096040010452","0.14899370074272156","0.19005005061626434"
"2217","0.07071455754339695","0.06430463492870331","0.08072656393051147","0.07419129274785519","0.06817950308322906","0.08515939116477966","0.07438295893371105","0.06812039017677307","0.08483396470546722","0.16437519155442715","0.11174751818180084","0.28876715898513794","0.1726442277431488","0.16058120131492615","0.20803366601467133"
"2218","0.061754810623824596","0.05518713220953941","0.06969406455755234","0.06487701460719109","0.0585363507270813","0.07346548140048981","0.06469086557626724","0.05790882557630539","0.07268479466438293","0.1414680201560259","0.10230281203985214","0.21942633390426636","0.14886141195893288","0.13973867893218994","0.1568889617919922"
"2219","0.073396822437644","0.06326025724411011","0.08835768699645996","0.07683791592717171","0.06443974375724792","0.09276582300662994","0.0773509107530117","0.06413298100233078","0.09211064130067825","0.1693702694028616","0.10288465023040771","0.2999933660030365","0.173462625592947","0.14471599459648132","0.20569604635238647"
"2220","0.06742319278419018","0.05849965661764145","0.08012305200099945","0.07001580577343702","0.05988721176981926","0.08319295942783356","0.0696733184158802","0.062277890741825104","0.08316076546907425","0.1515125222504139","0.10559071600437164","0.22642429172992706","0.1591997854411602","0.14449100196361542","0.18488439917564392"
"2221","0.07339814119040966","0.06594877690076828","0.07856138795614243","0.0741992499679327","0.06665259599685669","0.08112658560276031","0.07558898068964481","0.06752946972846985","0.08266322314739227","0.17063128016889095","0.11055377125740051","0.2986523509025574","0.17298489063978195","0.16666194796562195","0.1862642467021942"
"2222","0.07261954434216022","0.06485752016305923","0.08409895747900009","0.07312950119376183","0.06459645926952362","0.08433984965085983","0.07232923991978168","0.06475712358951569","0.08448103815317154","0.15341180004179478","0.10275524854660034","0.2376766800880432","0.15925545245409012","0.143536776304245","0.1767168641090393"
"2223","0.06645443476736546","0.06229441612958908","0.06961096078157425","0.06837967969477177","0.06501976400613785","0.07101476192474365","0.0680525116622448","0.06445232033729553","0.0695505365729332","0.152090298011899","0.10538749396800995","0.2501438856124878","0.1614379547536373","0.15227188169956207","0.17387761175632477"
"2224","0.0731088425964117","0.0652272030711174","0.0841747373342514","0.07613096758723259","0.06904575973749161","0.08748780936002731","0.0763753391802311","0.06847847998142242","0.08943142741918564","0.1634955182671547","0.10748876631259918","0.28954434394836426","0.16793868318200111","0.1545824557542801","0.18751609325408936"
"2225","0.0704504419118166","0.06053287535905838","0.07889893651008606","0.07344415597617626","0.06244877725839615","0.082675501704216","0.0733692916110158","0.06138335540890694","0.0838642567396164","0.15317785926163197","0.11527606844902039","0.25409209728240967","0.16431862115859985","0.14676052331924438","0.17850106954574585"
"2226","0.06931096501648426","0.05517154186964035","0.0802081897854805","0.07056496478617191","0.05602814257144928","0.08247590810060501","0.0717446906492114","0.05783158913254738","0.08475056290626526","0.14761658385396004","0.10435931384563446","0.19862978160381317","0.16631392762064934","0.14340747892856598","0.18597200512886047"
"2227","0.06906317826360464","0.060113970190286636","0.07353794574737549","0.07200452126562595","0.06312911212444305","0.07710786163806915","0.07257706299424171","0.0633629560470581","0.07688245177268982","0.15745085291564465","0.10105857253074646","0.2704080641269684","0.1716042049229145","0.14916503429412842","0.19765862822532654"
"2228","0.06753033678978682","0.060446109622716904","0.07114803045988083","0.06975233741104603","0.06302357465028763","0.0742245689034462","0.07020487263798714","0.06323044002056122","0.07493031024932861","0.1481224186718464","0.10997818410396576","0.24840641021728516","0.14851772040128708","0.14046812057495117","0.15473201870918274"
"2229","0.06936726532876492","0.06303007900714874","0.07567673921585083","0.07232908718287945","0.06603862345218658","0.0764518603682518","0.07210330665111542","0.06488388776779175","0.07674801349639893","0.14723078534007072","0.11614689230918884","0.21495431661605835","0.16126787662506104","0.1498071551322937","0.17896798253059387"
"2230","0.07652998715639114","0.0674750804901123","0.09903527796268463","0.07713887095451355","0.06912572681903839","0.09750692546367645","0.07887854054570198","0.0692768543958664","0.09993313997983932","0.16287915967404842","0.10720023512840271","0.2955740690231323","0.16878053545951843","0.1529153287410736","0.20254966616630554"
"2231","0.07754046283662319","0.06280506402254105","0.09345096349716187","0.07904892042279243","0.063214510679245","0.09766466170549393","0.07950921356678009","0.06457705795764923","0.09744930267333984","0.16393670439720154","0.09937355667352676","0.29734915494918823","0.1709233894944191","0.14892885088920593","0.20140746235847473"
"2232","0.06486804317682981","0.06156444922089577","0.0685744434595108","0.06752590462565422","0.06507962197065353","0.06961297988891602","0.0675297100096941","0.0656188428401947","0.06951373815536499","0.14576984383165836","0.10342302918434143","0.24410971999168396","0.1568397507071495","0.15057986974716187","0.16201335191726685"
"2233","0.07829295098781586","0.07509535551071167","0.08193189650774002","0.08045957051217556","0.0777408629655838","0.08216722309589386","0.08096142672002316","0.07783268392086029","0.08472341299057007","0.16947797685861588","0.12650206685066223","0.27648046612739563","0.18327956646680832","0.17177706956863403","0.19620144367218018"
"2234","0.06436224654316902","0.059153489768505096","0.06836307793855667","0.06664352305233479","0.0626421719789505","0.0711851716041565","0.06705696880817413","0.06215362995862961","0.07081343233585358","0.14232269674539566","0.10045889765024185","0.24374642968177795","0.15021085739135742","0.14195877313613892","0.1603350043296814"
"2235","0.06922636926174164","0.06510677933692932","0.07466410100460052","0.07282247394323349","0.06864503026008606","0.0789903998374939","0.07280666939914227","0.06805732101202011","0.07719264924526215","0.15216458588838577","0.10861974954605103","0.23832091689109802","0.15970394760370255","0.1511327624320984","0.17283160984516144"
"2236","0.07253758423030376","0.06046631187200546","0.07910531014204025","0.07507598400115967","0.06387723982334137","0.08256369829177856","0.0744797382503748","0.061854779720306396","0.08387605845928192","0.15365244075655937","0.1149100661277771","0.22214968502521515","0.1635236032307148","0.14214091002941132","0.18146279454231262"
"2237","0.07190126460045576","0.060593921691179276","0.08333663642406464","0.07430074736475945","0.06555159389972687","0.08308358490467072","0.07515991292893887","0.06589402258396149","0.08447317034006119","0.15196199528872967","0.10096140950918198","0.24319212138652802","0.16025340929627419","0.14367878437042236","0.17343708872795105"
"2238","0.06903636641800404","0.0667155534029007","0.07342672348022461","0.07036405242979527","0.06726320087909698","0.0742139220237732","0.06954910419881344","0.0667756050825119","0.07434574514627457","0.1520243864506483","0.10730007290840149","0.2415870726108551","0.15868058800697327","0.15151992440223694","0.16720423102378845"
"2239","0.06703261844813824","0.061633504927158356","0.07278218120336533","0.06953544355928898","0.06358680129051208","0.07389932125806808","0.07006909511983395","0.06367266923189163","0.07400231063365936","0.14687980897724628","0.11050691455602646","0.23237740993499756","0.1577048897743225","0.15117564797401428","0.1683298498392105"
"2240","0.07033039815723896","0.057460933923721313","0.0889335423707962","0.07291342690587044","0.059762485325336456","0.09343363344669342","0.07288318127393723","0.05977361649274826","0.09178810566663742","0.15560189820826054","0.09887079149484634","0.24749040603637695","0.16657555848360062","0.14770159125328064","0.1943492293357849"
"2241","0.06412102654576302","0.059348464012145996","0.07285904884338379","0.06591125391423702","0.05978512763977051","0.07586866617202759","0.06520070508122444","0.06008823215961456","0.07329203933477402","0.14217255637049675","0.09969475865364075","0.227369487285614","0.1479770727455616","0.14122207462787628","0.16232609748840332"
"2242","0.07284778915345669","0.06818509101867676","0.07817453145980835","0.0744075421243906","0.06908497959375381","0.08132968842983246","0.07475662231445312","0.06945005059242249","0.08216972649097443","0.15015804581344128","0.11677921563386917","0.22138197720050812","0.16083955019712448","0.14779368042945862","0.1679309457540512"
"2243","0.0686002466827631","0.06125946342945099","0.07412247359752655","0.07138870097696781","0.062091097235679626","0.07970603555440903","0.07109090033918619","0.06219605728983879","0.07914276421070099","0.14926373586058617","0.11195388436317444","0.22120767831802368","0.1633547618985176","0.15215462446212769","0.17137473821640015"
"2244","0.0710366191342473","0.054488975554704666","0.08163675665855408","0.07220366410911083","0.056644849479198456","0.08024546504020691","0.07270355336368084","0.05594516545534134","0.08044039458036423","0.15451429411768913","0.1102210059762001","0.2670983076095581","0.16027461364865303","0.1362937092781067","0.1747751384973526"
"2245","0.07522541843354702","0.07146644592285156","0.07690489292144775","0.0768621601164341","0.07296562194824219","0.08011013269424438","0.07699400931596756","0.0742158442735672","0.07852132618427277","0.16646433621644974","0.12666285037994385","0.268039733171463","0.1762767881155014","0.16899921000003815","0.18134847283363342"
"2246","0.07325006648898125","0.06218285858631134","0.08398685604333878","0.0747040593996644","0.062011849135160446","0.08755442500114441","0.07527618855237961","0.06548531353473663","0.08733829855918884","0.1544441021978855","0.10493122041225433","0.223380908370018","0.17052680626511574","0.1548711657524109","0.18740737438201904"
"2247","0.07822806015610695","0.06890437006950378","0.09333981573581696","0.08062349073588848","0.07124529778957367","0.09664121270179749","0.08077036403119564","0.0720360204577446","0.0959106832742691","0.17113922350108624","0.11420014500617981","0.3113173842430115","0.17447106540203094","0.1579068899154663","0.20607492327690125"
"2248","0.06737370602786541","0.06156131625175476","0.07733114063739777","0.07042591832578182","0.06640325486660004","0.07962807267904282","0.0698931124061346","0.06486853212118149","0.07854191213846207","0.1517928596585989","0.1071605458855629","0.2611364722251892","0.16486969962716103","0.15802206099033356","0.17576536536216736"
"2249","0.07460356038063765","0.062279362231492996","0.08073309808969498","0.07564332708716393","0.06405968219041824","0.08202803134918213","0.07645635679364204","0.06548494100570679","0.08314095437526703","0.16454002633690834","0.11656422913074493","0.28470438718795776","0.1694313958287239","0.15667541325092316","0.17964087426662445"
"2250","0.07683438435196877","0.07514020800590515","0.07989156246185303","0.07919677533209324","0.07682069391012192","0.08457391709089279","0.07986221462488174","0.07818561792373657","0.08336114883422852","0.15945986099541187","0.1216827780008316","0.24397139251232147","0.16948125511407852","0.1673070341348648","0.17237770557403564"
"2251","0.06898664496839046","0.05995200574398041","0.07987245172262192","0.07082658633589745","0.06328573822975159","0.08071829378604889","0.07138268649578094","0.06413818895816803","0.08023938536643982","0.1561562977731228","0.10146854817867279","0.27739959955215454","0.16193365305662155","0.14487379789352417","0.18387189507484436"
"2252","0.07232686132192612","0.06629854440689087","0.08152753114700317","0.0756846722215414","0.06988053768873215","0.08560918271541595","0.07561288587749004","0.07079445570707321","0.08451786637306213","0.16077491641044617","0.1135675460100174","0.25534260272979736","0.16195763275027275","0.15547779202461243","0.17511507868766785"
"2253","0.07233227230608463","0.06628946959972382","0.07924706488847733","0.07637007907032967","0.07124724984169006","0.08345663547515869","0.07545798830688","0.06771095097064972","0.08267424255609512","0.15791625156998634","0.11754058301448822","0.23684558272361755","0.16589940711855888","0.15855631232261658","0.17066816985607147"
"2254","0.07428676821291447","0.06690449267625809","0.07953406870365143","0.07551565952599049","0.06891728192567825","0.08196330070495605","0.07590242102742195","0.07134038954973221","0.07977300882339478","0.1627995390444994","0.12279938906431198","0.25657835602760315","0.17214057594537735","0.16267597675323486","0.18169894814491272"
"2255","0.06975921988487244","0.06584518402814865","0.07463856041431427","0.07256047055125237","0.06931299716234207","0.07704760879278183","0.07232375256717205","0.06842464953660965","0.07567628473043442","0.1545275505632162","0.11163481324911118","0.25203394889831543","0.1610015407204628","0.15963627398014069","0.16306112706661224"
"2256","0.0749529991298914","0.07045319676399231","0.08295280486345291","0.07722681760787964","0.07087306678295135","0.0859503448009491","0.07677442021667957","0.07035505771636963","0.08610024303197861","0.16166112571954727","0.11854921281337738","0.25731974840164185","0.17198456078767776","0.1639486849308014","0.18091431260108948"
"2257","0.0757809430360794","0.06942448765039444","0.08442868292331696","0.0772551354020834","0.06921158730983734","0.08602612465620041","0.07784268446266651","0.06988045573234558","0.08613187074661255","0.1587053369730711","0.12253337353467941","0.23704759776592255","0.17659418284893036","0.15715934336185455","0.19595439732074738"
"2258","0.0671734856441617","0.060823287814855576","0.0727464035153389","0.07012838032096624","0.06187808886170387","0.0747966468334198","0.06975780613720417","0.06005604565143585","0.07609099894762039","0.14756029658019543","0.11317631602287292","0.22592048346996307","0.15921947732567787","0.15662738680839539","0.1630563884973526"
"2259","0.07309071719646454","0.06082015857100487","0.08673562109470367","0.07457358483225107","0.06142447516322136","0.08721205592155457","0.07418427150696516","0.06076226755976677","0.08770972490310669","0.15992466174066067","0.09977488964796066","0.2847062647342682","0.17061655223369598","0.15078569948673248","0.1915532946586609"
"2260","0.07333537563681602","0.06348277628421783","0.07936598360538483","0.0759914368391037","0.06411674618721008","0.08469678461551666","0.0749202761799097","0.06440729647874832","0.08269178122282028","0.15268532745540142","0.09719125926494598","0.25340694189071655","0.16074200347065926","0.14224396646022797","0.1722588688135147"
"2261","0.0683871190994978","0.05603429675102234","0.07816251367330551","0.0706563238054514","0.0568685457110405","0.08048253506422043","0.07051256112754345","0.05814146250486374","0.07972189784049988","0.14862645603716373","0.10373726487159729","0.2652409076690674","0.15344849601387978","0.13273829221725464","0.17392991483211517"
"2262","0.07572664134204388","0.067261703312397","0.08235891163349152","0.07842204160988331","0.06787506490945816","0.08942998945713043","0.07911507226526737","0.06972277164459229","0.08911583572626114","0.16506364196538925","0.11498677730560303","0.28202128410339355","0.16844016686081886","0.15287068486213684","0.1840212047100067"
"2263","0.0797303169965744","0.068464495241642","0.08926177024841309","0.08229984156787395","0.07026393711566925","0.09390073269605637","0.08188382163643837","0.06933218240737915","0.08936233073472977","0.1772122122347355","0.10922414064407349","0.31936049461364746","0.1774647943675518","0.15679003298282623","0.19354206323623657"
"2264","0.07154842466115952","0.0647975280880928","0.07970428466796875","0.07354536652565002","0.06661488860845566","0.08264782279729843","0.07379142194986343","0.06620058417320251","0.08312872052192688","0.1521611176431179","0.10268127918243408","0.2530214786529541","0.1606845185160637","0.14759592711925507","0.17857733368873596"
"2265","0.07510026544332504","0.06751304119825363","0.07923832535743713","0.07721138745546341","0.06898339837789536","0.0832272320985794","0.07670020498335361","0.06994077563285828","0.08248484134674072","0.16577300988137722","0.11527016013860703","0.2848881483078003","0.1702343188226223","0.16554443538188934","0.17506647109985352"
"2266","0.07732719741761684","0.07441296428442001","0.0819234624505043","0.08005692809820175","0.07602502405643463","0.0859212875366211","0.07996188849210739","0.07563265413045883","0.08602133393287659","0.16251583397388458","0.12848466634750366","0.2505851686000824","0.17633533477783203","0.16623827815055847","0.18505653738975525"
"2267","0.06772281043231487","0.05671275407075882","0.07593099772930145","0.06987862940877676","0.05973328277468681","0.07800759375095367","0.06995839346200228","0.06052052602171898","0.07763554155826569","0.15124788135290146","0.11744782328605652","0.234360009431839","0.1584981083869934","0.14567162096500397","0.17416679859161377"
"2268","0.0749149490147829","0.0700094997882843","0.08440402150154114","0.07719501852989197","0.07137825340032578","0.085688516497612","0.07686740532517433","0.07167935371398926","0.08314158022403717","0.1603295225650072","0.11118823289871216","0.2722622752189636","0.1697186343371868","0.16039587557315826","0.18554061651229858"
"2269","0.06768307834863663","0.0626792460680008","0.07538733631372452","0.07048152200877666","0.06572861969470978","0.07838054746389389","0.0710659772157669","0.06603886932134628","0.07894729822874069","0.14596121944487095","0.10704739391803741","0.24170245230197906","0.1552322432398796","0.14701998233795166","0.16783416271209717"
"2270","0.0731339082121849","0.06138834357261658","0.08572973310947418","0.07408331334590912","0.06290983408689499","0.08805212378501892","0.0742582231760025","0.06245202571153641","0.08754999190568924","0.15964781865477562","0.11202128231525421","0.22715097665786743","0.17786317318677902","0.1620912402868271","0.19927111268043518"
"2271","0.08059130609035492","0.07481426745653152","0.08853650093078613","0.08182493969798088","0.07489611953496933","0.08919456601142883","0.08282200992107391","0.07655258476734161","0.08927282691001892","0.1669502630829811","0.13488580286502838","0.2565479278564453","0.18059083446860313","0.16743601858615875","0.19559907913208008"
"2272","0.07223060727119446","0.06559842824935913","0.0815884917974472","0.07427662424743176","0.06975725293159485","0.08238036185503006","0.07531568221747875","0.06975073367357254","0.08614140748977661","0.161833131685853","0.11091923713684082","0.27049896121025085","0.17378176748752594","0.15876637399196625","0.18400521576404572"
"2273","0.07545763626694679","0.07279476523399353","0.07721979171037674","0.07783066853880882","0.07497891038656235","0.08170010149478912","0.07676664926111698","0.07468238472938538","0.07928144931793213","0.15374694392085075","0.11398665606975555","0.23652024567127228","0.16519852727651596","0.15913501381874084","0.17464259266853333"
"2274","0.07067985087633133","0.06437824666500092","0.07749738544225693","0.07126712054014206","0.06484273076057434","0.07676906883716583","0.07239983417093754","0.0649431124329567","0.07919889688491821","0.1465599313378334","0.10090582072734833","0.24053573608398438","0.15917367488145828","0.14567995071411133","0.16632187366485596"
"2275","0.06985864043235779","0.06532692164182663","0.07496911287307739","0.07344404608011246","0.06754619628190994","0.08009517192840576","0.0728427954018116","0.06802743673324585","0.07816441357135773","0.15397852286696434","0.11860068887472153","0.24961109459400177","0.1648627519607544","0.15677320957183838","0.17165973782539368"
"2276","0.06614658609032631","0.061315782368183136","0.07315827906131744","0.06726118922233582","0.06332258880138397","0.07514803856611252","0.06692112516611814","0.06177426502108574","0.07561197131872177","0.14406995475292206","0.10877199470996857","0.22716432809829712","0.15673213079571724","0.1467609852552414","0.17279651761054993"
"2277","0.0725721437484026","0.06122098118066788","0.08262339234352112","0.07433375157415867","0.06298330426216125","0.08570918440818787","0.0746404305100441","0.0649755597114563","0.08427004516124725","0.15570006519556046","0.11355935037136078","0.23177731037139893","0.16617530584335327","0.1464032232761383","0.18562859296798706"
"2278","0.07631403021514416","0.06258085370063782","0.08875428140163422","0.07758627086877823","0.06642325222492218","0.0860297679901123","0.07852286472916603","0.06631524115800858","0.08928625285625458","0.16381060145795345","0.10741328448057175","0.28396210074424744","0.17157655954360962","0.1501118540763855","0.19188478589057922"
"2279","0.07104065082967281","0.06394756585359573","0.0766996219754219","0.07266717776656151","0.06495948135852814","0.08015111833810806","0.07240142300724983","0.06565285474061966","0.07813883572816849","0.1524217166006565","0.10867828130722046","0.2539188861846924","0.16322237998247147","0.14903709292411804","0.18268916010856628"
"2280","0.06630845740437508","0.06033889204263687","0.06968069821596146","0.0678196232765913","0.060664594173431396","0.07190915942192078","0.06886778585612774","0.0612281858921051","0.07330017536878586","0.14301024563610554","0.09518589079380035","0.24547873437404633","0.1489822082221508","0.13541129231452942","0.16316154599189758"
"2281","0.07231143489480019","0.06779704988002777","0.07560104131698608","0.07582808285951614","0.07260503619909286","0.07850605994462967","0.07569469884037971","0.07223154604434967","0.07872796803712845","0.16053898818790913","0.1182808130979538","0.2535264790058136","0.1720026135444641","0.16123950481414795","0.1792651265859604"
"2282","0.07103337347507477","0.06293077021837234","0.07947322726249695","0.07262866385281086","0.0627661868929863","0.08234836161136627","0.07305456697940826","0.06321258842945099","0.08137781918048859","0.1454370655119419","0.10456599295139313","0.20307503640651703","0.16182832419872284","0.14453677833080292","0.17788544297218323"
"2283","0.07217703759670258","0.06742264330387115","0.07968845963478088","0.07404451631009579","0.06685815751552582","0.08332177251577377","0.07447192631661892","0.06691747903823853","0.0829210877418518","0.15752142295241356","0.11489489674568176","0.24818161129951477","0.17086181417107582","0.15844593942165375","0.19024229049682617"
"2284","0.07543108612298965","0.06395256519317627","0.093668133020401","0.07614666409790516","0.06452853232622147","0.09255301207304001","0.07636631652712822","0.06522702425718307","0.09232921898365021","0.15728678181767464","0.10340318083763123","0.23671934008598328","0.16902945935726166","0.1477336287498474","0.20682589709758759"
"2285","0.0692970734089613","0.0600903257727623","0.0818120539188385","0.07057791110128164","0.05903923884034157","0.08364557474851608","0.07125341054052114","0.06100938096642494","0.0841292217373848","0.146285280585289","0.11077788472175598","0.22250303626060486","0.15729042142629623","0.14432117342948914","0.1734953224658966"
"2286","0.07323862425982952","0.06736569851636887","0.0790659487247467","0.07770796492695808","0.0727250725030899","0.08182109892368317","0.07713817991316319","0.07123936712741852","0.08197940140962601","0.15993389673531055","0.12280125916004181","0.2636989653110504","0.16672147810459137","0.15402670204639435","0.1714354157447815"
"2287","0.07327722199261189","0.06785549968481064","0.08016000688076019","0.07708382792770863","0.0700707957148552","0.08336599171161652","0.07672799564898014","0.06969791650772095","0.08379955589771271","0.1561208963394165","0.11107669770717621","0.25996777415275574","0.15950027480721474","0.15070679783821106","0.17034617066383362"
"2288","0.06908014044165611","0.0631362721323967","0.07419401407241821","0.07065135426819324","0.06446582823991776","0.07569832354784012","0.07108626328408718","0.06530974805355072","0.07612574845552444","0.15665896609425545","0.10561839491128922","0.27142655849456787","0.16161072999238968","0.14692746102809906","0.17121224105358124"
"2289","0.07483695633709431","0.07072959840297699","0.08391136676073074","0.0773380883038044","0.07380508631467819","0.08613558113574982","0.07744590938091278","0.0737319067120552","0.08653740584850311","0.1618763506412506","0.11734874546527863","0.2595515251159668","0.17575110495090485","0.16544261574745178","0.18843738734722137"
"2290","0.07345255464315414","0.06373061239719391","0.08051446080207825","0.07429455406963825","0.06543874740600586","0.08241841942071915","0.07432926259934902","0.0660557746887207","0.0812256932258606","0.1541290618479252","0.10454133152961731","0.2426878660917282","0.16739673912525177","0.1484796553850174","0.17823445796966553"
"2291","0.07472028397023678","0.06363387405872345","0.08938030898571014","0.07687828131020069","0.06725014746189117","0.0926680639386177","0.07743706740438938","0.06771300733089447","0.09222213923931122","0.157390259206295","0.11450132727622986","0.24321076273918152","0.16416143253445625","0.15073047578334808","0.18666891753673553"
"2292","0.07565968483686447","0.06311261653900146","0.08370687067508698","0.07822656445205212","0.06521251052618027","0.0852602943778038","0.07906871661543846","0.06523455679416656","0.08702099323272705","0.16154073923826218","0.12078367173671722","0.23148800432682037","0.17905130982398987","0.15898296236991882","0.1953609585762024"
"2293","0.06980418227612972","0.0680902749300003","0.07344947755336761","0.07104477100074291","0.06805950403213501","0.07473544031381607","0.07161631062626839","0.07002781331539154","0.07451126724481583","0.15313007310032845","0.10878704488277435","0.25175249576568604","0.15830939263105392","0.14891766011714935","0.16476494073867798"
"2294","0.06788903009146452","0.0613432340323925","0.073294997215271","0.06955608911812305","0.06431940197944641","0.07353262603282928","0.0705544725060463","0.06494410336017609","0.07501721382141113","0.14021853916347027","0.09737297892570496","0.2258291244506836","0.15080523490905762","0.13919217884540558","0.15986225008964539"
"2295","0.0733564579859376","0.061722490936517715","0.0792374387383461","0.0755830854177475","0.06286457180976868","0.08211084455251694","0.07591528259217739","0.06365498900413513","0.08250705897808075","0.1614008415490389","0.10451045632362366","0.2718079090118408","0.1726997084915638","0.15312986075878143","0.1813637614250183"
"2296","0.07437117211520672","0.0703306719660759","0.07874298095703125","0.07536874897778034","0.07172201573848724","0.08028203248977661","0.0763243455439806","0.07223082333803177","0.0804256722331047","0.15688719041645527","0.11350623518228531","0.24550104141235352","0.17171743884682655","0.1652802675962448","0.1764267235994339"
"2297","0.06879595294594765","0.06685390323400497","0.07170556485652924","0.07061707600951195","0.06804443150758743","0.0735001266002655","0.07095431163907051","0.06837132573127747","0.07438521087169647","0.15092830918729305","0.10929162800312042","0.2542739510536194","0.15926426276564598","0.15517783164978027","0.16250267624855042"
"2298","0.06426126044243574","0.056119102984666824","0.07488603889942169","0.06642420962452888","0.05701243132352829","0.07862909138202667","0.06648527272045612","0.05902332812547684","0.07850833237171173","0.14091777801513672","0.09313998371362686","0.2342756986618042","0.14873528108000755","0.13850295543670654","0.16771185398101807"
"2299","0.07310911640524864","0.06695017218589783","0.07988093793392181","0.07710568793118","0.06863068789243698","0.0882733166217804","0.07730630040168762","0.06920641660690308","0.08869489282369614","0.15984784066677094","0.1156066283583641","0.26740145683288574","0.1637200526893139","0.14931249618530273","0.17735102772712708"
"2300","0.07377797365188599","0.0654197484254837","0.07852263748645782","0.07591704092919827","0.06798538565635681","0.08068295568227768","0.07674935832619667","0.06783822178840637","0.08102098107337952","0.1518201995640993","0.11853351444005966","0.22434714436531067","0.1623791940510273","0.14557041227817535","0.17452821135520935"
"2301","0.06796872429549694","0.062170885503292084","0.07126805186271667","0.07048322260379791","0.06418673694133759","0.0746912956237793","0.06971464492380619","0.06487087905406952","0.0732278898358345","0.14719818532466888","0.10767483711242676","0.24275165796279907","0.15545371174812317","0.1498398780822754","0.16235938668251038"
"2302","0.07598887383937836","0.06841598451137543","0.08430148661136627","0.07777173072099686","0.06951793283224106","0.08498218655586243","0.0777350626885891","0.0688018649816513","0.08727923035621643","0.1552890297025442","0.1085420474410057","0.23837019503116608","0.16594042256474495","0.15435373783111572","0.18373893201351166"
"2303","0.07019033655524254","0.0650540143251419","0.07505713403224945","0.07157855108380318","0.0665346160531044","0.0749339908361435","0.0711071752011776","0.06619766354560852","0.07519333064556122","0.1422275546938181","0.11346711963415146","0.2209225296974182","0.15856116637587547","0.14745119214057922","0.17197664082050323"
"2304","0.06942337565124035","0.061826013028621674","0.07807806879281998","0.072155075147748","0.0654258280992508","0.07961572706699371","0.07147841155529022","0.06606575846672058","0.07964614033699036","0.14408531598746777","0.09922399371862411","0.2269262969493866","0.1546764150261879","0.1426244080066681","0.16851000487804413"
"2305","0.0729123018682003","0.0657792016863823","0.07841335982084274","0.07565823383629322","0.06850035488605499","0.07972095906734467","0.07598986476659775","0.06941072642803192","0.08013630658388138","0.16159294173121452","0.11569370329380035","0.2713160812854767","0.16503282636404037","0.16042667627334595","0.16822117567062378"
"2307","0.07767572067677975","0.06381302326917648","0.0971241295337677","0.07992026023566723","0.0652085691690445","0.09919433295726776","0.08061832003295422","0.06445453315973282","0.10105858743190765","0.1597025990486145","0.11458054929971695","0.2779698371887207","0.1694830320775509","0.1470467746257782","0.1930835098028183"
"2308","0.06612594239413738","0.056467197835445404","0.0774705708026886","0.06885645166039467","0.05893390625715256","0.07883545756340027","0.0686898473650217","0.05941271781921387","0.07782790809869766","0.14194803312420845","0.09897439181804657","0.20478561520576477","0.1585334874689579","0.14210069179534912","0.17709866166114807"
"2309","0.07905247807502747","0.07078034430742264","0.08653263747692108","0.08029632829129696","0.07347112894058228","0.08792398869991302","0.08072346448898315","0.07243326306343079","0.08768704533576965","0.16262262500822544","0.11881192773580551","0.2480776160955429","0.17363794520497322","0.16165250539779663","0.1885712742805481"
"2310","0.0749481450766325","0.06841906905174255","0.08101816475391388","0.07638148404657841","0.07033947855234146","0.08360514044761658","0.07670317590236664","0.06993108987808228","0.08427425473928452","0.15804746560752392","0.11885318160057068","0.26186084747314453","0.1695280261337757","0.15840066969394684","0.17691165208816528"
"2311","0.06862014159560204","0.05885031819343567","0.07967866957187653","0.07107686810195446","0.06097634509205818","0.08333829790353775","0.07175642810761929","0.06160394847393036","0.0843750536441803","0.14806009270250797","0.11302157491445541","0.23031330108642578","0.15907740965485573","0.1447986215353012","0.17554694414138794"
"2312","0.07650713436305523","0.0696595162153244","0.08032696694135666","0.07873173803091049","0.07340529561042786","0.08176456391811371","0.0778660774230957","0.0727713406085968","0.08136913925409317","0.15907973796129227","0.10987722873687744","0.2535141110420227","0.1686374694108963","0.15349192917346954","0.17523007094860077"
"2313","0.06859037466347218","0.06269919872283936","0.07667612284421921","0.07135790772736073","0.06492172181606293","0.08134818077087402","0.071715597063303","0.06712709367275238","0.08103127032518387","0.14689468778669834","0.10255611687898636","0.229307621717453","0.16244728863239288","0.15402570366859436","0.17410308122634888"
"2314","0.07425486110150814","0.07004871964454651","0.08204999566078186","0.07621633820235729","0.07135201245546341","0.08525809645652771","0.07672503590583801","0.07264978438615799","0.08567928522825241","0.1535722091794014","0.1233597844839096","0.23142579197883606","0.1678394116461277","0.15972456336021423","0.1766277551651001"
"2315","0.0768648199737072","0.06587063521146774","0.08513718098402023","0.08039118349552155","0.0662745013833046","0.08799184113740921","0.07930800504982471","0.06493527442216873","0.08786225318908691","0.16523199155926704","0.12501506507396698","0.278298556804657","0.17661989480257034","0.15864180028438568","0.18760628998279572"
"2316","0.0703471302986145","0.062069691717624664","0.08161314576864243","0.07146678399294615","0.0618334524333477","0.0854330062866211","0.07278001680970192","0.06421558558940887","0.08572830259799957","0.14832598716020584","0.10438563674688339","0.24474027752876282","0.15542853623628616","0.14419665932655334","0.1730804145336151"
"2317","0.07030528411269188","0.05649413913488388","0.08365514874458313","0.07389413192868233","0.0583285391330719","0.08689337968826294","0.07368675712496042","0.05758095905184746","0.08760812133550644","0.15498800203204155","0.09529580175876617","0.2691935896873474","0.16732002794742584","0.14311307668685913","0.18901923298835754"
"2318","0.07165748625993729","0.062040217220783234","0.0814792737364769","0.07363969646394253","0.06372727453708649","0.08352161198854446","0.0735986977815628","0.06168115884065628","0.08385694026947021","0.15337677486240864","0.09710904955863953","0.2732579708099365","0.1616613119840622","0.14291182160377502","0.1823270469903946"
"2319","0.06804238632321358","0.052905723452568054","0.07727975398302078","0.07059446349740028","0.056062132120132446","0.07940831035375595","0.07027555257081985","0.05597805976867676","0.08014486730098724","0.14891663938760757","0.09625515341758728","0.25339215993881226","0.15823303908109665","0.13787871599197388","0.16825181245803833"
"2320","0.07678774371743202","0.06864412128925323","0.08176291733980179","0.07835809513926506","0.07037188112735748","0.08241285383701324","0.07832214795053005","0.0698724314570427","0.08332505077123642","0.15642032027244568","0.12602564692497253","0.23468387126922607","0.1711692214012146","0.16348883509635925","0.18128785490989685"
"2321","0.06890508625656366","0.06138809397816658","0.07485076040029526","0.07225168868899345","0.06452502310276031","0.07982803881168365","0.07171540334820747","0.06442444026470184","0.07940630614757538","0.14302177913486958","0.1125655323266983","0.22516176104545593","0.1541426107287407","0.13752061128616333","0.16341814398765564"
"2322","0.07731419056653976","0.06485693901777267","0.08435200154781342","0.07894717156887054","0.06796474009752274","0.08528700470924377","0.07898451946675777","0.0682065337896347","0.0842583104968071","0.1517282146960497","0.10103338211774826","0.2456982135772705","0.16616515070199966","0.15097153186798096","0.17464716732501984"
"2323","0.07137607410550117","0.06305841356515884","0.08223612606525421","0.07437118142843246","0.06653506308794022","0.08404500037431717","0.07435652241110802","0.06739146262407303","0.08266103267669678","0.15613853186368942","0.11669921875","0.25599169731140137","0.16600919887423515","0.15304511785507202","0.17943711578845978"
"2324","0.07092916127294302","0.05636455491185188","0.0863514244556427","0.07285288162529469","0.05978734791278839","0.08521576970815659","0.07368955388665199","0.06321446597576141","0.08634190261363983","0.15461192280054092","0.10012443363666534","0.24435940384864807","0.16543124243617058","0.15079429745674133","0.18087752163410187"
"2325","0.0701048681512475","0.05675468221306801","0.08339548110961914","0.07180737052112818","0.05809491500258446","0.08405068516731262","0.07108022086322308","0.0562480092048645","0.08435676246881485","0.14486686512827873","0.11494509875774384","0.19678321480751038","0.16114990413188934","0.13634680211544037","0.18266743421554565"
"2326","0.07395137473940849","0.06378838419914246","0.08517814427614212","0.07699632458388805","0.06630048900842667","0.09010616689920425","0.07721712067723274","0.06752093136310577","0.08984942734241486","0.16004823707044125","0.10187318176031113","0.2880735397338867","0.1656564436852932","0.15009920299053192","0.18322207033634186"
"2327","0.07452531903982162","0.06692567467689514","0.08032256364822388","0.0759945921599865","0.06799136102199554","0.08198988437652588","0.07565219327807426","0.06759481132030487","0.08469772338867188","0.15368766710162163","0.09893593937158585","0.2593679428100586","0.16583317145705223","0.14943590760231018","0.1795799434185028"
"2328","0.07681685872375965","0.07061818242073059","0.08089391887187958","0.07844935730099678","0.0717630535364151","0.08375072479248047","0.07771644182503223","0.0744522288441658","0.07966822385787964","0.16469529271125793","0.1259419471025467","0.25963279604911804","0.1799074113368988","0.17083294689655304","0.19605791568756104"
"2329","0.0710006132721901","0.06298577040433884","0.08249812573194504","0.07280499301850796","0.06661365926265717","0.08362387120723724","0.07176102511584759","0.06628935039043427","0.08176109939813614","0.15251678973436356","0.10701768100261688","0.246367946267128","0.16578029468655586","0.1550026386976242","0.17963719367980957"
"2330","0.0738915465772152","0.0532238706946373","0.08879658579826355","0.07484018243849277","0.05276625603437424","0.09386934340000153","0.07493367977440357","0.053884342312812805","0.09115995466709137","0.15866408869624138","0.09012025594711304","0.2475241869688034","0.173291377723217","0.14258970320224762","0.19199618697166443"
"2331","0.0756798442453146","0.07102451473474503","0.08088654279708862","0.07725675776600838","0.07235087454319","0.08404575288295746","0.0761746596544981","0.07142403721809387","0.0827396810054779","0.15520738437771797","0.11323653161525726","0.2622477412223816","0.162249356508255","0.1490335613489151","0.1738729178905487"
"2332","0.07914635166525841","0.06771913915872574","0.08508764952421188","0.08211593329906464","0.0723113939166069","0.08954587578773499","0.08187903836369514","0.07061855494976044","0.08991845697164536","0.17286561988294125","0.1172623410820961","0.2978711426258087","0.1863735243678093","0.1740606725215912","0.2011582851409912"
"2333","0.06843751668930054","0.05866575241088867","0.07563991844654083","0.06957298703491688","0.05963737517595291","0.07822732627391815","0.06966838892549276","0.06150418892502785","0.07756052166223526","0.15118055418133736","0.10187430679798126","0.25107699632644653","0.1573525071144104","0.1521947979927063","0.16622115671634674"
"2334","0.07144654635339975","0.05935201421380043","0.08300556242465973","0.07353512663394213","0.059399645775556564","0.08454225957393646","0.07357232086360455","0.05967862904071808","0.0844803899526596","0.15914995037019253","0.11270630359649658","0.27956897020339966","0.1694536693394184","0.1433725357055664","0.18509387969970703"
"2335","0.06782983057200909","0.06511697918176651","0.07231930643320084","0.0699272807687521","0.06645627319812775","0.07245945930480957","0.07009903527796268","0.0677894800901413","0.07389894127845764","0.1423710398375988","0.10075889527797699","0.22636306285858154","0.15582259744405746","0.14727012813091278","0.16265718638896942"
"2336","0.07058270461857319","0.06183359771966934","0.08247432112693787","0.0738704726099968","0.06516529619693756","0.08864229917526245","0.07353443838655949","0.06522120535373688","0.08672323077917099","0.15221924893558025","0.10401028394699097","0.2733052372932434","0.16022680327296257","0.1508108377456665","0.18014594912528992"
"2337","0.0644455598667264","0.06035654619336128","0.068222776055336","0.06623461842536926","0.0616350919008255","0.06913301348686218","0.06609676033258438","0.06068946421146393","0.06999535113573074","0.13711486011743546","0.09888101369142532","0.22268158197402954","0.14649436622858047","0.14183461666107178","0.15079104900360107"
"2338","0.07110409624874592","0.06209655851125717","0.07720885425806046","0.07327913492918015","0.06455299258232117","0.08114704489707947","0.07275336794555187","0.06377580761909485","0.07785074412822723","0.14947734400629997","0.11261498183012009","0.245975062251091","0.15761452913284302","0.13807298243045807","0.16593919694423676"
"2339","0.07177784480154514","0.06204831600189209","0.08551935851573944","0.0732381995767355","0.06404399871826172","0.08818317949771881","0.07422362826764584","0.06387124955654144","0.0892331600189209","0.15144596993923187","0.10597430169582367","0.23453310132026672","0.16823193430900574","0.15775015950202942","0.1884860396385193"
"2340","0.06791878212243319","0.058886487036943436","0.07520736753940582","0.07031474635004997","0.06256791949272156","0.07991703599691391","0.0709837730973959","0.06289754807949066","0.08045528829097748","0.1467920709401369","0.098390594124794","0.22900104522705078","0.15606926381587982","0.13681498169898987","0.1698499619960785"
"2341","0.07527897320687771","0.06678412109613419","0.08574022352695465","0.07673943042755127","0.06772056221961975","0.08623124659061432","0.07752648927271366","0.06883183121681213","0.08547236770391464","0.16466146521270275","0.11469618231058121","0.2899032235145569","0.1771162748336792","0.1519666612148285","0.19670918583869934"
"2342","0.0740900356322527","0.06357552111148834","0.08419755846261978","0.07573552429676056","0.06524293124675751","0.08418355882167816","0.07632212527096272","0.0656067430973053","0.08617846667766571","0.15398955717682838","0.1114642545580864","0.23750099539756775","0.16262992471456528","0.1484978049993515","0.17375975847244263"
"2343","0.07085607573390007","0.06863078474998474","0.0737655758857727","0.07153062894940376","0.06580973416566849","0.07473154366016388","0.07206965237855911","0.06579798460006714","0.07549954205751419","0.14950590021908283","0.10804802179336548","0.23894354701042175","0.15653353929519653","0.15072764456272125","0.1644521802663803"
"2344","0.06532568298280239","0.05905274301767349","0.07228973507881165","0.06666898261755705","0.059079404920339584","0.07379807531833649","0.06738679017871618","0.05959276482462883","0.0744420662522316","0.14287499710917473","0.09757311642169952","0.22580139338970184","0.15644988790154457","0.14520728588104248","0.1658252775669098"
"2345","0.07625882141292095","0.07374943792819977","0.07845626771450043","0.07834245637059212","0.07491180300712585","0.0802478939294815","0.07843972370028496","0.07586920261383057","0.08078482747077942","0.15301167219877243","0.11941808462142944","0.22990886867046356","0.1682325154542923","0.1600652039051056","0.17620083689689636"
"2346","0.06928138993680477","0.05544406920671463","0.0778743103146553","0.06921398919075727","0.053930025547742844","0.07924982905387878","0.06940831057727337","0.05541752278804779","0.07798903435468674","0.14375922456383705","0.11195734143257141","0.20841895043849945","0.1625700518488884","0.1534212827682495","0.17185117304325104"
"2347","0.06913312524557114","0.06468971073627472","0.07502993196249008","0.0705746728926897","0.06717565655708313","0.07627453655004501","0.0709709245711565","0.06682088971138","0.07760165631771088","0.14822895638644695","0.10541653633117676","0.24700409173965454","0.15447818860411644","0.15177151560783386","0.1587836593389511"
"2348","0.07820054329931736","0.07031777501106262","0.08578616380691528","0.0809354055672884","0.07301473617553711","0.09159855544567108","0.08062459900975227","0.07307424396276474","0.08883194625377655","0.1621919497847557","0.12696173787117004","0.2544369399547577","0.1715409904718399","0.15347476303577423","0.18488943576812744"
"2349","0.07186803687363863","0.057714302092790604","0.0780794769525528","0.07351704128086567","0.060455530881881714","0.07961380481719971","0.07346612587571144","0.05980522930622101","0.07986526191234589","0.14594440534710884","0.11731515824794769","0.2046556919813156","0.16401366889476776","0.14647068083286285","0.17619556188583374"
"2350","0.07566133886575699","0.0674695372581482","0.08308833837509155","0.07720652595162392","0.0699867382645607","0.08400272578001022","0.07789350859820843","0.07016504555940628","0.08572753518819809","0.1569513902068138","0.10877931863069534","0.2588662803173065","0.16233039274811745","0.1526736617088318","0.17430168390274048"
"2351","0.07163925934582949","0.060869086533784866","0.08552336692810059","0.0731683187186718","0.06108423322439194","0.08896779268980026","0.07355650328099728","0.06338034570217133","0.08762926608324051","0.15178123489022255","0.10528126358985901","0.2495250403881073","0.16757576912641525","0.14725355803966522","0.19926893711090088"
"2352","0.07475406676530838","0.06697778403759003","0.08497171849012375","0.07641171477735043","0.06927438825368881","0.08748462796211243","0.07691420055925846","0.06797534227371216","0.08625632524490356","0.15795570611953735","0.10550375282764435","0.2707710862159729","0.16494689509272575","0.15265482664108276","0.17882472276687622"
"2353","0.07929939217865467","0.07440023124217987","0.08485588431358337","0.08087917417287827","0.07705065608024597","0.08611749112606049","0.08125576749444008","0.07728441059589386","0.08592437207698822","0.16263367235660553","0.12656450271606445","0.2609824538230896","0.16969804465770721","0.16347545385360718","0.17783895134925842"
"2354","0.07468640059232712","0.07104052603244781","0.0785556510090828","0.07648780569434166","0.07177340984344482","0.07864072918891907","0.07511422410607338","0.07207274436950684","0.07731429487466812","0.15096427872776985","0.11103032529354095","0.2377292513847351","0.16183143481612206","0.1563175767660141","0.16624081134796143"