{"train/loss":2.6693,"train/epoch":1,"eval/steps_per_second":2.511,"train_runtime":61.6548,"_step":10,"eval/rouge1_fmeasure":0.2534136474132538,"eval/rougeL_recall":0.15094098448753357,"train/learning_rate":0,"eval/rougeL_fmeasure":0.2080153077840805,"eval/recall":0.9531623125076294,"eval/loss":2.38226580619812,"train_samples_per_second":3.228,"eval/rougeL_precision":0.3572472333908081,"eval/rouge2_precision":0.1637548804283142,"train_loss":2.6167108535766603,"eval/rouge1_recall":0.18364877998828888,"eval/rouge2_recall":0.06728173792362213,"eval/rougeLsum_precision":0.3956368863582611,"eval/precision":0.9626613855361938,"train/grad_norm":4.261221885681152,"_timestamp":1.7189777843304982e+09,"_wandb":{"runtime":60},"eval/rouge1_precision":0.4371906518936157,"eval/runtime":9.9581,"eval/samples_per_second":9.942,"train_steps_per_second":0.811,"total_flos":2.6933018492928e+13,"train/global_step":50,"_runtime":60.941152,"eval/f1":0.9578699469566345,"eval/rouge2_fmeasure":0.09370353817939758,"eval/rougeLsum_fmeasure":0.22968700528144836,"eval/rougeLsum_recall":0.1665373593568802}