{"_timestamp":1.7189784686245737e+09,"train/loss":2.5918,"train/learning_rate":4.000000000000001e-06,"train/global_step":50,"eval/rouge1_fmeasure":0.23792099952697754,"eval/rougeL_precision":0.3416207432746887,"eval/samples_per_second":10.015,"eval/steps_per_second":2.529,"eval/precision":0.9623820185661316,"train_samples_per_second":6.244,"_wandb":{"runtime":40},"train/epoch":1,"_step":4,"eval/rouge2_recall":0.06258805841207504,"eval/loss":2.4802772998809814,"eval/recall":0.9527710676193237,"train_runtime":31.87,"eval/rougeLsum_precision":0.38205447793006897,"eval/f1":0.9575309157371521,"train_loss":2.6167108535766603,"_runtime":31.069432,"eval/rouge2_fmeasure":0.0881342664361,"eval/runtime":9.8851,"eval/rougeLsum_recall":0.15757928788661957,"eval/rouge1_precision":0.41439738869667053,"eval/rougeL_recall":0.14173351228237152,"train/grad_norm":3.193833589553833,"eval/rougeLsum_fmeasure":0.21886613965034485,"eval/rouge1_recall":0.17150051891803741,"total_flos":2.6933018492928e+13,"eval/rouge2_precision":0.15759775042533875,"eval/rougeL_fmeasure":0.19653767347335815,"train_steps_per_second":1.569}