{"_wandb":{"runtime":11},"train_steps_per_second":4.262,"train/epoch":1,"train/global_step":50,"_runtime":11.022556,"_step":0,"train_runtime":11.7327,"train_samples_per_second":16.961,"total_flos":2.6933018492928e+13,"train_loss":2.6167108154296876,"_timestamp":1.7189776619734452e+09}